group,slot,mean_kw,std_kw,n,grouping,series
1,1,3339.500725806452,486.61654335583444,31,month,load_kw
1,2,3372.0385483870969,460.16584065342789,31,month,load_kw
1,3,3404.5445161290322,425.5975502814735,31,month,load_kw
1,4,3395.5566483870966,421.21522854268443,31,month,load_kw
1,5,3405.4471419354836,456.11118623124253,31,month,load_kw
1,6,3468.9793548387097,487.7696225742605,31,month,load_kw
1,7,3554.164858064516,468.16206859606842,31,month,load_kw
1,8,3572.506170967742,482.38156133593401,31,month,load_kw
1,9,3540.7083870967745,504.57572893865836,31,month,load_kw
1,10,3559.5494806451611,442.48608417653122,31,month,load_kw
1,11,3593.034470967742,408.27570892702903,31,month,load_kw
1,12,3615.1416129032259,453.57411240866901,31,month,load_kw
1,13,3640.9408516129033,472.75910658623582,31,month,load_kw
1,14,3668.100383870968,482.8151920300956,31,month,load_kw
1,15,3692.1158064516126,468.84615222035035,31,month,load_kw
1,16,3714.703951612903,448.80394820670409,31,month,load_kw
1,17,3750.1000032258062,445.00835821107194,31,month,load_kw
1,18,3777.9503225806452,433.63679207745491,31,month,load_kw
1,19,3769.7616903225808,392.97127905920496,31,month,load_kw
1,20,3808.3693258064513,412.56026363864146,31,month,load_kw
1,21,3848.5874193548389,470.79959802423889,31,month,load_kw
1,22,3773.3286322580648,466.57382242589466,31,month,load_kw
1,23,3790.7694290322579,456.24881034466574,31,month,load_kw
1,24,3914.5899999999997,456.79656655890051,31,month,load_kw
1,25,3939.5795645161288,435.03279023713958,31,month,load_kw
1,26,3895.0974645161291,457.0819466577575,31,month,load_kw
1,27,3872.5512903225804,500.64233382553618,31,month,load_kw
1,28,3925.208277419355,448.52658358056169,31,month,load_kw
1,29,3957.3674064516126,422.39009392640509,31,month,load_kw
1,30,3950.2061290322581,438.04007221316641,31,month,load_kw
1,31,3978.9434225806453,450.02690719618585,31,month,load_kw
1,32,4035.535177419355,473.62813526426527,31,month,load_kw
1,33,4023.1687096774194,437.38619283757265,31,month,load_kw
1,34,3921.6179032258065,350.62237266345159,31,month,load_kw
1,35,4247.1083580645163,597.61375339870972,31,month,load_kw
1,36,4816.0232258064516,1006.130469797985,31,month,load_kw
1,37,4888.3434903225807,990.34638520779743,31,month,load_kw
1,38,4819.7317483870966,925.8791272843356,31,month,load_kw
1,39,4851.6438709677413,995.17952317049276,31,month,load_kw
1,40,4866.552303225807,1003.0286665232522,31,month,load_kw
1,41,4897.1252903225804,888.80886103449575,31,month,load_kw
1,42,4948.1325806451605,739.98430278832143,31,month,load_kw
1,43,4979.4541193548384,711.50858089510177,31,month,load_kw
1,44,5042.0392838709686,755.68826955942632,31,month,load_kw
1,45,5014.1667741935489,739.62563418433558,31,month,load_kw
1,46,4829.902348387096,632.56740252866814,31,month,load_kw
1,47,5367.9302548387095,986.43796753456411,31,month,load_kw
1,48,6304.0151612903228,1595.3969732303221,31,month,load_kw
1,49,6362.9485709677419,1621.4062794449785,31,month,load_kw
1,50,6198.8431806451617,1533.4122792735818,31,month,load_kw
1,51,6242.6387096774188,1605.931121486311,31,month,load_kw
1,52,6272.8697032258069,1605.1414265244789,31,month,load_kw
1,53,6337.9370516129038,1456.2065312828609,31,month,load_kw
1,54,6427.9319354838717,1270.5906650567927,31,month,load_kw
1,55,6436.150393548387,1226.9574502161308,31,month,load_kw
1,56,6402.2005193548384,1247.166558040313,31,month,load_kw
1,57,6373.713548387097,1246.6368101296875,31,month,load_kw
1,58,6363.5335999999998,1227.9756793347383,31,month,load_kw
1,59,6364.8042870967747,1238.6366782917789,31,month,load_kw
1,60,6351.3245161290324,1265.624858101954,31,month,load_kw
1,61,6304.4072999999999,1246.5638146345464,31,month,load_kw
1,62,6290.2587967741938,1228.1620810978209,31,month,load_kw
1,63,6301.7870967741937,1234.8258290549682,31,month,load_kw
1,64,6266.4460290322586,1246.1218014855747,31,month,load_kw
1,65,6226.8835451612904,1260.2129530303919,31,month,load_kw
1,66,6216.4129032258061,1265.6188343631047,31,month,load_kw
1,67,6221.4636,1254.4307178348663,31,month,load_kw
1,68,6200.6924483870971,1275.8161447629161,31,month,load_kw
1,69,6176.0258064516129,1304.1204990587187,31,month,load_kw
1,70,6186.7441903225808,1256.2345447428472,31,month,load_kw
1,71,6073.3558709677418,1161.5366053406681,31,month,load_kw
1,72,5874.8029032258073,1090.4679640661725,31,month,load_kw
1,73,5807.2126290322585,1092.1082871921287,31,month,load_kw
1,74,5802.5056354838707,1090.9138595577767,31,month,load_kw
1,75,5778.5790322580651,1067.0240793295304,31,month,load_kw
1,76,5744.5187709677421,1073.4717598878055,31,month,load_kw
1,77,5825.8448322580643,1139.1096778798276,31,month,load_kw
1,78,5965.6770967741932,1218.6002027687164,31,month,load_kw
1,79,5969.2231032258069,1244.3702118072965,31,month,load_kw
1,80,5928.7696548387103,1250.6046569573116,31,month,load_kw
1,81,5904.2380645161293,1262.0508764478536,31,month,load_kw
1,82,5867.5675354838704,1239.7700506102572,31,month,load_kw
1,83,5861.0197290322585,1242.3667291973311,31,month,load_kw
1,84,5864.6400000000003,1252.1961847197374,31,month,load_kw
1,85,5810.9317677419358,1229.2146690322913,31,month,load_kw
1,86,5763.1405225806457,1238.1621923809043,31,month,load_kw
1,87,5750.8290322580651,1271.6532827291012,31,month,load_kw
1,88,5739.977461290322,1253.4379101274815,31,month,load_kw
1,89,5712.2753870967745,1243.1608809719369,31,month,load_kw
1,90,5677.018064516129,1253.1582097362896,31,month,load_kw
1,91,5655.4628548387091,1251.49856748976,31,month,load_kw
1,92,5627.0792258064521,1221.0262323059942,31,month,load_kw
1,93,5608.8654838709672,1203.3996852939554,31,month,load_kw
1,94,5636.0948161290326,1254.8876831650903,31,month,load_kw
1,95,5628.520019354839,1259.8520767484717,31,month,load_kw
1,96,5574.119677419355,1226.6653758339689,31,month,load_kw
1,97,5540.3513548387091,1266.3769941588762,31,month,load_kw
1,98,5522.8230387096773,1293.6001315774938,31,month,load_kw
1,99,5515.7909677419348,1258.7593777429026,31,month,load_kw
1,100,5508.2091806451608,1243.0876772865979,31,month,load_kw
1,101,5404.7191645161292,1399.3673978573736,31,month,load_kw
1,102,5262.2883870967744,1611.986164891202,31,month,load_kw
1,103,5241.6006516129037,1593.3966102468255,31,month,load_kw
1,104,5232.8695322580652,1533.8781717227639,31,month,load_kw
1,105,5262.8541935483872,1592.2836744579035,31,month,load_kw
1,106,5364.3591774193555,1671.5588164472297,31,month,load_kw
1,107,4823.3292129032261,1321.9017642870742,31,month,load_kw
1,108,3947.9845161290323,765.89047045835798,31,month,load_kw
1,109,3839.0390193548387,683.7597734941171,31,month,load_kw
1,110,3948.8100516129034,759.64963478885318,31,month,load_kw
1,111,3910.4612903225807,760.04012502736532,31,month,load_kw
1,112,3909.4098903225808,786.02059643113148,31,month,load_kw
1,113,3917.6596258064519,776.31768398018528,31,month,load_kw
1,114,3906.2741935483873,742.96658884400358,31,month,load_kw
1,115,3900.5950032258065,759.27413525790519,31,month,load_kw
1,116,3906.6350032258065,769.66264371590421,31,month,load_kw
1,117,3921.7938709677419,748.63341324343537,31,month,load_kw
1,118,3937.8251032258063,752.92774516379745,31,month,load_kw
1,119,3937.6805225806452,750.92445450680941,31,month,load_kw
1,120,3930.6877419354837,736.33000410463444,31,month,load_kw
1,121,3942.7496774193551,745.33904138692208,31,month,load_kw
1,122,3953.1071096774194,761.44380530529691,31,month,load_kw
1,123,3956.4251612903226,766.49319765570863,31,month,load_kw
1,124,3971.312616129032,745.800627755243,31,month,load_kw
1,125,4001.7659161290326,715.58661315018651,31,month,load_kw
1,126,4030.2458064516127,720.13954177772234,31,month,load_kw
1,127,4027.108793548387,748.13515466772844,31,month,load_kw
1,128,3989.2205645161289,742.94990468079448,31,month,load_kw
1,129,4024.9164516129035,729.32419812932937,31,month,load_kw
1,130,4169.455512903226,759.29667966965974,31,month,load_kw
1,131,3792.1952064516126,654.658178301774,31,month,load_kw
1,132,3118.623225806452,465.37920467354428,31,month,load_kw
1,133,3056.1727548387098,439.75353701265584,31,month,load_kw
1,134,3166.5993064516128,445.6956830543885,31,month,load_kw
1,135,3154.5470967741935,421.35762083368525,31,month,load_kw
1,136,3167.7786903225806,433.45975061035091,31,month,load_kw
1,137,3168.6271516129032,462.78410493812254,31,month,load_kw
1,138,3166.1780645161293,469.22605418866323,31,month,load_kw
1,139,3228.6798290322581,458.68129093114851,31,month,load_kw
1,140,3271.8338580645163,469.29176527300501,31,month,load_kw
1,141,3281.4341935483867,493.45994468159347,31,month,load_kw
1,142,3320.983535483871,507.44627558892336,31,month,load_kw
1,143,3331.2894870967739,394.21716360121002,31,month,load_kw
1,144,3305.8580645161292,440.64687348200067,31,month,load_kw
2,1,3140.6310214285718,490.25687982471982,28,month,load_kw
2,2,3158.0521285714285,471.19675902478423,28,month,load_kw
2,3,3165.6974999999998,452.97091515350081,28,month,load_kw
2,4,3208.1427785714286,425.61383371412353,28,month,load_kw
2,5,3246.2419071428571,441.68214808989387,28,month,load_kw
2,6,3270.1192857142855,472.24055037055615,28,month,load_kw
2,7,3303.3753714285713,490.9294794773819,28,month,load_kw
2,8,3303.3487071428572,471.96664696546088,28,month,load_kw
2,9,3291.9028571428571,448.77877722529462,28,month,load_kw
2,10,3333.4890142857143,475.64173322869323,28,month,load_kw
2,11,3342.0830607142857,476.08786770598033,28,month,load_kw
2,12,3324.5328571428572,458.46750321330899,28,month,load_kw
2,13,3381.2890750000001,443.97079709945359,28,month,load_kw
2,14,3462.2582714285713,436.24416873378328,28,month,load_kw
2,15,3491.8703571428568,426.56214916453575,28,month,load_kw
2,16,3447.0296678571431,426.43169704314022,28,month,load_kw
2,17,3453.0642428571432,452.11222295276326,28,month,load_kw
2,18,3511.6160714285716,478.33651708068822,28,month,load_kw
2,19,3512.3494785714283,435.76227480091109,28,month,load_kw
2,20,3534.3814785714285,430.7047303227647,28,month,load_kw
2,21,3587.5039285714288,447.095021852711,28,month,load_kw
2,22,3592.4651428571428,437.88422310951898,28,month,load_kw
2,23,3586.4757071428571,438.22584293503616,28,month,load_kw
2,24,3610.3707142857143,462.62997912441438,28,month,load_kw
2,25,3661.1714035714285,467.99030395728283,28,month,load_kw
2,26,3671.9338714285718,466.57369078423176,28,month,load_kw
2,27,3653.7246428571425,483.54617576801058,28,month,load_kw
2,28,3680.5763821428568,473.59627572863269,28,month,load_kw
2,29,3705.5756857142856,460.6710035973843,28,month,load_kw
2,30,3696.4853571428571,440.20321829373762,28,month,load_kw
2,31,3677.4622107142859,460.3481102606595,28,month,load_kw
2,32,3708.6334714285717,474.36740121001532,28,month,load_kw
2,33,3725.8303571428573,420.14379416330996,28,month,load_kw
2,34,3670.5237642857142,342.82166060735517,28,month,load_kw
2,35,4004.1838107142858,563.06123658458284,28,month,load_kw
2,36,4553.1967857142854,948.85057450640636,28,month,load_kw
2,37,4633.4977571428572,989.61891544604941,28,month,load_kw
2,38,4569.5862928571432,947.25954941688076,28,month,load_kw
2,39,4587.0364285714286,997.26173314811763,28,month,load_kw
2,40,4592.0811642857143,1020.6061949428465,28,month,load_kw
2,41,4646.2350107142856,902.27920604238602,28,month,load_kw
2,42,4732.8567857142853,724.65956537997431,28,month,load_kw
2,43,4756.6666357142849,715.96841888437984,28,month,load_kw
2,44,4784.0776071428572,761.79398655821603,28,month,load_kw
2,45,4753.5889285714284,726.69061984649534,28,month,load_kw
2,46,4634.4837749999997,678.80092660180856,28,month,load_kw
2,47,5144.8530392857137,1013.4629807911272,28,month,load_kw
2,48,5986.3014285714289,1539.4020504793755,28,month,load_kw
2,49,6073.639746428571,1609.5691473881211,28,month,load_kw
2,50,5967.9829071428567,1561.2181216073584,28,month,load_kw
2,51,6001.6507142857145,1617.2526447925072,28,month,load_kw
2,52,5953.6169571428572,1632.0303293471561,28,month,load_kw
2,53,5992.2079999999996,1467.1281326970213,28,month,load_kw
2,54,6123.2107142857139,1237.6735814420017,28,month,load_kw
2,55,6152.0324928571426,1200.6739649444614,28,month,load_kw
2,56,6146.8356357142857,1239.6108474482255,28,month,load_kw
2,57,6154.1282142857144,1239.9455237407979,28,month,load_kw
2,58,6137.4865392857146,1207.23604168425,28,month,load_kw
2,59,6091.476914285714,1219.5706367392074,28,month,load_kw
2,60,6055.9453571428576,1249.4212399124292,28,month,load_kw
2,61,6078.0969357142849,1209.7922193598934,28,month,load_kw
2,62,6090.9160428571431,1216.4745430664025,28,month,load_kw
2,63,6055.4028571428571,1269.6553549038333,28,month,load_kw
2,64,5995.4805500000002,1252.1936093582335,28,month,load_kw
2,65,5957.1634642857143,1258.3550026841222,28,month,load_kw
2,66,5952.454285714286,1302.8353097349116,28,month,load_kw
2,67,5953.8432785714294,1300.9486848787142,28,month,load_kw
2,68,5933.9697071428573,1260.3435892479833,28,month,load_kw
2,69,5924.2835714285711,1224.6163573747231,28,month,load_kw
2,70,5952.2766035714285,1217.1657873920724,28,month,load_kw
2,71,5811.2236392857139,1166.1325475119904,28,month,load_kw
2,72,5576.4482142857141,1094.0409355028505,28,month,load_kw
2,73,5548.3197464285713,1083.2825896925665,28,month,load_kw
2,74,5569.2247464285711,1095.9599531886643,28,month,load_kw
2,75,5518.2349999999997,1100.274317696038,28,month,load_kw
2,76,5458.5547892857139,1092.8375272758508,28,month,load_kw
2,77,5557.9601678571426,1162.9023061470891,28,month,load_kw
2,78,5730.3342857142861,1269.7563439303317,28,month,load_kw
2,79,5715.5012178571424,1278.120385616905,28,month,load_kw
2,80,5662.8856428571435,1243.8427107754578,28,month,load_kw
2,81,5656.835357142857,1225.0958183009143,28,month,load_kw
2,82,5630.7706678571431,1216.7596436953856,28,month,load_kw
2,83,5595.8282928571425,1213.4554590881166,28,month,load_kw
2,84,5568.1578571428572,1219.1028921251193,28,month,load_kw
2,85,5543.7417964285714,1259.4564509640834,28,month,load_kw
2,86,5504.9352857142858,1257.7251076854743,28,month,load_kw
2,87,5473.6500000000005,1220.8177419072658,28,month,load_kw
2,88,5488.327778571429,1247.7256504084842,28,month,load_kw
2,89,5485.8015964285714,1262.1004444053522,28,month,load_kw
2,90,5454.551071428571,1243.359367881551,28,month,load_kw
2,91,5439.2843107142853,1243.5311328868722,28,month,load_kw
2,92,5402.9516964285713,1237.0243169895596,28,month,load_kw
2,93,5364.6675000000005,1233.6341046248349,28,month,load_kw
2,94,5383.862453571428,1266.8889020157781,28,month,load_kw
2,95,5376.5931928571426,1277.9950162211667,28,month,load_kw
2,96,5340.0710714285715,1257.6895286267306,28,month,load_kw
2,97,5353.3582000000006,1260.0374527988597,28,month,load_kw
2,98,5355.3310892857135,1278.9107552969526,28,month,load_kw
2,99,5335.1828571428568,1258.0843352666727,28,month,load_kw
2,100,5333.8154964285714,1177.4507824293851,28,month,load_kw
2,101,5259.078092857143,1307.4167195253342,28,month,load_kw
2,102,5138.0225,1568.825737617801,28,month,load_kw
2,103,5101.4414178571433,1603.9536223671669,28,month,load_kw
2,104,5087.805017857143,1557.3874043308745,28,month,load_kw
2,105,5131.1224999999995,1589.7860594679726,28,month,load_kw
2,106,5226.4564249999994,1641.952829777541,28,month,load_kw
2,107,4684.0657892857143,1271.1610574547317,28,month,load_kw
2,108,3829.0907142857141,706.86713403386398,28,month,load_kw
2,109,3751.288292857143,662.89883454883648,28,month,load_kw
2,110,3876.056075,776.15521201057481,28,month,load_kw
2,111,3834.0964285714285,789.23756799047078,28,month,load_kw
2,112,3830.7590821428571,800.54066279532969,28,month,load_kw
2,113,3835.6469535714286,774.71013900291848,28,month,load_kw
2,114,3830.895,734.15602752033885,28,month,load_kw
2,115,3854.937885714286,759.70086525983982,28,month,load_kw
2,116,3860.7417892857143,774.92899452056088,28,month,load_kw
2,117,3849.4678571428572,741.49797925529276,28,month,load_kw
2,118,3868.8310928571432,701.55695998427507,28,month,load_kw
2,119,3873.7198178571425,718.583549652138,28,month,load_kw
2,120,3855.4303571428572,769.75537261537704,28,month,load_kw
2,121,3852.75155,762.4671291507683,28,month,load_kw
2,122,3854.0858000000003,738.95462022784579,28,month,load_kw
2,123,3861.8296428571425,718.87041622401603,28,month,load_kw
2,124,3887.5628428571431,698.18140010054765,28,month,load_kw
2,125,3875.0912035714287,706.5712876093304,28,month,load_kw
2,126,3853.5778571428568,732.44663273855861,28,month,load_kw
2,127,3904.4440714285715,714.89980995769565,28,month,load_kw
2,128,3916.7855142857143,696.24245115441488,28,month,load_kw
2,129,3936.2142857142858,720.54501610948057,28,month,load_kw
2,130,4040.9523999999997,756.87094379594555,28,month,load_kw
2,131,3658.5112321428569,643.50318915897526,28,month,load_kw
2,132,3001.3007142857141,462.17062642795059,28,month,load_kw
2,133,2917.3341642857145,455.10540993970972,28,month,load_kw
2,134,3016.3486857142857,481.59731272692625,28,month,load_kw
2,135,3012.5535714285716,476.59361499440917,28,month,load_kw
2,136,3018.7350821428568,472.29919821116459,28,month,load_kw
2,137,3044.2798178571429,449.7794090012365,28,month,load_kw
2,138,3072.7978571428571,419.39906825659176,28,month,load_kw
2,139,3094.0037571428575,432.75695171190529,28,month,load_kw
2,140,3103.5359892857145,441.24725823818858,28,month,load_kw
2,141,3108.8789285714288,452.94351228495549,28,month,load_kw
2,142,3120.1464821428572,485.21227328920315,28,month,load_kw
2,143,3118.0296607142855,379.65131594988901,28,month,load_kw
2,144,3115.0357142857142,429.71506388431447,28,month,load_kw
3,1,3150.5887387096773,449.57184960240397,31,month,load_kw
3,2,3140.0388677419355,433.91057091324427,31,month,load_kw
3,3,3138.8951612903224,469.67157701860117,31,month,load_kw
3,4,3146.3484935483871,458.85598510972324,31,month,load_kw
3,5,3158.7489741935483,435.03306319527326,31,month,load_kw
3,6,3172.8483870967743,440.37435792816683,31,month,load_kw
3,7,3185.3586806451613,462.39123952311525,31,month,load_kw
3,8,3190.4681354838708,472.13637746615092,31,month,load_kw
3,9,3202.4996774193551,446.17406533387742,31,month,load_kw
3,10,3242.4514354838711,444.55692474155927,31,month,load_kw
3,11,3276.4380612903224,455.99112348860308,31,month,load_kw
3,12,3291.063225806452,458.00684900546406,31,month,load_kw
3,13,3298.093480645161,460.48400338976842,31,month,load_kw
3,14,3274.6787322580644,463.56906323208727,31,month,load_kw
3,15,3245.4609677419353,459.31933983779987,31,month,load_kw
3,16,3267.2260612903224,433.80466746359826,31,month,load_kw
3,17,3300.3747967741933,428.43664161033621,31,month,load_kw
3,18,3306.4845161290323,444.10711463818956,31,month,load_kw
3,19,3289.0997516129032,450.98527472052115,31,month,load_kw
3,20,3311.5935451612904,452.08809538808833,31,month,load_kw
3,21,3350.4461290322583,477.96331777433448,31,month,load_kw
3,22,3322.2859645161288,477.8837562275848,31,month,load_kw
3,23,3306.9479548387094,459.07847988181703,31,month,load_kw
3,24,3343.2103225806454,436.29904461262862,31,month,load_kw
3,25,3382.1939258064517,458.96094289562734,31,month,load_kw
3,26,3361.0424000000003,464.44674203157246,31,month,load_kw
3,27,3322.4774193548387,442.09121390626871,31,month,load_kw
3,28,3367.6210838709676,433.13786345994976,31,month,load_kw
3,29,3402.7245709677418,440.89291182878048,31,month,load_kw
3,30,3378.9958064516127,441.29247691883586,31,month,load_kw
3,31,3349.1583967741935,428.38545336104301,31,month,load_kw
3,32,3385.3589258064512,450.50839955834925,31,month,load_kw
3,33,3400.0335483870967,458.34344515547423,31,month,load_kw
3,34,3307.3510935483873,404.35644877529938,31,month,load_kw
3,35,3643.5733483870968,610.51614579506906,31,month,load_kw
3,36,4216.5654838709679,975.49351064589757,31,month,load_kw
3,37,4254.6019516129036,1009.1117043454994,31,month,load_kw
3,38,4187.6851354838709,947.70442690160098,31,month,load_kw
3,39,4237.8280645161294,967.88177918386771,31,month,load_kw
3,40,4202.3921935483868,981.64756031847185,31,month,load_kw
3,41,4241.4504516129036,887.94072318903159,31,month,load_kw
3,42,4354.3722580645162,750.71041264351572,31,month,load_kw
3,43,4363.2554193548385,732.50589290915673,31,month,load_kw
3,44,4397.1072387096774,769.14818171896673,31,month,load_kw
3,45,4384.5432258064511,748.66977127162943,31,month,load_kw
3,46,4221.9226903225808,659.38424639584741,31,month,load_kw
3,47,4736.503909677419,1004.078505852404,31,month,load_kw
3,48,5629.6970967741927,1578.6274860063168,31,month,load_kw
3,49,5702.4386677419352,1642.1476601680361,31,month,load_kw
3,50,5569.138383870968,1550.3912888853904,31,month,load_kw
3,51,5602.1009677419361,1567.6299298970507,31,month,load_kw
3,52,5570.1859290322573,1574.734404568585,31,month,load_kw
3,53,5655.5180548387098,1441.8123972304682,31,month,load_kw
3,54,5816.9125806451611,1258.0294211476607,31,month,load_kw
3,55,5791.4897451612906,1233.035818914524,31,month,load_kw
3,56,5757.2361580645156,1244.9965275020288,31,month,load_kw
3,57,5776.5964516129034,1228.19915714173,31,month,load_kw
3,58,5732.6961774193551,1240.8372901558116,31,month,load_kw
3,59,5704.8547387096778,1274.7765263012732,31,month,load_kw
3,60,5726.9445161290323,1288.0193676774657,31,month,load_kw
3,61,5743.8815645161294,1267.7607849698481,31,month,load_kw
3,62,5733.3400096774194,1257.9837531297808,31,month,load_kw
3,63,5693.9854838709671,1263.4724527898995,31,month,load_kw
3,64,5642.036232258065,1246.2898694467697,31,month,load_kw
3,65,5615.5833096774195,1244.9840409559383,31,month,load_kw
3,66,5626.3377419354838,1256.1505970217361,31,month,load_kw
3,67,5649.0868806451608,1246.5561380201366,31,month,load_kw
3,68,5640.9252774193546,1243.9687555987714,31,month,load_kw
3,69,5625.9712903225809,1264.3099170370688,31,month,load_kw
3,70,5646.1271483870969,1284.3655147433117,31,month,load_kw
3,71,5541.0168000000003,1197.0439152578056,31,month,load_kw
3,72,5348.7045161290325,1067.0593982618423,31,month,load_kw
3,73,5285.8822451612905,1083.3210212036417,31,month,load_kw
3,74,5287.1686935483876,1125.4752075288275,31,month,load_kw
3,75,5272.634193548387,1101.6484719690889,31,month,load_kw
3,76,5251.0004483870962,1056.5542947438005,31,month,load_kw
3,77,5341.9468516129036,1124.3202510323645,31,month,load_kw
3,78,5492.3161290322578,1260.0339993129219,31,month,load_kw
3,79,5515.9752774193548,1283.0264598963188,31,month,load_kw
3,80,5491.0319419354837,1259.8432878993981,31,month,load_kw
3,81,5482.4106451612906,1258.3602260506475,31,month,load_kw
3,82,5473.4894096774196,1272.0071988685108,31,month,load_kw
3,83,5448.6146322580644,1255.0957656907799,31,month,load_kw
3,84,5424.9577419354837,1214.1422561537279,31,month,load_kw
3,85,5431.2293419354837,1196.2641918388665,31,month,load_kw
3,86,5418.5962225806452,1235.6822020250061,31,month,load_kw
3,87,5387.9080645161284,1277.0317232040331,31,month,load_kw
3,88,5391.1466387096771,1233.6340086381717,31,month,load_kw
3,89,5407.4773967741939,1229.0549035311524,31,month,load_kw
3,90,5404.4548387096775,1270.033585054272,31,month,load_kw
3,91,5370.0541193548388,1260.8895107240519,31,month,load_kw
3,92,5343.311561290323,1247.5385945864316,31,month,load_kw
3,93,5348.7151612903217,1259.5741209416008,31,month,load_kw
3,94,5373.6389741935482,1261.558734068218,31,month,load_kw
3,95,5368.8806548387101,1252.4099460236212,31,month,load_kw
3,96,5343.4554838709673,1233.7325834686615,31,month,load_kw
3,97,5347.9487516129038,1221.1741156855044,31,month,load_kw
3,98,5334.7058612903229,1250.2117279786696,31,month,load_kw
3,99,5315.6329032258063,1276.4919239833143,31,month,load_kw
3,100,5335.7867290322583,1234.9838241515022,31,month,load_kw
3,101,5244.8838064516121,1342.6928872708515,31,month,load_kw
3,102,5104.2045161290325,1554.5989633639467,31,month,load_kw
3,103,5128.4116677419352,1591.9097100304364,31,month,load_kw
3,104,5115.7589419354845,1557.3741801270642,31,month,load_kw
3,105,5107.5890322580644,1598.6717390724814,31,month,load_kw
3,106,5240.4299129032261,1678.0466236518025,31,month,load_kw
3,107,4691.845041935484,1318.4707261155343,31,month,load_kw
3,108,3773.2477419354836,736.74546943843802,31,month,load_kw
3,109,3706.672141935484,650.42396299347604,31,month,load_kw
3,110,3875.7662032258063,732.12913691535027,31,month,load_kw
3,111,3846.5048387096772,736.01343394837102,31,month,load_kw
3,112,3809.5563709677417,778.00310988952151,31,month,load_kw
3,113,3823.9505387096774,792.15653721468323,31,month,load_kw
3,114,3859.1877419354837,764.80739560018071,31,month,load_kw
3,115,3854.6715129032259,755.69668094658493,31,month,load_kw
3,116,3827.5713580645161,749.37148547095319,31,month,load_kw
3,117,3827.7016129032259,741.11328333841459,31,month,load_kw
3,118,3883.9742032258064,745.65328301921454,31,month,load_kw
3,119,3896.4299129032261,746.09960034791504,31,month,load_kw
3,120,3855.157419354839,743.48980645317852,31,month,load_kw
3,121,3847.5182677419357,753.74488990386942,31,month,load_kw
3,122,3860.8933354838709,742.12306786813895,31,month,load_kw
3,123,3868.766451612903,717.54995304182319,31,month,load_kw
3,124,3866.0153967741935,722.7025835550171,31,month,load_kw
3,125,3881.4025774193551,757.21286325265044,31,month,load_kw
3,126,3908.3883870967743,772.2625902981307,31,month,load_kw
3,127,3911.6212612903223,726.15559634039528,31,month,load_kw
3,128,3915.5218419354837,705.28772174854419,31,month,load_kw
3,129,3970.7222580645162,728.84162411646821,31,month,load_kw
3,130,4028.1409322580644,736.83589197065373,31,month,load_kw
3,131,3631.6651709677417,622.13161480864642,31,month,load_kw
3,132,3019.0861290322582,468.32214300754868,31,month,load_kw
3,133,2941.5085645161289,454.59179714603567,31,month,load_kw
3,134,3037.3063774193552,461.66391181677807,31,month,load_kw
3,135,3047.7693548387097,430.91628651000178,31,month,load_kw
3,136,3066.8105999999998,449.18349291368224,31,month,load_kw
3,137,3044.3401677419351,459.49239810099823,31,month,load_kw
3,138,3000.9396774193551,454.6201582162401,31,month,load_kw
3,139,3032.9318806451615,486.07081953681148,31,month,load_kw
3,140,3096.5041290322579,454.22932280444149,31,month,load_kw
3,141,3128.0861290322582,417.42423872025307,31,month,load_kw
3,142,3107.8188129032255,474.56113421326222,31,month,load_kw
3,143,3120.0743322580647,400.56947281975306,31,month,load_kw
3,144,3169.7235483870963,425.64073267289939,31,month,load_kw
4,1,3159.8641833333331,479.04585155440634,30,month,load_kw
4,2,3163.7793033333337,429.59592116914069,30,month,load_kw
4,3,3156.6356666666666,430.82096731771856,30,month,load_kw
4,4,3202.6624066666668,452.79173124930401,30,month,load_kw
4,5,3221.1506333333332,440.85588631469676,30,month,load_kw
4,6,3199.9596666666671,428.27312058676586,30,month,load_kw
4,7,3210.8303766666668,448.62235112768531,30,month,load_kw
4,8,3238.7525833333334,455.39537912771118,30,month,load_kw
4,9,3259.8086666666663,433.90545539984521,30,month,load_kw
4,10,3269.9412466666668,436.33346828770277,30,month,load_kw
4,11,3287.17596,466.25872127446104,30,month,load_kw
4,12,3298.7433333333333,474.05651911206076,30,month,load_kw
4,13,3277.4052766666664,449.33921121292252,30,month,load_kw
4,14,3279.5651233333333,431.63767728477347,30,month,load_kw
4,15,3311.6173333333336,432.85199128358056,30,month,load_kw
4,16,3322.3944199999996,444.29636351137356,30,month,load_kw
4,17,3315.7938333333336,464.99989949219031,30,month,load_kw
4,18,3311.313333333333,478.07571514269091,30,month,load_kw
4,19,3322.0059799999999,455.05934431423594,30,month,load_kw
4,20,3332.2422300000003,437.71285510144673,30,month,load_kw
4,21,3348.7303333333334,430.44677006397166,30,month,load_kw
4,22,3390.1505299999999,430.60021333446525,30,month,load_kw
4,23,3407.5201666666667,429.92194575275977,30,month,load_kw
4,24,3392.136,435.91486511109889,30,month,load_kw
4,25,3383.6134733333333,429.98455133039846,30,month,load_kw
4,26,3384.8266833333332,443.12889792393599,30,month,load_kw
4,27,3390.2423333333336,454.3737348580467,30,month,load_kw
4,28,3397.9368433333334,420.50427133212219,30,month,load_kw
4,29,3413.5166333333332,430.48624337996199,30,month,load_kw
4,30,3415.5893333333329,472.40343497782749,30,month,load_kw
4,31,3383.90996,463.4840619308668,30,month,load_kw
4,32,3409.7599500000001,457.14809461703925,30,month,load_kw
4,33,3418.6343333333334,444.50665558558853,30,month,load_kw
4,34,3315.8165566666667,379.07162652749656,30,month,load_kw
4,35,3661.3111266666665,586.02256906913715,30,month,load_kw
4,36,4262.4233333333332,958.98247253528325,30,month,load_kw
4,37,4317.3657266666669,1002.8896575640205,30,month,load_kw
4,38,4240.6557499999999,937.92427921792262,30,month,load_kw
4,39,4274.8293333333331,941.44804365195444,30,month,load_kw
4,40,4252.2692566666665,956.62721579591323,30,month,load_kw
4,41,4299.50983,883.95626469051069,30,month,load_kw
4,42,4398.0779999999995,755.88026184319551,30,month,load_kw
4,43,4381.5632400000004,712.51424355586937,30,month,load_kw
4,44,4376.3209966666664,742.90114915098593,30,month,load_kw
4,45,4333.333333333333,727.39958249650658,30,month,load_kw
4,46,4186.1817133333334,671.18769660734051,30,month,load_kw
4,47,4743.2134766666668,1002.6816836001783,30,month,load_kw
4,48,5675.2930000000006,1543.3688344816705,30,month,load_kw
4,49,5761.8939433333335,1600.6446625695633,30,month,load_kw
4,50,5621.6761233333336,1504.2357446269586,30,month,load_kw
4,51,5643.1860000000006,1520.461984683013,30,month,load_kw
4,52,5607.8632966666664,1568.5526747818944,30,month,load_kw
4,53,5675.4030233333333,1425.5177537687009,30,month,load_kw
4,54,5819.0933333333332,1197.0760484796604,30,month,load_kw
4,55,5815.9224433333329,1202.5470549533643,30,month,load_kw
4,56,5804.1992399999999,1229.2566642311465,30,month,load_kw
4,57,5825.8920000000007,1193.6318395361623,30,month,load_kw
4,58,5779.5441933333332,1236.2402235148033,30,month,load_kw
4,59,5745.1002866666668,1255.4704627372637,30,month,load_kw
4,60,5752.7170000000006,1217.7663358906836,30,month,load_kw
4,61,5745.6672433333333,1192.6440616300474,30,month,load_kw
4,62,5710.4347533333339,1204.9997301246356,30,month,load_kw
4,63,5687.4456666666665,1235.1288308196656,30,month,load_kw
4,64,5721.0087800000001,1252.62855051918,30,month,load_kw
4,65,5708.7060066666663,1250.4875719887336,30,month,load_kw
4,66,5648.114333333333,1237.7695477215384,30,month,load_kw
4,67,5639.6017699999993,1233.8070965958439,30,month,load_kw
4,68,5648.4374299999999,1216.8119748926074,30,month,load_kw
4,69,5656.7839999999997,1202.2198452850632,30,month,load_kw
4,70,5665.1171866666664,1218.2908190327446,30,month,load_kw
4,71,5548.2845066666659,1158.9568243989834,30,month,load_kw
4,72,5372.5893333333333,1037.2599391099122,30,month,load_kw
4,73,5346.3956633333328,988.60596749875981,30,month,load_kw
4,74,5357.4850233333327,1015.8201891287276,30,month,load_kw
4,75,5322.9846666666672,1063.3138808582096,30,month,load_kw
4,76,5294.25155,1051.7435422200472,30,month,load_kw
4,77,5402.1058599999997,1118.3606011954118,30,month,load_kw
4,78,5576.016333333333,1233.4755750834595,30,month,load_kw
4,79,5598.658003333333,1220.4105315440063,30,month,load_kw
4,80,5543.2078900000006,1202.8908090860798,30,month,load_kw
4,81,5506.2106666666668,1225.2210778465821,30,month,load_kw
4,82,5511.4787666666671,1227.5788575349343,30,month,load_kw
4,83,5501.9932299999991,1220.279195728278,30,month,load_kw
4,84,5478.3693333333331,1213.5230851616423,30,month,load_kw
4,85,5492.8363733333335,1206.0418088090264,30,month,load_kw
4,86,5497.7803899999999,1221.970139521,30,month,load_kw
4,87,5483.4139999999998,1242.7342674635941,30,month,load_kw
4,88,5487.025216666666,1217.1132809930716,30,month,load_kw
4,89,5481.327306666667,1199.0608161695222,30,month,load_kw
4,90,5460.1750000000002,1216.0376992135648,30,month,load_kw
4,91,5448.9725666666664,1249.5154226366665,30,month,load_kw
4,92,5447.5218533333336,1237.1139908833864,30,month,load_kw
4,93,5451.929666666666,1187.9965298291454,30,month,load_kw
4,94,5458.2994833333332,1175.2875553005185,30,month,load_kw
4,95,5450.8413900000005,1195.5461757964028,30,month,load_kw
4,96,5424.6873333333333,1228.287438677663,30,month,load_kw
4,97,5392.2370099999998,1253.9591306133646,30,month,load_kw
4,98,5378.4613766666671,1265.7766526137,30,month,load_kw
4,99,5393.5406666666668,1237.5612879924256,30,month,load_kw
4,100,5407.3509400000003,1181.9876030274506,30,month,load_kw
4,101,5308.6185233333335,1321.94226455077,30,month,load_kw
4,102,5169.4796666666671,1571.5490472065287,30,month,load_kw
4,103,5178.2482366666663,1594.6554943740045,30,month,load_kw
4,104,5185.280123333333,1517.2759190298264,30,month,load_kw
4,105,5212.1766666666663,1510.0059200599485,30,month,load_kw
4,106,5322.2267866666671,1553.1340275390232,30,month,load_kw
4,107,4769.040766666667,1223.2587995425276,30,month,load_kw
4,108,3862.5896666666667,711.74785216290309,30,month,load_kw
4,109,3745.6508633333333,671.97053867512545,30,month,load_kw
4,110,3871.804536666667,752.59346007232728,30,month,load_kw
4,111,3850.8486666666668,735.74142581495971,30,month,load_kw
4,112,3846.6776,713.10420786481279,30,month,load_kw
4,113,3870.100813333333,700.72613816624028,30,month,load_kw
4,114,3888.3823333333335,709.27738528285113,30,month,load_kw
4,115,3881.0704933333332,745.69084499043788,30,month,load_kw
4,116,3871.2156333333332,736.41257604203474,30,month,load_kw
4,117,3876.9506666666666,687.42949608108813,30,month,load_kw
4,118,3895.64039,715.710906389049,30,month,load_kw
4,119,3905.6364033333334,744.06152540571884,30,month,load_kw
4,120,3902.1200000000003,741.28516625543296,30,month,load_kw
4,121,3900.2171366666666,727.38386452061593,30,month,load_kw
4,122,3908.5832166666664,720.48342525749229,30,month,load_kw
4,123,3920.1299999999997,719.68813059834315,30,month,load_kw
4,124,3919.2486133333337,711.78582679080955,30,month,load_kw
4,125,3912.1773433333337,724.19742100799806,30,month,load_kw
4,126,3919.1156666666666,755.66439647588561,30,month,load_kw
4,127,3946.1816166666667,767.78993191236077,30,month,load_kw
4,128,3918.3078399999999,741.60601442664972,30,month,load_kw
4,129,3934.0309999999999,731.01443712027731,30,month,load_kw
4,130,4083.810003333333,792.10049317658047,30,month,load_kw
4,131,3697.8604066666667,658.93826949186291,30,month,load_kw
4,132,3007.036333333333,410.83465560333713,30,month,load_kw
4,133,2963.2415266666667,411.99715922529992,30,month,load_kw
4,134,3057.6476299999999,457.18482695103637,30,month,load_kw
4,135,3004.6996666666669,432.52791907083531,30,month,load_kw
4,136,3038.8254200000001,408.45663209861891,30,month,load_kw
4,137,3077.9223866666666,419.0730985629354,30,month,load_kw
4,138,3077.0309999999999,432.16863671607928,30,month,load_kw
4,139,3093.8023833333336,430.26883804360239,30,month,load_kw
4,140,3106.3828033333334,428.98661167024738,30,month,load_kw
4,141,3106.9153333333334,440.41199353155309,30,month,load_kw
4,142,3115.9868533333333,475.09324462021118,30,month,load_kw
4,143,3127.6237900000001,376.99429247801464,30,month,load_kw
4,144,3141.5100000000002,483.43440636974628,30,month,load_kw
5,1,3176.675870967742,493.05055954796774,31,month,load_kw
5,2,3168.8176709677418,477.53914082148083,31,month,load_kw
5,3,3210.3838709677416,514.81311877015094,31,month,load_kw
5,4,3239.2964580645162,467.29832402561772,31,month,load_kw
5,5,3216.2371387096773,468.38336559404604,31,month,load_kw
5,6,3172.8551612903225,502.9427399010147,31,month,load_kw
5,7,3178.3639903225808,463.54131038257231,31,month,load_kw
5,8,3196.2760806451611,433.77975580873164,31,month,load_kw
5,9,3207.1809677419355,449.29136550316537,31,month,load_kw
5,10,3228.1107064516127,460.97164948387723,31,month,load_kw
5,11,3245.4206967741934,460.57239671954324,31,month,load_kw
5,12,3246.3338709677423,466.41979599696401,31,month,load_kw
5,13,3234.0543967741937,479.85605660209637,31,month,load_kw
5,14,3238.1657161290323,490.24369753278285,31,month,load_kw
5,15,3261.6329032258063,479.72043663084679,31,month,load_kw
5,16,3277.1302032258063,460.10498808941026,31,month,load_kw
5,17,3270.0789548387097,464.43270612048622,31,month,load_kw
5,18,3262.5370967741933,493.67068799753235,31,month,load_kw
5,19,3289.1417967741932,488.84587646653182,31,month,load_kw
5,20,3304.7429258064517,469.19905282171504,31,month,load_kw
5,21,3294.8322580645163,450.3690383726784,31,month,load_kw
5,22,3293.6978451612904,461.83475017813078,31,month,load_kw
5,23,3324.5928258064519,459.12273059559141,31,month,load_kw
5,24,3352.6180645161289,452.49034834951169,31,month,load_kw
5,25,3321.6005870967742,458.93465154340635,31,month,load_kw
5,26,3305.842593548387,476.02475378333708,31,month,load_kw
5,27,3327.2180645161288,486.24438394302206,31,month,load_kw
5,28,3336.5425032258063,474.29609062398748,31,month,load_kw
5,29,3342.155980645161,451.12925300966725,31,month,load_kw
5,30,3348.6145161290324,450.6884436269969,31,month,load_kw
5,31,3349.7045064516128,466.99139559953488,31,month,load_kw
5,32,3368.5783999999999,479.77670527186223,31,month,load_kw
5,33,3345.3758064516128,453.8264573657658,31,month,load_kw
5,34,3261.6329451612901,407.59052233273997,31,month,load_kw
5,35,3591.7732096774189,619.01561276560233,31,month,load_kw
5,36,4139.1812903225809,985.82147020219293,31,month,load_kw
5,37,4186.0016516129035,1052.1853102927703,31,month,load_kw
5,38,4092.9339032258063,987.20240746362344,31,month,load_kw
5,39,4100.7816129032253,983.8305216214726,31,month,load_kw
5,40,4100.8501258064516,1037.7185235952354,31,month,load_kw
5,41,4172.0324483870972,945.52364751133052,31,month,load_kw
5,42,4273.5235483870974,751.4773994585529,31,month,load_kw
5,43,4268.3876258064511,716.08267767952248,31,month,load_kw
5,44,4306.0306387096771,773.2475762603583,31,month,load_kw
5,45,4313.0890322580644,760.47137449678667,31,month,load_kw
5,46,4159.4319935483873,665.06185243621167,31,month,load_kw
5,47,4618.0204612903226,1016.2082736902444,31,month,load_kw
5,48,5444.7338709677415,1623.0018071168365,31,month,load_kw
5,49,5551.4077451612902,1695.8574612947798,31,month,load_kw
5,50,5433.5479258064515,1608.1447180002219,31,month,load_kw
5,51,5436.779032258064,1632.9009772270431,31,month,load_kw
5,52,5418.7167548387097,1644.4857381020561,31,month,load_kw
5,53,5511.8542193548383,1499.0514937086757,31,month,load_kw
5,54,5672.0261290322578,1291.1185943170296,31,month,load_kw
5,55,5682.4600096774193,1271.0069694459769,31,month,load_kw
5,56,5637.8122935483871,1291.5362829116559,31,month,load_kw
5,57,5616.7341935483873,1266.3220753946557,31,month,load_kw
5,58,5603.5009161290327,1259.977055019529,31,month,load_kw
5,59,5592.0993387096769,1275.2215938658899,31,month,load_kw
5,60,5596.1609677419356,1292.3095079388036,31,month,load_kw
5,61,5625.7467967741932,1292.6513305499927,31,month,load_kw
5,62,5616.0954161290329,1281.7917341810305,31,month,load_kw
5,63,5576.3599999999997,1278.2988800354944,31,month,load_kw
5,64,5579.9226516129029,1291.0568697865388,31,month,load_kw
5,65,5587.9779064516133,1282.2627837440664,31,month,load_kw
5,66,5580.1451612903229,1262.2827265550056,31,month,load_kw
5,67,5570.0661,1269.4348226555976,31,month,load_kw
5,68,5521.7599225806453,1284.2488625578517,31,month,load_kw
5,69,5483.1045161290322,1294.7584342309797,31,month,load_kw
5,70,5521.6022387096782,1296.8386723192166,31,month,load_kw
5,71,5411.568041935484,1218.6949369896397,31,month,load_kw
5,72,5204.666774193548,1117.0056532097678,31,month,load_kw
5,73,5192.7438580645166,1120.0947164231363,31,month,load_kw
5,74,5227.7292419354835,1123.1362889277857,31,month,load_kw
5,75,5188.8380645161296,1092.4794077766999,31,month,load_kw
5,76,5130.7543741935488,1100.2307894688545,31,month,load_kw
5,77,5232.8364580645166,1184.0266734909528,31,month,load_kw
5,78,5415.467096774194,1296.9343806869942,31,month,load_kw
5,79,5418.7046677419348,1332.5652522706152,31,month,load_kw
5,80,5406.3385548387096,1275.3571895741961,31,month,load_kw
5,81,5438.6787096774196,1218.6475709620124,31,month,load_kw
5,82,5405.4979903225812,1279.4830562963607,31,month,load_kw
5,83,5362.1427129032263,1317.3517995994021,31,month,load_kw
5,84,5348.2567741935482,1291.976640130378,31,month,load_kw
5,85,5347.7317129032253,1288.4845262331371,31,month,load_kw
5,86,5358.4159225806452,1322.3789884338323,31,month,load_kw
5,87,5364.9845161290323,1335.9185172153745,31,month,load_kw
5,88,5346.1979064516136,1266.1638424372595,31,month,load_kw
5,89,5325.8913999999995,1268.3672421981364,31,month,load_kw
5,90,5327.3232258064509,1330.5926851504612,31,month,load_kw
5,91,5349.3668806451615,1272.5347909674767,31,month,load_kw
5,92,5344.4737129032255,1265.9537960996656,31,month,load_kw
5,93,5321.2412903225813,1329.7973963847323,31,month,load_kw
5,94,5337.1443193548394,1313.8054317076881,31,month,load_kw
5,95,5375.0207741935483,1283.1314076288588,31,month,load_kw
5,96,5405.8835483870971,1286.6124717400301,31,month,load_kw
5,97,5415.124690322581,1295.1307096869639,31,month,load_kw
5,98,5415.728206451613,1302.4626138284198,31,month,load_kw
5,99,5436.2203225806452,1273.1234287962391,31,month,load_kw
5,100,5474.8991548387094,1219.2999907484336,31,month,load_kw
5,101,5385.3625258064512,1354.574919399392,31,month,load_kw
5,102,5237.9700000000003,1617.3161124570959,31,month,load_kw
5,103,5256.7368258064516,1671.5968751039302,31,month,load_kw
5,104,5279.8403290322576,1617.7974696208889,31,month,load_kw
5,105,5311.710322580645,1638.2994879803141,31,month,load_kw
5,106,5420.548883870968,1743.15368269383,31,month,load_kw
5,107,4919.7442580645156,1412.7822284070189,31,month,load_kw
5,108,4115.6070967741935,840.11679532548158,31,month,load_kw
5,109,4072.9820774193545,741.05769535604065,31,month,load_kw
5,110,4184.3322419354836,789.04817204459266,31,month,load_kw
5,111,4131.1751612903226,769.04352838172065,31,month,load_kw
5,112,4196.5445870967742,786.31425348782705,31,month,load_kw
5,113,4201.415103225806,801.60424432221271,31,month,load_kw
5,114,4128.7070967741938,800.41848090105771,31,month,load_kw
5,115,4168.1200129032259,819.3273568975128,31,month,load_kw
5,116,4201.8902193548383,799.55608402100631,31,month,load_kw
5,117,4189.6548387096773,744.63871942426294,31,month,load_kw
5,118,4211.9422096774188,747.54266324576145,31,month,load_kw
5,119,4207.6304677419357,764.60767836591003,31,month,load_kw
5,120,4178.434838709677,773.62546901745247,31,month,load_kw
5,121,4201.7896258064511,792.46874692638744,31,month,load_kw
5,122,4257.5405387096771,791.41576477197259,31,month,load_kw
5,123,4287.5780645161294,772.77679003888011,31,month,load_kw
5,124,4257.0637096774199,742.74463407672147,31,month,load_kw
5,125,4268.0009064516125,739.16095392918453,31,month,load_kw
5,126,4318.4251612903226,741.04814484562326,31,month,load_kw
5,127,4299.2578354838715,752.08088392166951,31,month,load_kw
5,128,4229.5799967741941,753.24878403771334,31,month,load_kw
5,129,4238.3500000000004,748.70437973430717,31,month,load_kw
5,130,4356.1466935483868,752.06253711000397,31,month,load_kw
5,131,3959.4955548387097,657.71589955638183,31,month,load_kw
5,132,3278.2725806451613,515.08805660111966,31,month,load_kw
5,133,3216.8861999999999,483.19492844572022,31,month,load_kw
5,134,3328.5338967741936,487.76883159454781,31,month,load_kw
5,135,3305.8548387096776,495.59085540306302,31,month,load_kw
5,136,3293.1643677419356,498.50372575865765,31,month,load_kw
5,137,3289.0625870967742,479.25062351907809,31,month,load_kw
5,138,3279.7435483870968,432.70467264674028,31,month,load_kw
5,139,3273.8868387096772,408.63713614318726,31,month,load_kw
5,140,3253.9874774193549,449.82908925217191,31,month,load_kw
5,141,3228.2819354838712,516.9612971420546,31,month,load_kw
5,142,3227.682222580645,542.68926369064445,31,month,load_kw
5,143,3242.7938806451612,416.6139731866536,31,month,load_kw
5,144,3240.9029032258068,509.8269002004082,31,month,load_kw
6,1,3828.8909633333333,486.04579894391708,30,month,load_kw
6,2,3824.1957966666669,451.98525421312564,30,month,load_kw
6,3,3800.8966666666665,450.43126083047702,30,month,load_kw
6,4,3772.1036133333332,465.50469370566168,30,month,load_kw
6,5,3733.8542633333332,466.90097490677283,30,month,load_kw
6,6,3699.3376666666668,462.36228536597849,30,month,load_kw
6,7,3692.3712433333335,468.35929632059248,30,month,load_kw
6,8,3693.27286,490.84365102699314,30,month,load_kw
6,9,3681.6603333333333,478.6778588519187,30,month,load_kw
6,10,3658.49161,450.07314144463027,30,month,load_kw
6,11,3664.8305700000001,451.14555205630347,30,month,load_kw
6,12,3669.6293333333333,483.14206113825321,30,month,load_kw
6,13,3603.954213333333,434.04714392366429,30,month,load_kw
6,14,3569.3266966666665,452.52140189679159,30,month,load_kw
6,15,3572.0846666666666,532.52952829078799,30,month,load_kw
6,16,3523.8804933333331,489.09739367977807,30,month,load_kw
6,17,3507.3277000000003,472.29954462068616,30,month,load_kw
6,18,3533.4733333333334,511.75126054682499,30,month,load_kw
6,19,3523.1724899999999,450.95672959629252,30,month,load_kw
6,20,3498.7398533333335,431.06758247074845,30,month,load_kw
6,21,3484.1806666666666,465.32659142713453,30,month,load_kw
6,22,3476.4388533333331,427.44676099243111,30,month,load_kw
6,23,3464.5063233333335,400.4138857554446,30,month,load_kw
6,24,3447.1473333333333,432.48959184552945,30,month,load_kw
6,25,3433.2643200000002,458.30628003736001,30,month,load_kw
6,26,3426.3465366666665,472.38459963935469,30,month,load_kw
6,27,3427.9306666666666,459.66488836927738,30,month,load_kw
6,28,3438.9066966666664,453.66174855381001,30,month,load_kw
6,29,3458.0674433333334,442.45149128852665,30,month,load_kw
6,30,3451.7726666666663,450.01308289743145,30,month,load_kw
6,31,3397.27412,480.73584661132901,30,month,load_kw
6,32,3431.3862099999997,500.32510234305641,30,month,load_kw
6,33,3465.8799999999997,446.24410735798421,30,month,load_kw
6,34,3349.3404266666666,350.49795871580494,30,month,load_kw
6,35,3694.8313466666668,563.10384045389776,30,month,load_kw
6,36,4310.3603333333331,961.30959680005537,30,month,load_kw
6,37,4337.3835366666663,1019.5585039394239,30,month,load_kw
6,38,4224.864676666667,957.2194273024935,30,month,load_kw
6,39,4244.299,957.7605394386751,30,month,load_kw
6,40,4225.7660733333332,974.63033684073605,30,month,load_kw
6,41,4285.0814733333336,884.50223811809587,30,month,load_kw
6,42,4389.9656666666669,739.1601077443064,30,month,load_kw
6,43,4368.5348600000007,698.85753645989712,30,month,load_kw
6,44,4378.1868433333329,727.63603674869432,30,month,load_kw
6,45,4363.7933333333331,706.92838085443361,30,month,load_kw
6,46,4216.4514033333335,625.89674413313935,30,month,load_kw
6,47,4742.9888466666662,974.00665448110408,30,month,load_kw
6,48,5652.5673333333334,1543.8665976516129,30,month,load_kw
6,49,5763.4757633333338,1582.9249216438043,30,month,load_kw
6,50,5623.6989899999999,1501.6995553275792,30,month,load_kw
6,51,5630.4643333333333,1568.145401088954,30,month,load_kw
6,52,5638.0880333333334,1609.8156566996684,30,month,load_kw
6,53,5713.5389833333329,1478.582687956909,30,month,load_kw
6,54,5826.8789999999999,1263.8415073793183,30,month,load_kw
6,55,5838.2928766666673,1202.1994340884573,30,month,load_kw
6,56,5793.9451666666673,1216.5437703031282,30,month,load_kw
6,57,5763.8800000000001,1234.7286140491456,30,month,load_kw
6,58,5775.4076966666662,1259.6139316103981,30,month,load_kw
6,59,5784.2853633333334,1237.6559872731352,30,month,load_kw
6,60,5774.9556666666667,1187.7355828451202,30,month,load_kw
6,61,5769.8942933333328,1188.3349933074778,30,month,load_kw
6,62,5759.1911600000003,1212.363682937565,30,month,load_kw
6,63,5740.4356666666672,1223.2199692943925,30,month,load_kw
6,64,5725.105693333333,1224.312053070598,30,month,load_kw
6,65,5716.3264399999998,1224.605559566071,30,month,load_kw
6,66,5726.6166666666668,1227.4908836471175,30,month,load_kw
6,67,5759.2768066666667,1230.6450207189844,30,month,load_kw
6,68,5739.6313066666662,1234.9646726617129,30,month,load_kw
6,69,5699.2269999999999,1245.7828766161463,30,month,load_kw
6,70,5726.6923466666667,1249.2039931997815,30,month,load_kw
6,71,5647.0243999999993,1171.7690224787625,30,month,load_kw
6,72,5477.7403333333332,1044.9043689206876,30,month,load_kw
6,73,5428.9427866666665,1004.1864516215004,30,month,load_kw
6,74,5444.1330199999993,1030.8350928826821,30,month,load_kw
6,75,5449.6223333333337,1046.0841471911867,30,month,load_kw
6,76,5451.121986666667,987.29605762336962,30,month,load_kw
6,77,5555.0812699999997,1086.0787015742405,30,month,load_kw
6,78,5719.677333333334,1260.3337576020349,30,month,load_kw
6,79,5781.243723333333,1220.8708661845155,30,month,load_kw
6,80,5779.7269766666668,1163.8431305227007,30,month,load_kw
6,81,5795.5823333333337,1197.8686931427876,30,month,load_kw
6,82,5862.0115566666664,1227.8025738974641,30,month,load_kw
6,83,5878.500563333333,1232.9041979801864,30,month,load_kw
6,84,5850.4743333333336,1218.1278074943202,30,month,load_kw
6,85,5880.4819100000004,1199.6447770435877,30,month,load_kw
6,86,5905.902743333334,1193.8204064229651,30,month,load_kw
6,87,5895.5890000000009,1207.7546940824848,30,month,load_kw
6,88,5889.5211766666662,1232.3931429249951,30,month,load_kw
6,89,5913.1009633333333,1228.6880458803048,30,month,load_kw
6,90,5943.7676666666666,1195.2722708516171,30,month,load_kw
6,91,5941.2476800000004,1193.8720675972077,30,month,load_kw
6,92,5965.3307866666673,1237.0495675854588,30,month,load_kw
6,93,6031.0003333333334,1271.5819099831663,30,month,load_kw
6,94,6083.5844999999999,1219.5722428210788,30,month,load_kw
6,95,6075.0582800000002,1187.5664127278901,30,month,load_kw
6,96,6052.3460000000005,1192.2948700650559,30,month,load_kw
6,97,6102.9196033333328,1195.996924789968,30,month,load_kw
6,98,6113.644456666666,1228.0763983652582,30,month,load_kw
6,99,6085.4653333333326,1248.6854011367129,30,month,load_kw
6,100,6121.7251266666672,1181.7290091986467,30,month,load_kw
6,101,6083.5561033333333,1277.003058281535,30,month,load_kw
6,102,5978.7339999999995,1500.1768740996672,30,month,load_kw
6,103,5967.8999533333326,1566.9106547157216,30,month,load_kw
6,104,5993.156273333333,1538.1237689789207,30,month,load_kw
6,105,6077.2513333333336,1558.5840275794399,30,month,load_kw
6,106,6192.7973499999998,1625.0897147536184,30,month,load_kw
6,107,5616.2462933333336,1294.7173211853449,30,month,load_kw
6,108,4692.8190000000004,759.57710235571449,30,month,load_kw
6,109,4582.1185533333337,684.27151899143473,30,month,load_kw
6,110,4748.7080900000001,766.88662142640703,30,month,load_kw
6,111,4781.9496666666664,774.52521941746863,30,month,load_kw
6,112,4801.0719566666667,767.3214410790016,30,month,load_kw
6,113,4798.693533333334,741.98560522752484,30,month,load_kw
6,114,4794.5426666666663,716.65139284627503,30,month,load_kw
6,115,4841.8768733333327,720.29456123023056,30,month,load_kw
6,116,4870.8678833333333,736.05546001371067,30,month,load_kw
6,117,4838.4443333333329,767.51187322135092,30,month,load_kw
6,118,4775.0424033333338,767.60893721958382,30,month,load_kw
6,119,4767.8431966666667,758.58364841907007,30,month,load_kw
6,120,4819.3573333333334,748.36734897137046,30,month,load_kw
6,121,4853.0717266666661,727.72172659191824,30,month,load_kw
6,122,4868.5926366666672,733.52871500444951,30,month,load_kw
6,123,4870.7799999999997,751.50061491704002,30,month,load_kw
6,124,4856.7946433333327,699.40451190878866,30,month,load_kw
6,125,4850.987063333333,699.00805445956507,30,month,load_kw
6,126,4851.9993333333341,761.54042206177257,30,month,load_kw
6,127,4837.3643699999993,799.41623695377518,30,month,load_kw
6,128,4831.6384333333326,796.45167238302042,30,month,load_kw
6,129,4889.3093333333336,787.1937534836502,30,month,load_kw
6,130,4958.6821499999996,797.1976259560073,30,month,load_kw
6,131,4530.7422499999993,669.13205642228286,30,month,load_kw
6,132,3861.8759999999997,459.99891177982227,30,month,load_kw
6,133,3773.5624233333333,412.95432953914315,30,month,load_kw
6,134,3848.8541266666666,435.55075307460203,30,month,load_kw
6,135,3827.2249999999999,466.33188109158255,30,month,load_kw
6,136,3863.6029733333335,480.27917139822631,30,month,load_kw
6,137,3877.5271433333332,441.27978469056188,30,month,load_kw
6,138,3851.5113333333334,423.93374669206014,30,month,load_kw
6,139,3862.6827966666665,516.15933466541446,30,month,load_kw
6,140,3861.6042966666664,523.06657136047318,30,month,load_kw
6,141,3838.125,430.80916874428044,30,month,load_kw
6,142,3837.5565366666665,470.36878492743534,30,month,load_kw
6,143,3839.1931533333332,414.53301205067703,30,month,load_kw
6,144,3837.5100000000002,478.43716781289851,30,month,load_kw
7,1,4349.3145193548389,485.81459134843442,31,month,load_kw
7,2,4336.6633709677426,449.82365336611122,31,month,load_kw
7,3,4362.3099999999995,482.99409995706304,31,month,load_kw
7,4,4359.9279354838709,435.87226211864288,31,month,load_kw
7,5,4334.8908838709676,421.01272241773734,31,month,load_kw
7,6,4312.9354838709678,441.58967760307917,31,month,load_kw
7,7,4306.4123806451616,437.62179583650197,31,month,load_kw
7,8,4271.5892870967746,403.51959829905132,31,month,load_kw
7,9,4223.2383870967742,422.63043462026229,31,month,load_kw
7,10,4222.0602806451616,477.24199288404077,31,month,load_kw
7,11,4224.7870612903225,521.16097410695249,31,month,load_kw
7,12,4217.8164516129027,493.95347146972182,31,month,load_kw
7,13,4227.6339161290325,472.57890006428926,31,month,load_kw
7,14,4217.0739032258061,433.93517340493719,31,month,load_kw
7,15,4173.7816129032253,402.06522078801072,31,month,load_kw
7,16,4127.2346032258065,421.58997191881082,31,month,load_kw
7,17,4107.1059999999998,444.5764430939011,31,month,load_kw
7,18,4102.6709677419358,444.74764658440358,31,month,load_kw
7,19,4078.0347483870969,439.98577098150497,31,month,load_kw
7,20,4055.7436967741937,466.40659216622538,31,month,load_kw
7,21,4054.0770967741937,467.92401551386911,31,month,load_kw
7,22,4059.594019354839,472.62910145130468,31,month,load_kw
7,23,4014.1009000000004,474.39228059368605,31,month,load_kw
7,24,3959.0025806451613,493.83958894204869,31,month,load_kw
7,25,3990.9474774193545,445.54671419520957,31,month,load_kw
7,26,3992.5001000000002,437.24808918733305,31,month,load_kw
7,27,3956.171935483871,456.52550508830183,31,month,load_kw
7,28,3984.6885129032257,469.35997885360422,31,month,load_kw
7,29,3969.7895612903226,476.98829605722585,31,month,load_kw
7,30,3905.4119354838713,480.29219813511685,31,month,load_kw
7,31,3902.4102290322585,437.21475630856071,31,month,load_kw
7,32,3912.5409903225805,439.46383261083758,31,month,load_kw
7,33,3851.6206451612907,434.43486820569922,31,month,load_kw
7,34,3756.0276290322577,408.71998035227023,31,month,load_kw
7,35,4088.4479161290324,616.1579280755484,31,month,load_kw
7,36,4651.1274193548388,965.22033259758098,31,month,load_kw
7,37,4734.0255161290324,1024.6240642315493,31,month,load_kw
7,38,4632.5390806451614,931.6308497595827,31,month,load_kw
7,39,4600.6454838709678,895.13342233002243,31,month,load_kw
7,40,4605.5989580645155,928.14606561479911,31,month,load_kw
7,41,4668.4789870967743,877.23102024284447,31,month,load_kw
7,42,4733.6329032258063,742.2117172846464,31,month,load_kw
7,43,4708.7232903225804,712.5973513772002,31,month,load_kw
7,44,4718.2388322580646,774.30274203622366,31,month,load_kw
7,45,4704.6477419354833,780.93280533265545,31,month,load_kw
7,46,4598.3745322580644,652.05214572702914,31,month,load_kw
7,47,5171.9000419354834,954.63680040406416,31,month,load_kw
7,48,6073.4367741935484,1512.6874416489945,31,month,load_kw
7,49,6098.8138451612904,1548.2107964185045,31,month,load_kw
7,50,5948.1623870967751,1450.7372210304852,31,month,load_kw
7,51,5999.688387096774,1493.7675803330244,31,month,load_kw
7,52,5955.0395645161288,1512.9853157634345,31,month,load_kw
7,53,6042.762574193549,1375.5764748641777,31,month,load_kw
7,54,6230.369677419355,1195.7766742539732,31,month,load_kw
7,55,6208.2224161290314,1221.5263477513531,31,month,load_kw
7,56,6155.7440967741941,1235.7878048114744,31,month,load_kw
7,57,6172.1312903225808,1167.9781812909064,31,month,load_kw
7,58,6172.1799612903224,1165.4719940213388,31,month,load_kw
7,59,6161.1361967741941,1227.0529202357307,31,month,load_kw
7,60,6178.8522580645158,1272.6234764132178,31,month,load_kw
7,61,6239.3699999999999,1249.4661984420184,31,month,load_kw
7,62,6222.6476419354831,1214.9120892523442,31,month,load_kw
7,63,6157.8770967741939,1205.7699151667744,31,month,load_kw
7,64,6194.5926161290317,1178.8173707112198,31,month,load_kw
7,65,6237.1219451612906,1186.5076672299049,31,month,load_kw
7,66,6237.2696774193546,1200.8107512107083,31,month,load_kw
7,67,6245.7442129032261,1174.3797744669384,31,month,load_kw
7,68,6266.0968741935485,1183.9454645827429,31,month,load_kw
7,69,6297.4967741935479,1236.0277258524234,31,month,load_kw
7,70,6317.2350096774189,1272.6400051255232,31,month,load_kw
7,71,6192.0667290322581,1193.5170581630939,31,month,load_kw
7,72,6022.0503225806451,1059.1747541316743,31,month,load_kw
7,73,6049.7023129032259,984.66440257545025,31,month,load_kw
7,74,6055.7251709677421,1005.1686807938561,31,month,load_kw
7,75,5986.4483870967742,1048.0068017403219,31,month,load_kw
7,76,6030.1344935483876,1002.2659509348426,31,month,load_kw
7,77,6202.2584774193547,1071.1734926132615,31,month,load_kw
7,78,6364.5232258064516,1224.338215291257,31,month,load_kw
7,79,6355.495241935484,1237.7598720737233,31,month,load_kw
7,80,6343.0529129032257,1217.7744411322092,31,month,load_kw
7,81,6397.4464516129028,1219.4364223294531,31,month,load_kw
7,82,6428.4939290322582,1184.9572338283965,31,month,load_kw
7,83,6429.6247225806455,1187.6465419264944,31,month,load_kw
7,84,6435.1841935483872,1225.5773534455077,31,month,load_kw
7,85,6479.2156354838717,1238.0745611498862,31,month,load_kw
7,86,6523.2449419354843,1200.9840106690976,31,month,load_kw
7,87,6528.2448387096774,1158.2056440772826,31,month,load_kw
7,88,6501.5586129032263,1187.2253332246569,31,month,load_kw
7,89,6556.5731161290323,1190.1073121847223,31,month,load_kw
7,90,6643.2116129032256,1180.3414335157345,31,month,load_kw
7,91,6603.2084548387102,1222.5005881070754,31,month,load_kw
7,92,6594.9625612903228,1216.8091795306912,31,month,load_kw
7,93,6637.5445161290327,1197.8687868539378,31,month,load_kw
7,94,6598.198493548387,1239.5514754347632,31,month,load_kw
7,95,6610.6083774193548,1241.4599181392878,31,month,load_kw
7,96,6682.4193548387093,1217.6650153577693,31,month,load_kw
7,97,6676.8044354838712,1255.8438653636592,31,month,load_kw
7,98,6657.135619354839,1268.4700403482429,31,month,load_kw
7,99,6688.8751612903225,1217.6216575463031,31,month,load_kw
7,100,6751.9006612903231,1194.7600153702858,31,month,load_kw
7,101,6694.9203516129037,1349.8325351713158,31,month,load_kw
7,102,6579.1138709677416,1552.1254838031568,31,month,load_kw
7,103,6608.9959451612904,1536.8813970759024,31,month,load_kw
7,104,6598.6685741935489,1457.8216806925266,31,month,load_kw
7,105,6605.4616129032256,1500.3760224114862,31,month,load_kw
7,106,6771.9842967741943,1621.1361382643329,31,month,load_kw
7,107,6267.182087096774,1269.4938528272235,31,month,load_kw
7,108,5361.8551612903229,677.93424488845028,31,month,load_kw
7,109,5238.6284387096775,662.82893748892843,31,month,load_kw
7,110,5357.7077451612904,788.84165553241678,31,month,load_kw
7,111,5335.9361290322577,763.58645522593986,31,month,load_kw
7,112,5345.0529000000006,719.65850296212454,31,month,load_kw
7,113,5369.8771258064507,727.96311492764858,31,month,load_kw
7,114,5381.953225806451,766.24683991251413,31,month,load_kw
7,115,5391.5544322580645,758.51626327222618,31,month,load_kw
7,116,5403.0698516129032,733.5441001534499,31,month,load_kw
7,117,5407.3048387096778,710.46623675288504,31,month,load_kw
7,118,5398.2982774193551,725.84449212947709,31,month,load_kw
7,119,5425.7175645161287,727.74829083498355,31,month,load_kw
7,120,5462.3738709677418,708.68872668084407,31,month,load_kw
7,121,5432.1688419354841,702.25889967589569,31,month,load_kw
7,122,5422.4960096774194,733.32115323257176,31,month,load_kw
7,123,5461.692258064516,763.29145721543648,31,month,load_kw
7,124,5482.1862322580646,758.28617495861124,31,month,load_kw
7,125,5440.7115580645159,738.64473577992953,31,month,load_kw
7,126,5397.2764516129037,728.71169489974284,31,month,load_kw
7,127,5449.0436935483867,708.61714588794939,31,month,load_kw
7,128,5467.0029064516129,724.39890100447872,31,month,load_kw
7,129,5482.1641935483867,746.54819851444392,31,month,load_kw
7,130,5566.8663967741932,711.88848151377488,31,month,load_kw
7,131,5132.8213870967738,582.08785017516652,31,month,load_kw
7,132,4437.4074193548386,463.42912694368385,31,month,load_kw
7,133,4393.0887612903225,451.26832898878069,31,month,load_kw
7,134,4504.063580645161,471.26107793316254,31,month,load_kw
7,135,4462.9690322580645,484.61525820217992,31,month,load_kw
7,136,4456.2731645161293,467.27968315225633,31,month,load_kw
7,137,4442.7784806451609,440.7136025635906,31,month,load_kw
7,138,4399.5061290322583,418.91840992948681,31,month,load_kw
7,139,4376.012496774194,432.552019063459,31,month,load_kw
7,140,4386.2886580645163,428.46683766136277,31,month,load_kw
7,141,4413.6483870967741,409.34103854118814,31,month,load_kw
7,142,4424.4876935483871,437.02145766664057,31,month,load_kw
7,143,4401.9323935483872,350.36722378723152,31,month,load_kw
7,144,4352.3100000000004,488.2510880069803,31,month,load_kw
8,1,4165.1096129032258,502.4049322829523,31,month,load_kw
8,2,4122.9614193548387,423.15922382816007,31,month,load_kw
8,3,4110.166774193548,447.88868292904431,31,month,load_kw
8,4,4103.4553935483873,480.50913922122027,31,month,load_kw
8,5,4112.3688322580647,515.76502108122418,31,month,load_kw
8,6,4112.1625806451611,523.47021219274575,31,month,load_kw
8,7,4058.8045354838709,502.9343807003392,31,month,load_kw
8,8,4002.3093870967741,445.72243172863068,31,month,load_kw
8,9,3984.5316129032258,430.45140987957257,31,month,load_kw
8,10,3996.009893548387,465.91397789845132,31,month,load_kw
8,11,3956.5529838709676,453.57139001895547,31,month,load_kw
8,12,3903.9677419354839,418.67051918909272,31,month,load_kw
8,13,3949.8096032258063,454.83688484606108,31,month,load_kw
8,14,3966.5162806451613,468.6203933542667,31,month,load_kw
8,15,3928.9932258064514,434.95549348860277,31,month,load_kw
8,16,3930.0896516129033,487.19366496949777,31,month,load_kw
8,17,3886.3689870967742,495.42823660874217,31,month,load_kw
8,18,3824.9709677419355,451.92223365202148,31,month,load_kw
8,19,3865.8351709677418,452.18165788604853,31,month,load_kw
8,20,3881.0805290322583,482.93940239035459,31,month,load_kw
8,21,3833.1190322580646,536.26402278700266,31,month,load_kw
8,22,3812.9087,568.94913095192146,31,month,load_kw
8,23,3810.0223838709676,488.6859454449222,31,month,load_kw
8,24,3793.8187096774195,406.72305162720528,31,month,load_kw
8,25,3758.3825741935484,453.2437420093064,31,month,load_kw
8,26,3765.0008161290325,501.54664122903023,31,month,load_kw
8,27,3791.4296774193544,470.7794135437095,31,month,load_kw
8,28,3750.9113451612902,444.96155579151986,31,month,load_kw
8,29,3697.0178064516126,437.6211215762192,31,month,load_kw
8,30,3659.4822580645159,476.89165529646027,31,month,load_kw
8,31,3627.1901096774195,519.63143409808094,31,month,load_kw
8,32,3658.3627774193551,492.74083529560221,31,month,load_kw
8,33,3661.6816129032259,452.36696106219466,31,month,load_kw
8,34,3544.6677451612904,421.27449443937843,31,month,load_kw
8,35,3842.187487096774,665.3466225015809,31,month,load_kw
8,36,4379.9122580645162,1017.4971811155373,31,month,load_kw
8,37,4404.9696903225804,1058.7257792910837,31,month,load_kw
8,38,4302.7517419354836,984.06369732934263,31,month,load_kw
8,39,4319.3712903225805,984.88072974258137,31,month,load_kw
8,40,4321.4100677419356,1011.7362138084378,31,month,load_kw
8,41,4383.9865580645164,921.68207937518832,31,month,load_kw
8,42,4482.8725806451612,757.3257588557592,31,month,load_kw
8,43,4493.7146290322589,706.11466911802415,31,month,load_kw
8,44,4507.3475580645154,731.55643932565567,31,month,load_kw
8,45,4458.9090322580641,754.26857341557445,31,month,load_kw
8,46,4296.5639677419358,738.8374776072352,31,month,load_kw
8,47,4807.9539645161294,1066.0810821134339,31,month,load_kw
8,48,5685.3054838709677,1577.3530747443933,31,month,load_kw
8,49,5758.6470709677415,1655.0092671254397,31,month,load_kw
8,50,5611.4173000000001,1596.7829913141077,31,month,load_kw
8,51,5637.7793548387099,1635.9492266875432,31,month,load_kw
8,52,5654.3643677419359,1679.2282143938312,31,month,load_kw
8,53,5728.5792032258069,1529.4157628202115,31,month,load_kw
8,54,5836.4074193548386,1301.3397571604623,31,month,load_kw
8,55,5845.9358645161292,1285.0065859428357,31,month,load_kw
8,56,5834.2074516129032,1313.189757958341,31,month,load_kw
8,57,5837.9606451612899,1275.0294756800342,31,month,load_kw
8,58,5823.2696999999998,1254.1678717349312,31,month,load_kw
8,59,5845.782967741935,1267.1221464402886,31,month,load_kw
8,60,5870.2141935483878,1296.2301668319408,31,month,load_kw
8,61,5811.8221580645159,1304.1452644189719,31,month,load_kw
8,62,5835.2161516129026,1320.9417973510842,31,month,load_kw
8,63,5934.5480645161288,1333.8175027701986,31,month,load_kw
8,64,5931.0454774193549,1308.7160062891153,31,month,load_kw
8,65,5887.8334612903227,1251.7666586702157,31,month,load_kw
8,66,5871.6577419354844,1234.9381287921799,31,month,load_kw
8,67,5882.1485967741937,1292.5744671962725,31,month,load_kw
8,68,5890.1444258064512,1334.3221604983376,31,month,load_kw
8,69,5904.6854838709678,1332.3338041242735,31,month,load_kw
8,70,5936.784703225806,1314.4926345817084,31,month,load_kw
8,71,5837.7130258064517,1236.2743000479106,31,month,load_kw
8,72,5676.6180645161294,1131.8369828923223,31,month,load_kw
8,73,5682.8711903225812,1094.1169381250072,31,month,load_kw
8,74,5701.7694483870964,1120.6876587756481,31,month,load_kw
8,75,5667.358709677419,1133.7356124886201,31,month,load_kw
8,76,5690.5247096774192,1070.9198580172424,31,month,load_kw
8,77,5832.7713129032263,1141.3631805085718,31,month,load_kw
8,78,5997.4770967741943,1300.984888231972,31,month,load_kw
8,79,6020.385696774194,1282.0010064059734,31,month,load_kw
8,80,6034.2325322580646,1232.3087001111171,31,month,load_kw
8,81,6080.5651612903221,1262.2365112526018,31,month,load_kw
8,82,6072.5343354838715,1325.1829057254024,31,month,load_kw
8,83,6074.044319354839,1341.3438022033408,31,month,load_kw
8,84,6103.8993548387098,1314.9922210287925,31,month,load_kw
8,85,6114.5,1331.5677262649319,31,month,load_kw
8,86,6129.516919354839,1332.0559237453394,31,month,load_kw
8,87,6154.7438709677417,1301.472015285455,31,month,load_kw
8,88,6170.9980032258063,1250.0054669520077,31,month,load_kw
8,89,6203.3653419354841,1240.8161661692084,31,month,load_kw
8,90,6235.5909677419359,1271.1965340008203,31,month,load_kw
8,91,6221.8121258064521,1281.0369219984645,31,month,load_kw
8,92,6207.4485677419352,1298.7184217896688,31,month,load_kw
8,93,6226.5316129032262,1312.0982620776965,31,month,load_kw
8,94,6272.8165774193549,1274.7892673513977,31,month,load_kw
8,95,6318.4134612903226,1268.98263191758,31,month,load_kw
8,96,6337.2574193548389,1295.0199372621457,31,month,load_kw
8,97,6326.4789935483877,1307.0924019951756,31,month,load_kw
8,98,6345.4081999999999,1301.1573398414894,31,month,load_kw
8,99,6396.8422580645165,1278.8659426635502,31,month,load_kw
8,100,6404.2990451612905,1245.5694294628349,31,month,load_kw
8,101,6271.4676935483876,1388.5151795081254,31,month,load_kw
8,102,6108.521612903226,1619.2343880140738,31,month,load_kw
8,103,6131.5316387096773,1664.1472104609481,31,month,load_kw
8,104,6151.8339451612901,1585.7340893084411,31,month,load_kw
8,105,6202.0445161290327,1582.6004028430316,31,month,load_kw
8,106,6396.2341548387103,1710.0413996100506,31,month,load_kw
8,107,5932.4387741935489,1372.3111102795788,31,month,load_kw
8,108,5078.7719354838709,762.88975410351986,31,month,load_kw
8,109,4983.2158677419357,705.1028947013848,31,month,load_kw
8,110,5127.5757193548388,791.09286379098569,31,month,load_kw
8,111,5130.8541935483872,772.78786696295992,31,month,load_kw
8,112,5138.4453903225813,783.97463384255866,31,month,load_kw
8,113,5131.4922516129036,760.18781327595855,31,month,load_kw
8,114,5098.6661290322581,736.97611614252207,31,month,load_kw
8,115,5082.3360612903225,798.87599264899791,31,month,load_kw
8,116,5117.2085580645162,824.63145296483833,31,month,load_kw
8,117,5164.5187096774189,805.89702044261173,31,month,load_kw
8,118,5151.0617387096772,835.16508345029206,31,month,load_kw
8,119,5146.2538774193554,842.22002231715305,31,month,load_kw
8,120,5177.8561290322587,807.11692399419394,31,month,load_kw
8,121,5199.2533129032254,768.76884296870219,31,month,load_kw
8,122,5181.2961129032255,729.00093295071281,31,month,load_kw
8,123,5159.4335483870973,725.08962790608803,31,month,load_kw
8,124,5190.1673548387098,757.47987943855458,31,month,load_kw
8,125,5182.6089419354839,778.33345849652801,31,month,load_kw
8,126,5142.4696774193544,773.45016683465747,31,month,load_kw
8,127,5162.5066096774199,764.23193495953637,31,month,load_kw
8,128,5155.6918806451613,755.15843566115427,31,month,load_kw
8,129,5180.4083870967743,771.10197645575954,31,month,load_kw
8,130,5301.3067935483878,820.01501053725917,31,month,load_kw
8,131,4887.7742741935481,718.55058926255538,31,month,load_kw
8,132,4202.2383870967742,543.54384896465513,31,month,load_kw
8,133,4195.0975193548393,516.22082542149121,31,month,load_kw
8,134,4319.3842709677419,506.13719898001727,31,month,load_kw
8,135,4247.3612903225812,471.87566576194553,31,month,load_kw
8,136,4205.6766709677422,510.29833813887484,31,month,load_kw
8,137,4216.1552096774194,495.60284455226588,31,month,load_kw
8,138,4217.9338709677422,468.06168015677451,31,month,load_kw
8,139,4162.2275483870972,471.59100682245474,31,month,load_kw
8,140,4142.5198709677416,491.86858641903007,31,month,load_kw
8,141,4166.1067741935485,506.2864766011898,31,month,load_kw
8,142,4155.3721612903228,512.05139734452814,31,month,load_kw
8,143,4175.936780645161,427.98083326957413,31,month,load_kw
8,144,4211.6819354838708,533.78528433830877,31,month,load_kw
9,1,3366.58815,523.9495769013962,30,month,load_kw
9,2,3325.3188933333336,489.35627390319326,30,month,load_kw
9,3,3277.9906666666666,429.45473511975814,30,month,load_kw
9,4,3291.6192500000002,447.46142156983592,30,month,load_kw
9,5,3312.4208433333333,463.70773957767506,30,month,load_kw
9,6,3304.873,448.45538283550331,30,month,load_kw
9,7,3282.7706800000001,470.76305602571438,30,month,load_kw
9,8,3260.5408499999999,455.58926380530806,30,month,load_kw
9,9,3255.5433333333335,433.2949738149905,30,month,load_kw
9,10,3277.19796,466.61760229942445,30,month,load_kw
9,11,3291.4766333333332,458.62142120800746,30,month,load_kw
9,12,3289.2549999999997,416.28721767341807,30,month,load_kw
9,13,3293.4916400000002,439.88642102051955,30,month,load_kw
9,14,3311.2052366666667,460.03993032100311,30,month,load_kw
9,15,3320.8559999999998,438.71262022201842,30,month,load_kw
9,16,3296.7812300000001,436.21748423813358,30,month,load_kw
9,17,3291.2297366666667,432.10124489586713,30,month,load_kw
9,18,3323.4879999999998,426.21546390496445,30,month,load_kw
9,19,3360.0090866666665,435.11315133196274,30,month,load_kw
9,20,3368.0615366666666,440.68903077639948,30,month,load_kw
9,21,3345.8393333333329,457.43573172808573,30,month,load_kw
9,22,3322.19146,479.51072315953382,30,month,load_kw
9,23,3326.64266,448.54947046491884,30,month,load_kw
9,24,3357.279,407.98698590932941,30,month,load_kw
9,25,3385.3605833333336,434.10483829141617,30,month,load_kw
9,26,3400.1522333333332,446.8832731923485,30,month,load_kw
9,27,3400.3966666666665,437.39194035219424,30,month,load_kw
9,28,3393.8557266666667,466.4287505239522,30,month,load_kw
9,29,3403.9730366666668,452.73980096227876,30,month,load_kw
9,30,3415.686666666667,410.70389059166024,30,month,load_kw
9,31,3398.0895533333332,423.06843245701316,30,month,load_kw
9,32,3419.3993766666667,463.51159621369118,30,month,load_kw
9,33,3413.9349999999999,478.10375230768653,30,month,load_kw
9,34,3313.8730733333337,400.40706575173101,30,month,load_kw
9,35,3642.1812966666671,607.02879784264314,30,month,load_kw
9,36,4224.4466666666667,977.35285503781847,30,month,load_kw
9,37,4312.7117366666671,999.68800668839037,30,month,load_kw
9,38,4236.4529266666668,913.85207220072107,30,month,load_kw
9,39,4246.71,923.22831463930095,30,month,load_kw
9,40,4264.1589566666671,978.46133604086253,30,month,load_kw
9,41,4312.9735033333327,885.17746798263283,30,month,load_kw
9,42,4368.6246666666666,712.31413634683702,30,month,load_kw
9,43,4365.65697,725.36899256021002,30,month,load_kw
9,44,4380.9670066666667,800.61453826336856,30,month,load_kw
9,45,4347.1080000000002,775.00422850192399,30,month,load_kw
9,46,4225.5418133333333,672.26229234930349,30,month,load_kw
9,47,4761.9610866666662,986.03655604534731,30,month,load_kw
9,48,5658.4180000000006,1527.8938302806432,30,month,load_kw
9,49,5788.7775933333332,1584.1678238050802,30,month,load_kw
9,50,5657.1517899999999,1513.7444218115429,30,month,load_kw
9,51,5648.6673333333329,1560.7683412056654,30,month,load_kw
9,52,5648.0370066666665,1578.4094983112373,30,month,load_kw
9,53,5694.9250300000003,1412.9807186002477,30,month,load_kw
9,54,5779.0366666666669,1201.9154392808214,30,month,load_kw
9,55,5815.0249633333333,1246.3962374442985,30,month,load_kw
9,56,5797.0330300000005,1281.4705161496472,30,month,load_kw
9,57,5766.6726666666664,1224.0110428646926,30,month,load_kw
9,58,5772.5479499999992,1229.6496035804971,30,month,load_kw
9,59,5785.7555600000005,1226.9941084487712,30,month,load_kw
9,60,5774.7329999999993,1203.3473717155937,30,month,load_kw
9,61,5739.8254033333333,1230.8006775737897,30,month,load_kw
9,62,5737.1049933333325,1242.6887672609114,30,month,load_kw
9,63,5748.4589999999998,1215.7498280608556,30,month,load_kw
9,64,5705.6146966666674,1195.7951562118269,30,month,load_kw
9,65,5686.8803699999999,1209.2574086198808,30,month,load_kw
9,66,5705.8323333333337,1226.4535790354441,30,month,load_kw
9,67,5695.7218666666658,1205.6071233330149,30,month,load_kw
9,68,5677.4617100000005,1194.9632495166663,30,month,load_kw
9,69,5685.6386666666667,1231.2977077044206,30,month,load_kw
9,70,5701.9290000000001,1266.625446313863,30,month,load_kw
9,71,5547.712653333333,1178.1779291640917,30,month,load_kw
9,72,5320.2056666666667,1032.89919666286,30,month,load_kw
9,73,5313.5289099999991,1042.734196007385,30,month,load_kw
9,74,5354.0865266666669,1079.7197555614407,30,month,load_kw
9,75,5327.4410000000007,1061.0109880199004,30,month,load_kw
9,76,5308.1383266666671,1040.5427716571703,30,month,load_kw
9,77,5400.872143333333,1108.8706801138683,30,month,load_kw
9,78,5544.0339999999997,1229.1886101804073,30,month,load_kw
9,79,5565.47786,1259.1912400687513,30,month,load_kw
9,80,5535.6375399999997,1229.1201255279818,30,month,load_kw
9,81,5525.2886666666664,1200.0008700563897,30,month,load_kw
9,82,5532.6794933333331,1216.6376238315891,30,month,load_kw
9,83,5517.189253333333,1239.3837900782737,30,month,load_kw
9,84,5485.4303333333337,1238.8497524566708,30,month,load_kw
9,85,5482.017476666666,1233.1337893746966,30,month,load_kw
9,86,5480.1995500000003,1234.2219022386516,30,month,load_kw
9,87,5473.2733333333335,1236.4684279342359,30,month,load_kw
9,88,5488.2673333333332,1218.8636059475944,30,month,load_kw
9,89,5531.7507833333339,1186.5491490011111,30,month,load_kw
9,90,5573.9303333333337,1166.850007396818,30,month,load_kw
9,91,5573.5830466666666,1188.8601597842164,30,month,load_kw
9,92,5564.8975033333327,1219.168423730431,30,month,load_kw
9,93,5551.9260000000004,1232.7000549889074,30,month,load_kw
9,94,5521.8707366666667,1222.0882486887435,30,month,load_kw
9,95,5583.4321799999998,1211.0648065634377,30,month,load_kw
9,96,5684.8249999999998,1206.8291641400474,30,month,load_kw
9,97,5659.58871,1199.0758661912312,30,month,load_kw
9,98,5641.1304,1198.0787417841598,30,month,load_kw
9,99,5679.7273333333333,1210.9037593607604,30,month,load_kw
9,100,5680.3042166666673,1212.6239831413614,30,month,load_kw
9,101,5610.1575499999999,1315.5386231171412,30,month,load_kw
9,102,5521.7846666666674,1476.5475537859472,30,month,load_kw
9,103,5496.1381266666667,1536.3715618802944,30,month,load_kw
9,104,5464.8252466666663,1535.6301385225931,30,month,load_kw
9,105,5508.4520000000002,1578.4494871111267,30,month,load_kw
9,106,5666.6544933333334,1644.2865944466926,30,month,load_kw
9,107,5127.3293166666672,1278.6770169029603,30,month,load_kw
9,108,4238.8873333333331,707.05174795222649,30,month,load_kw
9,109,4229.1615566666669,642.28158860362669,30,month,load_kw
9,110,4378.3152666666674,749.95116376359624,30,month,load_kw
9,111,4298.5356666666667,767.4079465572371,30,month,load_kw
9,112,4326.911243333333,775.15045993485114,30,month,load_kw
9,113,4370.6172200000001,770.50879854049117,30,month,load_kw
9,114,4372.8136666666669,740.96625568139461,30,month,load_kw
9,115,4392.7687100000003,772.14297642791757,30,month,load_kw
9,116,4350.8408433333334,787.38651247755377,30,month,load_kw
9,117,4294.1603333333333,758.14834204670024,30,month,load_kw
9,118,4359.7940433333333,721.5479088480871,30,month,load_kw
9,119,4400.0906100000002,719.41069132588791,30,month,load_kw
9,120,4381.9286666666658,736.36336395659407,30,month,load_kw
9,121,4410.6709933333332,751.79168636671386,30,month,load_kw
9,122,4401.7557666666671,737.74937363893514,30,month,load_kw
9,123,4360.9859999999999,723.05285630514913,30,month,load_kw
9,124,4388.4618866666669,757.49384024864514,30,month,load_kw
9,125,4407.2884933333326,766.53602052640463,30,month,load_kw
9,126,4418.5900000000001,745.44758864771279,30,month,load_kw
9,127,4482.5165233333337,749.76516271902642,30,month,load_kw
9,128,4416.1905833333331,732.49788532426726,30,month,load_kw
9,129,4340.6580000000004,692.11013671285707,30,month,load_kw
9,130,4486.1219166666669,754.53381170189834,30,month,load_kw
9,131,4107.5221933333332,626.23727407442414,30,month,load_kw
9,132,3401.116,392.7966496415865,30,month,load_kw
9,133,3360.36949,426.02652330222861,30,month,load_kw
9,134,3439.6083833333332,481.54414643248907,30,month,load_kw
9,135,3346.9966666666664,423.8420420338245,30,month,load_kw
9,136,3356.3215233333331,395.68101217111627,30,month,load_kw
9,137,3401.0547533333333,458.8612484572123,30,month,load_kw
9,138,3412.4286666666667,511.73360041935979,30,month,load_kw
9,139,3407.5082866666667,457.56689835036161,30,month,load_kw
9,140,3387.3765733333335,438.96514104648514,30,month,load_kw
9,141,3363.8433333333332,492.59116511273976,30,month,load_kw
9,142,3357.1838833333331,489.19318818848575,30,month,load_kw
9,143,3359.0068499999998,387.86554387964861,30,month,load_kw
9,144,3360.7773333333334,460.17488573542255,30,month,load_kw
10,1,3141.3980967741936,478.5115965652754,31,month,load_kw
10,2,3121.5959129032258,459.22552508598267,31,month,load_kw
10,3,3133.1609677419356,440.60636939982936,31,month,load_kw
10,4,3164.4244000000003,422.16614854757995,31,month,load_kw
10,5,3187.2614774193548,418.48628713079927,31,month,load_kw
10,6,3193.6706451612899,437.65775893907096,31,month,load_kw
10,7,3195.9185677419355,475.26686129033675,31,month,load_kw
10,8,3192.7547935483872,458.63720141077164,31,month,load_kw
10,9,3200.8332258064515,424.32541339076943,31,month,load_kw
10,10,3238.8024225806453,436.49394630007851,31,month,load_kw
10,11,3250.4119999999998,464.11365010321919,31,month,load_kw
10,12,3235.6725806451614,477.22665159556863,31,month,load_kw
10,13,3250.8440806451613,486.57813179760927,31,month,load_kw
10,14,3277.2408387096775,478.01387146095777,31,month,load_kw
10,15,3298.1580645161289,455.68174027800995,31,month,load_kw
10,16,3315.2468870967741,454.79604865192988,31,month,load_kw
10,17,3318.1483451612903,469.618216575774,31,month,load_kw
10,18,3310.1441935483872,485.41981869837304,31,month,load_kw
10,19,3305.9514806451612,451.65052570628501,31,month,load_kw
10,20,3299.4882967741933,439.57895297296517,31,month,load_kw
10,21,3301.5654838709679,455.52349870479571,31,month,load_kw
10,22,3331.1157193548388,465.90934627850618,31,month,load_kw
10,23,3351.7562838709678,462.55514326540225,31,month,load_kw
10,24,3342.8190322580645,447.2617946375093,31,month,load_kw
10,25,3321.5717548387097,427.2903196604106,31,month,load_kw
10,26,3335.1106903225805,454.49414375581659,31,month,load_kw
10,27,3374.8200000000002,497.11117763869822,31,month,load_kw
10,28,3387.7214741935481,457.95627761487015,31,month,load_kw
10,29,3392.9336129032258,438.74890835039787,31,month,load_kw
10,30,3386.8548387096776,447.95727305083437,31,month,load_kw
10,31,3351.3171709677417,437.66777992493513,31,month,load_kw
10,32,3368.5219935483874,448.40156470427695,31,month,load_kw
10,33,3384.5909677419359,446.02382378340008,31,month,load_kw
10,34,3326.4377419354842,402.31139933223506,31,month,load_kw
10,35,3656.5213548387096,593.83092975615136,31,month,load_kw
10,36,4196.4580645161286,947.71112408588351,31,month,load_kw
10,37,4256.3597870967742,1029.7392618538308,31,month,load_kw
10,38,4188.5057645161296,992.48664827691698,31,month,load_kw
10,39,4208.4880645161293,981.59748977001561,31,month,load_kw
10,40,4185.8652258064512,974.64777249583801,31,month,load_kw
10,41,4221.676674193548,872.72366899838494,31,month,load_kw
10,42,4310.1822580645157,730.35384215556644,31,month,load_kw
10,43,4330.5455064516127,725.30172382396211,31,month,load_kw
10,44,4368.2266032258067,780.17247654104085,31,month,load_kw
10,45,4340.2480645161295,762.38290205302724,31,month,load_kw
10,46,4178.1098032258069,681.72101900395728,31,month,load_kw
10,47,4699.6970096774194,1027.7791493708892,31,month,load_kw
10,48,5604.5664516129027,1589.9888715513043,31,month,load_kw
10,49,5698.73659032258,1627.390407762163,31,month,load_kw
10,50,5555.3110612903229,1531.5340200940484,31,month,load_kw
10,51,5562.0674193548384,1567.4545132942299,31,month,load_kw
10,52,5540.8490193548387,1582.9717350839512,31,month,load_kw
10,53,5607.691241935484,1460.1648778900305,31,month,load_kw
10,54,5743.8861290322584,1282.689997262725,31,month,load_kw
10,55,5772.5517032258058,1244.1147233337949,31,month,load_kw
10,56,5743.5276741935486,1283.6273460591915,31,month,load_kw
10,57,5721.1058064516128,1304.7720339195253,31,month,load_kw
10,58,5715.8293032258061,1264.8589085393166,31,month,load_kw
10,59,5703.265980645162,1225.3181376217412,31,month,load_kw
10,60,5688.0374193548387,1230.8892763634151,31,month,load_kw
10,61,5698.082674193548,1268.6624917412184,31,month,load_kw
10,62,5705.9736322580648,1257.9878418657979,31,month,load_kw
10,63,5683.5158064516127,1214.5800714452005,31,month,load_kw
10,64,5634.5033645161293,1230.0477014911971,31,month,load_kw
10,65,5632.2529161290322,1250.3436880642723,31,month,load_kw
10,66,5665.148709677419,1243.0306645741339,31,month,load_kw
10,67,5650.2725677419348,1225.8317599306279,31,month,load_kw
10,68,5626.5807999999997,1235.5801337696751,31,month,load_kw
10,69,5628.7819354838703,1264.7716372516143,31,month,load_kw
10,70,5624.9231354838712,1248.4119109258454,31,month,load_kw
10,71,5471.7571935483875,1172.3529324007357,31,month,load_kw
10,72,5271.481935483871,1092.9590122672164,31,month,load_kw
10,73,5279.9913741935479,1091.7427865536852,31,month,load_kw
10,74,5288.0199258064513,1098.5803201049155,31,month,load_kw
10,75,5229.8890322580646,1069.4358441170584,31,month,load_kw
10,76,5261.0255838709681,1041.5450318981377,31,month,load_kw
10,77,5368.972125806451,1122.0446838903333,31,month,load_kw
10,78,5478.1138709677416,1259.9811409585393,31,month,load_kw
10,79,5516.9262580645163,1288.5840235151713,31,month,load_kw
10,80,5502.9594193548382,1275.1542940846487,31,month,load_kw
10,81,5465.4025806451618,1270.3602185573659,31,month,load_kw
10,82,5428.5524258064515,1255.2117282563474,31,month,load_kw
10,83,5436.9782870967738,1256.4606582853696,31,month,load_kw
10,84,5461.279032258064,1265.5033166882779,31,month,load_kw
10,85,5425.5637580645162,1251.362098289487,31,month,load_kw
10,86,5382.4496161290326,1250.5196803972647,31,month,load_kw
10,87,5368.3351612903234,1264.384167666539,31,month,load_kw
10,88,5373.0522516129031,1262.2331178110187,31,month,load_kw
10,89,5395.7245032258061,1265.712924109775,31,month,load_kw
10,90,5408.6829032258065,1271.0212200279311,31,month,load_kw
10,91,5377.4822516129034,1248.7309074929151,31,month,load_kw
10,92,5356.2194258064519,1248.3775180605835,31,month,load_kw
10,93,5353.6845161290321,1264.687088732067,31,month,load_kw
10,94,5331.0204000000003,1258.9667748930581,31,month,load_kw
10,95,5327.4867096774187,1255.135154279136,31,month,load_kw
10,96,5348.7606451612901,1262.5022086315614,31,month,load_kw
10,97,5351.4394000000002,1260.0503806940699,31,month,load_kw
10,98,5314.2250774193553,1268.3574488674758,31,month,load_kw
10,99,5290.1790322580646,1258.1351358746665,31,month,load_kw
10,100,5334.6038483870971,1195.1026605400777,31,month,load_kw
10,101,5252.1906677419356,1320.9562058188806,31,month,load_kw
10,102,5088.8164516129027,1570.1688940632009,31,month,load_kw
10,103,5088.3698096774197,1621.7006742407009,31,month,load_kw
10,104,5081.8858935483868,1566.4408312457188,31,month,load_kw
10,105,5099.9167741935489,1574.9145690849118,31,month,load_kw
10,106,5241.6654838709683,1661.8953691080021,31,month,load_kw
10,107,4714.3887967741939,1327.7324892081576,31,month,load_kw
10,108,3813.0225806451613,758.0110751080432,31,month,load_kw
10,109,3708.3016612903225,680.53241215536752,31,month,load_kw
10,110,3844.5535741935482,746.5095918471809,31,month,load_kw
10,111,3823.2477419354836,724.17802681251283,31,month,load_kw
10,112,3810.2191064516128,725.82178487808244,31,month,load_kw
10,113,3816.7454612903225,745.48759170681603,31,month,load_kw
10,114,3825.1045161290322,750.89864636908533,31,month,load_kw
10,115,3835.7555870967744,735.82092905834656,31,month,load_kw
10,116,3856.0196129032261,715.54824115156237,31,month,load_kw
10,117,3876.6932258064517,721.55808484319596,31,month,load_kw
10,118,3878.5558161290323,742.02813012629781,31,month,load_kw
10,119,3874.1000387096774,771.15771696102206,31,month,load_kw
10,120,3873.4374193548388,781.91749692222538,31,month,load_kw
10,121,3876.7225161290321,763.03796829585929,31,month,load_kw
10,122,3885.6458000000002,737.44472262598106,31,month,load_kw
10,123,3887.2135483870966,724.34652382474326,31,month,load_kw
10,124,3866.5937612903226,725.2652906379866,31,month,load_kw
10,125,3860.8632806451615,723.71960281339682,31,month,load_kw
10,126,3886.7351612903226,721.3137194446947,31,month,load_kw
10,127,3920.7688193548388,743.591233339675,31,month,load_kw
10,128,3918.185816129032,737.98757082175393,31,month,load_kw
10,129,3948.5564516129034,730.57343281173496,31,month,load_kw
10,130,4039.5338548387099,759.2562484685742,31,month,load_kw
10,131,3617.0998774193549,659.04678001973502,31,month,load_kw
10,132,2939.6222580645162,470.5555605927222,31,month,load_kw
10,133,2904.4541322580644,450.62597446398445,31,month,load_kw
10,134,3049.6254225806451,453.2831828057362,31,month,load_kw
10,135,3044.6816129032259,411.91951989109697,31,month,load_kw
10,136,3021.9468096774194,405.93464873842635,31,month,load_kw
10,137,3034.2374806451612,418.87725866898478,31,month,load_kw
10,138,3064.175806451613,428.17126612898096,31,month,load_kw
10,139,3069.9624741935486,434.42347330793478,31,month,load_kw
10,140,3089.5125967741933,443.11574994382187,31,month,load_kw
10,141,3120.3035483870967,453.30487243170307,31,month,load_kw
10,142,3119.8919516129035,425.10448585253937,31,month,load_kw
10,143,3126.834151612903,339.28187978197116,31,month,load_kw
10,144,3137.7812903225808,437.46539997080095,31,month,load_kw
11,1,3111.4240199999999,461.05799131600196,30,month,load_kw
11,2,3130.1191200000003,432.35323810956453,30,month,load_kw
11,3,3164.1096666666663,456.61985846135121,30,month,load_kw
11,4,3168.6764200000002,432.99018618616032,30,month,load_kw
11,5,3173.5966366666667,434.6766988005449,30,month,load_kw
11,6,3184.1773333333335,476.05208035816133,30,month,load_kw
11,7,3177.9385966666669,469.90328148469433,30,month,load_kw
11,8,3193.5457733333333,442.93035484792586,30,month,load_kw
11,9,3222.8803333333335,431.62395947912432,30,month,load_kw
11,10,3219.4907600000001,439.77095297592297,30,month,load_kw
11,11,3230.6239700000001,449.76560325688882,30,month,load_kw
11,12,3255.4326666666666,457.23553539409698,30,month,load_kw
11,13,3245.5098233333333,439.8310783861433,30,month,load_kw
11,14,3248.6069699999998,424.70223586000793,30,month,load_kw
11,15,3282.0846666666666,427.75331527551646,30,month,load_kw
11,16,3311.7508933333334,448.46488968892919,30,month,load_kw
11,17,3319.0254199999999,454.86080105802233,30,month,load_kw
11,18,3310.9000000000001,434.7250539966771,30,month,load_kw
11,19,3309.4363500000004,422.28383730342887,30,month,load_kw
11,20,3313.1915666666669,433.08972567698618,30,month,load_kw
11,21,3325.1776666666669,454.24050587450535,30,month,load_kw
11,22,3351.9636566666668,426.71254371061144,30,month,load_kw
11,23,3372.2482566666667,434.6235672363652,30,month,load_kw
11,24,3361.0963333333334,475.51919216849143,30,month,load_kw
11,25,3315.9013,478.7312145895375,30,month,load_kw
11,26,3306.3666633333332,453.97137946322846,30,month,load_kw
11,27,3347.3196666666668,441.87997625727098,30,month,load_kw
11,28,3383.4125966666666,446.10484377583225,30,month,load_kw
11,29,3373.2864466666665,474.6678527921195,30,month,load_kw
11,30,3348.7106666666668,495.97906442839331,30,month,load_kw
11,31,3380.7366400000001,482.47585394553181,30,month,load_kw
11,32,3421.69263,471.78372328117428,30,month,load_kw
11,33,3381.402,446.68588972411106,30,month,load_kw
11,34,3284.4550833333333,382.57260803618578,30,month,load_kw
11,35,3626.6575400000002,590.92765329979886,30,month,load_kw
11,36,4199.9359999999997,961.36602565308101,30,month,load_kw
11,37,4259.9028666666663,1031.5952336054183,30,month,load_kw
11,38,4185.0009666666665,976.33909812033153,30,month,load_kw
11,39,4207.1866666666665,969.99663825700191,30,month,load_kw
11,40,4187.7606699999997,1002.7913208589856,30,month,load_kw
11,41,4241.0019066666664,938.3504548528158,30,month,load_kw
11,42,4337.6779999999999,792.44913522137381,30,month,load_kw
11,43,4318.1581500000002,719.27283198704015,30,month,load_kw
11,44,4335.1843099999996,754.87016327131403,30,month,load_kw
11,45,4343.6273333333338,759.1586251167771,30,month,load_kw
11,46,4240.0925733333333,651.15621925563119,30,month,load_kw
11,47,4748.037636666666,989.58418673845324,30,month,load_kw
11,48,5589.4520000000002,1585.4489255758622,30,month,load_kw
11,49,5685.1384733333334,1657.9300487938447,30,month,load_kw
11,50,5569.3189299999995,1573.4393233488956,30,month,load_kw
11,51,5583.3666666666668,1604.4778802041392,30,month,load_kw
11,52,5549.09141,1620.043300005331,30,month,load_kw
11,53,5634.3787266666668,1460.8954673839864,30,month,load_kw
11,54,5788.0963333333339,1238.5130433806594,30,month,load_kw
11,55,5756.6892833333341,1225.4474612928225,30,month,load_kw
11,56,5716.1569033333335,1236.0151253473464,30,month,load_kw
11,57,5732.7646666666669,1210.1327406065072,30,month,load_kw
11,58,5698.7669733333332,1260.8700837513488,30,month,load_kw
11,59,5687.7548666666671,1273.9265629799784,30,month,load_kw
11,60,5711.1173333333327,1245.6951443241012,30,month,load_kw
11,61,5694.3445199999996,1285.7951887717256,30,month,load_kw
11,62,5658.594423333333,1270.2863387008842,30,month,load_kw
11,63,5637.0406666666668,1212.0965568540616,30,month,load_kw
11,64,5638.3809633333331,1259.519335019228,30,month,load_kw
11,65,5627.9140500000003,1290.7125161612303,30,month,load_kw
11,66,5607.2343333333329,1267.5436648662812,30,month,load_kw
11,67,5606.4458400000003,1282.1784022201739,30,month,load_kw
11,68,5584.9345400000002,1283.3611625420249,30,month,load_kw
11,69,5557.8019999999997,1275.4042799871947,30,month,load_kw
11,70,5565.13706,1286.6028686400766,30,month,load_kw
11,71,5461.5587700000005,1221.5015940317203,30,month,load_kw
11,72,5287.1950000000006,1105.2506956459526,30,month,load_kw
11,73,5248.8288633333332,1077.829588390322,30,month,load_kw
11,74,5289.41327,1096.5038893666278,30,month,load_kw
11,75,5290.2719999999999,1100.3424100467937,30,month,load_kw
11,76,5212.877926666667,1069.442444759809,30,month,load_kw
11,77,5295.7523766666673,1130.0884479103813,30,month,load_kw
11,78,5482.4636666666665,1254.2672938178944,30,month,load_kw
11,79,5473.6339466666668,1281.1106561336383,30,month,load_kw
11,80,5444.5016900000001,1286.3585492387856,30,month,load_kw
11,81,5461.8853333333336,1294.1729945938803,30,month,load_kw
11,82,5417.3943866666668,1240.6705423622941,30,month,load_kw
11,83,5418.892976666667,1220.0679141183823,30,month,load_kw
11,84,5466.7640000000001,1251.9664351885081,30,month,load_kw
11,85,5439.2292866666667,1268.9485098816258,30,month,load_kw
11,86,5380.9989899999991,1273.6344180822246,30,month,load_kw
11,87,5352.7966666666662,1279.7780540588178,30,month,load_kw
11,88,5369.5713566666664,1283.2812665915856,30,month,load_kw
11,89,5375.5074800000002,1269.0196875212787,30,month,load_kw
11,90,5358.5200000000004,1255.4667051463509,30,month,load_kw
11,91,5356.4198400000005,1277.0309511773073,30,month,load_kw
11,92,5362.0522766666663,1263.0771175146244,30,month,load_kw
11,93,5354.8083333333334,1229.9249850690596,30,month,load_kw
11,94,5325.226443333333,1256.7149154760425,30,month,load_kw
11,95,5312.507286666666,1283.7673783481537,30,month,load_kw
11,96,5320.4389999999994,1286.4406629315604,30,month,load_kw
11,97,5316.2512466666667,1290.5780115520104,30,month,load_kw
11,98,5310.9453599999997,1288.6391070819377,30,month,load_kw
11,99,5318.4719999999998,1271.2195775992925,30,month,load_kw
11,100,5324.2851033333327,1280.2823381972073,30,month,load_kw
11,101,5240.555416666667,1438.3373726329123,30,month,load_kw
11,102,5112.2140000000009,1640.7187207789405,30,month,load_kw
11,103,5078.3279466666672,1630.4866465687558,30,month,load_kw
11,104,5058.3401233333334,1554.3423355159316,30,month,load_kw
11,105,5092.1653333333334,1577.8884413009889,30,month,load_kw
11,106,5201.4313233333332,1672.1337639094372,30,month,load_kw
11,107,4678.7425800000001,1344.3441980262378,30,month,load_kw
11,108,3821.7286666666669,789.16792828873906,30,month,load_kw
11,109,3710.4171766666668,715.14673862554844,30,month,load_kw
11,110,3822.9925733333334,766.90573050865282,30,month,load_kw
11,111,3803.5513333333338,742.76572595491609,30,month,load_kw
11,112,3822.0673733333333,787.47967155759068,30,month,load_kw
11,113,3837.5908199999999,783.104627725608,30,month,load_kw
11,114,3825.8513333333331,740.90360704291038,30,month,load_kw
11,115,3824.9269633333333,787.63970883989168,30,month,load_kw
11,116,3820.9836333333337,792.63310010855605,30,month,load_kw
11,117,3827.462,731.65346812780729,30,month,load_kw
11,118,3869.2435766666667,724.25977612263171,30,month,load_kw
11,119,3858.8206,755.45299977426475,30,month,load_kw
11,120,3820.949333333333,766.5240226927383,30,month,load_kw
11,121,3865.3963166666667,735.24995008620544,30,month,load_kw
11,122,3884.7470133333331,739.40809304667744,30,month,load_kw
11,123,3852.9103333333333,772.91844240083537,30,month,load_kw
11,124,3855.2606366666664,742.55709643508533,30,month,load_kw
11,125,3875.3502833333332,742.70954748778229,30,month,load_kw
11,126,3892.0836666666664,788.7076754980518,30,month,load_kw
11,127,3899.364333333333,778.82557016689998,30,month,load_kw
11,128,3867.2328199999997,754.31630069356106,30,month,load_kw
11,129,3882.3660000000004,760.14791654764406,30,month,load_kw
11,130,3987.8383366666667,776.67002343681838,30,month,load_kw
11,131,3603.5091066666664,656.16092904156187,30,month,load_kw
11,132,2960.873,474.54926251418675,30,month,load_kw
11,133,2923.7938399999998,448.27637361054116,30,month,load_kw
11,134,3032.9743800000001,490.122972763745,30,month,load_kw
11,135,3000.0009999999997,494.65961334171925,30,month,load_kw
11,136,3002.2104733333331,446.9902376793093,30,month,load_kw
11,137,3031.9955733333331,418.28056877533265,30,month,load_kw
11,138,3060.2396666666668,423.31795281531242,30,month,load_kw
11,139,3082.8737699999997,441.53585050386158,30,month,load_kw
11,140,3076.5835900000002,457.47760279577989,30,month,load_kw
11,141,3058.1676666666667,460.64140034104719,30,month,load_kw
11,142,3074.6540033333335,497.90147038736882,30,month,load_kw
11,143,3113.04862,379.89550926881543,30,month,load_kw
11,144,3146.9363333333331,462.84126876532827,30,month,load_kw
12,1,3309.778029032258,496.1064729133912,31,month,load_kw
12,2,3355.1284064516126,450.50640186566568,31,month,load_kw
12,3,3367.7038709677422,418.55099665932721,31,month,load_kw
12,4,3364.9289709677419,417.3633549386052,31,month,load_kw
12,5,3370.4176096774195,429.50970303749699,31,month,load_kw
12,6,3393.2532258064516,440.93525819094344,31,month,load_kw
12,7,3427.457409677419,426.34750132125032,31,month,load_kw
12,8,3468.5940419354843,430.78267488862775,31,month,load_kw
12,9,3501.4387096774194,430.15693245405168,31,month,load_kw
12,10,3513.6120903225806,412.71260096186006,31,month,load_kw
12,11,3547.037216129032,414.40973561084047,31,month,load_kw
12,12,3601.405806451613,427.809109991627,31,month,load_kw
12,13,3628.3603193548383,429.18728222560713,31,month,load_kw
12,14,3613.3456870967743,427.17887825156549,31,month,load_kw
12,15,3602.6103225806451,430.91087270636268,31,month,load_kw
12,16,3654.866238709677,422.07642203191955,31,month,load_kw
12,17,3676.9942677419353,424.73617827358061,31,month,load_kw
12,18,3657.1819354838708,455.12655714954252,31,month,load_kw
12,19,3677.7728483870969,472.91717336844795,31,month,load_kw
12,20,3718.9633838709678,469.02481819280524,31,month,load_kw
12,21,3746.842258064516,442.72071575437315,31,month,load_kw
12,22,3754.0164096774197,448.04833910701598,31,month,load_kw
12,23,3785.2392483870967,460.66952676968981,31,month,load_kw
12,24,3831.2129032258067,458.18882634559839,31,month,load_kw
12,25,3835.972825806452,444.97667075914745,31,month,load_kw
12,26,3824.6732258064517,411.50072561895598,31,month,load_kw
12,27,3843.3625806451614,414.63420863027164,31,month,load_kw
12,28,3907.2810483870967,456.36451856858662,31,month,load_kw
12,29,3915.5240129032259,457.07271204754045,31,month,load_kw
12,30,3888.3958064516132,423.89664880152247,31,month,load_kw
12,31,3940.5172903225803,462.01729493718477,31,month,load_kw
12,32,3966.1065612903226,486.45176949812458,31,month,load_kw
12,33,3877.8309677419352,442.51111392713324,31,month,load_kw
12,34,3777.5627645161289,395.08734220163308,31,month,load_kw
12,35,4183.8296096774193,611.50879894067077,31,month,load_kw
12,36,4823.0561290322576,970.01383091746811,31,month,load_kw
12,37,4861.3632870967749,974.83982077298288,31,month,load_kw
12,38,4780.5752258064513,910.77296722613414,31,month,load_kw
12,39,4836.0822580645154,950.08527263507472,31,month,load_kw
12,40,4810.894170967742,979.18774766998297,31,month,load_kw
12,41,4848.8479935483865,860.61194967243489,31,month,load_kw
12,42,4952.4800000000005,685.76513006519474,31,month,load_kw
12,43,4955.3467967741935,704.77828522650395,31,month,load_kw
12,44,4956.9683516129035,772.22082518474417,31,month,load_kw
12,45,4921.3929032258065,743.3682529414948,31,month,load_kw
12,46,4816.0689387096772,642.90438187517827,31,month,load_kw
12,47,5384.3149129032263,958.38726162614057,31,month,load_kw
12,48,6290.9574193548387,1513.2845147161802,31,month,load_kw
12,49,6372.8468774193552,1607.8624915659648,31,month,load_kw
12,50,6225.0997935483865,1522.9538668297268,31,month,load_kw
12,51,6244.4119354838704,1509.7490175443495,31,month,load_kw
12,52,6242.5927516129032,1528.7583836349852,31,month,load_kw
12,53,6292.9729483870969,1405.6692210706653,31,month,load_kw
12,54,6384.1396774193545,1209.2489937739151,31,month,load_kw
12,55,6391.8711129032263,1178.1480469980188,31,month,load_kw
12,56,6367.2167129032259,1195.764671081693,31,month,load_kw
12,57,6346.5593548387096,1193.903988428817,31,month,load_kw
12,58,6319.0309451612902,1215.846608659439,31,month,load_kw
12,59,6322.6632903225809,1235.1610162467528,31,month,load_kw
12,60,6341.304516129032,1237.1551224316718,31,month,load_kw
12,61,6315.4404774193545,1245.7291691346152,31,month,load_kw
12,62,6279.0756612903224,1222.6683779669959,31,month,load_kw
12,63,6260.4464516129028,1178.1784568945072,31,month,load_kw
12,64,6254.8238064516127,1174.7440653298047,31,month,load_kw
12,65,6245.4994161290324,1211.5371442093804,31,month,load_kw
12,66,6220.8922580645167,1242.2201134573793,31,month,load_kw
12,67,6180.9041806451614,1225.1798612591783,31,month,load_kw
12,68,6140.5640935483871,1229.4867167274226,31,month,load_kw
12,69,6127.0322580645161,1256.2964616435345,31,month,load_kw
12,70,6134.1389290322577,1234.4051020678494,31,month,load_kw
12,71,6000.1737225806455,1133.4974652734259,31,month,load_kw
12,72,5786.536129032258,1030.3444860035161,31,month,load_kw
12,73,5737.5571548387097,1043.9718134637926,31,month,load_kw
12,74,5781.7049354838709,1069.1670426208266,31,month,load_kw
12,75,5782.9435483870966,1044.8970003228335,31,month,load_kw
12,76,5696.2732064516131,1035.7169702945932,31,month,load_kw
12,77,5756.3921677419348,1074.3752566296052,31,month,load_kw
12,78,5924.6641935483867,1154.4362779347448,31,month,load_kw
12,79,5923.0149161290319,1212.2399788433167,31,month,load_kw
12,80,5880.9215096774196,1194.5785516938001,31,month,load_kw
12,81,5874.9693548387095,1159.3248923401798,31,month,load_kw
12,82,5844.5819193548396,1208.0991224379195,31,month,load_kw
12,83,5813.2106193548379,1230.2791378261595,31,month,load_kw
12,84,5792.4061290322579,1196.7200256358417,31,month,load_kw
12,85,5769.5501225806447,1171.1711412054817,31,month,load_kw
12,86,5770.9740935483878,1159.0546730655624,31,month,load_kw
12,87,5765.4429032258067,1155.2857961075938,31,month,load_kw
12,88,5694.0493806451614,1175.8647732810734,31,month,load_kw
12,89,5652.9790741935485,1216.3951579452576,31,month,load_kw
12,90,5665.1254838709683,1231.5167220487067,31,month,load_kw
12,91,5657.6285290322585,1183.9275950515359,31,month,load_kw
12,92,5626.3939322580645,1182.3076975025433,31,month,load_kw
12,93,5598.1280645161287,1227.6966179053068,31,month,load_kw
12,94,5594.0442709677418,1218.2999360991028,31,month,load_kw
12,95,5567.1975838709677,1216.8670118473219,31,month,load_kw
12,96,5528.3648387096773,1229.9494849542154,31,month,load_kw
12,97,5532.0583774193556,1201.0159095287247,31,month,load_kw
12,98,5513.4126064516122,1200.3663972063625,31,month,load_kw
12,99,5496.7622580645166,1210.6033241204145,31,month,load_kw
12,100,5549.7131935483867,1176.6913024810208,31,month,load_kw
12,101,5449.5391322580645,1324.8350650955813,31,month,load_kw
12,102,5264.8596774193547,1554.4880806307992,31,month,load_kw
12,103,5290.8042225806457,1516.9371601630137,31,month,load_kw
12,104,5284.9095258064517,1458.8467976919026,31,month,load_kw
12,105,5261.0664516129027,1550.5876725283836,31,month,load_kw
12,106,5374.3797709677419,1648.1829242070773,31,month,load_kw
12,107,4825.201064516129,1287.0035846619958,31,month,load_kw
12,108,3923.4577419354841,711.87703656230622,31,month,load_kw
12,109,3862.4922903225806,660.76858219389362,31,month,load_kw
12,110,3991.3309612903226,749.00567858060072,31,month,load_kw
12,111,3920.8970967741934,720.12938820369197,31,month,load_kw
12,112,3919.9793290322582,711.87686355600624,31,month,load_kw
12,113,3940.4924483870968,721.9903416575238,31,month,load_kw
12,114,3915.8406451612905,727.03590100689189,31,month,load_kw
12,115,3868.4643064516131,720.56133115382204,31,month,load_kw
12,116,3895.0997806451614,722.66333392302818,31,month,load_kw
12,117,3960.4958064516127,732.81075778936815,31,month,load_kw
12,118,3934.4779838709678,732.49580231241055,31,month,load_kw
12,119,3902.6717225806451,753.30134036185677,31,month,load_kw
12,120,3921.4687096774192,769.10067166677186,31,month,load_kw
12,121,3959.6106419354842,707.6665650034422,31,month,load_kw
12,122,3976.0386161290326,682.44751243932512,31,month,load_kw
12,123,3961.8383870967746,715.5999060559692,31,month,load_kw
12,124,3941.9961870967741,736.3128724020678,31,month,load_kw
12,125,3941.3011774193551,733.9917429773094,31,month,load_kw
12,126,3957.9874193548389,722.22768023187689,31,month,load_kw
12,127,3967.2357903225807,720.91017785258043,31,month,load_kw
12,128,3959.6056129032258,721.36239917221201,31,month,load_kw
12,129,3999.1322580645165,733.09744383999271,31,month,load_kw
12,130,4082.8982387096776,756.59556313033409,31,month,load_kw
12,131,3700.9353258064516,622.72821085166788,31,month,load_kw
12,132,3083.3741935483872,421.6649951938482,31,month,load_kw
12,133,3022.2824806451613,426.07450764670131,31,month,load_kw
12,134,3107.3496161290323,439.85362061293387,31,month,load_kw
12,135,3081.518064516129,414.72825974300611,31,month,load_kw
12,136,3102.5663677419357,423.16792288278452,31,month,load_kw
12,137,3136.4779516129033,421.91457440232841,31,month,load_kw
12,138,3150.5193548387097,410.80124772559208,31,month,load_kw
12,139,3163.069770967742,436.32233693790818,31,month,load_kw
12,140,3179.9337129032256,438.72877301572373,31,month,load_kw
12,141,3209.3312903225806,436.10946627914365,31,month,load_kw
12,142,3253.8330290322583,481.84289102871844,31,month,load_kw
12,143,3271.663712903226,398.72105010054815,31,month,load_kw
12,144,3275.3532258064515,469.41410873830864,31,month,load_kw
1,1,3730.6053615384617,422.04803063613207,52,weekday,load_kw
1,2,3716.0720576923077,405.85560103545203,52,weekday,load_kw
1,3,3693.832115384615,405.19924247619304,52,weekday,load_kw
1,4,3695.2807961538465,395.10919516402197,52,weekday,load_kw
1,5,3715.3619942307696,397.0004443382727,52,weekday,load_kw
1,6,3741.4924999999998,408.57690492097544,52,weekday,load_kw
1,7,3757.5978923076918,411.79238142668675,52,weekday,load_kw
1,8,3729.5271384615385,367.61167106651777,52,weekday,load_kw
1,9,3701.4140384615384,323.21157428835852,52,weekday,load_kw
1,10,3753.0680384615384,350.40446826722473,52,weekday,load_kw
1,11,3781.3880846153847,337.52020832709269,52,weekday,load_kw
1,12,3766.0265384615386,289.29624433072286,52,weekday,load_kw
1,13,3783.6944057692308,323.51022472679188,52,weekday,load_kw
1,14,3784.7165788461539,326.73059515109463,52,weekday,load_kw
1,15,3753.3882692307693,298.58910254021197,52,weekday,load_kw
1,16,3736.0145576923078,285.21571087358723,52,weekday,load_kw
1,17,3757.1440519230769,284.77544202746662,52,weekday,load_kw
1,18,3793.2674999999999,283.8746344045789,52,weekday,load_kw
1,19,3800.1609288461541,283.33411317843519,52,weekday,load_kw
1,20,3815.2077038461534,274.54591357160257,52,weekday,load_kw
1,21,3826.9478846153847,278.06675127045304,52,weekday,load_kw
1,22,3787.4139423076922,278.88623699364558,52,weekday,load_kw
1,23,3777.2421711538459,253.2310867519775,52,weekday,load_kw
1,24,3814.7221153846153,268.06301522353198,52,weekday,load_kw
1,25,3836.7314384615383,257.6713177486435,52,weekday,load_kw
1,26,3836.231678846154,275.85778862771855,52,weekday,load_kw
1,27,3836.644615384615,287.80075931212122,52,weekday,load_kw
1,28,3858.9246807692307,271.12313312224512,52,weekday,load_kw
1,29,3855.4064038461538,248.33748423367223,52,weekday,load_kw
1,30,3825.2403846153848,246.37452661457334,52,weekday,load_kw
1,31,3824.1315769230769,287.47491435726067,52,weekday,load_kw
1,32,3871.6921788461541,291.0604147474798,52,weekday,load_kw
1,33,3847.0063461538457,235.95365411518682,52,weekday,load_kw
1,34,3706.9011884615388,236.74630558087628,52,weekday,load_kw
1,35,4188.8943980769236,256.3098343291922,52,weekday,load_kw
1,36,5010.4117307692304,263.23675132086964,52,weekday,load_kw
1,37,5084.8621134615387,225.3517519816989,52,weekday,load_kw
1,38,4950.7726769230767,252.25797586107109,52,weekday,load_kw
1,39,4983.4163461538465,322.75861845711972,52,weekday,load_kw
1,40,5009.4452384615379,297.90291522497807,52,weekday,load_kw
1,41,4993.8451230769233,264.45271677265828,52,weekday,load_kw
1,42,4969.8984615384616,274.14928280820556,52,weekday,load_kw
1,43,4985.0807076923074,283.82131339794154,52,weekday,load_kw
1,44,5029.2138923076918,270.87896030510387,52,weekday,load_kw
1,45,4959.2405769230772,257.15921874577066,52,weekday,load_kw
1,46,4784.767944230769,263.20148356314223,52,weekday,load_kw
1,47,5523.4307076923078,277.85550476582637,52,weekday,load_kw
1,48,6733.2165384615382,259.43816418337838,52,weekday,load_kw
1,49,6857.4790942307691,247.69281232000426,52,weekday,load_kw
1,50,6693.8653500000009,263.82144217986996,52,weekday,load_kw
1,51,6760.6128846153842,292.41105838197171,52,weekday,load_kw
1,52,6767.3859596153843,276.04738698329493,52,weekday,load_kw
1,53,6734.3619384615386,264.53190962876022,52,weekday,load_kw
1,54,6714.0446153846151,242.36928517839934,52,weekday,load_kw
1,55,6704.381307692307,261.85111022089609,52,weekday,load_kw
1,56,6704.7592250000007,278.07339867519488,52,weekday,load_kw
1,57,6703.6548076923073,286.81318658318594,52,weekday,load_kw
1,58,6686.3030038461538,250.24822329383284,52,weekday,load_kw
1,59,6671.6515730769224,243.63766287769693,52,weekday,load_kw
1,60,6668.4624999999996,258.71385688557149,52,weekday,load_kw
1,61,6668.9881884615379,281.0250100306381,52,weekday,load_kw
1,62,6673.7931211538462,294.94290775635397,52,weekday,load_kw
1,63,6671.4484615384617,301.44924591753994,52,weekday,load_kw
1,64,6644.2450711538459,285.80906228113986,52,weekday,load_kw
1,65,6606.9871423076929,265.05715861187468,52,weekday,load_kw
1,66,6594.7180769230772,266.94174598434478,52,weekday,load_kw
1,67,6629.3744403846158,262.47554237791422,52,weekday,load_kw
1,68,6636.7414019230773,274.76331721570557,52,weekday,load_kw
1,69,6611.5294230769232,267.4779853606683,52,weekday,load_kw
1,70,6589.9514230769228,251.95745106782761,52,weekday,load_kw
1,71,6415.0267788461542,250.89224879342697,52,weekday,load_kw
1,72,6180.1830769230774,271.98943851711715,52,weekday,load_kw
1,73,6162.5481749999999,259.21587047597245,52,weekday,load_kw
1,74,6182.9038403846153,248.2259654800047,52,weekday,load_kw
1,75,6121.4473076923077,263.54632564548649,52,weekday,load_kw
1,76,6067.7159826923071,255.28002596835694,52,weekday,load_kw
1,77,6226.244207692308,251.22932033257618,52,weekday,load_kw
1,78,6483.0009615384615,284.07136281851268,52,weekday,load_kw
1,79,6507.5354384615384,275.86127051597066,52,weekday,load_kw
1,80,6476.2200865384611,286.07491757214683,52,weekday,load_kw
1,81,6491.5261538461536,301.22747372391802,52,weekday,load_kw
1,82,6476.0589057692314,302.86606034258864,52,weekday,load_kw
1,83,6449.4721788461529,315.28181040717652,52,weekday,load_kw
1,84,6432.9751923076929,317.13659238469177,52,weekday,load_kw
1,85,6424.5742692307695,323.40591166510939,52,weekday,load_kw
1,86,6428.3059557692313,334.6996562713083,52,weekday,load_kw
1,87,6427.9190384615376,354.50539087280589,52,weekday,load_kw
1,88,6405.680046153846,337.09371919794364,52,weekday,load_kw
1,89,6422.2380557692313,342.02518729448792,52,weekday,load_kw
1,90,6467.8423076923073,371.0683758491881,52,weekday,load_kw
1,91,6467.1848788461539,383.01628953273695,52,weekday,load_kw
1,92,6442.8027134615386,395.30123247679626,52,weekday,load_kw
1,93,6422.7044230769234,405.50321826731681,52,weekday,load_kw
1,94,6410.8171865384611,426.21504515715174,52,weekday,load_kw
1,95,6395.7481538461534,433.89025030624629,52,weekday,load_kw
1,96,6387.0915384615382,425.69947564709798,52,weekday,load_kw
1,97,6405.7302442307691,421.2738024291466,52,weekday,load_kw
1,98,6421.0431576923083,444.58151927679489,52,weekday,load_kw
1,99,6428.6400000000003,470.48022350552043,52,weekday,load_kw
1,100,6448.0707153846151,452.75511044269786,52,weekday,load_kw
1,101,6440.3995769230769,448.7152497887173,52,weekday,load_kw
1,102,6425.8463461538468,473.60257943880964,52,weekday,load_kw
1,103,6455.6154788461536,511.16336365575438,52,weekday,load_kw
1,104,6420.3498788461538,510.74248403317125,52,weekday,load_kw
1,105,6450.418076923077,504.50523330439614,52,weekday,load_kw
1,106,6639.817578846154,524.92717708003624,52,weekday,load_kw
1,107,5894.4108653846151,551.29148428655571,52,weekday,load_kw
1,108,4641.6530769230767,569.85128421692662,52,weekday,load_kw
1,109,4509.9766038461539,526.82098479365868,52,weekday,load_kw
1,110,4685.0072942307688,509.67041458039148,52,weekday,load_kw
1,111,4634.5574999999999,519.37173267087746,52,weekday,load_kw
1,112,4653.3961307692307,504.68751866947338,52,weekday,load_kw
1,113,4696.2728942307695,516.76191651685804,52,weekday,load_kw
1,114,4708.9628846153846,541.9516110131525,52,weekday,load_kw
1,115,4713.2945115384618,539.81654327073102,52,weekday,load_kw
1,116,4693.3797076923074,546.62038198511448,52,weekday,load_kw
1,117,4675.7071153846155,555.05931638627783,52,weekday,load_kw
1,118,4710.7460692307695,517.11726955617894,52,weekday,load_kw
1,119,4736.6044884615385,526.62104256393104,52,weekday,load_kw
1,120,4724.6373076923082,565.02684517558998,52,weekday,load_kw
1,121,4709.5517211538463,539.07485914963888,52,weekday,load_kw
1,122,4729.1203826923074,535.79237453552651,52,weekday,load_kw
1,123,4760.3411538461532,574.86436071665855,52,weekday,load_kw
1,124,4745.0611576923075,574.32899807775402,52,weekday,load_kw
1,125,4726.620440384615,549.8677019208659,52,weekday,load_kw
1,126,4743.7548076923076,538.67647820790535,52,weekday,load_kw
1,127,4783.2251538461533,552.59959360390076,52,weekday,load_kw
1,128,4755.5759230769236,577.59935869226422,52,weekday,load_kw
1,129,4759.6088461538466,567.46980690745409,52,weekday,load_kw
1,130,4887.9419269230766,520.33818699454332,52,weekday,load_kw
1,131,4431.7597134615389,490.74421803873469,52,weekday,load_kw
1,132,3644.4125000000004,491.45596307568286,52,weekday,load_kw
1,133,3554.748592307692,501.67718665493152,52,weekday,load_kw
1,134,3659.704023076923,521.41803086082166,52,weekday,load_kw
1,135,3635.7763461538461,535.00424639703397,52,weekday,load_kw
1,136,3667.6882711538465,519.92513906087731,52,weekday,load_kw
1,137,3677.5590980769234,482.29874488368534,52,weekday,load_kw
1,138,3648.7182692307692,463.40952082479214,52,weekday,load_kw
1,139,3666.2824807692309,479.66553259550176,52,weekday,load_kw
1,140,3691.6716173076925,472.8838737858747,52,weekday,load_kw
1,141,3696.8611538461537,426.62389359124796,52,weekday,load_kw
1,142,3696.6014942307693,424.45947922932442,52,weekday,load_kw
1,143,3704.6404153846156,461.71234272667778,52,weekday,load_kw
1,144,3726.5265384615386,485.24363292843589,52,weekday,load_kw
2,1,3753.9067403846152,459.10674655141327,52,weekday,load_kw
2,2,3754.55035,444.18166127701829,52,weekday,load_kw
2,3,3731.8167307692306,454.54530172091035,52,weekday,load_kw
2,4,3719.694573076923,429.82000224280853,52,weekday,load_kw
2,5,3709.9488884615389,411.98515530298579,52,weekday,load_kw
2,6,3709.9103846153844,391.35180318822177,52,weekday,load_kw
2,7,3736.8051942307693,377.89877597280474,52,weekday,load_kw
2,8,3744.0181673076922,356.49273464102561,52,weekday,load_kw
2,9,3734.3473076923078,357.19491951306173,52,weekday,load_kw
2,10,3757.9459884615385,343.03776543610684,52,weekday,load_kw
2,11,3792.0240538461539,347.82541230366633,52,weekday,load_kw
2,12,3801.5905769230767,366.87156899775732,52,weekday,load_kw
2,13,3775.9321788461539,356.24258311898802,52,weekday,load_kw
2,14,3771.5247961538462,328.89515273727125,52,weekday,load_kw
2,15,3795.7417307692308,295.82845198991527,52,weekday,load_kw
2,16,3802.9869615384619,279.35486298042127,52,weekday,load_kw
2,17,3798.6538923076923,271.94706011926172,52,weekday,load_kw
2,18,3791.6928846153846,296.37047742903792,52,weekday,load_kw
2,19,3788.3067884615384,302.23556665180729,52,weekday,load_kw
2,20,3820.1760788461538,340.77391573349314,52,weekday,load_kw
2,21,3852.9373076923075,326.02034611183961,52,weekday,load_kw
2,22,3819.0381615384613,292.58782394415965,52,weekday,load_kw
2,23,3803.622036538462,278.15053442461499,52,weekday,load_kw
2,24,3825.2930769230766,282.01774058741984,52,weekday,load_kw
2,25,3820.1942173076923,266.02846159759343,52,weekday,load_kw
2,26,3815.569119230769,258.31598178004003,52,weekday,load_kw
2,27,3837.6876923076925,256.80213800661056,52,weekday,load_kw
2,28,3876.3649538461541,266.52479433738483,52,weekday,load_kw
2,29,3878.0911634615386,260.1230974911627,52,weekday,load_kw
2,30,3843.8905769230769,275.51735621933523,52,weekday,load_kw
2,31,3834.0944923076922,269.83942697136246,52,weekday,load_kw
2,32,3879.6328730769233,255.15442013673334,52,weekday,load_kw
2,33,3860.8626923076927,245.25118913677372,52,weekday,load_kw
2,34,3721.8005230769227,245.64905762434532,52,weekday,load_kw
2,35,4179.8922769230767,256.81931191361321,52,weekday,load_kw
2,36,4981.8265384615388,263.65457959368734,52,weekday,load_kw
2,37,5088.8143346153847,247.45208054760039,52,weekday,load_kw
2,38,4961.5452461538462,242.63233780722177,52,weekday,load_kw
2,39,4963.0448076923076,269.0438580872497,52,weekday,load_kw
2,40,4985.1887673076917,273.54678997143014,52,weekday,load_kw
2,41,4978.2977288461543,275.18153552382745,52,weekday,load_kw
2,42,4950.6350000000002,252.69491202385754,52,weekday,load_kw
2,43,4952.1398461538465,240.62290744723643,52,weekday,load_kw
2,44,5036.8068538461539,260.42717582014046,52,weekday,load_kw
2,45,5016.7905769230774,293.44628270433765,52,weekday,load_kw
2,46,4793.7751749999998,272.85285641833445,52,weekday,load_kw
2,47,5515.0030711538466,287.11896516286515,52,weekday,load_kw
2,48,6769.3225000000002,316.98343260272759,52,weekday,load_kw
2,49,6897.799526923076,267.48545093727893,52,weekday,load_kw
2,50,6701.5978192307684,234.95004042002594,52,weekday,load_kw
2,51,6740.1215384615389,264.55116369669025,52,weekday,load_kw
2,52,6755.6008615384617,266.47775727143977,52,weekday,load_kw
2,53,6731.0049749999998,250.40607392844979,52,weekday,load_kw
2,54,6718.9909615384622,244.53695380757608,52,weekday,load_kw
2,55,6744.0368326923071,259.52463694304623,52,weekday,load_kw
2,56,6723.7706557692309,266.72738772546705,52,weekday,load_kw
2,57,6669.999615384615,265.37199550790803,52,weekday,load_kw
2,58,6676.1101634615388,265.08637698271696,52,weekday,load_kw
2,59,6681.9040999999997,276.47125538474086,52,weekday,load_kw
2,60,6670.7034615384619,289.31675141029473,52,weekday,load_kw
2,61,6684.9603538461533,250.89959959970824,52,weekday,load_kw
2,62,6673.738240384615,247.21549067124886,52,weekday,load_kw
2,63,6631.6796153846162,264.19779433080191,52,weekday,load_kw
2,64,6611.0321096153848,239.8208125521399,52,weekday,load_kw
2,65,6614.582173076923,264.08061081279425,52,weekday,load_kw
2,66,6620.1984615384617,285.24853660077014,52,weekday,load_kw
2,67,6605.0577057692299,235.65878300547249,52,weekday,load_kw
2,68,6590.6303692307692,243.13750192853456,52,weekday,load_kw
2,69,6607.7982692307696,297.37108864785847,52,weekday,load_kw
2,70,6632.2704538461539,282.39077031588215,52,weekday,load_kw
2,71,6443.170971153846,258.054055665443,52,weekday,load_kw
2,72,6155.8821153846156,264.19453254897383,52,weekday,load_kw
2,73,6130.7152442307697,263.90145322277317,52,weekday,load_kw
2,74,6174.8104326923076,276.98317787956688,52,weekday,load_kw
2,75,6149.6115384615387,290.9017056440307,52,weekday,load_kw
2,76,6135.6418557692314,301.4077600955078,52,weekday,load_kw
2,77,6290.1195615384622,311.37642225336066,52,weekday,load_kw
2,78,6507.5307692307688,301.79665927312107,52,weekday,load_kw
2,79,6511.2780230769231,309.3330502690572,52,weekday,load_kw
2,80,6453.2166365384619,302.26802801215712,52,weekday,load_kw
2,81,6454.6951923076931,300.63705434470364,52,weekday,load_kw
2,82,6488.5917134615383,350.52713787481372,52,weekday,load_kw
2,83,6498.8414576923078,371.72727218531338,52,weekday,load_kw
2,84,6472.9078846153852,352.1114431169043,52,weekday,load_kw
2,85,6445.8130538461537,336.06526017151651,52,weekday,load_kw
2,86,6444.2271903846158,352.07754324589291,52,weekday,load_kw
2,87,6453.1738461538462,377.85137400292382,52,weekday,load_kw
2,88,6437.6722057692305,376.82903417562119,52,weekday,load_kw
2,89,6436.3516365384612,398.39394615309237,52,weekday,load_kw
2,90,6451.0786538461543,429.88457933851799,52,weekday,load_kw
2,91,6442.7319230769226,415.93045372349223,52,weekday,load_kw
2,92,6430.0440269230767,406.48719408821694,52,weekday,load_kw
2,93,6433.8232692307693,417.18308039460794,52,weekday,load_kw
2,94,6453.5285519230774,403.80518063792789,52,weekday,load_kw
2,95,6456.9850423076923,423.37069997488459,52,weekday,load_kw
2,96,6444.4942307692309,466.41565157770083,52,weekday,load_kw
2,97,6445.1850403846147,468.22810972252961,52,weekday,load_kw
2,98,6443.6835096153845,453.28463535304667,52,weekday,load_kw
2,99,6439.3286538461543,451.93424623686303,52,weekday,load_kw
2,100,6445.8053076923079,469.99770368250012,52,weekday,load_kw
2,101,6431.6172942307694,477.45659432477441,52,weekday,load_kw
2,102,6411.9078846153852,466.07841859050933,52,weekday,load_kw
2,103,6427.4486230769235,484.60229121582546,52,weekday,load_kw
2,104,6398.8634750000001,495.36304855479847,52,weekday,load_kw
2,105,6448.9042307692307,497.69418445918643,52,weekday,load_kw
2,106,6636.8324673076922,515.28009123654761,52,weekday,load_kw
2,107,5913.1316153846146,536.21796810783849,52,weekday,load_kw
2,108,4686.6553846153847,541.13586208380525,52,weekday,load_kw
2,109,4525.0543115384617,515.95097106361231,52,weekday,load_kw
2,110,4712.4302807692311,529.83727876724481,52,weekday,load_kw
2,111,4710.8586538461541,581.56743670481296,52,weekday,load_kw
2,112,4706.9359346153851,556.24708403564705,52,weekday,load_kw
2,113,4714.5769096153845,551.29116650573849,52,weekday,load_kw
2,114,4720.5913461538457,581.76984132103405,52,weekday,load_kw
2,115,4732.2573038461542,556.99684020648795,52,weekday,load_kw
2,116,4741.5007788461535,549.71737421973558,52,weekday,load_kw
2,117,4754.1717307692306,588.77499632452634,52,weekday,load_kw
2,118,4777.7232057692308,608.30582767462533,52,weekday,load_kw
2,119,4758.0033750000002,597.46860134092185,52,weekday,load_kw
2,120,4718.7161538461532,574.71069498830138,52,weekday,load_kw
2,121,4739.3205038461538,569.48001138909262,52,weekday,load_kw
2,122,4752.1454769230768,564.95345562981413,52,weekday,load_kw
2,123,4735.2130769230771,562.42284447069119,52,weekday,load_kw
2,124,4734.3094326923074,566.79782657541068,52,weekday,load_kw
2,125,4734.1605653846154,560.86448769073422,52,weekday,load_kw
2,126,4746.3682692307693,542.42871190318249,52,weekday,load_kw
2,127,4791.7883615384617,549.59132151514473,52,weekday,load_kw
2,128,4766.2223846153847,557.13306848405887,52,weekday,load_kw
2,129,4764.9536538461534,568.19906937217695,52,weekday,load_kw
2,130,4893.4822461538461,578.79912277358699,52,weekday,load_kw
2,131,4426.4062019230769,571.05027709128137,52,weekday,load_kw
2,132,3636.186346153846,544.16557903994442,52,weekday,load_kw
2,133,3585.7292442307689,509.0440883632732,52,weekday,load_kw
2,134,3696.8099903846155,500.08090847200242,52,weekday,load_kw
2,135,3641.0911538461537,529.99605551123295,52,weekday,load_kw
2,136,3672.4497846153845,530.79620039678593,52,weekday,load_kw
2,137,3687.3316596153845,511.71184330305408,52,weekday,load_kw
2,138,3655.9776923076925,475.64337480361274,52,weekday,load_kw
2,139,3680.4741038461539,473.18354538766232,52,weekday,load_kw
2,140,3710.5597192307691,503.82920427434038,52,weekday,load_kw
2,141,3712.5453846153841,499.13242732731055,52,weekday,load_kw
2,142,3705.5779615384618,434.30374002123284,52,weekday,load_kw
2,143,3694.3197961538463,426.75764080766351,52,weekday,load_kw
2,144,3686.0976923076919,464.0645581340367,52,weekday,load_kw
3,1,3688.6117830188678,410.33977809342758,53,weekday,load_kw
3,2,3705.6265094339619,393.4901009398904,53,weekday,load_kw
3,3,3717.4579245283016,422.24246568565508,53,weekday,load_kw
3,4,3703.5513830188684,426.57021054693007,53,weekday,load_kw
3,5,3704.105409433962,407.52872733055898,53,weekday,load_kw
3,6,3731.761886792453,402.88447181188388,53,weekday,load_kw
3,7,3757.1175094339624,390.97660796531744,53,weekday,load_kw
3,8,3755.8461528301887,387.1550274737512,53,weekday,load_kw
3,9,3745.7973584905662,354.04570333585542,53,weekday,load_kw
3,10,3763.2436962264151,350.01363212955317,53,weekday,load_kw
3,11,3760.0385849056606,347.55023210570664,53,weekday,load_kw
3,12,3749.0649056603775,345.95696938193498,53,weekday,load_kw
3,13,3789.9130849056605,319.81350499019516,53,weekday,load_kw
3,14,3803.1482207547174,310.01621316575734,53,weekday,load_kw
3,15,3775.1077358490566,299.79629927695851,53,weekday,load_kw
3,16,3775.7890754716982,277.50133019013265,53,weekday,load_kw
3,17,3803.5470509433962,277.01613838543415,53,weekday,load_kw
3,18,3825.4583018867925,294.32066565839295,53,weekday,load_kw
3,19,3812.7322264150944,270.24476512118616,53,weekday,load_kw
3,20,3800.7090433962267,267.5141299032968,53,weekday,load_kw
3,21,3808.7803773584901,274.51486245292278,53,weekday,load_kw
3,22,3824.5914943396224,275.587545215077,53,weekday,load_kw
3,23,3837.6763849056601,262.83987219050061,53,weekday,load_kw
3,24,3847.7275471698113,280.63246863047965,53,weekday,load_kw
3,25,3860.1218811320755,302.39681554009837,53,weekday,load_kw
3,26,3866.162581132076,303.53093559634073,53,weekday,load_kw
3,27,3865.4079245283019,270.24035450913857,53,weekday,load_kw
3,28,3866.1231245283016,258.74125777299719,53,weekday,load_kw
3,29,3863.9312415094337,255.82503650379678,53,weekday,load_kw
3,30,3851.9460377358491,254.27243287571903,53,weekday,load_kw
3,31,3840.7035283018872,277.45182176877222,53,weekday,load_kw
3,32,3898.2911320754715,287.13935925404979,53,weekday,load_kw
3,33,3902.1767924528299,283.96926134959915,53,weekday,load_kw
3,34,3752.3746037735846,265.19275051976581,53,weekday,load_kw
3,35,4205.2067415094343,259.1162880261237,53,weekday,load_kw
3,36,5007.7603773584906,268.62825674699951,53,weekday,load_kw
3,37,5087.8900320754719,249.54227727143729,53,weekday,load_kw
3,38,4972.7567603773587,256.86853594936298,53,weekday,load_kw
3,39,5010.8266037735848,255.8455237348642,53,weekday,load_kw
3,40,5012.1032094339616,282.00611194435726,53,weekday,load_kw
3,41,4997.6809792452832,281.25428003172709,53,weekday,load_kw
3,42,4979.2850943396224,243.59830919918622,53,weekday,load_kw
3,43,4939.1625924528298,255.26588071169201,53,weekday,load_kw
3,44,5002.0645773584902,292.90805222862292,53,weekday,load_kw
3,45,5006.6983018867923,304.90426594472518,53,weekday,load_kw
3,46,4808.8583509433965,270.98328306996217,53,weekday,load_kw
3,47,5540.2932641509433,265.23751735711556,53,weekday,load_kw
3,48,6787.682830188679,307.09480507702739,53,weekday,load_kw
3,49,6900.6914962264145,279.45552542910622,53,weekday,load_kw
3,50,6710.365856603773,259.06236598147672,53,weekday,load_kw
3,51,6756.8252830188676,270.12400739577549,53,weekday,load_kw
3,52,6738.829750943396,278.47366522512277,53,weekday,load_kw
3,53,6712.2166320754714,289.38279089932132,53,weekday,load_kw
3,54,6726.1413207547166,311.52500494797766,53,weekday,load_kw
3,55,6730.5397849056599,281.1194551217406,53,weekday,load_kw
3,56,6704.8453037735844,247.92351452475154,53,weekday,load_kw
3,57,6673.6924528301888,256.59116842756254,53,weekday,load_kw
3,58,6681.0336113207541,269.67588238950196,53,weekday,load_kw
3,59,6701.894532075471,284.73709359760301,53,weekday,load_kw
3,60,6703.7281132075477,274.63183658418455,53,weekday,load_kw
3,61,6677.2047981132073,244.86508302683058,53,weekday,load_kw
3,62,6663.4907924528297,246.20667698387155,53,weekday,load_kw
3,63,6667.8684905660384,282.06111529102378,53,weekday,load_kw
3,64,6654.90279245283,275.96087467774714,53,weekday,load_kw
3,65,6621.0246283018869,263.37045505784477,53,weekday,load_kw
3,66,6597.2664150943392,270.11968768915364,53,weekday,load_kw
3,67,6614.6907056603768,277.5067227233298,53,weekday,load_kw
3,68,6605.0443735849058,283.53557095955068,53,weekday,load_kw
3,69,6588.1662264150946,293.14460672971126,53,weekday,load_kw
3,70,6619.140601886792,263.22267687430451,53,weekday,load_kw
3,71,6458.8744283018868,261.11798992013127,53,weekday,load_kw
3,72,6195.5116981132078,299.6082650712159,53,weekday,load_kw
3,73,6179.3572245283021,306.88369743185848,53,weekday,load_kw
3,74,6210.7944132075472,264.13427689316899,53,weekday,load_kw
3,75,6165.2788679245277,250.52062055969949,53,weekday,load_kw
3,76,6147.2365735849062,298.67542916754462,53,weekday,load_kw
3,77,6297.7234358490568,324.3014954344377,53,weekday,load_kw
3,78,6505.9156603773581,293.0825416454278,53,weekday,load_kw
3,79,6510.848713207547,265.24507672905588,53,weekday,load_kw
3,80,6477.4066415094348,300.22657382011403,53,weekday,load_kw
3,81,6493.2196226415099,353.20818255376207,53,weekday,load_kw
3,82,6483.375418867925,332.71969654481393,53,weekday,load_kw
3,83,6467.5594849056597,338.55531341215402,53,weekday,load_kw
3,84,6457.8003773584906,365.65553440132203,53,weekday,load_kw
3,85,6440.9415433962258,347.95372116629233,53,weekday,load_kw
3,86,6435.2752716981131,357.97239488044511,53,weekday,load_kw
3,87,6439.1916981132072,401.16992554822508,53,weekday,load_kw
3,88,6433.4757811320751,381.9435785392356,53,weekday,load_kw
3,89,6439.1773566037737,388.74347972803218,53,weekday,load_kw
3,90,6445.9084905660384,424.8694489595789,53,weekday,load_kw
3,91,6422.044375471698,403.26773792417606,53,weekday,load_kw
3,92,6415.7045415094344,420.30139508006056,53,weekday,load_kw
3,93,6437.1377358490563,476.2028357128176,53,weekday,load_kw
3,94,6447.855209433962,456.11647311804302,53,weekday,load_kw
3,95,6447.3069716981136,439.59732817968148,53,weekday,load_kw
3,96,6441.043207547169,447.16249095213016,53,weekday,load_kw
3,97,6436.8502566037732,456.10144830219627,53,weekday,load_kw
3,98,6464.3688754716986,488.25504185522385,53,weekday,load_kw
3,99,6486.1915094339629,524.64106117859376,53,weekday,load_kw
3,100,6435.1703075471705,502.4769097998398,53,weekday,load_kw
3,101,6410.6038094339619,488.00328437604992,53,weekday,load_kw
3,102,6444.6247169811322,500.28474169372078,53,weekday,load_kw
3,103,6463.3948603773588,483.01985068620229,53,weekday,load_kw
3,104,6416.2387207547172,481.66062803172696,53,weekday,load_kw
3,105,6458.4635849056604,509.44677079121215,53,weekday,load_kw
3,106,6640.2683999999999,546.18766108773082,53,weekday,load_kw
3,107,5876.095139622641,544.22331723153218,53,weekday,load_kw
3,108,4628.5618867924532,530.33332506386455,53,weekday,load_kw
3,109,4547.2483018867924,577.1521034487879,53,weekday,load_kw
3,110,4737.0273603773585,596.19126080844399,53,weekday,load_kw
3,111,4662.3426415094336,577.41205084261367,53,weekday,load_kw
3,112,4682.9150132075474,553.47040005016322,53,weekday,load_kw
3,113,4685.19757735849,564.73282021287969,53,weekday,load_kw
3,114,4636.3967924528306,567.94087423771384,53,weekday,load_kw
3,115,4662.3539905660373,542.09060420794799,53,weekday,load_kw
3,116,4686.6071735849055,537.60472868648344,53,weekday,load_kw
3,117,4672.9447169811319,557.49501546099975,53,weekday,load_kw
3,118,4669.2824490566036,531.84711745816719,53,weekday,load_kw
3,119,4687.3085471698114,535.96910659630373,53,weekday,load_kw
3,120,4724.2643396226413,573.71827706673264,53,weekday,load_kw
3,121,4763.5360396226415,576.2419516304501,53,weekday,load_kw
3,122,4753.9197603773582,565.99599805322271,53,weekday,load_kw
3,123,4712.1575471698116,555.83567537089732,53,weekday,load_kw
3,124,4708.0709283018869,542.99240956164897,53,weekday,load_kw
3,125,4719.3986094339625,531.54829074888823,53,weekday,load_kw
3,126,4740.5394339622644,529.36662427272893,53,weekday,load_kw
3,127,4782.1217358490567,553.05630667265996,53,weekday,load_kw
3,128,4765.8012264150939,558.09112369433183,53,weekday,load_kw
3,129,4777.0288679245286,530.38520800981678,53,weekday,load_kw
3,130,4886.8589830188675,523.4140466496732,53,weekday,load_kw
3,131,4413.2894188679247,520.64999425958217,53,weekday,load_kw
3,132,3632.0916981132077,520.45046635189703,53,weekday,load_kw
3,133,3570.538716981132,545.55256720717136,53,weekday,load_kw
3,134,3695.4484056603774,545.18423360239194,53,weekday,load_kw
3,135,3659.8624528301884,520.29623378974316,53,weekday,load_kw
3,136,3654.0530622641509,507.34914965574086,53,weekday,load_kw
3,137,3663.3739301886794,512.85415454073654,53,weekday,load_kw
3,138,3660.4005660377361,500.03411912209754,53,weekday,load_kw
3,139,3660.6807339622642,457.53591660925889,53,weekday,load_kw
3,140,3671.3037415094341,455.580088750664,53,weekday,load_kw
3,141,3681.8784905660377,466.46292431362264,53,weekday,load_kw
3,142,3681.7215358490566,458.45107815287963,53,weekday,load_kw
3,143,3714.7340528301884,443.07244108838819,53,weekday,load_kw
3,144,3753.6650943396226,447.10168578223681,53,weekday,load_kw
4,1,3716.003728846154,453.15978345664462,52,weekday,load_kw
4,2,3691.1122653846155,445.77172947562894,52,weekday,load_kw
4,3,3714.3171153846151,438.36605699667251,52,weekday,load_kw
4,4,3747.2516000000001,407.4436870748408,52,weekday,load_kw
4,5,3752.7830442307695,395.02999048886335,52,weekday,load_kw
4,6,3738.2246153846154,396.70118423614372,52,weekday,load_kw
4,7,3740.458275,363.46245764209709,52,weekday,load_kw
4,8,3742.6997538461537,338.02331590674731,52,weekday,load_kw
4,9,3741.6484615384616,341.94119017568391,52,weekday,load_kw
4,10,3754.06675,343.23990358664025,52,weekday,load_kw
4,11,3768.0998153846153,341.30250878148468,52,weekday,load_kw
4,12,3778.8680769230773,339.08802820898978,52,weekday,load_kw
4,13,3791.8311153846153,342.35308073255374,52,weekday,load_kw
4,14,3796.7683000000002,351.48020401324203,52,weekday,load_kw
4,15,3794.9503846153848,344.80078543858468,52,weekday,load_kw
4,16,3800.3840480769231,317.23620494887734,52,weekday,load_kw
4,17,3814.9360596153847,286.93100236416916,52,weekday,load_kw
4,18,3818.9878846153847,288.1182427225931,52,weekday,load_kw
4,19,3794.1341788461536,270.98761252738683,52,weekday,load_kw
4,20,3796.7132961538464,280.94334686975867,52,weekday,load_kw
4,21,3828.5601923076924,295.98123593473366,52,weekday,load_kw
4,22,3836.1775211538461,303.48786687611073,52,weekday,load_kw
4,23,3836.8722442307694,278.9716082321728,52,weekday,load_kw
4,24,3833.9850000000001,273.95767006286673,52,weekday,load_kw
4,25,3811.8035153846149,279.2468479415831,52,weekday,load_kw
4,26,3806.3123673076921,275.42097643520361,52,weekday,load_kw
4,27,3821.582692307692,268.04527916530344,52,weekday,load_kw
4,28,3828.2707788461539,268.46593309164479,52,weekday,load_kw
4,29,3842.7828192307693,280.16945547335041,52,weekday,load_kw
4,30,3862.3230769230768,285.97998816959927,52,weekday,load_kw
4,31,3866.1961307692309,277.82615647058702,52,weekday,load_kw
4,32,3881.7163903846154,264.09919167715674,52,weekday,load_kw
4,33,3836.2576923076922,254.90136738850799,52,weekday,load_kw
4,34,3725.4601576923078,275.82765714811308,52,weekday,load_kw
4,35,4217.4036673076926,282.81831619267155,52,weekday,load_kw
4,36,5017.333076923077,298.60128430136609,52,weekday,load_kw
4,37,5092.9316826923077,287.06223683832286,52,weekday,load_kw
4,38,4965.3783884615386,271.48943493802926,52,weekday,load_kw
4,39,4988.5150000000003,263.06395172291957,52,weekday,load_kw
4,40,4996.0736730769231,248.8760839178122,52,weekday,load_kw
4,41,5010.1334615384612,239.72106136644609,52,weekday,load_kw
4,42,5019.0950000000003,271.10395975366646,52,weekday,load_kw
4,43,4973.2593076923076,285.49690078404245,52,weekday,load_kw
4,44,5004.7661230769236,285.45882662458769,52,weekday,load_kw
4,45,4978.2903846153849,263.62426923419036,52,weekday,load_kw
4,46,4777.073553846154,265.64114753093992,52,weekday,load_kw
4,47,5531.3825980769234,269.55201498190036,52,weekday,load_kw
4,48,6803.8317307692305,269.54164970986983,52,weekday,load_kw
4,49,6914.376617307692,284.13991148995348,52,weekday,load_kw
4,50,6702.9721326923072,291.21841094769121,52,weekday,load_kw
4,51,6732.064807692308,283.50572371363762,52,weekday,load_kw
4,52,6720.8173596153847,292.26815833417623,52,weekday,load_kw
4,53,6722.2887673076921,295.33453356417186,52,weekday,load_kw
4,54,6752.0755769230764,285.23042946329781,52,weekday,load_kw
4,55,6730.102365384615,255.15911690801912,52,weekday,load_kw
4,56,6714.3061211538461,263.65325019551301,52,weekday,load_kw
4,57,6711.0848076923075,273.95478822272571,52,weekday,load_kw
4,58,6669.094975,259.21873925814322,52,weekday,load_kw
4,59,6652.233221153846,270.29715008866594,52,weekday,load_kw
4,60,6669.3715384615389,290.58636789331644,52,weekday,load_kw
4,61,6662.80813076923,277.6017869226161,52,weekday,load_kw
4,62,6646.8496673076925,250.75156917420347,52,weekday,load_kw
4,63,6634.7074999999995,226.78498215032133,52,weekday,load_kw
4,64,6622.0391769230773,246.75272292840975,52,weekday,load_kw
4,65,6614.070794230769,246.22813631479221,52,weekday,load_kw
4,66,6611.0586538461539,228.98371684577333,52,weekday,load_kw
4,67,6605.065913461538,264.54154007089704,52,weekday,load_kw
4,68,6587.5015230769222,275.73258826338048,52,weekday,load_kw
4,69,6590.4136538461544,272.87187812360088,52,weekday,load_kw
4,70,6624.710661538461,303.17042211288742,52,weekday,load_kw
4,71,6469.4285153846149,314.84870340936936,52,weekday,load_kw
4,72,6199.2792307692307,300.87985791899956,52,weekday,load_kw
4,73,6135.6005634615385,274.86540940880201,52,weekday,load_kw
4,74,6173.068732692308,284.72037879948294,52,weekday,load_kw
4,75,6168.6448076923079,303.30104711061182,52,weekday,load_kw
4,76,6113.7412653846159,268.58106128524736,52,weekday,load_kw
4,77,6231.8123269230764,261.33816486694479,52,weekday,load_kw
4,78,6475.9515384615379,293.80303348308223,52,weekday,load_kw
4,79,6558.5890057692304,285.37064094008952,52,weekday,load_kw
4,80,6537.2216730769233,286.30238637426612,52,weekday,load_kw
4,81,6500.9255769230767,321.08165989852205,52,weekday,load_kw
4,82,6476.8497711538466,324.74638480035833,52,weekday,load_kw
4,83,6476.7513826923077,330.97360568634457,52,weekday,load_kw
4,84,6490.2292307692305,352.51308695409676,52,weekday,load_kw
4,85,6490.6423442307696,384.13951464667156,52,weekday,load_kw
4,86,6463.6498596153842,390.3360226662266,52,weekday,load_kw
4,87,6431.3234615384617,361.06353530235913,52,weekday,load_kw
4,88,6432.4780557692302,349.58051989454538,52,weekday,load_kw
4,89,6441.5967961538463,364.78174372364151,52,weekday,load_kw
4,90,6444.2909615384615,395.00454303795772,52,weekday,load_kw
4,91,6445.342334615385,387.93538455683773,52,weekday,load_kw
4,92,6418.7762653846148,384.30298494116948,52,weekday,load_kw
4,93,6395.7323076923076,414.03732558183992,52,weekday,load_kw
4,94,6437.3037173076928,431.19970672792419,52,weekday,load_kw
4,95,6467.7662903846158,439.16907972931369,52,weekday,load_kw
4,96,6462.7757692307696,437.49866900568935,52,weekday,load_kw
4,97,6465.4741750000003,458.64403087320915,52,weekday,load_kw
4,98,6446.4758057692316,455.16589389011324,52,weekday,load_kw
4,99,6419.331538461538,450.94504882561,52,weekday,load_kw
4,100,6436.4355653846151,489.85435442789003,52,weekday,load_kw
4,101,6459.3678826923078,500.8686003122786,52,weekday,load_kw
4,102,6469.0928846153847,486.39405600299528,52,weekday,load_kw
4,103,6472.6420711538467,510.900193057612,52,weekday,load_kw
4,104,6419.5066942307694,519.85057027165999,52,weekday,load_kw
4,105,6455.1923076923076,510.37856870233963,52,weekday,load_kw
4,106,6638.7980423076915,524.3445880084447,52,weekday,load_kw
4,107,5917.1694269230775,546.84376775990609,52,weekday,load_kw
4,108,4705.1011538461544,536.98223690142879,52,weekday,load_kw
4,109,4572.1891615384611,542.14099035747211,52,weekday,load_kw
4,110,4750.990167307692,551.70012146926581,52,weekday,load_kw
4,111,4714.0565384615384,555.94199439941815,52,weekday,load_kw
4,112,4707.5322884615389,576.44514482652403,52,weekday,load_kw
4,113,4702.3638461538467,557.99728974074696,52,weekday,load_kw
4,114,4689.4188461538461,539.24128755732863,52,weekday,load_kw
4,115,4725.1112211538457,584.43707356119694,52,weekday,load_kw
4,116,4739.8578423076924,610.41823714079578,52,weekday,load_kw
4,117,4717.4011538461536,563.52195805175677,52,weekday,load_kw
4,118,4714.2898230769224,527.20627901233377,52,weekday,load_kw
4,119,4734.200353846154,547.52946195347249,52,weekday,load_kw
4,120,4755.4919230769228,581.24257248651224,52,weekday,load_kw
4,121,4756.1609538461544,571.46807532835135,52,weekday,load_kw
4,122,4756.3407980769234,556.90123114181938,52,weekday,load_kw
4,123,4763.3119230769234,576.80271172310802,52,weekday,load_kw
4,124,4765.644490384615,592.2186038415972,52,weekday,load_kw
4,125,4770.6876634615382,567.20633301089742,52,weekday,load_kw
4,126,4781.2153846153851,535.45508432661461,52,weekday,load_kw
4,127,4784.2995942307689,541.48514895507742,52,weekday,load_kw
4,128,4748.4307038461538,556.95557854424078,52,weekday,load_kw
4,129,4776.6244230769234,544.49519439861888,52,weekday,load_kw
4,130,4909.5715230769229,521.93157630672567,52,weekday,load_kw
4,131,4434.7475384615382,529.88797861880914,52,weekday,load_kw
4,132,3640.7334615384616,571.15822145601862,52,weekday,load_kw
4,133,3589.6341826923081,572.13466258655296,52,weekday,load_kw
4,134,3702.8474846153845,544.46281509584549,52,weekday,load_kw
4,135,3637.0476923076926,512.52975141426248,52,weekday,load_kw
4,136,3636.8154788461538,500.15645532152342,52,weekday,load_kw
4,137,3667.3160557692308,501.279576300543,52,weekday,load_kw
4,138,3687.6321153846152,516.98767987496217,52,weekday,load_kw
4,139,3709.441228846154,485.35455655755436,52,weekday,load_kw
4,140,3677.8702730769228,436.57022428398966,52,weekday,load_kw
4,141,3682.1961538461542,423.87086723066722,52,weekday,load_kw
4,142,3795.1677249999998,476.68608623306989,52,weekday,load_kw
4,143,3419.6748480769234,475.9504123657843,52,weekday,load_kw
4,144,2756.8034615384613,435.63301640699979,52,weekday,load_kw
5,1,2664.0401173076925,428.30543700701588,52,weekday,load_kw
5,2,2771.8497115384616,428.84922194517674,52,weekday,load_kw
5,3,2782.8153846153846,417.04944301540189,52,weekday,load_kw
5,4,2775.1410384615383,392.17302264571538,52,weekday,load_kw
5,5,2771.2305999999999,403.83178236700934,52,weekday,load_kw
5,6,2769.2490384615385,414.83534812259973,52,weekday,load_kw
5,7,2766.3660096153844,410.89194269732428,52,weekday,load_kw
5,8,2778.6243115384614,386.16509082883266,52,weekday,load_kw
5,9,2800.0030769230771,360.30261044881337,52,weekday,load_kw
5,10,2807.0549673076921,360.72192313399239,52,weekday,load_kw
5,11,2813.2249326923074,339.57497373086784,52,weekday,load_kw
5,12,2823.4088461538463,318.58725208457344,52,weekday,load_kw
5,13,2826.7971846153846,325.64911408478719,52,weekday,load_kw
5,14,2822.6405038461535,335.02361989793627,52,weekday,load_kw
5,15,2826.8426923076922,327.46073617120231,52,weekday,load_kw
5,16,2853.6793519230769,297.7788373686119,52,weekday,load_kw
5,17,2857.9716250000001,289.68641746149785,52,weekday,load_kw
5,18,2843.6432692307694,303.79830079118688,52,weekday,load_kw
5,19,2859.3962884615385,299.08241697480588,52,weekday,load_kw
5,20,2877.5198423076922,293.68576372895325,52,weekday,load_kw
5,21,2872.1382692307693,296.62202494295548,52,weekday,load_kw
5,22,2850.0293057692306,281.61744432879107,52,weekday,load_kw
5,23,2859.2981326923077,249.21395236237311,52,weekday,load_kw
5,24,2896.3969230769235,254.77807208210902,52,weekday,load_kw
5,25,2907.0784749999998,303.9108112398747,52,weekday,load_kw
5,26,2882.9954365384615,297.97520325363701,52,weekday,load_kw
5,27,2866.832115384615,264.11530922312261,52,weekday,load_kw
5,28,2907.2569192307692,251.54717111309671,52,weekday,load_kw
5,29,2925.0335057692309,264.1848737507471,52,weekday,load_kw
5,30,2892.0559615384618,255.65645488152015,52,weekday,load_kw
5,31,2860.8817288461537,279.39599954470572,52,weekday,load_kw
5,32,2870.3851884615383,267.24586858618881,52,weekday,load_kw
5,33,2905.0321153846157,261.927014189266,52,weekday,load_kw
5,34,2914.9558538461538,276.79783078899277,52,weekday,load_kw
5,35,2912.2522230769227,256.57569047350603,52,weekday,load_kw
5,36,2902.5751923076923,232.4406550826609,52,weekday,load_kw
5,37,2883.2680557692311,272.87315900469451,52,weekday,load_kw
5,38,2903.4650980769229,282.15275982440369,52,weekday,load_kw
5,39,2914.0926923076922,246.74117805009877,52,weekday,load_kw
5,40,2856.812117307692,267.20563746970913,52,weekday,load_kw
5,41,3058.296946153846,277.21621447901617,52,weekday,load_kw
5,42,3407.2061538461539,271.17670806446802,52,weekday,load_kw
5,43,3435.0233903846156,286.78887624365251,52,weekday,load_kw
5,44,3375.1470480769231,290.00796307632612,52,weekday,load_kw
5,45,3384.0963461538463,280.72842264805678,52,weekday,load_kw
5,46,3382.6198634615384,303.21849447579399,52,weekday,load_kw
5,47,3380.0873923076924,318.02600640461139,52,weekday,load_kw
5,48,3382.0561538461543,303.50285145253412,52,weekday,load_kw
5,49,3373.6561346153849,285.78728720955036,52,weekday,load_kw
5,50,3370.9065519230767,270.0541564642578,52,weekday,load_kw
5,51,3338.1707692307691,263.92236846441671,52,weekday,load_kw
5,52,3279.9374480769229,281.97897063013829,52,weekday,load_kw
5,53,3571.307419230769,293.21641380237219,52,weekday,load_kw
5,54,4028.4867307692307,283.4114604745514,52,weekday,load_kw
5,55,4053.9404288461537,281.30116099816638,52,weekday,load_kw
5,56,3986.9485134615384,285.98821489278646,52,weekday,load_kw
5,57,4020.5740384615387,278.02746950094036,52,weekday,load_kw
5,58,4005.0163923076925,277.62431948083656,52,weekday,load_kw
5,59,3967.7971615384618,277.95069123225858,52,weekday,load_kw
5,60,3949.2182692307692,269.90091977787995,52,weekday,load_kw
5,61,3949.6313326923078,271.11483736896599,52,weekday,load_kw
5,62,3953.1345288461534,268.0127773873399,52,weekday,load_kw
5,63,3947.207115384615,269.63117631411876,52,weekday,load_kw
5,64,3930.5995942307691,257.06155590083739,52,weekday,load_kw
5,65,3918.3017038461539,257.08512121058175,52,weekday,load_kw
5,66,3914.6838461538459,251.05320362740596,52,weekday,load_kw
5,67,3907.830694230769,243.19227072072749,52,weekday,load_kw
5,68,3880.8273173076927,237.98698444192672,52,weekday,load_kw
5,69,3855.1773076923077,255.1780528481132,52,weekday,load_kw
5,70,3870.848305769231,260.58615765593169,52,weekday,load_kw
5,71,3885.2874500000003,263.57312291584498,52,weekday,load_kw
5,72,3872.5340384615383,265.24102880550436,52,weekday,load_kw
5,73,3846.2824865384614,278.79106060727241,52,weekday,load_kw
5,74,3827.6173865384617,282.81664557035447,52,weekday,load_kw
5,75,3825.3078846153849,306.20517898398435,52,weekday,load_kw
5,76,3830.4223730769231,274.23440714502897,52,weekday,load_kw
5,77,3819.3583211538457,297.07801514236229,52,weekday,load_kw
5,78,3790.8240384615387,327.20938005671007,52,weekday,load_kw
5,79,3770.0496980769231,293.13988307849127,52,weekday,load_kw
5,80,3782.7581480769231,270.00613731019013,52,weekday,load_kw
5,81,3802.5325000000003,303.48487532087881,52,weekday,load_kw
5,82,3777.343101923077,314.29474505319621,52,weekday,load_kw
5,83,3757.9859346153848,310.97397237839743,52,weekday,load_kw
5,84,3761.476346153846,308.39776083231794,52,weekday,load_kw
5,85,3755.9526173076924,313.29871264478987,52,weekday,load_kw
5,86,3753.2187730769228,379.43187769418046,52,weekday,load_kw
5,87,3752.5536538461538,437.6802822278994,52,weekday,load_kw
5,88,3740.2961211538463,380.55076496614504,52,weekday,load_kw
5,89,3745.4851019230769,379.29045425068153,52,weekday,load_kw
5,90,3763.8128846153845,440.80547418995337,52,weekday,load_kw
5,91,3757.7285192307691,428.83558495540495,52,weekday,load_kw
5,92,3734.1510557692309,403.07338015580791,52,weekday,load_kw
5,93,3718.3582692307691,413.2548232223715,52,weekday,load_kw
5,94,3729.9288673076926,414.79858246711439,52,weekday,load_kw
5,95,3739.7175615384617,427.53480099657145,52,weekday,load_kw
5,96,3731.1421153846159,447.63249958383597,52,weekday,load_kw
5,97,3713.4807884615384,424.12176000366151,52,weekday,load_kw
5,98,3701.472221153846,441.27138313880653,52,weekday,load_kw
5,99,3740.3244230769228,484.35151458829409,52,weekday,load_kw
5,100,3807.1277961538462,477.5669087965403,52,weekday,load_kw
5,101,3517.5954519230772,489.06262778026991,52,weekday,load_kw
5,102,3047.4448076923077,501.33314052258379,52,weekday,load_kw
5,103,2994.3665615384616,476.03759317683949,52,weekday,load_kw
5,104,3056.1543615384612,489.68527929187479,52,weekday,load_kw
5,105,3037.3507692307689,537.80596912534111,52,weekday,load_kw
5,106,3049.5015749999998,539.08616836442854,52,weekday,load_kw
5,107,3077.555873076923,545.9449135929251,52,weekday,load_kw
5,108,3091.2040384615389,568.02917170069611,52,weekday,load_kw
5,109,3083.4624634615388,538.2423724780167,52,weekday,load_kw
5,110,3060.7258250000004,523.32096240597912,52,weekday,load_kw
5,111,3044.5955769230768,542.54391659384953,52,weekday,load_kw
5,112,3057.5993788461537,568.78010710481624,52,weekday,load_kw
5,113,3078.1407826923078,564.25024080219509,52,weekday,load_kw
5,114,3084.9259615384613,542.55081501330949,52,weekday,load_kw
5,115,3077.6466307692308,533.09206264704767,52,weekday,load_kw
5,116,3091.6117846153847,550.98596250209607,52,weekday,load_kw
5,117,3114.9617307692311,557.29368229715158,52,weekday,load_kw
5,118,3104.2109557692306,500.18732672340531,52,weekday,load_kw
5,119,3109.7099346153846,523.13482627218366,52,weekday,load_kw
5,120,3127.4253846153847,598.03269015986837,52,weekday,load_kw
5,121,3106.2842019230766,582.01784778951844,52,weekday,load_kw
5,122,3116.6852019230769,559.20368987651102,52,weekday,load_kw
5,123,3164.7417307692308,566.22050528636782,52,weekday,load_kw
5,124,3179.4089076923074,560.3878220790325,52,weekday,load_kw
5,125,3163.7034749999998,553.72525650918783,52,weekday,load_kw
5,126,3154.5951923076927,559.69526780376054,52,weekday,load_kw
5,127,3179.012346153846,563.779977073738,52,weekday,load_kw
5,128,3172.0044307692306,557.62054110540487,52,weekday,load_kw
5,129,3178.3217307692312,547.51509827054133,52,weekday,load_kw
5,130,3258.8621884615382,546.80664263081292,52,weekday,load_kw
5,131,3035.4337000000005,538.31713748691698,52,weekday,load_kw
5,132,2647.2863461538464,515.10991852312202,52,weekday,load_kw
5,133,2646.5924153846154,533.25812979927866,52,weekday,load_kw
5,134,2736.5886865384618,551.25986975206911,52,weekday,load_kw
5,135,2721.5357692307689,535.40910541579501,52,weekday,load_kw
5,136,2707.2367596153849,492.93977440528442,52,weekday,load_kw
5,137,2723.8388230769228,494.8026851974912,52,weekday,load_kw
5,138,2752.6405769230769,522.85579925385343,52,weekday,load_kw
5,139,2756.8454057692306,487.54931728735573,52,weekday,load_kw
5,140,2734.0074384615386,448.739106901941,52,weekday,load_kw
5,141,2714.8269230769229,460.58512067415427,52,weekday,load_kw
5,142,2735.1410653846156,458.45905965526367,52,weekday,load_kw
5,143,2755.8802673076925,449.83779233486746,52,weekday,load_kw
5,144,2755.788846153846,431.81988128972694,52,weekday,load_kw
6,1,2749.6656249999996,436.79209569335501,52,weekday,load_kw
6,2,2749.2566500000003,451.91467276953421,52,weekday,load_kw
6,3,2764.1919230769231,452.95268085126406,52,weekday,load_kw
6,4,2792.9956576923078,406.75801984624565,52,weekday,load_kw
6,5,2795.8068692307693,385.32762937121345,52,weekday,load_kw
6,6,2774.2407692307688,394.70364218276211,52,weekday,load_kw
6,7,2771.4626269230771,376.74508923148142,52,weekday,load_kw
6,8,2791.7182769230767,383.61301398328209,52,weekday,load_kw
6,9,2809.1421153846159,375.91899619380638,52,weekday,load_kw
6,10,2796.1754653846151,302.74146892938722,52,weekday,load_kw
6,11,2795.3732788461539,298.08645794780688,52,weekday,load_kw
6,12,2812.5244230769231,357.68445783692101,52,weekday,load_kw
6,13,2815.178119230769,344.86107658479227,52,weekday,load_kw
6,14,2833.3872865384615,328.13955429478176,52,weekday,load_kw
6,15,2854.5811538461539,329.87574497105902,52,weekday,load_kw
6,16,2831.2974019230769,306.67111423038278,52,weekday,load_kw
6,17,2810.1595596153848,301.85814186075606,52,weekday,load_kw
6,18,2822.3163461538466,311.683305956347,52,weekday,load_kw
6,19,2851.0582442307691,301.40704426249289,52,weekday,load_kw
6,20,2849.5438826923078,270.72971210274704,52,weekday,load_kw
6,21,2825.9232692307696,265.39763368864834,52,weekday,load_kw
6,22,2835.1026923076925,248.09463587347727,52,weekday,load_kw
6,23,2869.9149365384615,248.02614583394706,52,weekday,load_kw
6,24,2890.0751923076923,276.66042532168933,52,weekday,load_kw
6,25,2862.5971384615382,257.80044829077241,52,weekday,load_kw
6,26,2848.4557249999998,250.8149022398116,52,weekday,load_kw
6,27,2866.3101923076924,274.35434052813707,52,weekday,load_kw
6,28,2879.2758346153851,254.76295959361832,52,weekday,load_kw
6,29,2891.2721923076924,250.96596002679206,52,weekday,load_kw
6,30,2894.6715384615386,262.31187177117351,52,weekday,load_kw
6,31,2875.465076923077,260.36915513286107,52,weekday,load_kw
6,32,2881.0527903846155,259.12588197485263,52,weekday,load_kw
6,33,2907.0653846153846,263.71652296388794,52,weekday,load_kw
6,34,2901.2139903846155,245.56083866544455,52,weekday,load_kw
6,35,2887.6274750000002,234.98489003964971,52,weekday,load_kw
6,36,2878.938076923077,254.86812319267921,52,weekday,load_kw
6,37,2867.1729,260.33764316244338,52,weekday,load_kw
6,38,2883.7407038461538,258.07535240085775,52,weekday,load_kw
6,39,2889.1790384615383,262.34181833645397,52,weekday,load_kw
6,40,2846.5514653846153,254.95294456318331,52,weekday,load_kw
6,41,3033.3793980769233,263.87568464435219,52,weekday,load_kw
6,42,3354.1875,267.75126985565106,52,weekday,load_kw
6,43,3407.0439153846155,254.11608160403688,52,weekday,load_kw
6,44,3365.6598653846154,250.8131469188213,52,weekday,load_kw
6,45,3358.3819230769227,259.78072657183424,52,weekday,load_kw
6,46,3339.1850826923078,254.96571089056278,52,weekday,load_kw
6,47,3339.1548596153848,250.34064004039192,52,weekday,load_kw
6,48,3356.3028846153848,266.54694469607028,52,weekday,load_kw
6,49,3349.5231000000003,249.64111796450652,52,weekday,load_kw
6,50,3336.9432673076926,256.08460424172154,52,weekday,load_kw
6,51,3301.1344230769228,281.20561861185541,52,weekday,load_kw
6,52,3260.8883442307697,268.08399733102129,52,weekday,load_kw
6,53,3557.0780923076923,245.65457448889467,52,weekday,load_kw
6,54,4005.2009615384618,260.44031926538833,52,weekday,load_kw
6,55,4039.234048076923,246.89239864604869,52,weekday,load_kw
6,56,3976.8081692307696,250.86263700791429,52,weekday,load_kw
6,57,3997.0880769230766,256.72969156972124,52,weekday,load_kw
6,58,3965.3991250000004,279.46349440286144,52,weekday,load_kw
6,59,3951.1209269230771,257.72594832031916,52,weekday,load_kw
6,60,3970.2951923076926,239.75317103540246,52,weekday,load_kw
6,61,3956.7586519230772,231.4274876855564,52,weekday,load_kw
6,62,3946.6679423076926,246.42323773089279,52,weekday,load_kw
6,63,3949.351346153846,256.00582749976343,52,weekday,load_kw
6,64,3931.4418942307693,262.52814600280232,52,weekday,load_kw
6,65,3903.2743442307692,278.40037259063087,52,weekday,load_kw
6,66,3888.6430769230769,269.01293815039401,52,weekday,load_kw
6,67,3897.9001653846153,269.84180023787724,52,weekday,load_kw
6,68,3883.0973615384614,258.67748675475764,52,weekday,load_kw
6,69,3855.6174999999998,264.00802403042798,52,weekday,load_kw
6,70,3869.5356000000002,276.73621078023308,52,weekday,load_kw
6,71,3858.6008634615382,271.12815740309179,52,weekday,load_kw
6,72,3830.6709615384616,277.42996625723174,52,weekday,load_kw
6,73,3856.8745846153843,308.05198428193916,52,weekday,load_kw
6,74,3847.3871057692309,296.65251157370193,52,weekday,load_kw
6,75,3806.8515384615384,253.25018896986634,52,weekday,load_kw
6,76,3829.3456076923076,301.43496656804234,52,weekday,load_kw
6,77,3828.4060846153848,316.05021910090608,52,weekday,load_kw
6,78,3788.3203846153847,285.54336781268444,52,weekday,load_kw
6,79,3786.8669519230771,314.39330704917859,52,weekday,load_kw
6,80,3806.5019173076921,343.98514695612346,52,weekday,load_kw
6,81,3809.7703846153845,339.00694953812274,52,weekday,load_kw
6,82,3780.1178769230764,323.93312995424031,52,weekday,load_kw
6,83,3761.6967826923074,337.90428983486993,52,weekday,load_kw
6,84,3766.979807692308,339.47307968287271,52,weekday,load_kw
6,85,3764.581601923077,333.94866693764305,52,weekday,load_kw
6,86,3736.9053615384614,345.56258142870536,52,weekday,load_kw
6,87,3716.3584615384616,365.64862352781091,52,weekday,load_kw
6,88,3750.7814288461541,378.73334543358953,52,weekday,load_kw
6,89,3768.965342307692,403.26808005370816,52,weekday,load_kw
6,90,3746.5375000000004,408.64246655728226,52,weekday,load_kw
6,91,3728.0559653846149,375.10540987289613,52,weekday,load_kw
6,92,3724.8345403846156,375.29591019269526,52,weekday,load_kw
6,93,3726.5425,426.49856241338784,52,weekday,load_kw
6,94,3720.7658442307688,429.80762867506007,52,weekday,load_kw
6,95,3734.6016923076922,448.95701728853254,52,weekday,load_kw
6,96,3757.3711538461534,468.16273556445236,52,weekday,load_kw
6,97,3743.4130326923073,454.64030824616242,52,weekday,load_kw
6,98,3701.0857403846157,450.35034292179353,52,weekday,load_kw
6,99,3716.1384615384618,475.1091560291012,52,weekday,load_kw
6,100,3807.4784423076921,477.71826493062537,52,weekday,load_kw
6,101,3507.2821750000003,470.92813049683241,52,weekday,load_kw
6,102,3000.666923076923,474.64138385604161,52,weekday,load_kw
6,103,2980.2296923076919,515.78222625890965,52,weekday,load_kw
6,104,3084.2267153846155,534.31412398984082,52,weekday,load_kw
6,105,3065.9944230769229,531.6279272213053,52,weekday,load_kw
6,106,3042.1776980769232,515.76740669902892,52,weekday,load_kw
6,107,3034.2930749999996,524.44795054682061,52,weekday,load_kw
6,108,3044.4450000000002,548.78962839803648,52,weekday,load_kw
6,109,3075.834948076923,528.66627158203016,52,weekday,load_kw
6,110,3102.0424557692309,517.52687115212814,52,weekday,load_kw
6,111,3100.2744230769231,537.04236385060779,52,weekday,load_kw
6,112,3074.6343576923077,568.61177238893538,52,weekday,load_kw
6,113,3087.7272999999996,574.92426401350281,52,weekday,load_kw
6,114,3112.5851923076921,565.30521637149695,52,weekday,load_kw
6,115,3068.1912423076919,567.66170811113273,52,weekday,load_kw
6,116,3067.3238557692307,552.56250159182298,52,weekday,load_kw
6,117,3128.7061538461539,544.03295551545204,52,weekday,load_kw
6,118,3148.4499250000003,543.9754969705449,52,weekday,load_kw
6,119,3109.8382096153846,552.57693826635659,52,weekday,load_kw
6,120,3088.3688461538459,566.93669771007728,52,weekday,load_kw
6,121,3168.0556365384614,567.11231979930244,52,weekday,load_kw
6,122,3199.5840615384614,560.92416850565508,52,weekday,load_kw
6,123,3156.1257692307695,563.03175533104809,52,weekday,load_kw
6,124,3155.1492192307696,565.4813776292342,52,weekday,load_kw
6,125,3166.9248384615389,559.32324061058819,52,weekday,load_kw
6,126,3166.4617307692311,545.84345242907386,52,weekday,load_kw
6,127,3167.9088538461538,542.93528278300505,52,weekday,load_kw
6,128,3169.3289057692309,540.33844453286292,52,weekday,load_kw
6,129,3198.1478846153846,527.9488182128074,52,weekday,load_kw
6,130,3245.2534519230767,542.79316641266212,52,weekday,load_kw
6,131,3039.8322076923077,533.78534147279368,52,weekday,load_kw
6,132,2698.1163461538458,508.78434475016849,52,weekday,load_kw
6,133,2640.1593115384612,514.87616242976719,52,weekday,load_kw
6,134,2697.3779096153844,514.92385658269461,52,weekday,load_kw
6,135,2718.5442307692306,507.92742945959901,52,weekday,load_kw
6,136,2724.326071153846,478.7099861578547,52,weekday,load_kw
6,137,2742.6660480769228,483.52911193608907,52,weekday,load_kw
6,138,2748.1101923076926,487.74407276723542,52,weekday,load_kw
6,139,2703.9445480769232,433.6947836400185,52,weekday,load_kw
6,140,2731.5985211538459,442.49446350981799,52,weekday,load_kw
6,141,2759.9432692307691,497.14665989227348,52,weekday,load_kw
6,142,2671.4021057692307,481.92902006437305,52,weekday,load_kw
6,143,3051.0109173076926,471.1822751609148,52,weekday,load_kw
6,144,3699.2938461538461,475.92439413622895,52,weekday,load_kw
7,1,3771.3091384615382,439.90050028864363,52,weekday,load_kw
7,2,3672.2400826923081,422.80838407438625,52,weekday,load_kw
7,3,3700.4375,416.08935313423564,52,weekday,load_kw
7,4,3742.4000365384613,405.05025904933365,52,weekday,load_kw
7,5,3757.8376769230767,407.05696896996011,52,weekday,load_kw
7,6,3748.7719230769226,412.22183979036174,52,weekday,load_kw
7,7,3734.7235096153845,375.81383337186423,52,weekday,load_kw
7,8,3727.772246153846,355.85053351548868,52,weekday,load_kw
7,9,3731.0634615384615,377.13900974847098,52,weekday,load_kw
7,10,3740.4947403846154,331.44174550530477,52,weekday,load_kw
7,11,3750.3446788461538,302.4349560900726,52,weekday,load_kw
7,12,3752.8071153846154,310.55159320237806,52,weekday,load_kw
7,13,3747.7855596153845,320.4802394311688,52,weekday,load_kw
7,14,3770.6983903846153,316.8417241116889,52,weekday,load_kw
7,15,3812.501153846154,280.48903940456131,52,weekday,load_kw
7,16,3820.3616461538459,325.38856733479196,52,weekday,load_kw
7,17,3781.9697692307695,334.06539361697867,52,weekday,load_kw
7,18,3746.4640384615386,278.79302706881776,52,weekday,load_kw
7,19,3777.1977384615384,253.09963283506349,52,weekday,load_kw
7,20,3796.0620903846157,244.40575260147506,52,weekday,load_kw
7,21,3793.8036538461538,250.98036525053041,52,weekday,load_kw
7,22,3831.1494499999999,247.46052320433674,52,weekday,load_kw
7,23,3834.5561211538461,260.96367630178884,52,weekday,load_kw
7,24,3807.7200000000003,278.57238590397884,52,weekday,load_kw
7,25,3829.4459826923076,258.45550129732129,52,weekday,load_kw
7,26,3835.3506942307695,229.76189296961957,52,weekday,load_kw
7,27,3819.8525000000004,258.98736652415636,52,weekday,load_kw
7,28,3842.871651923077,290.46657394637765,52,weekday,load_kw
7,29,3846.5672173076923,282.63463051890699,52,weekday,load_kw
7,30,3823.3190384615382,243.50161351689601,52,weekday,load_kw
7,31,3829.3932634615385,239.29455828266407,52,weekday,load_kw
7,32,3850.9936903846155,242.47860351312548,52,weekday,load_kw
7,33,3793.3294230769234,232.8489071447068,52,weekday,load_kw
7,34,3675.0067115384613,231.71383819240802,52,weekday,load_kw
7,35,4168.6858923076925,255.37991583161849,52,weekday,load_kw
7,36,4975.9392307692306,260.75096518796516,52,weekday,load_kw
7,37,5060.9568384615377,243.50172687903998,52,weekday,load_kw
7,38,4953.3274653846156,238.27763595010612,52,weekday,load_kw
7,39,4989.7140384615386,258.94041392143168,52,weekday,load_kw
7,40,4973.9269230769232,252.21525144850213,52,weekday,load_kw
7,41,4960.9711942307695,252.60479801418316,52,weekday,load_kw
7,42,4975.1192307692309,246.98023728865695,52,weekday,load_kw
7,43,4968.8123326923078,263.27962937677182,52,weekday,load_kw
7,44,4998.7761942307689,263.17199487003961,52,weekday,load_kw
7,45,4949.8971153846151,247.88300493307966,52,weekday,load_kw
7,46,4789.0337788461538,266.96526115310724,52,weekday,load_kw
7,47,5531.7550384615379,276.59882978685323,52,weekday,load_kw
7,48,6746.7171153846148,278.73123570597954,52,weekday,load_kw
7,49,6880.7204730769236,259.89219978489751,52,weekday,load_kw
7,50,6701.3423211538466,274.41541912275267,52,weekday,load_kw
7,51,6735.4811538461545,293.92136090907456,52,weekday,load_kw
7,52,6737.0787038461531,287.10844257846793,52,weekday,load_kw
7,53,6723.9297596153838,259.6393367347253,52,weekday,load_kw
7,54,6720.0367307692304,249.31125179866243,52,weekday,load_kw
7,55,6695.7147634615385,240.0481505567011,52,weekday,load_kw
7,56,6680.5403730769231,256.9381546999731,52,weekday,load_kw
7,57,6675.9642307692311,276.71790415473481,52,weekday,load_kw
7,58,6655.2706634615379,238.83036150106102,52,weekday,load_kw
7,59,6651.8437192307692,237.97826412167836,52,weekday,load_kw
7,60,6668.3444230769228,253.21213844625103,52,weekday,load_kw
7,61,6667.0088000000005,258.2477921095209,52,weekday,load_kw
7,62,6634.6861865384617,247.56658686883142,52,weekday,load_kw
7,63,6596.7559615384616,256.80963601476839,52,weekday,load_kw
7,64,6596.6303634615379,261.01255713714238,52,weekday,load_kw
7,65,6621.7993269230774,266.95940249069622,52,weekday,load_kw
7,66,6632.2617307692308,285.60139694364483,52,weekday,load_kw
7,67,6596.1299884615382,259.89770463684556,52,weekday,load_kw
7,68,6565.1910403846159,265.99859064105561,52,weekday,load_kw
7,69,6579.9776923076925,301.09928654075975,52,weekday,load_kw
7,70,6605.1792634615376,279.2987925916762,52,weekday,load_kw
7,71,6445.572344230769,262.682989820719,52,weekday,load_kw
7,72,6189.1625000000004,278.9097989748937,52,weekday,load_kw
7,73,6138.9922230769234,280.52599558978466,52,weekday,load_kw
7,74,6171.1940173076919,257.67084581479145,52,weekday,load_kw
7,75,6150.5950000000003,265.34349421006698,52,weekday,load_kw
7,76,6099.2650038461534,262.3379933398993,52,weekday,load_kw
7,77,6255.0129807692301,283.13466798595624,52,weekday,load_kw
7,78,6513.7371153846161,299.8002531447122,52,weekday,load_kw
7,79,6516.4681576923076,273.71581807551598,52,weekday,load_kw
7,80,6454.7925230769233,269.31037870505946,52,weekday,load_kw
7,81,6457.3732692307685,309.09209060313441,52,weekday,load_kw
7,82,6460.4973134615384,301.6441697608505,52,weekday,load_kw
7,83,6451.3004538461537,302.69220997331649,52,weekday,load_kw
7,84,6448.998076923077,324.48977626746824,52,weekday,load_kw
7,85,6472.9017365384625,360.16700118338179,52,weekday,load_kw
7,86,6476.6069788461546,362.86813925455198,52,weekday,load_kw
7,87,6450.8324999999995,339.79308406720367,52,weekday,load_kw
7,88,6434.1864076923075,371.67926380980913,52,weekday,load_kw
7,89,6440.3537134615381,382.11978585060547,52,weekday,load_kw
7,90,6441.6240384615385,369.63238074489027,52,weekday,load_kw
7,91,6405.5674269230767,385.12913849764709,52,weekday,load_kw
7,92,6413.6402057692312,407.86330586427192,52,weekday,load_kw
7,93,6450.3074999999999,416.7023862487377,52,weekday,load_kw
7,94,6422.9048884615386,401.89852466876664,52,weekday,load_kw
7,95,6427.7287403846149,409.70906879410802,52,weekday,load_kw
7,96,6475.6580769230768,463.76032034830502,52,weekday,load_kw
7,97,6472.2407423076929,461.70057833790059,52,weekday,load_kw
7,98,6437.5811961538466,447.57786810987329,52,weekday,load_kw
7,99,6415.5161538461543,448.92667961179376,52,weekday,load_kw
7,100,6428.8232384615385,462.93166383209456,52,weekday,load_kw
7,101,6443.2452365384615,480.95820070938777,52,weekday,load_kw
7,102,6448.5969230769224,491.44940170223458,52,weekday,load_kw
7,103,6458.9059115384607,478.49552945209996,52,weekday,load_kw
7,104,6439.4509961538461,476.39477861251072,52,weekday,load_kw
7,105,6512.2200000000003,491.77269521280169,52,weekday,load_kw
7,106,6685.1323576923078,534.60647389401436,52,weekday,load_kw
7,107,5910.7386576923072,548.81479712459873,52,weekday,load_kw
7,108,4654.2846153846149,515.32776358300089,52,weekday,load_kw
7,109,4537.3985326923075,504.70226208586456,52,weekday,load_kw
7,110,4734.075234615384,526.48737957359572,52,weekday,load_kw
7,111,4706.5894230769227,559.11216208365283,52,weekday,load_kw
7,112,4741.7103442307698,576.31546610586884,52,weekday,load_kw
7,113,4752.5206500000004,560.16581415749692,52,weekday,load_kw
7,114,4713.7363461538462,538.96864839166017,52,weekday,load_kw
7,115,4725.7912999999999,563.25175528860666,52,weekday,load_kw
7,116,4734.7905615384616,591.24770152982194,52,weekday,load_kw
7,117,4724.8713461538464,588.44218294971222,52,weekday,load_kw
7,118,4739.3321076923075,588.69887118654879,52,weekday,load_kw
7,119,4746.1346673076923,575.94631265106511,52,weekday,load_kw
7,120,4733.0257692307696,561.27628155888931,52,weekday,load_kw
7,121,4723.4061730769236,563.86931886606033,52,weekday,load_kw
7,122,4725.2501807692306,567.15813681071859,52,weekday,load_kw
7,123,4739.5440384615385,578.6776139402042,52,weekday,load_kw
7,124,4761.8184615384616,595.62222191291858,52,weekday,load_kw
7,125,4776.8416326923079,600.35716447505376,52,weekday,load_kw
7,126,4772.8473076923074,578.54935681160191,52,weekday,load_kw
7,127,4749.5082711538462,530.13877207615485,52,weekday,load_kw
7,128,4730.0277846153849,535.48603975127162,52,weekday,load_kw
7,129,4795.3078846153849,581.07029526939073,52,weekday,load_kw
7,130,4910.8793249999999,581.95635908458189,52,weekday,load_kw
7,131,4422.2934211538459,538.01757519356966,52,weekday,load_kw
7,132,3635.1871153846155,506.57002610341817,52,weekday,load_kw
7,133,3573.3290576923077,526.02223485429113,52,weekday,load_kw
7,134,3696.4847884615383,535.82980029315434,52,weekday,load_kw
7,135,3654.3163461538466,523.15955976793896,52,weekday,load_kw
7,136,3638.2009134615387,530.37458966836687,52,weekday,load_kw
7,137,3636.2510499999999,524.9569640567895,52,weekday,load_kw
7,138,3636.1965384615387,493.22902124626387,52,weekday,load_kw
7,139,3666.3187596153848,454.58855576161096,52,weekday,load_kw
7,140,3691.144675,456.96887333324554,52,weekday,load_kw
7,141,3700.6184615384618,486.0598174693842,52,weekday,load_kw
7,142,3717.3875326923076,483.81026839051344,52,weekday,load_kw
7,143,3727.8653903846152,457.50353359609295,52,weekday,load_kw
7,144,3728.9646153846156,437.71558890050494,52,weekday,load_kw
weekday,1,3511.3154551724137,604.95878542383207,261,day_type,load_kw
weekday,2,3528.5233448275862,566.10533436677702,261,day_type,load_kw
weekday,3,3528.7735632183908,565.09253814950978,261,day_type,load_kw
weekday,4,3528.8557842911878,555.14473654821916,261,day_type,load_kw
weekday,5,3531.3504295019156,551.9253405499594,261,day_type,load_kw
weekday,6,3538.8695785440614,554.91769144986927,261,day_type,load_kw
weekday,7,3552.4561352490423,552.52651075082497,261,day_type,load_kw
weekday,8,3550.9312390804598,531.14962893802874,261,day_type,load_kw
weekday,9,3545.4127586206896,507.94474492202357,261,day_type,load_kw
weekday,10,3567.8274888888886,514.65530005397295,261,day_type,load_kw
weekday,11,3583.6335750957851,513.87255057792618,261,day_type,load_kw
weekday,12,3584.4250191570882,504.14526036010409,261,day_type,load_kw
weekday,13,3594.385622605364,506.81251928990486,261,day_type,load_kw
weekday,14,3596.5542720306516,507.28621003543049,261,day_type,load_kw
weekday,15,3589.9184291187739,492.60183532660335,261,day_type,load_kw
weekday,16,3594.4681869731803,470.57281156094507,261,day_type,load_kw
weekday,17,3607.2056950191572,467.92900435892642,261,day_type,load_kw
weekday,18,3615.4178160919541,483.422358504187,261,day_type,load_kw
weekday,19,3611.7192091954025,470.79724508825524,261,day_type,load_kw
weekday,20,3622.7496521072799,472.29525220852378,261,day_type,load_kw
weekday,21,3638.5276245210725,482.10637239708166,261,day_type,load_kw
weekday,22,3624.2207417624522,480.43999193687705,261,day_type,load_kw
weekday,23,3623.7649302681994,464.21230803115412,261,day_type,load_kw
weekday,24,3644.4069348659004,461.26525249389988,261,day_type,load_kw
weekday,25,3648.0017521072796,464.75029482355126,261,day_type,load_kw
weekday,26,3642.3151881226054,472.40704667377162,261,day_type,load_kw
weekday,27,3646.4730651340997,472.84527336909258,261,day_type,load_kw
weekday,28,3668.1495283524905,461.68173021852567,261,day_type,load_kw
weekday,29,3673.7803762452104,455.74091898036482,261,day_type,load_kw
weekday,30,3655.8454406130268,463.07895993960619,261,day_type,load_kw
weekday,31,3645.9505413793104,480.0739478294559,261,day_type,load_kw
weekday,32,3681.1786007662836,487.68165609606689,261,day_type,load_kw
weekday,33,3671.1556704980844,460.59925932590045,261,day_type,load_kw
weekday,34,3565.0190636015327,415.46461102088205,261,day_type,load_kw
weekday,35,3941.7431827586206,576.82934486821898,261,day_type,load_kw
weekday,36,4585.6050574712644,881.68133781456288,261,day_type,load_kw
weekday,37,4649.2403578544063,918.76074786504466,261,day_type,load_kw
weekday,38,4552.4003892720311,863.97157160258587,261,day_type,load_kw
weekday,39,4573.6604980842912,872.55722862134724,261,day_type,load_kw
weekday,40,4573.6111091954017,900.21371093714095,261,day_type,load_kw
weekday,41,4609.1452160919544,819.48125164321698,261,day_type,load_kw
weekday,42,4666.4272413793105,681.54668528116656,261,day_type,load_kw
weekday,43,4658.0145076628351,667.93593907480715,261,day_type,load_kw
weekday,44,4690.7968823754791,714.03016273848618,261,day_type,load_kw
weekday,45,4670.3170114942532,700.82736388848332,261,day_type,load_kw
weekday,46,4510.5662547892716,626.60124885990524,261,day_type,load_kw
weekday,47,5099.7338659003835,904.50823429533943,261,day_type,load_kw
weekday,48,6097.875057471264,1388.0920964662309,261,day_type,load_kw
weekday,49,6191.5281252873565,1434.2616900839605,261,day_type,load_kw
weekday,50,6038.5255432950189,1358.7557224195029,261,day_type,load_kw
weekday,51,6068.2075862068959,1391.4473008796651,261,day_type,load_kw
weekday,52,6055.1438371647509,1414.4204594711482,261,day_type,load_kw
weekday,53,6096.6036885057465,1292.1153048544877,261,day_type,load_kw
weekday,54,6190.0098850574714,1114.2151274387945,261,day_type,load_kw
weekday,55,6194.6612153256701,1102.4967314315484,261,day_type,load_kw
weekday,56,6168.9869574712648,1122.6432795799244,261,day_type,load_kw
weekday,57,6157.7854022988504,1101.8562137608496,261,day_type,load_kw
weekday,58,6145.5711003831411,1101.5178541192256,261,day_type,load_kw
weekday,59,6137.267759003832,1117.1935353939612,261,day_type,load_kw
weekday,60,6134.4861685823753,1126.2194045439887,261,day_type,load_kw
weekday,61,6130.8200406130263,1121.4628908026441,261,day_type,load_kw
weekday,62,6124.2751762452108,1115.8094233915315,261,day_type,load_kw
weekday,63,6112.7174329501913,1115.0261107773699,261,day_type,load_kw
weekday,64,6094.7183045977017,1112.3922226181448,261,day_type,load_kw
weekday,65,6077.0853624521069,1109.1355617791094,261,day_type,load_kw
weekday,66,6069.6145210727964,1107.7391473337193,261,day_type,load_kw
weekday,67,6074.4816191570881,1112.5140881111727,261,day_type,load_kw
weekday,68,6062.2367187739464,1121.2975829195366,261,day_type,load_kw
weekday,69,6052.6765517241383,1132.3097202024665,261,day_type,load_kw
weekday,70,6069.4982980842915,1131.7531418046383,261,day_type,load_kw
weekday,71,5936.3672716475094,1059.8018777505381,261,day_type,load_kw
weekday,72,5722.4973180076631,965.77366953873718,261,day_type,load_kw
weekday,73,5692.7722195402303,963.13381951391841,261,day_type,load_kw
weekday,74,5715.7430049808436,981.46140574047706,261,day_type,load_kw
weekday,75,5687.8941762452105,972.60863561658448,261,day_type,load_kw
weekday,76,5660.8224337164747,956.49280979713069,261,day_type,load_kw
weekday,77,5775.0618076628352,1019.4491373372003,261,day_type,load_kw
weekday,78,5954.7644061302681,1121.829470104753,261,day_type,load_kw
weekday,79,5973.7260321839076,1137.4712398969941,261,day_type,load_kw
weekday,80,5947.4031122605365,1119.5783325933592,261,day_type,load_kw
weekday,81,5950.6665517241381,1118.7224713950368,261,day_type,load_kw
weekday,82,5942.5239800766285,1129.2469859921625,261,day_type,load_kw
weekday,83,5932.1812348659005,1136.1720074890111,261,day_type,load_kw
weekday,84,5925.1265517241382,1132.8720487336207,261,day_type,load_kw
weekday,85,5913.6129524904209,1130.6295702039806,261,day_type,load_kw
weekday,86,5906.9673636015323,1135.2240160074107,261,day_type,load_kw
weekday,87,5902.8950191570884,1141.4698712084491,261,day_type,load_kw
weekday,88,5892.003029501916,1134.9795920459469,261,day_type,load_kw
weekday,89,5899.0472130268199,1138.8665849111374,261,day_type,load_kw
weekday,90,5916.6223754789271,1151.3858159585297,261,day_type,load_kw
weekday,91,5908.9797318007659,1147.5616014764487,261,day_type,load_kw
weekday,92,5890.3164440613018,1149.118342779027,261,day_type,load_kw
weekday,93,5883.6798850574714,1161.9455250190988,261,day_type,load_kw
weekday,94,5898.0015283524899,1163.474702311597,261,day_type,load_kw
weekday,95,5903.5960000000005,1163.8325581575077,261,day_type,load_kw
weekday,96,5895.4079693486592,1168.5837234744124,261,day_type,load_kw
weekday,97,5895.4264999999996,1177.0387078938033,261,day_type,load_kw
weekday,98,5897.5886379310341,1187.5836162835419,261,day_type,load_kw
weekday,99,5904.9985823754787,1181.2305711173469,261,day_type,load_kw
weekday,100,5916.5167597701147,1156.3661046771113,261,day_type,load_kw
weekday,101,5854.057366283525,1261.6146217724172,261,day_type,load_kw
weekday,102,5762.4072413793101,1440.0453288421352,261,day_type,load_kw
weekday,103,5765.3781984674333,1468.8932810532426,261,day_type,load_kw
weekday,104,5744.8050632183904,1432.232019267343,261,day_type,load_kw
weekday,105,5772.7033333333338,1458.4274643952326,261,day_type,load_kw
weekday,106,5923.7992632183914,1529.7556631222083,261,day_type,load_kw
weekday,107,5337.7431685823749,1252.3894666431286,261,day_type,load_kw
weekday,108,4351.6999616858238,833.58618952022221,261,day_type,load_kw
weekday,109,4248.7342992337171,792.04771725502849,261,day_type,load_kw
weekday,110,4390.5687187739459,855.99952479460717,261,day_type,load_kw
weekday,111,4354.4663218390806,856.57988116441868,261,day_type,load_kw
weekday,112,4362.9065509578541,852.34951548086292,261,day_type,load_kw
weekday,113,4376.4977091954024,848.78009063114519,261,day_type,load_kw
weekday,114,4369.0872796934864,846.17243059003567,261,day_type,load_kw
weekday,115,4383.2063762452108,851.96964623925203,261,day_type,load_kw
weekday,116,4391.725617241379,854.99636522836909,261,day_type,load_kw
weekday,117,4388.132720306513,848.26334357585824,261,day_type,load_kw
weekday,118,4396.3004314176242,838.68355524788592,261,day_type,load_kw
weekday,119,4406.2463482758621,845.42757444639778,261,day_type,load_kw
weekday,120,4411.3106896551726,861.11993454918047,261,day_type,load_kw
weekday,121,4416.3061835249046,864.00717136844321,261,day_type,load_kw
weekday,122,4422.9154176245211,855.22433588679019,261,day_type,load_kw
weekday,123,4428.2450574712639,846.10059040219176,261,day_type,load_kw
weekday,124,4427.5778030651345,840.55821411528825,261,day_type,load_kw
weekday,125,4424.0501065134104,835.35755744216272,261,day_type,load_kw
weekday,126,4434.4718007662832,835.29088897556574,261,day_type,load_kw
weekday,127,4465.3079528735634,844.65189850717877,261,day_type,load_kw
weekday,128,4442.8490574712641,844.91332533556943,261,day_type,load_kw
weekday,129,4452.5554789272028,839.81368283654524,261,day_type,load_kw
weekday,130,4568.5675712643679,845.09570964201328,261,day_type,load_kw
weekday,131,4149.3424950191566,766.351982316717,261,day_type,load_kw
weekday,132,3440.877509578544,658.01605707050953,261,day_type,load_kw
weekday,133,3390.1424620689654,646.48754269684355,261,day_type,load_kw
weekday,134,3499.0351536398466,651.9266572972632,261,day_type,load_kw
weekday,135,3459.832030651341,639.81125077462013,261,day_type,load_kw
weekday,136,3468.3628643678157,633.51890773551554,261,day_type,load_kw
weekday,137,3484.5716145593869,625.71442679246138,261,day_type,load_kw
weekday,138,3481.7609195402297,612.78827865176868,261,day_type,load_kw
weekday,139,3495.3805605363982,600.22249244208479,261,day_type,load_kw
weekday,140,3497.7500720306512,598.26359435046834,261,day_type,load_kw
weekday,141,3498.3674329501919,598.67063943817072,261,day_type,load_kw
weekday,142,3523.4506904214559,597.46441048744225,261,day_type,load_kw
weekday,143,3458.83410651341,580.16249813677393,261,day_type,load_kw
weekday,144,3337.3774329501916,653.61135269298541,261,day_type,load_kw
weekend,1,3260.4873817307694,673.61458845503478,104,day_type,load_kw
weekend,2,3210.7483663461539,636.14465823842238,104,day_type,load_kw
weekend,3,3232.3147115384613,639.20134340259563,104,day_type,load_kw
weekend,4,3267.6978471153848,625.05140208977264,104,day_type,load_kw
weekend,5,3276.8222730769235,623.84569759352723,104,day_type,load_kw
weekend,6,3261.5063461538457,633.2539908475776,104,day_type,load_kw
weekend,7,3253.093068269231,611.90834401189863,104,day_type,load_kw
weekend,8,3259.7452615384614,597.27812021858335,104,day_type,load_kw
weekend,9,3270.1027884615387,595.77320507256798,104,day_type,load_kw
weekend,10,3268.3351028846155,569.97716384913701,104,day_type,load_kw
weekend,11,3272.8589788461541,565.23621781008467,104,day_type,load_kw
weekend,12,3282.665769230769,578.16938855790522,104,day_type,load_kw
weekend,13,3281.481839423077,573.84029636854098,104,day_type,load_kw
weekend,14,3302.0428384615388,569.90572586931341,104,day_type,load_kw
weekend,15,3333.541153846154,569.61898705043575,104,day_type,load_kw
weekend,16,3325.8295240384614,588.15673522347993,104,day_type,load_kw
weekend,17,3296.0646644230769,582.04036365683157,104,day_type,load_kw
weekend,18,3284.3901923076924,549.70200824086533,104,day_type,load_kw
weekend,19,3314.127991346154,541.49452109046126,104,day_type,load_kw
weekend,20,3322.8029865384615,540.38624131565518,104,day_type,load_kw
weekend,21,3309.8634615384613,550.03426941033911,104,day_type,load_kw
weekend,22,3333.1260711538462,557.88268536437693,104,day_type,load_kw
weekend,23,3352.235528846154,546.87477018368338,104,day_type,load_kw
weekend,24,3348.8975961538458,537.48058119538291,104,day_type,load_kw
weekend,25,3346.0215605769231,549.50100982378615,104,day_type,load_kw
weekend,26,3341.9032096153846,550.58340163964954,104,day_type,load_kw
weekend,27,3343.0813461538464,547.72166250106227,104,day_type,load_kw
weekend,28,3361.0737432692308,555.2438822301965,104,day_type,load_kw
weekend,29,3368.9197048076921,548.72740526746054,104,day_type,load_kw
weekend,30,3358.9952884615386,530.20575697737843,104,day_type,load_kw
weekend,31,3352.4291701923075,540.02163497535173,104,day_type,load_kw
weekend,32,3366.0232403846157,547.57599974558684,104,day_type,load_kw
weekend,33,3350.197403846154,509.46458200589097,104,day_type,load_kw
weekend,34,3288.1103509615382,455.61435533580368,104,day_type,load_kw
weekend,35,3528.1566836538459,688.40010225088361,104,day_type,load_kw
weekend,36,3927.438653846154,1084.3688600986143,104,day_type,load_kw
weekend,37,3964.0648692307691,1130.3852549575047,104,day_type,load_kw
weekend,38,3918.5340846153845,1068.7769006971293,104,day_type,load_kw
weekend,39,3939.4465384615387,1086.7604446151572,104,day_type,load_kw
weekend,40,3910.239194230769,1098.2252902328264,104,day_type,load_kw
weekend,41,3997.1752961538464,1001.9945209180652,104,day_type,load_kw
weekend,42,4164.6533653846154,853.77574053121953,104,day_type,load_kw
weekend,43,4187.9281240384616,825.83046625627412,104,day_type,load_kw
weekend,44,4182.2180298076919,859.46639543728327,104,day_type,load_kw
weekend,45,4154.1395192307691,838.58102700987206,104,day_type,load_kw
weekend,46,4064.1094307692306,773.36591566159223,104,day_type,load_kw
weekend,47,4435.4549490384616,1132.4555711923829,104,day_type,load_kw
weekend,48,5051.5100000000002,1724.8984273205233,104,day_type,load_kw
weekend,49,5115.1217865384615,1792.1791364550932,104,day_type,load_kw
weekend,50,5019.1427942307691,1710.8555354780694,104,day_type,load_kw
weekend,51,5018.3077884615386,1749.0689862690015,104,day_type,load_kw
weekend,52,4998.9835240384618,1768.2493659588295,104,day_type,load_kw
weekend,53,5140.5039259615387,1610.8502942605355,104,day_type,load_kw
weekend,54,5362.6188461538459,1387.383907047569,104,day_type,load_kw
weekend,55,5367.4744057692305,1356.4898379849353,104,day_type,load_kw
weekend,56,5328.6742711538454,1381.7140641082983,104,day_type,load_kw
weekend,57,5336.5261538461536,1371.8828505225504,104,day_type,load_kw
weekend,58,5310.3348942307694,1375.9824745203266,104,day_type,load_kw
weekend,59,5301.4823230769234,1379.1701665440773,104,day_type,load_kw
weekend,60,5319.3198076923081,1377.5865606936813,104,day_type,load_kw
weekend,61,5311.8837259615384,1383.377860150797,104,day_type,load_kw
weekend,62,5290.6770644230764,1372.7026318408386,104,day_type,load_kw
weekend,63,5273.0536538461538,1354.3655769565219,104,day_type,load_kw
weekend,64,5264.0361288461536,1364.1507429348189,104,day_type,load_kw
weekend,65,5262.5368355769224,1392.5505994238999,104,day_type,load_kw
weekend,66,5260.4524038461541,1405.8279125213949,104,day_type,load_kw
weekend,67,5247.0150769230768,1381.0435787759804,104,day_type,load_kw
weekend,68,5224.1442009615384,1372.6009007280541,104,day_type,load_kw
weekend,69,5217.7975961538459,1397.4804365502823,104,day_type,load_kw
weekend,70,5237.3574317307693,1402.0149530048875,104,day_type,load_kw
weekend,71,5152.0866038461536,1326.6173930427408,104,day_type,load_kw
weekend,72,5009.9167307692314,1216.8605233598212,104,day_type,load_kw
weekend,73,4997.9334038461539,1183.4732396780771,104,day_type,load_kw
weekend,74,5009.2905615384616,1199.8231603625413,104,day_type,load_kw
weekend,75,4978.7232692307698,1205.5017606825079,104,day_type,load_kw
weekend,76,4964.3053057692305,1174.6091398811682,104,day_type,load_kw
weekend,77,5041.7095326923072,1255.2091412077652,104,day_type,load_kw
weekend,78,5151.0287499999995,1399.9565901950182,104,day_type,load_kw
weekend,79,5151.6675548076928,1402.4276103556288,104,day_type,load_kw
weekend,80,5130.6472201923079,1365.6076153211588,104,day_type,load_kw
weekend,81,5133.5718269230765,1368.8222992314707,104,day_type,load_kw
weekend,82,5120.3075951923083,1382.2287398296526,104,day_type,load_kw
weekend,83,5106.498618269231,1388.507131696166,104,day_type,load_kw
weekend,84,5107.988942307692,1387.4300011451064,104,day_type,load_kw
weekend,85,5118.7416692307697,1403.9240698290564,104,day_type,load_kw
weekend,86,5106.7561701923078,1420.9272056315299,104,day_type,load_kw
weekend,87,5083.5954807692315,1418.0463998590333,104,day_type,load_kw
weekend,88,5092.4839182692313,1398.9525374832331,104,day_type,load_kw
weekend,89,5104.6595278846153,1397.9349749433657,104,day_type,load_kw
weekend,90,5094.0807692307699,1408.4875609927287,104,day_type,load_kw
weekend,91,5066.8116961538462,1397.4186080369068,104,day_type,load_kw
weekend,92,5069.2373730769232,1406.0850693156167,104,day_type,load_kw
weekend,93,5088.4249999999993,1431.3546003854738,104,day_type,load_kw
weekend,94,5071.8353663461539,1419.3515163759073,104,day_type,load_kw
weekend,95,5081.165216346154,1419.0687698253148,104,day_type,load_kw
weekend,96,5116.5146153846154,1442.297680675319,104,day_type,load_kw
weekend,97,5107.8268875000003,1444.8507307515513,104,day_type,load_kw
weekend,98,5069.3334682692312,1445.6456286505588,104,day_type,load_kw
weekend,99,5065.8273076923078,1432.0977065478032,104,day_type,load_kw
weekend,100,5118.1508403846155,1397.7311914842937,104,day_type,load_kw
weekend,101,4975.2637057692309,1549.2705938249428,104,day_type,load_kw
weekend,102,4724.6319230769232,1797.7896575836432,104,day_type,load_kw
weekend,103,4719.5678019230772,1816.5243332864034,104,day_type,load_kw
weekend,104,4761.8388557692306,1759.3864809644469,104,day_type,load_kw
weekend,105,4789.1072115384613,1804.8912491179726,104,day_type,load_kw
weekend,106,4863.6550278846153,1903.476405833595,104,day_type,load_kw
weekend,107,4472.5158663461534,1540.7438280489362,104,day_type,load_kw
weekend,108,3849.3648076923077,966.8512804022638,104,day_type,load_kw
weekend,109,3806.6167403846152,896.51538635983798,104,day_type,load_kw
weekend,110,3918.0588451923077,970.67677299397474,104,day_type,load_kw
weekend,111,3903.4319230769229,974.12400921159906,104,day_type,load_kw
weekend,112,3908.1723509615385,1012.9554137726233,104,day_type,load_kw
weekend,113,3920.123975,1009.2795923360574,104,day_type,load_kw
weekend,114,3913.1607692307689,974.27457317798792,104,day_type,load_kw
weekend,115,3896.9912711538464,1005.0971880846724,104,day_type,load_kw
weekend,116,3901.0572086538459,1012.9809555771538,104,day_type,load_kw
weekend,117,3926.7887500000002,980.36730474005344,104,day_type,load_kw
weekend,118,3943.8910163461542,978.25791223544013,104,day_type,load_kw
weekend,119,3927.9864384615385,995.64071847615901,104,day_type,load_kw
weekend,120,3910.6973076923077,998.96144476095515,104,day_type,load_kw
weekend,121,3945.7309048076927,962.97885413994504,104,day_type,load_kw
weekend,122,3962.417121153846,950.06695121652695,104,day_type,load_kw
weekend,123,3947.8349038461538,977.57898027907981,104,day_type,load_kw
weekend,124,3958.4838403846152,992.77645100684481,104,day_type,load_kw
weekend,125,3971.8832355769232,993.78879799262631,104,day_type,load_kw
weekend,126,3969.6545192307694,982.16239655149002,104,day_type,load_kw
weekend,127,3958.7085625000004,957.36791491264762,104,day_type,load_kw
weekend,128,3949.6783451923079,949.42273393841185,104,day_type,load_kw
weekend,129,3996.7278846153849,974.22573929166663,104,day_type,load_kw
weekend,130,4078.0663884615383,1006.9189146507631,104,day_type,load_kw
weekend,131,3731.0628144230768,875.69694283579906,104,day_type,load_kw
weekend,132,3166.6517307692311,690.57350607737931,104,day_type,load_kw
weekend,133,3106.7441846153847,698.62965533807085,104,day_type,load_kw
weekend,134,3196.9313490384616,724.86253293511459,104,day_type,load_kw
weekend,135,3186.4302884615386,695.92016251650807,104,day_type,load_kw
weekend,136,3181.2634923076921,680.86061458899474,104,day_type,load_kw
weekend,137,3189.4585490384616,673.63121968246458,104,day_type,load_kw
weekend,138,3192.1533653846154,661.31494382732728,104,day_type,load_kw
weekend,139,3185.1316538461538,655.16695521789097,104,day_type,load_kw
weekend,140,3211.3715980769234,657.84781732667727,104,day_type,load_kw
weekend,141,3230.2808653846155,680.23747695535212,104,day_type,load_kw
weekend,142,3194.3948192307694,712.09351622090924,104,day_type,load_kw
weekend,143,3389.4381538461539,573.77023093502874,104,day_type,load_kw
weekend,144,3714.1292307692306,455.23851071738147,104,day_type,load_kw
1,1,0,0,31,month,pv_kw
1,2,0,0,31,month,pv_kw
1,3,0,0,31,month,pv_kw
1,4,0,0,31,month,pv_kw
1,5,0,0,31,month,pv_kw
1,6,0,0,31,month,pv_kw
1,7,0,0,31,month,pv_kw
1,8,0,0,31,month,pv_kw
1,9,0,0,31,month,pv_kw
1,10,0,0,31,month,pv_kw
1,11,0,0,31,month,pv_kw
1,12,0,0,31,month,pv_kw
1,13,0,0,31,month,pv_kw
1,14,0,0,31,month,pv_kw
1,15,0,0,31,month,pv_kw
1,16,0,0,31,month,pv_kw
1,17,0,0,31,month,pv_kw
1,18,0,0,31,month,pv_kw
1,19,0,0,31,month,pv_kw
1,20,0,0,31,month,pv_kw
1,21,0,0,31,month,pv_kw
1,22,0,0,31,month,pv_kw
1,23,0,0,31,month,pv_kw
1,24,0,0,31,month,pv_kw
1,25,0,0,31,month,pv_kw
1,26,0,0,31,month,pv_kw
1,27,0,0,31,month,pv_kw
1,28,0,0,31,month,pv_kw
1,29,0.00031290322580645162,0.00060318152905178334,31,month,pv_kw
1,30,0,0,31,month,pv_kw
1,31,0.0004258064516129032,0.00081280081280121937,31,month,pv_kw
1,32,0.0067129032258064518,0.0081339921291447813,31,month,pv_kw
1,33,0,0,31,month,pv_kw
1,34,0.0075000000000000006,0.011377726779399593,31,month,pv_kw
1,35,0.093487096774193548,0.113219405703956,31,month,pv_kw
1,36,0,0,31,month,pv_kw
1,37,0.10517096774193549,0.15813314894638295,31,month,pv_kw
1,38,1.3021870967741935,1.5769678332677843,31,month,pv_kw
1,39,0,0,31,month,pv_kw
1,40,1.4647935483870969,2.2025306650813414,31,month,pv_kw
1,41,22.542367741935482,26.180225893873761,31,month,pv_kw
1,42,126.55040322580645,101.57434225748312,31,month,pv_kw
1,43,348.39235483870971,127.45395041579225,31,month,pv_kw
1,44,612.0398677419355,136.00815396825874,31,month,pv_kw
1,45,877.96209677419358,148.66368106413989,31,month,pv_kw
1,46,1159.6670741935484,155.36453470802797,31,month,pv_kw
1,47,1445.8991193548386,163.95625250730237,31,month,pv_kw
1,48,1737.6290322580646,177.88211749015773,31,month,pv_kw
1,49,2044.6792193548388,181.54114819961219,31,month,pv_kw
1,50,2337.6147161290323,182.77570140641049,31,month,pv_kw
1,51,2613.814112903226,206.64664727656546,31,month,pv_kw
1,52,2898.9503096774192,236.74423454370407,31,month,pv_kw
1,53,3184.4449516129034,239.21915016800969,31,month,pv_kw
1,54,3450.9483870967738,223.39491073689473,31,month,pv_kw
1,55,3688.0367677419358,243.51917473037204,31,month,pv_kw
1,56,3926.6844741935483,274.49289178080727,31,month,pv_kw
1,57,4173.6483870967741,301.91344261335098,31,month,pv_kw
1,58,4405.2430354838707,305.03689002921851,31,month,pv_kw
1,59,4615.2212935483867,315.04908385779362,31,month,pv_kw
1,60,4821.6508064516129,351.40990162154139,31,month,pv_kw
1,61,5048.2278129032256,395.08844509129813,31,month,pv_kw
1,62,5263.0903516129029,427.64149213521648,31,month,pv_kw
1,63,5425.4576612903229,415.5668374426142,31,month,pv_kw
1,64,5521.2347032258067,353.98726379119199,31,month,pv_kw
1,65,5619.1433483870969,343.89051167814989,31,month,pv_kw
1,66,5736.1475806451617,393.9196642720463,31,month,pv_kw
1,67,5828.1997290322579,449.05504085516066,31,month,pv_kw
1,68,5896.8152483870972,445.66827554356234,31,month,pv_kw
1,69,5955.4524193548386,419.69431844075694,31,month,pv_kw
1,70,6014.1739064516132,420.70487667053311,31,month,pv_kw
1,71,6069.1363129032261,425.28383967389078,31,month,pv_kw
1,72,6083.4870967741936,424.31647472587071,31,month,pv_kw
1,73,6025.2205225806447,454.93803728824219,31,month,pv_kw
1,74,5994.5701322580644,462.91566379176646,31,month,pv_kw
1,75,6004.81814516129,450.72023174071438,31,month,pv_kw
1,76,5969.5944645161289,464.05135619557615,31,month,pv_kw
1,77,5886.1879677419356,470.83187496309074,31,month,pv_kw
1,78,5795.178629032258,463.58115676574505,31,month,pv_kw
1,79,5729.416683870968,440.8142066116045,31,month,pv_kw
1,80,5610.9200161290328,399.64712569164101,31,month,pv_kw
1,81,5431.6608870967739,366.20625248880623,31,month,pv_kw
1,82,5260.1386096774186,410.3535825433184,31,month,pv_kw
1,83,5080.3005483870975,423.9663004194893,31,month,pv_kw
1,84,4874.6987903225809,391.43772546902369,31,month,pv_kw
1,85,4649.082738709677,384.75052001420681,31,month,pv_kw
1,86,4418.3881870967743,370.43642404063661,31,month,pv_kw
1,87,4192.1322580645165,330.37487576889782,31,month,pv_kw
1,88,3966.8143225806452,309.79554583696711,31,month,pv_kw
1,89,3718.5350225806451,290.13880016433166,31,month,pv_kw
1,90,3457.6608870967743,269.28193703235127,31,month,pv_kw
1,91,3214.7135161290325,257.95803223137284,31,month,pv_kw
1,92,2946.3556806451616,244.96722597019277,31,month,pv_kw
1,93,2650.7407258064513,233.23568962817572,31,month,pv_kw
1,94,2370.6288645161289,222.64477899745512,31,month,pv_kw
1,95,2086.8089612903227,206.74580062283368,31,month,pv_kw
1,96,1790.0661290322582,188.22784988084555,31,month,pv_kw
1,97,1494.1372741935484,179.46079952888675,31,month,pv_kw
1,98,1200.2299903225805,172.76928306746427,31,month,pv_kw
1,99,912.36169354838717,157.90292940256467,31,month,pv_kw
1,100,636.19649677419363,140.83459723345322,31,month,pv_kw
1,101,361.58534838709676,132.06950253310029,31,month,pv_kw
1,102,131.65161290322581,105.75043669836622,31,month,pv_kw
1,103,23.448487096774194,27.491840402838829,31,month,pv_kw
1,104,1.4949580645161289,2.2244105179836136,31,month,pv_kw
1,105,0,0,31,month,pv_kw
1,106,1.3565322580645163,1.6528670929402434,31,month,pv_kw
1,107,0.10732580645161291,0.15969602159048277,31,month,pv_kw
1,108,0,0,31,month,pv_kw
1,109,0.097387096774193549,0.11866933257848743,31,month,pv_kw
1,110,0.0077032258064516131,0.011462939816962831,31,month,pv_kw
1,111,0,0,31,month,pv_kw
1,112,0.0069451612903225803,0.0085642605716888913,31,month,pv_kw
1,113,0.00047419354838709678,0.00084062188960930739,31,month,pv_kw
1,114,0,0,31,month,pv_kw
1,115,0.00032903225806451614,0.00063623556873592909,31,month,pv_kw
1,116,0,0,31,month,pv_kw
1,117,0,0,31,month,pv_kw
1,118,0,0,31,month,pv_kw
1,119,0,0,31,month,pv_kw
1,120,0,0,31,month,pv_kw
1,121,0,0,31,month,pv_kw
1,122,0,0,31,month,pv_kw
1,123,0,0,31,month,pv_kw
1,124,0,0,31,month,pv_kw
1,125,0,0,31,month,pv_kw
1,126,0,0,31,month,pv_kw
1,127,0,0,31,month,pv_kw
1,128,0,0,31,month,pv_kw
1,129,0,0,31,month,pv_kw
1,130,0,0,31,month,pv_kw
1,131,0,0,31,month,pv_kw
1,132,0,0,31,month,pv_kw
1,133,0,0,31,month,pv_kw
1,134,0,0,31,month,pv_kw
1,135,0,0,31,month,pv_kw
1,136,0,0,31,month,pv_kw
1,137,0,0,31,month,pv_kw
1,138,0,0,31,month,pv_kw
1,139,0,0,31,month,pv_kw
1,140,0,0,31,month,pv_kw
1,141,0,0,31,month,pv_kw
1,142,0,0,31,month,pv_kw
1,143,0,0,31,month,pv_kw
1,144,0,0,31,month,pv_kw
2,1,0,0,28,month,pv_kw
2,2,0,0,28,month,pv_kw
2,3,0,0,28,month,pv_kw
2,4,0,0,28,month,pv_kw
2,5,0,0,28,month,pv_kw
2,6,0,0,28,month,pv_kw
2,7,0,0,28,month,pv_kw
2,8,0,0,28,month,pv_kw
2,9,0,0,28,month,pv_kw
2,10,0,0,28,month,pv_kw
2,11,0,0,28,month,pv_kw
2,12,0,0,28,month,pv_kw
2,13,0,0,28,month,pv_kw
2,14,0,0,28,month,pv_kw
2,15,0,0,28,month,pv_kw
2,16,0,0,28,month,pv_kw
2,17,0,0,28,month,pv_kw
2,18,0,0,28,month,pv_kw
2,19,0,0,28,month,pv_kw
2,20,0,0,28,month,pv_kw
2,21,0,0,28,month,pv_kw
2,22,0,0,28,month,pv_kw
2,23,0,0,28,month,pv_kw
2,24,0,0,28,month,pv_kw
2,25,0,0,28,month,pv_kw
2,26,0,0,28,month,pv_kw
2,27,0,0,28,month,pv_kw
2,28,0.0006857142857142857,0.00091720763258372484,28,month,pv_kw
2,29,0.0010928571428571428,0.0024668060878659014,28,month,pv_kw
2,30,0,0,28,month,pv_kw
2,31,0.011060714285714285,0.01191433432609067,28,month,pv_kw
2,32,0.016042857142857143,0.034132318003252171,28,month,pv_kw
2,33,0,0,28,month,pv_kw
2,34,0.15446071428571431,0.16544506381337473,28,month,pv_kw
2,35,0.2234642857142857,0.47539733417838531,28,month,pv_kw
2,36,0,0,28,month,pv_kw
2,37,2.1513642857142856,2.3043865095386917,28,month,pv_kw
2,38,4.059792857142857,8.6318504687014332,28,month,pv_kw
2,39,32.36116071428571,56.445096371517351,28,month,pv_kw
2,40,166.83361428571428,143.4349715232261,28,month,pv_kw
2,41,392.38629642857143,210.35784901848044,28,month,pv_kw
2,42,671.72410714285718,227.55781092721935,28,month,pv_kw
2,43,958.50274285714283,250.39546070164974,28,month,pv_kw
2,44,1254.969425,270.67572497995616,28,month,pv_kw
2,45,1560.9683035714286,287.29380614146049,28,month,pv_kw
2,46,1866.7703535714286,311.93477406015933,28,month,pv_kw
2,47,2181.4782714285716,324.54474016526245,28,month,pv_kw
2,48,2505.0053571428571,334.42898375973846,28,month,pv_kw
2,49,2826.1830821428571,366.85640327107785,28,month,pv_kw
2,50,3145.2918464285717,399.79253237756603,28,month,pv_kw
2,51,3455.4562499999997,429.42782213904474,28,month,pv_kw
2,52,3749.1903785714285,445.53803655906074,28,month,pv_kw
2,53,4055.0640892857145,477.38506625614718,28,month,pv_kw
2,54,4360.9125000000004,508.14841079731212,28,month,pv_kw
2,55,4622.9776750000001,508.70212683824963,28,month,pv_kw
2,56,4869.8886678571425,537.47617071775051,28,month,pv_kw
2,57,5133.3924107142857,583.45723310515564,28,month,pv_kw
2,58,5412.905089285714,589.96334736017525,28,month,pv_kw
2,59,5643.6642499999998,571.57234669901015,28,month,pv_kw
2,60,5814.1299107142859,559.32647354524181,28,month,pv_kw
2,61,5972.5914928571428,585.18859536200728,28,month,pv_kw
2,62,6130.2546285714279,592.77941014214616,28,month,pv_kw
2,63,6287.9410714285714,583.21767577492847,28,month,pv_kw
2,64,6443.2407999999996,596.48947105669333,28,month,pv_kw
2,65,6582.8374357142866,588.58568397119291,28,month,pv_kw
2,66,6704.4776785714284,574.35479416114663,28,month,pv_kw
2,67,6817.8838964285706,612.6405914384236,28,month,pv_kw
2,68,6924.2623750000002,658.30009230817757,28,month,pv_kw
2,69,6993.5276785714286,679.25405170922102,28,month,pv_kw
2,70,6993.8612499999999,672.0754590422265,28,month,pv_kw
2,71,6998.9706857142864,603.07590137413263,28,month,pv_kw
2,72,7027.6861607142855,538.62909069404134,28,month,pv_kw
2,73,7027.8017142857143,536.55454141734731,28,month,pv_kw
2,74,6990.1250857142859,525.28630652239315,28,month,pv_kw
2,75,6936.4004464285708,495.862674417606,28,month,pv_kw
2,76,6896.8946928571431,492.71360919800884,28,month,pv_kw
2,77,6858.3733928571428,483.89469726628874,28,month,pv_kw
2,78,6786.3763392857145,477.94672847353638,28,month,pv_kw
2,79,6658.3209392857143,482.73390720899874,28,month,pv_kw
2,80,6536.4022892857147,466.60717073247855,28,month,pv_kw
2,81,6429.3575892857143,461.77437644126951,28,month,pv_kw
2,82,6280.180235714286,443.80585891667295,28,month,pv_kw
2,83,6070.1405071428571,466.54113410862317,28,month,pv_kw
2,84,5840.8861607142853,480.95226119670451,28,month,pv_kw
2,85,5652.032214285714,490.6924113736236,28,month,pv_kw
2,86,5438.2277357142857,491.37066625910325,28,month,pv_kw
2,87,5173.1169642857139,479.91754883837683,28,month,pv_kw
2,88,4894.0663571428577,457.92964171968077,28,month,pv_kw
2,89,4610.5809928571425,431.49509769982075,28,month,pv_kw
2,90,4333.3888392857143,407.27434031545619,28,month,pv_kw
2,91,4070.9772428571428,393.19352952411367,28,month,pv_kw
2,92,3788.7529535714284,370.5837562654566,28,month,pv_kw
2,93,3480.9736607142854,356.38928614562752,28,month,pv_kw
2,94,3174.5591607142856,363.12547194298787,28,month,pv_kw
2,95,2868.3708892857144,355.49050665671689,28,month,pv_kw
2,96,2557.7142857142858,333.33041131903781,28,month,pv_kw
2,97,2242.4893964285716,334.72349011870199,28,month,pv_kw
2,98,1925.0759999999998,326.94447515842694,28,month,pv_kw
2,99,1601.1803571428572,291.80534924027376,28,month,pv_kw
2,100,1268.2310607142858,256.56526789833708,28,month,pv_kw
2,101,957.82523571428567,229.51129587710389,28,month,pv_kw
2,102,670.98482142857142,214.62914622489225,28,month,pv_kw
2,103,387.89087499999999,199.97054562364121,28,month,pv_kw
2,104,162.17994285714286,135.77854613694242,28,month,pv_kw
2,105,32.03839285714286,56.33548986344897,28,month,pv_kw
2,106,4.488085714285714,9.3878598249218097,28,month,pv_kw
2,107,2.1241249999999998,2.3815143612952565,28,month,pv_kw
2,108,0,0,28,month,pv_kw
2,109,0.24890714285714285,0.53188404050101235,28,month,pv_kw
2,110,0.1525,0.17098538382411951,28,month,pv_kw
2,111,0,0,28,month,pv_kw
2,112,0.01786785714285714,0.038179760525134436,28,month,pv_kw
2,113,0.010889285714285714,0.012333944107570669,28,month,pv_kw
2,114,0,0,28,month,pv_kw
2,115,0.0012214285714285714,0.0027634328011661232,28,month,pv_kw
2,116,0.00065000000000000008,0.00093788572311856292,28,month,pv_kw
2,117,0,0,28,month,pv_kw
2,118,0,0,28,month,pv_kw
2,119,0,0,28,month,pv_kw
2,120,0,0,28,month,pv_kw
2,121,0,0,28,month,pv_kw
2,122,0,0,28,month,pv_kw
2,123,0,0,28,month,pv_kw
2,124,0,0,28,month,pv_kw
2,125,0,0,28,month,pv_kw
2,126,0,0,28,month,pv_kw
2,127,0,0,28,month,pv_kw
2,128,0,0,28,month,pv_kw
2,129,0,0,28,month,pv_kw
2,130,0,0,28,month,pv_kw
2,131,0,0,28,month,pv_kw
2,132,0,0,28,month,pv_kw
2,133,0,0,28,month,pv_kw
2,134,0,0,28,month,pv_kw
2,135,0,0,28,month,pv_kw
2,136,0,0,28,month,pv_kw
2,137,0,0,28,month,pv_kw
2,138,0,0,28,month,pv_kw
2,139,0,0,28,month,pv_kw
2,140,0,0,28,month,pv_kw
2,141,0,0,28,month,pv_kw
2,142,0,0,28,month,pv_kw
2,143,0,0,28,month,pv_kw
2,144,0,0,28,month,pv_kw
3,1,0,0,31,month,pv_kw
3,2,0,0,31,month,pv_kw
3,3,0,0,31,month,pv_kw
3,4,0,0,31,month,pv_kw
3,5,0,0,31,month,pv_kw
3,6,0,0,31,month,pv_kw
3,7,0,0,31,month,pv_kw
3,8,0,0,31,month,pv_kw
3,9,0,0,31,month,pv_kw
3,10,0,0,31,month,pv_kw
3,11,0,0,31,month,pv_kw
3,12,0,0,31,month,pv_kw
3,13,0,0,31,month,pv_kw
3,14,0,0,31,month,pv_kw
3,15,0,0,31,month,pv_kw
3,16,0,0,31,month,pv_kw
3,17,0,0,31,month,pv_kw
3,18,0,0,31,month,pv_kw
3,19,0,0,31,month,pv_kw
3,20,0,0,31,month,pv_kw
3,21,0,0,31,month,pv_kw
3,22,0,0,31,month,pv_kw
3,23,0,0,31,month,pv_kw
3,24,0,0,31,month,pv_kw
3,25,0.00049032258064516125,0.00086731572056534579,31,month,pv_kw
3,26,0.0011290322580645162,0.0021973003964542636,31,month,pv_kw
3,27,0,0,31,month,pv_kw
3,28,0.0086612903225806465,0.011635195956503549,31,month,pv_kw
3,29,0.017145161290322581,0.03001942525221158,31,month,pv_kw
3,30,0,0,31,month,pv_kw
3,31,0.1205516129032258,0.16197580245408622,31,month,pv_kw
3,32,0.23878709677419355,0.41803882255275088,31,month,pv_kw
3,33,0,0,31,month,pv_kw
3,34,1.6791774193548386,2.2558857947909914,31,month,pv_kw
3,35,4.1033096774193547,7.5665139878438445,31,month,pv_kw
3,36,25.565322580645162,49.676534608664149,31,month,pv_kw
3,37,129.18483225806452,133.52868829590739,31,month,pv_kw
3,38,314.18667419354836,215.18629908740931,31,month,pv_kw
3,39,572.94556451612902,243.05085865128939,31,month,pv_kw
3,40,855.11021290322583,258.73779155929884,31,month,pv_kw
3,41,1150.465793548387,272.97266090919419,31,month,pv_kw
3,42,1458.9798387096773,294.77724202065929,31,month,pv_kw
3,43,1777.6606967741934,324.63535533170483,31,month,pv_kw
3,44,2088.800670967742,333.92694946416589,31,month,pv_kw
3,45,2396.6927419354843,333.6902827781538,31,month,pv_kw
3,46,2721.2166645161292,351.03707475062674,31,month,pv_kw
3,47,3042.6265870967741,376.64051071124641,31,month,pv_kw
3,48,3348.9665322580645,376.95740214947693,31,month,pv_kw
3,49,3647.3375354838709,354.27801103853506,31,month,pv_kw
3,50,3948.3597258064519,360.78509478346996,31,month,pv_kw
3,51,4245.2552419354843,401.66309243016673,31,month,pv_kw
3,52,4522.6946032258065,426.46426496891991,31,month,pv_kw
3,53,4802.5893774193546,456.49905272553013,31,month,pv_kw
3,54,5096.4846774193547,481.73829928393263,31,month,pv_kw
3,55,5391.9319677419353,504.42514828312892,31,month,pv_kw
3,56,5660.7331096774196,542.0637069311905,31,month,pv_kw
3,57,5887.4141129032259,602.77467308949269,31,month,pv_kw
3,58,6078.8792064516128,618.3391693513081,31,month,pv_kw
3,59,6264.8422870967743,625.94086007873125,31,month,pv_kw
3,60,6459.3641129032258,618.70740119978836,31,month,pv_kw
3,61,6651.4171516129036,599.61698691716117,31,month,pv_kw
3,62,6815.9380645161282,587.29165373781188,31,month,pv_kw
3,63,6961.3911290322585,601.15435629775345,31,month,pv_kw
3,64,7119.020661290323,638.04605110277078,31,month,pv_kw
3,65,7264.1988612903224,682.26257294150582,31,month,pv_kw
3,66,7362.9979838709678,703.92742523715333,31,month,pv_kw
3,67,7413.1472935483871,699.7578763398285,31,month,pv_kw
3,68,7512.5346483870971,756.6943081039999,31,month,pv_kw
3,69,7643.4592741935476,842.84956769288317,31,month,pv_kw
3,70,7693.0820709677419,826.05957083594592,31,month,pv_kw
3,71,7726.3741838709675,788.85757301274225,31,month,pv_kw
3,72,7764.9774193548383,755.98909509344207,31,month,pv_kw
3,73,7758.079716129032,729.11027698178884,31,month,pv_kw
3,74,7721.2038096774195,714.8578039814787,31,month,pv_kw
3,75,7661.1169354838712,732.29535017718683,31,month,pv_kw
3,76,7571.5501516129034,759.66647675561967,31,month,pv_kw
3,77,7496.1260483870965,733.04280061476379,31,month,pv_kw
3,78,7417.3681451612902,683.59782254473555,31,month,pv_kw
3,79,7269.5420645161294,652.40052995581505,31,month,pv_kw
3,80,7088.8145225806456,625.69493619142804,31,month,pv_kw
3,81,6925.9995967741934,617.31329075481631,31,month,pv_kw
3,82,6801.1778709677419,660.90884670767161,31,month,pv_kw
3,83,6659.830641935484,671.74210002045811,31,month,pv_kw
3,84,6469.3270161290329,641.41577650129432,31,month,pv_kw
3,85,6244.2649451612906,616.33754299814382,31,month,pv_kw
3,86,6024.5616903225809,615.94065576390744,31,month,pv_kw
3,87,5811.5032258064521,610.20210812490711,31,month,pv_kw
3,88,5571.4005677419364,592.11062389213009,31,month,pv_kw
3,89,5309.3849096774193,534.70428311233218,31,month,pv_kw
3,90,5055.6000000000004,479.56716109425179,31,month,pv_kw
3,91,4832.5024354838715,483.72566243620253,31,month,pv_kw
3,92,4575.7778096774191,478.91663160145129,31,month,pv_kw
3,93,4273.2072580645154,439.08920930354805,31,month,pv_kw
3,94,3972.6621870967742,416.42065556876486,31,month,pv_kw
3,95,3667.2986516129031,411.42708718336365,31,month,pv_kw
3,96,3352.3487903225805,402.71002414313358,31,month,pv_kw
3,97,3036.1967064516125,373.14302840375069,31,month,pv_kw
3,98,2714.0785258064516,343.41081175214742,31,month,pv_kw
3,99,2389.4685483870967,331.84419886683685,31,month,pv_kw
3,100,2072.5399548387095,326.02229574314066,31,month,pv_kw
3,101,1754.2399806451615,309.01551761227307,31,month,pv_kw
3,102,1438.946370967742,288.54016732210113,31,month,pv_kw
3,103,1142.5305451612903,275.23336974864668,31,month,pv_kw
3,104,854.07327741935489,259.49540048081985,31,month,pv_kw
3,105,571.62217741935478,239.10994469746723,31,month,pv_kw
3,106,314.8960677419355,211.36071512600662,31,month,pv_kw
3,107,130.52038709677419,131.14044947273575,31,month,pv_kw
3,108,25.226612903225806,48.325490355972192,31,month,pv_kw
3,109,4.1358677419354839,7.5592357694583168,31,month,pv_kw
3,110,1.8125451612903225,2.4048855860295046,31,month,pv_kw
3,111,0,0,31,month,pv_kw
3,112,0.24159999999999998,0.42349572921892215,31,month,pv_kw
3,113,0.13011935483870968,0.17268060964172138,31,month,pv_kw
3,114,0,0,31,month,pv_kw
3,115,0.017341935483870967,0.030400249716008895,31,month,pv_kw
3,116,0.0093451612903225813,0.012398517080943659,31,month,pv_kw
3,117,0,0,31,month,pv_kw
3,118,0.0011645161290322582,0.0022085513181113051,31,month,pv_kw
3,119,0.00058387096774193542,0.00091618658004926354,31,month,pv_kw
3,120,0,0,31,month,pv_kw
3,121,0,0,31,month,pv_kw
3,122,0,0,31,month,pv_kw
3,123,0,0,31,month,pv_kw
3,124,0,0,31,month,pv_kw
3,125,0,0,31,month,pv_kw
3,126,0,0,31,month,pv_kw
3,127,0,0,31,month,pv_kw
3,128,0,0,31,month,pv_kw
3,129,0,0,31,month,pv_kw
3,130,0,0,31,month,pv_kw
3,131,0,0,31,month,pv_kw
3,132,0,0,31,month,pv_kw
3,133,0,0,31,month,pv_kw
3,134,0,0,31,month,pv_kw
3,135,0,0,31,month,pv_kw
3,136,0,0,31,month,pv_kw
3,137,0,0,31,month,pv_kw
3,138,0,0,31,month,pv_kw
3,139,0,0,31,month,pv_kw
3,140,0,0,31,month,pv_kw
3,141,0,0,31,month,pv_kw
3,142,0,0,31,month,pv_kw
3,143,0,0,31,month,pv_kw
3,144,0,0,31,month,pv_kw
4,1,0,0,30,month,pv_kw
4,2,0,0,30,month,pv_kw
4,3,0,0,30,month,pv_kw
4,4,0,0,30,month,pv_kw
4,5,0,0,30,month,pv_kw
4,6,0,0,30,month,pv_kw
4,7,0,0,30,month,pv_kw
4,8,0,0,30,month,pv_kw
4,9,0,0,30,month,pv_kw
4,10,0,0,30,month,pv_kw
4,11,0,0,30,month,pv_kw
4,12,0,0,30,month,pv_kw
4,13,0,0,30,month,pv_kw
4,14,0,0,30,month,pv_kw
4,15,0,0,30,month,pv_kw
4,16,0,0,30,month,pv_kw
4,17,0,0,30,month,pv_kw
4,18,0,0,30,month,pv_kw
4,19,0,0,30,month,pv_kw
4,20,0,0,30,month,pv_kw
4,21,0,0,30,month,pv_kw
4,22,0.00050333333333333328,0.00080150003047446889,30,month,pv_kw
4,23,0.00047333333333333336,0.00092733706007497936,30,month,pv_kw
4,24,0,0,30,month,pv_kw
4,25,0.0087166666666666677,0.010651115639585183,30,month,pv_kw
4,26,0.0080999999999999996,0.012499131004276616,30,month,pv_kw
4,27,0,0,30,month,pv_kw
4,28,0.12137333333333333,0.14828024011713564,30,month,pv_kw
4,29,0.11278333333333333,0.17407734920358575,30,month,pv_kw
4,30,0,0,30,month,pv_kw
4,31,1.6904733333333333,2.0652486232451754,30,month,pv_kw
4,32,1.9077166666666665,3.2048630227421939,30,month,pv_kw
4,33,13.897500000000001,29.684592398449215,30,month,pv_kw
4,34,102.17546999999999,104.57410335865005,30,month,pv_kw
4,35,271.92682666666667,178.81442396290288,30,month,pv_kw
4,36,514.63375000000008,201.9623150595244,30,month,pv_kw
4,37,777.57935666666674,213.65628810625378,30,month,pv_kw
4,38,1067.18542,233.72872331646303,30,month,pv_kw
4,39,1378.77125,260.96671675478382,30,month,pv_kw
4,40,1689.3420966666667,278.11346716924299,30,month,pv_kw
4,41,2002.5998733333333,286.53629763034945,30,month,pv_kw
4,42,2314.5862499999998,295.56222637364215,30,month,pv_kw
4,43,2612.9911333333334,305.68590690516839,30,month,pv_kw
4,44,2910.163586666667,327.86702946698261,30,month,pv_kw
4,45,3216.19625,343.83892259183858,30,month,pv_kw
4,46,3528.2848666666669,325.37092117428017,30,month,pv_kw
4,47,3827.67742,338.79416861893321,30,month,pv_kw
4,48,4121.5912500000004,383.19851196290119,30,month,pv_kw
4,49,4435.0254133333337,377.18536213836023,30,month,pv_kw
4,50,4745.4525466666664,380.6737074487707,30,month,pv_kw
4,51,5036.2150000000001,404.74420669002524,30,month,pv_kw
4,52,5312.8920266666664,423.55886315428307,30,month,pv_kw
4,53,5596.51944,432.34003349054865,30,month,pv_kw
4,54,5885.1187499999996,466.72667624701052,30,month,pv_kw
4,55,6156.3159133333338,534.17852076996462,30,month,pv_kw
4,56,6412.6681600000002,576.79940145549358,30,month,pv_kw
4,57,6658.5612499999997,581.63445229124261,30,month,pv_kw
4,58,6887.8064433333329,592.45272062741537,30,month,pv_kw
4,59,7073.0166900000004,620.87093595398494,30,month,pv_kw
4,60,7234.0974999999999,635.47782389276392,30,month,pv_kw
4,61,7417.7644566666668,607.18388518381926,30,month,pv_kw
4,62,7570.693213333333,613.59813614034613,30,month,pv_kw
4,63,7679.5375000000004,651.27547973685103,30,month,pv_kw
4,64,7791.5757566666671,649.82222580359291,30,month,pv_kw
4,65,7931.9421433333337,627.70118555795648,30,month,pv_kw
4,66,8065.3424999999997,585.05432302486736,30,month,pv_kw
4,67,8130.14678,598.61146255690869,30,month,pv_kw
4,68,8174.0583466666667,651.41186902797801,30,month,pv_kw
4,69,8226.9912500000009,684.60949490062001,30,month,pv_kw
4,70,8272.2803066666656,670.51170124979183,30,month,pv_kw
4,71,8291.9747233333346,674.52826420675399,30,month,pv_kw
4,72,8317.4412499999999,670.55249893431017,30,month,pv_kw
4,73,8391.6347500000011,637.18133744498516,30,month,pv_kw
4,74,8413.1025499999996,636.31006228695185,30,month,pv_kw
4,75,8375.3850000000002,634.695055736109,30,month,pv_kw
4,76,8367.6258266666664,669.83600185496243,30,month,pv_kw
4,77,8337.5604233333343,670.39359619387551,30,month,pv_kw
4,78,8257.9375,633.24657892469338,30,month,pv_kw
4,79,8152.1427800000001,584.34737046902194,30,month,pv_kw
4,80,8000.9839000000002,563.07154116205936,30,month,pv_kw
4,81,7822.2124999999996,535.1232960669297,30,month,pv_kw
4,82,7661.5069300000005,493.87270345127911,30,month,pv_kw
4,83,7485.2920233333325,491.34388156165829,30,month,pv_kw
4,84,7287.6837500000001,517.42177085657875,30,month,pv_kw
4,85,7094.5798033333331,522.44492516062348,30,month,pv_kw
4,86,6869.62219,491.97917335117597,30,month,pv_kw
4,87,6623.0700000000006,446.96361842079546,30,month,pv_kw
4,88,6406.9479000000001,493.67741209120305,30,month,pv_kw
4,89,6190.3818233333332,505.36830219464059,30,month,pv_kw
4,90,5940.9775,428.43872592067873,30,month,pv_kw
4,91,5658.2875133333328,416.66346048324095,30,month,pv_kw
4,92,5387.0887700000003,467.35270530901937,30,month,pv_kw
4,93,5115.2512500000003,485.47726388964054,30,month,pv_kw
4,94,4791.1224700000002,395.57679060527482,30,month,pv_kw
4,95,4473.3670499999998,330.91032207754211,30,month,pv_kw
4,96,4167.7387500000004,337.59764408621788,30,month,pv_kw
4,97,3825.0659066666663,337.51611061055917,30,month,pv_kw
4,98,3498.8703133333333,322.35487635802929,30,month,pv_kw
4,99,3211.1312499999999,304.41655601666503,30,month,pv_kw
4,100,2927.1658433333337,291.88693813780452,30,month,pv_kw
4,101,2619.4489200000003,287.01007174046435,30,month,pv_kw
4,102,2294.1025,283.1391800970585,30,month,pv_kw
4,103,1978.34103,278.14588150032597,30,month,pv_kw
4,104,1660.1404133333333,265.61035328926226,30,month,pv_kw
4,105,1346.1875,246.93897490591925,30,month,pv_kw
4,106,1061.02081,229.14063440412542,30,month,pv_kw
4,107,786.15598333333344,210.77838559857787,30,month,pv_kw
4,108,515.35000000000002,194.20474143240577,30,month,pv_kw
4,109,271.31236333333334,173.85576399721748,30,month,pv_kw
4,110,102.59942000000001,102.19790402612321,30,month,pv_kw
4,111,13.43,28.097120204624236,30,month,pv_kw
4,112,1.9614499999999999,2.9195051241901275,30,month,pv_kw
4,113,1.8006899999999999,2.2938356952478318,30,month,pv_kw
4,114,0,0,30,month,pv_kw
4,115,0.11427333333333332,0.15653489185423194,30,month,pv_kw
4,116,0.12928666666666666,0.16469909602024249,30,month,pv_kw
4,117,0,0,30,month,pv_kw
4,118,0.0082066666666666659,0.011242988108558836,30,month,pv_kw
4,119,0.0092566666666666665,0.011834743804558685,30,month,pv_kw
4,120,0,0,30,month,pv_kw
4,121,0.00051333333333333331,0.00082241584134302396,30,month,pv_kw
4,122,0.00058,0.00088567137986018734,30,month,pv_kw
4,123,0,0,30,month,pv_kw
4,124,0,0,30,month,pv_kw
4,125,0,0,30,month,pv_kw
4,126,0,0,30,month,pv_kw
4,127,0,0,30,month,pv_kw
4,128,0,0,30,month,pv_kw
4,129,0,0,30,month,pv_kw
4,130,0,0,30,month,pv_kw
4,131,0,0,30,month,pv_kw
4,132,0,0,30,month,pv_kw
4,133,0,0,30,month,pv_kw
4,134,0,0,30,month,pv_kw
4,135,0,0,30,month,pv_kw
4,136,0,0,30,month,pv_kw
4,137,0,0,30,month,pv_kw
4,138,0,0,30,month,pv_kw
4,139,0,0,30,month,pv_kw
4,140,0,0,30,month,pv_kw
4,141,0,0,30,month,pv_kw
4,142,0,0,30,month,pv_kw
4,143,0,0,30,month,pv_kw
4,144,0,0,30,month,pv_kw
5,1,0,0,31,month,pv_kw
5,2,0,0,31,month,pv_kw
5,3,0,0,31,month,pv_kw
5,4,0,0,31,month,pv_kw
5,5,0,0,31,month,pv_kw
5,6,0,0,31,month,pv_kw
5,7,0,0,31,month,pv_kw
5,8,0,0,31,month,pv_kw
5,9,0,0,31,month,pv_kw
5,10,0,0,31,month,pv_kw
5,11,0,0,31,month,pv_kw
5,12,0,0,31,month,pv_kw
5,13,0,0,31,month,pv_kw
5,14,0,0,31,month,pv_kw
5,15,0,0,31,month,pv_kw
5,16,0,0,31,month,pv_kw
5,17,0,0,31,month,pv_kw
5,18,0,0,31,month,pv_kw
5,19,0.00011935483870967743,0.00037453914333814708,31,month,pv_kw
5,20,0.00025483870967741938,0.00053593451694364008,31,month,pv_kw
5,21,0,0,31,month,pv_kw
5,22,0.0042967741935483871,0.0061609243825348015,31,month,pv_kw
5,23,0.0064677419354838717,0.0072577033601902005,31,month,pv_kw
5,24,0,0,31,month,pv_kw
5,25,0.060274193548387096,0.085688777825111334,31,month,pv_kw
5,26,0.090167741935483867,0.10115342270398556,31,month,pv_kw
5,27,0,0,31,month,pv_kw
5,28,0.83944193548387103,1.193426465204062,31,month,pv_kw
5,29,1.2558903225806453,1.4088148575676029,31,month,pv_kw
5,30,0,0,31,month,pv_kw
5,31,29.025025806451612,35.954913361968281,31,month,pv_kw
5,32,128.5089258064516,83.780941142772122,31,month,pv_kw
5,33,320.48709677419356,113.89600371079891,31,month,pv_kw
5,34,546.49228064516126,124.92422679079354,31,month,pv_kw
5,35,787.49940645161291,133.5329484643195,31,month,pv_kw
5,36,1041.4971774193548,150.07311154725826,31,month,pv_kw
5,37,1310.7328741935485,164.29207729932884,31,month,pv_kw
5,38,1583.1410967741936,170.40949457580999,31,month,pv_kw
5,39,1848.9689516129031,185.75355576091292,31,month,pv_kw
5,40,2110.9828709677417,225.52432511703807,31,month,pv_kw
5,41,2396.2155387096773,261.6373088577883,31,month,pv_kw
5,42,2694.4415322580644,285.42141158562788,31,month,pv_kw
5,43,2969.8819387096773,303.888160356887,31,month,pv_kw
5,44,3255.4600129032256,310.15464536932512,31,month,pv_kw
5,45,3553.5254032258067,315.36635621137589,31,month,pv_kw
5,46,3833.9785193548391,356.86163419171982,31,month,pv_kw
5,47,4127.7312064516127,418.89213327115459,31,month,pv_kw
5,48,4433.9395161290322,443.30246915312603,31,month,pv_kw
5,49,4714.8855387096773,391.04163465412711,31,month,pv_kw
5,50,4976.1678967741937,386.04466955189571,31,month,pv_kw
5,51,5249.7145161290318,417.73156564773541,31,month,pv_kw
5,52,5563.2009387096778,355.66920178803923,31,month,pv_kw
5,53,5868.6895290322582,326.0358502313187,31,month,pv_kw
5,54,6128.9116935483871,363.01399153670548,31,month,pv_kw
5,55,6348.4291129032254,381.18942089460791,31,month,pv_kw
5,56,6576.8121129032261,397.10200696443457,31,month,pv_kw
5,57,6798.015725806451,412.55005625539627,31,month,pv_kw
5,58,6954.0398741935487,436.19295584194714,31,month,pv_kw
5,59,7120.8010193548389,427.41891739677789,31,month,pv_kw
5,60,7307.8500000000004,415.92943669870255,31,month,pv_kw
5,61,7448.3108096774195,484.27199271313719,31,month,pv_kw
5,62,7571.5453193548383,509.77652462862068,31,month,pv_kw
5,63,7713.9108870967739,488.66534745098824,31,month,pv_kw
5,64,7878.8295838709682,549.05101994508664,31,month,pv_kw
5,65,8012.2162935483866,571.28754655649948,31,month,pv_kw
5,66,8081.1411290322585,571.48669680668559,31,month,pv_kw
5,67,8098.8967612903225,555.89637834787061,31,month,pv_kw
5,68,8120.6788548387094,514.23234644846411,31,month,pv_kw
5,69,8174.0625,540.14636089443388,31,month,pv_kw
5,70,8243.6936032258054,630.38714012630567,31,month,pv_kw
5,71,8294.1766290322576,705.45015321524784,31,month,pv_kw
5,72,8304.6991935483875,738.96297479231748,31,month,pv_kw
5,73,8279.2113354838712,693.0993709927701,31,month,pv_kw
5,74,8242.7309419354842,642.4315685405777,31,month,pv_kw
5,75,8196.5528225806447,619.73259737323474,31,month,pv_kw
5,76,8125.9763000000003,581.02626387131249,31,month,pv_kw
5,77,8064.4125903225804,596.3105886112445,31,month,pv_kw
5,78,7988.8391129032261,581.03939016592949,31,month,pv_kw
5,79,7846.7991225806454,557.66619074193829,31,month,pv_kw
5,80,7738.1618161290316,568.70935172102702,31,month,pv_kw
5,81,7686.7548387096776,575.70366382220152,31,month,pv_kw
5,82,7607.4021967741937,587.41447387450637,31,month,pv_kw
5,83,7443.2695677419351,542.97650777599176,31,month,pv_kw
5,84,7256.0032258064521,459.68704389245158,31,month,pv_kw
5,85,7153.6783677419353,462.97185231933582,31,month,pv_kw
5,86,6996.8818709677416,474.23875202994685,31,month,pv_kw
5,87,6749.8137096774199,478.99904623638116,31,month,pv_kw
5,88,6510.7303838709677,494.90242232000651,31,month,pv_kw
5,89,6250.7411419354839,502.93604468192427,31,month,pv_kw
5,90,5984.8790322580644,483.85983333661022,31,month,pv_kw
5,91,5774.8627741935479,461.28942514602625,31,month,pv_kw
5,92,5561.2359709677421,409.15175228291855,31,month,pv_kw
5,93,5304.6302419354843,348.55225784029068,31,month,pv_kw
5,94,5021.0755064516134,305.01381252082228,31,month,pv_kw
5,95,4741.8421548387096,272.73910448194732,31,month,pv_kw
5,96,4469.220967741936,267.12327766928553,31,month,pv_kw
5,97,4181.2071225806449,283.43007456615891,31,month,pv_kw
5,98,3886.901164516129,274.73133908265305,31,month,pv_kw
5,99,3589.4443548387094,255.78463381163709,31,month,pv_kw
5,100,3284.273412903226,250.34026928823747,31,month,pv_kw
5,101,2991.1380064516129,243.78099135298024,31,month,pv_kw
5,102,2708.0818548387097,227.69097002659828,31,month,pv_kw
5,103,2412.245629032258,222.08354903477567,31,month,pv_kw
5,104,2108.9864774193547,221.02258949864199,31,month,pv_kw
5,105,1812.678629032258,216.00834995901468,31,month,pv_kw
5,106,1535.7359290322581,192.01431916496094,31,month,pv_kw
5,107,1276.044470967742,169.83287709187158,31,month,pv_kw
5,108,1026.4270161290322,158.80088672928781,31,month,pv_kw
5,109,780.78132258064522,144.15170411618371,31,month,pv_kw
5,110,542.97754516129032,131.68672677263726,31,month,pv_kw
5,111,319.83629032258062,118.28117195527317,31,month,pv_kw
5,112,128.54804193548387,86.205576424261452,31,month,pv_kw
5,113,28.70525806451613,35.742304616255275,31,month,pv_kw
5,114,0,0,31,month,pv_kw
5,115,1.2082193548387097,1.3219119187548907,31,month,pv_kw
5,116,0.81643225806451614,1.1656472537856659,31,month,pv_kw
5,117,0,0,31,month,pv_kw
5,118,0.086745161290322573,0.094910866391260937,31,month,pv_kw
5,119,0.058622580645161286,0.083698561157196399,31,month,pv_kw
5,120,0,0,31,month,pv_kw
5,121,0.0062290322580645157,0.0068195402361345501,31,month,pv_kw
5,122,0.0042064516129032264,0.0060027735524989315,31,month,pv_kw
5,123,0,0,31,month,pv_kw
5,124,0.00020322580645161289,0.0004771330149743304,31,month,pv_kw
5,125,0.00011612903225806452,0.00036156767388097476,31,month,pv_kw
5,126,0,0,31,month,pv_kw
5,127,0,0,31,month,pv_kw
5,128,0,0,31,month,pv_kw
5,129,0,0,31,month,pv_kw
5,130,0,0,31,month,pv_kw
5,131,0,0,31,month,pv_kw
5,132,0,0,31,month,pv_kw
5,133,0,0,31,month,pv_kw
5,134,0,0,31,month,pv_kw
5,135,0,0,31,month,pv_kw
5,136,0,0,31,month,pv_kw
5,137,0,0,31,month,pv_kw
5,138,0,0,31,month,pv_kw
5,139,0,0,31,month,pv_kw
5,140,0,0,31,month,pv_kw
5,141,0,0,31,month,pv_kw
5,142,0,0,31,month,pv_kw
5,143,0,0,31,month,pv_kw
5,144,0,0,31,month,pv_kw
6,1,0,0,30,month,pv_kw
6,2,0,0,30,month,pv_kw
6,3,0,0,30,month,pv_kw
6,4,0,0,30,month,pv_kw
6,5,0,0,30,month,pv_kw
6,6,0,0,30,month,pv_kw
6,7,0,0,30,month,pv_kw
6,8,0,0,30,month,pv_kw
6,9,0,0,30,month,pv_kw
6,10,0,0,30,month,pv_kw
6,11,0,0,30,month,pv_kw
6,12,0,0,30,month,pv_kw
6,13,0,0,30,month,pv_kw
6,14,0,0,30,month,pv_kw
6,15,0,0,30,month,pv_kw
6,16,0,0,30,month,pv_kw
6,17,0,0,30,month,pv_kw
6,18,0,0,30,month,pv_kw
6,19,0.0013133333333333332,0.00041250566000993242,30,month,pv_kw
6,20,0,0,30,month,pv_kw
6,21,0,0,30,month,pv_kw
6,22,0.019146666666666666,0.0033104571341102734,30,month,pv_kw
6,23,0,0,30,month,pv_kw
6,24,0,0,30,month,pv_kw
6,25,0.26684333333333332,0.045997163955552992,30,month,pv_kw
6,26,0,0,30,month,pv_kw
6,27,0,0,30,month,pv_kw
6,28,3.7167400000000002,0.64076444733265059,30,month,pv_kw
6,29,0,0,30,month,pv_kw
6,30,3.5075000000000003,3.4720211742561071,30,month,pv_kw
6,31,118.65772,24.115765233361778,30,month,pv_kw
6,32,281.53180666666668,42.266556817025574,30,month,pv_kw
6,33,452.41125,56.553169343753616,30,month,pv_kw
6,34,638.52923999999996,78.797732640216466,30,month,pv_kw
6,35,840.70594333333327,89.726328402655341,30,month,pv_kw
6,36,1052.5487500000002,94.088135975572214,30,month,pv_kw
6,37,1264.8319100000001,108.28912341410252,30,month,pv_kw
6,38,1477.1760299999999,125.98917677210143,30,month,pv_kw
6,39,1688.5649999999998,155.95812474689791,30,month,pv_kw
6,40,1901.7637566666667,182.17674684278961,30,month,pv_kw
6,41,2144.0122299999998,192.22518210101671,30,month,pv_kw
6,42,2397.15625,228.24967239821441,30,month,pv_kw
6,43,2615.5474066666666,263.76648624476451,30,month,pv_kw
6,44,2846.52961,286.50864577009293,30,month,pv_kw
6,45,3088.2487499999997,285.54841130312218,30,month,pv_kw
6,46,3293.2401500000001,253.74390370951161,30,month,pv_kw
6,47,3520.04133,264.89393944766954,30,month,pv_kw
6,48,3772.4587499999998,334.7622277992233,30,month,pv_kw
6,49,3997.1919199999998,378.76361827815208,30,month,pv_kw
6,50,4237.181043333333,402.8465296331558,30,month,pv_kw
6,51,4481.4450000000006,431.24183070223347,30,month,pv_kw
6,52,4668.4095766666669,421.48997381769487,30,month,pv_kw
6,53,4847.4814366666669,429.17259711014452,30,month,pv_kw
6,54,5047.1312500000004,493.06564859330547,30,month,pv_kw
6,55,5249.5952933333328,541.93030373615818,30,month,pv_kw
6,56,5450.7152233333336,529.00436590044592,30,month,pv_kw
6,57,5658.2525000000005,529.51290083312131,30,month,pv_kw
6,58,5867.5388633333332,521.58700140960877,30,month,pv_kw
6,59,5998.2300566666663,530.1086590838504,30,month,pv_kw
6,60,6086.0987500000001,608.1456711264218,30,month,pv_kw
6,61,6252.4776666666667,622.55053568086771,30,month,pv_kw
6,62,6424.0560833333329,620.15606461043012,30,month,pv_kw
6,63,6559.5050000000001,673.55777993069944,30,month,pv_kw
6,64,6686.6951633333338,665.89032433158411,30,month,pv_kw
6,65,6783.5638566666657,636.49335287080021,30,month,pv_kw
6,66,6855.1037499999993,660.95170000764483,30,month,pv_kw
6,67,6929.9353233333341,679.19688545905899,30,month,pv_kw
6,68,6971.1912533333334,692.7672512780963,30,month,pv_kw
6,69,6965.3599999999997,684.64031443902888,30,month,pv_kw
6,70,6936.6452333333327,672.40354576701588,30,month,pv_kw
6,71,6899.5037766666665,634.8814778306687,30,month,pv_kw
6,72,6867.36625,596.44905628838615,30,month,pv_kw
6,73,6849.3820399999995,638.72508079082559,30,month,pv_kw
6,74,6829.5947200000001,624.3930210271468,30,month,pv_kw
6,75,6772.6925000000001,555.98522827336842,30,month,pv_kw
6,76,6661.0969333333333,593.68560995401265,30,month,pv_kw
6,77,6594.8537800000004,668.04891457123927,30,month,pv_kw
6,78,6577.4312499999996,688.64749709552189,30,month,pv_kw
6,79,6506.4443599999995,665.87473845165994,30,month,pv_kw
6,80,6362.8235666666669,615.50317852082742,30,month,pv_kw
6,81,6200.2237500000001,583.80081384973778,30,month,pv_kw
6,82,6089.2678400000004,588.93119399555508,30,month,pv_kw
6,83,5970.4015800000006,554.46375404102957,30,month,pv_kw
6,84,5841.7299999999996,474.64796396273056,30,month,pv_kw
6,85,5762.4632499999998,488.55160234903281,30,month,pv_kw
6,86,5675.1116066666673,491.32789495461765,30,month,pv_kw
6,87,5535.5525000000007,455.26976860163478,30,month,pv_kw
6,88,5360.69013,459.76132783645886,30,month,pv_kw
6,89,5231.1830766666671,441.95188908418345,30,month,pv_kw
6,90,5102.2262500000006,428.2210950467009,30,month,pv_kw
6,91,4854.5714866666667,428.71101580647689,30,month,pv_kw
6,92,4626.8180400000001,430.8329597705432,30,month,pv_kw
6,93,4439.8699999999999,379.10211428589326,30,month,pv_kw
6,94,4182.4470799999999,369.53517275804506,30,month,pv_kw
6,95,3944.0429300000001,342.40073920928006,30,month,pv_kw
6,96,3745.5562500000001,324.38787438323732,30,month,pv_kw
6,97,3510.1007800000002,327.42801264036694,30,month,pv_kw
6,98,3253.27628,311.35145773274024,30,month,pv_kw
6,99,3024.1637500000002,295.74356387737714,30,month,pv_kw
6,100,2848.0256733333331,272.72675954005177,30,month,pv_kw
6,101,2624.5113866666666,221.67699692839923,30,month,pv_kw
6,102,2353.48875,172.11821041094004,30,month,pv_kw
6,103,2130.8358600000001,174.44536699390528,30,month,pv_kw
6,104,1912.1292133333334,171.86302141387893,30,month,pv_kw
6,105,1674.2524999999998,146.71458038307838,30,month,pv_kw
6,106,1447.7743666666668,118.52965221504802,30,month,pv_kw
6,107,1245.6977566666667,97.664547865219276,30,month,pv_kw
6,108,1053.57375,80.624537578866324,30,month,pv_kw
6,109,845.44126999999992,77.923314194512187,30,month,pv_kw
6,110,638.48321333333331,68.062867958339098,30,month,pv_kw
6,111,449.38,52.340786969661082,30,month,pv_kw
6,112,279.61353333333329,37.801313285800852,30,month,pv_kw
6,113,118.28854666666666,19.647553893318388,30,month,pv_kw
6,114,3.3474999999999997,3.1500605495001586,30,month,pv_kw
6,115,0,0,30,month,pv_kw
6,116,3.7358366666666663,0.53352496207855127,30,month,pv_kw
6,117,0,0,30,month,pv_kw
6,118,0,0,30,month,pv_kw
6,119,0.26821666666666666,0.038306298062647202,30,month,pv_kw
6,120,0,0,30,month,pv_kw
6,121,0,0,30,month,pv_kw
6,122,0.019256666666666665,0.0027556441556637313,30,month,pv_kw
6,123,0,0,30,month,pv_kw
6,124,0,0,30,month,pv_kw
6,125,0.0013466666666666666,0.00031154048094006622,30,month,pv_kw
6,126,0,0,30,month,pv_kw
6,127,0,0,30,month,pv_kw
6,128,0,0,30,month,pv_kw
6,129,0,0,30,month,pv_kw
6,130,0,0,30,month,pv_kw
6,131,0,0,30,month,pv_kw
6,132,0,0,30,month,pv_kw
6,133,0,0,30,month,pv_kw
6,134,0,0,30,month,pv_kw
6,135,0,0,30,month,pv_kw
6,136,0,0,30,month,pv_kw
6,137,0,0,30,month,pv_kw
6,138,0,0,30,month,pv_kw
6,139,0,0,30,month,pv_kw
6,140,0,0,30,month,pv_kw
6,141,0,0,30,month,pv_kw
6,142,0,0,30,month,pv_kw
6,143,0,0,30,month,pv_kw
6,144,0,0,30,month,pv_kw
7,1,0,0,31,month,pv_kw
7,2,0,0,31,month,pv_kw
7,3,0,0,31,month,pv_kw
7,4,0,0,31,month,pv_kw
7,5,0,0,31,month,pv_kw
7,6,0,0,31,month,pv_kw
7,7,0,0,31,month,pv_kw
7,8,0,0,31,month,pv_kw
7,9,0,0,31,month,pv_kw
7,10,0,0,31,month,pv_kw
7,11,0,0,31,month,pv_kw
7,12,0,0,31,month,pv_kw
7,13,0,0,31,month,pv_kw
7,14,0,0,31,month,pv_kw
7,15,0,0,31,month,pv_kw
7,16,0,0,31,month,pv_kw
7,17,0,0,31,month,pv_kw
7,18,0,0,31,month,pv_kw
7,19,0.00067419354838709671,0.00078015713884468354,31,month,pv_kw
7,20,3.5483870967741938e-05,0.0001975658322294524,31,month,pv_kw
7,21,0,0,31,month,pv_kw
7,22,0.012135483870967741,0.0091851891066396223,31,month,pv_kw
7,23,0.0015967741935483872,0.0041493360007731151,31,month,pv_kw
7,24,0,0,31,month,pv_kw
7,25,0.16913225806451612,0.12785751023984152,31,month,pv_kw
7,26,0.022206451612903227,0.057723322470118153,31,month,pv_kw
7,27,0,0,31,month,pv_kw
7,28,2.3557193548387096,1.7807782080538748,31,month,pv_kw
7,29,0.30930645161290321,0.8039794176202455,31,month,pv_kw
7,30,0.0024193548387096775,0.01347039765200812,31,month,pv_kw
7,31,72.368496774193559,47.066064419823647,31,month,pv_kw
7,32,220.04894838709677,82.002094913511698,31,month,pv_kw
7,33,420.83104838709681,84.713110387782294,31,month,pv_kw
7,34,634.47276451612902,89.704364300724123,31,month,pv_kw
7,35,861.64321935483872,101.85059660557528,31,month,pv_kw
7,36,1100.7024193548389,113.86939761279855,31,month,pv_kw
7,37,1341.6507645161289,114.51700617111717,31,month,pv_kw
7,38,1591.1661774193549,132.45279433786141,31,month,pv_kw
7,39,1853.109677419355,176.35755786391977,31,month,pv_kw
7,40,2122.0521161290326,188.81890612713042,31,month,pv_kw
7,41,2385.1955838709678,181.95041569514862,31,month,pv_kw
7,42,2657.3927419354841,201.34617866826903,31,month,pv_kw
7,43,2960.6214612903227,216.36297280381046,31,month,pv_kw
7,44,3231.4305935483872,231.38063408792155,31,month,pv_kw
7,45,3469.5096774193548,258.10802098535373,31,month,pv_kw
7,46,3737.1693677419357,280.20408318617746,31,month,pv_kw
7,47,4009.1495290322582,309.40228049786492,31,month,pv_kw
7,48,4265.3370967741939,327.23509358531561,31,month,pv_kw
7,49,4511.1936096774198,283.40950441294103,31,month,pv_kw
7,50,4743.3620903225801,292.44334234261015,31,month,pv_kw
7,51,4973.495564516129,367.89762237255457,31,month,pv_kw
7,52,5219.0832838709675,375.7874682999078,31,month,pv_kw
7,53,5453.3438516129036,413.74036900693471,31,month,pv_kw
7,54,5694.4887096774191,453.32088846683769,31,month,pv_kw
7,55,5986.8261774193552,451.40276748575042,31,month,pv_kw
7,56,6257.0262322580647,441.01482884461797,31,month,pv_kw
7,57,6469.6802419354835,427.70177753671368,31,month,pv_kw
7,58,6654.1454580645159,416.45420989996063,31,month,pv_kw
7,59,6827.6014419354842,448.21418384015521,31,month,pv_kw
7,60,7016.0685483870966,501.1201652389102,31,month,pv_kw
7,61,7224.9485741935487,490.87976740294351,31,month,pv_kw
7,62,7334.6061354838703,476.46264752751853,31,month,pv_kw
7,63,7375.2048387096775,491.20521720896494,31,month,pv_kw
7,64,7502.9617741935481,459.53847075246716,31,month,pv_kw
7,65,7656.276164516129,483.41591511692582,31,month,pv_kw
7,66,7779.8104838709678,583.46416026480006,31,month,pv_kw
7,67,7879.8640387096775,626.19581470411356,31,month,pv_kw
7,68,7958.0908774193549,596.26782306375026,31,month,pv_kw
7,69,8006.1629032258061,578.7814896444429,31,month,pv_kw
7,70,8018.5565870967739,646.26772500680943,31,month,pv_kw
7,71,8032.6188258064512,664.13805623922303,31,month,pv_kw
7,72,8076.6169354838712,646.21206035915884,31,month,pv_kw
7,73,8143.5286870967748,664.09970486929535,31,month,pv_kw
7,74,8166.7648967741934,661.80800131419903,31,month,pv_kw
7,75,8111.5717741935487,640.22833434941856,31,month,pv_kw
7,76,8001.923125806451,595.90339105352962,31,month,pv_kw
7,77,7907.9090258064516,556.7902962275474,31,month,pv_kw
7,78,7847.8620967741936,556.08193076541352,31,month,pv_kw
7,79,7775.0012451612902,536.5350325012065,31,month,pv_kw
7,80,7637.8134322580645,519.15299122883562,31,month,pv_kw
7,81,7489.4298387096778,509.5594574061563,31,month,pv_kw
7,82,7426.242029032258,535.38955165008417,31,month,pv_kw
7,83,7305.1722032258067,525.86460824282176,31,month,pv_kw
7,84,7105.0052419354843,461.61923000246043,31,month,pv_kw
7,85,6937.988106451613,393.12936275280168,31,month,pv_kw
7,86,6724.1533838709674,395.35735677362413,31,month,pv_kw
7,87,6458.1096774193547,402.97840543505043,31,month,pv_kw
7,88,6228.5096903225813,379.50685058692983,31,month,pv_kw
7,89,6003.7879838709678,372.17710379743949,31,month,pv_kw
7,90,5770.1552419354839,387.59970919824553,31,month,pv_kw
7,91,5544.081529032258,403.82344440246021,31,month,pv_kw
7,92,5270.8637806451616,387.12337494990595,31,month,pv_kw
7,93,4981.8931451612907,336.29083128544153,31,month,pv_kw
7,94,4767.0544387096779,300.26670738816375,31,month,pv_kw
7,95,4537.0825161290322,321.22007323962606,31,month,pv_kw
7,96,4261.1612903225805,348.05539597937974,31,month,pv_kw
7,97,3994.6375903225808,286.4373622818124,31,month,pv_kw
7,98,3721.2018096774195,233.27582423024089,31,month,pv_kw
7,99,3433.4189516129031,223.91969530743066,31,month,pv_kw
7,100,3148.4126387096776,213.81407902743084,31,month,pv_kw
7,101,2869.9584419354837,202.36266704303401,31,month,pv_kw
7,102,2601.8528225806454,184.27018587722168,31,month,pv_kw
7,103,2345.1886483870967,173.57605342068319,31,month,pv_kw
7,104,2077.1889000000001,163.41889673700527,31,month,pv_kw
7,105,1805.5560483870968,156.3564059978757,31,month,pv_kw
7,106,1561.4444903225806,152.3822475232692,31,month,pv_kw
7,107,1324.8095451612903,142.22109021174001,31,month,pv_kw
7,108,1083.828629032258,125.38814625300957,31,month,pv_kw
7,109,848.13818064516124,112.77977423702772,31,month,pv_kw
7,110,627.03374838709681,102.01010496873627,31,month,pv_kw
7,111,418.44072580645161,95.757041079654527,31,month,pv_kw
7,112,220.0786516129032,88.759937776190682,31,month,pv_kw
7,113,72.725129032258053,48.647263409549872,31,month,pv_kw
7,114,0.0024193548387096775,0.01347039765200812,31,month,pv_kw
7,115,0.29803870967741936,0.77535098833900995,31,month,pv_kw
7,116,2.3714225806451612,1.8176379565633483,31,month,pv_kw
7,117,0,0,31,month,pv_kw
7,118,0.021396774193548386,0.055670815118102755,31,month,pv_kw
7,119,0.17025806451612902,0.13050260220698934,31,month,pv_kw
7,120,0,0,31,month,pv_kw
7,121,0.0015032258064516129,0.0040072005083322815,31,month,pv_kw
7,122,0.012216129032258065,0.0093699909916069683,31,month,pv_kw
7,123,0,0,31,month,pv_kw
7,124,3.5483870967741938e-05,0.0001975658322294524,31,month,pv_kw
7,125,0.0007193548387096774,0.00078715494232444892,31,month,pv_kw
7,126,0,0,31,month,pv_kw
7,127,0,0,31,month,pv_kw
7,128,0,0,31,month,pv_kw
7,129,0,0,31,month,pv_kw
7,130,0,0,31,month,pv_kw
7,131,0,0,31,month,pv_kw
7,132,0,0,31,month,pv_kw
7,133,0,0,31,month,pv_kw
7,134,0,0,31,month,pv_kw
7,135,0,0,31,month,pv_kw
7,136,0,0,31,month,pv_kw
7,137,0,0,31,month,pv_kw
7,138,0,0,31,month,pv_kw
7,139,0,0,31,month,pv_kw
7,140,0,0,31,month,pv_kw
7,141,0,0,31,month,pv_kw
7,142,0,0,31,month,pv_kw
7,143,0,0,31,month,pv_kw
7,144,0,0,31,month,pv_kw
8,1,0,0,31,month,pv_kw
8,2,0,0,31,month,pv_kw
8,3,0,0,31,month,pv_kw
8,4,0,0,31,month,pv_kw
8,5,0,0,31,month,pv_kw
8,6,0,0,31,month,pv_kw
8,7,0,0,31,month,pv_kw
8,8,0,0,31,month,pv_kw
8,9,0,0,31,month,pv_kw
8,10,0,0,31,month,pv_kw
8,11,0,0,31,month,pv_kw
8,12,0,0,31,month,pv_kw
8,13,0,0,31,month,pv_kw
8,14,0,0,31,month,pv_kw
8,15,0,0,31,month,pv_kw
8,16,0,0,31,month,pv_kw
8,17,0,0,31,month,pv_kw
8,18,0,0,31,month,pv_kw
8,19,0,0,31,month,pv_kw
8,20,0.00017741935483870966,0.00047237674047971134,31,month,pv_kw
8,21,0,0,31,month,pv_kw
8,22,0.0005451612903225806,0.00089734375043882305,31,month,pv_kw
8,23,0.0050258064516129032,0.007005472515204835,31,month,pv_kw
8,24,0,0,31,month,pv_kw
8,25,0.0092354838709677416,0.011935089676722075,31,month,pv_kw
8,26,0.070161290322580644,0.097445275847247895,31,month,pv_kw
8,27,0,0,31,month,pv_kw
8,28,0.12859354838709677,0.16620914723220234,31,month,pv_kw
8,29,0.97723225806451608,1.3572257376445276,31,month,pv_kw
8,30,0,0,31,month,pv_kw
8,31,1.7911129032258066,2.3148940979005115,31,month,pv_kw
8,32,16.949667741935485,22.965636776531834,31,month,pv_kw
8,33,90.470564516129031,100.54543228625077,31,month,pv_kw
8,34,265.95466451612907,159.31965696699103,31,month,pv_kw
8,35,497.94047741935486,192.81509627411742,31,month,pv_kw
8,36,757.13830645161283,204.33088825520556,31,month,pv_kw
8,37,1041.5038838709677,216.31850271133243,31,month,pv_kw
8,38,1334.0277741935483,223.59105442766705,31,month,pv_kw
8,39,1629.5806451612902,229.61182567085532,31,month,pv_kw
8,40,1935.9052741935486,239.11378408093077,31,month,pv_kw
8,41,2248.7041193548384,249.07665149642517,31,month,pv_kw
8,42,2567.9262096774191,261.60687804244162,31,month,pv_kw
8,43,2896.5274870967742,281.35806439537487,31,month,pv_kw
8,44,3220.6147548387098,313.00237150170028,31,month,pv_kw
8,45,3541.3669354838707,333.48252439764963,31,month,pv_kw
8,46,3868.9370709677423,339.63355676495524,31,month,pv_kw
8,47,4174.4078419354837,340.70624439855095,31,month,pv_kw
8,48,4475.6951612903222,349.91215595068479,31,month,pv_kw
8,49,4818.8791193548377,372.20528547533223,31,month,pv_kw
8,50,5139.2941741935483,383.34306394979336,31,month,pv_kw
8,51,5431.6137096774191,397.13410854566877,31,month,pv_kw
8,52,5750.3520258064509,389.9700979757875,31,month,pv_kw
8,53,6041.8368935483868,427.8614736826222,31,month,pv_kw
8,54,6293.7423387096778,497.76915354992286,31,month,pv_kw
8,55,6558.3147935483876,493.33324043578131,31,month,pv_kw
8,56,6864.9547483870965,462.98850338410773,31,month,pv_kw
8,57,7152.1596774193549,439.74336755598245,31,month,pv_kw
8,58,7327.3323161290318,402.4125374279094,31,month,pv_kw
8,59,7505.5785032258063,406.08524788708382,31,month,pv_kw
8,60,7726.6512096774195,463.61286535250838,31,month,pv_kw
8,61,7915.7485387096776,480.53294212666731,31,month,pv_kw
8,62,8054.5054161290327,512.07874624915257,31,month,pv_kw
8,63,8181.7197580645161,577.51049661072329,31,month,pv_kw
8,64,8347.8100129032264,616.86526778989207,31,month,pv_kw
8,65,8486.2222903225811,664.54622656147285,31,month,pv_kw
8,66,8571.7935483870951,669.74253733921705,31,month,pv_kw
8,67,8640.9726548387098,619.26218096698608,31,month,pv_kw
8,68,8694.8054903225802,566.48060611065466,31,month,pv_kw
8,69,8781.9350806451603,538.99393354675249,31,month,pv_kw
8,70,8942.8636032258055,485.27608523842378,31,month,pv_kw
8,71,8969.7247870967749,502.06252951109832,31,month,pv_kw
8,72,8890.2229838709663,578.77047455771094,31,month,pv_kw
8,73,8937.2595451612888,584.10788592072686,31,month,pv_kw
8,74,8977.7618064516118,532.10941995969154,31,month,pv_kw
8,75,8929.5762096774197,481.701790317789,31,month,pv_kw
8,76,8845.1807935483885,449.96779022419292,31,month,pv_kw
8,77,8733.2925225806448,468.01603960164886,31,month,pv_kw
8,78,8600.885080645161,499.51335238680247,31,month,pv_kw
8,79,8469.7802516129032,553.23471110400578,31,month,pv_kw
8,80,8375.7003290322573,536.86339852150775,31,month,pv_kw
8,81,8305.4104838709682,465.6916067136151,31,month,pv_kw
8,82,8203.8737225806453,490.28881850692346,31,month,pv_kw
8,83,8057.6552870967744,505.67525044747515,31,month,pv_kw
8,84,7854.2068548387097,509.93911041579554,31,month,pv_kw
8,85,7590.8761096774197,541.5812290517714,31,month,pv_kw
8,86,7341.7202161290325,513.1346804282332,31,month,pv_kw
8,87,7126.5955645161284,498.10828348726403,31,month,pv_kw
8,88,6893.5320903225802,505.81714463409145,31,month,pv_kw
8,89,6599.8723935483877,482.12484386717659,31,month,pv_kw
8,90,6266.6661290322581,467.13700272459255,31,month,pv_kw
8,91,5963.5582032258062,444.03616427769163,31,month,pv_kw
8,92,5709.4108612903228,436.25493164808842,31,month,pv_kw
8,93,5444.2548387096776,429.62720515966691,31,month,pv_kw
8,94,5095.9888258064511,351.93487165039784,31,month,pv_kw
8,95,4797.9970064516128,338.41281009339764,31,month,pv_kw
8,96,4556.7762096774195,371.25640493008729,31,month,pv_kw
8,97,4244.0475838709681,336.11689220291998,31,month,pv_kw
8,98,3906.2384064516127,296.98571066514523,31,month,pv_kw
8,99,3587.5451612903225,289.16716663040535,31,month,pv_kw
8,100,3278.640229032258,270.073295218559,31,month,pv_kw
8,101,2949.3968935483872,254.31852738313057,31,month,pv_kw
8,102,2605.9875000000002,255.45966970101148,31,month,pv_kw
8,103,2284.7258258064517,251.59599588438206,31,month,pv_kw
8,104,1978.7243870967741,243.68287339743401,31,month,pv_kw
8,105,1672.6572580645161,226.94972992782911,31,month,pv_kw
8,106,1359.9381096774193,207.77935670280203,31,month,pv_kw
8,107,1057.0485612903226,193.57092481166819,31,month,pv_kw
8,108,771.60725806451615,187.34333490429947,31,month,pv_kw
8,109,501.22607419354836,184.99022323054987,31,month,pv_kw
8,110,262.44782580645159,157.06860929441623,31,month,pv_kw
8,111,89.474999999999994,100.38277818555332,31,month,pv_kw
8,112,16.861799999999999,23.131993448886611,31,month,pv_kw
8,113,1.7497451612903225,2.1783659822351109,31,month,pv_kw
8,114,0,0,31,month,pv_kw
8,115,0.97909032258064521,1.3689329051868198,31,month,pv_kw
8,116,0.12562903225806452,0.1564065667708113,31,month,pv_kw
8,117,0,0,31,month,pv_kw
8,118,0.070296774193548392,0.098280874653111638,31,month,pv_kw
8,119,0.0090161290322580655,0.011225361071377423,31,month,pv_kw
8,120,0,0,31,month,pv_kw
8,121,0.0050483870967741934,0.0070577555907309951,31,month,pv_kw
8,122,0.00051612903225806454,0.00085482815980505631,31,month,pv_kw
8,123,0,0,31,month,pv_kw
8,124,0.00024193548387096774,0.00050713193125549163,31,month,pv_kw
8,125,0,0,31,month,pv_kw
8,126,0,0,31,month,pv_kw
8,127,0,0,31,month,pv_kw
8,128,0,0,31,month,pv_kw
8,129,0,0,31,month,pv_kw
8,130,0,0,31,month,pv_kw
8,131,0,0,31,month,pv_kw
8,132,0,0,31,month,pv_kw
8,133,0,0,31,month,pv_kw
8,134,0,0,31,month,pv_kw
8,135,0,0,31,month,pv_kw
8,136,0,0,31,month,pv_kw
8,137,0,0,31,month,pv_kw
8,138,0,0,31,month,pv_kw
8,139,0,0,31,month,pv_kw
8,140,0,0,31,month,pv_kw
8,141,0,0,31,month,pv_kw
8,142,0,0,31,month,pv_kw
8,143,0,0,31,month,pv_kw
8,144,0,0,31,month,pv_kw
9,1,0,0,30,month,pv_kw
9,2,0,0,30,month,pv_kw
9,3,0,0,30,month,pv_kw
9,4,0,0,30,month,pv_kw
9,5,0,0,30,month,pv_kw
9,6,0,0,30,month,pv_kw
9,7,0,0,30,month,pv_kw
9,8,0,0,30,month,pv_kw
9,9,0,0,30,month,pv_kw
9,10,0,0,30,month,pv_kw
9,11,0,0,30,month,pv_kw
9,12,0,0,30,month,pv_kw
9,13,0,0,30,month,pv_kw
9,14,0,0,30,month,pv_kw
9,15,0,0,30,month,pv_kw
9,16,0,0,30,month,pv_kw
9,17,0,0,30,month,pv_kw
9,18,0,0,30,month,pv_kw
9,19,0,0,30,month,pv_kw
9,20,0,0,30,month,pv_kw
9,21,0,0,30,month,pv_kw
9,22,0,0,30,month,pv_kw
9,23,0.00032000000000000003,0.00059503694466582621,30,month,pv_kw
9,24,0,0,30,month,pv_kw
9,25,0.0005933333333333333,0.00089169862441388194,30,month,pv_kw
9,26,0.0061966666666666672,0.0080346870133377844,30,month,pv_kw
9,27,0,0,30,month,pv_kw
9,28,0.0091766666666666663,0.012031243331092345,30,month,pv_kw
9,29,0.086410000000000001,0.11177794597726579,30,month,pv_kw
9,30,0,0,30,month,pv_kw
9,31,0.12787000000000001,0.16760975230864558,30,month,pv_kw
9,32,1.2036366666666667,1.5569902020561497,30,month,pv_kw
9,33,0,0,30,month,pv_kw
9,34,2.6701999999999999,3.885667348975792,30,month,pv_kw
9,35,33.467556666666667,47.637929732895977,30,month,pv_kw
9,36,137.76875000000001,150.18475542608257,30,month,pv_kw
9,37,342.56518333333332,217.41629867249677,30,month,pv_kw
9,38,605.3384533333334,251.20363909843968,30,month,pv_kw
9,39,894.66374999999994,266.70886742039187,30,month,pv_kw
9,40,1200.4109966666665,286.2296515310648,30,month,pv_kw
9,41,1513.6158700000001,309.59385271205997,30,month,pv_kw
9,42,1839.3824999999999,333.41845292041762,30,month,pv_kw
9,43,2186.3807533333334,349.16147376742521,30,month,pv_kw
9,44,2523.5736566666669,376.50122547893307,30,month,pv_kw
9,45,2856.8937500000002,412.7797330994473,30,month,pv_kw
9,46,3219.1020433333333,426.46583862849769,30,month,pv_kw
9,47,3564.774343333333,415.56693910633362,30,month,pv_kw
9,48,3889.875,398.48838143675727,30,month,pv_kw
9,49,4233.2371133333336,396.05783747755362,30,month,pv_kw
9,50,4561.2500200000004,450.15431463561777,30,month,pv_kw
9,51,4864.4900000000007,516.97399372453913,30,month,pv_kw
9,52,5170.7499499999994,521.2520308189479,30,month,pv_kw
9,53,5483.9748933333331,528.72100002991669,30,month,pv_kw
9,54,5782.9875000000002,571.15943839045531,30,month,pv_kw
9,55,6042.3001966666661,591.95903264976585,30,month,pv_kw
9,56,6292.9634166666665,601.91395463472918,30,month,pv_kw
9,57,6558.2287499999993,574.05668108148393,30,month,pv_kw
9,58,6828.8632099999995,535.19377452418803,30,month,pv_kw
9,59,7056.4481566666664,533.59964638931399,30,month,pv_kw
9,60,7233.0225,574.94905004217242,30,month,pv_kw
9,61,7398.6641233333339,589.77606452286125,30,month,pv_kw
9,62,7584.1781766666672,566.05174452460619,30,month,pv_kw
9,63,7785.96875,541.88555019707974,30,month,pv_kw
9,64,7971.2436799999996,576.11888220106061,30,month,pv_kw
9,65,8117.4279266666672,587.47308603535214,30,month,pv_kw
9,66,8224.6200000000008,551.70788217916709,30,month,pv_kw
9,67,8310.6111899999996,529.20464078528198,30,month,pv_kw
9,68,8385.050486666667,530.23113226052044,30,month,pv_kw
9,69,8459.3624999999993,510.57357179923395,30,month,pv_kw
9,70,8534.9241766666655,525.53297971834832,30,month,pv_kw
9,71,8560.8391499999998,584.93417373809905,30,month,pv_kw
9,72,8564.8125,617.01485729855392,30,month,pv_kw
9,73,8621.4406233333339,549.54160644923263,30,month,pv_kw
9,74,8630.3219133333332,529.76484665441524,30,month,pv_kw
9,75,8543.96875,584.95877673748953,30,month,pv_kw
9,76,8417.8801599999988,614.06610172747946,30,month,pv_kw
9,77,8324.7354866666665,621.31473722070086,30,month,pv_kw
9,78,8247.5974999999999,579.66815448619525,30,month,pv_kw
9,79,8105.5964899999999,591.76126403769058,30,month,pv_kw
9,80,7931.8276599999999,592.86081952788595,30,month,pv_kw
9,81,7751.1674999999996,538.30322019349808,30,month,pv_kw
9,82,7557.2552500000002,476.93319953056266,30,month,pv_kw
9,83,7368.0131033333337,489.0381724234179,30,month,pv_kw
9,84,7169.4324999999999,528.45079499680787,30,month,pv_kw
9,85,6930.5297399999999,493.54275630148868,30,month,pv_kw
9,86,6702.3599399999994,460.84545309460731,30,month,pv_kw
9,87,6472.1587500000005,468.1086695525272,30,month,pv_kw
9,88,6178.4377433333329,472.63258514601284,30,month,pv_kw
9,89,5899.5852966666671,496.63761365540933,30,month,pv_kw
9,90,5653.6137500000004,526.31559754103591,30,month,pv_kw
9,91,5378.1991833333332,527.52070093251245,30,month,pv_kw
9,92,5074.4374366666661,527.34908949215367,30,month,pv_kw
9,93,4752.57125,501.65245733894528,30,month,pv_kw
9,94,4419.9247400000004,439.96888476397703,30,month,pv_kw
9,95,4101.7827500000003,393.18084518646117,30,month,pv_kw
9,96,3795.4875000000002,387.27816060984492,30,month,pv_kw
9,97,3474.3215233333331,381.34880104687215,30,month,pv_kw
9,98,3145.2757233333332,364.02083904799372,30,month,pv_kw
9,99,2821.2624999999998,344.48152870754893,30,month,pv_kw
9,100,2505.9357699999996,330.43108346453295,30,month,pv_kw
9,101,2178.4555666666665,319.73794330577516,30,month,pv_kw
9,102,1836.6500000000001,303.77948840471595,30,month,pv_kw
9,103,1501.8697999999999,278.87051177983841,30,month,pv_kw
9,104,1189.6562866666668,265.07272519458104,30,month,pv_kw
9,105,894.27750000000003,260.83200200396556,30,month,pv_kw
9,106,600.43874333333338,245.05075378532851,30,month,pv_kw
9,107,332.99107000000004,206.16693128138382,30,month,pv_kw
9,108,131.60624999999999,140.26576036862596,30,month,pv_kw
9,109,31.347846666666666,43.651896648281273,30,month,pv_kw
9,110,2.3971866666666668,3.7377881414228007,30,month,pv_kw
9,111,0,0,30,month,pv_kw
9,112,1.1603033333333335,1.4925078317782923,30,month,pv_kw
9,113,0.12351666666666666,0.16332665615016861,30,month,pv_kw
9,114,0,0,30,month,pv_kw
9,115,0.083303333333333326,0.10715762313247856,30,month,pv_kw
9,116,0.0088633333333333342,0.011726083019853891,30,month,pv_kw
9,117,0,0,30,month,pv_kw
9,118,0.0059300000000000004,0.0077124686329211808,30,month,pv_kw
9,119,0.00053333333333333336,0.00087112029864574016,30,month,pv_kw
9,120,0,0,30,month,pv_kw
9,121,0.00026666666666666668,0.00055107001453494136,30,month,pv_kw
9,122,0,0,30,month,pv_kw
9,123,0,0,30,month,pv_kw
9,124,0,0,30,month,pv_kw
9,125,0,0,30,month,pv_kw
9,126,0,0,30,month,pv_kw
9,127,0,0,30,month,pv_kw
9,128,0,0,30,month,pv_kw
9,129,0,0,30,month,pv_kw
9,130,0,0,30,month,pv_kw
9,131,0,0,30,month,pv_kw
9,132,0,0,30,month,pv_kw
9,133,0,0,30,month,pv_kw
9,134,0,0,30,month,pv_kw
9,135,0,0,30,month,pv_kw
9,136,0,0,30,month,pv_kw
9,137,0,0,30,month,pv_kw
9,138,0,0,30,month,pv_kw
9,139,0,0,30,month,pv_kw
9,140,0,0,30,month,pv_kw
9,141,0,0,30,month,pv_kw
9,142,0,0,30,month,pv_kw
9,143,0,0,30,month,pv_kw
9,144,0,0,30,month,pv_kw
10,1,0,0,31,month,pv_kw
10,2,0,0,31,month,pv_kw
10,3,0,0,31,month,pv_kw
10,4,0,0,31,month,pv_kw
10,5,0,0,31,month,pv_kw
10,6,0,0,31,month,pv_kw
10,7,0,0,31,month,pv_kw
10,8,0,0,31,month,pv_kw
10,9,0,0,31,month,pv_kw
10,10,0,0,31,month,pv_kw
10,11,0,0,31,month,pv_kw
10,12,0,0,31,month,pv_kw
10,13,0,0,31,month,pv_kw
10,14,0,0,31,month,pv_kw
10,15,0,0,31,month,pv_kw
10,16,0,0,31,month,pv_kw
10,17,0,0,31,month,pv_kw
10,18,0,0,31,month,pv_kw
10,19,0,0,31,month,pv_kw
10,20,0,0,31,month,pv_kw
10,21,0,0,31,month,pv_kw
10,22,0,0,31,month,pv_kw
10,23,0,0,31,month,pv_kw
10,24,0,0,31,month,pv_kw
10,25,0,0,31,month,pv_kw
10,26,0.00036451612903225808,0.00070500514754469432,31,month,pv_kw
10,27,0,0,31,month,pv_kw
10,28,0.00071612903225806452,0.0010214684769792779,31,month,pv_kw
10,29,0.0071741935483870967,0.0095159153611878208,31,month,pv_kw
10,30,0,0,31,month,pv_kw
10,31,0.011458064516129032,0.013701016366035242,31,month,pv_kw
10,32,0.10000000000000001,0.13246167999337269,31,month,pv_kw
10,33,0,0,31,month,pv_kw
10,34,0.15959354838709677,0.190809161092934,31,month,pv_kw
10,35,1.392816129032258,1.8450043696600062,31,month,pv_kw
10,36,0,0,31,month,pv_kw
10,37,3.9605387096774196,6.6822803485375886,31,month,pv_kw
10,38,43.865254838709681,61.40612503160596,31,month,pv_kw
10,39,172.05362903225807,181.69069872180066,31,month,pv_kw
10,40,415.82475806451617,253.19997642849401,31,month,pv_kw
10,41,718.40640645161295,288.73845801010179,31,month,pv_kw
10,42,1039.8907258064517,308.12700721063169,31,month,pv_kw
10,43,1372.4656096774195,326.19556597327659,31,month,pv_kw
10,44,1718.9160064516129,350.89630283903807,31,month,pv_kw
10,45,2075.1907258064516,377.08173406614469,31,month,pv_kw
10,46,2431.0979741935485,393.08009048564958,31,month,pv_kw
10,47,2788.2813322580646,389.8266798878816,31,month,pv_kw
10,48,3145.6584677419355,397.27165135808798,31,month,pv_kw
10,49,3498.2406483870968,433.82620113958706,31,month,pv_kw
10,50,3848.551629032258,445.35469354326892,31,month,pv_kw
10,51,4200.9750000000004,449.12663456423979,31,month,pv_kw
10,52,4552.6615677419359,482.55691475337875,31,month,pv_kw
10,53,4873.9782774193545,523.20144071747939,31,month,pv_kw
10,54,5170.0004032258066,555.99589443631726,31,month,pv_kw
10,55,5476.2118967741935,580.63605897396303,31,month,pv_kw
10,56,5784.4766580645164,611.24237171718937,31,month,pv_kw
10,57,6083.4616935483873,644.45072961023288,31,month,pv_kw
10,58,6373.4163612903221,655.40810560963325,31,month,pv_kw
10,59,6666.4868354838709,626.8272039746945,31,month,pv_kw
10,60,6937.2036290322585,602.69387443648884,31,month,pv_kw
10,61,7147.1201774193551,608.6093102422966,31,month,pv_kw
10,62,7364.1234032258062,577.33518195715396,31,month,pv_kw
10,63,7597.6064516129027,523.29295736501365,31,month,pv_kw
10,64,7781.491706451613,550.34008399896402,31,month,pv_kw
10,65,7892.5862935483865,539.90472772235671,31,month,pv_kw
10,66,7980.3012096774191,503.94739043536237,31,month,pv_kw
10,67,8118.1454516129033,585.89936826737744,31,month,pv_kw
10,68,8235.3960129032257,640.39882461106129,31,month,pv_kw
10,69,8296.2072580645163,651.64021273384787,31,month,pv_kw
10,70,8332.4889354838706,662.49933367456094,31,month,pv_kw
10,71,8360.4238709677429,659.90690513559957,31,month,pv_kw
10,72,8384.0116935483875,638.66799712480713,31,month,pv_kw
10,73,8396.343061290323,637.03752050395269,31,month,pv_kw
10,74,8377.6523774193556,656.13184416087586,31,month,pv_kw
10,75,8326.0016129032247,666.29774321386935,31,month,pv_kw
10,76,8251.7491354838712,688.16170204782225,31,month,pv_kw
10,77,8132.3269677419357,668.39714094308601,31,month,pv_kw
10,78,7975.9669354838716,645.57691233103913,31,month,pv_kw
10,79,7817.7252258064509,671.5699551833427,31,month,pv_kw
10,80,7643.8682322580644,638.88710926738884,31,month,pv_kw
10,81,7449.8745967741934,566.27851024146298,31,month,pv_kw
10,82,7251.7109161290318,574.9280571196457,31,month,pv_kw
10,83,7058.3944870967744,583.17251009140853,31,month,pv_kw
10,84,6842.0129032258064,591.7780048337728,31,month,pv_kw
10,85,6565.7982612903224,630.10086942624935,31,month,pv_kw
10,86,6293.9930096774196,652.47174476770374,31,month,pv_kw
10,87,6039.6290322580644,644.4270154594941,31,month,pv_kw
10,88,5755.7355903225807,631.33874635757684,31,month,pv_kw
10,89,5461.1017225806454,601.30527194159026,31,month,pv_kw
10,90,5154.981048387097,559.69653276603583,31,month,pv_kw
10,91,4816.3859612903225,528.31525708392667,31,month,pv_kw
10,92,4488.3607161290329,509.54028783610568,31,month,pv_kw
10,93,4178.4326612903224,502.51465825093794,31,month,pv_kw
10,94,3851.3783322580648,484.5811135445324,31,month,pv_kw
10,95,3508.3861612903229,458.57401433377521,31,month,pv_kw
10,96,3153.4306451612906,431.14121039446343,31,month,pv_kw
10,97,2786.8621032258065,412.01885599317291,31,month,pv_kw
10,98,2421.8229000000001,390.77958568597313,31,month,pv_kw
10,99,2068.7903225806454,364.13329289832319,31,month,pv_kw
10,100,1728.2904516129033,342.21215443520981,31,month,pv_kw
10,101,1385.6679419354839,323.44619162788297,31,month,pv_kw
10,102,1042.2870967741935,303.52859266886236,31,month,pv_kw
10,103,716.20610645161287,281.74858521567626,31,month,pv_kw
10,104,414.61111612903227,247.85552552814451,31,month,pv_kw
10,105,172.49153225806452,180.82694723901702,31,month,pv_kw
10,106,44.325432258064517,61.469820533518103,31,month,pv_kw
10,107,3.903058064516129,7.0065890161939324,31,month,pv_kw
10,108,0,0,31,month,pv_kw
10,109,1.4394,1.8298482609222,31,month,pv_kw
10,110,0.16776451612903226,0.20657421515182239,31,month,pv_kw
10,111,0,0,31,month,pv_kw
10,112,0.1033483870967742,0.13137671501187653,31,month,pv_kw
10,113,0.012045161290322581,0.01483232592930449,31,month,pv_kw
10,114,0,0,31,month,pv_kw
10,115,0.0074225806451612905,0.0094350308134956758,31,month,pv_kw
10,116,0.00080322580645161281,0.0010876530914367079,31,month,pv_kw
10,117,0,0,31,month,pv_kw
10,118,0.00039999999999999996,0.00070332543439482315,31,month,pv_kw
10,119,0,0,31,month,pv_kw
10,120,0,0,31,month,pv_kw
10,121,0,0,31,month,pv_kw
10,122,0,0,31,month,pv_kw
10,123,0,0,31,month,pv_kw
10,124,0,0,31,month,pv_kw
10,125,0,0,31,month,pv_kw
10,126,0,0,31,month,pv_kw
10,127,0,0,31,month,pv_kw
10,128,0,0,31,month,pv_kw
10,129,0,0,31,month,pv_kw
10,130,0,0,31,month,pv_kw
10,131,0,0,31,month,pv_kw
10,132,0,0,31,month,pv_kw
10,133,0,0,31,month,pv_kw
10,134,0,0,31,month,pv_kw
10,135,0,0,31,month,pv_kw
10,136,0,0,31,month,pv_kw
10,137,0,0,31,month,pv_kw
10,138,0,0,31,month,pv_kw
10,139,0,0,31,month,pv_kw
10,140,0,0,31,month,pv_kw
10,141,0,0,31,month,pv_kw
10,142,0,0,31,month,pv_kw
10,143,0,0,31,month,pv_kw
10,144,0,0,31,month,pv_kw
11,1,0,0,30,month,pv_kw
11,2,0,0,30,month,pv_kw
11,3,0,0,30,month,pv_kw
11,4,0,0,30,month,pv_kw
11,5,0,0,30,month,pv_kw
11,6,0,0,30,month,pv_kw
11,7,0,0,30,month,pv_kw
11,8,0,0,30,month,pv_kw
11,9,0,0,30,month,pv_kw
11,10,0,0,30,month,pv_kw
11,11,0,0,30,month,pv_kw
11,12,0,0,30,month,pv_kw
11,13,0,0,30,month,pv_kw
11,14,0,0,30,month,pv_kw
11,15,0,0,30,month,pv_kw
11,16,0,0,30,month,pv_kw
11,17,0,0,30,month,pv_kw
11,18,0,0,30,month,pv_kw
11,19,0,0,30,month,pv_kw
11,20,0,0,30,month,pv_kw
11,21,0,0,30,month,pv_kw
11,22,0,0,30,month,pv_kw
11,23,0,0,30,month,pv_kw
11,24,0,0,30,month,pv_kw
11,25,0,0,30,month,pv_kw
11,26,0,0,30,month,pv_kw
11,27,0,0,30,month,pv_kw
11,28,0,0,30,month,pv_kw
11,29,0.00046333333333333328,0.00073366502425568296,30,month,pv_kw
11,30,0,0,30,month,pv_kw
11,31,0.00055000000000000003,0.0018373049978630152,30,month,pv_kw
11,32,0.0098166666666666662,0.0090588148472513542,30,month,pv_kw
11,33,0,0,30,month,pv_kw
11,34,0.0083433333333333345,0.025567216122016206,30,month,pv_kw
11,35,0.13685999999999998,0.12608495931520636,30,month,pv_kw
11,36,0,0,30,month,pv_kw
11,37,0.11624333333333332,0.35611002627852528,30,month,pv_kw
11,38,1.9062066666666666,1.7560975673808443,30,month,pv_kw
11,39,0,0,30,month,pv_kw
11,40,6.7207433333333331,16.625663116226804,30,month,pv_kw
11,41,76.570059999999998,76.162125294109188,30,month,pv_kw
11,42,273.05250000000001,159.53083849536577,30,month,pv_kw
11,43,550.89004,190.02783763630362,30,month,pv_kw
11,44,855.92045999999993,204.29682617398933,30,month,pv_kw
11,45,1163.5862500000001,224.30091859712232,30,month,pv_kw
11,46,1481.3968233333333,232.50682066607425,30,month,pv_kw
11,47,1811.63147,249.29081454335838,30,month,pv_kw
11,48,2145.4712500000001,275.25239217519623,30,month,pv_kw
11,49,2468.5354733333338,289.28753660068696,30,month,pv_kw
11,50,2782.2048733333336,314.6748843882952,30,month,pv_kw
11,51,3098.9337499999997,344.16091148953313,30,month,pv_kw
11,52,3424.0465766666666,353.22222056688167,30,month,pv_kw
11,53,3709.5589733333331,377.45404491218301,30,month,pv_kw
11,54,3969.82375,407.2667949341394,30,month,pv_kw
11,55,4267.5545266666668,380.79586881914867,30,month,pv_kw
11,56,4558.0535433333325,357.8541882112533,30,month,pv_kw
11,57,4816.9812499999998,358.31447187019427,30,month,pv_kw
11,58,5065.3857799999996,351.09348420386669,30,month,pv_kw
11,59,5313.3230400000002,346.91658500337888,30,month,pv_kw
11,60,5559.1687499999998,378.70913633476874,30,month,pv_kw
11,61,5787.8059599999997,414.21804448643508,30,month,pv_kw
11,62,5966.27502,437.30321452261097,30,month,pv_kw
11,63,6114.3962500000007,453.1340728122604,30,month,pv_kw
11,64,6287.5744100000002,419.10079798465279,30,month,pv_kw
11,65,6456.2507933333336,442.77291399564365,30,month,pv_kw
11,66,6598.3712500000001,493.45489168811241,30,month,pv_kw
11,67,6720.3767666666672,479.78421605786559,30,month,pv_kw
11,68,6824.4944599999999,474.21024974791555,30,month,pv_kw
11,69,6895.6487499999994,496.69280633157007,30,month,pv_kw
11,70,6920.1840433333327,496.17988492433955,30,month,pv_kw
11,71,6950.7737000000006,532.61685447543482,30,month,pv_kw
11,72,6987.3175000000001,599.13082451826176,30,month,pv_kw
11,73,6984.2935266666664,625.28561355169927,30,month,pv_kw
11,74,6987.9309233333333,608.03233534043932,30,month,pv_kw
11,75,6961.5562499999996,589.49719824863973,30,month,pv_kw
11,76,6823.8229666666675,607.63233177072505,30,month,pv_kw
11,77,6731.9634966666663,563.79576100382781,30,month,pv_kw
11,78,6695.9499999999998,489.74600070316222,30,month,pv_kw
11,79,6568.9411899999996,476.56094140028495,30,month,pv_kw
11,80,6406.285906666667,479.19135902113322,30,month,pv_kw
11,81,6251.0625,470.97430597196677,30,month,pv_kw
11,82,6084.5254599999998,457.91930788759367,30,month,pv_kw
11,83,5900.94398,457.13924524832549,30,month,pv_kw
11,84,5696.0950000000003,456.76684419141714,30,month,pv_kw
11,85,5465.0837433333336,428.00868505830027,30,month,pv_kw
11,86,5210.3210899999995,400.10399320250332,30,month,pv_kw
11,87,4939.4099999999999,391.42031833791964,30,month,pv_kw
11,88,4662.1377599999996,398.71825361114674,30,month,pv_kw
11,89,4383.1731200000004,398.76618897036087,30,month,pv_kw
11,90,4094.4674999999997,386.72750209845429,30,month,pv_kw
11,91,3784.8766066666667,362.92808328009761,30,month,pv_kw
11,92,3475.1662733333333,347.57287697980775,30,month,pv_kw
11,93,3164.3825000000002,336.22868541597069,30,month,pv_kw
11,94,2832.0798366666663,305.02735715893186,30,month,pv_kw
11,95,2498.3024799999998,277.2280138291365,30,month,pv_kw
11,96,2174.5475000000001,267.35014295395484,30,month,pv_kw
11,97,1852.7192433333332,255.71186599615922,30,month,pv_kw
11,98,1522.9602,244.15286868806683,30,month,pv_kw
11,99,1189.2925,225.02351573952404,30,month,pv_kw
11,100,865.97067333333337,194.23643532013881,30,month,pv_kw
11,101,552.92983666666669,178.4582615563157,30,month,pv_kw
11,102,273.58375000000001,154.10779059575819,30,month,pv_kw
11,103,76.361936666666665,74.101230490213737,30,month,pv_kw
11,104,6.3927399999999999,15.73429940838891,30,month,pv_kw
11,105,0,0,30,month,pv_kw
11,106,1.93845,1.728982458527718,30,month,pv_kw
11,107,0.10817333333333333,0.32968355353469542,30,month,pv_kw
11,108,0,0,30,month,pv_kw
11,109,0.13917666666666667,0.12414027017112907,30,month,pv_kw
11,110,0.0077666666666666665,0.023663464248285481,30,month,pv_kw
11,111,0,0,30,month,pv_kw
11,112,0.0099833333333333336,0.0089160484263057869,30,month,pv_kw
11,113,0.00051666666666666668,0.0017031579863408975,30,month,pv_kw
11,114,0,0,30,month,pv_kw
11,115,0.00050000000000000001,0.00074092207231353242,30,month,pv_kw
11,116,0,0,30,month,pv_kw
11,117,0,0,30,month,pv_kw
11,118,0,0,30,month,pv_kw
11,119,0,0,30,month,pv_kw
11,120,0,0,30,month,pv_kw
11,121,0,0,30,month,pv_kw
11,122,0,0,30,month,pv_kw
11,123,0,0,30,month,pv_kw
11,124,0,0,30,month,pv_kw
11,125,0,0,30,month,pv_kw
11,126,0,0,30,month,pv_kw
11,127,0,0,30,month,pv_kw
11,128,0,0,30,month,pv_kw
11,129,0,0,30,month,pv_kw
11,130,0,0,30,month,pv_kw
11,131,0,0,30,month,pv_kw
11,132,0,0,30,month,pv_kw
11,133,0,0,30,month,pv_kw
11,134,0,0,30,month,pv_kw
11,135,0,0,30,month,pv_kw
11,136,0,0,30,month,pv_kw
11,137,0,0,30,month,pv_kw
11,138,0,0,30,month,pv_kw
11,139,0,0,30,month,pv_kw
11,140,0,0,30,month,pv_kw
11,141,0,0,30,month,pv_kw
11,142,0,0,30,month,pv_kw
11,143,0,0,30,month,pv_kw
11,144,0,0,30,month,pv_kw
12,1,0,0,31,month,pv_kw
12,2,0,0,31,month,pv_kw
12,3,0,0,31,month,pv_kw
12,4,0,0,31,month,pv_kw
12,5,0,0,31,month,pv_kw
12,6,0,0,31,month,pv_kw
12,7,0,0,31,month,pv_kw
12,8,0,0,31,month,pv_kw
12,9,0,0,31,month,pv_kw
12,10,0,0,31,month,pv_kw
12,11,0,0,31,month,pv_kw
12,12,0,0,31,month,pv_kw
12,13,0,0,31,month,pv_kw
12,14,0,0,31,month,pv_kw
12,15,0,0,31,month,pv_kw
12,16,0,0,31,month,pv_kw
12,17,0,0,31,month,pv_kw
12,18,0,0,31,month,pv_kw
12,19,0,0,31,month,pv_kw
12,20,0,0,31,month,pv_kw
12,21,0,0,31,month,pv_kw
12,22,0,0,31,month,pv_kw
12,23,0,0,31,month,pv_kw
12,24,0,0,31,month,pv_kw
12,25,0,0,31,month,pv_kw
12,26,0,0,31,month,pv_kw
12,27,0,0,31,month,pv_kw
12,28,0,0,31,month,pv_kw
12,29,0,0,31,month,pv_kw
12,30,0,0,31,month,pv_kw
12,31,0.0021322580645161287,0.0005564093797281478,31,month,pv_kw
12,32,0,0,31,month,pv_kw
12,33,0,0,31,month,pv_kw
12,34,0.030119354838709676,0.0065368911752115904,31,month,pv_kw
12,35,0,0,31,month,pv_kw
12,36,0,0,31,month,pv_kw
12,37,0.41955483870967741,0.09103821482838835,31,month,pv_kw
12,38,0,0,31,month,pv_kw
12,39,0,0,31,month,pv_kw
12,40,5.8437548387096774,1.2679019485850651,31,month,pv_kw
12,41,0,0,31,month,pv_kw
12,42,6.979838709677419,13.4329576343578,31,month,pv_kw
12,43,192.27421935483869,27.090798777068443,31,month,pv_kw
12,44,452.66721612903223,40.629388985717341,31,month,pv_kw
12,45,721.41169354838712,52.949992518047516,31,month,pv_kw
12,46,1003.6971322580645,67.725458532481881,31,month,pv_kw
12,47,1289.7915838709678,84.636198561254275,31,month,pv_kw
12,48,1577.8524193548387,100.68301150865329,31,month,pv_kw
12,49,1875.2369838709678,112.5293382277324,31,month,pv_kw
12,50,2176.5459612903228,136.23249185171801,31,month,pv_kw
12,51,2478.8237903225809,164.30422834368247,31,month,pv_kw
12,52,2781.2576451612899,164.65771432980796,31,month,pv_kw
12,53,3069.1197258064517,179.06741845934425,31,month,pv_kw
12,54,3337.643951612903,212.65485440690651,31,month,pv_kw
12,55,3590.8695548387095,200.5212056228597,31,month,pv_kw
12,56,3815.4321032258063,191.95265826315864,31,month,pv_kw
12,57,4025.0939516129033,222.5844673440233,31,month,pv_kw
12,58,4251.4095129032257,255.91332063938739,31,month,pv_kw
12,59,4471.8115387096777,257.76185669875036,31,month,pv_kw
12,60,4677.4887096774191,246.86502685245421,31,month,pv_kw
12,61,4881.6480322580646,264.77214075012165,31,month,pv_kw
12,62,5075.2148935483874,284.59942765780119,31,month,pv_kw
12,63,5247.3423387096773,299.29962147204014,31,month,pv_kw
12,64,5394.1849451612898,285.39171546346478,31,month,pv_kw
12,65,5523.1470419354837,308.9056011906145,31,month,pv_kw
12,66,5636.4592741935476,361.41767602225963,31,month,pv_kw
12,67,5726.3251870967742,384.23025955139758,31,month,pv_kw
12,68,5778.2808064516121,376.88644032588996,31,month,pv_kw
12,69,5814.4245967741936,352.5598326065242,31,month,pv_kw
12,70,5872.7309161290332,320.86827632152625,31,month,pv_kw
12,71,5904.7148999999999,313.78444558587233,31,month,pv_kw
12,72,5899.1286290322578,348.06570397450241,31,month,pv_kw
12,73,5889.853077419355,364.96260783260499,31,month,pv_kw
12,74,5855.3199645161285,352.48722878449621,31,month,pv_kw
12,75,5784.9120967741937,330.53835268965446,31,month,pv_kw
12,76,5696.0804935483875,325.97371485112222,31,month,pv_kw
12,77,5614.8881322580646,332.53572765664507,31,month,pv_kw
12,78,5528.2620967741932,333.37842649913676,31,month,pv_kw
12,79,5400.7914032258059,282.72709442491413,31,month,pv_kw
12,80,5269.8227451612902,280.35072790794749,31,month,pv_kw
12,81,5147.5258064516129,303.47960179831085,31,month,pv_kw
12,82,5007.7456322580647,303.42534886992706,31,month,pv_kw
12,83,4846.440148387097,277.84921044186154,31,month,pv_kw
12,84,4668.8286290322585,254.41830387329875,31,month,pv_kw
12,85,4480.220158064516,245.18061794506474,31,month,pv_kw
12,86,4273.4232548387099,247.85475212041956,31,month,pv_kw
12,87,4041.418548387097,226.45335345347084,31,month,pv_kw
12,88,3785.2011516129032,199.0951886890453,31,month,pv_kw
12,89,3523.644677419355,186.72756360886083,31,month,pv_kw
12,90,3260.7870967741933,172.08532232962318,31,month,pv_kw
12,91,2985.9364903225805,154.67133883236284,31,month,pv_kw
12,92,2706.264464516129,141.39338494208653,31,month,pv_kw
12,93,2426.9830645161292,122.40092747760951,31,month,pv_kw
12,94,2146.1669645161292,100.30793889254427,31,month,pv_kw
12,95,1860.1910677419355,103.63936532353074,31,month,pv_kw
12,96,1571.9358870967742,101.85944736815112,31,month,pv_kw
12,97,1287.7204032258064,76.091751317890285,31,month,pv_kw
12,98,1000.8879354838709,55.414071770670539,31,month,pv_kw
12,99,717.40282258064519,46.808901364759706,31,month,pv_kw
12,100,451.87442903225804,38.430588652254549,31,month,pv_kw
12,101,193.36146129032258,26.536533695375248,31,month,pv_kw
12,102,6.9508064516129027,13.26781425711448,31,month,pv_kw
12,103,0,0,31,month,pv_kw
12,104,5.9104774193548382,1.0983502200147512,31,month,pv_kw
12,105,0,0,31,month,pv_kw
12,106,0,0,31,month,pv_kw
12,107,0.42434838709677419,0.078866954934529818,31,month,pv_kw
12,108,0,0,31,month,pv_kw
12,109,0,0,31,month,pv_kw
12,110,0.030461290322580645,0.0056607818905963182,31,month,pv_kw
12,111,0,0,31,month,pv_kw
12,112,0,0,31,month,pv_kw
12,113,0.0021548387096774193,0.00052079343933234489,31,month,pv_kw
12,114,0,0,31,month,pv_kw
12,115,0,0,31,month,pv_kw
12,116,0,0,31,month,pv_kw
12,117,0,0,31,month,pv_kw
12,118,0,0,31,month,pv_kw
12,119,0,0,31,month,pv_kw
12,120,0,0,31,month,pv_kw
12,121,0,0,31,month,pv_kw
12,122,0,0,31,month,pv_kw
12,123,0,0,31,month,pv_kw
12,124,0,0,31,month,pv_kw
12,125,0,0,31,month,pv_kw
12,126,0,0,31,month,pv_kw
12,127,0,0,31,month,pv_kw
12,128,0,0,31,month,pv_kw
12,129,0,0,31,month,pv_kw
12,130,0,0,31,month,pv_kw
12,131,0,0,31,month,pv_kw
12,132,0,0,31,month,pv_kw
12,133,0,0,31,month,pv_kw
12,134,0,0,31,month,pv_kw
12,135,0,0,31,month,pv_kw
12,136,0,0,31,month,pv_kw
12,137,0,0,31,month,pv_kw
12,138,0,0,31,month,pv_kw
12,139,0,0,31,month,pv_kw
12,140,0,0,31,month,pv_kw
12,141,0,0,31,month,pv_kw
12,142,0,0,31,month,pv_kw
12,143,0,0,31,month,pv_kw
12,144,0,0,31,month,pv_kw
1,1,0,0,52,weekday,pv_kw
1,2,0,0,52,weekday,pv_kw
1,3,0,0,52,weekday,pv_kw
1,4,0,0,52,weekday,pv_kw
1,5,0,0,52,weekday,pv_kw
1,6,0,0,52,weekday,pv_kw
1,7,0,0,52,weekday,pv_kw
1,8,0,0,52,weekday,pv_kw
1,9,0,0,52,weekday,pv_kw
1,10,0,0,52,weekday,pv_kw
1,11,0,0,52,weekday,pv_kw
1,12,0,0,52,weekday,pv_kw
1,13,0,0,52,weekday,pv_kw
1,14,0,0,52,weekday,pv_kw
1,15,0,0,52,weekday,pv_kw
1,16,0,0,52,weekday,pv_kw
1,17,0,0,52,weekday,pv_kw
1,18,0,0,52,weekday,pv_kw
1,19,0.00016538461538461539,0.0004668982403238378,52,weekday,pv_kw
1,20,4.8076923076923077e-05,0.00024454069360652959,52,weekday,pv_kw
1,21,0,0,52,weekday,pv_kw
1,22,0.0030019230769230765,0.0066608746521175212,52,weekday,pv_kw
1,23,0.0011692307692307692,0.0037332915856316943,52,weekday,pv_kw
1,24,0,0,52,weekday,pv_kw
1,25,0.042067307692307696,0.092666587080979745,52,weekday,pv_kw
1,26,0.01673076923076923,0.051955684504564635,52,weekday,pv_kw
1,27,0,0,52,weekday,pv_kw
1,28,0.58615769230769232,1.2906090250071338,52,weekday,pv_kw
1,29,0.23334807692307694,0.72342413087585355,52,weekday,pv_kw
1,30,0.2819711538461539,1.3703227343258986,52,weekday,pv_kw
1,31,18.275644230769231,40.095692097884999,52,weekday,pv_kw
1,32,53.442740384615384,100.63414935688009,52,weekday,pv_kw
1,33,107.24423076923077,177.83033280027752,52,weekday,pv_kw
1,34,181.89742307692308,265.71415136174147,52,weekday,pv_kw
1,35,273.30991538461535,361.79300719659824,52,weekday,pv_kw
1,36,384.63677884615385,464.34425700767935,52,weekday,pv_kw
1,37,521.17047307692314,571.74077373528303,52,weekday,pv_kw
1,38,675.28562499999998,679.30652672711517,52,weekday,pv_kw
1,39,846.76081730769226,782.10709015972884,52,weekday,pv_kw
1,40,1042.5197134615385,875.36335703171551,52,weekday,pv_kw
1,41,1266.8618019230769,965.71792915196022,52,weekday,pv_kw
1,42,1520.005528846154,1038.3780052877075,52,weekday,pv_kw
1,43,1798.7060346153846,1063.1081968016888,52,weekday,pv_kw
1,44,2099.5310480769231,1076.4924989703991,52,weekday,pv_kw
1,45,2412.0822115384613,1091.1471243714936,52,weekday,pv_kw
1,46,2721.9116942307692,1087.3577502677797,52,weekday,pv_kw
1,47,3035.8905846153843,1096.1200252843282,52,weekday,pv_kw
1,48,3341.3149038461538,1101.5867732398349,52,weekday,pv_kw
1,49,3618.4246615384618,1062.7647351595483,52,weekday,pv_kw
1,50,3916.3244057692309,1046.1771695135615,52,weekday,pv_kw
1,51,4234.3810096153848,1069.1956290430523,52,weekday,pv_kw
1,52,4523.9362961538463,1077.1758975244475,52,weekday,pv_kw
1,53,4811.0256749999999,1069.2929633320725,52,weekday,pv_kw
1,54,5092.848317307692,1063.7453008900288,52,weekday,pv_kw
1,55,5336.7782038461537,1055.1556160678533,52,weekday,pv_kw
1,56,5581.6275826923074,1068.8704307915561,52,weekday,pv_kw
1,57,5833.3031250000004,1089.1385243202758,52,weekday,pv_kw
1,58,6058.9577576923075,1075.8043529570082,52,weekday,pv_kw
1,59,6274.986813461539,1038.5726974802046,52,weekday,pv_kw
1,60,6489.6396634615385,1022.6774902244459,52,weekday,pv_kw
1,61,6688.3739884615388,1055.1324205027297,52,weekday,pv_kw
1,62,6850.9820326923073,1056.0561998512899,52,weekday,pv_kw
1,63,6988.3882211538457,1048.8305725067498,52,weekday,pv_kw
1,64,7133.5372634615387,1092.9502308890083,52,weekday,pv_kw
1,65,7277.9620903846162,1122.4182763619899,52,weekday,pv_kw
1,66,7397.4180288461539,1125.0251155895101,52,weekday,pv_kw
1,67,7476.303753846154,1117.5684027693449,52,weekday,pv_kw
1,68,7551.3996153846156,1128.2347935698663,52,weekday,pv_kw
1,69,7616.4454326923069,1151.9431137421541,52,weekday,pv_kw
1,70,7628.6125730769227,1153.6678384238116,52,weekday,pv_kw
1,71,7621.9967788461545,1132.4063229082326,52,weekday,pv_kw
1,72,7614.8617788461543,1116.7926783288633,52,weekday,pv_kw
1,73,7590.3872480769223,1125.2460226317728,52,weekday,pv_kw
1,74,7534.5475230769225,1101.3495410313037,52,weekday,pv_kw
1,75,7443.6973557692309,1056.6976828744628,52,weekday,pv_kw
1,76,7332.6621961538467,1079.6197377568651,52,weekday,pv_kw
1,77,7250.2858615384612,1091.8565784979601,52,weekday,pv_kw
1,78,7192.2576923076931,1051.5683500133111,52,weekday,pv_kw
1,79,7102.6808653846156,1028.9595262137395,52,weekday,pv_kw
1,80,6967.8407653846161,1019.9110201414418,52,weekday,pv_kw
1,81,6837.542307692308,1023.0637411265272,52,weekday,pv_kw
1,82,6766.2740980769222,1040.6090975549077,52,weekday,pv_kw
1,83,6625.5659788461535,1054.6042065488857,52,weekday,pv_kw
1,84,6411.1954326923069,1057.3719863156155,52,weekday,pv_kw
1,85,6241.743053846154,1069.5423363154812,52,weekday,pv_kw
1,86,6048.1459846153848,1090.3330580662282,52,weekday,pv_kw
1,87,5789.7209134615387,1094.4103881069163,52,weekday,pv_kw
1,88,5505.6134423076919,1080.1832666658051,52,weekday,pv_kw
1,89,5243.2923557692311,1069.7315902035771,52,weekday,pv_kw
1,90,4998.3829326923078,1083.0340389575108,52,weekday,pv_kw
1,91,4730.030663461539,1092.3189023145071,52,weekday,pv_kw
1,92,4461.7356884615383,1092.5962851224467,52,weekday,pv_kw
1,93,4187.4425480769232,1082.4993825233134,52,weekday,pv_kw
1,94,3874.0447192307693,1055.5823865288303,52,weekday,pv_kw
1,95,3563.0546980769232,1038.7827132416869,52,weekday,pv_kw
1,96,3267.679326923077,1040.6666306896318,52,weekday,pv_kw
1,97,2960.8351480769229,1041.4906948578714,52,weekday,pv_kw
1,98,2644.4798249999999,1043.4471221185854,52,weekday,pv_kw
1,99,2335.8252403846154,1045.1928017254711,52,weekday,pv_kw
1,100,2049.6472865384612,1044.1176860454525,52,weekday,pv_kw
1,101,1762.6577499999999,1039.4376713360407,52,weekday,pv_kw
1,102,1477.6694711538462,1012.5386308668086,52,weekday,pv_kw
1,103,1227.3396057692307,942.98929113325357,52,weekday,pv_kw
1,104,1010.589876923077,853.25017255934017,52,weekday,pv_kw
1,105,819.79975961538469,756.7080492774212,52,weekday,pv_kw
1,106,652.04654807692305,655.8393919823543,52,weekday,pv_kw
1,107,506.72015192307691,557.03867464636267,52,weekday,pv_kw
1,108,379.88509615384618,457.97115385547602,52,weekday,pv_kw
1,109,267.96918653846154,352.28501591088292,52,weekday,pv_kw
1,110,175.89297115384613,255.72703577117517,52,weekday,pv_kw
1,111,105.04615384615384,174.15261493188416,52,weekday,pv_kw
1,112,52.640373076923076,99.159981508538877,52,weekday,pv_kw
1,113,17.76971923076923,38.931079067309618,52,weekday,pv_kw
1,114,0.27259615384615382,1.2602764793086647,52,weekday,pv_kw
1,115,0.2319846153846154,0.71257857396388102,52,weekday,pv_kw
1,116,0.56759999999999999,1.250242698321363,52,weekday,pv_kw
1,117,0,0,52,weekday,pv_kw
1,118,0.016603846153846157,0.051173035797773214,52,weekday,pv_kw
1,119,0.040734615384615383,0.089777958962851484,52,weekday,pv_kw
1,120,0,0,52,weekday,pv_kw
1,121,0.001173076923076923,0.0036747210316748517,52,weekday,pv_kw
1,122,0.0029076923076923077,0.0064530231903834005,52,weekday,pv_kw
1,123,0,0,52,weekday,pv_kw
1,124,4.6153846153846151e-05,0.00023302069121418522,52,weekday,pv_kw
1,125,0.00015384615384615385,0.00043722006773703315,52,weekday,pv_kw
1,126,0,0,52,weekday,pv_kw
1,127,0,0,52,weekday,pv_kw
1,128,0,0,52,weekday,pv_kw
1,129,0,0,52,weekday,pv_kw
1,130,0,0,52,weekday,pv_kw
1,131,0,0,52,weekday,pv_kw
1,132,0,0,52,weekday,pv_kw
1,133,0,0,52,weekday,pv_kw
1,134,0,0,52,weekday,pv_kw
1,135,0,0,52,weekday,pv_kw
1,136,0,0,52,weekday,pv_kw
1,137,0,0,52,weekday,pv_kw
1,138,0,0,52,weekday,pv_kw
1,139,0,0,52,weekday,pv_kw
1,140,0,0,52,weekday,pv_kw
1,141,0,0,52,weekday,pv_kw
1,142,0,0,52,weekday,pv_kw
1,143,0,0,52,weekday,pv_kw
1,144,0,0,52,weekday,pv_kw
2,1,0,0,52,weekday,pv_kw
2,2,0,0,52,weekday,pv_kw
2,3,0,0,52,weekday,pv_kw
2,4,0,0,52,weekday,pv_kw
2,5,0,0,52,weekday,pv_kw
2,6,0,0,52,weekday,pv_kw
2,7,0,0,52,weekday,pv_kw
2,8,0,0,52,weekday,pv_kw
2,9,0,0,52,weekday,pv_kw
2,10,0,0,52,weekday,pv_kw
2,11,0,0,52,weekday,pv_kw
2,12,0,0,52,weekday,pv_kw
2,13,0,0,52,weekday,pv_kw
2,14,0,0,52,weekday,pv_kw
2,15,0,0,52,weekday,pv_kw
2,16,0,0,52,weekday,pv_kw
2,17,0,0,52,weekday,pv_kw
2,18,0,0,52,weekday,pv_kw
2,19,0.00013269230769230768,0.00042135223672201921,52,weekday,pv_kw
2,20,2.3076923076923076e-05,0.00016641005886756873,52,weekday,pv_kw
2,21,0,0,52,weekday,pv_kw
2,22,0.002926923076923077,0.0064038932822492777,52,weekday,pv_kw
2,23,0.001175,0.0036122273287418952,52,weekday,pv_kw
2,24,0,0,52,weekday,pv_kw
2,25,0.041053846153846149,0.089193531510689789,52,weekday,pv_kw
2,26,0.016796153846153846,0.050255601430219912,52,weekday,pv_kw
2,27,0,0,52,weekday,pv_kw
2,28,0.57224230769230766,1.2420711206542068,52,weekday,pv_kw
2,29,0.23431923076923075,0.69991575768675196,52,weekday,pv_kw
2,30,0.25528846153846152,1.2969570961585501,52,weekday,pv_kw
2,31,17.594740384615385,38.327045468376554,52,weekday,pv_kw
2,32,51.829340384615385,96.978074024430626,52,weekday,pv_kw
2,33,104.87235576923078,173.45129400783813,52,weekday,pv_kw
2,34,180.97148461538461,262.96158269952474,52,weekday,pv_kw
2,35,277.97467884615384,366.12972243546074,52,weekday,pv_kw
2,36,394.60168269230769,475.6974574554593,52,weekday,pv_kw
2,37,529.46679230769234,583.46669918194164,52,weekday,pv_kw
2,38,677.92535384615383,690.57899442285282,52,weekday,pv_kw
2,39,845.13461538461536,793.19580840386266,52,weekday,pv_kw
2,40,1041.2569653846153,885.62317730681661,52,weekday,pv_kw
2,41,1258.1450692307692,969.9352202016596,52,weekday,pv_kw
2,42,1500.8841346153847,1034.5452259436347,52,weekday,pv_kw
2,43,1783.4407307692309,1058.6897422535842,52,weekday,pv_kw
2,44,2084.3484788461537,1073.5083224549883,52,weekday,pv_kw
2,45,2390.5117788461539,1092.0316835328285,52,weekday,pv_kw
2,46,2700.1315076923079,1100.3532408050489,52,weekday,pv_kw
2,47,2998.9908653846151,1105.062837390637,52,weekday,pv_kw
2,48,3295.1271634615382,1104.923721450946,52,weekday,pv_kw
2,49,3607.8130000000001,1090.3160577998401,52,weekday,pv_kw
2,50,3901.1373153846152,1080.037170369684,52,weekday,pv_kw
2,51,4169.5882211538465,1084.1199206976657,52,weekday,pv_kw
2,52,4447.1560692307694,1087.946134024317,52,weekday,pv_kw
2,53,4746.6272903846157,1107.7243219206666,52,weekday,pv_kw
2,54,5045.1836538461539,1139.1330450465498,52,weekday,pv_kw
2,55,5306.451765384616,1168.1327108676855,52,weekday,pv_kw
2,56,5557.2778346153846,1173.8018046860898,52,weekday,pv_kw
2,57,5799.2473557692301,1142.2654601725856,52,weekday,pv_kw
2,58,6005.3145750000003,1090.8037100223892,52,weekday,pv_kw
2,59,6198.2184846153841,1075.2489720445949,52,weekday,pv_kw
2,60,6384.8668269230775,1097.7449872784118,52,weekday,pv_kw
2,61,6550.4436846153849,1074.1861848024205,52,weekday,pv_kw
2,62,6707.545523076923,1034.5717622309655,52,weekday,pv_kw
2,63,6861.7824519230771,1034.7067591043126,52,weekday,pv_kw
2,64,7002.1385653846146,1050.28063660155,52,weekday,pv_kw
2,65,7109.7017519230767,1037.4995200145147,52,weekday,pv_kw
2,66,7208.9495192307695,1024.6911190772053,52,weekday,pv_kw
2,67,7341.5719942307687,1060.2290003163123,52,weekday,pv_kw
2,68,7440.4242730769229,1092.5796976640963,52,weekday,pv_kw
2,69,7482.2560096153848,1110.6633007411824,52,weekday,pv_kw
2,70,7510.518317307693,1128.0414651019578,52,weekday,pv_kw
2,71,7548.4668903846159,1124.0455132867992,52,weekday,pv_kw
2,72,7599.8567307692301,1122.2117319091108,52,weekday,pv_kw
2,73,7646.5402557692305,1163.8165298239505,52,weekday,pv_kw
2,74,7639.8778249999996,1184.4719482840144,52,weekday,pv_kw
2,75,7579.6788461538463,1183.6336888075887,52,weekday,pv_kw
2,76,7507.8859576923078,1186.3960263895756,52,weekday,pv_kw
2,77,7412.6354692307696,1156.6843380479961,52,weekday,pv_kw
2,78,7298.6740384615387,1128.7562159184542,52,weekday,pv_kw
2,79,7186.6865596153848,1143.2610746680468,52,weekday,pv_kw
2,80,7040.9054673076917,1137.7532746572174,52,weekday,pv_kw
2,81,6868.0103365384612,1115.4839704091282,52,weekday,pv_kw
2,82,6714.1018615384619,1103.5996978616831,52,weekday,pv_kw
2,83,6556.4031326923077,1059.8670118413154,52,weekday,pv_kw
2,84,6377.6675480769236,1017.5557215202758,52,weekday,pv_kw
2,85,6180.6288480769235,1033.1716275005949,52,weekday,pv_kw
2,86,5955.2823173076922,1036.7028858177982,52,weekday,pv_kw
2,87,5707.2894230769225,1011.5361660600449,52,weekday,pv_kw
2,88,5457.4069903846157,1005.981006241152,52,weekday,pv_kw
2,89,5210.1024615384613,1016.3720306502199,52,weekday,pv_kw
2,90,4960.0903846153851,1022.4857426064331,52,weekday,pv_kw
2,91,4698.497363461539,1018.1583414954663,52,weekday,pv_kw
2,92,4424.0586923076926,1027.0952357798496,52,weekday,pv_kw
2,93,4139.2579326923078,1034.2272290751537,52,weekday,pv_kw
2,94,3850.0303038461539,1011.4902408913066,52,weekday,pv_kw
2,95,3567.9647192307693,1024.2988544783298,52,weekday,pv_kw
2,96,3283.0889423076924,1063.1365722204896,52,weekday,pv_kw
2,97,2973.8482288461537,1063.2158689018349,52,weekday,pv_kw
2,98,2663.2627807692306,1051.2500054912086,52,weekday,pv_kw
2,99,2364.9324519230768,1051.6163928204285,52,weekday,pv_kw
2,100,2072.7885730769231,1056.5690913753426,52,weekday,pv_kw
2,101,1785.7316211538459,1060.6402449113302,52,weekday,pv_kw
2,102,1512.739903846154,1044.7762768304451,52,weekday,pv_kw
2,103,1269.1422423076922,983.13051403231384,52,weekday,pv_kw
2,104,1050.3217,897.53834979965097,52,weekday,pv_kw
2,105,851.11081730769229,798.42567277426008,52,weekday,pv_kw
2,106,672.64260961538457,684.10108724532438,52,weekday,pv_kw
2,107,519.44565192307698,573.47462318130135,52,weekday,pv_kw
2,108,389.45913461538464,469.93434571628768,52,weekday,pv_kw
2,109,275.52006923076925,364.0954857658237,52,weekday,pv_kw
2,110,179.89201346153848,264.21906561626128,52,weekday,pv_kw
2,111,105.2798076923077,175.937340553925,52,weekday,pv_kw
2,112,52.889451923076919,100.18991588668874,52,weekday,pv_kw
2,113,18.316071153846153,40.141064236482158,52,weekday,pv_kw
2,114,0.24735576923076924,1.2413656116272795,52,weekday,pv_kw
2,115,0.22782115384615384,0.67553246082047891,52,weekday,pv_kw
2,116,0.60113461538461543,1.3105880878571963,52,weekday,pv_kw
2,117,0,0,52,weekday,pv_kw
2,118,0.016328846153846152,0.048509656756593668,52,weekday,pv_kw
2,119,0.043142307692307688,0.094103164803011202,52,weekday,pv_kw
2,120,0,0,52,weekday,pv_kw
2,121,0.0011346153846153847,0.0034940220441847338,52,weekday,pv_kw
2,122,0.0030807692307692311,0.0067668174945482969,52,weekday,pv_kw
2,123,0,0,52,weekday,pv_kw
2,124,4.0384615384615388e-05,0.00020413338140963503,52,weekday,pv_kw
2,125,0.0001826923076923077,0.00047926461389898858,52,weekday,pv_kw
2,126,0,0,52,weekday,pv_kw
2,127,0,0,52,weekday,pv_kw
2,128,0,0,52,weekday,pv_kw
2,129,0,0,52,weekday,pv_kw
2,130,0,0,52,weekday,pv_kw
2,131,0,0,52,weekday,pv_kw
2,132,0,0,52,weekday,pv_kw
2,133,0,0,52,weekday,pv_kw
2,134,0,0,52,weekday,pv_kw
2,135,0,0,52,weekday,pv_kw
2,136,0,0,52,weekday,pv_kw
2,137,0,0,52,weekday,pv_kw
2,138,0,0,52,weekday,pv_kw
2,139,0,0,52,weekday,pv_kw
2,140,0,0,52,weekday,pv_kw
2,141,0,0,52,weekday,pv_kw
2,142,0,0,52,weekday,pv_kw
2,143,0,0,52,weekday,pv_kw
2,144,0,0,52,weekday,pv_kw
3,1,0,0,53,weekday,pv_kw
3,2,0,0,53,weekday,pv_kw
3,3,0,0,53,weekday,pv_kw
3,4,0,0,53,weekday,pv_kw
3,5,0,0,53,weekday,pv_kw
3,6,0,0,53,weekday,pv_kw
3,7,0,0,53,weekday,pv_kw
3,8,0,0,53,weekday,pv_kw
3,9,0,0,53,weekday,pv_kw
3,10,0,0,53,weekday,pv_kw
3,11,0,0,53,weekday,pv_kw
3,12,0,0,53,weekday,pv_kw
3,13,0,0,53,weekday,pv_kw
3,14,0,0,53,weekday,pv_kw
3,15,0,0,53,weekday,pv_kw
3,16,0,0,53,weekday,pv_kw
3,17,0,0,53,weekday,pv_kw
3,18,0,0,53,weekday,pv_kw
3,19,0.00017169811320754717,0.00049122192951336473,53,weekday,pv_kw
3,20,0,0,53,weekday,pv_kw
3,21,0,0,53,weekday,pv_kw
3,22,0.0030830188679245281,0.0070254683897795021,53,weekday,pv_kw
3,23,0.001069811320754717,0.0033087637074000671,53,weekday,pv_kw
3,24,0,0,53,weekday,pv_kw
3,25,0.04342452830188679,0.097617049869651307,53,weekday,pv_kw
3,26,0.015607547169811322,0.045884721141710563,53,weekday,pv_kw
3,27,0,0,53,weekday,pv_kw
3,28,0.60529056603773579,1.3594274396094614,53,weekday,pv_kw
3,29,0.21761132075471698,0.63893418153274151,53,weekday,pv_kw
3,30,0.29292452830188681,1.4964089816451689,53,weekday,pv_kw
3,31,18.804383018867924,42.408606007760227,53,weekday,pv_kw
3,32,54.643524528301889,105.34077233442991,53,weekday,pv_kw
3,33,107.90448113207547,182.97583229731148,53,weekday,pv_kw
3,34,180.22435849056603,268.78401162449649,53,weekday,pv_kw
3,35,269.26549245283019,363.12191062520782,53,weekday,pv_kw
3,36,375.87948113207545,463.53401379151529,53,weekday,pv_kw
3,37,503.56655660377356,565.43915674975267,53,weekday,pv_kw
3,38,651.59421132075465,671.99161011147498,53,weekday,pv_kw
3,39,817.5099056603774,777.56212755102342,53,weekday,pv_kw
3,40,1001.4274509433963,865.47751019852387,53,weekday,pv_kw
3,41,1213.7987584905659,949.45379066658575,53,weekday,pv_kw
3,42,1458.8915094339623,1022.5057807833745,53,weekday,pv_kw
3,43,1731.3324320754716,1047.4567486715264,53,weekday,pv_kw
3,44,2013.6783716981131,1047.6181378288813,53,weekday,pv_kw
3,45,2307.1747641509432,1048.38498017455,53,weekday,pv_kw
3,46,2623.396590566038,1060.7010591418618,53,weekday,pv_kw
3,47,2942.9421037735851,1062.933936264134,53,weekday,pv_kw
3,48,3255.9481132075471,1055.5445148656488,53,weekday,pv_kw
3,49,3565.6104716981135,1056.8815292023478,53,weekday,pv_kw
3,50,3858.4655207547166,1052.2335372486359,53,weekday,pv_kw
3,51,4140.304952830189,1045.1234395698618,53,weekday,pv_kw
3,52,4428.5414943396227,1059.7426507951702,53,weekday,pv_kw
3,53,4694.8636849056602,1071.794069433038,53,weekday,pv_kw
3,54,4950.2568396226416,1075.1032158369353,53,weekday,pv_kw
3,55,5234.8818867924529,1099.0171542531737,53,weekday,pv_kw
3,56,5504.1188679245279,1137.4055415713999,53,weekday,pv_kw
3,57,5747.6886792452833,1164.3268503976346,53,weekday,pv_kw
3,58,5993.334767924528,1163.6165754106905,53,weekday,pv_kw
3,59,6199.3017377358483,1168.9627770573379,53,weekday,pv_kw
3,60,6369.4648584905663,1171.4358117712209,53,weekday,pv_kw
3,61,6550.4585603773585,1122.9614939910673,53,weekday,pv_kw
3,62,6707.5271471698115,1064.5318228091805,53,weekday,pv_kw
3,63,6831.7450471698112,1025.4441807463536,53,weekday,pv_kw
3,64,6954.0266660377365,1009.561500148874,53,weekday,pv_kw
3,65,7076.2801867924527,1013.5457133765041,53,weekday,pv_kw
3,66,7173.1082547169808,1022.7372450632488,53,weekday,pv_kw
3,67,7222.9050396226421,1010.5511559296473,53,weekday,pv_kw
3,68,7293.3422226415096,1004.4843418589714,53,weekday,pv_kw
3,69,7382.6363207547165,1004.4784356809168,53,weekday,pv_kw
3,70,7422.1836132075468,1008.8913245460466,53,weekday,pv_kw
3,71,7442.6484584905656,1032.3999512960283,53,weekday,pv_kw
3,72,7468.5014150943398,1063.4758215920756,53,weekday,pv_kw
3,73,7493.2789283018865,1117.1028385450629,53,weekday,pv_kw
3,74,7513.6877358490565,1148.9018765289923,53,weekday,pv_kw
3,75,7500.7252358490568,1134.1985845404772,53,weekday,pv_kw
3,76,7420.4257566037741,1115.619358117252,53,weekday,pv_kw
3,77,7324.0817075471696,1125.1993368356989,53,weekday,pv_kw
3,78,7232.1530660377357,1138.4321112330119,53,weekday,pv_kw
3,79,7117.1663566037732,1120.6490155490776,53,weekday,pv_kw
3,80,6971.0774320754717,1122.4314863496693,53,weekday,pv_kw
3,81,6823.0266509433959,1140.2274508490391,53,weekday,pv_kw
3,82,6706.2055415094346,1140.7883454295959,53,weekday,pv_kw
3,83,6546.9202377358497,1119.5945021593147,53,weekday,pv_kw
3,84,6333.4393867924528,1098.4904778021939,53,weekday,pv_kw
3,85,6124.4526584905652,1094.4882925805853,53,weekday,pv_kw
3,86,5906.014177358491,1078.568032100173,53,weekday,pv_kw
3,87,5686.2509433962259,1062.0839308703596,53,weekday,pv_kw
3,88,5491.1392000000005,1077.1082325916573,53,weekday,pv_kw
3,89,5257.4666660377361,1073.6137162444413,53,weekday,pv_kw
3,90,4996.0662735849055,1059.7533336217939,53,weekday,pv_kw
3,91,4773.9048339622641,1081.0363822159854,53,weekday,pv_kw
3,92,4500.6197094339623,1091.1286556599262,53,weekday,pv_kw
3,93,4166.3929245283025,1072.091132074047,53,weekday,pv_kw
3,94,3858.1020207547172,1068.9667771289191,53,weekday,pv_kw
3,95,3566.6266113207548,1085.4823150158982,53,weekday,pv_kw
3,96,3279.882311320755,1102.6740368327407,53,weekday,pv_kw
3,97,3001.1500603773584,1104.5155405040794,53,weekday,pv_kw
3,98,2707.2017188679247,1098.6130124879708,53,weekday,pv_kw
3,99,2401.7716981132075,1093.4986287905315,53,weekday,pv_kw
3,100,2109.8130735849059,1098.2155354402657,53,weekday,pv_kw
3,101,1807.8194377358491,1093.6954028296316,53,weekday,pv_kw
3,102,1505.4813679245283,1055.8803600414631,53,weekday,pv_kw
3,103,1246.7524075471699,970.91080559868828,53,weekday,pv_kw
3,104,1017.7167849056603,869.79664669336819,53,weekday,pv_kw
3,105,813.37712264150946,766.90106866597125,53,weekday,pv_kw
3,106,644.75728867924522,659.49116907639791,53,weekday,pv_kw
3,107,502.84984150943399,559.62165947042104,53,weekday,pv_kw
3,108,379.5070754716981,467.56618161042593,53,weekday,pv_kw
3,109,272.09739433962261,367.00012176794746,53,weekday,pv_kw
3,110,179.86378301886793,267.37954643039717,53,weekday,pv_kw
3,111,105.60919811320755,179.87367155104513,53,weekday,pv_kw
3,112,53.185932075471705,102.62346877332084,53,weekday,pv_kw
3,113,18.407545283018869,40.794973709376002,53,weekday,pv_kw
3,114,0.25117924528301888,1.2814229811722369,53,weekday,pv_kw
3,115,0.21812830188679247,0.65250005522468324,53,weekday,pv_kw
3,116,0.6020245283018868,1.3284091247262733,53,weekday,pv_kw
3,117,0,0,53,weekday,pv_kw
3,118,0.015641509433962263,0.046854847191833866,53,weekday,pv_kw
3,119,0.043186792452830185,0.095395117674083554,53,weekday,pv_kw
3,120,0,0,53,weekday,pv_kw
3,121,0.0010735849056603772,0.0033773083811381864,53,weekday,pv_kw
3,122,0.0030811320754716982,0.0068598345069680695,53,weekday,pv_kw
3,123,0,0,53,weekday,pv_kw
3,124,2.0754716981132076e-05,0.00015109662034355794,53,weekday,pv_kw
3,125,0.00016792452830188679,0.00048109393969355852,53,weekday,pv_kw
3,126,0,0,53,weekday,pv_kw
3,127,0,0,53,weekday,pv_kw
3,128,0,0,53,weekday,pv_kw
3,129,0,0,53,weekday,pv_kw
3,130,0,0,53,weekday,pv_kw
3,131,0,0,53,weekday,pv_kw
3,132,0,0,53,weekday,pv_kw
3,133,0,0,53,weekday,pv_kw
3,134,0,0,53,weekday,pv_kw
3,135,0,0,53,weekday,pv_kw
3,136,0,0,53,weekday,pv_kw
3,137,0,0,53,weekday,pv_kw
3,138,0,0,53,weekday,pv_kw
3,139,0,0,53,weekday,pv_kw
3,140,0,0,53,weekday,pv_kw
3,141,0,0,53,weekday,pv_kw
3,142,0,0,53,weekday,pv_kw
3,143,0,0,53,weekday,pv_kw
3,144,0,0,53,weekday,pv_kw
4,1,0,0,52,weekday,pv_kw
4,2,0,0,52,weekday,pv_kw
4,3,0,0,52,weekday,pv_kw
4,4,0,0,52,weekday,pv_kw
4,5,0,0,52,weekday,pv_kw
4,6,0,0,52,weekday,pv_kw
4,7,0,0,52,weekday,pv_kw
4,8,0,0,52,weekday,pv_kw
4,9,0,0,52,weekday,pv_kw
4,10,0,0,52,weekday,pv_kw
4,11,0,0,52,weekday,pv_kw
4,12,0,0,52,weekday,pv_kw
4,13,0,0,52,weekday,pv_kw
4,14,0,0,52,weekday,pv_kw
4,15,0,0,52,weekday,pv_kw
4,16,0,0,52,weekday,pv_kw
4,17,0,0,52,weekday,pv_kw
4,18,0,0,52,weekday,pv_kw
4,19,0.00018653846153846154,0.00048950909629387831,52,weekday,pv_kw
4,20,4.2307692307692307e-05,0.00021360230027966983,52,weekday,pv_kw
4,21,0,0,52,weekday,pv_kw
4,22,0.0030903846153846155,0.0068874213170235232,52,weekday,pv_kw
4,23,0.001173076923076923,0.0036354526316683148,52,weekday,pv_kw
4,24,0,0,52,weekday,pv_kw
4,25,0.043328846153846148,0.095880465483786814,52,weekday,pv_kw
4,26,0.016711538461538462,0.050480870591006477,52,weekday,pv_kw
4,27,0,0,52,weekday,pv_kw
4,28,0.603676923076923,1.3353739311247628,52,weekday,pv_kw
4,29,0.23313846153846154,0.70306687745759922,52,weekday,pv_kw
4,30,0.27764423076923078,1.3477157884497204,52,weekday,pv_kw
4,31,18.799057692307692,41.266625943212247,52,weekday,pv_kw
4,32,55.396636538461543,103.93974184675942,52,weekday,pv_kw
4,33,110.69278846153846,183.97989790464442,52,weekday,pv_kw
4,34,186.01587307692307,273.24023158228664,52,weekday,pv_kw
4,35,279.47414423076924,372.46417334318386,52,weekday,pv_kw
4,36,392.14471153846159,478.94118663931374,52,weekday,pv_kw
4,37,525.45934230769228,585.38608176223693,52,weekday,pv_kw
4,38,675.4764076923077,687.89469737597506,52,weekday,pv_kw
4,39,844.08389423076926,786.34108019847156,52,weekday,pv_kw
4,40,1038.6025038461539,878.6991656750339,52,weekday,pv_kw
4,41,1264.110526923077,965.5156921458838,52,weekday,pv_kw
4,42,1521.0353365384615,1035.5233321642852,52,weekday,pv_kw
4,43,1802.4369480769233,1056.0042426192565,52,weekday,pv_kw
4,44,2092.3831115384614,1056.9657135128787,52,weekday,pv_kw
4,45,2383.5858173076927,1055.8229728772355,52,weekday,pv_kw
4,46,2674.3698384615386,1047.8285107282438,52,weekday,pv_kw
4,47,2954.3967057692307,1040.0903072100491,52,weekday,pv_kw
4,48,3240.8862980769231,1041.143523491811,52,weekday,pv_kw
4,49,3559.8775346153848,1047.2389138422934,52,weekday,pv_kw
4,50,3856.7659576923079,1052.9592983571936,52,weekday,pv_kw
4,51,4132.3002403846149,1053.0701570478434,52,weekday,pv_kw
4,52,4438.9989846153849,1048.3500061395616,52,weekday,pv_kw
4,53,4735.625067307692,1050.9036635507453,52,weekday,pv_kw
4,54,5014.2584134615381,1063.6488560320281,52,weekday,pv_kw
4,55,5307.1258826923067,1070.0372165722174,52,weekday,pv_kw
4,56,5578.5426442307689,1083.8381396726318,52,weekday,pv_kw
4,57,5817.4846153846156,1098.8627355798035,52,weekday,pv_kw
4,58,6046.101584615385,1096.6279913066212,52,weekday,pv_kw
4,59,6251.2909153846158,1097.8340356159254,52,weekday,pv_kw
4,60,6436.5656249999993,1099.3147137152766,52,weekday,pv_kw
4,61,6620.5657269230769,1079.0401573614806,52,weekday,pv_kw
4,62,6780.8201961538452,1072.5605591758647,52,weekday,pv_kw
4,63,6928.748076923077,1090.8664794309082,52,weekday,pv_kw
4,64,7099.8174057692313,1084.4055847121156,52,weekday,pv_kw
4,65,7250.106234615384,1072.6492764648842,52,weekday,pv_kw
4,66,7365.9425480769232,1065.0827691280629,52,weekday,pv_kw
4,67,7473.4527903846156,1076.0105052376107,52,weekday,pv_kw
4,68,7556.7613000000001,1103.7901999770986,52,weekday,pv_kw
4,69,7615.0485576923083,1116.4262363996143,52,weekday,pv_kw
4,70,7661.0047807692308,1121.7696202391053,52,weekday,pv_kw
4,71,7659.7632653846149,1129.8571924157889,52,weekday,pv_kw
4,72,7629.2242788461535,1146.1774632452461,52,weekday,pv_kw
4,73,7630.7987461538469,1141.4403015694731,52,weekday,pv_kw
4,74,7640.107630769231,1120.6227668094659,52,weekday,pv_kw
4,75,7609.2439903846152,1119.1233679067363,52,weekday,pv_kw
4,76,7516.2084096153849,1137.1128081280835,52,weekday,pv_kw
4,77,7443.115476923077,1140.8810491280951,52,weekday,pv_kw
4,78,7384.7495192307688,1107.0207004751094,52,weekday,pv_kw
4,79,7261.6985807692308,1086.4086240907448,52,weekday,pv_kw
4,80,7146.4226230769227,1082.197539314644,52,weekday,pv_kw
4,81,7040.5463942307688,1081.5145344606383,52,weekday,pv_kw
4,82,6866.2539115384616,1089.8762223291401,52,weekday,pv_kw
4,83,6666.4314634615384,1091.3035643326568,52,weekday,pv_kw
4,84,6475.9600961538463,1081.5439099890045,52,weekday,pv_kw
4,85,6282.9924326923074,1073.1096730243005,52,weekday,pv_kw
4,86,6048.8820807692309,1048.157987065473,52,weekday,pv_kw
4,87,5786.8276442307688,1028.0032344376725,52,weekday,pv_kw
4,88,5547.0067423076925,1059.0228948520869,52,weekday,pv_kw
4,89,5296.7066269230763,1070.1124502224995,52,weekday,pv_kw
4,90,5019.1968749999996,1044.4976242794714,52,weekday,pv_kw
4,91,4735.0921653846153,1042.7642641801963,52,weekday,pv_kw
4,92,4463.9320673076927,1057.2524326117343,52,weekday,pv_kw
4,93,4199.9762019230775,1070.9790519204034,52,weekday,pv_kw
4,94,3918.4596134615381,1067.7580628910025,52,weekday,pv_kw
4,95,3616.9650557692312,1049.2115459763334,52,weekday,pv_kw
4,96,3299.9170673076924,1037.3840483045067,52,weekday,pv_kw
4,97,2974.6811769230771,1038.6268965350851,52,weekday,pv_kw
4,98,2656.1187499999996,1039.1004462735673,52,weekday,pv_kw
4,99,2353.443028846154,1035.1324276290688,52,weekday,pv_kw
4,100,2063.4830076923076,1034.9496201009126,52,weekday,pv_kw
4,101,1765.4800134615384,1027.7641754294407,52,weekday,pv_kw
4,102,1477.6766826923076,1001.5534278428216,52,weekday,pv_kw
4,103,1244.8656307692308,953.90428505679586,52,weekday,pv_kw
4,104,1035.1407865384615,880.46788948777771,52,weekday,pv_kw
4,105,834.69302884615377,780.67925011029877,52,weekday,pv_kw
4,106,662.45820576923074,673.87087806981981,52,weekday,pv_kw
4,107,514.54571730769226,569.76201902586536,52,weekday,pv_kw
4,108,385.18846153846152,468.27574435398941,52,weekday,pv_kw
4,109,274.39159230769235,365.69156448325481,52,weekday,pv_kw
4,110,182.56593269230768,269.18585771345948,52,weekday,pv_kw
4,111,109.49783653846154,182.53231785972142,52,weekday,pv_kw
4,112,55.167363461538457,104.11653904692668,52,weekday,pv_kw
4,113,18.766348076923077,41.552342774311988,52,weekday,pv_kw
4,114,0.26754807692307692,1.3075437692205953,52,weekday,pv_kw
4,115,0.23265384615384616,0.695509826113342,52,weekday,pv_kw
4,116,0.60624230769230769,1.3532410531678694,52,weekday,pv_kw
4,117,0,0,52,weekday,pv_kw
4,118,0.016676923076923075,0.049949518105526891,52,weekday,pv_kw
4,119,0.04350961538461539,0.097160643730088828,52,weekday,pv_kw
4,120,0,0,52,weekday,pv_kw
4,121,0.0011692307692307692,0.0035960511273349879,52,weekday,pv_kw
4,122,0.0031038461538461536,0.0069788746083732358,52,weekday,pv_kw
4,123,0,0,52,weekday,pv_kw
4,124,2.1153846153846154e-05,0.00015254255396193801,52,weekday,pv_kw
4,125,0.00019423076923076921,0.00050542680916908992,52,weekday,pv_kw
4,126,0,0,52,weekday,pv_kw
4,127,0,0,52,weekday,pv_kw
4,128,0,0,52,weekday,pv_kw
4,129,0,0,52,weekday,pv_kw
4,130,0,0,52,weekday,pv_kw
4,131,0,0,52,weekday,pv_kw
4,132,0,0,52,weekday,pv_kw
4,133,0,0,52,weekday,pv_kw
4,134,0,0,52,weekday,pv_kw
4,135,0,0,52,weekday,pv_kw
4,136,0,0,52,weekday,pv_kw
4,137,0,0,52,weekday,pv_kw
4,138,0,0,52,weekday,pv_kw
4,139,0,0,52,weekday,pv_kw
4,140,0,0,52,weekday,pv_kw
4,141,0,0,52,weekday,pv_kw
4,142,0,0,52,weekday,pv_kw
4,143,0,0,52,weekday,pv_kw
4,144,0,0,52,weekday,pv_kw
5,1,0,0,52,weekday,pv_kw
5,2,0,0,52,weekday,pv_kw
5,3,0,0,52,weekday,pv_kw
5,4,0,0,52,weekday,pv_kw
5,5,0,0,52,weekday,pv_kw
5,6,0,0,52,weekday,pv_kw
5,7,0,0,52,weekday,pv_kw
5,8,0,0,52,weekday,pv_kw
5,9,0,0,52,weekday,pv_kw
5,10,0,0,52,weekday,pv_kw
5,11,0,0,52,weekday,pv_kw
5,12,0,0,52,weekday,pv_kw
5,13,0,0,52,weekday,pv_kw
5,14,0,0,52,weekday,pv_kw
5,15,0,0,52,weekday,pv_kw
5,16,0,0,52,weekday,pv_kw
5,17,0,0,52,weekday,pv_kw
5,18,0,0,52,weekday,pv_kw
5,19,0.00017692307692307693,0.00046044112889977987,52,weekday,pv_kw
5,20,4.9999999999999996e-05,0.0002555271368114526,52,weekday,pv_kw
5,21,0,0,52,weekday,pv_kw
5,22,0.0029750000000000002,0.0065747548973923214,52,weekday,pv_kw
5,23,0.0011903846153846153,0.0039518305321778148,52,weekday,pv_kw
5,24,0,0,52,weekday,pv_kw
5,25,0.041690384615384615,0.091494078367508336,52,weekday,pv_kw
5,26,0.01698076923076923,0.054986269367947899,52,weekday,pv_kw
5,27,0,0,52,weekday,pv_kw
5,28,0.58095961538461538,1.2742526211292449,52,weekday,pv_kw
5,29,0.23697307692307695,0.76583217946497417,52,weekday,pv_kw
5,30,0.29278846153846155,1.3798185314976217,52,weekday,pv_kw
5,31,18.221851923076922,39.952432764370734,52,weekday,pv_kw
5,32,53.630140384615387,100.76201495131353,52,weekday,pv_kw
5,33,108.32091346153847,178.87613383126001,52,weekday,pv_kw
5,34,184.32416923076923,268.68646835839223,52,weekday,pv_kw
5,35,278.69164807692312,371.76404449199129,52,weekday,pv_kw
5,36,388.28509615384615,476.76806208548146,52,weekday,pv_kw
5,37,512.07777499999997,571.67674034967547,52,weekday,pv_kw
5,38,661.83674615384609,675.74415078850211,52,weekday,pv_kw
5,39,839.301923076923,785.55286146246476,52,weekday,pv_kw
5,40,1035.2873711538462,877.52305304291929,52,weekday,pv_kw
5,41,1252.0382038461537,964.5915176626803,52,weekday,pv_kw
5,42,1503.375,1037.8405859821462,52,weekday,pv_kw
5,43,1797.1215923076923,1071.8935110483087,52,weekday,pv_kw
5,44,2093.9809384615382,1081.4298641982798,52,weekday,pv_kw
5,45,2380.0536057692307,1080.5085862666406,52,weekday,pv_kw
5,46,2672.113425,1073.0116974460507,52,weekday,pv_kw
5,47,2970.3261288461536,1062.5933626612414,52,weekday,pv_kw
5,48,3270.0778846153844,1051.3045457673404,52,weekday,pv_kw
5,49,3568.0780000000004,1046.8136567559686,52,weekday,pv_kw
5,50,3867.0456596153845,1065.5238531925481,52,weekday,pv_kw
5,51,4165.2504807692303,1092.1828528905075,52,weekday,pv_kw
5,52,4453.5393230769232,1083.5116989412816,52,weekday,pv_kw
5,53,4717.7177711538461,1073.9427464540074,52,weekday,pv_kw
5,54,4961.3033653846151,1074.0914964555209,52,weekday,pv_kw
5,55,5207.9007538461537,1071.3131529248421,52,weekday,pv_kw
5,56,5483.6782384615381,1091.1354712031209,52,weekday,pv_kw
5,57,5766.1499999999996,1107.5360523859074,52,weekday,pv_kw
5,58,6002.5983673076926,1060.2546562843972,52,weekday,pv_kw
5,59,6215.1747980769233,1025.1980349161497,52,weekday,pv_kw
5,60,6432.7146634615383,1032.6651446784824,52,weekday,pv_kw
5,61,6656.8848769230772,1038.9690650498144,52,weekday,pv_kw
5,62,6833.8312442307697,1046.99840600523,52,weekday,pv_kw
5,63,6961.0572115384612,1072.1083894778947,52,weekday,pv_kw
5,64,7090.9092596153841,1107.8389149023626,52,weekday,pv_kw
5,65,7233.3771846153841,1103.6989142600464,52,weekday,pv_kw
5,66,7356.8877403846145,1058.6697552509718,52,weekday,pv_kw
5,67,7422.1154461538454,1027.1540626607054,52,weekday,pv_kw
5,68,7478.2217211538464,1048.8078443671329,52,weekday,pv_kw
5,69,7561.8295673076927,1107.2007872848305,52,weekday,pv_kw
5,70,7657.4105057692304,1153.0194548709867,52,weekday,pv_kw
5,71,7685.6042538461534,1154.5385982480345,52,weekday,pv_kw
5,72,7660.7653846153844,1155.424540861007,52,weekday,pv_kw
5,73,7673.7189000000008,1221.2227366819575,52,weekday,pv_kw
5,74,7685.459992307693,1255.5800413841264,52,weekday,pv_kw
5,75,7656.1146634615388,1225.6388356767761,52,weekday,pv_kw
5,76,7586.0734269230761,1208.0440169215417,52,weekday,pv_kw
5,77,7504.7930499999993,1182.3131502904255,52,weekday,pv_kw
5,78,7429.6485576923069,1163.2711008762776,52,weekday,pv_kw
5,79,7346.5566576923075,1171.8172758784506,52,weekday,pv_kw
5,80,7195.7437980769228,1172.4311400417746,52,weekday,pv_kw
5,81,7001.5629807692312,1167.7224809955117,52,weekday,pv_kw
5,82,6852.5093749999996,1178.4922432003859,52,weekday,pv_kw
5,83,6713.7634288461541,1197.2831088288917,52,weekday,pv_kw
5,84,6552.2733173076931,1201.7715180819398,52,weekday,pv_kw
5,85,6363.6025903846157,1190.3166108122311,52,weekday,pv_kw
5,86,6124.9824846153842,1171.4652358241683,52,weekday,pv_kw
5,87,5849.2406250000004,1156.6122257546674,52,weekday,pv_kw
5,88,5578.6207961538457,1155.102491105971,52,weekday,pv_kw
5,89,5311.0760403846152,1127.0988740555754,52,weekday,pv_kw
5,90,5038.5367788461535,1085.6394871656148,52,weekday,pv_kw
5,91,4759.8181384615391,1078.1526047606069,52,weekday,pv_kw
5,92,4478.9420961538463,1087.7979935289809,52,weekday,pv_kw
5,93,4193.2269230769225,1084.7694488504089,52,weekday,pv_kw
5,94,3898.0985288461534,1065.6395073683109,52,weekday,pv_kw
5,95,3612.0138769230766,1065.064663458016,52,weekday,pv_kw
5,96,3332.4454326923078,1083.3211478312478,52,weekday,pv_kw
5,97,3035.5644076923077,1080.4198688067147,52,weekday,pv_kw
5,98,2720.1053749999996,1068.811287595734,52,weekday,pv_kw
5,99,2400.970673076923,1062.1598256649731,52,weekday,pv_kw
5,100,2095.3858269230768,1055.443934596366,52,weekday,pv_kw
5,101,1790.4496192307693,1046.3411915935278,52,weekday,pv_kw
5,102,1499.9574519230771,1023.0326581014078,52,weekday,pv_kw
5,103,1258.9876538461538,967.32227666740937,52,weekday,pv_kw
5,104,1040.9945134615384,879.65130895745756,52,weekday,pv_kw
5,105,837.17884615384617,774.12132220094713,52,weekday,pv_kw
5,106,667.00039807692315,672.27050639771221,52,weekday,pv_kw
5,107,521.16609230769234,573.24160001352084,52,weekday,pv_kw
5,108,391.33124999999995,472.50585485985067,52,weekday,pv_kw
5,109,279.03685769230771,368.55511620884954,52,weekday,pv_kw
5,110,185.00365576923076,269.86537299807395,52,weekday,pv_kw
5,111,109.41274038461538,182.57158608918979,52,weekday,pv_kw
5,112,54.81622307692308,103.9864731954238,52,weekday,pv_kw
5,113,18.871911538461539,40.934292384209378,52,weekday,pv_kw
5,114,0.26754807692307692,1.1813586282021229,52,weekday,pv_kw
5,115,0.22858846153846152,0.72645190377044522,52,weekday,pv_kw
5,116,0.60691153846153845,1.3243153817926034,52,weekday,pv_kw
5,117,0,0,52,weekday,pv_kw
5,118,0.016369230769230771,0.052170852573254073,52,weekday,pv_kw
5,119,0.043551923076923078,0.095096010288023392,52,weekday,pv_kw
5,120,0,0,52,weekday,pv_kw
5,121,0.0011519230769230769,0.0037574235219600383,52,weekday,pv_kw
5,122,0.0031038461538461541,0.0068349150213017499,52,weekday,pv_kw
5,123,0,0,52,weekday,pv_kw
5,124,4.8076923076923077e-05,0.00024454069360652959,52,weekday,pv_kw
5,125,0.00018653846153846154,0.000484273802862351,52,weekday,pv_kw
5,126,0,0,52,weekday,pv_kw
5,127,0,0,52,weekday,pv_kw
5,128,0,0,52,weekday,pv_kw
5,129,0,0,52,weekday,pv_kw
5,130,0,0,52,weekday,pv_kw
5,131,0,0,52,weekday,pv_kw
5,132,0,0,52,weekday,pv_kw
5,133,0,0,52,weekday,pv_kw
5,134,0,0,52,weekday,pv_kw
5,135,0,0,52,weekday,pv_kw
5,136,0,0,52,weekday,pv_kw
5,137,0,0,52,weekday,pv_kw
5,138,0,0,52,weekday,pv_kw
5,139,0,0,52,weekday,pv_kw
5,140,0,0,52,weekday,pv_kw
5,141,0,0,52,weekday,pv_kw
5,142,0,0,52,weekday,pv_kw
5,143,0,0,52,weekday,pv_kw
5,144,0,0,52,weekday,pv_kw
6,1,0,0,52,weekday,pv_kw
6,2,0,0,52,weekday,pv_kw
6,3,0,0,52,weekday,pv_kw
6,4,0,0,52,weekday,pv_kw
6,5,0,0,52,weekday,pv_kw
6,6,0,0,52,weekday,pv_kw
6,7,0,0,52,weekday,pv_kw
6,8,0,0,52,weekday,pv_kw
6,9,0,0,52,weekday,pv_kw
6,10,0,0,52,weekday,pv_kw
6,11,0,0,52,weekday,pv_kw
6,12,0,0,52,weekday,pv_kw
6,13,0,0,52,weekday,pv_kw
6,14,0,0,52,weekday,pv_kw
6,15,0,0,52,weekday,pv_kw
6,16,0,0,52,weekday,pv_kw
6,17,0,0,52,weekday,pv_kw
6,18,0,0,52,weekday,pv_kw
6,19,0.00019423076923076921,0.00050309374698000067,52,weekday,pv_kw
6,20,5.7692307692307691e-05,0.00029127586401773157,52,weekday,pv_kw
6,21,0,0,52,weekday,pv_kw
6,22,0.0031365384615384614,0.0070592736627467919,52,weekday,pv_kw
6,23,0.001198076923076923,0.004199742773851255,52,weekday,pv_kw
6,24,0,0,52,weekday,pv_kw
6,25,0.044407692307692308,0.098131062512663389,52,weekday,pv_kw
6,26,0.016953846153846156,0.058421344680936668,52,weekday,pv_kw
6,27,0,0,52,weekday,pv_kw
6,28,0.61882692307692311,1.3666578714851454,52,weekday,pv_kw
6,29,0.2367403846153846,0.81345017256071994,52,weekday,pv_kw
6,30,0.28269230769230769,1.2245301065716812,52,weekday,pv_kw
6,31,19.24708076923077,41.86268766756119,52,weekday,pv_kw
6,32,55.304080769230765,104.57973386170343,52,weekday,pv_kw
6,33,110.4403846153846,183.23398792186762,52,weekday,pv_kw
6,34,186.79075961538462,271.42795621081001,52,weekday,pv_kw
6,35,278.90816153846157,366.06077784713443,52,weekday,pv_kw
6,36,390.41899038461543,469.19957544979684,52,weekday,pv_kw
6,37,530.91020000000003,582.14628958738308,52,weekday,pv_kw
6,38,694.24294038461528,701.48930145785698,52,weekday,pv_kw
6,39,874.7617788461539,817.87088809045349,52,weekday,pv_kw
6,40,1071.6235826923078,917.94289471409832,52,weekday,pv_kw
6,41,1290.4181423076921,1006.3249669446224,52,weekday,pv_kw
6,42,1540.8454326923077,1073.3662484915913,52,weekday,pv_kw
6,43,1823.6465346153846,1095.1310761910695,52,weekday,pv_kw
6,44,2106.1301903846152,1089.22824187581,52,weekday,pv_kw
6,45,2389.3557692307691,1084.2207621547316,52,weekday,pv_kw
6,46,2698.8729326923076,1097.4349259811941,52,weekday,pv_kw
6,47,3002.4079519230772,1091.4531150839393,52,weekday,pv_kw
6,48,3301.898076923077,1077.3680096964581,52,weekday,pv_kw
6,49,3627.8401288461537,1100.036943881458,52,weekday,pv_kw
6,50,3931.0990442307693,1107.1797072579041,52,weekday,pv_kw
6,51,4199.7165865384613,1088.3891835785996,52,weekday,pv_kw
6,52,4467.4213961538462,1066.862639616766,52,weekday,pv_kw
6,53,4721.6077423076922,1066.0407183596378,52,weekday,pv_kw
6,54,4969.654326923077,1083.6150283002335,52,weekday,pv_kw
6,55,5237.1318288461534,1096.871567919746,52,weekday,pv_kw
6,56,5494.6417980769229,1107.2576309275773,52,weekday,pv_kw
6,57,5722.9838942307688,1125.1888455288522,52,weekday,pv_kw
6,58,5931.4255403846146,1134.5143511248805,52,weekday,pv_kw
6,59,6144.5012980769234,1149.6751905226142,52,weekday,pv_kw
6,60,6357.8221153846152,1171.1847632856841,52,weekday,pv_kw
6,61,6543.7873942307688,1172.3053341153429,52,weekday,pv_kw
6,62,6712.1027846153847,1145.0222863701745,52,weekday,pv_kw
6,63,6888.040384615384,1117.3038696286269,52,weekday,pv_kw
6,64,7083.6524711538459,1129.9015122221742,52,weekday,pv_kw
6,65,7237.8385538461534,1150.8640831750597,52,weekday,pv_kw
6,66,7345.2850961538461,1173.2744921309079,52,weekday,pv_kw
6,67,7452.0648057692306,1210.5500069173568,52,weekday,pv_kw
6,68,7516.3145884615378,1177.932508037816,52,weekday,pv_kw
6,69,7543.4048076923073,1143.425482927099,52,weekday,pv_kw
6,70,7590.3222980769224,1195.4423124853872,52,weekday,pv_kw
6,71,7640.848951923077,1232.4274493737234,52,weekday,pv_kw
6,72,7670.1144230769232,1204.8268825673724,52,weekday,pv_kw
6,73,7671.9926230769233,1167.4604947297325,52,weekday,pv_kw
6,74,7671.7249038461541,1163.7294080335698,52,weekday,pv_kw
6,75,7658.2622596153851,1178.8526518536639,52,weekday,pv_kw
6,76,7595.8720634615393,1169.0704037878577,52,weekday,pv_kw
6,77,7522.7860096153845,1143.5326919948075,52,weekday,pv_kw
6,78,7419.4867788461543,1116.3874669197185,52,weekday,pv_kw
6,79,7230.2756365384612,1093.3855721215627,52,weekday,pv_kw
6,80,7056.2714923076919,1075.6494666930514,52,weekday,pv_kw
6,81,6916.8980769230775,1070.7663238123853,52,weekday,pv_kw
6,82,6736.5078711538463,1097.79190322569,52,weekday,pv_kw
6,83,6544.0306326923073,1111.1625093565713,52,weekday,pv_kw
6,84,6347.9141826923069,1091.1851541865335,52,weekday,pv_kw
6,85,6126.5996634615385,1056.9441855075552,52,weekday,pv_kw
6,86,5926.7447596153843,1038.8347416576253,52,weekday,pv_kw
6,87,5730.3807692307691,1041.9680253307451,52,weekday,pv_kw
6,88,5472.2432019230764,1036.6947782934583,52,weekday,pv_kw
6,89,5222.2580788461537,1029.9944917761459,52,weekday,pv_kw
6,90,4983.669951923077,1023.1186532025514,52,weekday,pv_kw
6,91,4693.8393153846155,1014.4582625882183,52,weekday,pv_kw
6,92,4427.2118903846149,1034.7036628784911,52,weekday,pv_kw
6,93,4181.9459134615381,1066.2553226303291,52,weekday,pv_kw
6,94,3879.7674423076924,1051.496622865079,52,weekday,pv_kw
6,95,3579.7040192307691,1049.3621297485063,52,weekday,pv_kw
6,96,3293.035817307692,1062.0661571268276,52,weekday,pv_kw
6,97,2972.6346923076921,1050.5161361567179,52,weekday,pv_kw
6,98,2668.1348730769232,1052.2825014095431,52,weekday,pv_kw
6,99,2390.4951923076924,1075.9365094636285,52,weekday,pv_kw
6,100,2098.3476788461539,1078.3448738651045,52,weekday,pv_kw
6,101,1796.4330211538461,1064.422374649979,52,weekday,pv_kw
6,102,1508.3307692307692,1031.4936856037111,52,weekday,pv_kw
6,103,1258.7749538461537,966.26533582440516,52,weekday,pv_kw
6,104,1040.9289211538462,883.25186744509756,52,weekday,pv_kw
6,105,848.578125,792.00925510812704,52,weekday,pv_kw
6,106,682.82339038461532,694.06982998898411,52,weekday,pv_kw
6,107,530.05528846153845,586.73987510962627,52,weekday,pv_kw
6,108,390.12115384615385,473.69510249299429,52,weekday,pv_kw
6,109,277.62379999999996,367.82430079048112,52,weekday,pv_kw
6,110,185.92495769230769,271.69054948851772,52,weekday,pv_kw
6,111,110.63221153846153,184.43970530183279,52,weekday,pv_kw
6,112,55.398699999999998,105.6287008520254,52,weekday,pv_kw
6,113,19.045475,42.018863322946999,52,weekday,pv_kw
6,114,0.2985576923076923,1.2994829614868255,52,weekday,pv_kw
6,115,0.22647307692307692,0.73558463399580287,52,weekday,pv_kw
6,116,0.60530769230769232,1.3579156538890489,52,weekday,pv_kw
6,117,0,0,52,weekday,pv_kw
6,118,0.016236538461538462,0.052822611130143263,52,weekday,pv_kw
6,119,0.043417307692307686,0.097508000116539137,52,weekday,pv_kw
6,120,0,0,52,weekday,pv_kw
6,121,0.0011423076923076923,0.0037966624225137403,52,weekday,pv_kw
6,122,0.0030730769230769232,0.0070193602128604546,52,weekday,pv_kw
6,123,0,0,52,weekday,pv_kw
6,124,5.1923076923076928e-05,0.00026233520288497281,52,weekday,pv_kw
6,125,0.00019038461538461538,0.00049478044859077878,52,weekday,pv_kw
6,126,0,0,52,weekday,pv_kw
6,127,0,0,52,weekday,pv_kw
6,128,0,0,52,weekday,pv_kw
6,129,0,0,52,weekday,pv_kw
6,130,0,0,52,weekday,pv_kw
6,131,0,0,52,weekday,pv_kw
6,132,0,0,52,weekday,pv_kw
6,133,0,0,52,weekday,pv_kw
6,134,0,0,52,weekday,pv_kw
6,135,0,0,52,weekday,pv_kw
6,136,0,0,52,weekday,pv_kw
6,137,0,0,52,weekday,pv_kw
6,138,0,0,52,weekday,pv_kw
6,139,0,0,52,weekday,pv_kw
6,140,0,0,52,weekday,pv_kw
6,141,0,0,52,weekday,pv_kw
6,142,0,0,52,weekday,pv_kw
6,143,0,0,52,weekday,pv_kw
6,144,0,0,52,weekday,pv_kw
7,1,0,0,52,weekday,pv_kw
7,2,0,0,52,weekday,pv_kw
7,3,0,0,52,weekday,pv_kw
7,4,0,0,52,weekday,pv_kw
7,5,0,0,52,weekday,pv_kw
7,6,0,0,52,weekday,pv_kw
7,7,0,0,52,weekday,pv_kw
7,8,0,0,52,weekday,pv_kw
7,9,0,0,52,weekday,pv_kw
7,10,0,0,52,weekday,pv_kw
7,11,0,0,52,weekday,pv_kw
7,12,0,0,52,weekday,pv_kw
7,13,0,0,52,weekday,pv_kw
7,14,0,0,52,weekday,pv_kw
7,15,0,0,52,weekday,pv_kw
7,16,0,0,52,weekday,pv_kw
7,17,0,0,52,weekday,pv_kw
7,18,0,0,52,weekday,pv_kw
7,19,0.00019999999999999998,0.00051715663042462944,52,weekday,pv_kw
7,20,5.7692307692307691e-05,0.00029194825880970949,52,weekday,pv_kw
7,21,0,0,52,weekday,pv_kw
7,22,0.0031846153846153847,0.0072529746329103488,52,weekday,pv_kw
7,23,0.0012653846153846153,0.0043173105560528916,52,weekday,pv_kw
7,24,0,0,52,weekday,pv_kw
7,25,0.045071153846153851,0.10081102168294984,52,weekday,pv_kw
7,26,0.017876923076923075,0.060071188537498516,52,weekday,pv_kw
7,27,0,0,52,weekday,pv_kw
7,28,0.62822499999999992,1.4039118964137873,52,weekday,pv_kw
7,29,0.24982307692307693,0.83637613749949991,52,weekday,pv_kw
7,30,0.33605769230769234,1.5587212225242557,52,weekday,pv_kw
7,31,19.801453846153848,43.806955653731805,52,weekday,pv_kw
7,32,57.038907692307696,108.162462965554,52,weekday,pv_kw
7,33,113.34807692307693,188.11454717205913,52,weekday,pv_kw
7,34,188.97357115384617,277.62482079011323,52,weekday,pv_kw
7,35,281.93290769230771,376.30808081051055,52,weekday,pv_kw
7,36,394.12283653846157,482.31633843041112,52,weekday,pv_kw
7,37,526.65152692307697,589.69419074756183,52,weekday,pv_kw
7,38,673.42001153846161,689.58636613427154,52,weekday,pv_kw
7,39,842.54350961538455,786.23807093919163,52,weekday,pv_kw
7,40,1047.7389269230769,887.12876377130647,52,weekday,pv_kw
7,41,1270.8656249999999,977.7682552520788,52,weekday,pv_kw
7,42,1516.3420673076923,1043.3347631055856,52,weekday,pv_kw
7,43,1804.3457500000002,1076.6665101935275,52,weekday,pv_kw
7,44,2109.7341634615386,1092.4532828889355,52,weekday,pv_kw
7,45,2407.4884615384613,1094.5243650851216,52,weekday,pv_kw
7,46,2692.5803134615385,1083.9548809986409,52,weekday,pv_kw
7,47,3000.3666134615387,1087.9071556048577,52,weekday,pv_kw
7,48,3319.8151442307694,1103.2634063462356,52,weekday,pv_kw
7,49,3606.4186211538463,1098.0985725699204,52,weekday,pv_kw
7,50,3904.9148403846152,1080.5347560134633,52,weekday,pv_kw
7,51,4228.6399038461541,1065.8986464959751,52,weekday,pv_kw
7,52,4543.5976788461539,1059.8729149571575,52,weekday,pv_kw
7,53,4843.4376519230773,1079.2254731885064,52,weekday,pv_kw
7,54,5121.2250000000004,1103.2128257323216,52,weekday,pv_kw
7,55,5368.5892807692308,1098.3549949448877,52,weekday,pv_kw
7,56,5603.0837403846153,1093.1390956718994,52,weekday,pv_kw
7,57,5832.790384615384,1109.1270256289345,52,weekday,pv_kw
7,58,6047.5419326923084,1120.4583552524177,52,weekday,pv_kw
7,59,6229.9195307692298,1117.618574185537,52,weekday,pv_kw
7,60,6396.8567307692301,1124.5129728490324,52,weekday,pv_kw
7,61,6586.0919884615387,1142.9669012446066,52,weekday,pv_kw
7,62,6775.3720019230768,1163.9568470745485,52,weekday,pv_kw
7,63,6943.9781249999996,1179.9780814002515,52,weekday,pv_kw
7,64,7087.474542307692,1190.3990783304064,52,weekday,pv_kw
7,65,7199.0841653846155,1222.9037990996312,52,weekday,pv_kw
7,66,7276.7084134615388,1236.8689035476807,52,weekday,pv_kw
7,67,7328.5482942307699,1191.5744114771235,52,weekday,pv_kw
7,68,7381.315140384615,1165.415196446517,52,weekday,pv_kw
7,69,7446.0685096153848,1188.2147999309991,52,weekday,pv_kw
7,70,7510.1829596153848,1189.9739271704441,52,weekday,pv_kw
7,71,7548.6238250000006,1165.012527184547,52,weekday,pv_kw
7,72,7566.5278846153851,1151.2479135315004,52,weekday,pv_kw
7,73,7581.7846750000008,1173.1479604142135,52,weekday,pv_kw
7,74,7534.8720750000002,1177.9905089321692,52,weekday,pv_kw
7,75,7432.6161057692307,1153.4539127577787,52,weekday,pv_kw
7,76,7351.047009615384,1168.9609200546411,52,weekday,pv_kw
7,77,7297.5564596153845,1193.3883718359775,52,weekday,pv_kw
7,78,7234.1668269230768,1184.6927776463324,52,weekday,pv_kw
7,79,7118.2103519230768,1143.6368598489437,52,weekday,pv_kw
7,80,6995.2759519230767,1105.8472544902806,52,weekday,pv_kw
7,81,6886.9384615384615,1084.5462537818269,52,weekday,pv_kw
7,82,6766.2728365384619,1112.3750252944687,52,weekday,pv_kw
7,83,6599.5675096153846,1139.1924942809876,52,weekday,pv_kw
7,84,6390.6302884615388,1132.0851395384911,52,weekday,pv_kw
7,85,6179.8137288461539,1115.9882104359508,52,weekday,pv_kw
7,86,5996.7477576923075,1134.2504323592443,52,weekday,pv_kw
7,87,5820.7132211538465,1158.4218744084233,52,weekday,pv_kw
7,88,5599.0996750000004,1156.2851328294903,52,weekday,pv_kw
7,89,5340.782463461539,1149.2225475030318,52,weekday,pv_kw
7,90,5072.3257211538457,1146.7887653464506,52,weekday,pv_kw
7,91,4812.3707865384613,1127.7468065434296,52,weekday,pv_kw
7,92,4541.5022865384617,1111.452973572171,52,weekday,pv_kw
7,93,4249.5944711538459,1098.3286237897407,52,weekday,pv_kw
7,94,3947.8509673076919,1087.4485145719884,52,weekday,pv_kw
7,95,3656.3713403846155,1092.140544533522,52,weekday,pv_kw
7,96,3371.6271634615382,1102.9657403720958,52,weekday,pv_kw
7,97,3070.2064576923076,1098.4473142959851,52,weekday,pv_kw
7,98,2752.2079173076922,1087.5636054636223,52,weekday,pv_kw
7,99,2434.4495192307691,1080.8272520274716,52,weekday,pv_kw
7,100,2134.008619230769,1084.7818893867786,52,weekday,pv_kw
7,101,1828.6871673076921,1080.9037985983466,52,weekday,pv_kw
7,102,1530.1701923076923,1049.5695178856506,52,weekday,pv_kw
7,103,1280.5058403846156,988.24568410494237,52,weekday,pv_kw
7,104,1058.9912365384616,901.4351196729051,52,weekday,pv_kw
7,105,853.15456730769233,797.40885980008818,52,weekday,pv_kw
7,106,675.28451346153838,687.14229839848508,52,weekday,pv_kw
7,107,522.21348269230771,580.11653167776046,52,weekday,pv_kw
7,108,391.35721153846157,477.34160723963811,52,weekday,pv_kw
7,109,283.98527115384616,378.2310477198111,52,weekday,pv_kw
7,110,191.58436346153846,280.28619039544873,52,weekday,pv_kw
7,111,112.96442307692307,186.87735885101549,52,weekday,pv_kw
7,112,56.108196153846158,106.05603147872569,52,weekday,pv_kw
7,113,19.426163461538462,42.831269363613821,52,weekday,pv_kw
7,114,0.32307692307692309,1.4455780795802406,52,weekday,pv_kw
7,115,0.2416980769230769,0.84415718113797833,52,weekday,pv_kw
7,116,0.61594038461538458,1.3761824716933173,52,weekday,pv_kw
7,117,0,0,52,weekday,pv_kw
7,118,0.017307692307692309,0.060615777555746854,52,weekday,pv_kw
7,119,0.044186538461538458,0.098817298296830433,52,weekday,pv_kw
7,120,0,0,52,weekday,pv_kw
7,121,0.0012038461538461539,0.004362674190621427,52,weekday,pv_kw
7,122,0.0031326923076923077,0.0071022703123539022,52,weekday,pv_kw
7,123,0,0,52,weekday,pv_kw
7,124,5.7692307692307691e-05,0.00029194825880970949,52,weekday,pv_kw
7,125,0.00019615384615384617,0.00050680140305821937,52,weekday,pv_kw
7,126,0,0,52,weekday,pv_kw
7,127,0,0,52,weekday,pv_kw
7,128,0,0,52,weekday,pv_kw
7,129,0,0,52,weekday,pv_kw
7,130,0,0,52,weekday,pv_kw
7,131,0,0,52,weekday,pv_kw
7,132,0,0,52,weekday,pv_kw
7,133,0,0,52,weekday,pv_kw
7,134,0,0,52,weekday,pv_kw
7,135,0,0,52,weekday,pv_kw
7,136,0,0,52,weekday,pv_kw
7,137,0,0,52,weekday,pv_kw
7,138,0,0,52,weekday,pv_kw
7,139,0,0,52,weekday,pv_kw
7,140,0,0,52,weekday,pv_kw
7,141,0,0,52,weekday,pv_kw
7,142,0,0,52,weekday,pv_kw
7,143,0,0,52,weekday,pv_kw
7,144,0,0,52,weekday,pv_kw
weekday,1,0,0,261,day_type,pv_kw
weekday,2,0,0,261,day_type,pv_kw
weekday,3,0,0,261,day_type,pv_kw
weekday,4,0,0,261,day_type,pv_kw
weekday,5,0,0,261,day_type,pv_kw
weekday,6,0,0,261,day_type,pv_kw
weekday,7,0,0,261,day_type,pv_kw
weekday,8,0,0,261,day_type,pv_kw
weekday,9,0,0,261,day_type,pv_kw
weekday,10,0,0,261,day_type,pv_kw
weekday,11,0,0,261,day_type,pv_kw
weekday,12,0,0,261,day_type,pv_kw
weekday,13,0,0,261,day_type,pv_kw
weekday,14,0,0,261,day_type,pv_kw
weekday,15,0,0,261,day_type,pv_kw
weekday,16,0,0,261,day_type,pv_kw
weekday,17,0,0,261,day_type,pv_kw
weekday,18,0,0,261,day_type,pv_kw
weekday,19,0.00016666666666666666,0.00046343201310357362,261,day_type,pv_kw
weekday,20,3.2567049808429118e-05,0.00019819551416009891,261,day_type,pv_kw
weekday,21,0,0,261,day_type,pv_kw
weekday,22,0.0030157088122605364,0.0066638247258179019,261,day_type,pv_kw
weekday,23,0.0011551724137931034,0.0036250016006582038,261,day_type,pv_kw
weekday,24,0,0,261,day_type,pv_kw
weekday,25,0.042317241379310346,0.092719280884535307,261,day_type,pv_kw
weekday,26,0.01656168582375479,0.050390103456709016,261,day_type,pv_kw
weekday,27,0,0,261,day_type,pv_kw
weekday,28,0.58972528735632179,1.2912797523165556,261,day_type,pv_kw
weekday,29,0.2310264367816092,0.70174541424493342,261,day_type,pv_kw
weekday,30,0.28017241379310343,1.3696941576657788,261,day_type,pv_kw
weekday,31,18.340918007662832,40.13138773780851,261,day_type,pv_kw
weekday,32,53.791752490421459,100.81051649045828,261,day_type,pv_kw
weekday,33,107.8073275862069,178.10051766520607,261,day_type,pv_kw
weekday,34,182.6772275862069,265.84286984559225,261,day_type,pv_kw
weekday,35,275.71835708812262,364.25161302267566,261,day_type,pv_kw
weekday,36,387.06652298850577,468.27272070462215,261,day_type,pv_kw
weekday,37,518.2915532567049,571.18643802938573,261,day_type,pv_kw
weekday,38,668.35918812260536,675.92177078506609,261,day_type,pv_kw
weekday,39,838.47758620689649,778.95468119079612,261,day_type,pv_kw
weekday,40,1031.7023590038314,869.88812023137359,261,day_type,pv_kw
weekday,41,1250.8483735632185,955.77658112627626,261,day_type,pv_kw
weekday,42,1500.6775862068964,1025.9994959374781,261,day_type,pv_kw
weekday,43,1782.4110911877394,1051.5705615063905,261,day_type,pv_kw
weekday,44,2076.5426042145596,1059.450591378883,261,day_type,pv_kw
weekday,45,2374.4229885057471,1065.9446634660071,261,day_type,pv_kw
weekday,46,2678.1739291187737,1066.1835475441385,261,day_type,pv_kw
weekday,47,2980.3653421455938,1065.8226998079588,261,day_type,pv_kw
weekday,48,3280.5761494252874,1063.4881251280328,261,day_type,pv_kw
weekday,49,3583.8904260536397,1052.992970481147,261,day_type,pv_kw
weekday,50,3879.865464367816,1051.526316299364,261,day_type,pv_kw
weekday,51,4168.2574712643673,1061.1520764000095,261,day_type,pv_kw
weekday,52,4458.3199011494253,1063.6697554221089,261,day_type,pv_kw
weekday,53,4740.9944716475102,1067.2962743822713,261,day_type,pv_kw
weekday,54,5012.5306034482765,1076.4279634554025,261,day_type,pv_kw
weekday,55,5278.4600900383139,1086.1488100509739,261,day_type,pv_kw
weekday,56,5540.9075386973182,1103.9303885237011,261,day_type,pv_kw
weekday,57,5792.602011494253,1112.7575768409101,261,day_type,pv_kw
weekday,58,6021.1544118773945,1090.0913893445036,261,day_type,pv_kw
weekday,59,6227.6853819923372,1074.784826765414,261,day_type,pv_kw
weekday,60,6422.4465517241379,1078.8997729564228,261,day_type,pv_kw
weekday,61,6613.1044218390807,1067.7848293088405,261,day_type,pv_kw
weekday,62,6775.8783394636012,1048.6785535120443,261,day_type,pv_kw
weekday,63,6914.0277298850579,1048.0898370674313,261,day_type,pv_kw
weekday,64,7055.6948007662841,1063.234213122056,261,day_type,pv_kw
weekday,65,7189.0517528735636,1065.3268657996625,261,day_type,pv_kw
weekday,66,7299.9732758620685,1055.5304825225444,261,day_type,pv_kw
weekday,67,7386.6400547892717,1054.9978761814075,261,day_type,pv_kw
weekday,68,7463.3758509578538,1072.254459577352,261,day_type,pv_kw
weekday,69,7531.0722701149425,1094.0900344096756,261,day_type,pv_kw
weekday,70,7575.3568302681988,1109.4412825342606,261,day_type,pv_kw
weekday,71,7591.1248662835242,1110.040245989393,261,day_type,pv_kw
weekday,72,7594.1586206896545,1114.3944016425146,261,day_type,pv_kw
weekday,73,7606.5093141762454,1147.0607087904677,261,day_type,pv_kw
weekday,74,7602.3949597701148,1156.3540853245377,261,day_type,pv_kw
weekday,75,7557.6729885057466,1138.9797432739917,261,day_type,pv_kw
weekday,76,7472.4510521072798,1140.7088216177146,261,day_type,pv_kw
weekday,77,7386.7413145593873,1134.5003650817666,261,day_type,pv_kw
weekday,78,7307.2079022988501,1113.4885515781502,261,day_type,pv_kw
weekday,79,7202.6291011494259,1106.5612415165206,261,day_type,pv_kw
weekday,80,7064.0404670498092,1103.5556623530849,261,day_type,pv_kw
weekday,81,6913.7886494252871,1101.9651418203462,261,day_type,pv_kw
weekday,82,6780.7821245210725,1105.2465605984667,261,day_type,pv_kw
weekday,83,6621.5298881226054,1099.1291583882319,261,day_type,pv_kw
weekday,84,6429.7367816091955,1087.3918457498228,261,day_type,pv_kw
weekday,85,6238.2462490421458,1088.1189807261469,261,day_type,pv_kw
weekday,86,6016.2374731800764,1080.4455301214998,261,day_type,pv_kw
weekday,87,5763.5685344827589,1065.1356684237662,261,day_type,pv_kw
weekday,88,5515.8623452107277,1069.0812968401362,261,day_type,pv_kw
weekday,89,5263.7048371647506,1064.3134647236734,261,day_type,pv_kw
weekday,90,5002.4301724137931,1051.4972396669566,261,day_type,pv_kw
weekday,91,4739.6005724137931,1055.0337273763182,261,day_type,pv_kw
weekday,92,4465.9908386973184,1063.5802794998251,261,day_type,pv_kw
weekday,93,4177.2176724137935,1061.0540930613436,261,day_type,pv_kw
weekday,94,3879.664106130268,1046.3377513023202,261,day_type,pv_kw
weekday,95,3585.2533509578543,1045.0541994794876,261,day_type,pv_kw
weekday,96,3292.5538793103447,1057.8825538057386,261,day_type,pv_kw
weekday,97,2989.2615295019154,1058.195878410748,261,day_type,pv_kw
weekday,98,2678.344678544061,1052.8517763246095,261,day_type,pv_kw
weekday,99,2371.5050287356321,1050.0108802448988,261,day_type,pv_kw
weekday,100,2078.3445862068966,1050.2952968026432,261,day_type,pv_kw
weekday,101,1782.5249747126436,1045.9749879108749,261,day_type,pv_kw
weekday,102,1494.7462643678161,1020.0300781236094,261,day_type,pv_kw
weekday,103,1249.4072969348661,956.44162005674195,261,day_type,pv_kw
weekday,104,1030.9020199233717,869.59448417724434,261,day_type,pv_kw
weekday,105,831.16350574712635,769.58875196030272,261,day_type,pv_kw
weekday,106,659.72344789272029,664.06578078734788,261,day_type,pv_kw
weekday,107,512.90681034482759,562.31263485185616,261,day_type,pv_kw
weekday,108,385.05287356321838,463.69474783093,261,day_type,pv_kw
weekday,109,273.79648505747127,360.79643867364871,261,day_type,pv_kw
weekday,110,180.64068314176245,263.30229635208065,261,day_type,pv_kw
weekday,111,106.96393678160921,177.67869435984187,261,day_type,pv_kw
weekday,112,53.737746360153253,101.25476518986937,261,day_type,pv_kw
weekday,113,18.426247126436781,40.171070685834955,261,day_type,pv_kw
weekday,114,0.26120689655172413,1.2455696022110743,261,day_type,pv_kw
weekday,115,0.22779808429118775,0.68752891947299233,261,day_type,pv_kw
weekday,116,0.59680268199233721,1.303805734125653,261,day_type,pv_kw
weekday,117,0,0,261,day_type,pv_kw
weekday,118,0.016321455938697316,0.049373555669108407,261,day_type,pv_kw
weekday,119,0.042826436781609196,0.093620521410520477,261,day_type,pv_kw
weekday,120,0,0,261,day_type,pv_kw
weekday,121,0.0011402298850574713,0.0035541457841008575,261,day_type,pv_kw
weekday,122,0.0030555555555555557,0.0067293514501897541,261,day_type,pv_kw
weekday,123,0,0,261,day_type,pv_kw
weekday,124,3.5249042145593867e-05,0.00019957366879908071,261,day_type,pv_kw
weekday,125,0.00017701149425287355,0.00047451217446291911,261,day_type,pv_kw
weekday,126,0,0,261,day_type,pv_kw
weekday,127,0,0,261,day_type,pv_kw
weekday,128,0,0,261,day_type,pv_kw
weekday,129,0,0,261,day_type,pv_kw
weekday,130,0,0,261,day_type,pv_kw
weekday,131,0,0,261,day_type,pv_kw
weekday,132,0,0,261,day_type,pv_kw
weekday,133,0,0,261,day_type,pv_kw
weekday,134,0,0,261,day_type,pv_kw
weekday,135,0,0,261,day_type,pv_kw
weekday,136,0,0,261,day_type,pv_kw
weekday,137,0,0,261,day_type,pv_kw
weekday,138,0,0,261,day_type,pv_kw
weekday,139,0,0,261,day_type,pv_kw
weekday,140,0,0,261,day_type,pv_kw
weekday,141,0,0,261,day_type,pv_kw
weekday,142,0,0,261,day_type,pv_kw
weekday,143,0,0,261,day_type,pv_kw
weekday,144,0,0,261,day_type,pv_kw
weekend,1,0,0,104,day_type,pv_kw
weekend,2,0,0,104,day_type,pv_kw
weekend,3,0,0,104,day_type,pv_kw
weekend,4,0,0,104,day_type,pv_kw
weekend,5,0,0,104,day_type,pv_kw
weekend,6,0,0,104,day_type,pv_kw
weekend,7,0,0,104,day_type,pv_kw
weekend,8,0,0,104,day_type,pv_kw
weekend,9,0,0,104,day_type,pv_kw
weekend,10,0,0,104,day_type,pv_kw
weekend,11,0,0,104,day_type,pv_kw
weekend,12,0,0,104,day_type,pv_kw
weekend,13,0,0,104,day_type,pv_kw
weekend,14,0,0,104,day_type,pv_kw
weekend,15,0,0,104,day_type,pv_kw
weekend,16,0,0,104,day_type,pv_kw
weekend,17,0,0,104,day_type,pv_kw
weekend,18,0,0,104,day_type,pv_kw
weekend,19,0.00019711538461538461,0.00050769930913768216,104,day_type,pv_kw
weekend,20,5.7692307692307691e-05,0.00029019320905395189,104,day_type,pv_kw
weekend,21,0,0,104,day_type,pv_kw
weekend,22,0.0031605769230769231,0.0071219940791837459,104,day_type,pv_kw
weekend,23,0.0012317307692307693,0.0042383424224474659,104,day_type,pv_kw
weekend,24,0,0,104,day_type,pv_kw
weekend,25,0.044739423076923072,0.098996537566469284,104,day_type,pv_kw
weekend,26,0.017415384615384614,0.058965500476571668,104,day_type,pv_kw
weekend,27,0,0,104,day_type,pv_kw
weekend,28,0.62352596153846152,1.3786765016186975,104,day_type,pv_kw
weekend,29,0.24328173076923079,0.82100452108595412,104,day_type,pv_kw
weekend,30,0.30937499999999996,1.3950586231027009,104,day_type,pv_kw
weekend,31,19.524267307692305,42.638264376324344,104,day_type,pv_kw
weekend,32,56.171494230769227,105.87207181600243,104,day_type,pv_kw
weekend,33,111.89423076923077,184.79246974583847,104,day_type,pv_kw
weekend,34,187.8821653846154,273.21008638982613,104,day_type,pv_kw
weekend,35,280.42053461538461,369.41648266103408,104,day_type,pv_kw
weekend,36,392.2709134615385,473.4914580612035,104,day_type,pv_kw
weekend,37,528.78086346153839,583.08505049057567,104,day_type,pv_kw
weekend,38,683.83147596153856,692.25759748103599,104,day_type,pv_kw
weekend,39,858.65264423076928,798.47078492773278,104,day_type,pv_kw
weekend,40,1059.6812548076923,898.35491003257903,104,day_type,pv_kw
weekend,41,1280.641883653846,987.37022265371309,104,day_type,pv_kw
weekend,42,1528.59375,1053.3782910807236,104,day_type,pv_kw
weekend,43,1813.9961423076925,1080.6971445845238,104,day_type,pv_kw
weekend,44,2107.9321769230769,1085.5351995388521,104,day_type,pv_kw
weekend,45,2398.4221153846152,1084.1218505622871,104,day_type,pv_kw
weekend,46,2695.7266230769233,1085.4126823090596,104,day_type,pv_kw
weekend,47,3001.387282692308,1084.379444513575,104,day_type,pv_kw
weekend,48,3310.8566105769232,1085.1238447995968,104,day_type,pv_kw
weekend,49,3617.129375,1093.7728430146274,104,day_type,pv_kw
weekend,50,3918.0069423076925,1088.6945123455384,104,day_type,pv_kw
weekend,51,4214.1782451923073,1072.0592127518998,104,day_type,pv_kw
weekend,52,4505.5095375000001,1058.89081163009,104,day_type,pv_kw
weekend,53,4782.5226971153843,1069.1871419877241,104,day_type,pv_kw
weekend,54,5045.4396634615387,1090.7983131709138,104,day_type,pv_kw
weekend,55,5302.8605548076921,1094.2673441392485,104,day_type,pv_kw
weekend,56,5548.8627692307691,1096.2218911012917,104,day_type,pv_kw
weekend,57,5777.8871394230764,1113.1183419575091,104,day_type,pv_kw
weekend,58,5989.483736538461,1123.5372155966215,104,day_type,pv_kw
weekend,59,6187.2104144230771,1129.0589926319515,104,day_type,pv_kw
weekend,60,6377.3394230769236,1142.6675407734147,104,day_type,pv_kw
weekend,61,6564.9396913461542,1152.2913494616776,104,day_type,pv_kw
weekend,62,6743.7373932692299,1149.3498724807589,104,day_type,pv_kw
weekend,63,6916.0092548076927,1143.8220781853624,104,day_type,pv_kw
weekend,64,7085.5635067307694,1154.8987130704327,104,day_type,pv_kw
weekend,65,7218.4613596153849,1181.8125099677632,104,day_type,pv_kw
weekend,66,7310.996754807692,1200.1196357738204,104,day_type,pv_kw
weekend,67,7390.3065499999993,1196.8647972091942,104,day_type,pv_kw
weekend,68,7448.8148644230769,1167.9599772832078,104,day_type,pv_kw
weekend,69,7494.7366586538465,1161.391121674277,104,day_type,pv_kw
weekend,70,7550.2526288461531,1187.590012588169,104,day_type,pv_kw
weekend,71,7594.7363884615388,1194.2575150200803,104,day_type,pv_kw
weekend,72,7618.3211538461537,1173.7622805108847,104,day_type,pv_kw
weekend,73,7626.8886490384612,1165.494276803732,104,day_type,pv_kw
weekend,74,7603.2984894230767,1167.2108594078552,104,day_type,pv_kw
weekend,75,7545.4391826923083,1166.0715124906735,104,day_type,pv_kw
weekend,76,7473.4595365384612,1169.8119478147848,104,day_type,pv_kw
weekend,77,7410.1712346153845,1168.5312377204255,104,day_type,pv_kw
weekend,78,7326.826802884616,1149.2236562213934,104,day_type,pv_kw
weekend,79,7174.242994230769,1114.7718885096892,104,day_type,pv_kw
weekend,80,7025.7737221153848,1085.9770244360864,104,day_type,pv_kw
weekend,81,6901.9182692307695,1072.5397359708481,104,day_type,pv_kw
weekend,82,6751.3903538461536,1099.8315097185921,104,day_type,pv_kw
weekend,83,6571.7990711538459,1120.1365974462863,104,day_type,pv_kw
weekend,84,6369.2722355769229,1106.6209974947835,104,day_type,pv_kw
weekend,85,6153.2066961538467,1081.9086905294632,104,day_type,pv_kw
weekend,86,5961.7462586538459,1082.8683402840206,104,day_type,pv_kw
weekend,87,5775.5469951923069,1097.3123724418133,104,day_type,pv_kw
weekend,88,5535.6714384615389,1094.6325652208095,104,day_type,pv_kw
weekend,89,5281.5202711538459,1087.5594202231798,104,day_type,pv_kw
weekend,90,5027.9978365384613,1082.3431287240869,104,day_type,pv_kw
weekend,91,4753.1050509615388,1069.0398204655482,104,day_type,pv_kw
weekend,92,4484.3570884615383,1070.0808796455303,104,day_type,pv_kw
weekend,93,4215.770192307692,1077.679634447715,104,day_type,pv_kw
weekend,94,3913.8092048076924,1064.9681153557144,104,day_type,pv_kw
weekend,95,3618.0376798076923,1066.4492809847823,104,day_type,pv_kw
weekend,96,3332.3314903846153,1078.1636980827227,104,day_type,pv_kw
weekend,97,3021.4205749999996,1070.6418992375231,104,day_type,pv_kw
weekend,98,2710.171395192308,1065.6987369601059,104,day_type,pv_kw
weekend,99,2412.4723557692309,1073.3642082752763,104,day_type,pv_kw
weekend,100,2116.1781490384615,1076.4541504247391,104,day_type,pv_kw
weekend,101,1812.5600942307692,1067.5977810018996,104,day_type,pv_kw
weekend,102,1519.2504807692308,1035.5653499439914,104,day_type,pv_kw
weekend,103,1269.6403971153848,972.62275695610469,104,day_type,pv_kw
weekend,104,1049.9600788461537,888.09361868055782,104,day_type,pv_kw
weekend,105,850.86634615384617,790.84974320991273,104,day_type,pv_kw
weekend,106,679.05395192307697,687.26451236790695,104,day_type,pv_kw
weekend,107,526.13438557692302,580.61184067422892,104,day_type,pv_kw
weekend,108,390.73918269230768,473.20826907984099,104,day_type,pv_kw
weekend,109,280.80453557692306,371.26231408388799,104,day_type,pv_kw
weekend,110,188.75466057692307,274.69336857828597,104,day_type,pv_kw
weekend,111,111.7983173076923,184.76277571256068,104,day_type,pv_kw
weekend,112,55.753448076923071,105.32813291547882,104,day_type,pv_kw
weekend,113,19.235819230769231,42.220985445987708,104,day_type,pv_kw
weekend,114,0.3108173076923077,1.3678399828659278,104,day_type,pv_kw
weekend,115,0.23408557692307691,0.7879185922685048,104,day_type,pv_kw
weekend,116,0.61062403846153845,1.360437566851209,104,day_type,pv_kw
weekend,117,0,0,104,day_type,pv_kw
weekend,118,0.016772115384615385,0.056578785102165657,104,day_type,pv_kw
weekend,119,0.043801923076923072,0.09768790604039547,104,day_type,pv_kw
weekend,120,0,0,104,day_type,pv_kw
weekend,121,0.001173076923076923,0.0040696897801486961,104,day_type,pv_kw
weekend,122,0.0031028846153846154,0.0070266407990302125,104,day_type,pv_kw
weekend,123,0,0,104,day_type,pv_kw
weekend,124,5.4807692307692313e-05,0.00027620163160176531,104,day_type,pv_kw
weekend,125,0.00019326923076923077,0.00049839829338581005,104,day_type,pv_kw
weekend,126,0,0,104,day_type,pv_kw
weekend,127,0,0,104,day_type,pv_kw
weekend,128,0,0,104,day_type,pv_kw
weekend,129,0,0,104,day_type,pv_kw
weekend,130,0,0,104,day_type,pv_kw
weekend,131,0,0,104,day_type,pv_kw
weekend,132,0,0,104,day_type,pv_kw
weekend,133,0,0,104,day_type,pv_kw
weekend,134,0,0,104,day_type,pv_kw
weekend,135,0,0,104,day_type,pv_kw
weekend,136,0,0,104,day_type,pv_kw
weekend,137,0,0,104,day_type,pv_kw
weekend,138,0,0,104,day_type,pv_kw
weekend,139,0,0,104,day_type,pv_kw
weekend,140,0,0,104,day_type,pv_kw
weekend,141,0,0,104,day_type,pv_kw
weekend,142,0,0,104,day_type,pv_kw
weekend,143,0,0,104,day_type,pv_kw
weekend,144,0,0,104,day_type,pv_kw
1,1,3339.500725806452,486.61654335583444,31,month,net_load_kw
1,2,3372.0385483870969,460.16584065342789,31,month,net_load_kw
1,3,3404.5445161290322,425.5975502814735,31,month,net_load_kw
1,4,3395.5566483870966,421.21522854268443,31,month,net_load_kw
1,5,3405.4471419354836,456.11118623124253,31,month,net_load_kw
1,6,3468.9793548387097,487.7696225742605,31,month,net_load_kw
1,7,3554.164858064516,468.16206859606842,31,month,net_load_kw
1,8,3572.506170967742,482.38156133593401,31,month,net_load_kw
1,9,3540.7083870967745,504.57572893865836,31,month,net_load_kw
1,10,3559.5494806451611,442.48608417653122,31,month,net_load_kw
1,11,3593.034470967742,408.27570892702903,31,month,net_load_kw
1,12,3615.1416129032259,453.57411240866901,31,month,net_load_kw
1,13,3640.9408516129033,472.75910658623582,31,month,net_load_kw
1,14,3668.100383870968,482.8151920300956,31,month,net_load_kw
1,15,3692.1158064516126,468.84615222035035,31,month,net_load_kw
1,16,3714.703951612903,448.80394820670409,31,month,net_load_kw
1,17,3750.1000032258062,445.00835821107194,31,month,net_load_kw
1,18,3777.9503225806452,433.63679207745491,31,month,net_load_kw
1,19,3769.7616903225808,392.97127905920496,31,month,net_load_kw
1,20,3808.3693258064513,412.56026363864146,31,month,net_load_kw
1,21,3848.5874193548389,470.79959802423889,31,month,net_load_kw
1,22,3773.3286322580648,466.57382242589466,31,month,net_load_kw
1,23,3790.7694290322579,456.24881034466574,31,month,net_load_kw
1,24,3914.5899999999997,456.79656655890051,31,month,net_load_kw
1,25,3939.5795645161288,435.03279023713958,31,month,net_load_kw
1,26,3895.0974645161291,457.0819466577575,31,month,net_load_kw
1,27,3872.5512903225804,500.64233382553618,31,month,net_load_kw
1,28,3925.208277419355,448.52658358056169,31,month,net_load_kw
1,29,3957.3670935483869,422.3901411587002,31,month,net_load_kw
1,30,3950.2061290322581,438.04007221316641,31,month,net_load_kw
1,31,3978.9429967741935,450.02692942948318,31,month,net_load_kw
1,32,4035.5284645161291,473.62769975194129,31,month,net_load_kw
1,33,4023.1687096774194,437.38619283757265,31,month,net_load_kw
1,34,3921.6104032258063,350.62270723738305,31,month,net_load_kw
1,35,4247.0148709677424,597.6160139618039,31,month,net_load_kw
1,36,4816.0232258064516,1006.130469797985,31,month,net_load_kw
1,37,4888.2383193548385,990.35231508639549,31,month,net_load_kw
1,38,4818.4295612903234,925.91314211038184,31,month,net_load_kw
1,39,4851.6438709677413,995.17952317049276,31,month,net_load_kw
1,40,4865.0875096774198,1003.1799479897115,31,month,net_load_kw
1,41,4874.5829225806456,889.02145111652442,31,month,net_load_kw
1,42,4821.5821774193546,744.5324944142078,31,month,net_load_kw
1,43,4631.0617645161292,731.4545700599333,31,month,net_load_kw
1,44,4429.9994161290324,785.1770537377198,31,month,net_load_kw
1,45,4136.204677419355,771.98135346941865,31,month,net_load_kw
1,46,3670.2352741935483,667.6610321384112,31,month,net_load_kw
1,47,3922.0311354838709,1011.2601401013175,31,month,net_load_kw
1,48,4566.3861290322584,1612.7402516911807,31,month,net_load_kw
1,49,4318.2693516129029,1636.0970103083159,31,month,net_load_kw
1,50,3861.228464516129,1545.0375902411506,31,month,net_load_kw
1,51,3628.8245967741937,1615.9914374519308,31,month,net_load_kw
1,52,3373.9193935483872,1624.8439087585948,31,month,net_load_kw
1,53,3153.4920999999999,1483.2204610939955,31,month,net_load_kw
1,54,2976.983548387097,1295.4031124098613,31,month,net_load_kw
1,55,2748.1136258064516,1248.7910130827067,31,month,net_load_kw
1,56,2475.5160451612905,1281.2640211923276,31,month,net_load_kw
1,57,2200.0651612903225,1301.9904576477534,31,month,net_load_kw
1,58,1958.2905645161291,1284.9251740179825,31,month,net_load_kw
1,59,1749.5829935483871,1293.8677942490685,31,month,net_load_kw
1,60,1529.6737096774191,1321.1909209790406,31,month,net_load_kw
1,61,1256.1794870967742,1300.3365896516809,31,month,net_load_kw
1,62,1027.1684451612905,1291.6414702257532,31,month,net_load_kw
1,63,876.32943548387095,1307.8670407718741,31,month,net_load_kw
1,64,745.21132580645167,1298.2404199337241,31,month,net_load_kw
1,65,607.74019677419358,1301.2195919107887,31,month,net_load_kw
1,66,480.26532258064532,1327.437927053581,31,month,net_load_kw
1,67,393.26387096774192,1379.6873985112973,31,month,net_load_kw
1,68,303.87720000000007,1412.2308533422001,31,month,net_load_kw
1,69,220.57338709677413,1418.4550816824074,31,month,net_load_kw
1,70,172.57028387096781,1386.5772044438834,31,month,net_load_kw
1,71,4.2195580645161206,1303.8129999029475,31,month,net_load_kw
1,72,-208.68419354838701,1224.3819048916048,31,month,net_load_kw
1,73,-218.00789354838702,1247.2411478390909,31,month,net_load_kw
1,74,-192.06449677419357,1256.42663694199,31,month,net_load_kw
1,75,-226.23911290322587,1238.8755944234858,31,month,net_load_kw
1,76,-225.07569354838716,1279.2011111652016,31,month,net_load_kw
1,77,-60.343135483870974,1339.8798296735538,31,month,net_load_kw
1,78,170.49846774193546,1376.5890065936342,31,month,net_load_kw
1,79,239.80641935483882,1374.4585854544828,31,month,net_load_kw
1,80,317.84963870967738,1373.1567921135586,31,month,net_load_kw
1,81,472.57717741935483,1358.0635990026908,31,month,net_load_kw
1,82,607.42892580645162,1321.5117807031245,31,month,net_load_kw
1,83,780.71918064516137,1338.8318595145295,31,month,net_load_kw
1,84,989.94120967741924,1369.4257822887046,31,month,net_load_kw
1,85,1161.8490290322582,1329.679350659515,31,month,net_load_kw
1,86,1344.7523354838711,1315.4848856264609,31,month,net_load_kw
1,87,1558.6967741935484,1341.847183866515,31,month,net_load_kw
1,88,1773.1631387096775,1332.1964905979703,31,month,net_load_kw
1,89,1993.7403645161291,1320.9929450248321,31,month,net_load_kw
1,90,2219.3571774193547,1307.6138958988656,31,month,net_load_kw
1,91,2440.7493387096774,1288.3902676496318,31,month,net_load_kw
1,92,2680.7235451612905,1234.6350190617254,31,month,net_load_kw
1,93,2958.1247580645158,1200.0682118155398,31,month,net_load_kw
1,94,3265.4659516129032,1283.8091028903787,31,month,net_load_kw
1,95,3541.7110580645162,1291.4892340969116,31,month,net_load_kw
1,96,3784.0535483870967,1230.7178989672,31,month,net_load_kw
1,97,4046.2140806451612,1280.2203202782712,31,month,net_load_kw
1,98,4322.593048387097,1313.9921833093085,31,month,net_load_kw
1,99,4603.4292741935478,1268.0576321358574,31,month,net_load_kw
1,100,4872.0126838709675,1253.128156153638,31,month,net_load_kw
1,101,5043.1338161290323,1411.0951424231498,31,month,net_load_kw
1,102,5130.6367741935483,1619.0465957312133,31,month,net_load_kw
1,103,5218.1521645161292,1594.8994048902455,31,month,net_load_kw
1,104,5231.3745741935491,1533.8965550261928,31,month,net_load_kw
1,105,5262.8541935483872,1592.2836744579035,31,month,net_load_kw
1,106,5363.0026451612903,1671.6093417149373,31,month,net_load_kw
1,107,4823.2218870967736,1321.9024133289058,31,month,net_load_kw
1,108,3947.9845161290323,765.89047045835798,31,month,net_load_kw
1,109,3838.9416322580646,683.76333261641162,31,month,net_load_kw
1,110,3948.8023483870966,759.64941705591377,31,month,net_load_kw
1,111,3910.4612903225807,760.04012502736532,31,month,net_load_kw
1,112,3909.4029451612905,786.02134886757415,31,month,net_load_kw
1,113,3917.6591516129033,776.31766124738567,31,month,net_load_kw
1,114,3906.2741935483873,742.96658884400358,31,month,net_load_kw
1,115,3900.5946741935481,759.27416941805507,31,month,net_load_kw
1,116,3906.6350032258065,769.66264371590421,31,month,net_load_kw
1,117,3921.7938709677419,748.63341324343537,31,month,net_load_kw
1,118,3937.8251032258063,752.92774516379745,31,month,net_load_kw
1,119,3937.6805225806452,750.92445450680941,31,month,net_load_kw
1,120,3930.6877419354837,736.33000410463444,31,month,net_load_kw
1,121,3942.7496774193551,745.33904138692208,31,month,net_load_kw
1,122,3953.1071096774194,761.44380530529691,31,month,net_load_kw
1,123,3956.4251612903226,766.49319765570863,31,month,net_load_kw
1,124,3971.312616129032,745.800627755243,31,month,net_load_kw
1,125,4001.7659161290326,715.58661315018651,31,month,net_load_kw
1,126,4030.2458064516127,720.13954177772234,31,month,net_load_kw
1,127,4027.108793548387,748.13515466772844,31,month,net_load_kw
1,128,3989.2205645161289,742.94990468079448,31,month,net_load_kw
1,129,4024.9164516129035,729.32419812932937,31,month,net_load_kw
1,130,4169.455512903226,759.29667966965974,31,month,net_load_kw
1,131,3792.1952064516126,654.658178301774,31,month,net_load_kw
1,132,3118.623225806452,465.37920467354428,31,month,net_load_kw
1,133,3056.1727548387098,439.75353701265584,31,month,net_load_kw
1,134,3166.5993064516128,445.6956830543885,31,month,net_load_kw
1,135,3154.5470967741935,421.35762083368525,31,month,net_load_kw
1,136,3167.7786903225806,433.45975061035091,31,month,net_load_kw
1,137,3168.6271516129032,462.78410493812254,31,month,net_load_kw
1,138,3166.1780645161293,469.22605418866323,31,month,net_load_kw
1,139,3228.6798290322581,458.68129093114851,31,month,net_load_kw
1,140,3271.8338580645163,469.29176527300501,31,month,net_load_kw
1,141,3281.4341935483867,493.45994468159347,31,month,net_load_kw
1,142,3320.983535483871,507.44627558892336,31,month,net_load_kw
1,143,3331.2894870967739,394.21716360121002,31,month,net_load_kw
1,144,3305.8580645161292,440.64687348200067,31,month,net_load_kw
2,1,3140.6310214285718,490.25687982471982,28,month,net_load_kw
2,2,3158.0521285714285,471.19675902478423,28,month,net_load_kw
2,3,3165.6974999999998,452.97091515350081,28,month,net_load_kw
2,4,3208.1427785714286,425.61383371412353,28,month,net_load_kw
2,5,3246.2419071428571,441.68214808989387,28,month,net_load_kw
2,6,3270.1192857142855,472.24055037055615,28,month,net_load_kw
2,7,3303.3753714285713,490.9294794773819,28,month,net_load_kw
2,8,3303.3487071428572,471.96664696546088,28,month,net_load_kw
2,9,3291.9028571428571,448.77877722529462,28,month,net_load_kw
2,10,3333.4890142857143,475.64173322869323,28,month,net_load_kw
2,11,3342.0830607142857,476.08786770598033,28,month,net_load_kw
2,12,3324.5328571428572,458.46750321330899,28,month,net_load_kw
2,13,3381.2890750000001,443.97079709945359,28,month,net_load_kw
2,14,3462.2582714285713,436.24416873378328,28,month,net_load_kw
2,15,3491.8703571428568,426.56214916453575,28,month,net_load_kw
2,16,3447.0296678571431,426.43169704314022,28,month,net_load_kw
2,17,3453.0642428571432,452.11222295276326,28,month,net_load_kw
2,18,3511.6160714285716,478.33651708068822,28,month,net_load_kw
2,19,3512.3494785714283,435.76227480091109,28,month,net_load_kw
2,20,3534.3814785714285,430.7047303227647,28,month,net_load_kw
2,21,3587.5039285714288,447.095021852711,28,month,net_load_kw
2,22,3592.4651428571428,437.88422310951898,28,month,net_load_kw
2,23,3586.4757071428571,438.22584293503616,28,month,net_load_kw
2,24,3610.3707142857143,462.62997912441438,28,month,net_load_kw
2,25,3661.1714035714285,467.99030395728283,28,month,net_load_kw
2,26,3671.9338714285718,466.57369078423176,28,month,net_load_kw
2,27,3653.7246428571425,483.54617576801058,28,month,net_load_kw
2,28,3680.5756964285715,473.59622912385601,28,month,net_load_kw
2,29,3705.5745928571428,460.67131310879893,28,month,net_load_kw
2,30,3696.4853571428571,440.20321829373762,28,month,net_load_kw
2,31,3677.4511499999999,460.34847278332808,28,month,net_load_kw
2,32,3708.6174285714287,474.37043837520986,28,month,net_load_kw
2,33,3725.8303571428573,420.14379416330996,28,month,net_load_kw
2,34,3670.3693035714282,342.81641855994872,28,month,net_load_kw
2,35,4003.9603464285715,563.10469429500006,28,month,net_load_kw
2,36,4553.1967857142854,948.85057450640636,28,month,net_load_kw
2,37,4631.3463928571427,989.56776818363755,28,month,net_load_kw
2,38,4565.5264999999999,947.72050401432443,28,month,net_load_kw
2,39,4554.6752678571429,1002.0308881407399,28,month,net_load_kw
2,40,4425.24755,1036.9916125467987,28,month,net_load_kw
2,41,4253.8487142857139,924.60954078336522,28,month,net_load_kw
2,42,4061.1326785714286,746.17258579661814,28,month,net_load_kw
2,43,3798.1638928571433,758.99450542432282,28,month,net_load_kw
2,44,3529.108182142857,812.49273008382136,28,month,net_load_kw
2,45,3192.620625,765.47083673783607,28,month,net_load_kw
2,46,2767.7134214285716,715.30416773737761,28,month,net_load_kw
2,47,2963.3747678571426,1046.1649768661816,28,month,net_load_kw
2,48,3481.2960714285718,1574.3855556809367,28,month,net_load_kw
2,49,3247.4566642857144,1635.9860656077135,28,month,net_load_kw
2,50,2822.6910607142859,1574.6194728510168,28,month,net_load_kw
2,51,2546.1944642857147,1626.7652805367738,28,month,net_load_kw
2,52,2204.4265785714283,1642.8627108675412,28,month,net_load_kw
2,53,1937.1439107142858,1478.9495333321777,28,month,net_load_kw
2,54,1762.2982142857145,1261.6733238313025,28,month,net_load_kw
2,55,1529.0548178571428,1229.4087714341374,28,month,net_load_kw
2,56,1276.9469678571429,1288.4946468549058,28,month,net_load_kw
2,57,1020.7358035714286,1308.0236527672716,28,month,net_load_kw
2,58,724.58145000000025,1289.9980548205692,28,month,net_load_kw
2,59,447.81266428571422,1300.1350202520844,28,month,net_load_kw
2,60,241.81544642857148,1326.8459971349305,28,month,net_load_kw
2,61,105.50544285714292,1294.5310221953375,28,month,net_load_kw
2,62,-39.338585714285614,1308.178808749193,28,month,net_load_kw
2,63,-232.53821428571428,1375.890079831466,28,month,net_load_kw
2,64,-447.7602500000001,1376.8489251590443,28,month,net_load_kw
2,65,-625.67397142857146,1373.623524955289,28,month,net_load_kw
2,66,-752.02339285714277,1402.7024959589771,28,month,net_load_kw
2,67,-864.04061785714293,1398.7070850215739,28,month,net_load_kw
2,68,-990.29266785714287,1338.1001133770617,28,month,net_load_kw
2,69,-1069.244107142857,1277.5396513110106,28,month,net_load_kw
2,70,-1041.5846464285714,1282.1132980736713,28,month,net_load_kw
2,71,-1187.7470464285714,1225.6961110928155,28,month,net_load_kw
2,72,-1451.2379464285714,1135.9980879593272,28,month,net_load_kw
2,73,-1479.4819678571428,1172.9427433324913,28,month,net_load_kw
2,74,-1420.9003392857144,1231.798507285408,28,month,net_load_kw
2,75,-1418.1654464285714,1230.6540050555575,28,month,net_load_kw
2,76,-1438.3399035714287,1216.7286617829602,28,month,net_load_kw
2,77,-1300.4132250000002,1287.8348935724121,28,month,net_load_kw
2,78,-1056.0420535714286,1403.8803784014767,28,month,net_load_kw
2,79,-942.8197214285716,1393.1222754967707,28,month,net_load_kw
2,80,-873.51664642857133,1342.6081447438278,28,month,net_load_kw
2,81,-772.52223214285721,1322.6540006980877,28,month,net_load_kw
2,82,-649.40956785714297,1300.0287432124214,28,month,net_load_kw
2,83,-474.31221428571422,1290.4784744981407,28,month,net_load_kw
2,84,-272.72830357142857,1297.9701056113247,28,month,net_load_kw
2,85,-108.29041785714294,1344.8667678994132,28,month,net_load_kw
2,86,66.707550000000097,1365.4099051652443,28,month,net_load_kw
2,87,300.53303571428569,1316.0898263309859,28,month,net_load_kw
2,88,594.26142142857145,1262.8467672153267,28,month,net_load_kw
2,89,875.22060357142868,1271.8267709447639,28,month,net_load_kw
2,90,1121.1622321428572,1312.7504887779442,28,month,net_load_kw
2,91,1368.3070678571428,1302.1005690931484,28,month,net_load_kw
2,92,1614.1987428571429,1272.2428257968634,28,month,net_load_kw
2,93,1883.6938392857141,1270.2959881753138,28,month,net_load_kw
2,94,2209.3032928571429,1295.2287602170054,28,month,net_load_kw
2,95,2508.2223035714283,1290.4419306852628,28,month,net_load_kw
2,96,2782.3567857142853,1263.7617623931224,28,month,net_load_kw
2,97,3110.8688035714285,1273.3832128778176,28,month,net_load_kw
2,98,3430.2550892857143,1305.4449360031831,28,month,net_load_kw
2,99,3734.0025000000001,1295.3931940377249,28,month,net_load_kw
2,100,4065.5844357142855,1214.0512914144026,28,month,net_load_kw
2,101,4301.2528571428575,1330.5949311589684,28,month,net_load_kw
2,102,4467.0376785714279,1579.9834655926827,28,month,net_load_kw
2,103,4713.5505428571423,1610.5858274594914,28,month,net_load_kw
2,104,4925.6250750000008,1561.4465740820835,28,month,net_load_kw
2,105,5099.0841071428576,1592.021322225886,28,month,net_load_kw
2,106,5221.9683392857141,1642.4236984117965,28,month,net_load_kw
2,107,4681.941664285715,1271.0547993082689,28,month,net_load_kw
2,108,3829.0907142857141,706.86713403386398,28,month,net_load_kw
2,109,3751.0393857142858,662.95779188686288,28,month,net_load_kw
2,110,3875.9035749999998,776.1472749715108,28,month,net_load_kw
2,111,3834.0964285714285,789.23756799047078,28,month,net_load_kw
2,112,3830.7412142857142,800.54332397472342,28,month,net_load_kw
2,113,3835.6360642857144,774.70926249028525,28,month,net_load_kw
2,114,3830.895,734.15602752033885,28,month,net_load_kw
2,115,3854.936664285714,759.70111406770104,28,month,net_load_kw
2,116,3860.7411392857143,774.92888964432473,28,month,net_load_kw
2,117,3849.4678571428572,741.49797925529276,28,month,net_load_kw
2,118,3868.8310928571432,701.55695998427507,28,month,net_load_kw
2,119,3873.7198178571425,718.583549652138,28,month,net_load_kw
2,120,3855.4303571428572,769.75537261537704,28,month,net_load_kw
2,121,3852.75155,762.4671291507683,28,month,net_load_kw
2,122,3854.0858000000003,738.95462022784579,28,month,net_load_kw
2,123,3861.8296428571425,718.87041622401603,28,month,net_load_kw
2,124,3887.5628428571431,698.18140010054765,28,month,net_load_kw
2,125,3875.0912035714287,706.5712876093304,28,month,net_load_kw
2,126,3853.5778571428568,732.44663273855861,28,month,net_load_kw
2,127,3904.4440714285715,714.89980995769565,28,month,net_load_kw
2,128,3916.7855142857143,696.24245115441488,28,month,net_load_kw
2,129,3936.2142857142858,720.54501610948057,28,month,net_load_kw
2,130,4040.9523999999997,756.87094379594555,28,month,net_load_kw
2,131,3658.5112321428569,643.50318915897526,28,month,net_load_kw
2,132,3001.3007142857141,462.17062642795059,28,month,net_load_kw
2,133,2917.3341642857145,455.10540993970972,28,month,net_load_kw
2,134,3016.3486857142857,481.59731272692625,28,month,net_load_kw
2,135,3012.5535714285716,476.59361499440917,28,month,net_load_kw
2,136,3018.7350821428568,472.29919821116459,28,month,net_load_kw
2,137,3044.2798178571429,449.7794090012365,28,month,net_load_kw
2,138,3072.7978571428571,419.39906825659176,28,month,net_load_kw
2,139,3094.0037571428575,432.75695171190529,28,month,net_load_kw
2,140,3103.5359892857145,441.24725823818858,28,month,net_load_kw
2,141,3108.8789285714288,452.94351228495549,28,month,net_load_kw
2,142,3120.1464821428572,485.21227328920315,28,month,net_load_kw
2,143,3118.0296607142855,379.65131594988901,28,month,net_load_kw
2,144,3115.0357142857142,429.71506388431447,28,month,net_load_kw
3,1,3150.5887387096773,449.57184960240397,31,month,net_load_kw
3,2,3140.0388677419355,433.91057091324427,31,month,net_load_kw
3,3,3138.8951612903224,469.67157701860117,31,month,net_load_kw
3,4,3146.3484935483871,458.85598510972324,31,month,net_load_kw
3,5,3158.7489741935483,435.03306319527326,31,month,net_load_kw
3,6,3172.8483870967743,440.37435792816683,31,month,net_load_kw
3,7,3185.3586806451613,462.39123952311525,31,month,net_load_kw
3,8,3190.4681354838708,472.13637746615092,31,month,net_load_kw
3,9,3202.4996774193551,446.17406533387742,31,month,net_load_kw
3,10,3242.4514354838711,444.55692474155927,31,month,net_load_kw
3,11,3276.4380612903224,455.99112348860308,31,month,net_load_kw
3,12,3291.063225806452,458.00684900546406,31,month,net_load_kw
3,13,3298.093480645161,460.48400338976842,31,month,net_load_kw
3,14,3274.6787322580644,463.56906323208727,31,month,net_load_kw
3,15,3245.4609677419353,459.31933983779987,31,month,net_load_kw
3,16,3267.2260612903224,433.80466746359826,31,month,net_load_kw
3,17,3300.3747967741933,428.43664161033621,31,month,net_load_kw
3,18,3306.4845161290323,444.10711463818956,31,month,net_load_kw
3,19,3289.0997516129032,450.98527472052115,31,month,net_load_kw
3,20,3311.5935451612904,452.08809538808833,31,month,net_load_kw
3,21,3350.4461290322583,477.96331777433448,31,month,net_load_kw
3,22,3322.2859645161288,477.8837562275848,31,month,net_load_kw
3,23,3306.9479548387094,459.07847988181703,31,month,net_load_kw
3,24,3343.2103225806454,436.29904461262862,31,month,net_load_kw
3,25,3382.1934354838709,458.96103084703293,31,month,net_load_kw
3,26,3361.0412709677421,464.44688759741246,31,month,net_load_kw
3,27,3322.4774193548387,442.09121390626871,31,month,net_load_kw
3,28,3367.6124225806452,433.13831805004787,31,month,net_load_kw
3,29,3402.7074258064517,440.89360648689831,31,month,net_load_kw
3,30,3378.9958064516127,441.29247691883586,31,month,net_load_kw
3,31,3349.0378451612905,428.39496740895373,31,month,net_load_kw
3,32,3385.1201387096776,450.53548535263207,31,month,net_load_kw
3,33,3400.0335483870967,458.34344515547423,31,month,net_load_kw
3,34,3305.6719161290325,404.6488019840794,31,month,net_load_kw
3,35,3639.4700387096777,611.15019716330994,31,month,net_load_kw
3,36,4191.0001612903225,978.72706237147986,31,month,net_load_kw
3,37,4125.4171193548382,1021.7523215407628,31,month,net_load_kw
3,38,3873.4984612903227,973.99267333642035,31,month,net_load_kw
3,39,3664.8825000000002,992.2456827746845,31,month,net_load_kw
3,40,3347.2819806451612,996.35873746419975,31,month,net_load_kw
3,41,3090.9846580645158,897.3207238589498,31,month,net_load_kw
3,42,2895.3924193548387,772.55461244645028,31,month,net_load_kw
3,43,2585.5947225806453,780.45341695230309,31,month,net_load_kw
3,44,2308.3065677419354,830.84554164110978,31,month,net_load_kw
3,45,1987.8504838709678,811.35888370257658,31,month,net_load_kw
3,46,1500.7060258064516,729.38325859673262,31,month,net_load_kw
3,47,1693.8773225806451,1067.6969493923464,31,month,net_load_kw
3,48,2280.7305645161291,1634.7608041348778,31,month,net_load_kw
3,49,2055.1011322580644,1687.7066052644539,31,month,net_load_kw
3,50,1620.7786580645161,1616.8095472561695,31,month,net_load_kw
3,51,1356.8457258064516,1662.691257762571,31,month,net_load_kw
3,52,1047.4913258064514,1645.1063735490814,31,month,net_load_kw
3,53,852.92867741935481,1506.1693453990842,31,month,net_load_kw
3,54,720.42790322580652,1358.0114928717308,31,month,net_load_kw
3,55,399.55777741935475,1330.4544022608791,31,month,net_load_kw
3,56,96.50304838709674,1299.3338389288992,31,month,net_load_kw
3,57,-110.81766129032266,1249.942910836987,31,month,net_load_kw
3,58,-346.18302903225799,1291.8184088755086,31,month,net_load_kw
3,59,-559.98754838709658,1360.4139067985659,31,month,net_load_kw
3,60,-732.41959677419345,1389.91571997551,31,month,net_load_kw
3,61,-907.53558709677429,1390.2147681910665,31,month,net_load_kw
3,62,-1082.5980548387097,1390.4366830036588,31,month,net_load_kw
3,63,-1267.4056451612905,1411.4142878849639,31,month,net_load_kw
3,64,-1476.9844290322583,1455.117915112643,31,month,net_load_kw
3,65,-1648.6155516129031,1514.0133417331729,31,month,net_load_kw
3,66,-1736.6602419354838,1536.8498708289028,31,month,net_load_kw
3,67,-1764.0604129032261,1509.1743859834341,31,month,net_load_kw
3,68,-1871.6093709677421,1525.9343418693077,31,month,net_load_kw
3,69,-2017.4879838709676,1580.5551091741236,31,month,net_load_kw
3,70,-2046.9549225806452,1586.7857348684397,31,month,net_load_kw
3,71,-2185.3573838709681,1531.509902521087,31,month,net_load_kw
3,72,-2416.2729032258062,1440.2247421294037,31,month,net_load_kw
3,73,-2472.197470967742,1415.6317901670636,31,month,net_load_kw
3,74,-2434.0351161290323,1415.2477420212749,31,month,net_load_kw
3,75,-2388.4827419354838,1396.2562511157225,31,month,net_load_kw
3,76,-2320.5497032258068,1387.5560465581277,31,month,net_load_kw
3,77,-2154.1791967741933,1431.6009134879403,31,month,net_load_kw
3,78,-1925.0520161290322,1513.4361654335667,31,month,net_load_kw
3,79,-1753.5667870967743,1536.4062801839248,31,month,net_load_kw
3,80,-1597.782580645161,1503.482720644831,31,month,net_load_kw
3,81,-1443.5889516129032,1463.0124478075727,31,month,net_load_kw
3,82,-1327.6884612903227,1462.3780563753628,31,month,net_load_kw
3,83,-1211.2160096774194,1454.692695707894,31,month,net_load_kw
3,84,-1044.3692741935486,1415.4924783286842,31,month,net_load_kw
3,85,-813.03560322580643,1374.815044467824,31,month,net_load_kw
3,86,-605.96546774193541,1412.4884346263109,31,month,net_load_kw
3,87,-423.59516129032266,1464.8130217340506,31,month,net_load_kw
3,88,-180.2539290322581,1399.0198411922445,31,month,net_load_kw
3,89,98.092487096774178,1384.7757607707692,31,month,net_load_kw
3,90,348.85483870967744,1447.4918145764439,31,month,net_load_kw
3,91,537.55168387096774,1442.2294165125022,31,month,net_load_kw
3,92,767.53375161290319,1410.2490481855903,31,month,net_load_kw
3,93,1075.5079032258066,1388.7212035898497,31,month,net_load_kw
3,94,1400.9767870967744,1366.3112465726124,31,month,net_load_kw
3,95,1701.5820032258064,1354.2257086479397,31,month,net_load_kw
3,96,1991.1066935483873,1329.6539000408754,31,month,net_load_kw
3,97,2311.7520451612904,1286.8724759990614,31,month,net_load_kw
3,98,2620.6273354838713,1293.9789746871168,31,month,net_load_kw
3,99,2926.1643548387096,1319.6455379106492,31,month,net_load_kw
3,100,3263.2467741935484,1277.4700894418988,31,month,net_load_kw
3,101,3490.6438258064513,1380.243555341114,31,month,net_load_kw
3,102,3665.2581451612905,1591.6645871984626,31,month,net_load_kw
3,103,3985.8811225806453,1629.4445721466191,31,month,net_load_kw
3,104,4261.6856645161288,1587.9412316600265,31,month,net_load_kw
3,105,4535.9668548387099,1617.8438461399489,31,month,net_load_kw
3,106,4925.5338451612906,1693.1738048028647,31,month,net_load_kw
3,107,4561.3246548387096,1328.9115539767477,31,month,net_load_kw
3,108,3748.0211290322582,741.76706463822995,31,month,net_load_kw
3,109,3702.5362741935487,650.99823466612202,31,month,net_load_kw
3,110,3873.9536580645163,732.25345876650704,31,month,net_load_kw
3,111,3846.5048387096772,736.01343394837102,31,month,net_load_kw
3,112,3809.3147709677419,778.04198438485446,31,month,net_load_kw
3,113,3823.820419354839,792.16194456193466,31,month,net_load_kw
3,114,3859.1877419354837,764.80739560018071,31,month,net_load_kw
3,115,3854.6541709677417,755.69931513572828,31,month,net_load_kw
3,116,3827.5620129032259,749.37247654926296,31,month,net_load_kw
3,117,3827.7016129032259,741.11328333841459,31,month,net_load_kw
3,118,3883.9730387096774,745.65351384453129,31,month,net_load_kw
3,119,3896.429329032258,746.09958135166698,31,month,net_load_kw
3,120,3855.157419354839,743.48980645317852,31,month,net_load_kw
3,121,3847.5182677419357,753.74488990386942,31,month,net_load_kw
3,122,3860.8933354838709,742.12306786813895,31,month,net_load_kw
3,123,3868.766451612903,717.54995304182319,31,month,net_load_kw
3,124,3866.0153967741935,722.7025835550171,31,month,net_load_kw
3,125,3881.4025774193551,757.21286325265044,31,month,net_load_kw
3,126,3908.3883870967743,772.2625902981307,31,month,net_load_kw
3,127,3911.6212612903223,726.15559634039528,31,month,net_load_kw
3,128,3915.5218419354837,705.28772174854419,31,month,net_load_kw
3,129,3970.7222580645162,728.84162411646821,31,month,net_load_kw
3,130,4028.1409322580644,736.83589197065373,31,month,net_load_kw
3,131,3631.6651709677417,622.13161480864642,31,month,net_load_kw
3,132,3019.0861290322582,468.32214300754868,31,month,net_load_kw
3,133,2941.5085645161289,454.59179714603567,31,month,net_load_kw
3,134,3037.3063774193552,461.66391181677807,31,month,net_load_kw
3,135,3047.7693548387097,430.91628651000178,31,month,net_load_kw
3,136,3066.8105999999998,449.18349291368224,31,month,net_load_kw
3,137,3044.3401677419351,459.49239810099823,31,month,net_load_kw
3,138,3000.9396774193551,454.6201582162401,31,month,net_load_kw
3,139,3032.9318806451615,486.07081953681148,31,month,net_load_kw
3,140,3096.5041290322579,454.22932280444149,31,month,net_load_kw
3,141,3128.0861290322582,417.42423872025307,31,month,net_load_kw
3,142,3107.8188129032255,474.56113421326222,31,month,net_load_kw
3,143,3120.0743322580647,400.56947281975306,31,month,net_load_kw
3,144,3169.7235483870963,425.64073267289939,31,month,net_load_kw
4,1,3159.8641833333331,479.04585155440634,30,month,net_load_kw
4,2,3163.7793033333337,429.59592116914069,30,month,net_load_kw
4,3,3156.6356666666666,430.82096731771856,30,month,net_load_kw
4,4,3202.6624066666668,452.79173124930401,30,month,net_load_kw
4,5,3221.1506333333332,440.85588631469676,30,month,net_load_kw
4,6,3199.9596666666671,428.27312058676586,30,month,net_load_kw
4,7,3210.8303766666668,448.62235112768531,30,month,net_load_kw
4,8,3238.7525833333334,455.39537912771118,30,month,net_load_kw
4,9,3259.8086666666663,433.90545539984521,30,month,net_load_kw
4,10,3269.9412466666668,436.33346828770277,30,month,net_load_kw
4,11,3287.17596,466.25872127446104,30,month,net_load_kw
4,12,3298.7433333333333,474.05651911206076,30,month,net_load_kw
4,13,3277.4052766666664,449.33921121292252,30,month,net_load_kw
4,14,3279.5651233333333,431.63767728477347,30,month,net_load_kw
4,15,3311.6173333333336,432.85199128358056,30,month,net_load_kw
4,16,3322.3944199999996,444.29636351137356,30,month,net_load_kw
4,17,3315.7938333333336,464.99989949219031,30,month,net_load_kw
4,18,3311.313333333333,478.07571514269091,30,month,net_load_kw
4,19,3322.0059799999999,455.05934431423594,30,month,net_load_kw
4,20,3332.2422300000003,437.71285510144673,30,month,net_load_kw
4,21,3348.7303333333334,430.44677006397166,30,month,net_load_kw
4,22,3390.1500266666667,430.60017693271982,30,month,net_load_kw
4,23,3407.5196933333336,429.92183696912002,30,month,net_load_kw
4,24,3392.136,435.91486511109889,30,month,net_load_kw
4,25,3383.6047566666666,429.98444673997517,30,month,net_load_kw
4,26,3384.8185833333332,443.12732544047003,30,month,net_load_kw
4,27,3390.2423333333336,454.3737348580467,30,month,net_load_kw
4,28,3397.81547,420.531686435089,30,month,net_load_kw
4,29,3413.4038500000001,430.46027216253282,30,month,net_load_kw
4,30,3415.5893333333329,472.40343497782749,30,month,net_load_kw
4,31,3382.2194866666669,463.51052452082189,30,month,net_load_kw
4,32,3407.8522333333331,456.8016557424861,30,month,net_load_kw
4,33,3404.7368333333334,447.14654068447391,30,month,net_load_kw
4,34,3213.641086666667,390.74365273243967,30,month,net_load_kw
4,35,3389.3842999999997,602.08497800679902,30,month,net_load_kw
4,36,3747.7895833333332,976.82272199451688,30,month,net_load_kw
4,37,3539.7863700000003,1025.6737153313995,30,month,net_load_kw
4,38,3173.4703299999996,974.31545145969881,30,month,net_load_kw
4,39,2896.0580833333329,998.67968607084083,30,month,net_load_kw
4,40,2562.9271599999997,1026.7228033006797,30,month,net_load_kw
4,41,2296.9099566666669,965.3191556945078,30,month,net_load_kw
4,42,2083.4917500000001,864.49014112743362,30,month,net_load_kw
4,43,1768.5721066666665,828.44225277590624,30,month,net_load_kw
4,44,1466.15741,855.13007476455414,30,month,net_load_kw
4,45,1117.1370833333335,844.3287144051194,30,month,net_load_kw
4,46,657.89684666666665,799.81386778467174,30,month,net_load_kw
4,47,915.53605666666658,1111.4174103550781,30,month,net_load_kw
4,48,1553.7017500000002,1617.1522113222823,30,month,net_load_kw
4,49,1326.86853,1665.5242943509868,30,month,net_load_kw
4,50,876.22357666666676,1579.490146548196,30,month,net_load_kw
4,51,606.97100000000012,1586.9335303572868,30,month,net_load_kw
4,52,294.97126999999989,1597.0876968131079,30,month,net_load_kw
4,53,78.883583333333419,1442.4934659699261,30,month,net_load_kw
4,54,-66.025416666666629,1227.4030052943651,30,month,net_load_kw
4,55,-340.39346999999992,1237.6015561563365,30,month,net_load_kw
4,56,-608.4689199999998,1321.595499964051,30,month,net_load_kw
4,57,-832.66925000000015,1366.0875203263677,30,month,net_load_kw
4,58,-1108.2622499999998,1394.7385110689074,30,month,net_load_kw
4,59,-1327.9164033333334,1398.4481126156163,30,month,net_load_kw
4,60,-1481.3805,1361.7507392438629,30,month,net_load_kw
4,61,-1672.0972133333335,1293.8051536780652,30,month,net_load_kw
4,62,-1860.25846,1315.9086012139483,30,month,net_load_kw
4,63,-1992.0918333333334,1401.046772110843,30,month,net_load_kw
4,64,-2070.566976666667,1433.6676542952437,30,month,net_load_kw
4,65,-2223.2361366666664,1391.0974763810884,30,month,net_load_kw
4,66,-2417.2281666666668,1334.5421314824407,30,month,net_load_kw
4,67,-2490.5450099999998,1433.0892233771276,30,month,net_load_kw
4,68,-2525.6209166666667,1502.1161532402643,30,month,net_load_kw
4,69,-2570.2072499999999,1494.0686180683613,30,month,net_load_kw
4,70,-2607.1631199999997,1510.6997658613557,30,month,net_load_kw
4,71,-2743.6902166666669,1484.5144775107799,30,month,net_load_kw
4,72,-2944.8519166666665,1382.6633138217912,30,month,net_load_kw
4,73,-3045.2390866666669,1307.4982711210919,30,month,net_load_kw
4,74,-3055.6175266666669,1327.3234751079672,30,month,net_load_kw
4,75,-3052.400333333333,1378.3021877989111,30,month,net_load_kw
4,76,-3073.3742766666669,1397.1557021868391,30,month,net_load_kw
4,77,-2935.4545633333332,1433.1338038067722,30,month,net_load_kw
4,78,-2681.921166666667,1494.2573857608154,30,month,net_load_kw
4,79,-2553.4847766666667,1477.5146396732434,30,month,net_load_kw
4,80,-2457.77601,1480.52573741073,30,month,net_load_kw
4,81,-2316.0018333333337,1504.2959700952465,30,month,net_load_kw
4,82,-2150.0281633333334,1465.9849218195752,30,month,net_load_kw
4,83,-1983.2987933333332,1447.1014074515588,30,month,net_load_kw
4,84,-1809.3144166666668,1462.5782545232148,30,month,net_load_kw
4,85,-1601.74343,1455.1698503937428,30,month,net_load_kw
4,86,-1371.8417999999999,1455.7508766477497,30,month,net_load_kw
4,87,-1139.6559999999999,1460.2929945814074,30,month,net_load_kw
4,88,-919.92268333333334,1409.0475658352466,30,month,net_load_kw
4,89,-709.0545166666667,1355.7983020952115,30,month,net_load_kw
4,90,-480.80250000000012,1325.0051292260839,30,month,net_load_kw
4,91,-209.31494666666669,1333.7618187010066,30,month,net_load_kw
4,92,60.433083333333279,1338.4083983597973,30,month,net_load_kw
4,93,336.67841666666664,1313.8178778492259,30,month,net_load_kw
4,94,667.17701333333332,1285.0071477701626,30,month,net_load_kw
4,95,977.4743400000001,1299.2399758889928,30,month,net_load_kw
4,96,1256.9485833333333,1334.5345472288373,30,month,net_load_kw
4,97,1567.1711033333333,1340.7093207188418,30,month,net_load_kw
4,98,1879.5910633333333,1342.6739790836257,30,month,net_load_kw
4,99,2182.4094166666669,1314.5822247315061,30,month,net_load_kw
4,100,2480.1850966666666,1240.5426237114136,30,month,net_load_kw
4,101,2689.1696033333337,1362.2184590410181,30,month,net_load_kw
4,102,2875.3771666666667,1604.22711126027,30,month,net_load_kw
4,103,3199.9072066666663,1623.9871345334552,30,month,net_load_kw
4,104,3525.1397100000004,1546.1287605526504,30,month,net_load_kw
4,105,3865.9891666666667,1543.6675952108419,30,month,net_load_kw
4,106,4261.2059766666671,1589.0100587200729,30,month,net_load_kw
4,107,3982.8847833333334,1259.1090274029038,30,month,net_load_kw
4,108,3347.2396666666668,747.96646006186097,30,month,net_load_kw
4,109,3474.3384999999998,695.98643776586584,30,month,net_load_kw
4,110,3769.2051166666665,757.23048123193837,30,month,net_load_kw
4,111,3837.4186666666665,733.91209371532329,30,month,net_load_kw
4,112,3844.7161499999997,712.60687093203887,30,month,net_load_kw
4,113,3868.3001233333334,700.74262618671457,30,month,net_load_kw
4,114,3888.3823333333335,709.27738528285113,30,month,net_load_kw
4,115,3880.95622,745.6690506919964,30,month,net_load_kw
4,116,3871.0863466666665,736.41801589739816,30,month,net_load_kw
4,117,3876.9506666666666,687.42949608108813,30,month,net_load_kw
4,118,3895.6321833333332,715.70894198895428,30,month,net_load_kw
4,119,3905.6271466666667,744.06210611940082,30,month,net_load_kw
4,120,3902.1200000000003,741.28516625543296,30,month,net_load_kw
4,121,3900.2166233333332,727.38373704801631,30,month,net_load_kw
4,122,3908.5826366666665,720.48342774538128,30,month,net_load_kw
4,123,3920.1299999999997,719.68813059834315,30,month,net_load_kw
4,124,3919.2486133333337,711.78582679080955,30,month,net_load_kw
4,125,3912.1773433333337,724.19742100799806,30,month,net_load_kw
4,126,3919.1156666666666,755.66439647588561,30,month,net_load_kw
4,127,3946.1816166666667,767.78993191236077,30,month,net_load_kw
4,128,3918.3078399999999,741.60601442664972,30,month,net_load_kw
4,129,3934.0309999999999,731.01443712027731,30,month,net_load_kw
4,130,4083.810003333333,792.10049317658047,30,month,net_load_kw
4,131,3697.8604066666667,658.93826949186291,30,month,net_load_kw
4,132,3007.036333333333,410.83465560333713,30,month,net_load_kw
4,133,2963.2415266666667,411.99715922529992,30,month,net_load_kw
4,134,3057.6476299999999,457.18482695103637,30,month,net_load_kw
4,135,3004.6996666666669,432.52791907083531,30,month,net_load_kw
4,136,3038.8254200000001,408.45663209861891,30,month,net_load_kw
4,137,3077.9223866666666,419.0730985629354,30,month,net_load_kw
4,138,3077.0309999999999,432.16863671607928,30,month,net_load_kw
4,139,3093.8023833333336,430.26883804360239,30,month,net_load_kw
4,140,3106.3828033333334,428.98661167024738,30,month,net_load_kw
4,141,3106.9153333333334,440.41199353155309,30,month,net_load_kw
4,142,3115.9868533333333,475.09324462021118,30,month,net_load_kw
4,143,3127.6237900000001,376.99429247801464,30,month,net_load_kw
4,144,3141.5100000000002,483.43440636974628,30,month,net_load_kw
5,1,3176.675870967742,493.05055954796774,31,month,net_load_kw
5,2,3168.8176709677418,477.53914082148083,31,month,net_load_kw
5,3,3210.3838709677416,514.81311877015094,31,month,net_load_kw
5,4,3239.2964580645162,467.29832402561772,31,month,net_load_kw
5,5,3216.2371387096773,468.38336559404604,31,month,net_load_kw
5,6,3172.8551612903225,502.9427399010147,31,month,net_load_kw
5,7,3178.3639903225808,463.54131038257231,31,month,net_load_kw
5,8,3196.2760806451611,433.77975580873164,31,month,net_load_kw
5,9,3207.1809677419355,449.29136550316537,31,month,net_load_kw
5,10,3228.1107064516127,460.97164948387723,31,month,net_load_kw
5,11,3245.4206967741934,460.57239671954324,31,month,net_load_kw
5,12,3246.3338709677423,466.41979599696401,31,month,net_load_kw
5,13,3234.0543967741937,479.85605660209637,31,month,net_load_kw
5,14,3238.1657161290323,490.24369753278285,31,month,net_load_kw
5,15,3261.6329032258063,479.72043663084679,31,month,net_load_kw
5,16,3277.1302032258063,460.10498808941026,31,month,net_load_kw
5,17,3270.0789548387097,464.43270612048622,31,month,net_load_kw
5,18,3262.5370967741933,493.67068799753235,31,month,net_load_kw
5,19,3289.1416774193544,488.84598402857984,31,month,net_load_kw
5,20,3304.742670967742,469.19903411325441,31,month,net_load_kw
5,21,3294.8322580645163,450.3690383726784,31,month,net_load_kw
5,22,3293.6935483870966,461.83509584124857,31,month,net_load_kw
5,23,3324.5863580645159,459.12298490254352,31,month,net_load_kw
5,24,3352.6180645161289,452.49034834951169,31,month,net_load_kw
5,25,3321.5403129032256,458.94897609517744,31,month,net_load_kw
5,26,3305.7524258064514,476.01239804638078,31,month,net_load_kw
5,27,3327.2180645161288,486.24438394302206,31,month,net_load_kw
5,28,3335.7030612903227,474.40305745096657,31,month,net_load_kw
5,29,3340.9000903225806,451.1041329314408,31,month,net_load_kw
5,30,3348.6145161290324,450.6884436269969,31,month,net_load_kw
5,31,3320.6794806451612,472.35689403412232,31,month,net_load_kw
5,32,3240.0694741935481,497.57454557017945,31,month,net_load_kw
5,33,3024.8887096774192,473.77044492730113,31,month,net_load_kw
5,34,2715.1406645161292,425.89046855201281,31,month,net_load_kw
5,35,2804.2738032258062,627.76167440069196,31,month,net_load_kw
5,36,3097.6841129032259,991.94077311697151,31,month,net_load_kw
5,37,2875.268777419355,1057.1331055650794,31,month,net_load_kw
5,38,2509.7928064516132,997.98223827377785,31,month,net_load_kw
5,39,2251.8126612903229,1009.7196401014687,31,month,net_load_kw
5,40,1989.8672548387096,1080.925321378159,31,month,net_load_kw
5,41,1775.8169096774195,1003.7378783720446,31,month,net_load_kw
5,42,1579.0820161290321,829.25756864283426,31,month,net_load_kw
5,43,1298.5056870967742,811.43178329218563,31,month,net_load_kw
5,44,1050.5706258064517,850.95747617894051,31,month,net_load_kw
5,45,759.56362903225806,811.79783542965072,31,month,net_load_kw
5,46,325.4534741935484,734.76715644917556,31,month,net_load_kw
5,47,490.28925483870972,1060.0940112519766,31,month,net_load_kw
5,48,1010.7943548387098,1629.946589447919,31,month,net_load_kw
5,49,836.52220645161287,1700.1156235771016,31,month,net_load_kw
5,50,457.38002903225811,1627.9302798056317,31,month,net_load_kw
5,51,187.06451612903226,1658.2990509294482,31,month,net_load_kw
5,52,-144.48418387096768,1642.6571757168354,31,month,net_load_kw
5,53,-356.83530967741933,1439.7489360712671,31,month,net_load_kw
5,54,-456.88556451612902,1180.5080835911485,31,month,net_load_kw
5,55,-665.96910322580629,1171.006197479616,31,month,net_load_kw
5,56,-938.99981935483879,1229.822462592291,31,month,net_load_kw
5,57,-1181.2815322580645,1240.3179881826472,31,month,net_load_kw
5,58,-1350.538958064516,1287.5541659366522,31,month,net_load_kw
5,59,-1528.7016806451613,1310.2545881603282,31,month,net_load_kw
5,60,-1711.6890322580646,1314.0737278579663,31,month,net_load_kw
5,61,-1822.5640129032258,1381.3129297098965,31,month,net_load_kw
5,62,-1955.4499032258066,1410.2120998143896,31,month,net_load_kw
5,63,-2137.5508870967742,1397.7744675284334,31,month,net_load_kw
5,64,-2298.9069322580644,1414.259122644479,31,month,net_load_kw
5,65,-2424.2383870967742,1439.5789740572316,31,month,net_load_kw
5,66,-2500.9959677419356,1494.2060164264049,31,month,net_load_kw
5,67,-2528.8306612903225,1535.8328574636585,31,month,net_load_kw
5,68,-2598.9189322580646,1475.7317944700592,31,month,net_load_kw
5,69,-2690.9579838709674,1416.2551748536553,31,month,net_load_kw
5,70,-2722.091364516129,1533.0045768099296,31,month,net_load_kw
5,71,-2882.6085870967745,1502.4478104497414,31,month,net_load_kw
5,72,-3100.032419354839,1340.4852466850209,31,month,net_load_kw
5,73,-3086.467477419355,1344.6741445720199,31,month,net_load_kw
5,74,-3015.0016999999998,1373.7465941601693,31,month,net_load_kw
5,75,-3007.714758064516,1326.8262357226038,31,month,net_load_kw
5,76,-2995.2219258064515,1269.1368046639745,31,month,net_load_kw
5,77,-2831.5761322580647,1300.9039787935149,31,month,net_load_kw
5,78,-2573.3720161290321,1360.2116479789734,31,month,net_load_kw
5,79,-2428.0944548387092,1283.5709820065795,31,month,net_load_kw
5,80,-2331.8232612903225,1167.3934946664444,31,month,net_load_kw
5,81,-2248.076129032258,1133.1175695893235,31,month,net_load_kw
5,82,-2201.9042064516129,1256.6952510073754,31,month,net_load_kw
5,83,-2081.1268548387097,1293.9820806101764,31,month,net_load_kw
5,84,-1907.7464516129032,1213.6473287101664,31,month,net_load_kw
5,85,-1805.9466548387097,1180.0537241551401,31,month,net_load_kw
5,86,-1638.4659483870969,1211.8782259515065,31,month,net_load_kw
5,87,-1384.8291935483871,1231.725965838416,31,month,net_load_kw
5,88,-1164.532477419355,1149.8255923228203,31,month,net_load_kw
5,89,-924.84974193548385,1137.0422090046793,31,month,net_load_kw
5,90,-657.55580645161285,1197.9430850361778,31,month,net_load_kw
5,91,-425.49589354838713,1143.9220540830333,31,month,net_load_kw
5,92,-216.76225806451615,1152.6234001363134,31,month,net_load_kw
5,93,16.611048387096719,1250.7153857724077,31,month,net_load_kw
5,94,316.06881290322582,1259.2715432230736,31,month,net_load_kw
5,95,633.1786193548387,1237.7941507925959,31,month,net_load_kw
5,96,936.66258064516137,1241.3472114790723,31,month,net_load_kw
5,97,1233.9175677419355,1238.1604979844897,31,month,net_load_kw
5,98,1528.8270419354837,1260.5353461091345,31,month,net_load_kw
5,99,1846.7759677419356,1271.8247335548831,31,month,net_load_kw
5,100,2190.6257419354838,1223.7238964197202,31,month,net_load_kw
5,101,2394.2245193548388,1339.1045245955811,31,month,net_load_kw
5,102,2529.8881451612901,1590.2280211089183,31,month,net_load_kw
5,103,2844.4911967741937,1662.7241270378718,31,month,net_load_kw
5,104,3170.8538516129033,1616.6796108704191,31,month,net_load_kw
5,105,3499.031693548387,1631.3235994112247,31,month,net_load_kw
5,106,3884.8129548387096,1752.4643842135567,31,month,net_load_kw
5,107,3643.6997870967739,1433.4816521656176,31,month,net_load_kw
5,108,3089.1800806451615,856.78899361328638,31,month,net_load_kw
5,109,3292.2007548387096,757.77107047504296,31,month,net_load_kw
5,110,3641.3546967741936,804.11695643541395,31,month,net_load_kw
5,111,3811.338870967742,780.18892804692905,31,month,net_load_kw
5,112,4067.9965451612907,796.94415737895486,31,month,net_load_kw
5,113,4172.7098451612901,806.7483375109058,31,month,net_load_kw
5,114,4128.7070967741938,800.41848090105771,31,month,net_load_kw
5,115,4166.9117935483873,819.22857557492125,31,month,net_load_kw
5,116,4201.0737870967741,799.67886598253619,31,month,net_load_kw
5,117,4189.6548387096773,744.63871942426294,31,month,net_load_kw
5,118,4211.8554645161284,747.54077095117975,31,month,net_load_kw
5,119,4207.5718451612902,764.61448883126604,31,month,net_load_kw
5,120,4178.434838709677,773.62546901745247,31,month,net_load_kw
5,121,4201.7833967741935,792.46800861618919,31,month,net_load_kw
5,122,4257.5363322580642,791.41644611186223,31,month,net_load_kw
5,123,4287.5780645161294,772.77679003888011,31,month,net_load_kw
5,124,4257.0635064516127,742.74467416891957,31,month,net_load_kw
5,125,4268.0007903225805,739.1610378142642,31,month,net_load_kw
5,126,4318.4251612903226,741.04814484562326,31,month,net_load_kw
5,127,4299.2578354838715,752.08088392166951,31,month,net_load_kw
5,128,4229.5799967741941,753.24878403771334,31,month,net_load_kw
5,129,4238.3500000000004,748.70437973430717,31,month,net_load_kw
5,130,4356.1466935483868,752.06253711000397,31,month,net_load_kw
5,131,3959.4955548387097,657.71589955638183,31,month,net_load_kw
5,132,3278.2725806451613,515.08805660111966,31,month,net_load_kw
5,133,3216.8861999999999,483.19492844572022,31,month,net_load_kw
5,134,3328.5338967741936,487.76883159454781,31,month,net_load_kw
5,135,3305.8548387096776,495.59085540306302,31,month,net_load_kw
5,136,3293.1643677419356,498.50372575865765,31,month,net_load_kw
5,137,3289.0625870967742,479.25062351907809,31,month,net_load_kw
5,138,3279.7435483870968,432.70467264674028,31,month,net_load_kw
5,139,3273.8868387096772,408.63713614318726,31,month,net_load_kw
5,140,3253.9874774193549,449.82908925217191,31,month,net_load_kw
5,141,3228.2819354838712,516.9612971420546,31,month,net_load_kw
5,142,3227.682222580645,542.68926369064445,31,month,net_load_kw
5,143,3242.7938806451612,416.6139731866536,31,month,net_load_kw
5,144,3240.9029032258068,509.8269002004082,31,month,net_load_kw
6,1,3828.8909633333333,486.04579894391708,30,month,net_load_kw
6,2,3824.1957966666669,451.98525421312564,30,month,net_load_kw
6,3,3800.8966666666665,450.43126083047702,30,month,net_load_kw
6,4,3772.1036133333332,465.50469370566168,30,month,net_load_kw
6,5,3733.8542633333332,466.90097490677283,30,month,net_load_kw
6,6,3699.3376666666668,462.36228536597849,30,month,net_load_kw
6,7,3692.3712433333335,468.35929632059248,30,month,net_load_kw
6,8,3693.27286,490.84365102699314,30,month,net_load_kw
6,9,3681.6603333333333,478.6778588519187,30,month,net_load_kw
6,10,3658.49161,450.07314144463027,30,month,net_load_kw
6,11,3664.8305700000001,451.14555205630347,30,month,net_load_kw
6,12,3669.6293333333333,483.14206113825321,30,month,net_load_kw
6,13,3603.954213333333,434.04714392366429,30,month,net_load_kw
6,14,3569.3266966666665,452.52140189679159,30,month,net_load_kw
6,15,3572.0846666666666,532.52952829078799,30,month,net_load_kw
6,16,3523.8804933333331,489.09739367977807,30,month,net_load_kw
6,17,3507.3277000000003,472.29954462068616,30,month,net_load_kw
6,18,3533.4733333333334,511.75126054682499,30,month,net_load_kw
6,19,3523.1711766666663,450.95678239131519,30,month,net_load_kw
6,20,3498.7398533333335,431.06758247074845,30,month,net_load_kw
6,21,3484.1806666666666,465.32659142713453,30,month,net_load_kw
6,22,3476.4197066666666,427.44666370556126,30,month,net_load_kw
6,23,3464.5063233333335,400.4138857554446,30,month,net_load_kw
6,24,3447.1473333333333,432.48959184552945,30,month,net_load_kw
6,25,3432.9974766666664,458.30562329152082,30,month,net_load_kw
6,26,3426.3465366666665,472.38459963935469,30,month,net_load_kw
6,27,3427.9306666666666,459.66488836927738,30,month,net_load_kw
6,28,3435.1899566666666,453.68346907413382,30,month,net_load_kw
6,29,3458.0674433333334,442.45149128852665,30,month,net_load_kw
6,30,3448.2651666666666,450.24829163690788,30,month,net_load_kw
6,31,3278.6163999999999,483.54170162150155,30,month,net_load_kw
6,32,3149.8544033333333,506.54121223927905,30,month,net_load_kw
6,33,3013.46875,449.99208998304175,30,month,net_load_kw
6,34,2710.8111866666668,354.29982464219881,30,month,net_load_kw
6,35,2854.125403333333,563.69774945626273,30,month,net_load_kw
6,36,3257.8115833333336,951.91793965785189,30,month,net_load_kw
6,37,3072.5516266666668,1005.4836662839091,30,month,net_load_kw
6,38,2747.688646666667,955.66893279527176,30,month,net_load_kw
6,39,2555.7339999999999,975.24970395177115,30,month,net_load_kw
6,40,2324.0023166666665,994.22143580647207,30,month,net_load_kw
6,41,2141.0692433333334,899.89218222248644,30,month,net_load_kw
6,42,1992.8094166666667,780.95352318680307,30,month,net_load_kw
6,43,1752.9874533333334,785.89577008005676,30,month,net_load_kw
6,44,1531.6572333333331,809.57794493102881,30,month,net_load_kw
6,45,1275.5445833333333,754.98567210202475,30,month,net_load_kw
6,46,923.21125333333327,677.43514486997447,30,month,net_load_kw
6,47,1222.9475166666666,1010.2117670839481,30,month,net_load_kw
6,48,1880.1085833333334,1560.6620738129784,30,month,net_load_kw
6,49,1766.2838433333334,1592.0445905410015,30,month,net_load_kw
6,50,1386.5179466666666,1504.6103897451148,30,month,net_load_kw
6,51,1149.0193333333334,1564.9794312800768,30,month,net_load_kw
6,52,969.67845666666665,1608.7940166118231,30,month,net_load_kw
6,53,866.05754666666667,1457.1475462525179,30,month,net_load_kw
6,54,779.74775,1231.5324687251607,30,month,net_load_kw
6,55,588.69758333333334,1185.7872175285925,30,month,net_load_kw
6,56,343.22994333333338,1192.521504427084,30,month,net_load_kw
6,57,105.6274999999999,1203.6517408998006,30,month,net_load_kw
6,58,-92.131166666666644,1229.6351290828577,30,month,net_load_kw
6,59,-213.94469333333342,1237.6524630354809,30,month,net_load_kw
6,60,-311.14308333333332,1256.9832081251063,30,month,net_load_kw
6,61,-482.58337333333333,1265.1796853885996,30,month,net_load_kw
6,62,-664.86492333333331,1284.8600179331199,30,month,net_load_kw
6,63,-819.06933333333336,1351.7561656407622,30,month,net_load_kw
6,64,-961.58947000000012,1380.709073495407,30,month,net_load_kw
6,65,-1067.2374166666666,1380.8618152651557,30,month,net_load_kw
6,66,-1128.4870833333334,1389.960732783404,30,month,net_load_kw
6,67,-1170.6585166666666,1380.8322444215592,30,month,net_load_kw
6,68,-1231.5599466666667,1440.4405905986855,30,month,net_load_kw
6,69,-1266.133,1532.5841857608141,30,month,net_load_kw
6,70,-1209.9528866666665,1519.7314338117301,30,month,net_load_kw
6,71,-1252.4793766666667,1411.7276113475282,30,month,net_load_kw
6,72,-1389.6259166666666,1281.2576216795148,30,month,net_load_kw
6,73,-1420.4392533333332,1244.1591300508496,30,month,net_load_kw
6,74,-1385.4616999999998,1244.2827193884207,30,month,net_load_kw
6,75,-1323.0701666666669,1249.8893925791465,30,month,net_load_kw
6,76,-1209.9749466666665,1297.820271220651,30,month,net_load_kw
6,77,-1039.77251,1461.5819472429432,30,month,net_load_kw
6,78,-857.75391666666667,1561.6998278032304,30,month,net_load_kw
6,79,-725.2006366666667,1451.9480358330677,30,month,net_load_kw
6,80,-583.09658999999999,1367.6697849539603,30,month,net_load_kw
6,81,-404.64141666666666,1413.7875078345103,30,month,net_load_kw
6,82,-227.25628333333333,1394.2373231944332,30,month,net_load_kw
6,83,-91.901016666666678,1308.8166037403068,30,month,net_load_kw
6,84,8.7443333333332856,1248.1477840910654,30,month,net_load_kw
6,85,118.01865999999995,1305.3566092552417,30,month,net_load_kw
6,86,230.79113666666672,1311.7970856013349,30,month,net_load_kw
6,87,360.03650000000005,1271.2700229222987,30,month,net_load_kw
6,88,528.83104666666657,1292.0102615849571,30,month,net_load_kw
6,89,681.91788666666673,1273.1002004711547,30,month,net_load_kw
6,90,841.54141666666669,1212.9920224516438,30,month,net_load_kw
6,91,1086.6761933333335,1190.7029526393194,30,month,net_load_kw
6,92,1338.5127466666668,1217.6006411642168,30,month,net_load_kw
6,93,1591.1303333333335,1238.4936369070967,30,month,net_load_kw
6,94,1901.13742,1201.9263872867723,30,month,net_load_kw
6,95,2131.0153500000001,1185.7896847129866,30,month,net_load_kw
6,96,2306.7897500000004,1217.1172257482356,30,month,net_load_kw
6,97,2592.8188233333335,1201.897726726356,30,month,net_load_kw
6,98,2860.3681766666664,1220.1426335534634,30,month,net_load_kw
6,99,3061.3015833333334,1254.312748839923,30,month,net_load_kw
6,100,3273.6994533333336,1184.5456428025152,30,month,net_load_kw
6,101,3459.0447166666663,1266.1605532722506,30,month,net_load_kw
6,102,3625.2452499999999,1487.9504546003573,30,month,net_load_kw
6,103,3837.0640933333334,1553.7000550500163,30,month,net_load_kw
6,104,4081.0270599999999,1518.8416443398371,30,month,net_load_kw
6,105,4402.9988333333331,1542.1811745813379,30,month,net_load_kw
6,106,4745.0229833333333,1626.4360283276053,30,month,net_load_kw
6,107,4370.5485366666671,1303.5526765042125,30,month,net_load_kw
6,108,3639.2452499999999,764.23948214659947,30,month,net_load_kw
6,109,3736.677283333333,697.74263934518308,30,month,net_load_kw
6,110,4110.2248766666662,782.27943211210777,30,month,net_load_kw
6,111,4332.5696666666663,782.87277025915694,30,month,net_load_kw
6,112,4521.4584233333335,774.24314585163802,30,month,net_load_kw
6,113,4680.4049866666664,746.52498589760808,30,month,net_load_kw
6,114,4791.1951666666673,717.21382765001476,30,month,net_load_kw
6,115,4841.8768733333327,720.29456123023056,30,month,net_load_kw
6,116,4867.1320466666666,736.18111364133051,30,month,net_load_kw
6,117,4838.4443333333329,767.51187322135092,30,month,net_load_kw
6,118,4775.0424033333338,767.60893721958382,30,month,net_load_kw
6,119,4767.5749800000003,758.59057749314798,30,month,net_load_kw
6,120,4819.3573333333334,748.36734897137046,30,month,net_load_kw
6,121,4853.0717266666661,727.72172659191824,30,month,net_load_kw
6,122,4868.5733799999998,733.52939601105004,30,month,net_load_kw
6,123,4870.7799999999997,751.50061491704002,30,month,net_load_kw
6,124,4856.7946433333327,699.40451190878866,30,month,net_load_kw
6,125,4850.9857166666661,699.00809375945096,30,month,net_load_kw
6,126,4851.9993333333341,761.54042206177257,30,month,net_load_kw
6,127,4837.3643699999993,799.41623695377518,30,month,net_load_kw
6,128,4831.6384333333326,796.45167238302042,30,month,net_load_kw
6,129,4889.3093333333336,787.1937534836502,30,month,net_load_kw
6,130,4958.6821499999996,797.1976259560073,30,month,net_load_kw
6,131,4530.7422499999993,669.13205642228286,30,month,net_load_kw
6,132,3861.8759999999997,459.99891177982227,30,month,net_load_kw
6,133,3773.5624233333333,412.95432953914315,30,month,net_load_kw
6,134,3848.8541266666666,435.55075307460203,30,month,net_load_kw
6,135,3827.2249999999999,466.33188109158255,30,month,net_load_kw
6,136,3863.6029733333335,480.27917139822631,30,month,net_load_kw
6,137,3877.5271433333332,441.27978469056188,30,month,net_load_kw
6,138,3851.5113333333334,423.93374669206014,30,month,net_load_kw
6,139,3862.6827966666665,516.15933466541446,30,month,net_load_kw
6,140,3861.6042966666664,523.06657136047318,30,month,net_load_kw
6,141,3838.125,430.80916874428044,30,month,net_load_kw
6,142,3837.5565366666665,470.36878492743534,30,month,net_load_kw
6,143,3839.1931533333332,414.53301205067703,30,month,net_load_kw
6,144,3837.5100000000002,478.43716781289851,30,month,net_load_kw
7,1,4349.3145193548389,485.81459134843442,31,month,net_load_kw
7,2,4336.6633709677426,449.82365336611122,31,month,net_load_kw
7,3,4362.3099999999995,482.99409995706304,31,month,net_load_kw
7,4,4359.9279354838709,435.87226211864288,31,month,net_load_kw
7,5,4334.8908838709676,421.01272241773734,31,month,net_load_kw
7,6,4312.9354838709678,441.58967760307917,31,month,net_load_kw
7,7,4306.4123806451616,437.62179583650197,31,month,net_load_kw
7,8,4271.5892870967746,403.51959829905132,31,month,net_load_kw
7,9,4223.2383870967742,422.63043462026229,31,month,net_load_kw
7,10,4222.0602806451616,477.24199288404077,31,month,net_load_kw
7,11,4224.7870612903225,521.16097410695249,31,month,net_load_kw
7,12,4217.8164516129027,493.95347146972182,31,month,net_load_kw
7,13,4227.6339161290325,472.57890006428926,31,month,net_load_kw
7,14,4217.0739032258061,433.93517340493719,31,month,net_load_kw
7,15,4173.7816129032253,402.06522078801072,31,month,net_load_kw
7,16,4127.2346032258065,421.58997191881082,31,month,net_load_kw
7,17,4107.1059999999998,444.5764430939011,31,month,net_load_kw
7,18,4102.6709677419358,444.74764658440358,31,month,net_load_kw
7,19,4078.0340741935483,439.98569689117932,31,month,net_load_kw
7,20,4055.7436612903225,466.40658790275023,31,month,net_load_kw
7,21,4054.0770967741937,467.92401551386911,31,month,net_load_kw
7,22,4059.5818838709679,472.62917973997401,31,month,net_load_kw
7,23,4014.0993032258066,474.39163530981477,31,month,net_load_kw
7,24,3959.0025806451613,493.83958894204869,31,month,net_load_kw
7,25,3990.7783451612904,445.54296482777863,31,month,net_load_kw
7,26,3992.4778935483873,437.23681139674477,31,month,net_load_kw
7,27,3956.171935483871,456.52550508830183,31,month,net_load_kw
7,28,3982.3327935483871,469.36460080972432,31,month,net_load_kw
7,29,3969.4802548387097,476.84445619618413,31,month,net_load_kw
7,30,3905.409516129032,480.28991799806852,31,month,net_load_kw
7,31,3830.0417322580647,440.58971489852416,31,month,net_load_kw
7,32,3692.4920419354839,452.70234077976215,31,month,net_load_kw
7,33,3430.7895967741933,448.30605175765851,31,month,net_load_kw
7,34,3121.5548645161293,418.23304192550802,31,month,net_load_kw
7,35,3226.8046967741939,619.29547484497652,31,month,net_load_kw
7,36,3550.4250000000002,963.71696976320982,31,month,net_load_kw
7,37,3392.3747516129033,1019.8497883796529,31,month,net_load_kw
7,38,3041.3729032258066,948.26762043353676,31,month,net_load_kw
7,39,2747.5358064516131,939.61006871077177,31,month,net_load_kw
7,40,2483.5468419354838,953.40431921757397,31,month,net_load_kw
7,41,2283.2834032258065,896.15948286429307,31,month,net_load_kw
7,42,2076.2401612903227,779.80279806524777,31,month,net_load_kw
7,43,1748.1018290322581,741.83176468422596,31,month,net_load_kw
7,44,1486.8082387096774,795.01349296977423,31,month,net_load_kw
7,45,1235.1380645161289,810.28038873685296,31,month,net_load_kw
7,46,861.205164516129,697.00976739564157,31,month,net_load_kw
7,47,1162.7505129032259,990.79301892283456,31,month,net_load_kw
7,48,1808.0996774193547,1536.9078635659089,31,month,net_load_kw
7,49,1587.6202354838708,1587.8321812858856,31,month,net_load_kw
7,50,1204.8002967741936,1516.6060259022875,31,month,net_load_kw
7,51,1026.1928225806453,1562.8770037283196,31,month,net_load_kw
7,52,735.95628064516131,1523.4788521781979,31,month,net_load_kw
7,53,589.41872258064518,1337.3871230941384,31,month,net_load_kw
7,54,535.88096774193548,1168.8469584207546,31,month,net_load_kw
7,55,221.39623870967733,1231.6420653467219,31,month,net_load_kw
7,56,-101.28213548387106,1261.6754922526775,31,month,net_load_kw
7,57,-297.54895161290329,1170.8505659499519,31,month,net_load_kw
7,58,-481.96549677419353,1106.2208316531817,31,month,net_load_kw
7,59,-666.46524516129023,1188.9081565039708,31,month,net_load_kw
7,60,-837.21629032258056,1309.6127664334074,31,month,net_load_kw
7,61,-985.57857419354832,1261.4055204401297,31,month,net_load_kw
7,62,-1111.9584935483872,1193.8940749180006,31,month,net_load_kw
7,63,-1217.327741935484,1191.379533673281,31,month,net_load_kw
7,64,-1308.3691580645161,1145.8451926699697,31,month,net_load_kw
7,65,-1419.1542193548387,1192.9103587770003,31,month,net_load_kw
7,66,-1542.540806451613,1284.6715762584658,31,month,net_load_kw
7,67,-1634.1198258064519,1295.3205745869345,31,month,net_load_kw
7,68,-1691.9940032258066,1287.9254902198793,31,month,net_load_kw
7,69,-1708.6661290322581,1325.2923801322479,31,month,net_load_kw
7,70,-1701.3215774193548,1362.6370648973045,31,month,net_load_kw
7,71,-1840.5520967741934,1297.1395155425919,31,month,net_load_kw
7,72,-2054.5666129032261,1170.6336510966239,31,month,net_load_kw
7,73,-2093.8263741935484,1147.3749520688714,31,month,net_load_kw
7,74,-2111.0397258064518,1196.9355298357443,31,month,net_load_kw
7,75,-2125.123387096774,1245.2245136421095,31,month,net_load_kw
7,76,-1971.7886322580648,1222.4140252798193,31,month,net_load_kw
7,77,-1705.6505483870967,1283.7903142653818,31,month,net_load_kw
7,78,-1483.3388709677417,1439.8233417947549,31,month,net_load_kw
7,79,-1419.5060032258064,1442.5913145680006,31,month,net_load_kw
7,80,-1294.7605193548386,1399.0467241386418,31,month,net_load_kw
7,81,-1091.9833870967743,1377.7880919975426,31,month,net_load_kw
7,82,-997.74810000000014,1356.7461466379166,31,month,net_load_kw
7,83,-875.54748064516139,1356.4685062868891,31,month,net_load_kw
7,84,-669.82104838709677,1338.8726433080392,31,month,net_load_kw
7,85,-458.77247096774204,1247.3905098573321,31,month,net_load_kw
7,86,-200.90844193548395,1186.8057578489552,31,month,net_load_kw
7,87,70.135161290322628,1180.7887515941297,31,month,net_load_kw
7,88,273.04892258064513,1209.8963290802292,31,month,net_load_kw
7,89,552.78513225806455,1214.2958384161589,31,month,net_load_kw
7,90,873.05637096774183,1211.6678174711703,31,month,net_load_kw
7,91,1059.1269258064515,1250.798568932549,31,month,net_load_kw
7,92,1324.0987806451612,1255.4127723306017,31,month,net_load_kw
7,93,1655.6513709677417,1249.7738360179144,31,month,net_load_kw
7,94,1831.1440548387097,1263.0017414993349,31,month,net_load_kw
7,95,2073.5258612903226,1275.3107342719352,31,month,net_load_kw
7,96,2421.2580645161293,1293.0031265809887,31,month,net_load_kw
7,97,2682.1668451612904,1329.4362327728654,31,month,net_load_kw
7,98,2935.933809677419,1329.6896294940404,31,month,net_load_kw
7,99,3255.4562096774193,1281.0425223652269,31,month,net_load_kw
7,100,3603.4880225806451,1254.2825250108219,31,month,net_load_kw
7,101,3824.9619096774195,1400.2023297233859,31,month,net_load_kw
7,102,3977.2610483870967,1589.0657156319839,31,month,net_load_kw
7,103,4263.8072967741937,1565.535145313733,31,month,net_load_kw
7,104,4521.4796741935479,1475.1587506477738,31,month,net_load_kw
7,105,4799.9055645161297,1509.6812768326452,31,month,net_load_kw
7,106,5210.539806451613,1632.1828547407943,31,month,net_load_kw
7,107,4942.3725419354832,1281.4833207661259,31,month,net_load_kw
7,108,4278.0265322580644,687.97597409135517,31,month,net_load_kw
7,109,4390.4902580645166,670.43860706101543,31,month,net_load_kw
7,110,4730.6739967741933,794.43631454601496,31,month,net_load_kw
7,111,4917.4954032258065,766.22416762005105,31,month,net_load_kw
7,112,5124.9742483870968,721.10131128244052,31,month,net_load_kw
7,113,5297.1519967741933,726.53190640580419,31,month,net_load_kw
7,114,5381.9508064516131,766.24611739538011,31,month,net_load_kw
7,115,5391.2563935483877,758.4199962407896,31,month,net_load_kw
7,116,5400.698429032258,733.47606060852502,31,month,net_load_kw
7,117,5407.3048387096778,710.46623675288504,31,month,net_load_kw
7,118,5398.2768806451613,725.83502860511146,31,month,net_load_kw
7,119,5425.5473064516136,727.73919532755519,31,month,net_load_kw
7,120,5462.3738709677418,708.68872668084407,31,month,net_load_kw
7,121,5432.1673387096771,702.25835644497283,31,month,net_load_kw
7,122,5422.4837935483874,733.32043395840265,31,month,net_load_kw
7,123,5461.692258064516,763.29145721543648,31,month,net_load_kw
7,124,5482.1861967741934,758.28615397372846,31,month,net_load_kw
7,125,5440.7108387096769,738.64466357079027,31,month,net_load_kw
7,126,5397.2764516129037,728.71169489974284,31,month,net_load_kw
7,127,5449.0436935483867,708.61714588794939,31,month,net_load_kw
7,128,5467.0029064516129,724.39890100447872,31,month,net_load_kw
7,129,5482.1641935483867,746.54819851444392,31,month,net_load_kw
7,130,5566.8663967741932,711.88848151377488,31,month,net_load_kw
7,131,5132.8213870967738,582.08785017516652,31,month,net_load_kw
7,132,4437.4074193548386,463.42912694368385,31,month,net_load_kw
7,133,4393.0887612903225,451.26832898878069,31,month,net_load_kw
7,134,4504.063580645161,471.26107793316254,31,month,net_load_kw
7,135,4462.9690322580645,484.61525820217992,31,month,net_load_kw
7,136,4456.2731645161293,467.27968315225633,31,month,net_load_kw
7,137,4442.7784806451609,440.7136025635906,31,month,net_load_kw
7,138,4399.5061290322583,418.91840992948681,31,month,net_load_kw
7,139,4376.012496774194,432.552019063459,31,month,net_load_kw
7,140,4386.2886580645163,428.46683766136277,31,month,net_load_kw
7,141,4413.6483870967741,409.34103854118814,31,month,net_load_kw
7,142,4424.4876935483871,437.02145766664057,31,month,net_load_kw
7,143,4401.9323935483872,350.36722378723152,31,month,net_load_kw
7,144,4352.3100000000004,488.2510880069803,31,month,net_load_kw
8,1,4165.1096129032258,502.4049322829523,31,month,net_load_kw
8,2,4122.9614193548387,423.15922382816007,31,month,net_load_kw
8,3,4110.166774193548,447.88868292904431,31,month,net_load_kw
8,4,4103.4553935483873,480.50913922122027,31,month,net_load_kw
8,5,4112.3688322580647,515.76502108122418,31,month,net_load_kw
8,6,4112.1625806451611,523.47021219274575,31,month,net_load_kw
8,7,4058.8045354838709,502.9343807003392,31,month,net_load_kw
8,8,4002.3093870967741,445.72243172863068,31,month,net_load_kw
8,9,3984.5316129032258,430.45140987957257,31,month,net_load_kw
8,10,3996.009893548387,465.91397789845132,31,month,net_load_kw
8,11,3956.5529838709676,453.57139001895547,31,month,net_load_kw
8,12,3903.9677419354839,418.67051918909272,31,month,net_load_kw
8,13,3949.8096032258063,454.83688484606108,31,month,net_load_kw
8,14,3966.5162806451613,468.6203933542667,31,month,net_load_kw
8,15,3928.9932258064514,434.95549348860277,31,month,net_load_kw
8,16,3930.0896516129033,487.19366496949777,31,month,net_load_kw
8,17,3886.3689870967742,495.42823660874217,31,month,net_load_kw
8,18,3824.9709677419355,451.92223365202148,31,month,net_load_kw
8,19,3865.8351709677418,452.18165788604853,31,month,net_load_kw
8,20,3881.0803516129035,482.93945737884638,31,month,net_load_kw
8,21,3833.1190322580646,536.26402278700266,31,month,net_load_kw
8,22,3812.9081548387094,568.94907145817297,31,month,net_load_kw
8,23,3810.0173580645164,488.68614308911316,31,month,net_load_kw
8,24,3793.8187096774195,406.72305162720528,31,month,net_load_kw
8,25,3758.3733387096772,453.24307361757411,31,month,net_load_kw
8,26,3764.9306548387099,501.54697362231576,31,month,net_load_kw
8,27,3791.4296774193544,470.7794135437095,31,month,net_load_kw
8,28,3750.7827516129032,444.94630431155684,31,month,net_load_kw
8,29,3696.0405741935488,437.63634301868558,31,month,net_load_kw
8,30,3659.4822580645159,476.89165529646027,31,month,net_load_kw
8,31,3625.3989967741936,519.64200963742246,31,month,net_load_kw
8,32,3641.4131096774195,493.47805511595703,31,month,net_load_kw
8,33,3571.2110483870965,476.64222301200158,31,month,net_load_kw
8,34,3278.7130806451614,459.08386934429274,31,month,net_load_kw
8,35,3344.2470096774196,690.75038178242198,31,month,net_load_kw
8,36,3622.7739516129031,1043.643238880185,31,month,net_load_kw
8,37,3363.4658064516129,1094.4595348070523,31,month,net_load_kw
8,38,2968.7239677419357,1023.7179746915765,31,month,net_load_kw
8,39,2689.7906451612903,1026.7276486389028,31,month,net_load_kw
8,40,2385.5047935483872,1070.2698410150279,31,month,net_load_kw
8,41,2135.2824387096775,979.37359293966142,31,month,net_load_kw
8,42,1914.9463709677418,802.82462284549808,31,month,net_load_kw
8,43,1597.1871419354839,759.76418336790596,31,month,net_load_kw
8,44,1286.7328032258065,808.76329721165985,31,month,net_load_kw
8,45,917.54209677419362,844.00990251129394,31,month,net_load_kw
8,46,427.62689677419354,823.20061941526467,31,month,net_load_kw
8,47,633.54612258064526,1105.5936539607378,31,month,net_load_kw
8,48,1209.6103225806451,1598.8549339942663,31,month,net_load_kw
8,49,939.76795161290329,1725.058015386131,31,month,net_load_kw
8,50,472.12312580645153,1696.0735885215636,31,month,net_load_kw
8,51,206.16564516129046,1738.2076213353573,31,month,net_load_kw
8,52,-95.987658064516054,1784.6934572530729,31,month,net_load_kw
8,53,-313.25769032258057,1664.382952510337,31,month,net_load_kw
8,54,-457.33491935483858,1482.9818653531984,31,month,net_load_kw
8,55,-712.37892903225782,1439.1574208676927,31,month,net_load_kw
8,56,-1030.7472967741935,1456.1413466664299,31,month,net_load_kw
8,57,-1314.1990322580646,1438.4032206148881,31,month,net_load_kw
8,58,-1504.0626161290322,1423.6465816037746,31,month,net_load_kw
8,59,-1659.7955354838712,1425.0833324378257,31,month,net_load_kw
8,60,-1856.4370161290324,1444.3217388919991,31,month,net_load_kw
8,61,-2103.9263806451613,1473.4809889323319,31,month,net_load_kw
8,62,-2219.2892645161292,1497.1620435065024,31,month,net_load_kw
8,63,-2247.1716935483869,1525.8340276509964,31,month,net_load_kw
8,64,-2416.764535483871,1543.3901289693456,31,month,net_load_kw
8,65,-2598.3888290322584,1513.3327905569088,31,month,net_load_kw
8,66,-2700.1358064516126,1464.7588499691947,31,month,net_load_kw
8,67,-2758.8240580645161,1462.7413632406165,31,month,net_load_kw
8,68,-2804.661064516129,1446.4038160469247,31,month,net_load_kw
8,69,-2877.2495967741938,1426.7672974367754,31,month,net_load_kw
8,70,-3006.0788999999995,1424.6974968039515,31,month,net_load_kw
8,71,-3132.0117612903227,1372.6678281025781,31,month,net_load_kw
8,72,-3213.6049193548388,1305.0849948070886,31,month,net_load_kw
8,73,-3254.3883548387098,1293.3130125821128,31,month,net_load_kw
8,74,-3275.9923580645159,1336.7601858600942,31,month,net_load_kw
8,75,-3262.2174999999997,1360.1160120159175,31,month,net_load_kw
8,76,-3154.6560838709679,1252.7442118769616,31,month,net_load_kw
8,77,-2900.5212096774194,1267.8130569849616,31,month,net_load_kw
8,78,-2603.4079838709681,1401.8314519442679,31,month,net_load_kw
8,79,-2449.3945548387101,1432.7676405364964,31,month,net_load_kw
8,80,-2341.4677967741936,1395.0306607966211,31,month,net_load_kw
8,81,-2224.8453225806452,1372.2047885876254,31,month,net_load_kw
8,82,-2131.3393870967739,1452.1984260181375,31,month,net_load_kw
8,83,-1983.6109677419356,1481.4691767071761,31,month,net_load_kw
8,84,-1750.3074999999999,1438.3978095426467,31,month,net_load_kw
8,85,-1476.3761096774192,1440.735158323633,31,month,net_load_kw
8,86,-1212.2032967741934,1436.4479875199838,31,month,net_load_kw
8,87,-971.85169354838706,1435.8428318201572,31,month,net_load_kw
8,88,-722.5340870967741,1394.1506125481928,31,month,net_load_kw
8,89,-396.50705161290324,1356.6072568324471,31,month,net_load_kw
8,90,-31.075161290322534,1353.1007353399352,31,month,net_load_kw
8,91,258.25392258064522,1350.1682313159772,31,month,net_load_kw
8,92,498.03770645161291,1384.6578747059991,31,month,net_load_kw
8,93,782.27677419354848,1408.1962131399682,31,month,net_load_kw
8,94,1176.8277516129031,1330.2659454809195,31,month,net_load_kw
8,95,1520.4164548387098,1305.5447864778309,31,month,net_load_kw
8,96,1780.4812096774194,1339.3615632649805,31,month,net_load_kw
8,97,2082.4314096774192,1355.69409690821,31,month,net_load_kw
8,98,2439.1697935483867,1355.0063994569009,31,month,net_load_kw
8,99,2809.297096774194,1330.4728296790606,31,month,net_load_kw
8,100,3125.6588161290319,1280.1656736224977,31,month,net_load_kw
8,101,3322.0708,1403.0138703958432,31,month,net_load_kw
8,102,3502.5341129032258,1613.4914841953957,31,month,net_load_kw
8,103,3846.8058129032261,1668.3007966304599,31,month,net_load_kw
8,104,4173.109558064516,1610.7606544566404,31,month,net_load_kw
8,105,4529.3872580645166,1616.1552860526679,31,month,net_load_kw
8,106,5036.2960451612898,1733.849147822375,31,month,net_load_kw
8,107,4875.3902129032258,1384.133972858966,31,month,net_load_kw
8,108,4307.164677419355,771.31013174223619,31,month,net_load_kw
8,109,4481.9897935483868,725.3253683643519,31,month,net_load_kw
8,110,4865.127893548387,812.10267483380221,31,month,net_load_kw
8,111,5041.3791935483869,782.41115114203944,31,month,net_load_kw
8,112,5121.5835903225807,783.95557031945998,31,month,net_load_kw
8,113,5129.7425064516128,760.07925151671918,31,month,net_load_kw
8,114,5098.6661290322581,736.97611614252207,31,month,net_load_kw
8,115,5081.3569709677422,798.92135910828063,31,month,net_load_kw
8,116,5117.0829290322572,824.61760159020014,31,month,net_load_kw
8,117,5164.5187096774189,805.89702044261173,31,month,net_load_kw
8,118,5150.9914419354836,835.16750572140484,31,month,net_load_kw
8,119,5146.2448612903227,842.21894749379965,31,month,net_load_kw
8,120,5177.8561290322587,807.11692399419394,31,month,net_load_kw
8,121,5199.248264516129,768.76880024271236,31,month,net_load_kw
8,122,5181.2955967741937,729.00087948313035,31,month,net_load_kw
8,123,5159.4335483870973,725.08962790608803,31,month,net_load_kw
8,124,5190.1671129032256,757.47990278338432,31,month,net_load_kw
8,125,5182.6089419354839,778.33345849652801,31,month,net_load_kw
8,126,5142.4696774193544,773.45016683465747,31,month,net_load_kw
8,127,5162.5066096774199,764.23193495953637,31,month,net_load_kw
8,128,5155.6918806451613,755.15843566115427,31,month,net_load_kw
8,129,5180.4083870967743,771.10197645575954,31,month,net_load_kw
8,130,5301.3067935483878,820.01501053725917,31,month,net_load_kw
8,131,4887.7742741935481,718.55058926255538,31,month,net_load_kw
8,132,4202.2383870967742,543.54384896465513,31,month,net_load_kw
8,133,4195.0975193548393,516.22082542149121,31,month,net_load_kw
8,134,4319.3842709677419,506.13719898001727,31,month,net_load_kw
8,135,4247.3612903225812,471.87566576194553,31,month,net_load_kw
8,136,4205.6766709677422,510.29833813887484,31,month,net_load_kw
8,137,4216.1552096774194,495.60284455226588,31,month,net_load_kw
8,138,4217.9338709677422,468.06168015677451,31,month,net_load_kw
8,139,4162.2275483870972,471.59100682245474,31,month,net_load_kw
8,140,4142.5198709677416,491.86858641903007,31,month,net_load_kw
8,141,4166.1067741935485,506.2864766011898,31,month,net_load_kw
8,142,4155.3721612903228,512.05139734452814,31,month,net_load_kw
8,143,4175.936780645161,427.98083326957413,31,month,net_load_kw
8,144,4211.6819354838708,533.78528433830877,31,month,net_load_kw
9,1,3366.58815,523.9495769013962,30,month,net_load_kw
9,2,3325.3188933333336,489.35627390319326,30,month,net_load_kw
9,3,3277.9906666666666,429.45473511975814,30,month,net_load_kw
9,4,3291.6192500000002,447.46142156983592,30,month,net_load_kw
9,5,3312.4208433333333,463.70773957767506,30,month,net_load_kw
9,6,3304.873,448.45538283550331,30,month,net_load_kw
9,7,3282.7706800000001,470.76305602571438,30,month,net_load_kw
9,8,3260.5408499999999,455.58926380530806,30,month,net_load_kw
9,9,3255.5433333333335,433.2949738149905,30,month,net_load_kw
9,10,3277.19796,466.61760229942445,30,month,net_load_kw
9,11,3291.4766333333332,458.62142120800746,30,month,net_load_kw
9,12,3289.2549999999997,416.28721767341807,30,month,net_load_kw
9,13,3293.4916400000002,439.88642102051955,30,month,net_load_kw
9,14,3311.2052366666667,460.03993032100311,30,month,net_load_kw
9,15,3320.8559999999998,438.71262022201842,30,month,net_load_kw
9,16,3296.7812300000001,436.21748423813358,30,month,net_load_kw
9,17,3291.2297366666667,432.10124489586713,30,month,net_load_kw
9,18,3323.4879999999998,426.21546390496445,30,month,net_load_kw
9,19,3360.0090866666665,435.11315133196274,30,month,net_load_kw
9,20,3368.0615366666666,440.68903077639948,30,month,net_load_kw
9,21,3345.8393333333329,457.43573172808573,30,month,net_load_kw
9,22,3322.19146,479.51072315953382,30,month,net_load_kw
9,23,3326.6423399999999,448.54953581836281,30,month,net_load_kw
9,24,3357.279,407.98698590932941,30,month,net_load_kw
9,25,3385.3599899999999,434.1050170644628,30,month,net_load_kw
9,26,3400.1460366666665,446.88394970647227,30,month,net_load_kw
9,27,3400.3966666666665,437.39194035219424,30,month,net_load_kw
9,28,3393.8465500000002,466.43074425952261,30,month,net_load_kw
9,29,3403.8866266666669,452.75222296899682,30,month,net_load_kw
9,30,3415.686666666667,410.70389059166024,30,month,net_load_kw
9,31,3397.9616833333334,423.09270740125368,30,month,net_load_kw
9,32,3418.1957400000001,463.53503550077932,30,month,net_load_kw
9,33,3413.9349999999999,478.10375230768653,30,month,net_load_kw
9,34,3311.2028733333336,400.25413233655132,30,month,net_load_kw
9,35,3608.7137400000001,600.22518923181315,30,month,net_load_kw
9,36,4086.6779166666665,972.78406015621044,30,month,net_load_kw
9,37,3970.146553333333,1008.384749853007,30,month,net_load_kw
9,38,3631.1144733333335,932.41360211203653,30,month,net_load_kw
9,39,3352.0462499999999,940.31447083353135,30,month,net_load_kw
9,40,3063.7479600000001,998.40703189245824,30,month,net_load_kw
9,41,2799.3576333333335,927.18454259328882,30,month,net_load_kw
9,42,2529.2421666666664,780.53500394533046,30,month,net_load_kw
9,43,2179.2762166666666,771.86672297322127,30,month,net_load_kw
9,44,1857.3933499999998,822.1162531068552,30,month,net_load_kw
9,45,1490.21425,803.83169663315311,30,month,net_load_kw
9,46,1006.4397700000001,742.75753918460896,30,month,net_load_kw
9,47,1197.1867433333332,1021.1130969791743,30,month,net_load_kw
9,48,1768.5430000000001,1517.9077111784213,30,month,net_load_kw
9,49,1555.5404800000001,1559.4912971757897,30,month,net_load_kw
9,50,1095.9017699999999,1494.0841116024669,30,month,net_load_kw
9,51,784.17733333333331,1542.9488517783996,30,month,net_load_kw
9,52,477.28705666666667,1538.674678732918,30,month,net_load_kw
9,53,210.95013666666668,1404.4851151993546,30,month,net_load_kw
9,54,-3.9508333333333061,1267.8540647124582,30,month,net_load_kw
9,55,-227.27523333333332,1301.7686527344874,30,month,net_load_kw
9,56,-495.93038666666672,1327.4710758603555,30,month,net_load_kw
9,57,-791.55608333333339,1283.9474976398192,30,month,net_load_kw
9,58,-1056.3152600000001,1299.0946596408817,30,month,net_load_kw
9,59,-1270.6925966666668,1354.9650976378337,30,month,net_load_kw
9,60,-1458.2894999999999,1407.8212872741792,30,month,net_load_kw
9,61,-1658.83872,1449.3550541592469,30,month,net_load_kw
9,62,-1847.0731833333334,1430.4078532636909,30,month,net_load_kw
9,63,-2037.5097499999999,1359.984710099832,30,month,net_load_kw
9,64,-2265.6289833333335,1353.4007890284172,30,month,net_load_kw
9,65,-2430.5475566666664,1408.1934058657341,30,month,net_load_kw
9,66,-2518.7876666666666,1435.8047904895166,30,month,net_load_kw
9,67,-2614.8893233333333,1352.9574217694521,30,month,net_load_kw
9,68,-2707.5887766666665,1302.1017175610375,30,month,net_load_kw
9,69,-2773.723833333333,1331.2015186486497,30,month,net_load_kw
9,70,-2832.9951766666663,1380.2633311195204,30,month,net_load_kw
9,71,-3013.1264966666668,1347.3610917524086,30,month,net_load_kw
9,72,-3244.6068333333333,1254.2510688650455,30,month,net_load_kw
9,73,-3307.9117133333334,1170.1048904962772,30,month,net_load_kw
9,74,-3276.2353866666667,1152.9631723504106,30,month,net_load_kw
9,75,-3216.5277500000002,1212.64851578355,30,month,net_load_kw
9,76,-3109.7418333333335,1243.943362024904,30,month,net_load_kw
9,77,-2923.8633433333334,1325.8018553385625,30,month,net_load_kw
9,78,-2703.5634999999997,1442.1176521855232,30,month,net_load_kw
9,79,-2540.1186299999999,1489.3413435332625,30,month,net_load_kw
9,80,-2396.1901199999998,1425.3467286596785,30,month,net_load_kw
9,81,-2225.8788333333337,1319.9642331171344,30,month,net_load_kw
9,82,-2024.5757566666666,1314.4940519317788,30,month,net_load_kw
9,83,-1850.82385,1366.655793024695,30,month,net_load_kw
9,84,-1684.0021666666667,1422.497487508801,30,month,net_load_kw
9,85,-1448.5122633333333,1453.0143794799808,30,month,net_load_kw
9,86,-1222.16039,1467.7694456739148,30,month,net_load_kw
9,87,-998.88541666666674,1452.4595267447221,30,month,net_load_kw
9,88,-690.17041000000006,1400.5252785087121,30,month,net_load_kw
9,89,-367.83451333333335,1361.7292488053547,30,month,net_load_kw
9,90,-79.683416666666645,1353.6936284643716,30,month,net_load_kw
9,91,195.38386333333341,1343.4469678588443,30,month,net_load_kw
9,92,490.46006666666653,1344.4564380248687,30,month,net_load_kw
9,93,799.35475000000008,1334.687860455768,30,month,net_load_kw
9,94,1101.9459966666666,1291.5189601111447,30,month,net_load_kw
9,95,1481.6494299999999,1238.9606442802285,30,month,net_load_kw
9,96,1889.3375000000001,1212.3867199343929,30,month,net_load_kw
9,97,2185.2671866666665,1244.9160964068355,30,month,net_load_kw
9,98,2495.8546766666668,1247.571053865428,30,month,net_load_kw
9,99,2858.464833333333,1221.8902245417037,30,month,net_load_kw
9,100,3174.3684466666668,1230.6929758641238,30,month,net_load_kw
9,101,3431.7019833333334,1342.5859867131564,30,month,net_load_kw
9,102,3685.1346666666664,1498.1753681284094,30,month,net_load_kw
9,103,3994.2683266666668,1560.5158310672448,30,month,net_load_kw
9,104,4275.16896,1556.25038293534,30,month,net_load_kw
9,105,4614.1744999999992,1592.9439615724357,30,month,net_load_kw
9,106,5066.2157500000003,1660.5083823758587,30,month,net_load_kw
9,107,4794.3382466666662,1290.6362828720758,30,month,net_load_kw
9,108,4107.2810833333333,706.34716940600879,30,month,net_load_kw
9,109,4197.8137100000004,634.69416010495422,30,month,net_load_kw
9,110,4375.9180800000004,749.72053369129139,30,month,net_load_kw
9,111,4298.5356666666667,767.4079465572371,30,month,net_load_kw
9,112,4325.7509399999999,775.3306240271977,30,month,net_load_kw
9,113,4370.4937033333326,770.52908046278571,30,month,net_load_kw
9,114,4372.8136666666669,740.96625568139461,30,month,net_load_kw
9,115,4392.6854066666674,772.15702038095469,30,month,net_load_kw
9,116,4350.8319799999999,787.38783490035962,30,month,net_load_kw
9,117,4294.1603333333333,758.14834204670024,30,month,net_load_kw
9,118,4359.7881133333331,721.54812886555339,30,month,net_load_kw
9,119,4400.0900766666664,719.41073136918578,30,month,net_load_kw
9,120,4381.9286666666658,736.36336395659407,30,month,net_load_kw
9,121,4410.6707266666663,751.79174359026285,30,month,net_load_kw
9,122,4401.7557666666671,737.74937363893514,30,month,net_load_kw
9,123,4360.9859999999999,723.05285630514913,30,month,net_load_kw
9,124,4388.4618866666669,757.49384024864514,30,month,net_load_kw
9,125,4407.2884933333326,766.53602052640463,30,month,net_load_kw
9,126,4418.5900000000001,745.44758864771279,30,month,net_load_kw
9,127,4482.5165233333337,749.76516271902642,30,month,net_load_kw
9,128,4416.1905833333331,732.49788532426726,30,month,net_load_kw
9,129,4340.6580000000004,692.11013671285707,30,month,net_load_kw
9,130,4486.1219166666669,754.53381170189834,30,month,net_load_kw
9,131,4107.5221933333332,626.23727407442414,30,month,net_load_kw
9,132,3401.116,392.7966496415865,30,month,net_load_kw
9,133,3360.36949,426.02652330222861,30,month,net_load_kw
9,134,3439.6083833333332,481.54414643248907,30,month,net_load_kw
9,135,3346.9966666666664,423.8420420338245,30,month,net_load_kw
9,136,3356.3215233333331,395.68101217111627,30,month,net_load_kw
9,137,3401.0547533333333,458.8612484572123,30,month,net_load_kw
9,138,3412.4286666666667,511.73360041935979,30,month,net_load_kw
9,139,3407.5082866666667,457.56689835036161,30,month,net_load_kw
9,140,3387.3765733333335,438.96514104648514,30,month,net_load_kw
9,141,3363.8433333333332,492.59116511273976,30,month,net_load_kw
9,142,3357.1838833333331,489.19318818848575,30,month,net_load_kw
9,143,3359.0068499999998,387.86554387964861,30,month,net_load_kw
9,144,3360.7773333333334,460.17488573542255,30,month,net_load_kw
10,1,3141.3980967741936,478.5115965652754,31,month,net_load_kw
10,2,3121.5959129032258,459.22552508598267,31,month,net_load_kw
10,3,3133.1609677419356,440.60636939982936,31,month,net_load_kw
10,4,3164.4244000000003,422.16614854757995,31,month,net_load_kw
10,5,3187.2614774193548,418.48628713079927,31,month,net_load_kw
10,6,3193.6706451612899,437.65775893907096,31,month,net_load_kw
10,7,3195.9185677419355,475.26686129033675,31,month,net_load_kw
10,8,3192.7547935483872,458.63720141077164,31,month,net_load_kw
10,9,3200.8332258064515,424.32541339076943,31,month,net_load_kw
10,10,3238.8024225806453,436.49394630007851,31,month,net_load_kw
10,11,3250.4119999999998,464.11365010321919,31,month,net_load_kw
10,12,3235.6725806451614,477.22665159556863,31,month,net_load_kw
10,13,3250.8440806451613,486.57813179760927,31,month,net_load_kw
10,14,3277.2408387096775,478.01387146095777,31,month,net_load_kw
10,15,3298.1580645161289,455.68174027800995,31,month,net_load_kw
10,16,3315.2468870967741,454.79604865192988,31,month,net_load_kw
10,17,3318.1483451612903,469.618216575774,31,month,net_load_kw
10,18,3310.1441935483872,485.41981869837304,31,month,net_load_kw
10,19,3305.9514806451612,451.65052570628501,31,month,net_load_kw
10,20,3299.4882967741933,439.57895297296517,31,month,net_load_kw
10,21,3301.5654838709679,455.52349870479571,31,month,net_load_kw
10,22,3331.1157193548388,465.90934627850618,31,month,net_load_kw
10,23,3351.7562838709678,462.55514326540225,31,month,net_load_kw
10,24,3342.8190322580645,447.2617946375093,31,month,net_load_kw
10,25,3321.5717548387097,427.2903196604106,31,month,net_load_kw
10,26,3335.1103258064518,454.49409371488645,31,month,net_load_kw
10,27,3374.8200000000002,497.11117763869822,31,month,net_load_kw
10,28,3387.7207580645163,457.95620570078739,31,month,net_load_kw
10,29,3392.9264387096773,438.74825273689981,31,month,net_load_kw
10,30,3386.8548387096776,447.95727305083437,31,month,net_load_kw
10,31,3351.3057129032259,437.66795814147571,31,month,net_load_kw
10,32,3368.421993548387,448.38829839485987,31,month,net_load_kw
10,33,3384.5909677419359,446.02382378340008,31,month,net_load_kw
10,34,3326.2781483870967,402.26811965919092,31,month,net_load_kw
10,35,3655.1285387096773,593.86612763662799,31,month,net_load_kw
10,36,4196.4580645161286,947.71112408588351,31,month,net_load_kw
10,37,4252.3992483870961,1029.1719127067397,31,month,net_load_kw
10,38,4144.6405096774197,996.45154435055247,31,month,net_load_kw
10,39,4036.4344354838709,999.69200249891753,31,month,net_load_kw
10,40,3770.0404677419351,1005.7136483388235,31,month,net_load_kw
10,41,3503.2702677419352,909.94716084148058,31,month,net_load_kw
10,42,3270.2915322580648,775.59133269226606,31,month,net_load_kw
10,43,2958.0798967741935,784.11626625111671,31,month,net_load_kw
10,44,2649.3105967741935,861.6494245124436,31,month,net_load_kw
10,45,2265.0573387096774,871.51887753290998,31,month,net_load_kw
10,46,1747.011829032258,809.88052058430083,31,month,net_load_kw
10,47,1911.4156774193548,1129.0135026174687,31,month,net_load_kw
10,48,2458.9079838709681,1677.7334756801135,31,month,net_load_kw
10,49,2200.4959419354836,1726.3285625871638,31,month,net_load_kw
10,50,1706.7594322580644,1642.3810114595212,31,month,net_load_kw
10,51,1361.0924193548387,1688.904724909446,31,month,net_load_kw
10,52,988.18745161290315,1722.3180677277535,31,month,net_load_kw
10,53,733.71296451612909,1598.3064901405114,31,month,net_load_kw
10,54,573.88572580645155,1406.9143186970073,31,month,net_load_kw
10,55,296.3398064516129,1381.3302385607967,31,month,net_load_kw
10,56,-40.948983870967687,1402.7881901476474,31,month,net_load_kw
10,57,-362.35588709677421,1381.0371892653645,31,month,net_load_kw
10,58,-657.58705806451621,1358.0099546517743,31,month,net_load_kw
10,59,-963.22085483870978,1322.5377286386085,31,month,net_load_kw
10,60,-1249.1662096774191,1327.0111201042598,31,month,net_load_kw
10,61,-1449.0375032258066,1400.5350277967077,31,month,net_load_kw
10,62,-1658.1497709677419,1392.7994676815406,31,month,net_load_kw
10,63,-1914.0906451612905,1322.814947094668,31,month,net_load_kw
10,64,-2146.9883419354842,1353.07800549687,31,month,net_load_kw
10,65,-2260.3333774193552,1350.1778958543377,31,month,net_load_kw
10,66,-2315.1525000000001,1289.1351250819284,31,month,net_load_kw
10,67,-2467.8728838709676,1268.4863323990573,31,month,net_load_kw
10,68,-2608.815212903226,1264.7016264363729,31,month,net_load_kw
10,69,-2667.4253225806451,1288.0460208789032,31,month,net_load_kw
10,70,-2707.5657999999999,1330.8357036462653,31,month,net_load_kw
10,71,-2888.666677419355,1314.4483017762379,31,month,net_load_kw
10,72,-3112.529758064516,1266.5457268272294,31,month,net_load_kw
10,73,-3116.3516870967742,1289.5671076933479,31,month,net_load_kw
10,74,-3089.6324516129034,1313.4180407173401,31,month,net_load_kw
10,75,-3096.112580645161,1273.1705140184617,31,month,net_load_kw
10,76,-2990.7235516129031,1257.7137664088993,31,month,net_load_kw
10,77,-2763.3548419354838,1368.5775881618629,31,month,net_load_kw
10,78,-2497.8530645161291,1533.0391478095219,31,month,net_load_kw
10,79,-2300.7989677419355,1558.6246189475833,31,month,net_load_kw
10,80,-2140.9088129032261,1506.027706896977,31,month,net_load_kw
10,81,-1984.4720161290322,1438.8179284290713,31,month,net_load_kw
10,82,-1823.1584903225805,1356.7285985422541,31,month,net_load_kw
10,83,-1621.4162000000001,1363.8590668034883,31,month,net_load_kw
10,84,-1380.733870967742,1421.2809509042418,31,month,net_load_kw
10,85,-1140.2345032258065,1393.6913367767338,31,month,net_load_kw
10,86,-911.54339354838726,1373.1317249515214,31,month,net_load_kw
10,87,-671.29387096774178,1383.7990478333609,31,month,net_load_kw
10,88,-382.6833387096774,1359.2236116662548,31,month,net_load_kw
10,89,-65.377219354838871,1344.2876550494984,31,month,net_load_kw
10,90,253.70185483870966,1341.8724493829147,31,month,net_load_kw
10,91,561.09629032258067,1296.8608300611966,31,month,net_load_kw
10,92,867.85870967741948,1293.876855396782,31,month,net_load_kw
10,93,1175.2518548387097,1326.8369183390573,31,month,net_load_kw
10,94,1479.6420677419355,1316.6619578271193,31,month,net_load_kw
10,95,1819.1005483870968,1307.04357686607,31,month,net_load_kw
10,96,2195.3299999999999,1317.6561336514042,31,month,net_load_kw
10,97,2564.5772967741937,1301.9899018134472,31,month,net_load_kw
10,98,2892.4021774193548,1293.9199358930064,31,month,net_load_kw
10,99,3221.3887096774192,1285.2398414065353,31,month,net_load_kw
10,100,3606.3133967741933,1236.7069978160819,31,month,net_load_kw
10,101,3866.5227258064519,1363.1516264929921,31,month,net_load_kw
10,102,4046.5293548387099,1599.2715398072608,31,month,net_load_kw
10,103,4372.1637032258068,1638.1282102187029,31,month,net_load_kw
10,104,4667.274777419354,1579.1130079360175,31,month,net_load_kw
10,105,4927.4252419354834,1586.0132906190124,31,month,net_load_kw
10,106,5197.3400516129032,1664.1538916009104,31,month,net_load_kw
10,107,4710.4857387096781,1326.4522515368219,31,month,net_load_kw
10,108,3813.0225806451613,758.0110751080432,31,month,net_load_kw
10,109,3706.8622612903227,680.55451545611174,31,month,net_load_kw
10,110,3844.3858096774193,746.47391671713899,31,month,net_load_kw
10,111,3823.2477419354836,724.17802681251283,31,month,net_load_kw
10,112,3810.1157580645163,725.82056656644579,31,month,net_load_kw
10,113,3816.7334161290323,745.48556916441021,31,month,net_load_kw
10,114,3825.1045161290322,750.89864636908533,31,month,net_load_kw
10,115,3835.7481645161292,735.82092636077721,31,month,net_load_kw
10,116,3856.0188096774195,715.54803715813296,31,month,net_load_kw
10,117,3876.6932258064517,721.55808484319596,31,month,net_load_kw
10,118,3878.5554161290324,742.02813393976976,31,month,net_load_kw
10,119,3874.1000387096774,771.15771696102206,31,month,net_load_kw
10,120,3873.4374193548388,781.91749692222538,31,month,net_load_kw
10,121,3876.7225161290321,763.03796829585929,31,month,net_load_kw
10,122,3885.6458000000002,737.44472262598106,31,month,net_load_kw
10,123,3887.2135483870966,724.34652382474326,31,month,net_load_kw
10,124,3866.5937612903226,725.2652906379866,31,month,net_load_kw
10,125,3860.8632806451615,723.71960281339682,31,month,net_load_kw
10,126,3886.7351612903226,721.3137194446947,31,month,net_load_kw
10,127,3920.7688193548388,743.591233339675,31,month,net_load_kw
10,128,3918.185816129032,737.98757082175393,31,month,net_load_kw
10,129,3948.5564516129034,730.57343281173496,31,month,net_load_kw
10,130,4039.5338548387099,759.2562484685742,31,month,net_load_kw
10,131,3617.0998774193549,659.04678001973502,31,month,net_load_kw
10,132,2939.6222580645162,470.5555605927222,31,month,net_load_kw
10,133,2904.4541322580644,450.62597446398445,31,month,net_load_kw
10,134,3049.6254225806451,453.2831828057362,31,month,net_load_kw
10,135,3044.6816129032259,411.91951989109697,31,month,net_load_kw
10,136,3021.9468096774194,405.93464873842635,31,month,net_load_kw
10,137,3034.2374806451612,418.87725866898478,31,month,net_load_kw
10,138,3064.175806451613,428.17126612898096,31,month,net_load_kw
10,139,3069.9624741935486,434.42347330793478,31,month,net_load_kw
10,140,3089.5125967741933,443.11574994382187,31,month,net_load_kw
10,141,3120.3035483870967,453.30487243170307,31,month,net_load_kw
10,142,3119.8919516129035,425.10448585253937,31,month,net_load_kw
10,143,3126.834151612903,339.28187978197116,31,month,net_load_kw
10,144,3137.7812903225808,437.46539997080095,31,month,net_load_kw
11,1,3111.4240199999999,461.05799131600196,30,month,net_load_kw
11,2,3130.1191200000003,432.35323810956453,30,month,net_load_kw
11,3,3164.1096666666663,456.61985846135121,30,month,net_load_kw
11,4,3168.6764200000002,432.99018618616032,30,month,net_load_kw
11,5,3173.5966366666667,434.6766988005449,30,month,net_load_kw
11,6,3184.1773333333335,476.05208035816133,30,month,net_load_kw
11,7,3177.9385966666669,469.90328148469433,30,month,net_load_kw
11,8,3193.5457733333333,442.93035484792586,30,month,net_load_kw
11,9,3222.8803333333335,431.62395947912432,30,month,net_load_kw
11,10,3219.4907600000001,439.77095297592297,30,month,net_load_kw
11,11,3230.6239700000001,449.76560325688882,30,month,net_load_kw
11,12,3255.4326666666666,457.23553539409698,30,month,net_load_kw
11,13,3245.5098233333333,439.8310783861433,30,month,net_load_kw
11,14,3248.6069699999998,424.70223586000793,30,month,net_load_kw
11,15,3282.0846666666666,427.75331527551646,30,month,net_load_kw
11,16,3311.7508933333334,448.46488968892919,30,month,net_load_kw
11,17,3319.0254199999999,454.86080105802233,30,month,net_load_kw
11,18,3310.9000000000001,434.7250539966771,30,month,net_load_kw
11,19,3309.4363500000004,422.28383730342887,30,month,net_load_kw
11,20,3313.1915666666669,433.08972567698618,30,month,net_load_kw
11,21,3325.1776666666669,454.24050587450535,30,month,net_load_kw
11,22,3351.9636566666668,426.71254371061144,30,month,net_load_kw
11,23,3372.2482566666667,434.6235672363652,30,month,net_load_kw
11,24,3361.0963333333334,475.51919216849143,30,month,net_load_kw
11,25,3315.9013,478.7312145895375,30,month,net_load_kw
11,26,3306.3666633333332,453.97137946322846,30,month,net_load_kw
11,27,3347.3196666666668,441.87997625727098,30,month,net_load_kw
11,28,3383.4125966666666,446.10484377583225,30,month,net_load_kw
11,29,3373.2859833333337,474.66788008957718,30,month,net_load_kw
11,30,3348.7106666666668,495.97906442839331,30,month,net_load_kw
11,31,3380.7360899999999,482.47600995907686,30,month,net_load_kw
11,32,3421.6828133333333,471.7835633386116,30,month,net_load_kw
11,33,3381.402,446.68588972411106,30,month,net_load_kw
11,34,3284.4467399999999,382.57603397383372,30,month,net_load_kw
11,35,3626.5206800000001,590.92551341310912,30,month,net_load_kw
11,36,4199.9359999999997,961.36602565308101,30,month,net_load_kw
11,37,4259.7866233333334,1031.6507899720493,30,month,net_load_kw
11,38,4183.09476,976.30645180182853,30,month,net_load_kw
11,39,4207.1866666666665,969.99663825700191,30,month,net_load_kw
11,40,4181.0399266666664,1003.8640941763196,30,month,net_load_kw
11,41,4164.4318466666673,940.1784541378895,30,month,net_load_kw
11,42,4064.6255000000001,804.42186364687007,30,month,net_load_kw
11,43,3767.26811,742.30974179286545,30,month,net_load_kw
11,44,3479.2638500000003,773.91560422891632,30,month,net_load_kw
11,45,3180.0410833333331,769.8919678851621,30,month,net_load_kw
11,46,2758.6957499999999,669.40740626704621,30,month,net_load_kw
11,47,2936.4061666666666,999.50010690521981,30,month,net_load_kw
11,48,3443.9807500000002,1592.0821016212233,30,month,net_load_kw
11,49,3216.6030000000001,1677.0024422000417,30,month,net_load_kw
11,50,2787.1140566666668,1606.0088525594279,30,month,net_load_kw
11,51,2484.4329166666666,1645.4400474340002,30,month,net_load_kw
11,52,2125.0448333333334,1668.3277454441964,30,month,net_load_kw
11,53,1924.8197533333334,1518.5731423188306,30,month,net_load_kw
11,54,1818.2725833333336,1301.8302611865945,30,month,net_load_kw
11,55,1489.1347566666668,1256.0696815562794,30,month,net_load_kw
11,56,1158.1033600000001,1253.7845012099331,30,month,net_load_kw
11,57,915.78341666666665,1244.4504726958326,30,month,net_load_kw
11,58,633.38119333333327,1301.3536484603726,30,month,net_load_kw
11,59,374.43182666666667,1320.829778759484,30,month,net_load_kw
11,60,151.94858333333335,1298.8298245827762,30,month,net_load_kw
11,61,-93.461440000000024,1312.6736250746767,30,month,net_load_kw
11,62,-307.6805966666667,1279.3601818836471,30,month,net_load_kw
11,63,-477.3555833333333,1244.1314278505231,30,month,net_load_kw
11,64,-649.19344666666666,1293.662090391975,30,month,net_load_kw
11,65,-828.33674333333352,1339.7375280210267,30,month,net_load_kw
11,66,-991.13691666666659,1336.3316358922668,30,month,net_load_kw
11,67,-1113.9309266666669,1334.4150574812602,30,month,net_load_kw
11,68,-1239.5599199999999,1348.4617434527415,30,month,net_load_kw
11,69,-1337.8467500000002,1379.3797288338469,30,month,net_load_kw
11,70,-1355.0469833333334,1412.6594778224842,30,month,net_load_kw
11,71,-1489.2149299999999,1340.0291168079382,30,month,net_load_kw
11,72,-1700.1225000000002,1204.3469956864446,30,month,net_load_kw
11,73,-1735.4646633333334,1158.5971393396421,30,month,net_load_kw
11,74,-1698.5176533333333,1169.9537590845978,30,month,net_load_kw
11,75,-1671.2842499999999,1186.4963080667799,30,month,net_load_kw
11,76,-1610.9450400000001,1185.4263414223594,30,month,net_load_kw
11,77,-1436.2111199999999,1232.1629748360258,30,month,net_load_kw
11,78,-1213.4863333333333,1332.4656383948152,30,month,net_load_kw
11,79,-1095.3072433333334,1352.0457885337912,30,month,net_load_kw
11,80,-961.78421666666679,1359.5695358273344,30,month,net_load_kw
11,81,-789.17716666666661,1368.1444117456435,30,month,net_load_kw
11,82,-667.13107333333346,1305.314599317591,30,month,net_load_kw
11,83,-482.05100333333337,1299.8393443801488,30,month,net_load_kw
11,84,-229.33100000000002,1354.1895812370074,30,month,net_load_kw
11,85,-25.854456666666618,1369.7411730390563,30,month,net_load_kw
11,86,170.67789999999999,1367.4025764203502,30,month,net_load_kw
11,87,413.38666666666666,1362.8089611007881,30,month,net_load_kw
11,88,707.43359666666652,1343.0962429119304,30,month,net_load_kw
11,89,992.33436000000006,1344.1647070647364,30,month,net_load_kw
11,90,1264.0525,1362.8542776695053,30,month,net_load_kw
11,91,1571.5432333333335,1357.429126349585,30,month,net_load_kw
11,92,1886.8860033333333,1321.2917890694696,30,month,net_load_kw
11,93,2190.4258333333332,1287.5058836827957,30,month,net_load_kw
11,94,2493.1466066666667,1294.2204942740764,30,month,net_load_kw
11,95,2814.2048066666666,1312.747867474603,30,month,net_load_kw
11,96,3145.8914999999997,1328.9689962900786,30,month,net_load_kw
11,97,3463.5320033333333,1337.7708890251286,30,month,net_load_kw
11,98,3787.9851599999997,1328.3690217236121,30,month,net_load_kw
11,99,4129.1795000000002,1291.7537317500805,30,month,net_load_kw
11,100,4458.3144300000004,1283.4579340512926,30,month,net_load_kw
11,101,4687.6255800000008,1434.7681895176167,30,month,net_load_kw
11,102,4838.6302500000002,1637.8900229423309,30,month,net_load_kw
11,103,5001.9660100000001,1629.1461840278241,30,month,net_load_kw
11,104,5051.9473833333332,1554.7169366055559,30,month,net_load_kw
11,105,5092.1653333333334,1577.8884413009889,30,month,net_load_kw
11,106,5199.4928733333336,1672.0314432878026,30,month,net_load_kw
11,107,4678.6344066666661,1344.3984088493894,30,month,net_load_kw
11,108,3821.7286666666669,789.16792828873906,30,month,net_load_kw
11,109,3710.2779999999998,715.13641526656136,30,month,net_load_kw
11,110,3822.9848066666668,766.90878435237698,30,month,net_load_kw
11,111,3803.5513333333338,742.76572595491609,30,month,net_load_kw
11,112,3822.0573899999999,787.47884926535153,30,month,net_load_kw
11,113,3837.5903033333329,783.10490273273786,30,month,net_load_kw
11,114,3825.8513333333331,740.90360704291038,30,month,net_load_kw
11,115,3824.9264633333337,787.63976525830492,30,month,net_load_kw
11,116,3820.9836333333337,792.63310010855605,30,month,net_load_kw
11,117,3827.462,731.65346812780729,30,month,net_load_kw
11,118,3869.2435766666667,724.25977612263171,30,month,net_load_kw
11,119,3858.8206,755.45299977426475,30,month,net_load_kw
11,120,3820.949333333333,766.5240226927383,30,month,net_load_kw
11,121,3865.3963166666667,735.24995008620544,30,month,net_load_kw
11,122,3884.7470133333331,739.40809304667744,30,month,net_load_kw
11,123,3852.9103333333333,772.91844240083537,30,month,net_load_kw
11,124,3855.2606366666664,742.55709643508533,30,month,net_load_kw
11,125,3875.3502833333332,742.70954748778229,30,month,net_load_kw
11,126,3892.0836666666664,788.7076754980518,30,month,net_load_kw
11,127,3899.364333333333,778.82557016689998,30,month,net_load_kw
11,128,3867.2328199999997,754.31630069356106,30,month,net_load_kw
11,129,3882.3660000000004,760.14791654764406,30,month,net_load_kw
11,130,3987.8383366666667,776.67002343681838,30,month,net_load_kw
11,131,3603.5091066666664,656.16092904156187,30,month,net_load_kw
11,132,2960.873,474.54926251418675,30,month,net_load_kw
11,133,2923.7938399999998,448.27637361054116,30,month,net_load_kw
11,134,3032.9743800000001,490.122972763745,30,month,net_load_kw
11,135,3000.0009999999997,494.65961334171925,30,month,net_load_kw
11,136,3002.2104733333331,446.9902376793093,30,month,net_load_kw
11,137,3031.9955733333331,418.28056877533265,30,month,net_load_kw
11,138,3060.2396666666668,423.31795281531242,30,month,net_load_kw
11,139,3082.8737699999997,441.53585050386158,30,month,net_load_kw
11,140,3076.5835900000002,457.47760279577989,30,month,net_load_kw
11,141,3058.1676666666667,460.64140034104719,30,month,net_load_kw
11,142,3074.6540033333335,497.90147038736882,30,month,net_load_kw
11,143,3113.04862,379.89550926881543,30,month,net_load_kw
11,144,3146.9363333333331,462.84126876532827,30,month,net_load_kw
12,1,3309.778029032258,496.1064729133912,31,month,net_load_kw
12,2,3355.1284064516126,450.50640186566568,31,month,net_load_kw
12,3,3367.7038709677422,418.55099665932721,31,month,net_load_kw
12,4,3364.9289709677419,417.3633549386052,31,month,net_load_kw
12,5,3370.4176096774195,429.50970303749699,31,month,net_load_kw
12,6,3393.2532258064516,440.93525819094344,31,month,net_load_kw
12,7,3427.457409677419,426.34750132125032,31,month,net_load_kw
12,8,3468.5940419354843,430.78267488862775,31,month,net_load_kw
12,9,3501.4387096774194,430.15693245405168,31,month,net_load_kw
12,10,3513.6120903225806,412.71260096186006,31,month,net_load_kw
12,11,3547.037216129032,414.40973561084047,31,month,net_load_kw
12,12,3601.405806451613,427.809109991627,31,month,net_load_kw
12,13,3628.3603193548383,429.18728222560713,31,month,net_load_kw
12,14,3613.3456870967743,427.17887825156549,31,month,net_load_kw
12,15,3602.6103225806451,430.91087270636268,31,month,net_load_kw
12,16,3654.866238709677,422.07642203191955,31,month,net_load_kw
12,17,3676.9942677419353,424.73617827358061,31,month,net_load_kw
12,18,3657.1819354838708,455.12655714954252,31,month,net_load_kw
12,19,3677.7728483870969,472.91717336844795,31,month,net_load_kw
12,20,3718.9633838709678,469.02481819280524,31,month,net_load_kw
12,21,3746.842258064516,442.72071575437315,31,month,net_load_kw
12,22,3754.0164096774197,448.04833910701598,31,month,net_load_kw
12,23,3785.2392483870967,460.66952676968981,31,month,net_load_kw
12,24,3831.2129032258067,458.18882634559839,31,month,net_load_kw
12,25,3835.972825806452,444.97667075914745,31,month,net_load_kw
12,26,3824.6732258064517,411.50072561895598,31,month,net_load_kw
12,27,3843.3625806451614,414.63420863027164,31,month,net_load_kw
12,28,3907.2810483870967,456.36451856858662,31,month,net_load_kw
12,29,3915.5240129032259,457.07271204754045,31,month,net_load_kw
12,30,3888.3958064516132,423.89664880152247,31,month,net_load_kw
12,31,3940.5151580645161,462.01732878717269,31,month,net_load_kw
12,32,3966.1065612903226,486.45176949812458,31,month,net_load_kw
12,33,3877.8309677419352,442.51111392713324,31,month,net_load_kw
12,34,3777.5326451612905,395.08687584128876,31,month,net_load_kw
12,35,4183.8296096774193,611.50879894067077,31,month,net_load_kw
12,36,4823.0561290322576,970.01383091746811,31,month,net_load_kw
12,37,4860.9437322580652,974.83947482878261,31,month,net_load_kw
12,38,4780.5752258064513,910.77296722613414,31,month,net_load_kw
12,39,4836.0822580645154,950.08527263507472,31,month,net_load_kw
12,40,4805.0504161290319,979.20466937049071,31,month,net_load_kw
12,41,4848.8479935483865,860.61194967243489,31,month,net_load_kw
12,42,4945.5001612903225,683.72289813866837,31,month,net_load_kw
12,43,4763.0725774193543,699.03889701934463,31,month,net_load_kw
12,44,4504.3011354838709,760.06037465747613,31,month,net_load_kw
12,45,4199.9812096774194,723.52230916476447,31,month,net_load_kw
12,46,3812.3718064516129,615.3261342334398,31,month,net_load_kw
12,47,4094.5233290322585,924.43936009018,31,month,net_load_kw
12,48,4713.1050000000005,1479.3804127060539,31,month,net_load_kw
12,49,4497.6098935483869,1579.1777061093828,31,month,net_load_kw
12,50,4048.5538322580646,1481.1747287250766,31,month,net_load_kw
12,51,3765.5881451612904,1444.9587936764503,31,month,net_load_kw
12,52,3461.3351064516128,1478.0860862403269,31,month,net_load_kw
12,53,3223.8532225806453,1358.9599250558886,31,month,net_load_kw
12,54,3046.4957258064514,1152.5313991059334,31,month,net_load_kw
12,55,2801.0015580645158,1129.8686095329151,31,month,net_load_kw
12,56,2551.7846096774192,1152.9835130704139,31,month,net_load_kw
12,57,2321.4654032258063,1152.0547808577176,31,month,net_load_kw
12,58,2067.6214322580645,1167.9048296597473,31,month,net_load_kw
12,59,1850.8517516129029,1192.4458677347941,31,month,net_load_kw
12,60,1663.8158064516126,1214.4408530793412,31,month,net_load_kw
12,61,1433.7924451612903,1252.5491811149252,31,month,net_load_kw
12,62,1203.8607677419354,1250.557808309391,31,month,net_load_kw
12,63,1013.1041129032259,1206.9126969537378,31,month,net_load_kw
12,64,860.63886129032244,1201.1491476573522,31,month,net_load_kw
12,65,722.35237419354837,1256.8304072418882,31,month,net_load_kw
12,66,584.43298387096786,1311.7131590675638,31,month,net_load_kw
12,67,454.57899354838702,1295.3438188171533,31,month,net_load_kw
12,68,362.28328709677413,1287.1983759570071,31,month,net_load_kw
12,69,312.60766129032248,1287.839932595296,31,month,net_load_kw
12,70,261.40801290322582,1216.2048768872708,31,month,net_load_kw
12,71,95.458822580645034,1108.4189081125053,31,month,net_load_kw
12,72,-112.59250000000002,1057.4446413605222,31,month,net_load_kw
12,73,-152.29592258064511,1060.1303806974558,31,month,net_load_kw
12,74,-73.615029032258036,1055.8203040896474,31,month,net_load_kw
12,75,-1.968548387096777,1019.0513482259646,31,month,net_load_kw
12,76,0.19271290322587681,1010.1062238148119,31,month,net_load_kw
12,77,141.50403548387095,1051.9910110629169,31,month,net_load_kw
12,78,396.40209677419358,1128.7981505772884,31,month,net_load_kw
12,79,522.22351290322581,1181.4741108937696,31,month,net_load_kw
12,80,611.09876451612911,1150.2566867001917,31,month,net_load_kw
12,81,727.44354838709683,1083.9179581912504,31,month,net_load_kw
12,82,836.8362870967743,1114.6979605936262,31,month,net_load_kw
12,83,966.77047096774197,1128.1493451350218,31,month,net_load_kw
12,84,1123.5774999999999,1089.6261578287222,31,month,net_load_kw
12,85,1289.3299645161292,1074.7723348423083,31,month,net_load_kw
12,86,1497.5508387096775,1085.0831472046068,31,month,net_load_kw
12,87,1724.0243548387098,1105.3514740183639,31,month,net_load_kw
12,88,1908.8482290322579,1135.8690872999109,31,month,net_load_kw
12,89,2129.3343967741939,1199.7342109002714,31,month,net_load_kw
12,90,2404.3383870967746,1230.6882200151174,31,month,net_load_kw
12,91,2671.6920387096775,1169.1267944206854,31,month,net_load_kw
12,92,2920.1294677419355,1164.4996884578309,31,month,net_load_kw
12,93,3171.145,1222.5471222027597,31,month,net_load_kw
12,94,3447.8773064516126,1226.5897858383107,31,month,net_load_kw
12,95,3707.0065161290318,1232.8566935476263,31,month,net_load_kw
12,96,3956.4289516129033,1245.3499279785403,31,month,net_load_kw
12,97,4244.3379741935478,1213.8967064691485,31,month,net_load_kw
12,98,4512.5246709677422,1211.6368177181496,31,month,net_load_kw
12,99,4779.3594354838706,1220.1729004523143,31,month,net_load_kw
12,100,5097.8387645161292,1182.1000383221044,31,month,net_load_kw
12,101,5256.1776709677415,1324.8906841079504,31,month,net_load_kw
12,102,5257.9088709677417,1553.3641570988809,31,month,net_load_kw
12,103,5290.8042225806457,1516.9371601630137,31,month,net_load_kw
12,104,5278.999048387097,1458.9738783917417,31,month,net_load_kw
12,105,5261.0664516129027,1550.5876725283836,31,month,net_load_kw
12,106,5374.3797709677419,1648.1829242070773,31,month,net_load_kw
12,107,4824.7767161290321,1287.0144670959153,31,month,net_load_kw
12,108,3923.4577419354841,711.87703656230622,31,month,net_load_kw
12,109,3862.4922903225806,660.76858219389362,31,month,net_load_kw
12,110,3991.3004999999998,749.00624014797461,31,month,net_load_kw
12,111,3920.8970967741934,720.12938820369197,31,month,net_load_kw
12,112,3919.9793290322582,711.87686355600624,31,month,net_load_kw
12,113,3940.4902935483869,721.99039948294967,31,month,net_load_kw
12,114,3915.8406451612905,727.03590100689189,31,month,net_load_kw
12,115,3868.4643064516131,720.56133115382204,31,month,net_load_kw
12,116,3895.0997806451614,722.66333392302818,31,month,net_load_kw
12,117,3960.4958064516127,732.81075778936815,31,month,net_load_kw
12,118,3934.4779838709678,732.49580231241055,31,month,net_load_kw
12,119,3902.6717225806451,753.30134036185677,31,month,net_load_kw
12,120,3921.4687096774192,769.10067166677186,31,month,net_load_kw
12,121,3959.6106419354842,707.6665650034422,31,month,net_load_kw
12,122,3976.0386161290326,682.44751243932512,31,month,net_load_kw
12,123,3961.8383870967746,715.5999060559692,31,month,net_load_kw
12,124,3941.9961870967741,736.3128724020678,31,month,net_load_kw
12,125,3941.3011774193551,733.9917429773094,31,month,net_load_kw
12,126,3957.9874193548389,722.22768023187689,31,month,net_load_kw
12,127,3967.2357903225807,720.91017785258043,31,month,net_load_kw
12,128,3959.6056129032258,721.36239917221201,31,month,net_load_kw
12,129,3999.1322580645165,733.09744383999271,31,month,net_load_kw
12,130,4082.8982387096776,756.59556313033409,31,month,net_load_kw
12,131,3700.9353258064516,622.72821085166788,31,month,net_load_kw
12,132,3083.3741935483872,421.6649951938482,31,month,net_load_kw
12,133,3022.2824806451613,426.07450764670131,31,month,net_load_kw
12,134,3107.3496161290323,439.85362061293387,31,month,net_load_kw
12,135,3081.518064516129,414.72825974300611,31,month,net_load_kw
12,136,3102.5663677419357,423.16792288278452,31,month,net_load_kw
12,137,3136.4779516129033,421.91457440232841,31,month,net_load_kw
12,138,3150.5193548387097,410.80124772559208,31,month,net_load_kw
12,139,3163.069770967742,436.32233693790818,31,month,net_load_kw
12,140,3179.9337129032256,438.72877301572373,31,month,net_load_kw
12,141,3209.3312903225806,436.10946627914365,31,month,net_load_kw
12,142,3253.8330290322583,481.84289102871844,31,month,net_load_kw
12,143,3271.663712903226,398.72105010054815,31,month,net_load_kw
12,144,3275.3532258064515,469.41410873830864,31,month,net_load_kw
1,1,3730.6053615384617,422.04803063613207,52,weekday,net_load_kw
1,2,3716.0720576923077,405.85560103545203,52,weekday,net_load_kw
1,3,3693.832115384615,405.19924247619304,52,weekday,net_load_kw
1,4,3695.2807961538465,395.10919516402197,52,weekday,net_load_kw
1,5,3715.3619942307696,397.0004443382727,52,weekday,net_load_kw
1,6,3741.4924999999998,408.57690492097544,52,weekday,net_load_kw
1,7,3757.5978923076918,411.79238142668675,52,weekday,net_load_kw
1,8,3729.5271384615385,367.61167106651777,52,weekday,net_load_kw
1,9,3701.4140384615384,323.21157428835852,52,weekday,net_load_kw
1,10,3753.0680384615384,350.40446826722473,52,weekday,net_load_kw
1,11,3781.3880846153847,337.52020832709269,52,weekday,net_load_kw
1,12,3766.0265384615386,289.29624433072286,52,weekday,net_load_kw
1,13,3783.6944057692308,323.51022472679188,52,weekday,net_load_kw
1,14,3784.7165788461539,326.73059515109463,52,weekday,net_load_kw
1,15,3753.3882692307693,298.58910254021197,52,weekday,net_load_kw
1,16,3736.0145576923078,285.21571087358723,52,weekday,net_load_kw
1,17,3757.1440519230769,284.77544202746662,52,weekday,net_load_kw
1,18,3793.2674999999999,283.8746344045789,52,weekday,net_load_kw
1,19,3800.1607634615384,283.33398332820002,52,weekday,net_load_kw
1,20,3815.2076557692303,274.54591624184019,52,weekday,net_load_kw
1,21,3826.9478846153847,278.06675127045304,52,weekday,net_load_kw
1,22,3787.4109403846155,278.88463819238478,52,weekday,net_load_kw
1,23,3777.241001923077,253.23102306412409,52,weekday,net_load_kw
1,24,3814.7221153846153,268.06301522353198,52,weekday,net_load_kw
1,25,3836.689371153846,257.66895163156988,52,weekday,net_load_kw
1,26,3836.2149480769231,275.85174674169684,52,weekday,net_load_kw
1,27,3836.644615384615,287.80075931212122,52,weekday,net_load_kw
1,28,3858.3385230769231,270.99412651702636,52,weekday,net_load_kw
1,29,3855.1730557692308,248.37291897775461,52,weekday,net_load_kw
1,30,3824.9584134615384,246.50645350599893,52,weekday,net_load_kw
1,31,3805.8559326923078,292.48711013777159,52,weekday,net_load_kw
1,32,3818.2494384615388,307.97856005348461,52,weekday,net_load_kw
1,33,3739.7621153846153,293.02145465533687,52,weekday,net_load_kw
1,34,3525.0037653846152,373.51823785456736,52,weekday,net_load_kw
1,35,3915.5844826923076,471.25036091097797,52,weekday,net_load_kw
1,36,4625.7749519230765,554.62264404624318,52,weekday,net_load_kw
1,37,4563.6916403846153,655.24735818971885,52,weekday,net_load_kw
1,38,4275.4870519230772,793.27148199024259,52,weekday,net_load_kw
1,39,4136.6555288461541,937.62266816792464,52,weekday,net_load_kw
1,40,3966.9255249999997,1030.5253010114595,52,weekday,net_load_kw
1,41,3726.9833211538457,1106.0920312867315,52,weekday,net_load_kw
1,42,3449.8929326923076,1178.4228683858503,52,weekday,net_load_kw
1,43,3186.374673076923,1221.3130844724781,52,weekday,net_load_kw
1,44,2929.6828442307692,1236.8471449579645,52,weekday,net_load_kw
1,45,2547.1583653846155,1236.7288917963763,52,weekday,net_load_kw
1,46,2062.8562499999998,1240.8653209572724,52,weekday,net_load_kw
1,47,2487.540123076923,1258.8668177104257,52,weekday,net_load_kw
1,48,3391.9016346153849,1257.5424514097988,52,weekday,net_load_kw
1,49,3239.0544326923073,1224.0459482911665,52,weekday,net_load_kw
1,50,2777.5409442307691,1213.6840813271526,52,weekday,net_load_kw
1,51,2526.2318749999999,1242.6967319157902,52,weekday,net_load_kw
1,52,2243.4496634615384,1255.950711754776,52,weekday,net_load_kw
1,53,1923.3362634615385,1237.6472653560672,52,weekday,net_load_kw
1,54,1621.1962980769231,1207.9093745785437,52,weekday,net_load_kw
1,55,1367.6031038461538,1196.9279422237692,52,weekday,net_load_kw
1,56,1123.1316423076921,1217.2453846622595,52,weekday,net_load_kw
1,57,870.35168269230769,1242.6474219584297,52,weekday,net_load_kw
1,58,627.34524615384612,1212.8913698936137,52,weekday,net_load_kw
1,59,396.66475961538458,1190.5100745448785,52,weekday,net_load_kw
1,60,178.82283653846147,1205.2573053891356,52,weekday,net_load_kw
1,61,-19.385799999999946,1229.7781087867133,52,weekday,net_load_kw
1,62,-177.18891153846155,1214.8327789230625,52,weekday,net_load_kw
1,63,-316.93975961538462,1199.8944362618415,52,weekday,net_load_kw
1,64,-489.29219230769235,1241.7719245219871,52,weekday,net_load_kw
1,65,-670.97494807692306,1266.0971914269333,52,weekday,net_load_kw
1,66,-802.69995192307704,1269.3148121550651,52,weekday,net_load_kw
1,67,-846.92931346153841,1253.8492608741681,52,weekday,net_load_kw
1,68,-914.65821346153837,1241.394326905601,52,weekday,net_load_kw
1,69,-1004.9160096153846,1238.7946725725699,52,weekday,net_load_kw
1,70,-1038.6611499999999,1222.2050969421527,52,weekday,net_load_kw
1,71,-1206.9699999999998,1211.9966294154972,52,weekday,net_load_kw
1,72,-1434.6787019230769,1207.7552054692667,52,weekday,net_load_kw
1,73,-1427.8390730769231,1192.5352732733509,52,weekday,net_load_kw
1,74,-1351.6436826923077,1170.5462456200169,52,weekday,net_load_kw
1,75,-1322.2500480769231,1159.6889039541106,52,weekday,net_load_kw
1,76,-1264.9462134615385,1197.0583335027545,52,weekday,net_load_kw
1,77,-1024.0416538461538,1179.9050065267788,52,weekday,net_load_kw
1,78,-709.25673076923078,1099.6090941950263,52,weekday,net_load_kw
1,79,-595.14542692307703,1069.1581922278363,52,weekday,net_load_kw
1,80,-491.62067884615385,1074.6392992313508,52,weekday,net_load_kw
1,81,-346.01615384615394,1082.3831933072661,52,weekday,net_load_kw
1,82,-290.21519230769229,1082.6795683959799,52,weekday,net_load_kw
1,83,-176.09380000000013,1082.7777848929247,52,weekday,net_load_kw
1,84,21.779759615384609,1068.2758297463074,52,weekday,net_load_kw
1,85,182.83121538461532,1075.3222668797553,52,weekday,net_load_kw
1,86,380.15997115384619,1093.2512981026825,52,weekday,net_load_kw
1,87,638.198125,1085.6783733772572,52,weekday,net_load_kw
1,88,900.06660384615373,1047.8141204607371,52,weekday,net_load_kw
1,89,1178.9457,1026.4005362031826,52,weekday,net_load_kw
1,90,1469.4593749999999,1021.7553945658809,52,weekday,net_load_kw
1,91,1737.1542153846153,1014.648330417876,52,weekday,net_load_kw
1,92,1981.0670250000001,1019.2102830138916,52,weekday,net_load_kw
1,93,2235.2618749999997,1011.7831794579502,52,weekday,net_load_kw
1,94,2536.7724673076923,980.44923819960843,52,weekday,net_load_kw
1,95,2832.6934557692312,945.29779683906361,52,weekday,net_load_kw
1,96,3119.4122115384616,930.04103756807399,52,weekday,net_load_kw
1,97,3444.8950961538462,929.15517290644789,52,weekday,net_load_kw
1,98,3776.5633326923075,918.54561943218118,52,weekday,net_load_kw
1,99,4092.8147596153844,893.38838927505924,52,weekday,net_load_kw
1,100,4398.4234288461539,865.33347288547861,52,weekday,net_load_kw
1,101,4677.7418269230775,865.98713749801391,52,weekday,net_load_kw
1,102,4948.1768750000001,843.94470673742353,52,weekday,net_load_kw
1,103,5228.2758730769228,743.47813775530869,52,weekday,net_load_kw
1,104,5409.7600019230777,633.33531432344944,52,weekday,net_load_kw
1,105,5630.6183173076925,554.02237988718707,52,weekday,net_load_kw
1,106,5987.7710307692314,464.69615126298027,52,weekday,net_load_kw
1,107,5387.6907134615385,411.16668959735011,52,weekday,net_load_kw
1,108,4261.7679807692311,396.45171901452028,52,weekday,net_load_kw
1,109,4242.0074173076928,341.38684808820511,52,weekday,net_load_kw
1,110,4509.114323076923,368.06004523468403,52,weekday,net_load_kw
1,111,4529.5113461538458,424.27408035911628,52,weekday,net_load_kw
1,112,4600.7557576923073,446.45599515053937,52,weekday,net_load_kw
1,113,4678.5031749999998,495.04017665333242,52,weekday,net_load_kw
1,114,4708.6902884615383,541.78296779956997,52,weekday,net_load_kw
1,115,4713.0625269230768,539.63416554514765,52,weekday,net_load_kw
1,116,4692.8121076923071,545.95172241142018,52,weekday,net_load_kw
1,117,4675.7071153846155,555.05931638627783,52,weekday,net_load_kw
1,118,4710.7294653846157,517.10288342703745,52,weekday,net_load_kw
1,119,4736.5637538461542,526.57224032032832,52,weekday,net_load_kw
1,120,4724.6373076923082,565.02684517558998,52,weekday,net_load_kw
1,121,4709.5505480769225,539.07373257294648,52,weekday,net_load_kw
1,122,4729.117475,535.78870916176197,52,weekday,net_load_kw
1,123,4760.3411538461532,574.86436071665855,52,weekday,net_load_kw
1,124,4745.0611115384618,574.32897182662919,52,weekday,net_load_kw
1,125,4726.6202865384612,549.86747956013323,52,weekday,net_load_kw
1,126,4743.7548076923076,538.67647820790535,52,weekday,net_load_kw
1,127,4783.2251538461533,552.59959360390076,52,weekday,net_load_kw
1,128,4755.5759230769236,577.59935869226422,52,weekday,net_load_kw
1,129,4759.6088461538466,567.46980690745409,52,weekday,net_load_kw
1,130,4887.9419269230766,520.33818699454332,52,weekday,net_load_kw
1,131,4431.7597134615389,490.74421803873469,52,weekday,net_load_kw
1,132,3644.4125000000004,491.45596307568286,52,weekday,net_load_kw
1,133,3554.748592307692,501.67718665493152,52,weekday,net_load_kw
1,134,3659.704023076923,521.41803086082166,52,weekday,net_load_kw
1,135,3635.7763461538461,535.00424639703397,52,weekday,net_load_kw
1,136,3667.6882711538465,519.92513906087731,52,weekday,net_load_kw
1,137,3677.5590980769234,482.29874488368534,52,weekday,net_load_kw
1,138,3648.7182692307692,463.40952082479214,52,weekday,net_load_kw
1,139,3666.2824807692309,479.66553259550176,52,weekday,net_load_kw
1,140,3691.6716173076925,472.8838737858747,52,weekday,net_load_kw
1,141,3696.8611538461537,426.62389359124796,52,weekday,net_load_kw
1,142,3696.6014942307693,424.45947922932442,52,weekday,net_load_kw
1,143,3704.6404153846156,461.71234272667778,52,weekday,net_load_kw
1,144,3726.5265384615386,485.24363292843589,52,weekday,net_load_kw
2,1,3753.9067403846152,459.10674655141327,52,weekday,net_load_kw
2,2,3754.55035,444.18166127701829,52,weekday,net_load_kw
2,3,3731.8167307692306,454.54530172091035,52,weekday,net_load_kw
2,4,3719.694573076923,429.82000224280853,52,weekday,net_load_kw
2,5,3709.9488884615389,411.98515530298579,52,weekday,net_load_kw
2,6,3709.9103846153844,391.35180318822177,52,weekday,net_load_kw
2,7,3736.8051942307693,377.89877597280474,52,weekday,net_load_kw
2,8,3744.0181673076922,356.49273464102561,52,weekday,net_load_kw
2,9,3734.3473076923078,357.19491951306173,52,weekday,net_load_kw
2,10,3757.9459884615385,343.03776543610684,52,weekday,net_load_kw
2,11,3792.0240538461539,347.82541230366633,52,weekday,net_load_kw
2,12,3801.5905769230767,366.87156899775732,52,weekday,net_load_kw
2,13,3775.9321788461539,356.24258311898802,52,weekday,net_load_kw
2,14,3771.5247961538462,328.89515273727125,52,weekday,net_load_kw
2,15,3795.7417307692308,295.82845198991527,52,weekday,net_load_kw
2,16,3802.9869615384619,279.35486298042127,52,weekday,net_load_kw
2,17,3798.6538923076923,271.94706011926172,52,weekday,net_load_kw
2,18,3791.6928846153846,296.37047742903792,52,weekday,net_load_kw
2,19,3788.3066557692309,302.23543714002579,52,weekday,net_load_kw
2,20,3820.1760557692305,340.77393567171174,52,weekday,net_load_kw
2,21,3852.9373076923075,326.02034611183961,52,weekday,net_load_kw
2,22,3819.0352346153845,292.5865206557969,52,weekday,net_load_kw
2,23,3803.6208615384612,278.15022155191417,52,weekday,net_load_kw
2,24,3825.2930769230766,282.01774058741984,52,weekday,net_load_kw
2,25,3820.1531634615385,266.02246927470713,52,weekday,net_load_kw
2,26,3815.5523230769231,258.31044168557793,52,weekday,net_load_kw
2,27,3837.6876923076925,256.80213800661056,52,weekday,net_load_kw
2,28,3875.7927115384614,266.3961330428528,52,weekday,net_load_kw
2,29,3877.8568442307692,260.15904939304016,52,weekday,net_load_kw
2,30,3843.6352884615385,275.5877978328794,52,weekday,net_load_kw
2,31,3816.4997519230769,268.7753890901883,52,weekday,net_load_kw
2,32,3827.8035326923077,271.71236166857847,52,weekday,net_load_kw
2,33,3755.9903365384616,304.78756219397224,52,weekday,net_load_kw
2,34,3540.8290384615384,350.92929022331867,52,weekday,net_load_kw
2,35,3901.9175980769232,439.25836260328509,52,weekday,net_load_kw
2,36,4587.224855769231,558.31932627639628,52,weekday,net_load_kw
2,37,4559.3475423076925,653.80438808700637,52,weekday,net_load_kw
2,38,4283.6198923076927,791.28602349618154,52,weekday,net_load_kw
2,39,4117.9101923076923,954.1427537405757,52,weekday,net_load_kw
2,40,3943.9318019230773,1040.4694369653259,52,weekday,net_load_kw
2,41,3720.1526596153849,1107.6925153382845,52,weekday,net_load_kw
2,42,3449.7508653846157,1169.9619586501315,52,weekday,net_load_kw
2,43,3168.6991153846152,1193.0244635929087,52,weekday,net_load_kw
2,44,2952.4583749999997,1213.777876365883,52,weekday,net_load_kw
2,45,2626.2787980769231,1249.0582147142775,52,weekday,net_load_kw
2,46,2093.6436673076923,1261.6578324800485,52,weekday,net_load_kw
2,47,2516.0122057692306,1285.774205036035,52,weekday,net_load_kw
2,48,3474.1953365384616,1305.0114637206864,52,weekday,net_load_kw
2,49,3289.9865269230768,1257.7735054481061,52,weekday,net_load_kw
2,50,2800.4605038461541,1227.9792722390403,52,weekday,net_load_kw
2,51,2570.5333173076924,1247.2057047332044,52,weekday,net_load_kw
2,52,2308.4447923076923,1251.5359150780482,52,weekday,net_load_kw
2,53,1984.3776846153846,1256.4953461463299,52,weekday,net_load_kw
2,54,1673.8073076923076,1278.8049503205809,52,weekday,net_load_kw
2,55,1437.5850673076925,1319.2985227185457,52,weekday,net_load_kw
2,56,1166.4928211538461,1317.5671130940261,52,weekday,net_load_kw
2,57,870.75225961538467,1273.9640565158918,52,weekday,net_load_kw
2,58,670.7955884615385,1244.7859759950993,52,weekday,net_load_kw
2,59,483.68561538461535,1244.9310862601462,52,weekday,net_load_kw
2,60,285.83663461538464,1254.0939916370965,52,weekday,net_load_kw
2,61,134.5166692307692,1196.285137661245,52,weekday,net_load_kw
2,62,-33.807282692307666,1160.6815911644794,52,weekday,net_load_kw
2,63,-230.10283653846162,1179.8428789842987,52,weekday,net_load_kw
2,64,-391.10645576923076,1178.6310375151938,52,weekday,net_load_kw
2,65,-495.11957884615379,1171.480003112601,52,weekday,net_load_kw
2,66,-588.75105769230765,1180.7303082942328,52,weekday,net_load_kw
2,67,-736.51428846153851,1186.9462103751484,52,weekday,net_load_kw
2,68,-849.79390384615374,1205.412091534613,52,weekday,net_load_kw
2,69,-874.45774038461536,1236.4598477697839,52,weekday,net_load_kw
2,70,-878.24786346153837,1229.292897517078,52,weekday,net_load_kw
2,71,-1105.2959192307692,1206.9264371283525,52,weekday,net_load_kw
2,72,-1443.9746153846152,1209.8267217883044,52,weekday,net_load_kw
2,73,-1515.8250115384615,1245.304657351109,52,weekday,net_load_kw
2,74,-1465.0673923076924,1285.7419875210433,52,weekday,net_load_kw
2,75,-1430.0673076923076,1297.5092355660245,52,weekday,net_load_kw
2,76,-1372.2441019230769,1262.8660598201802,52,weekday,net_load_kw
2,77,-1122.5159076923078,1198.0519962609194,52,weekday,net_load_kw
2,78,-791.14326923076919,1157.7866503388386,52,weekday,net_load_kw
2,79,-675.40853653846159,1181.8856240966927,52,weekday,net_load_kw
2,80,-587.68883076923078,1209.0177174885237,52,weekday,net_load_kw
2,81,-413.31514423076925,1200.4351604669846,52,weekday,net_load_kw
2,82,-225.51014807692306,1148.6916655501145,52,weekday,net_load_kw
2,83,-57.561675000000044,1098.3025198121402,52,weekday,net_load_kw
2,84,95.240336538461477,1079.1446845224671,52,weekday,net_load_kw
2,85,265.18420576923069,1038.2711641707167,52,weekday,net_load_kw
2,86,488.94487307692305,1018.5528934700665,52,weekday,net_load_kw
2,87,745.88442307692299,1040.7149518929443,52,weekday,net_load_kw
2,88,980.26521538461543,1011.6117800010556,52,weekday,net_load_kw
2,89,1226.2491749999999,979.99101670350933,52,weekday,net_load_kw
2,90,1490.9882692307692,965.95453044051862,52,weekday,net_load_kw
2,91,1744.2345596153848,949.56625245467626,52,weekday,net_load_kw
2,92,2005.9853346153845,946.40210100665377,52,weekday,net_load_kw
2,93,2294.5653365384615,946.59002550874891,52,weekday,net_load_kw
2,94,2603.4982480769231,901.38549182144868,52,weekday,net_load_kw
2,95,2889.020323076923,890.22926881679496,52,weekday,net_load_kw
2,96,3161.4052884615385,933.40580494108201,52,weekday,net_load_kw
2,97,3471.3368115384615,957.78816837149361,52,weekday,net_load_kw
2,98,3780.4207288461539,939.70533163074981,52,weekday,net_load_kw
2,99,4074.3962019230771,910.03861409448564,52,weekday,net_load_kw
2,100,4373.0167346153848,915.12574997999252,52,weekday,net_load_kw
2,101,4645.885673076923,905.32487445287347,52,weekday,net_load_kw
2,102,4899.1679807692308,849.30590194547767,52,weekday,net_load_kw
2,103,5158.3063807692315,773.84478275925414,52,weekday,net_load_kw
2,104,5348.5417749999997,683.54534256381544,52,weekday,net_load_kw
2,105,5597.7934134615389,587.46999514410493,52,weekday,net_load_kw
2,106,5964.1898576923077,479.30757942754417,52,weekday,net_load_kw
2,107,5393.6859634615384,392.78696800476519,52,weekday,net_load_kw
2,108,4297.19625,348.95763882699413,52,weekday,net_load_kw
2,109,4249.5342423076927,356.15178184743041,52,weekday,net_load_kw
2,110,4532.538267307692,402.10426179698271,52,weekday,net_load_kw
2,111,4605.5788461538459,489.06817700869993,52,weekday,net_load_kw
2,112,4654.0464826923071,497.31850478051604,52,weekday,net_load_kw
2,113,4696.2608384615387,529.11742809471252,52,weekday,net_load_kw
2,114,4720.3439903846156,581.57263425034625,52,weekday,net_load_kw
2,115,4732.0294826923073,556.79105311065018,52,weekday,net_load_kw
2,116,4740.8996442307698,548.93120558338569,52,weekday,net_load_kw
2,117,4754.1717307692306,588.77499632452634,52,weekday,net_load_kw
2,118,4777.7068769230773,608.29588429062369,52,weekday,net_load_kw
2,119,4757.9602326923077,597.41422152759469,52,weekday,net_load_kw
2,120,4718.7161538461532,574.71069498830138,52,weekday,net_load_kw
2,121,4739.3193692307696,569.47916780560513,52,weekday,net_load_kw
2,122,4752.1423961538467,564.9491519669383,52,weekday,net_load_kw
2,123,4735.2130769230771,562.42284447069119,52,weekday,net_load_kw
2,124,4734.3093923076922,566.79780568574506,52,weekday,net_load_kw
2,125,4734.1603826923074,560.86421585965149,52,weekday,net_load_kw
2,126,4746.3682692307693,542.42871190318249,52,weekday,net_load_kw
2,127,4791.7883615384617,549.59132151514473,52,weekday,net_load_kw
2,128,4766.2223846153847,557.13306848405887,52,weekday,net_load_kw
2,129,4764.9536538461534,568.19906937217695,52,weekday,net_load_kw
2,130,4893.4822461538461,578.79912277358699,52,weekday,net_load_kw
2,131,4426.4062019230769,571.05027709128137,52,weekday,net_load_kw
2,132,3636.186346153846,544.16557903994442,52,weekday,net_load_kw
2,133,3585.7292442307689,509.0440883632732,52,weekday,net_load_kw
2,134,3696.8099903846155,500.08090847200242,52,weekday,net_load_kw
2,135,3641.0911538461537,529.99605551123295,52,weekday,net_load_kw
2,136,3672.4497846153845,530.79620039678593,52,weekday,net_load_kw
2,137,3687.3316596153845,511.71184330305408,52,weekday,net_load_kw
2,138,3655.9776923076925,475.64337480361274,52,weekday,net_load_kw
2,139,3680.4741038461539,473.18354538766232,52,weekday,net_load_kw
2,140,3710.5597192307691,503.82920427434038,52,weekday,net_load_kw
2,141,3712.5453846153841,499.13242732731055,52,weekday,net_load_kw
2,142,3705.5779615384618,434.30374002123284,52,weekday,net_load_kw
2,143,3694.3197961538463,426.75764080766351,52,weekday,net_load_kw
2,144,3686.0976923076919,464.0645581340367,52,weekday,net_load_kw
3,1,3688.6117830188678,410.33977809342758,53,weekday,net_load_kw
3,2,3705.6265094339619,393.4901009398904,53,weekday,net_load_kw
3,3,3717.4579245283016,422.24246568565508,53,weekday,net_load_kw
3,4,3703.5513830188684,426.57021054693007,53,weekday,net_load_kw
3,5,3704.105409433962,407.52872733055898,53,weekday,net_load_kw
3,6,3731.761886792453,402.88447181188388,53,weekday,net_load_kw
3,7,3757.1175094339624,390.97660796531744,53,weekday,net_load_kw
3,8,3755.8461528301887,387.1550274737512,53,weekday,net_load_kw
3,9,3745.7973584905662,354.04570333585542,53,weekday,net_load_kw
3,10,3763.2436962264151,350.01363212955317,53,weekday,net_load_kw
3,11,3760.0385849056606,347.55023210570664,53,weekday,net_load_kw
3,12,3749.0649056603775,345.95696938193498,53,weekday,net_load_kw
3,13,3789.9130849056605,319.81350499019516,53,weekday,net_load_kw
3,14,3803.1482207547174,310.01621316575734,53,weekday,net_load_kw
3,15,3775.1077358490566,299.79629927695851,53,weekday,net_load_kw
3,16,3775.7890754716982,277.50133019013265,53,weekday,net_load_kw
3,17,3803.5470509433962,277.01613838543415,53,weekday,net_load_kw
3,18,3825.4583018867925,294.32066565839295,53,weekday,net_load_kw
3,19,3812.7320547169811,270.24468239267736,53,weekday,net_load_kw
3,20,3800.7090433962267,267.5141299032968,53,weekday,net_load_kw
3,21,3808.7803773584901,274.51486245292278,53,weekday,net_load_kw
3,22,3824.5884113207549,275.58576701580074,53,weekday,net_load_kw
3,23,3837.6753150943396,262.83932882030768,53,weekday,net_load_kw
3,24,3847.7275471698113,280.63246863047965,53,weekday,net_load_kw
3,25,3860.0784566037737,302.38989701664855,53,weekday,net_load_kw
3,26,3866.1469735849059,303.52831633935432,53,weekday,net_load_kw
3,27,3865.4079245283019,270.24035450913857,53,weekday,net_load_kw
3,28,3865.5178339622639,258.62907953002667,53,weekday,net_load_kw
3,29,3863.7136301886794,255.85030057695874,53,weekday,net_load_kw
3,30,3851.653113207547,254.43471898547529,53,weekday,net_load_kw
3,31,3821.8991452830192,276.71201503885533,53,weekday,net_load_kw
3,32,3843.6476075471701,302.60173124864144,53,weekday,net_load_kw
3,33,3794.2723113207549,343.44553729268608,53,weekday,net_load_kw
3,34,3572.1502452830186,389.77492256201083,53,weekday,net_load_kw
3,35,3935.9412490566037,476.1446280632141,53,weekday,net_load_kw
3,36,4631.8808962264147,581.95553348236456,53,weekday,net_load_kw
3,37,4584.3234754716987,663.68232149765231,53,weekday,net_load_kw
3,38,4321.1625490566039,785.3174812138792,53,weekday,net_load_kw
3,39,4193.3166981132072,917.66196541452837,53,weekday,net_load_kw
3,40,4010.6757584905663,1025.6252765798695,53,weekday,net_load_kw
3,41,3783.8822207547169,1111.4265400082368,53,weekday,net_load_kw
3,42,3520.3935849056602,1173.8391091503111,53,weekday,net_load_kw
3,43,3207.8301603773584,1212.4716896033519,53,weekday,net_load_kw
3,44,2988.3862056603775,1234.8808268385746,53,weekday,net_load_kw
3,45,2699.523537735849,1241.0445468375422,53,weekday,net_load_kw
3,46,2185.4617603773586,1227.1839695033245,53,weekday,net_load_kw
3,47,2597.3511603773586,1231.4003173736094,53,weekday,net_load_kw
3,48,3531.7347169811319,1263.2294277289645,53,weekday,net_load_kw
3,49,3335.0810245283019,1262.7733726803233,53,weekday,net_load_kw
3,50,2851.9003358490568,1236.0515968578684,53,weekday,net_load_kw
3,51,2616.5203301886795,1219.0244945805105,53,weekday,net_load_kw
3,52,2310.2882566037738,1245.6571178157558,53,weekday,net_load_kw
3,53,2017.3529471698114,1271.4952903048729,53,weekday,net_load_kw
3,54,1775.8844811320755,1271.9614680686234,53,weekday,net_load_kw
3,55,1495.6578981132072,1260.2339758394367,53,weekday,net_load_kw
3,56,1200.7264358490565,1284.5639636791432,53,weekday,net_load_kw
3,57,926.00377358490562,1315.8918755024561,53,weekday,net_load_kw
3,58,687.69884339622649,1309.2272284289629,53,weekday,net_load_kw
3,59,502.59279433962263,1315.337406416628,53,weekday,net_load_kw
3,60,334.26325471698112,1316.9198303974813,53,weekday,net_load_kw
3,61,126.74623773584911,1255.6845723191318,53,weekday,net_load_kw
3,62,-44.036354716981116,1179.3617517744369,53,weekday,net_load_kw
3,63,-163.87655660377359,1140.2743849955491,53,weekday,net_load_kw
3,64,-299.12387358490577,1148.9889036280667,53,weekday,net_load_kw
3,65,-455.25555849056593,1156.9177764182575,53,weekday,net_load_kw
3,66,-575.84183962264149,1150.8763676829681,53,weekday,net_load_kw
3,67,-608.21433396226416,1146.0018108988038,53,weekday,net_load_kw
3,68,-688.29784905660381,1140.5334949706721,53,weekday,net_load_kw
3,69,-794.47009433962285,1115.3967348851884,53,weekday,net_load_kw
3,70,-803.04301132075466,1079.6863876930793,53,weekday,net_load_kw
3,71,-983.77403018867926,1105.9384557181183,53,weekday,net_load_kw
3,72,-1272.989716981132,1164.8067007800605,53,weekday,net_load_kw
3,73,-1313.9217037735848,1216.168249746388,53,weekday,net_load_kw
3,74,-1302.8933226415093,1230.7519912086943,53,weekday,net_load_kw
3,75,-1335.4463679245284,1203.6467293362964,53,weekday,net_load_kw
3,76,-1273.1891830188679,1189.7374388670059,53,weekday,net_load_kw
3,77,-1026.3582716981132,1203.6378596800364,53,weekday,net_load_kw
3,78,-726.23740566037748,1206.3069602552773,53,weekday,net_load_kw
3,79,-606.31764339622634,1173.0100527669545,53,weekday,net_load_kw
3,80,-493.67079056603779,1181.0797905076759,53,weekday,net_load_kw
3,81,-329.80702830188676,1199.930611412118,53,weekday,net_load_kw
3,82,-222.83012264150938,1173.3022623223667,53,weekday,net_load_kw
3,83,-79.360752830188659,1146.6979634938618,53,weekday,net_load_kw
3,84,124.36099056603777,1135.1446023179055,53,weekday,net_load_kw
3,85,316.48888490566043,1105.919573052644,53,weekday,net_load_kw
3,86,529.26109433962267,1072.9937321320144,53,weekday,net_load_kw
3,87,752.94075471698113,1076.080692608909,53,weekday,net_load_kw
3,88,942.33658113207548,1102.2881207028372,53,weekday,net_load_kw
3,89,1181.7106905660378,1090.9845017407295,53,weekday,net_load_kw
3,90,1449.842216981132,1059.8976026130631,53,weekday,net_load_kw
3,91,1648.1395415094339,1050.2749746740919,53,weekday,net_load_kw
3,92,1915.0848320754717,1032.0924742625546,53,weekday,net_load_kw
3,93,2270.7448113207547,1004.3416637999417,53,weekday,net_load_kw
3,94,2589.7531886792453,988.04112360527733,53,weekday,net_load_kw
3,95,2880.6803603773587,992.04376363946767,53,weekday,net_load_kw
3,96,3161.1608962264149,994.62375113127371,53,weekday,net_load_kw
3,97,3435.7001962264153,971.02264108330337,53,weekday,net_load_kw
3,98,3757.1671566037739,933.46325949664185,53,weekday,net_load_kw
3,99,4084.4198113207549,932.78002431960113,53,weekday,net_load_kw
3,100,4325.3572339622642,960.15243869907079,53,weekday,net_load_kw
3,101,4602.7843716981133,949.96657384260232,53,weekday,net_load_kw
3,102,4939.1433490566042,873.50710362476127,53,weekday,net_load_kw
3,103,5216.6424528301886,755.6344084225592,53,weekday,net_load_kw
3,104,5398.5219358490558,628.41830341823493,53,weekday,net_load_kw
3,105,5645.0864622641511,511.71051761127484,53,weekday,net_load_kw
3,106,5995.511111320754,461.4825047909938,53,weekday,net_load_kw
3,107,5373.2452981132074,414.04640594260286,53,weekday,net_load_kw
3,108,4249.0548113207551,354.02696847202537,53,weekday,net_load_kw
3,109,4275.1509075471695,393.00505634749697,53,weekday,net_load_kw
3,110,4557.1635773584903,441.23766374936309,53,weekday,net_load_kw
3,111,4556.733443396226,473.73680284952792,53,weekday,net_load_kw
3,112,4629.7290811320754,498.553955312418,53,weekday,net_load_kw
3,113,4666.7900320754716,543.7656035130168,53,weekday,net_load_kw
3,114,4636.1456132075473,567.71028861705554,53,weekday,net_load_kw
3,115,4662.135862264151,541.93781877035508,53,weekday,net_load_kw
3,116,4686.0051490566038,536.79884190665689,53,weekday,net_load_kw
3,117,4672.9447169811319,557.49501546099975,53,weekday,net_load_kw
3,118,4669.2668075471693,531.83457834095589,53,weekday,net_load_kw
3,119,4687.2653603773579,535.91244621225655,53,weekday,net_load_kw
3,120,4724.2643396226413,573.71827706673264,53,weekday,net_load_kw
3,121,4763.5349660377351,576.24102456750722,53,weekday,net_load_kw
3,122,4753.9166792452834,565.99193483797831,53,weekday,net_load_kw
3,123,4712.1575471698116,555.83567537089732,53,weekday,net_load_kw
3,124,4708.0709075471696,542.99237287603216,53,weekday,net_load_kw
3,125,4719.3984415094337,531.54805531652744,53,weekday,net_load_kw
3,126,4740.5394339622644,529.36662427272893,53,weekday,net_load_kw
3,127,4782.1217358490567,553.05630667265996,53,weekday,net_load_kw
3,128,4765.8012264150939,558.09112369433183,53,weekday,net_load_kw
3,129,4777.0288679245286,530.38520800981678,53,weekday,net_load_kw
3,130,4886.8589830188675,523.4140466496732,53,weekday,net_load_kw
3,131,4413.2894188679247,520.64999425958217,53,weekday,net_load_kw
3,132,3632.0916981132077,520.45046635189703,53,weekday,net_load_kw
3,133,3570.538716981132,545.55256720717136,53,weekday,net_load_kw
3,134,3695.4484056603774,545.18423360239194,53,weekday,net_load_kw
3,135,3659.8624528301884,520.29623378974316,53,weekday,net_load_kw
3,136,3654.0530622641509,507.34914965574086,53,weekday,net_load_kw
3,137,3663.3739301886794,512.85415454073654,53,weekday,net_load_kw
3,138,3660.4005660377361,500.03411912209754,53,weekday,net_load_kw
3,139,3660.6807339622642,457.53591660925889,53,weekday,net_load_kw
3,140,3671.3037415094341,455.580088750664,53,weekday,net_load_kw
3,141,3681.8784905660377,466.46292431362264,53,weekday,net_load_kw
3,142,3681.7215358490566,458.45107815287963,53,weekday,net_load_kw
3,143,3714.7340528301884,443.07244108838819,53,weekday,net_load_kw
3,144,3753.6650943396226,447.10168578223681,53,weekday,net_load_kw
4,1,3716.003728846154,453.15978345664462,52,weekday,net_load_kw
4,2,3691.1122653846155,445.77172947562894,52,weekday,net_load_kw
4,3,3714.3171153846151,438.36605699667251,52,weekday,net_load_kw
4,4,3747.2516000000001,407.4436870748408,52,weekday,net_load_kw
4,5,3752.7830442307695,395.02999048886335,52,weekday,net_load_kw
4,6,3738.2246153846154,396.70118423614372,52,weekday,net_load_kw
4,7,3740.458275,363.46245764209709,52,weekday,net_load_kw
4,8,3742.6997538461537,338.02331590674731,52,weekday,net_load_kw
4,9,3741.6484615384616,341.94119017568391,52,weekday,net_load_kw
4,10,3754.06675,343.23990358664025,52,weekday,net_load_kw
4,11,3768.0998153846153,341.30250878148468,52,weekday,net_load_kw
4,12,3778.8680769230773,339.08802820898978,52,weekday,net_load_kw
4,13,3791.8311153846153,342.35308073255374,52,weekday,net_load_kw
4,14,3796.7683000000002,351.48020401324203,52,weekday,net_load_kw
4,15,3794.9503846153848,344.80078543858468,52,weekday,net_load_kw
4,16,3800.3840480769231,317.23620494887734,52,weekday,net_load_kw
4,17,3814.9360596153847,286.93100236416916,52,weekday,net_load_kw
4,18,3818.9878846153847,288.1182427225931,52,weekday,net_load_kw
4,19,3794.1339923076926,270.98746750851109,52,weekday,net_load_kw
4,20,3796.7132538461537,280.94332994072556,52,weekday,net_load_kw
4,21,3828.5601923076924,295.98123593473366,52,weekday,net_load_kw
4,22,3836.1744307692306,303.48704877326605,52,weekday,net_load_kw
4,23,3836.8710711538461,278.9715545146089,52,weekday,net_load_kw
4,24,3833.9850000000001,273.95767006286673,52,weekday,net_load_kw
4,25,3811.7601865384618,279.23917814655027,52,weekday,net_load_kw
4,26,3806.295655769231,275.41774543659142,52,weekday,net_load_kw
4,27,3821.582692307692,268.04527916530344,52,weekday,net_load_kw
4,28,3827.6671019230771,268.39750335418807,52,weekday,net_load_kw
4,29,3842.5496807692307,280.18321780293172,52,weekday,net_load_kw
4,30,3862.0454326923073,286.11449182800993,52,weekday,net_load_kw
4,31,3847.3970730769233,284.0887708271876,52,weekday,net_load_kw
4,32,3826.3197538461536,291.18371483658126,52,weekday,net_load_kw
4,33,3725.5649038461538,310.44265046571337,52,weekday,net_load_kw
4,34,3539.4442846153843,386.03570950691318,52,weekday,net_load_kw
4,35,3937.929523076923,464.8718843802078,52,weekday,net_load_kw
4,36,4625.1883653846153,561.98692393462397,52,weekday,net_load_kw
4,37,4567.4723403846156,686.97065011007339,52,weekday,net_load_kw
4,38,4289.9019807692302,808.85410389869503,52,weekday,net_load_kw
4,39,4144.4311057692312,900.82180428857259,52,weekday,net_load_kw
4,40,3957.4711692307692,988.8352886705527,52,weekday,net_load_kw
4,41,3746.0229346153847,1080.0280776553279,52,weekday,net_load_kw
4,42,3498.0596634615385,1178.0228787423648,52,weekday,net_load_kw
4,43,3170.8223596153844,1230.0277117122412,52,weekday,net_load_kw
4,44,2912.3830115384617,1230.4651563527148,52,weekday,net_load_kw
4,45,2594.7045673076927,1202.472844836647,52,weekday,net_load_kw
4,46,2102.7037153846154,1197.5993852494519,52,weekday,net_load_kw
4,47,2576.9858923076922,1189.244922287065,52,weekday,net_load_kw
4,48,3562.9454326923078,1189.6118086836107,52,weekday,net_load_kw
4,49,3354.4990826923076,1233.8010684144008,52,weekday,net_load_kw
4,50,2846.2061749999998,1260.4834259912132,52,weekday,net_load_kw
4,51,2599.7645673076922,1244.7972733468669,52,weekday,net_load_kw
4,52,2281.8183749999998,1244.8726460801072,52,weekday,net_load_kw
4,53,1986.6637000000001,1261.3643032451571,52,weekday,net_load_kw
4,54,1737.8171634615387,1270.740144275682,52,weekday,net_load_kw
4,55,1422.9764826923079,1235.9893503841331,52,weekday,net_load_kw
4,56,1135.763476923077,1237.1636136128243,52,weekday,net_load_kw
4,57,893.60019230769228,1266.2619302749679,52,weekday,net_load_kw
4,58,622.9933903846154,1277.5937386986761,52,weekday,net_load_kw
4,59,400.94230576923076,1301.3712199054564,52,weekday,net_load_kw
4,60,232.80591346153849,1313.5141933823627,52,weekday,net_load_kw
4,61,42.242403846153834,1236.4596939450296,52,weekday,net_load_kw
4,62,-133.97052884615377,1198.0421870796752,52,weekday,net_load_kw
4,63,-294.04057692307691,1224.7743653790324,52,weekday,net_load_kw
4,64,-477.77822884615375,1215.6813408026007,52,weekday,net_load_kw
4,65,-636.03544038461541,1196.0657831260544,52,weekday,net_load_kw
4,66,-754.8838942307691,1195.8555860080351,52,weekday,net_load_kw
4,67,-868.3868769230769,1236.7581607138166,52,weekday,net_load_kw
4,68,-969.25977692307708,1252.929577575009,52,weekday,net_load_kw
4,69,-1024.6349038461537,1228.0985250661279,52,weekday,net_load_kw
4,70,-1036.2941192307694,1249.1925451565028,52,weekday,net_load_kw
4,71,-1190.3347500000002,1281.7202651788882,52,weekday,net_load_kw
4,72,-1429.9450480769231,1293.4008453461101,52,weekday,net_load_kw
4,73,-1495.1981826923077,1252.3227666903283,52,weekday,net_load_kw
4,74,-1467.038898076923,1222.6736323449288,52,weekday,net_load_kw
4,75,-1440.5991826923077,1242.9639497630135,52,weekday,net_load_kw
4,76,-1402.467144230769,1243.3623807865029,52,weekday,net_load_kw
4,77,-1211.30315,1234.7795644964981,52,weekday,net_load_kw
4,78,-908.79798076923078,1200.0963977898796,52,weekday,net_load_kw
4,79,-703.10957499999995,1174.0599215304781,52,weekday,net_load_kw
4,80,-609.20095000000003,1153.3480000377556,52,weekday,net_load_kw
4,81,-539.62081730769228,1144.907989432814,52,weekday,net_load_kw
4,82,-389.40414038461546,1163.7236052182177,52,weekday,net_load_kw
4,83,-189.68008076923076,1158.8616996222497,52,weekday,net_load_kw
4,84,14.269134615384578,1135.1055160727765,52,weekday,net_load_kw
4,85,207.64991153846165,1117.8617500316418,52,weekday,net_load_kw
4,86,414.76777884615393,1070.8728919076837,52,weekday,net_load_kw
4,87,644.49581730769228,1024.2803768266469,52,weekday,net_load_kw
4,88,885.47131346153844,1049.5054277686595,52,weekday,net_load_kw
4,89,1144.8901692307693,1050.840547616395,52,weekday,net_load_kw
4,90,1425.0940865384616,1028.9489706604945,52,weekday,net_load_kw
4,91,1710.2501692307692,1052.3750933931162,52,weekday,net_load_kw
4,92,1954.844198076923,1044.1816464847495,52,weekday,net_load_kw
4,93,2195.756105769231,1008.9970773076089,52,weekday,net_load_kw
4,94,2518.8441038461538,1021.7406883117045,52,weekday,net_load_kw
4,95,2850.8012346153846,980.60038415205611,52,weekday,net_load_kw
4,96,3162.8587019230768,895.61099589334617,52,weekday,net_load_kw
4,97,3490.7929980769231,897.83758205152151,52,weekday,net_load_kw
4,98,3790.357055769231,904.01564616135101,52,weekday,net_load_kw
4,99,4065.8885096153845,879.10690916588817,52,weekday,net_load_kw
4,100,4372.9525576923079,852.95203958897991,52,weekday,net_load_kw
4,101,4693.887869230769,855.38805581874351,52,weekday,net_load_kw
4,102,4991.4162019230771,839.28738736666742,52,weekday,net_load_kw
4,103,5227.7764403846149,738.9474645202348,52,weekday,net_load_kw
4,104,5384.3659076923077,655.25310124663758,52,weekday,net_load_kw
4,105,5620.4992788461541,590.0304113289202,52,weekday,net_load_kw
4,106,5976.3398365384619,467.42328210304589,52,weekday,net_load_kw
4,107,5402.6237096153845,394.64614700709075,52,weekday,net_load_kw
4,108,4319.9126923076919,355.82790722346527,52,weekday,net_load_kw
4,109,4297.7975692307691,356.95318589081018,52,weekday,net_load_kw
4,110,4568.4242346153851,400.38010468060133,52,weekday,net_load_kw
4,111,4604.558701923077,447.92675784305095,52,weekday,net_load_kw
4,112,4652.3649249999999,517.68501012021727,52,weekday,net_load_kw
4,113,4683.5974980769233,536.75300015425194,52,weekday,net_load_kw
4,114,4689.151298076923,539.03378091568402,52,weekday,net_load_kw
4,115,4724.8785673076918,584.25762806337093,52,weekday,net_load_kw
4,116,4739.2515999999996,609.59314622581985,52,weekday,net_load_kw
4,117,4717.4011538461536,563.52195805175677,52,weekday,net_load_kw
4,118,4714.273146153846,527.19088218756508,52,weekday,net_load_kw
4,119,4734.1568442307698,547.4811704805486,52,weekday,net_load_kw
4,120,4755.4919230769228,581.24257248651224,52,weekday,net_load_kw
4,121,4756.1597846153845,571.46677602345392,52,weekday,net_load_kw
4,122,4756.3376942307696,556.89755283893908,52,weekday,net_load_kw
4,123,4763.3119230769234,576.80271172310802,52,weekday,net_load_kw
4,124,4765.6444692307696,592.21856193959673,52,weekday,net_load_kw
4,125,4770.6874692307692,567.20610671942393,52,weekday,net_load_kw
4,126,4781.2153846153851,535.45508432661461,52,weekday,net_load_kw
4,127,4784.2995942307689,541.48514895507742,52,weekday,net_load_kw
4,128,4748.4307038461538,556.95557854424078,52,weekday,net_load_kw
4,129,4776.6244230769234,544.49519439861888,52,weekday,net_load_kw
4,130,4909.5715230769229,521.93157630672567,52,weekday,net_load_kw
4,131,4434.7475384615382,529.88797861880914,52,weekday,net_load_kw
4,132,3640.7334615384616,571.15822145601862,52,weekday,net_load_kw
4,133,3589.6341826923081,572.13466258655296,52,weekday,net_load_kw
4,134,3702.8474846153845,544.46281509584549,52,weekday,net_load_kw
4,135,3637.0476923076926,512.52975141426248,52,weekday,net_load_kw
4,136,3636.8154788461538,500.15645532152342,52,weekday,net_load_kw
4,137,3667.3160557692308,501.279576300543,52,weekday,net_load_kw
4,138,3687.6321153846152,516.98767987496217,52,weekday,net_load_kw
4,139,3709.441228846154,485.35455655755436,52,weekday,net_load_kw
4,140,3677.8702730769228,436.57022428398966,52,weekday,net_load_kw
4,141,3682.1961538461542,423.87086723066722,52,weekday,net_load_kw
4,142,3795.1677249999998,476.68608623306989,52,weekday,net_load_kw
4,143,3419.6748480769234,475.9504123657843,52,weekday,net_load_kw
4,144,2756.8034615384613,435.63301640699979,52,weekday,net_load_kw
5,1,2664.0401173076925,428.30543700701588,52,weekday,net_load_kw
5,2,2771.8497115384616,428.84922194517674,52,weekday,net_load_kw
5,3,2782.8153846153846,417.04944301540189,52,weekday,net_load_kw
5,4,2775.1410384615383,392.17302264571538,52,weekday,net_load_kw
5,5,2771.2305999999999,403.83178236700934,52,weekday,net_load_kw
5,6,2769.2490384615385,414.83534812259973,52,weekday,net_load_kw
5,7,2766.3660096153844,410.89194269732428,52,weekday,net_load_kw
5,8,2778.6243115384614,386.16509082883266,52,weekday,net_load_kw
5,9,2800.0030769230771,360.30261044881337,52,weekday,net_load_kw
5,10,2807.0549673076921,360.72192313399239,52,weekday,net_load_kw
5,11,2813.2249326923074,339.57497373086784,52,weekday,net_load_kw
5,12,2823.4088461538463,318.58725208457344,52,weekday,net_load_kw
5,13,2826.7971846153846,325.64911408478719,52,weekday,net_load_kw
5,14,2822.6405038461535,335.02361989793627,52,weekday,net_load_kw
5,15,2826.8426923076922,327.46073617120231,52,weekday,net_load_kw
5,16,2853.6793519230769,297.7788373686119,52,weekday,net_load_kw
5,17,2857.9716250000001,289.68641746149785,52,weekday,net_load_kw
5,18,2843.6432692307694,303.79830079118688,52,weekday,net_load_kw
5,19,2859.3961115384614,299.0823620977672,52,weekday,net_load_kw
5,20,2877.5197923076921,293.68571893945847,52,weekday,net_load_kw
5,21,2872.1382692307693,296.62202494295548,52,weekday,net_load_kw
5,22,2850.0263307692312,281.61593439295211,52,weekday,net_load_kw
5,23,2859.296942307692,249.21348861195253,52,weekday,net_load_kw
5,24,2896.3969230769235,254.77807208210902,52,weekday,net_load_kw
5,25,2907.0367846153845,303.92300797558249,52,weekday,net_load_kw
5,26,2882.9784557692305,297.97224323891635,52,weekday,net_load_kw
5,27,2866.832115384615,264.11530922312261,52,weekday,net_load_kw
5,28,2906.6759596153843,251.58557904001356,52,weekday,net_load_kw
5,29,2924.7965326923077,264.19470019661924,52,weekday,net_load_kw
5,30,2891.7631730769231,255.90991173706698,52,weekday,net_load_kw
5,31,2842.6598769230768,286.07419761329066,52,weekday,net_load_kw
5,32,2816.7550480769232,294.09053549076771,52,weekday,net_load_kw
5,33,2796.7112019230772,326.045336893014,52,weekday,net_load_kw
5,34,2730.631684615385,410.06441236566656,52,weekday,net_load_kw
5,35,2633.560575,480.32337790434826,52,weekday,net_load_kw
5,36,2514.2900961538462,549.98592732196028,52,weekday,net_load_kw
5,37,2371.1902807692309,687.38870227089944,52,weekday,net_load_kw
5,38,2241.6283519230769,811.82122894227791,52,weekday,net_load_kw
5,39,2074.790769230769,901.67881075515891,52,weekday,net_load_kw
5,40,1821.5247461538461,1006.5040236008374,52,weekday,net_load_kw
5,41,1806.2587423076923,1093.4535058539179,52,weekday,net_load_kw
5,42,1903.8311538461539,1162.0975012993072,52,weekday,net_load_kw
5,43,1637.9017980769229,1228.3190736817855,52,weekday,net_load_kw
5,44,1281.1661096153848,1251.2873973385645,52,weekday,net_load_kw
5,45,1004.0427403846154,1239.1739709207166,52,weekday,net_load_kw
5,46,710.50643846153844,1256.6718525177121,52,weekday,net_load_kw
5,47,409.76126346153848,1257.8079807690324,52,weekday,net_load_kw
5,48,111.9782692307692,1228.1918626477511,52,weekday,net_load_kw
5,49,-194.42186538461536,1209.9809133344615,52,weekday,net_load_kw
5,50,-496.13910769230768,1222.1009529161572,52,weekday,net_load_kw
5,51,-827.07971153846142,1252.6315299236976,52,weekday,net_load_kw
5,52,-1173.6018750000001,1276.4035683920708,52,weekday,net_load_kw
5,53,-1146.4103519230771,1281.4232462697746,52,weekday,net_load_kw
5,54,-932.81663461538471,1274.0899779004981,52,weekday,net_load_kw
5,55,-1153.960325,1271.6099785140264,52,weekday,net_load_kw
5,56,-1496.7297249999999,1271.4581548147089,52,weekday,net_load_kw
5,57,-1745.5759615384616,1256.0811043441738,52,weekday,net_load_kw
5,58,-1997.5819750000001,1218.9381413562071,52,weekday,net_load_kw
5,59,-2247.3776365384615,1193.339752137085,52,weekday,net_load_kw
5,60,-2483.4963942307691,1199.6186162789991,52,weekday,net_load_kw
5,61,-2707.253544230769,1215.358697609596,52,weekday,net_load_kw
5,62,-2880.6967153846153,1220.5902516164326,52,weekday,net_load_kw
5,63,-3013.8500961538457,1228.0873202638659,52,weekday,net_load_kw
5,64,-3160.3096653846155,1236.4543434475197,52,weekday,net_load_kw
5,65,-3315.0754807692306,1214.1981440217451,52,weekday,net_load_kw
5,66,-3442.2038942307695,1165.4680680286629,52,weekday,net_load_kw
5,67,-3514.2847519230772,1135.0379797300122,52,weekday,net_load_kw
5,68,-3597.3944038461536,1146.88670248841,52,weekday,net_load_kw
5,69,-3706.652259615385,1205.8727515682649,52,weekday,net_load_kw
5,70,-3786.5621999999998,1268.9496184135955,52,weekday,net_load_kw
5,71,-3800.316803846154,1281.9761495693197,52,weekday,net_load_kw
5,72,-3788.2313461538461,1272.3897567444699,52,weekday,net_load_kw
5,73,-3827.4364134615385,1317.7606004341167,52,weekday,net_load_kw
5,74,-3857.8426057692309,1332.0785387606788,52,weekday,net_load_kw
5,75,-3830.8067788461535,1310.2559053760745,52,weekday,net_load_kw
5,76,-3755.6510538461539,1278.8830821044085,52,weekday,net_load_kw
5,77,-3685.4347288461536,1266.5287260070643,52,weekday,net_load_kw
5,78,-3638.8245192307691,1282.4952050151198,52,weekday,net_load_kw
5,79,-3576.5069596153844,1250.8549445644981,52,weekday,net_load_kw
5,80,-3412.9856500000001,1230.6884990460933,52,weekday,net_load_kw
5,81,-3199.0304807692305,1239.7536129866651,52,weekday,net_load_kw
5,82,-3075.1662730769231,1236.0785856308762,52,weekday,net_load_kw
5,83,-2955.7774942307692,1229.4802162455394,52,weekday,net_load_kw
5,84,-2790.7969711538462,1223.0728894069596,52,weekday,net_load_kw
5,85,-2607.6499730769233,1221.7268311455887,52,weekday,net_load_kw
5,86,-2371.7637115384614,1228.8098320168399,52,weekday,net_load_kw
5,87,-2096.6869711538461,1216.5859120853906,52,weekday,net_load_kw
5,88,-1838.3246749999998,1151.3878744179642,52,weekday,net_load_kw
5,89,-1565.5909384615384,1099.1848655480899,52,weekday,net_load_kw
5,90,-1274.7238942307692,1067.7855607945251,52,weekday,net_load_kw
5,91,-1002.0896192307692,1025.7877464288122,52,weekday,net_load_kw
5,92,-744.79104038461548,1030.1733067963867,52,weekday,net_load_kw
5,93,-474.86865384615379,1054.4461645929905,52,weekday,net_load_kw
5,94,-168.16966153846153,1021.1346625111635,52,weekday,net_load_kw
5,95,127.70368461538462,983.81545936442956,52,weekday,net_load_kw
5,96,398.69668269230772,974.32415883153328,52,weekday,net_load_kw
5,97,677.91638076923073,945.50239223305346,52,weekday,net_load_kw
5,98,981.36684615384615,907.40416377361942,52,weekday,net_load_kw
5,99,1339.35375,881.23954036603129,52,weekday,net_load_kw
5,100,1711.7419692307692,871.08645763929815,52,weekday,net_load_kw
5,101,1727.1458326923077,844.25997940163461,52,weekday,net_load_kw
5,102,1547.4873557692308,797.32906797113515,52,weekday,net_load_kw
5,103,1735.3789076923078,764.76734324256188,52,weekday,net_load_kw
5,104,2015.159848076923,667.57688692113823,52,weekday,net_load_kw
5,105,2200.1719230769231,529.44130112845551,52,weekday,net_load_kw
5,106,2382.5011769230769,440.52754557250501,52,weekday,net_load_kw
5,107,2556.389780769231,399.68523814014742,52,weekday,net_load_kw
5,108,2699.8727884615387,396.68745727305048,52,weekday,net_load_kw
5,109,2804.4256057692305,367.85460710246605,52,weekday,net_load_kw
5,110,2875.7221692307694,385.15286918514255,52,weekday,net_load_kw
5,111,2935.1828365384617,448.264392770592,52,weekday,net_load_kw
5,112,3002.7831557692307,515.05134410961125,52,weekday,net_load_kw
5,113,3059.2688711538462,543.95522484692435,52,weekday,net_load_kw
5,114,3084.6584134615382,542.33222424354256,52,weekday,net_load_kw
5,115,3077.4180423076923,532.93989893485843,52,weekday,net_load_kw
5,116,3091.0048730769226,550.21553506420992,52,weekday,net_load_kw
5,117,3114.9617307692311,557.29368229715158,52,weekday,net_load_kw
5,118,3104.1945865384619,500.17208873254981,52,weekday,net_load_kw
5,119,3109.6663826923077,523.08196290730177,52,weekday,net_load_kw
5,120,3127.4253846153847,598.03269015986837,52,weekday,net_load_kw
5,121,3106.28305,582.01682798551974,52,weekday,net_load_kw
5,122,3116.682098076923,559.20044718928511,52,weekday,net_load_kw
5,123,3164.7417307692308,566.22050528636782,52,weekday,net_load_kw
5,124,3179.4088596153847,560.38776366528043,52,weekday,net_load_kw
5,125,3163.7032884615382,553.72500688627701,52,weekday,net_load_kw
5,126,3154.5951923076927,559.69526780376054,52,weekday,net_load_kw
5,127,3179.012346153846,563.779977073738,52,weekday,net_load_kw
5,128,3172.0044307692306,557.62054110540487,52,weekday,net_load_kw
5,129,3178.3217307692312,547.51509827054133,52,weekday,net_load_kw
5,130,3258.8621884615382,546.80664263081292,52,weekday,net_load_kw
5,131,3035.4337000000005,538.31713748691698,52,weekday,net_load_kw
5,132,2647.2863461538464,515.10991852312202,52,weekday,net_load_kw
5,133,2646.5924153846154,533.25812979927866,52,weekday,net_load_kw
5,134,2736.5886865384618,551.25986975206911,52,weekday,net_load_kw
5,135,2721.5357692307689,535.40910541579501,52,weekday,net_load_kw
5,136,2707.2367596153849,492.93977440528442,52,weekday,net_load_kw
5,137,2723.8388230769228,494.8026851974912,52,weekday,net_load_kw
5,138,2752.6405769230769,522.85579925385343,52,weekday,net_load_kw
5,139,2756.8454057692306,487.54931728735573,52,weekday,net_load_kw
5,140,2734.0074384615386,448.739106901941,52,weekday,net_load_kw
5,141,2714.8269230769229,460.58512067415427,52,weekday,net_load_kw
5,142,2735.1410653846156,458.45905965526367,52,weekday,net_load_kw
5,143,2755.8802673076925,449.83779233486746,52,weekday,net_load_kw
5,144,2755.788846153846,431.81988128972694,52,weekday,net_load_kw
6,1,2749.6656249999996,436.79209569335501,52,weekday,net_load_kw
6,2,2749.2566500000003,451.91467276953421,52,weekday,net_load_kw
6,3,2764.1919230769231,452.95268085126406,52,weekday,net_load_kw
6,4,2792.9956576923078,406.75801984624565,52,weekday,net_load_kw
6,5,2795.8068692307693,385.32762937121345,52,weekday,net_load_kw
6,6,2774.2407692307688,394.70364218276211,52,weekday,net_load_kw
6,7,2771.4626269230771,376.74508923148142,52,weekday,net_load_kw
6,8,2791.7182769230767,383.61301398328209,52,weekday,net_load_kw
6,9,2809.1421153846159,375.91899619380638,52,weekday,net_load_kw
6,10,2796.1754653846151,302.74146892938722,52,weekday,net_load_kw
6,11,2795.3732788461539,298.08645794780688,52,weekday,net_load_kw
6,12,2812.5244230769231,357.68445783692101,52,weekday,net_load_kw
6,13,2815.178119230769,344.86107658479227,52,weekday,net_load_kw
6,14,2833.3872865384615,328.13955429478176,52,weekday,net_load_kw
6,15,2854.5811538461539,329.87574497105902,52,weekday,net_load_kw
6,16,2831.2974019230769,306.67111423038278,52,weekday,net_load_kw
6,17,2810.1595596153848,301.85814186075606,52,weekday,net_load_kw
6,18,2822.3163461538466,311.683305956347,52,weekday,net_load_kw
6,19,2851.0580500000001,301.40693730919668,52,weekday,net_load_kw
6,20,2849.5438250000002,270.72965847099056,52,weekday,net_load_kw
6,21,2825.9232692307696,265.39763368864834,52,weekday,net_load_kw
6,22,2835.0995557692304,248.09325821478419,52,weekday,net_load_kw
6,23,2869.9137384615383,248.02624733761093,52,weekday,net_load_kw
6,24,2890.0751923076923,276.66042532168933,52,weekday,net_load_kw
6,25,2862.5527307692309,257.7800675012794,52,weekday,net_load_kw
6,26,2848.4387711538461,250.81917706056254,52,weekday,net_load_kw
6,27,2866.3101923076924,274.35434052813707,52,weekday,net_load_kw
6,28,2878.6570076923081,254.68626874326443,52,weekday,net_load_kw
6,29,2891.0354519230768,250.99791873315641,52,weekday,net_load_kw
6,30,2894.3888461538463,262.44306764798665,52,weekday,net_load_kw
6,31,2856.2179961538463,264.70944121549132,52,weekday,net_load_kw
6,32,2825.748709615385,280.79733188700101,52,weekday,net_load_kw
6,33,2796.625,323.29347199837588,52,weekday,net_load_kw
6,34,2714.4232307692309,375.57598695091707,52,weekday,net_load_kw
6,35,2608.7193134615381,447.89422133419004,52,weekday,net_load_kw
6,36,2488.5190865384616,559.71384767742722,52,weekday,net_load_kw
6,37,2336.2627000000002,695.92697998319215,52,weekday,net_load_kw
6,38,2189.4977634615384,808.57277816315786,52,weekday,net_load_kw
6,39,2014.4172596153844,909.93886988441943,52,weekday,net_load_kw
6,40,1774.9278826923075,1030.9086036554986,52,weekday,net_load_kw
6,41,1742.9612557692308,1151.8208185249612,52,weekday,net_load_kw
6,42,1813.3420673076923,1226.8440163457267,52,weekday,net_load_kw
6,43,1583.3973807692307,1221.7760623255779,52,weekday,net_load_kw
6,44,1259.529675,1210.719961999858,52,weekday,net_load_kw
6,45,969.02615384615387,1237.0189843552362,52,weekday,net_load_kw
6,46,640.31214999999997,1267.6176997957473,52,weekday,net_load_kw
6,47,336.74690769230773,1261.2809067387336,52,weekday,net_load_kw
6,48,54.404807692307713,1241.6940535083913,52,weekday,net_load_kw
6,49,-278.31702884615385,1250.1004073605857,52,weekday,net_load_kw
6,50,-594.15577692307693,1259.7341433635993,52,weekday,net_load_kw
6,51,-898.58216346153847,1252.2441674280637,52,weekday,net_load_kw
6,52,-1206.533051923077,1230.8141843239189,52,weekday,net_load_kw
6,53,-1164.5296499999999,1208.1604594459457,52,weekday,net_load_kw
6,54,-964.45336538461538,1212.5708177721897,52,weekday,net_load_kw
6,55,-1197.8977807692308,1242.4228980311891,52,weekday,net_load_kw
6,56,-1517.8336288461539,1266.5090592876593,52,weekday,net_load_kw
6,57,-1725.8958173076924,1268.9425080566564,52,weekday,net_load_kw
6,58,-1966.0264153846151,1282.1838058710537,52,weekday,net_load_kw
6,59,-2193.3803711538462,1293.5303707983817,52,weekday,net_load_kw
6,60,-2387.5269230769231,1297.5113077857043,52,weekday,net_load_kw
6,61,-2587.0287423076925,1290.5790142095957,52,weekday,net_load_kw
6,62,-2765.4348423076926,1261.8862083741574,52,weekday,net_load_kw
6,63,-2938.689038461539,1238.0800991680305,52,weekday,net_load_kw
6,64,-3152.210576923077,1262.6393531625351,52,weekday,net_load_kw
6,65,-3334.5642096153847,1277.1718218264873,52,weekday,net_load_kw
6,66,-3456.6420192307696,1263.6643614095387,52,weekday,net_load_kw
6,67,-3554.1646403846153,1298.3596302379578,52,weekday,net_load_kw
6,68,-3633.2172269230769,1271.2222803984646,52,weekday,net_load_kw
6,69,-3687.7873076923079,1230.8026907484557,52,weekday,net_load_kw
6,70,-3720.7866980769231,1295.5296171586201,52,weekday,net_load_kw
6,71,-3782.2480884615384,1350.1869802087156,52,weekday,net_load_kw
6,72,-3839.4434615384616,1316.9046485875908,52,weekday,net_load_kw
6,73,-3815.1180384615386,1241.3231493702021,52,weekday,net_load_kw
6,74,-3824.3377980769228,1231.4559431913694,52,weekday,net_load_kw
6,75,-3851.4107211538462,1249.1283687054506,52,weekday,net_load_kw
6,76,-3766.5264557692308,1206.860603284681,52,weekday,net_load_kw
6,77,-3694.3799250000002,1181.7396116636519,52,weekday,net_load_kw
6,78,-3631.1663942307691,1183.6276967154681,52,weekday,net_load_kw
6,79,-3443.4086846153846,1143.8048339768698,52,weekday,net_load_kw
6,80,-3249.7695750000003,1099.847671396273,52,weekday,net_load_kw
6,81,-3107.1276923076921,1081.738590991559,52,weekday,net_load_kw
6,82,-2956.3899942307694,1094.7519319476448,52,weekday,net_load_kw
6,83,-2782.33385,1130.3676496039727,52,weekday,net_load_kw
6,84,-2580.9343749999998,1130.4264354752561,52,weekday,net_load_kw
6,85,-2362.0180615384616,1082.4313097672728,52,weekday,net_load_kw
6,86,-2189.8393980769233,1058.2010415966017,52,weekday,net_load_kw
6,87,-2014.0223076923078,1053.9628661859874,52,weekday,net_load_kw
6,88,-1721.461773076923,987.82776122022165,52,weekday,net_load_kw
6,89,-1453.2927365384614,949.89049283014606,52,weekday,net_load_kw
6,90,-1237.132451923077,976.38975215791402,52,weekday,net_load_kw
6,91,-965.78334999999993,994.16184842021994,52,weekday,net_load_kw
6,92,-702.37734999999998,1003.420662588553,52,weekday,net_load_kw
6,93,-455.40341346153843,996.3029780006915,52,weekday,net_load_kw
6,94,-159.00159807692307,939.19538321097582,52,weekday,net_load_kw
6,95,154.89767307692313,907.80689280052025,52,weekday,net_load_kw
6,96,464.33533653846155,904.04436768509561,52,weekday,net_load_kw
6,97,770.77834038461538,898.31081163143404,52,weekday,net_load_kw
6,98,1032.9508673076923,913.04231484999355,52,weekday,net_load_kw
6,99,1325.6432692307692,929.66196036497183,52,weekday,net_load_kw
6,100,1709.1307634615384,889.11682583369441,52,weekday,net_load_kw
6,101,1710.849153846154,854.07900294448189,52,weekday,net_load_kw
6,102,1492.3361538461538,832.08930310957464,52,weekday,net_load_kw
6,103,1721.4547384615385,780.50056893938051,52,weekday,net_load_kw
6,104,2043.2977942307693,676.11952916898963,52,weekday,net_load_kw
6,105,2217.4162980769233,561.65389738426427,52,weekday,net_load_kw
6,106,2359.3543076923079,493.94669422653715,52,weekday,net_load_kw
6,107,2504.2377865384615,444.50552231892863,52,weekday,net_load_kw
6,108,2654.3238461538463,419.8058265207265,52,weekday,net_load_kw
6,109,2798.2111480769231,404.86321081266334,52,weekday,net_load_kw
6,110,2916.1174980769233,406.13739295540125,52,weekday,net_load_kw
6,111,2989.6422115384612,448.80442673127857,52,weekday,net_load_kw
6,112,3019.2356576923075,515.64193473972728,52,weekday,net_load_kw
6,113,3068.6818250000001,555.11505708886705,52,weekday,net_load_kw
6,114,3112.2866346153846,564.96168424519533,52,weekday,net_load_kw
6,115,3067.9647692307694,567.50190701934559,52,weekday,net_load_kw
6,116,3066.7185480769231,551.84248709607436,52,weekday,net_load_kw
6,117,3128.7061538461539,544.03295551545204,52,weekday,net_load_kw
6,118,3148.4336884615382,543.96140583857243,52,weekday,net_load_kw
6,119,3109.7947923076927,552.53179180965913,52,weekday,net_load_kw
6,120,3088.3688461538459,566.93669771007728,52,weekday,net_load_kw
6,121,3168.0544942307688,567.11131089547348,52,weekday,net_load_kw
6,122,3199.5809884615383,560.9207525538701,52,weekday,net_load_kw
6,123,3156.1257692307695,563.03175533104809,52,weekday,net_load_kw
6,124,3155.1491673076921,565.48132908085722,52,weekday,net_load_kw
6,125,3166.9246480769234,559.322993980908,52,weekday,net_load_kw
6,126,3166.4617307692311,545.84345242907386,52,weekday,net_load_kw
6,127,3167.9088538461538,542.93528278300505,52,weekday,net_load_kw
6,128,3169.3289057692309,540.33844453286292,52,weekday,net_load_kw
6,129,3198.1478846153846,527.9488182128074,52,weekday,net_load_kw
6,130,3245.2534519230767,542.79316641266212,52,weekday,net_load_kw
6,131,3039.8322076923077,533.78534147279368,52,weekday,net_load_kw
6,132,2698.1163461538458,508.78434475016849,52,weekday,net_load_kw
6,133,2640.1593115384612,514.87616242976719,52,weekday,net_load_kw
6,134,2697.3779096153844,514.92385658269461,52,weekday,net_load_kw
6,135,2718.5442307692306,507.92742945959901,52,weekday,net_load_kw
6,136,2724.326071153846,478.7099861578547,52,weekday,net_load_kw
6,137,2742.6660480769228,483.52911193608907,52,weekday,net_load_kw
6,138,2748.1101923076926,487.74407276723542,52,weekday,net_load_kw
6,139,2703.9445480769232,433.6947836400185,52,weekday,net_load_kw
6,140,2731.5985211538459,442.49446350981799,52,weekday,net_load_kw
6,141,2759.9432692307691,497.14665989227348,52,weekday,net_load_kw
6,142,2671.4021057692307,481.92902006437305,52,weekday,net_load_kw
6,143,3051.0109173076926,471.1822751609148,52,weekday,net_load_kw
6,144,3699.2938461538461,475.92439413622895,52,weekday,net_load_kw
7,1,3771.3091384615382,439.90050028864363,52,weekday,net_load_kw
7,2,3672.2400826923081,422.80838407438625,52,weekday,net_load_kw
7,3,3700.4375,416.08935313423564,52,weekday,net_load_kw
7,4,3742.4000365384613,405.05025904933365,52,weekday,net_load_kw
7,5,3757.8376769230767,407.05696896996011,52,weekday,net_load_kw
7,6,3748.7719230769226,412.22183979036174,52,weekday,net_load_kw
7,7,3734.7235096153845,375.81383337186423,52,weekday,net_load_kw
7,8,3727.772246153846,355.85053351548868,52,weekday,net_load_kw
7,9,3731.0634615384615,377.13900974847098,52,weekday,net_load_kw
7,10,3740.4947403846154,331.44174550530477,52,weekday,net_load_kw
7,11,3750.3446788461538,302.4349560900726,52,weekday,net_load_kw
7,12,3752.8071153846154,310.55159320237806,52,weekday,net_load_kw
7,13,3747.7855596153845,320.4802394311688,52,weekday,net_load_kw
7,14,3770.6983903846153,316.8417241116889,52,weekday,net_load_kw
7,15,3812.501153846154,280.48903940456131,52,weekday,net_load_kw
7,16,3820.3616461538459,325.38856733479196,52,weekday,net_load_kw
7,17,3781.9697692307695,334.06539361697867,52,weekday,net_load_kw
7,18,3746.4640384615386,278.79302706881776,52,weekday,net_load_kw
7,19,3777.1975384615384,253.09957871206493,52,weekday,net_load_kw
7,20,3796.0620326923081,244.40573032629038,52,weekday,net_load_kw
7,21,3793.8036538461538,250.98036525053041,52,weekday,net_load_kw
7,22,3831.1462653846156,247.46019612384151,52,weekday,net_load_kw
7,23,3834.5548557692309,260.96347896771954,52,weekday,net_load_kw
7,24,3807.7200000000003,278.57238590397884,52,weekday,net_load_kw
7,25,3829.4009115384615,258.43745342499017,52,weekday,net_load_kw
7,26,3835.3328173076925,229.7547250213222,52,weekday,net_load_kw
7,27,3819.8525000000004,258.98736652415636,52,weekday,net_load_kw
7,28,3842.2434269230771,290.55904116674429,52,weekday,net_load_kw
7,29,3846.3173942307694,282.57587674265085,52,weekday,net_load_kw
7,30,3822.9829807692304,243.82005657501747,52,weekday,net_load_kw
7,31,3809.5918096153846,249.45440693736398,52,weekday,net_load_kw
7,32,3793.9547826923076,275.69132923244803,52,weekday,net_load_kw
7,33,3679.9813461538461,313.62975512672341,52,weekday,net_load_kw
7,34,3486.0331403846158,363.44938011767971,52,weekday,net_load_kw
7,35,3886.7529846153848,458.97550034166727,52,weekday,net_load_kw
7,36,4581.8163942307692,585.48219554408388,52,weekday,net_load_kw
7,37,4534.3053115384619,671.00179221898634,52,weekday,net_load_kw
7,38,4279.9074538461537,782.9591981951254,52,weekday,net_load_kw
7,39,4147.1705288461535,925.48911649440333,52,weekday,net_load_kw
7,40,3926.1879961538461,1005.7756944792715,52,weekday,net_load_kw
7,41,3690.1055692307691,1078.1868330921714,52,weekday,net_load_kw
7,42,3458.7771634615387,1155.9967211237156,52,weekday,net_load_kw
7,43,3164.4665826923078,1207.4997017058959,52,weekday,net_load_kw
7,44,2889.0420307692307,1239.8924171773112,52,weekday,net_load_kw
7,45,2542.4086538461538,1253.0534760711475,52,weekday,net_load_kw
7,46,2096.4534653846154,1255.3019448817186,52,weekday,net_load_kw
7,47,2531.3884250000001,1262.7867735575908,52,weekday,net_load_kw
7,48,3426.9019711538463,1268.3104324415351,52,weekday,net_load_kw
7,49,3274.3018519230773,1247.9287410315678,52,weekday,net_load_kw
7,50,2796.4274807692304,1257.5958827537306,52,weekday,net_load_kw
7,51,2506.8412499999999,1280.5758618536165,52,weekday,net_load_kw
7,52,2193.481025,1232.4166514619667,52,weekday,net_load_kw
7,53,1880.4921076923079,1212.4993962700917,52,weekday,net_load_kw
7,54,1598.8117307692305,1252.8501841395148,52,weekday,net_load_kw
7,55,1327.1254826923077,1260.0879967416993,52,weekday,net_load_kw
7,56,1077.4566326923077,1259.6137549438315,52,weekday,net_load_kw
7,57,843.17384615384606,1271.9297823755778,52,weekday,net_load_kw
7,58,607.72873076923088,1277.203430936931,52,weekday,net_load_kw
7,59,421.92418846153851,1254.493000241448,52,weekday,net_load_kw
7,60,271.48769230769227,1229.0244891633354,52,weekday,net_load_kw
7,61,80.916811538461474,1265.3295546869563,52,weekday,net_load_kw
7,62,-140.68581538461538,1293.6446198316924,52,weekday,net_load_kw
7,63,-347.22216346153851,1312.5867786675481,52,weekday,net_load_kw
7,64,-490.84417884615391,1326.6839687565384,52,weekday,net_load_kw
7,65,-577.28483846153847,1362.504342800491,52,weekday,net_load_kw
7,66,-644.44668269230772,1365.1770268043599,52,weekday,net_load_kw
7,67,-732.41830576923087,1285.8285581420412,52,weekday,net_load_kw
7,68,-816.12410000000011,1260.3598036593608,52,weekday,net_load_kw
7,69,-866.09081730769242,1311.478695617287,52,weekday,net_load_kw
7,70,-905.00369615384614,1304.9447581641064,52,weekday,net_load_kw
7,71,-1103.0514807692307,1260.1750518580609,52,weekday,net_load_kw
7,72,-1377.3653846153845,1229.6445319355373,52,weekday,net_load_kw
7,73,-1442.7924519230769,1249.9924076600623,52,weekday,net_load_kw
7,74,-1363.6780576923079,1257.8342505852031,52,weekday,net_load_kw
7,75,-1282.0211057692309,1229.1535954388487,52,weekday,net_load_kw
7,76,-1251.7820057692306,1219.0407274968845,52,weekday,net_load_kw
7,77,-1042.5434788461537,1228.143603075798,52,weekday,net_load_kw
7,78,-720.42971153846167,1223.9435120711626,52,weekday,net_load_kw
7,79,-601.74219423076931,1178.2606987788097,52,weekday,net_load_kw
7,80,-540.48342884615386,1109.0551947639724,52,weekday,net_load_kw
7,81,-429.56519230769231,1072.0826286076167,52,weekday,net_load_kw
7,82,-305.77552307692292,1124.767671109134,52,weekday,net_load_kw
7,83,-148.26705576923075,1152.7457233260748,52,weekday,net_load_kw
7,84,58.36778846153841,1116.7073840708656,52,weekday,net_load_kw
7,85,293.08800769230771,1088.8732963257924,52,weekday,net_load_kw
7,86,479.85922115384619,1111.0857572975222,52,weekday,net_load_kw
7,87,630.11927884615386,1132.1745333273636,52,weekday,net_load_kw
7,88,835.08673269230769,1126.8126379064336,52,weekday,net_load_kw
7,89,1099.57125,1115.5850799915163,52,weekday,net_load_kw
7,90,1369.2983173076923,1106.9594668927853,52,weekday,net_load_kw
7,91,1593.1966403846154,1084.8471665104134,52,weekday,net_load_kw
7,92,1872.1379192307691,1060.9968023495869,52,weekday,net_load_kw
7,93,2200.713028846154,1045.3764215094373,52,weekday,net_load_kw
7,94,2475.0539211538462,1046.1847717602136,52,weekday,net_load_kw
7,95,2771.3573999999999,1022.1520587086382,52,weekday,net_load_kw
7,96,3104.0309134615381,973.056417698014,52,weekday,net_load_kw
7,97,3402.0342846153844,939.85610128159169,52,weekday,net_load_kw
7,98,3685.3732788461539,923.56728522966068,52,weekday,net_load_kw
7,99,3981.0666346153844,910.46288013146113,52,weekday,net_load_kw
7,100,4294.8146192307695,924.62803419758586,52,weekday,net_load_kw
7,101,4614.5580692307694,904.08876391745662,52,weekday,net_load_kw
7,102,4918.4267307692307,829.94020499833664,52,weekday,net_load_kw
7,103,5178.4000711538456,755.35939453649144,52,weekday,net_load_kw
7,104,5380.4597596153853,664.39344172466156,52,weekday,net_load_kw
7,105,5659.0654326923086,545.22413664458588,52,weekday,net_load_kw
7,106,6009.8478442307687,462.60934311428707,52,weekday,net_load_kw
7,107,5388.5251750000007,409.81815918909842,52,weekday,net_load_kw
7,108,4262.9274038461535,352.04453042366106,52,weekday,net_load_kw
7,109,4253.4132615384615,369.00994427152108,52,weekday,net_load_kw
7,110,4542.4908711538465,412.21155739001352,52,weekday,net_load_kw
7,111,4593.625,460.6359788640263,52,weekday,net_load_kw
7,112,4685.6021480769232,518.63365690154285,52,weekday,net_load_kw
7,113,4733.0944865384618,539.35559185573129,52,weekday,net_load_kw
7,114,4713.4132692307694,538.74206650601491,52,weekday,net_load_kw
7,115,4725.5496019230768,563.04735324688454,52,weekday,net_load_kw
7,116,4734.1746211538466,590.56998548248919,52,weekday,net_load_kw
7,117,4724.8713461538464,588.44218294971222,52,weekday,net_load_kw
7,118,4739.3148000000001,588.68566372429325,52,weekday,net_load_kw
7,119,4746.0904807692314,575.89452337789533,52,weekday,net_load_kw
7,120,4733.0257692307696,561.27628155888931,52,weekday,net_load_kw
7,121,4723.404969230769,563.86836843359617,52,weekday,net_load_kw
7,122,4725.2470480769234,567.15413885671762,52,weekday,net_load_kw
7,123,4739.5440384615385,578.6776139402042,52,weekday,net_load_kw
7,124,4761.8184038461541,595.62216984075508,52,weekday,net_load_kw
7,125,4776.8414365384615,600.35694473021329,52,weekday,net_load_kw
7,126,4772.8473076923074,578.54935681160191,52,weekday,net_load_kw
7,127,4749.5082711538462,530.13877207615485,52,weekday,net_load_kw
7,128,4730.0277846153849,535.48603975127162,52,weekday,net_load_kw
7,129,4795.3078846153849,581.07029526939073,52,weekday,net_load_kw
7,130,4910.8793249999999,581.95635908458189,52,weekday,net_load_kw
7,131,4422.2934211538459,538.01757519356966,52,weekday,net_load_kw
7,132,3635.1871153846155,506.57002610341817,52,weekday,net_load_kw
7,133,3573.3290576923077,526.02223485429113,52,weekday,net_load_kw
7,134,3696.4847884615383,535.82980029315434,52,weekday,net_load_kw
7,135,3654.3163461538466,523.15955976793896,52,weekday,net_load_kw
7,136,3638.2009134615387,530.37458966836687,52,weekday,net_load_kw
7,137,3636.2510499999999,524.9569640567895,52,weekday,net_load_kw
7,138,3636.1965384615387,493.22902124626387,52,weekday,net_load_kw
7,139,3666.3187596153848,454.58855576161096,52,weekday,net_load_kw
7,140,3691.144675,456.96887333324554,52,weekday,net_load_kw
7,141,3700.6184615384618,486.0598174693842,52,weekday,net_load_kw
7,142,3717.3875326923076,483.81026839051344,52,weekday,net_load_kw
7,143,3727.8653903846152,457.50353359609295,52,weekday,net_load_kw
7,144,3728.9646153846156,437.71558890050494,52,weekday,net_load_kw
weekday,1,3511.3154551724137,604.95878542383207,261,day_type,net_load_kw
weekday,2,3528.5233448275862,566.10533436677702,261,day_type,net_load_kw
weekday,3,3528.7735632183908,565.09253814950978,261,day_type,net_load_kw
weekday,4,3528.8557842911878,555.14473654821916,261,day_type,net_load_kw
weekday,5,3531.3504295019156,551.9253405499594,261,day_type,net_load_kw
weekday,6,3538.8695785440614,554.91769144986927,261,day_type,net_load_kw
weekday,7,3552.4561352490423,552.52651075082497,261,day_type,net_load_kw
weekday,8,3550.9312390804598,531.14962893802874,261,day_type,net_load_kw
weekday,9,3545.4127586206896,507.94474492202357,261,day_type,net_load_kw
weekday,10,3567.8274888888886,514.65530005397295,261,day_type,net_load_kw
weekday,11,3583.6335750957851,513.87255057792618,261,day_type,net_load_kw
weekday,12,3584.4250191570882,504.14526036010409,261,day_type,net_load_kw
weekday,13,3594.385622605364,506.81251928990486,261,day_type,net_load_kw
weekday,14,3596.5542720306516,507.28621003543049,261,day_type,net_load_kw
weekday,15,3589.9184291187739,492.60183532660335,261,day_type,net_load_kw
weekday,16,3594.4681869731803,470.57281156094507,261,day_type,net_load_kw
weekday,17,3607.2056950191572,467.92900435892642,261,day_type,net_load_kw
weekday,18,3615.4178160919541,483.422358504187,261,day_type,net_load_kw
weekday,19,3611.7190425287354,470.79718469325246,261,day_type,net_load_kw
weekday,20,3622.74961954023,472.29525471109582,261,day_type,net_load_kw
weekday,21,3638.5276245210725,482.10637239708166,261,day_type,net_load_kw
weekday,22,3624.2177260536396,480.43915793103855,261,day_type,net_load_kw
weekday,23,3623.7637750957856,464.2121632496582,261,day_type,net_load_kw
weekday,24,3644.4069348659004,461.26525249389988,261,day_type,net_load_kw
weekday,25,3647.9594348659002,464.74886463664473,261,day_type,net_load_kw
weekday,26,3642.2986264367814,472.40487349961569,261,day_type,net_load_kw
weekday,27,3646.4730651340997,472.84527336909258,261,day_type,net_load_kw
weekday,28,3667.559803065134,461.63268909793493,261,day_type,net_load_kw
weekday,29,3673.5493498084288,455.75680337077375,261,day_type,net_load_kw
weekday,30,3655.5652681992337,463.16770698306141,261,day_type,net_load_kw
weekday,31,3627.6096233716476,481.89651876482003,261,day_type,net_load_kw
weekday,32,3627.3868482758621,499.18884330008308,261,day_type,net_load_kw
weekday,33,3563.3483429118774,495.7191926628775,261,day_type,net_load_kw
weekday,34,3382.341836015326,500.4428572919137,261,day_type,net_load_kw
weekday,35,3666.0248256704981,693.40853930025446,261,day_type,net_load_kw
weekday,36,4198.5385344827591,1009.5781089240141,261,day_type,net_load_kw
weekday,37,4130.9488045977014,1102.2406543427055,261,day_type,net_load_kw
weekday,38,3884.0412011494254,1140.6947569606652,261,day_type,net_load_kw
weekday,39,3735.1829118773944,1235.835569015589,261,day_type,net_load_kw
weekday,40,3541.908750191571,1327.134370205204,261,day_type,net_load_kw
weekday,41,3358.2968425287354,1339.0947030780681,261,day_type,net_load_kw
weekday,42,3165.7496551724139,1323.6589450444653,261,day_type,net_load_kw
weekday,43,2875.6034164750959,1356.9532632295432,261,day_type,net_load_kw
weekday,44,2614.2542781609195,1393.7944081768946,261,day_type,net_load_kw
weekday,45,2295.8940229885056,1384.9968889523345,261,day_type,net_load_kw
weekday,46,1832.3923256704982,1350.0311504296867,261,day_type,net_load_kw
weekday,47,2119.3685237547893,1502.5783866044685,261,day_type,net_load_kw
weekday,48,2817.298908045977,1835.2724854526437,261,day_type,net_load_kw
weekday,49,2607.6376992337164,1863.1966987942262,261,day_type,net_load_kw
weekday,50,2158.6600789272034,1804.4365569431309,261,day_type,net_load_kw
weekday,51,1899.9501149425287,1837.201614590379,261,day_type,net_load_kw
weekday,52,1596.8239360153257,1862.2871004547867,261,day_type,net_load_kw
weekday,53,1355.6092168582377,1769.7833476212236,261,day_type,net_load_kw
weekday,54,1177.4792816091956,1637.3215564594705,261,day_type,net_load_kw
weekday,55,916.20112528735626,1621.4044066040069,261,day_type,net_load_kw
weekday,56,628.07941877394626,1645.2541595904329,261,day_type,net_load_kw
weekday,57,365.18339080459765,1644.6091738747616,261,day_type,net_load_kw
weekday,58,124.41668850574713,1634.6859641865447,261,day_type,net_load_kw
weekday,59,-90.417622988505784,1644.2062283400903,261,day_type,net_load_kw
weekday,60,-287.96038314176246,1663.6320302011641,261,day_type,net_load_kw
weekday,61,-482.2843812260536,1649.8545585118259,261,day_type,net_load_kw
weekday,62,-651.6031632183907,1627.7762386805023,261,day_type,net_load_kw
weekday,63,-801.31029693486596,1622.0756480592415,261,day_type,net_load_kw
weekday,64,-960.97649616858246,1625.3069016412414,261,day_type,net_load_kw
weekday,65,-1111.966390421456,1624.8280980212874,261,day_type,net_load_kw
weekday,66,-1230.3587547892721,1622.1152046480593,261,day_type,net_load_kw
weekday,67,-1312.1584356321839,1618.6308731980951,261,day_type,net_load_kw
weekday,68,-1401.139132183908,1620.8411825365104,261,day_type,net_load_kw
weekday,69,-1478.3957183908046,1636.5041471082457,261,day_type,net_load_kw
weekday,70,-1505.858532183908,1658.9357216504491,261,day_type,net_load_kw
weekday,71,-1654.7575946360155,1618.3899034753611,261,day_type,net_load_kw
weekday,72,-1871.6613026819923,1552.9976878591431,261,day_type,net_load_kw
weekday,73,-1913.7370946360154,1564.2645021699036,261,day_type,net_load_kw
weekday,74,-1886.6519547892719,1584.889591291721,261,day_type,net_load_kw
weekday,75,-1869.7788122605364,1576.8260075865753,261,day_type,net_load_kw
weekday,76,-1811.6286183908046,1564.569365440962,261,day_type,net_load_kw
weekday,77,-1611.6795068965516,1592.7982230673301,261,day_type,net_load_kw
weekday,78,-1352.4434961685824,1645.2498476097974,261,day_type,net_load_kw
weekday,79,-1228.9030689655171,1651.9256800365076,261,day_type,net_load_kw
weekday,80,-1116.6373547892722,1633.89059274128,261,day_type,net_load_kw
weekday,81,-963.12209770114941,1616.525614001466,261,day_type,net_load_kw
weekday,82,-838.2581444444445,1607.1216635466383,261,day_type,net_load_kw
weekday,83,-689.34865325670501,1604.72609900113,261,day_type,net_load_kw
weekday,84,-504.61022988505755,1601.0502572576845,261,day_type,net_load_kw
weekday,85,-324.63329655172413,1588.9461364966362,261,day_type,net_load_kw
weekday,86,-109.27010957854405,1571.8230460348843,261,day_type,net_load_kw
weekday,87,139.32648467432949,1556.4274732974302,261,day_type,net_load_kw
weekday,88,376.14068429118771,1536.5858201598976,261,day_type,net_load_kw
weekday,89,635.34237586206893,1515.6571282564375,261,day_type,net_load_kw
weekday,90,914.19220306513409,1496.9875579071875,261,day_type,net_load_kw
weekday,91,1169.3791593869732,1483.8862402746599,261,day_type,net_load_kw
weekday,92,1424.3256053639848,1480.0647546691594,261,day_type,net_load_kw
weekday,93,1706.4622126436782,1478.386894749731,261,day_type,net_load_kw
weekday,94,2018.3374222222224,1465.4511822172242,261,day_type,net_load_kw
weekday,95,2318.3426490421457,1450.8709566595792,261,day_type,net_load_kw
weekday,96,2602.8540900383141,1447.6382972584972,261,day_type,net_load_kw
weekday,97,2906.1649704980841,1453.2069831418355,261,day_type,net_load_kw
weekday,98,3219.2439593869731,1444.2097603449133,261,day_type,net_load_kw
weekday,99,3533.4935536398466,1414.0154544522479,261,day_type,net_load_kw
weekday,100,3838.1721735632182,1384.5526354403376,261,day_type,net_load_kw
weekday,101,4071.5323915708814,1464.7175585047892,261,day_type,net_load_kw
weekday,102,4267.6609770114937,1595.493846158342,261,day_type,net_load_kw
weekday,103,4515.970901532567,1579.1333635845256,261,day_type,net_load_kw
weekday,104,4713.9030432950194,1496.8087244714386,261,day_type,net_load_kw
weekday,105,4941.5398275862071,1476.7401155055136,261,day_type,net_load_kw
weekday,106,5264.0758153256711,1511.5992802221333,261,day_type,net_load_kw
weekday,107,4824.8363582375478,1202.0483973241869,261,day_type,net_load_kw
weekday,108,3966.6470881226055,732.74691521054899,261,day_type,net_load_kw
weekday,109,3974.9378141762454,687.57098239077004,261,day_type,net_load_kw
weekday,110,4209.9280356321833,776.39544717971523,261,day_type,net_load_kw
weekday,111,4247.5023850574717,798.03512723368283,261,day_type,net_load_kw
weekday,112,4309.1688045977007,817.65044899472366,261,day_type,net_load_kw
weekday,113,4358.071462068965,835.51405666057997,261,day_type,net_load_kw
weekday,114,4368.8260727969346,846.04260435264496,261,day_type,net_load_kw
weekday,115,4382.9785781609189,851.85850698028435,261,day_type,net_load_kw
weekday,116,4391.1288145593871,854.50292833399214,261,day_type,net_load_kw
weekday,117,4388.132720306513,848.26334357585824,261,day_type,net_load_kw
weekday,118,4396.2841099616853,838.67514030364578,261,day_type,net_load_kw
weekday,119,4406.2035218390811,845.3946212386353,261,day_type,net_load_kw
weekday,120,4411.3106896551726,861.11993454918047,261,day_type,net_load_kw
weekday,121,4416.3050432950195,864.00650236038655,261,day_type,net_load_kw
weekday,122,4422.9123620689652,855.22192186470954,261,day_type,net_load_kw
weekday,123,4428.2450574712639,846.10059040219176,261,day_type,net_load_kw
weekday,124,4427.5777678160921,840.55819439523395,261,day_type,net_load_kw
weekday,125,4424.0499295019163,835.35740373112731,261,day_type,net_load_kw
weekday,126,4434.4718007662832,835.29088897556574,261,day_type,net_load_kw
weekday,127,4465.3079528735634,844.65189850717877,261,day_type,net_load_kw
weekday,128,4442.8490574712641,844.91332533556943,261,day_type,net_load_kw
weekday,129,4452.5554789272028,839.81368283654524,261,day_type,net_load_kw
weekday,130,4568.5675712643679,845.09570964201328,261,day_type,net_load_kw
weekday,131,4149.3424950191566,766.351982316717,261,day_type,net_load_kw
weekday,132,3440.877509578544,658.01605707050953,261,day_type,net_load_kw
weekday,133,3390.1424620689654,646.48754269684355,261,day_type,net_load_kw
weekday,134,3499.0351536398466,651.9266572972632,261,day_type,net_load_kw
weekday,135,3459.832030651341,639.81125077462013,261,day_type,net_load_kw
weekday,136,3468.3628643678157,633.51890773551554,261,day_type,net_load_kw
weekday,137,3484.5716145593869,625.71442679246138,261,day_type,net_load_kw
weekday,138,3481.7609195402297,612.78827865176868,261,day_type,net_load_kw
weekday,139,3495.3805605363982,600.22249244208479,261,day_type,net_load_kw
weekday,140,3497.7500720306512,598.26359435046834,261,day_type,net_load_kw
weekday,141,3498.3674329501919,598.67063943817072,261,day_type,net_load_kw
weekday,142,3523.4506904214559,597.46441048744225,261,day_type,net_load_kw
weekday,143,3458.83410651341,580.16249813677393,261,day_type,net_load_kw
weekday,144,3337.3774329501916,653.61135269298541,261,day_type,net_load_kw
weekend,1,3260.4873817307694,673.61458845503478,104,day_type,net_load_kw
weekend,2,3210.7483663461539,636.14465823842238,104,day_type,net_load_kw
weekend,3,3232.3147115384613,639.20134340259563,104,day_type,net_load_kw
weekend,4,3267.6978471153848,625.05140208977264,104,day_type,net_load_kw
weekend,5,3276.8222730769235,623.84569759352723,104,day_type,net_load_kw
weekend,6,3261.5063461538457,633.2539908475776,104,day_type,net_load_kw
weekend,7,3253.093068269231,611.90834401189863,104,day_type,net_load_kw
weekend,8,3259.7452615384614,597.27812021858335,104,day_type,net_load_kw
weekend,9,3270.1027884615387,595.77320507256798,104,day_type,net_load_kw
weekend,10,3268.3351028846155,569.97716384913701,104,day_type,net_load_kw
weekend,11,3272.8589788461541,565.23621781008467,104,day_type,net_load_kw
weekend,12,3282.665769230769,578.16938855790522,104,day_type,net_load_kw
weekend,13,3281.481839423077,573.84029636854098,104,day_type,net_load_kw
weekend,14,3302.0428384615388,569.90572586931341,104,day_type,net_load_kw
weekend,15,3333.541153846154,569.61898705043575,104,day_type,net_load_kw
weekend,16,3325.8295240384614,588.15673522347993,104,day_type,net_load_kw
weekend,17,3296.0646644230769,582.04036365683157,104,day_type,net_load_kw
weekend,18,3284.3901923076924,549.70200824086533,104,day_type,net_load_kw
weekend,19,3314.1277942307693,541.49447659646944,104,day_type,net_load_kw
weekend,20,3322.8029288461539,540.38622302312092,104,day_type,net_load_kw
weekend,21,3309.8634615384613,550.03426941033911,104,day_type,net_load_kw
weekend,22,3333.122910576923,557.88228850663006,104,day_type,net_load_kw
weekend,23,3352.2342971153848,546.87471638255442,104,day_type,net_load_kw
weekend,24,3348.8975961538458,537.48058119538291,104,day_type,net_load_kw
weekend,25,3345.9768211538462,549.49177779741888,104,day_type,net_load_kw
weekend,26,3341.8857942307691,550.58246714809241,104,day_type,net_load_kw
weekend,27,3343.0813461538464,547.72166250106227,104,day_type,net_load_kw
weekend,28,3360.4502173076926,555.24629990829385,104,day_type,net_load_kw
weekend,29,3368.6764230769231,548.71391089825909,104,day_type,net_load_kw
weekend,30,3358.6859134615388,530.28676533007149,104,day_type,net_load_kw
weekend,31,3332.9049028846152,543.08709803096576,104,day_type,net_load_kw
weekend,32,3309.8517461538459,559.73722492494903,104,day_type,net_load_kw
weekend,33,3238.3031730769235,545.37131023445693,104,day_type,net_load_kw
weekend,34,3100.2281855769229,534.36033473677071,104,day_type,net_load_kw
weekend,35,3247.7361490384615,784.82127452792156,104,day_type,net_load_kw
weekend,36,3535.1677403846156,1196.226886537798,104,day_type,net_load_kw
weekend,37,3435.2840057692306,1297.0415196239283,104,day_type,net_load_kw
weekend,38,3234.7026086538463,1315.4153123923991,104,day_type,net_load_kw
weekend,39,3080.7938942307692,1407.9352458778251,104,day_type,net_load_kw
weekend,40,2850.5579394230767,1481.6618330083268,104,day_type,net_load_kw
weekend,41,2716.5334125000004,1479.7130583511901,104,day_type,net_load_kw
weekend,42,2636.0596153846154,1445.8144501240797,104,day_type,net_load_kw
weekend,43,2373.9319817307692,1446.4039151509257,104,day_type,net_load_kw
weekend,44,2074.2858528846155,1468.7688891351847,104,day_type,net_load_kw
weekend,45,1755.7174038461537,1469.7009564163075,104,day_type,net_load_kw
weekend,46,1368.3828076923078,1452.9633384554404,104,day_type,net_load_kw
weekend,47,1434.0676663461538,1671.2479906000226,104,day_type,net_load_kw
weekend,48,1740.653389423077,2104.9833482032236,104,day_type,net_load_kw
weekend,49,1497.9924115384615,2175.040585363804,104,day_type,net_load_kw
weekend,50,1101.1358519230769,2114.4206184801524,104,day_type,net_load_kw
weekend,51,804.12954326923079,2125.0405224749879,104,day_type,net_load_kw
weekend,52,493.47398653846147,2102.4349293717569,104,day_type,net_load_kw
weekend,53,357.98122884615384,1947.1069544756117,104,day_type,net_load_kw
weekend,54,317.17918269230773,1778.6942056549558,104,day_type,net_load_kw
weekend,55,64.613850961538461,1777.6185710808099,104,day_type,net_load_kw
weekend,56,-220.18849807692297,1811.0987185451008,104,day_type,net_load_kw
weekend,57,-441.36098557692316,1806.7622056802509,104,day_type,net_load_kw
weekend,58,-679.14884230769223,1814.8980128049236,104,day_type,net_load_kw
weekend,59,-885.72809134615386,1826.0012955461555,104,day_type,net_load_kw
weekend,60,-1058.0196153846152,1834.7381577531723,104,day_type,net_load_kw
weekend,61,-1253.0559653846155,1847.7632166725723,104,day_type,net_load_kw
weekend,62,-1453.0603288461537,1831.9747085717604,104,day_type,net_load_kw
weekend,63,-1642.9556009615385,1818.5939843408266,104,day_type,net_load_kw
weekend,64,-1821.5273778846154,1857.0945615089279,104,day_type,net_load_kw
weekend,65,-1955.9245240384614,1909.4405500825696,104,day_type,net_load_kw
weekend,66,-2050.5443509615384,1926.0802301475633,104,day_type,net_load_kw
weekend,67,-2143.291473076923,1913.9556333142698,104,day_type,net_load_kw
weekend,68,-2224.6706634615384,1894.7206028976977,104,day_type,net_load_kw
weekend,69,-2276.9390625000001,1900.4053768963486,104,day_type,net_load_kw
weekend,70,-2312.8951971153847,1917.1926535939485,104,day_type,net_load_kw
weekend,71,-2442.6497846153843,1871.0720778559107,104,day_type,net_load_kw
weekend,72,-2608.4044230769232,1771.3112356275351,104,day_type,net_load_kw
weekend,73,-2628.9552451923078,1719.6684008110553,104,day_type,net_load_kw
weekend,74,-2594.0079278846151,1750.0517971446443,104,day_type,net_load_kw
weekend,75,-2566.7159134615385,1785.252396459789,104,day_type,net_load_kw
weekend,76,-2509.1542307692307,1747.3798533161644,104,day_type,net_load_kw
weekend,77,-2368.4617019230768,1792.609575161619,104,day_type,net_load_kw
weekend,78,-2175.7980528846156,1890.5275203586984,104,day_type,net_load_kw
weekend,79,-2022.5754394230769,1836.7281904740123,104,day_type,net_load_kw
weekend,80,-1895.1265019230768,1749.5328129676925,104,day_type,net_load_kw
weekend,81,-1768.3464423076923,1719.9524748133208,104,day_type,net_load_kw
weekend,82,-1631.082758653846,1730.122823442314,104,day_type,net_load_kw
weekend,83,-1465.3004528846154,1744.1448368033011,104,day_type,net_load_kw
weekend,84,-1261.2832932692306,1734.525699283779,104,day_type,net_load_kw
weekend,85,-1034.4650269230769,1716.6000676351869,104,day_type,net_load_kw
weekend,86,-854.99008846153856,1721.8721744934714,104,day_type,net_load_kw
weekend,87,-691.95151442307701,1717.4266839798208,104,day_type,net_load_kw
weekend,88,-443.18752019230772,1661.8374366043088,104,day_type,net_load_kw
weekend,89,-176.86074326923077,1645.6264509369341,104,day_type,net_load_kw
weekend,90,66.082932692307679,1671.4159508190894,104,day_type,net_load_kw
weekend,91,313.70664519230769,1650.7887267672493,104,day_type,net_load_kw
weekend,92,584.88028461538465,1651.9840379087698,104,day_type,net_load_kw
weekend,93,872.65480769230771,1677.3355670141968,104,day_type,net_load_kw
weekend,94,1158.0261615384616,1652.3022426447653,104,day_type,net_load_kw
weekend,95,1463.1275365384613,1628.9454464112027,104,day_type,net_load_kw
weekend,96,1784.183125,1622.4717352351204,104,day_type,net_load_kw
weekend,97,2086.4063124999998,1607.6760228294436,104,day_type,net_load_kw
weekend,98,2359.1620730769232,1615.8700912401198,104,day_type,net_load_kw
weekend,99,2653.3549519230769,1618.1225466756437,104,day_type,net_load_kw
weekend,100,3001.9726913461541,1581.9017016932653,104,day_type,net_load_kw
weekend,101,3162.7036115384617,1701.2498585044368,104,day_type,net_load_kw
weekend,102,3205.3814423076919,1909.684957590877,104,day_type,net_load_kw
weekend,103,3449.9274048076923,1897.5698395075376,104,day_type,net_load_kw
weekend,104,3711.8787769230767,1804.4692869658265,104,day_type,net_load_kw
weekend,105,3938.2408653846151,1814.7657993051118,104,day_type,net_load_kw
weekend,106,4184.6010759615383,1894.8991503323268,104,day_type,net_load_kw
weekend,107,3946.3814807692306,1510.2860831413225,104,day_type,net_load_kw
weekend,108,3458.6256250000001,895.43896597398373,104,day_type,net_load_kw
weekend,109,3525.8122048076921,826.51539814433215,104,day_type,net_load_kw
weekend,110,3729.3041846153847,912.96227824923699,104,day_type,net_load_kw
weekend,111,3791.6336057692311,924.24693706833432,104,day_type,net_load_kw
weekend,112,3852.4189028846154,982.73667081420786,104,day_type,net_load_kw
weekend,113,3900.8881557692312,997.9538456545572,104,day_type,net_load_kw
weekend,114,3912.8499519230772,974.10366897730478,104,day_type,net_load_kw
weekend,115,3896.7571855769229,1004.989455466955,104,day_type,net_load_kw
weekend,116,3900.4465846153844,1012.5863674099659,104,day_type,net_load_kw
weekend,117,3926.7887500000002,980.36730474005344,104,day_type,net_load_kw
weekend,118,3943.8742442307694,978.24965738958144,104,day_type,net_load_kw
weekend,119,3927.9426365384616,995.61315993309734,104,day_type,net_load_kw
weekend,120,3910.6973076923077,998.96144476095515,104,day_type,net_load_kw
weekend,121,3945.7297317307693,962.97825929594035,104,day_type,net_load_kw
weekend,122,3962.4140182692308,950.06474671177216,104,day_type,net_load_kw
weekend,123,3947.8349038461538,977.57898027907981,104,day_type,net_load_kw
weekend,124,3958.4837855769229,992.77641948892233,104,day_type,net_load_kw
weekend,125,3971.883042307692,993.78866117279233,104,day_type,net_load_kw
weekend,126,3969.6545192307694,982.16239655149002,104,day_type,net_load_kw
weekend,127,3958.7085625000004,957.36791491264762,104,day_type,net_load_kw
weekend,128,3949.6783451923079,949.42273393841185,104,day_type,net_load_kw
weekend,129,3996.7278846153849,974.22573929166663,104,day_type,net_load_kw
weekend,130,4078.0663884615383,1006.9189146507631,104,day_type,net_load_kw
weekend,131,3731.0628144230768,875.69694283579906,104,day_type,net_load_kw
weekend,132,3166.6517307692311,690.57350607737931,104,day_type,net_load_kw
weekend,133,3106.7441846153847,698.62965533807085,104,day_type,net_load_kw
weekend,134,3196.9313490384616,724.86253293511459,104,day_type,net_load_kw
weekend,135,3186.4302884615386,695.92016251650807,104,day_type,net_load_kw
weekend,136,3181.2634923076921,680.86061458899474,104,day_type,net_load_kw
weekend,137,3189.4585490384616,673.63121968246458,104,day_type,net_load_kw
weekend,138,3192.1533653846154,661.31494382732728,104,day_type,net_load_kw
weekend,139,3185.1316538461538,655.16695521789097,104,day_type,net_load_kw
weekend,140,3211.3715980769234,657.84781732667727,104,day_type,net_load_kw
weekend,141,3230.2808653846155,680.23747695535212,104,day_type,net_load_kw
weekend,142,3194.3948192307694,712.09351622090924,104,day_type,net_load_kw
weekend,143,3389.4381538461539,573.77023093502874,104,day_type,net_load_kw
weekend,144,3714.1292307692306,455.23851071738147,104,day_type,net_load_kw
