date,start,end,interval,emergency_kwh,cost_yuan,intervals
2025-02-01,2025-02-01 15:20:00,2025-02-01 15:30:00,15:20-15:30,8.4981978939069052,31.052415104335832,1
2025-02-01,2025-02-01 19:20:00,2025-02-01 19:30:00,19:20-19:30,15.536666666666633,104.74043833333312,1
2025-02-01,2025-02-01 21:10:00,2025-02-01 21:20:00,21:10-21:20,2.242583333333414,10.507624208333711,1
2025-02-02,2025-02-02 01:40:00,2025-02-02 01:50:00,01:40-01:50,1.6493666666665376,3.5733528833330541,1
2025-02-02,2025-02-02 02:50:00,2025-02-02 03:00:00,02:50-03:00,15.098962208806938,32.893089171885912,1
2025-02-03,2025-02-03 10:30:00,2025-02-03 10:50:00,10:30-10:50,15.925447706280181,75.99475196017579,2
2025-02-04,2025-02-04 14:20:00,2025-02-04 14:30:00,14:20-14:30,1.0880823517422868,5.5878469173725138,1
2025-02-04,2025-02-04 22:10:00,2025-02-04 22:20:00,22:10-22:20,9.5469666666666626,20.850575199999994,1
2025-02-05,2025-02-05 10:10:00,2025-02-05 10:20:00,10:10-10:20,18.452612965341075,88.461826555845107,1
2025-02-06,2025-02-06 21:10:00,2025-02-06 21:20:00,21:10-21:20,17.334933333333424,81.222830133333758,1
2025-02-07,2025-02-07 18:30:00,2025-02-07 18:40:00,18:30-18:40,15.783016666666583,98.817467349999475,1
2025-02-08,2025-02-08 01:50:00,2025-02-08 02:00:00,01:50-02:00,3.7000000000000455,7.9753500000000983,1
2025-02-09,2025-02-09 04:00:00,2025-02-09 04:10:00,04:00-04:10,16.140449999999987,35.517060224999973,1
2025-02-09,2025-02-09 09:40:00,2025-02-09 09:50:00,09:40-09:50,1.4162644618322702,6.7761173176364959,1
2025-02-09,2025-02-09 10:00:00,2025-02-09 10:10:00,10:00-10:10,9.4429404087324542,46.832262957108611,1
2025-02-09,2025-02-09 10:20:00,2025-02-09 10:50:00,10:20-10:50,107.02868915630049,454.64084914837309,3
2025-02-09,2025-02-09 13:00:00,2025-02-09 13:10:00,13:00-13:10,4.1562714245357313,17.94678001114529,1
2025-02-09,2025-02-09 20:20:00,2025-02-09 21:10:00,20:20-21:10,786.96622838546841,5415.0966226599876,5
2025-02-09,2025-02-09 21:20:00,2025-02-09 21:40:00,21:20-21:40,105.83046568318382,512.14579550435371,2
2025-02-10,2025-02-10 04:40:00,2025-02-10 04:50:00,04:40-04:50,6.0949666666666644,13.475971299999994,1
2025-02-10,2025-02-10 18:50:00,2025-02-10 19:00:00,18:50-19:00,1.7250000000001364,11.614425000000919,1
2025-02-11,2025-02-11 21:30:00,2025-02-11 21:40:00,21:30-21:40,36.984944289817484,182.5391925423942,1
2025-02-12,2025-02-12 14:10:00,2025-02-12 14:20:00,14:10-14:20,10.115919899386739,50.468324378040442,1
2025-02-12,2025-02-12 15:30:00,2025-02-12 15:40:00,15:30-15:40,3.8249891475109052,14.40873411867358,1
2025-02-13,2025-02-13 03:10:00,2025-02-13 03:20:00,03:10-03:20,5.3383057764837076,11.666867274505142,1
2025-02-13,2025-02-13 05:40:00,2025-02-13 05:50:00,05:40-05:50,8.0375999999999976,22.939310399999993,1
2025-02-13,2025-02-13 19:30:00,2025-02-13 19:50:00,19:30-19:50,10.272758239221957,69.250033753518707,2
2025-02-14,2025-02-14 03:00:00,2025-02-14 03:10:00,03:00-03:10,6.3144244128586138,13.809646190921789,1
2025-02-14,2025-02-14 07:40:00,2025-02-14 07:50:00,07:40-07:50,6.4088609530716099,27.558102098207922,1
2025-02-14,2025-02-14 16:00:00,2025-02-14 16:10:00,16:00-16:10,1.5218576594758417,6.2936423507623429,1
2025-02-14,2025-02-14 17:10:00,2025-02-14 17:50:00,17:10-17:50,47.245066692600517,236.77766740024524,4
2025-02-15,2025-02-15 03:30:00,2025-02-15 03:40:00,03:30-03:40,1.6299999999999955,3.5476949999999898,1
2025-02-15,2025-02-15 05:50:00,2025-02-15 06:10:00,05:50-06:10,35.994699999999909,168.14613396666627,2
2025-02-15,2025-02-15 06:40:00,2025-02-15 06:50:00,06:40-06:50,1.2494262251495343,5.2738280963561843,1
2025-02-15,2025-02-15 15:50:00,2025-02-15 16:00:00,15:50-16:00,12.82934131616625,51.670172150859571,1
2025-02-15,2025-02-15 17:10:00,2025-02-15 17:20:00,17:10-17:20,5.504456967574697,26.812209889056348,1
2025-02-15,2025-02-15 20:50:00,2025-02-15 21:50:00,20:50-21:50,247.36773359992648,1158.3389677662387,6
2025-02-16,2025-02-16 03:30:00,2025-02-16 03:40:00,03:30-03:40,3.1298000000000457,6.8120097000000994,1
2025-02-16,2025-02-16 04:20:00,2025-02-16 04:30:00,04:20-04:30,41.085000000000036,89.647470000000084,1
2025-02-16,2025-02-16 10:20:00,2025-02-16 10:30:00,10:20-10:30,18.832257839324484,89.914615053854746,1
2025-02-16,2025-02-16 10:40:00,2025-02-16 10:50:00,10:40-10:50,10.754502194431538,42.964236266753993,1
2025-02-16,2025-02-16 16:40:00,2025-02-16 16:50:00,16:40-16:50,9.7019266594769533,44.44937699039366,1
2025-02-16,2025-02-16 20:30:00,2025-02-16 20:50:00,20:30-20:50,493.42150627128945,3433.1747148201357,2
2025-02-16,2025-02-16 21:30:00,2025-02-16 21:50:00,21:30-21:50,79.018432651919127,351.02319082854683,2
2025-02-17,2025-02-17 01:40:00,2025-02-17 01:50:00,01:40-01:50,18.439433333333341,39.949032316666681,1
2025-02-18,2025-02-18 00:50:00,2025-02-18 01:00:00,00:50-01:00,9.966666666666697,21.3535833333334,1
2025-02-18,2025-02-18 03:50:00,2025-02-18 04:00:00,03:50-04:00,21.107669569789095,46.204688688268334,1
2025-02-18,2025-02-18 13:20:00,2025-02-18 13:30:00,13:20-13:30,16.28208333333335,70.159497083333406,1
2025-02-18,2025-02-18 17:20:00,2025-02-18 17:30:00,17:20-17:30,2.1115363991827962,10.411985984370368,1
2025-02-19,2025-02-19 00:50:00,2025-02-19 01:00:00,00:50-01:00,3.5900000000000318,7.6915750000000687,1
2025-02-19,2025-02-19 01:50:00,2025-02-19 02:00:00,01:50-02:00,25.00333333333333,53.894684999999996,1
2025-02-19,2025-02-19 02:20:00,2025-02-19 02:30:00,02:20-02:30,7.8483333333333576,17.136835833333386,1
2025-02-19,2025-02-19 06:20:00,2025-02-19 06:30:00,06:20-06:30,44.023912823438195,192.80272621024758,1
2025-02-19,2025-02-19 08:50:00,2025-02-19 09:00:00,08:50-09:00,7.0157584461780971,36.341628751202542,1
2025-02-19,2025-02-19 09:40:00,2025-02-19 09:50:00,09:40-09:50,0.29828682170682441,1.4271532984563013,1
2025-02-19,2025-02-19 15:20:00,2025-02-19 15:30:00,15:20-15:30,23.006988059514981,84.067534369467737,1
2025-02-19,2025-02-19 20:30:00,2025-02-19 20:50:00,20:30-20:50,274.16788806162236,1884.5844481446504,2
2025-02-19,2025-02-19 21:00:00,2025-02-19 21:40:00,21:00-21:40,98.710431844445409,467.50013346763302,4
2025-02-19,2025-02-19 23:40:00,2025-02-20 00:00:00,23:40-00:00+1日,46.69611765940499,99.745903581692943,2
2025-02-20,2025-02-20 07:50:00,2025-02-20 08:10:00,07:50-08:10,39.084848935647756,227.74176516303771,2
2025-02-20,2025-02-20 08:20:00,2025-02-20 08:30:00,08:20-08:30,13.295652201901817,72.122265369216407,1
2025-02-20,2025-02-20 17:10:00,2025-02-20 17:30:00,17:10-17:30,13.806255979990169,67.906127807273663,2
2025-02-20,2025-02-20 18:20:00,2025-02-20 18:30:00,18:20-18:30,4.0683333333332712,25.518620833332943,1
2025-02-20,2025-02-20 20:00:00,2025-02-20 20:10:00,20:00-20:10,1.0041742249403569,6.7847031508095217,1
2025-02-20,2025-02-20 23:00:00,2025-02-20 23:10:00,23:00-23:10,13.756700000000023,29.219230800000052,1
2025-02-21,2025-02-21 01:20:00,2025-02-21 01:30:00,01:20-01:30,0.36166666666667879,0.77378583333335926,1
2025-02-21,2025-02-21 19:20:00,2025-02-21 19:30:00,19:20-19:30,3.0733333333333235,20.718876666666603,1
2025-02-22,2025-02-22 03:10:00,2025-02-22 03:30:00,03:10-03:30,37.532642141874078,81.775044550012865,2
2025-02-22,2025-02-22 08:10:00,2025-02-22 08:20:00,08:10-08:20,3.6789881448770032,20.153497057636223,1
2025-02-22,2025-02-22 15:50:00,2025-02-22 16:00:00,15:50-16:00,9.9928800190177185,40.24632427659386,1
2025-02-22,2025-02-22 17:40:00,2025-02-22 17:50:00,17:40-17:50,17.74459323605646,95.306210270859253,1
2025-02-22,2025-02-22 23:50:00,2025-02-23 00:00:00,23:50-00:00+1日,7.0440835756236311,15.060250684683323,1
2025-02-23,2025-02-23 03:00:00,2025-02-23 03:20:00,03:00-03:20,15.942752424015453,34.852412954780462,2
2025-02-23,2025-02-23 04:30:00,2025-02-23 04:40:00,04:30-04:40,20.997366666666721,46.12071588333346,1
2025-02-23,2025-02-23 05:00:00,2025-02-23 05:20:00,05:00-05:20,62.438483333333465,138.32423095833363,2
2025-02-23,2025-02-23 08:00:00,2025-02-23 08:10:00,08:00-08:10,6.6102839285449591,38.613973568595377,1
2025-02-23,2025-02-23 09:40:00,2025-02-23 10:20:00,09:40-10:20,90.105509538107981,441.69396442317185,4
2025-02-23,2025-02-23 18:00:00,2025-02-23 18:10:00,18:00-18:10,0.81586666666669316,5.1240506000001664,1
2025-02-23,2025-02-23 20:30:00,2025-02-23 20:50:00,20:30-20:50,126.63724883347425,856.83117592683061,2
2025-02-23,2025-02-23 21:00:00,2025-02-23 21:50:00,21:00-21:50,107.45870896897127,510.51071163318557,5
2025-02-24,2025-02-24 01:10:00,2025-02-24 01:30:00,01:10-01:30,6.1694166666666206,13.221751083333235,2
2025-02-24,2025-02-24 06:10:00,2025-02-24 06:20:00,06:10-06:20,21.255306482072683,93.07698708499629,1
2025-02-24,2025-02-24 17:20:00,2025-02-24 17:40:00,17:20-17:40,31.325725340353983,154.44511053549292,2
2025-02-24,2025-02-24 20:40:00,2025-02-24 20:50:00,20:40-20:50,17.159973177945972,104.89891603678372,1
2025-02-25,2025-02-25 01:00:00,2025-02-25 01:10:00,01:00-01:10,13.500250000000051,29.099788875000108,1
2025-02-25,2025-02-25 18:50:00,2025-02-25 19:00:00,18:50-19:00,15.118333333333339,101.79173833333338,1
2025-02-26,2025-02-26 01:30:00,2025-02-26 01:40:00,01:30-01:40,8.6844166666666069,18.723602333333204,1
2025-02-26,2025-02-26 04:20:00,2025-02-26 04:30:00,04:20-04:30,3.9916666666665606,8.7098166666664341,1
2025-02-26,2025-02-26 13:40:00,2025-02-26 13:50:00,13:40-13:50,4.1121166666666795,18.557982516666723,1
2025-02-26,2025-02-26 14:40:00,2025-02-26 14:50:00,14:40-14:50,27.320135201683996,128.07679382549458,1
2025-02-26,2025-02-26 15:50:00,2025-02-26 16:00:00,15:50-16:00,24.932722725029976,100.41654077505822,1
2025-02-26,2025-02-26 20:40:00,2025-02-26 20:50:00,20:40-20:50,10.614363002314395,64.885601033147893,1
2025-02-27,2025-02-27 03:20:00,2025-02-27 03:30:00,03:20-03:30,44.096546008185896,96.042277205828881,1
2025-02-27,2025-02-27 08:00:00,2025-02-27 08:20:00,08:00-08:20,27.668023905902032,153.49276550861114,2
2025-02-27,2025-02-27 08:40:00,2025-02-27 09:20:00,08:40-09:20,217.6104838842063,1111.7613861313498,4
2025-02-27,2025-02-27 09:30:00,2025-02-27 10:20:00,09:30-10:20,300.05788742739082,1479.8554549651633,5
2025-02-27,2025-02-27 21:20:00,2025-02-27 21:30:00,21:20-21:30,2.44500000000005,11.456047500000235,1
2025-02-28,2025-02-28 01:00:00,2025-02-28 01:10:00,01:00-01:10,4.8192833333333738,10.387965225000087,1
2025-02-28,2025-02-28 04:40:00,2025-02-28 04:50:00,04:40-04:50,11.091216666666696,24.522680050000062,1
2025-02-28,2025-02-28 06:10:00,2025-02-28 06:20:00,06:10-06:20,2.8013211613344993,12.266985365483773,1
2025-02-28,2025-02-28 19:50:00,2025-02-28 20:00:00,19:50-20:00,6.2471979401242947,42.112361314377871,1
2025-02-28,2025-02-28 20:20:00,2025-02-28 20:30:00,20:20-20:30,10.397395270508696,70.125232401945908,1
2025-02-28,2025-02-28 21:30:00,2025-02-28 21:50:00,21:30-21:50,15.64449999999988,70.158719674999446,2
2025-03-01,2025-03-01 07:50:00,2025-03-01 08:00:00,07:50-08:00,9.1499081707098355,53.147241609568077,1
2025-03-01,2025-03-01 08:50:00,2025-03-01 09:00:00,08:50-09:00,16.443333333333307,85.176466666666528,1
2025-03-01,2025-03-01 15:40:00,2025-03-01 15:50:00,15:40-15:50,27.274344485357766,106.68359845447691,1
2025-03-01,2025-03-01 16:00:00,2025-03-01 16:20:00,16:00-16:20,34.02373795948273,144.0219963702514,2
2025-03-01,2025-03-01 18:10:00,2025-03-01 18:30:00,18:10-18:30,51.512683333333257,321.55824139166617,2
2025-03-01,2025-03-01 21:10:00,2025-03-01 21:40:00,21:10-21:40,27.914759706869017,133.34598160653479,3
2025-03-02,2025-03-02 12:40:00,2025-03-02 14:50:00,12:40-14:50,1747.2213370158904,8090.3094465095128,13
2025-03-02,2025-03-02 15:40:00,2025-03-02 15:50:00,15:40-15:50,10.88236548959685,42.566372612558084,1
2025-03-02,2025-03-02 16:30:00,2025-03-02 16:40:00,16:30-16:40,20.311871048148532,91.647162169246172,1
2025-03-02,2025-03-02 17:30:00,2025-03-02 17:50:00,17:30-17:50,22.891265157390421,117.17529153517704,2
2025-03-02,2025-03-02 19:50:00,2025-03-02 21:00:00,19:50-21:00,3190.6650426998144,21529.79794729023,7
2025-03-02,2025-03-02 21:20:00,2025-03-02 21:40:00,21:20-21:40,51.779812733566587,251.30265422979289,2
2025-03-03,2025-03-03 01:40:00,2025-03-03 01:50:00,01:40-01:50,11.689283333333378,25.324832341666767,1
2025-03-03,2025-03-03 09:10:00,2025-03-03 10:40:00,09:10-10:40,454.44567329787799,2179.6993882119514,9
2025-03-03,2025-03-03 13:40:00,2025-03-03 14:00:00,13:40-14:00,38.45807212911329,176.75803778850849,2
2025-03-03,2025-03-03 14:10:00,2025-03-03 14:50:00,14:10-14:50,186.48593353140674,966.19245309551536,4
2025-03-03,2025-03-03 15:10:00,2025-03-03 16:40:00,15:10-16:40,402.51792201805881,1578.774382954399,9
2025-03-03,2025-03-03 20:00:00,2025-03-03 21:00:00,20:00-21:00,2822.6471337589201,19151.123069391517,6
2025-03-03,2025-03-03 21:10:00,2025-03-03 21:40:00,21:10-21:40,86.895981459861972,413.07914196351658,3
2025-03-04,2025-03-04 01:40:00,2025-03-04 01:50:00,01:40-01:50,22.229883333333305,48.161042241666607,1
2025-03-04,2025-03-04 08:00:00,2025-03-04 08:20:00,08:00-08:20,25.801330783645767,148.78823589866673,2
2025-03-04,2025-03-04 15:30:00,2025-03-04 15:50:00,15:30-15:50,17.395103355624656,67.42544564543141,2
2025-03-04,2025-03-04 20:30:00,2025-03-04 20:50:00,20:30-20:50,112.37238898741862,764.50208914831171,2
2025-03-04,2025-03-04 21:40:00,2025-03-04 21:50:00,21:40-21:50,7.3277646604678459,28.446382411936174,1
2025-03-05,2025-03-05 13:20:00,2025-03-05 13:40:00,13:20-13:40,64.309810509082126,277.1893138161854,2
2025-03-06,2025-03-06 02:00:00,2025-03-06 02:10:00,02:00-02:10,4.3542166666666162,9.346326074999892,1
2025-03-06,2025-03-06 02:40:00,2025-03-06 02:50:00,02:40-02:50,2.0622530031683937,4.4699333843674935,1
2025-03-06,2025-03-06 16:00:00,2025-03-06 16:10:00,16:00-16:10,16.645976184065148,68.839434509201411,1
2025-03-06,2025-03-06 23:50:00,2025-03-07 00:00:00,23:50-00:00+1日,11.074999999999989,23.678349999999973,1
2025-03-08,2025-03-08 02:40:00,2025-03-08 02:50:00,02:40-02:50,9.1626581748851095,19.860061594063474,1
2025-03-08,2025-03-08 05:00:00,2025-03-08 05:10:00,05:00-05:10,4.4428500000000213,9.6254345250000473,1
2025-03-08,2025-03-08 07:20:00,2025-03-08 08:00:00,07:20-08:00,342.20073818466938,1309.2165960668065,4
2025-03-08,2025-03-08 16:30:00,2025-03-08 16:40:00,16:30-16:40,7.4777014840784659,33.739389096162036,1
2025-03-08,2025-03-08 17:50:00,2025-03-08 18:00:00,17:50-18:00,19.321981447100256,118.95577877907273,1
2025-03-08,2025-03-08 21:30:00,2025-03-08 21:40:00,21:30-21:40,5.9154999999999518,29.195950249999765,1
2025-03-08,2025-03-08 22:10:00,2025-03-08 22:20:00,22:10-22:20,1.5103333333333921,3.2985680000001287,1
2025-03-09,2025-03-09 02:00:00,2025-03-09 02:10:00,02:00-02:10,13.506449999999973,28.991594924999941,1
2025-03-09,2025-03-09 03:20:00,2025-03-09 03:30:00,03:20-03:30,0.53203675215854673,1.1587760462013148,1
2025-03-09,2025-03-09 18:30:00,2025-03-09 18:40:00,18:30-18:40,12.416166666666754,77.737619500000548,1
2025-03-10,2025-03-10 00:50:00,2025-03-10 01:10:00,00:50-01:10,35.478366666666602,76.134752683333204,2
2025-03-10,2025-03-10 07:20:00,2025-03-10 07:30:00,07:20-07:30,36.810254670506083,140.68879335067425,1
2025-03-10,2025-03-10 09:40:00,2025-03-10 10:20:00,09:40-10:20,268.88989296029001,1316.7264539935074,4
2025-03-10,2025-03-10 19:50:00,2025-03-10 20:00:00,19:50-20:00,15.501666666666665,104.496735,1
2025-03-10,2025-03-10 20:20:00,2025-03-10 20:40:00,20:20-20:40,1063.0581503047806,7338.7106458889266,2
2025-03-11,2025-03-11 15:20:00,2025-03-11 15:30:00,15:20-15:30,0.071173582979326966,0.26006827220646073,1
2025-03-11,2025-03-11 16:00:00,2025-03-11 16:10:00,16:00-16:10,9.9827071821937352,41.283485551962187,1
2025-03-11,2025-03-11 16:20:00,2025-03-11 16:30:00,16:20-16:30,3.7685654642149302,16.564729497956726,1
2025-03-11,2025-03-11 20:30:00,2025-03-11 20:40:00,20:30-20:40,157.49954157288994,1098.7168020124802,1
2025-03-12,2025-03-12 01:30:00,2025-03-12 01:40:00,01:30-01:40,6.333783333333372,13.65563686666675,1
2025-03-12,2025-03-12 03:30:00,2025-03-12 03:50:00,03:30-03:50,36.907114221423512,80.423550377928279,2
2025-03-12,2025-03-12 17:50:00,2025-03-12 18:00:00,17:50-18:00,26.552455125342021,163.47018997916817,1
2025-03-12,2025-03-12 20:30:00,2025-03-12 20:50:00,20:30-20:50,42.689897153034849,292.78701040623758,2
2025-03-13,2025-03-13 05:50:00,2025-03-13 06:10:00,05:50-06:10,43.446202184263711,200.50205463829244,2
2025-03-13,2025-03-13 10:00:00,2025-03-13 10:50:00,10:00-10:50,378.36769664396888,1774.0335773534059,5
2025-03-13,2025-03-13 13:10:00,2025-03-13 13:20:00,13:10-13:20,17.47261379413127,73.524758845704383,1
2025-03-13,2025-03-13 17:00:00,2025-03-13 17:10:00,17:00-17:10,10.417669045817547,49.285992255762814,1
2025-03-13,2025-03-13 19:00:00,2025-03-13 19:10:00,19:00-19:10,1.7008166666666966,11.500071891666868,1
2025-03-13,2025-03-13 19:40:00,2025-03-13 19:50:00,19:40-19:50,0.028016666666644596,0.18873427499985132,1
2025-03-13,2025-03-13 20:20:00,2025-03-13 20:50:00,20:20-20:50,1114.5803869890251,7656.8799866808122,3
2025-03-13,2025-03-13 22:10:00,2025-03-13 22:20:00,22:10-22:20,0.24183333333326118,0.52816399999984243,1
2025-03-14,2025-03-14 02:50:00,2025-03-14 03:00:00,02:50-03:00,0.63861867703445796,1.3912307879195664,1
2025-03-14,2025-03-14 05:40:00,2025-03-14 06:10:00,05:40-06:10,37.536826143747703,170.64516436327284,3
2025-03-14,2025-03-14 07:30:00,2025-03-14 07:50:00,07:30-07:50,71.898540601243695,271.64247922899017,2
2025-03-14,2025-03-14 20:40:00,2025-03-14 20:50:00,20:40-20:50,21.531041515370475,131.61925678345972,1
2025-03-14,2025-03-14 22:40:00,2025-03-14 22:50:00,22:40-22:50,0.30600000000004002,0.64887300000008485,1
2025-03-15,2025-03-15 07:20:00,2025-03-15 07:50:00,07:20-07:50,153.53564702170632,562.13903358362813,3
2025-03-15,2025-03-15 20:30:00,2025-03-15 20:50:00,20:30-20:50,62.483996716966772,404.46500318025528,2
2025-03-16,2025-03-16 02:30:00,2025-03-16 02:40:00,02:30-02:40,8.1739833333332399,17.770239766666464,1
2025-03-16,2025-03-16 05:50:00,2025-03-16 06:10:00,05:50-06:10,11.173150968442314,51.495776645780253,2
2025-03-16,2025-03-16 07:10:00,2025-03-16 07:20:00,07:10-07:20,8.6692314888923079,34.555556714724744,1
2025-03-16,2025-03-16 07:40:00,2025-03-16 07:50:00,07:40-07:50,32.827896583293125,141.15995530816042,1
2025-03-16,2025-03-16 08:20:00,2025-03-16 08:30:00,08:20-08:30,2.3092740918482377,12.526657311230766,1
2025-03-16,2025-03-16 18:00:00,2025-03-16 18:10:00,18:00-18:10,8.194239658793208,51.46392217705074,1
2025-03-17,2025-03-17 20:20:00,2025-03-17 20:30:00,20:20-20:30,30.108333333333462,203.06565416666754,1
2025-03-18,2025-03-18 08:10:00,2025-03-18 08:40:00,08:10-08:40,106.83460889263563,579.54714022585631,3
2025-03-18,2025-03-18 21:40:00,2025-03-18 21:50:00,21:40-21:50,12.771200000000022,49.577798400000077,1
2025-03-19,2025-03-19 04:10:00,2025-03-19 04:20:00,04:10-04:20,0.36163333333342962,0.79360435000021134,1
2025-03-20,2025-03-20 01:00:00,2025-03-20 01:30:00,01:00-01:30,52.939633333333404,113.67991107500015,3
2025-03-20,2025-03-20 03:10:00,2025-03-20 03:20:00,03:10-03:20,1.4188166666666575,3.1008238249999795,1
2025-03-20,2025-03-20 15:50:00,2025-03-20 16:10:00,15:50-16:10,47.851217872335951,194.48260008241095,2
2025-03-21,2025-03-21 01:10:00,2025-03-21 01:30:00,01:10-01:30,20.001666666666665,42.965663333333332,2
2025-03-21,2025-03-21 02:30:00,2025-03-21 02:40:00,02:30-02:40,23.116817864946427,50.255962038393527,1
2025-03-21,2025-03-21 03:30:00,2025-03-21 03:40:00,03:30-03:40,10.904933333333361,23.734587400000059,1
2025-03-21,2025-03-21 07:20:00,2025-03-21 07:40:00,07:20-07:40,124.44893698599041,469.66903649378867,2
2025-03-21,2025-03-21 22:10:00,2025-03-21 22:20:00,22:10-22:20,22.241983333333224,48.576491599999763,1
2025-03-23,2025-03-23 03:20:00,2025-03-23 03:30:00,03:20-03:30,11.300336776405175,24.612133499010469,1
2025-03-23,2025-03-23 04:00:00,2025-03-23 04:20:00,04:00-04:20,15.09985000000006,33.186192025000132,2
2025-03-23,2025-03-23 04:50:00,2025-03-23 05:10:00,04:50-05:10,25.958583333333308,56.549374124999943,2
2025-03-23,2025-03-23 07:50:00,2025-03-23 08:00:00,07:50-08:00,7.807212318313077,45.348192750921505,1
2025-03-23,2025-03-23 19:20:00,2025-03-23 19:30:00,19:20-19:30,18.391666666666765,123.987420833334,1
2025-03-24,2025-03-24 05:00:00,2025-03-24 05:20:00,05:00-05:20,22.0006833333332,47.714760658333041,2
2025-03-24,2025-03-24 14:50:00,2025-03-24 15:00:00,14:50-15:00,27.614942714026114,92.427213263845402,1
2025-03-24,2025-03-24 23:00:00,2025-03-24 23:10:00,23:00-23:10,22.44168912301825,47.666147697290768,1
2025-03-24,2025-03-24 23:40:00,2025-03-24 23:50:00,23:40-23:50,17.353526791148056,37.058456462496672,1
2025-03-25,2025-03-25 00:40:00,2025-03-25 01:00:00,00:40-01:00,31.317133333333345,67.052458233333368,2
2025-03-25,2025-03-25 03:00:00,2025-03-25 03:10:00,03:00-03:10,11.354824883637548,24.83300202051532,1
2025-03-25,2025-03-25 05:40:00,2025-03-25 05:50:00,05:40-05:50,17.839521200665786,50.913993506700152,1
2025-03-25,2025-03-25 06:20:00,2025-03-25 06:40:00,06:20-06:40,6.4233396510804823,28.020408193776859,2
2025-03-25,2025-03-25 09:20:00,2025-03-25 10:40:00,09:20-10:40,510.90450264085604,2468.8657756498183,8
2025-03-25,2025-03-25 16:30:00,2025-03-25 16:50:00,16:30-16:50,12.482969590039716,57.179222548271945,2
2025-03-25,2025-03-25 20:00:00,2025-03-25 20:10:00,20:00-20:10,3.5259499999999662,23.823081174999771,1
2025-03-25,2025-03-25 21:10:00,2025-03-25 21:40:00,21:10-21:40,60.785041695659608,288.15185453167976,3
2025-03-26,2025-03-26 07:40:00,2025-03-26 08:00:00,07:40-08:00,16.721727617161889,82.669349613313813,2
2025-03-26,2025-03-26 22:10:00,2025-03-26 22:20:00,22:10-22:20,9.4768166666667639,20.697367600000213,1
2025-03-27,2025-03-27 02:10:00,2025-03-27 02:30:00,02:10-02:30,62.742483333333212,136.24157396666641,2
2025-03-27,2025-03-27 20:30:00,2025-03-27 20:50:00,20:30-20:50,45.340597906547032,281.26899849607202,2
2025-03-27,2025-03-27 21:40:00,2025-03-27 21:50:00,21:40-21:50,58.383332126600365,226.64409531546261,1
2025-03-27,2025-03-27 23:00:00,2025-03-27 23:20:00,23:00-23:20,5.166066666666552,10.967055933333091,2
2025-03-28,2025-03-28 03:00:00,2025-03-28 03:10:00,03:00-03:10,2.1390273508716291,4.6780528163562538,1
2025-03-28,2025-03-28 07:00:00,2025-03-28 07:20:00,07:00-07:20,4.8402641621531188,19.581671355382596,2
2025-03-28,2025-03-28 07:30:00,2025-03-28 07:50:00,07:30-07:50,49.523227376991443,207.59825854259174,2
2025-03-28,2025-03-28 21:10:00,2025-03-28 21:20:00,21:10-21:20,8.7406333333333919,40.954237483333607,1
2025-03-29,2025-03-29 16:10:00,2025-03-29 16:20:00,16:10-16:20,24.960107096150367,106.31757617605248,1
2025-03-29,2025-03-29 18:00:00,2025-03-29 18:10:00,18:00-18:10,7.7755611886560132,48.834412045354092,1
2025-03-29,2025-03-29 20:00:00,2025-03-29 20:10:00,20:00-20:10,12.269866666666644,82.901354133333186,1
2025-03-29,2025-03-29 20:40:00,2025-03-29 20:50:00,20:40-20:50,42.048026188684105,257.03958409142592,1
2025-03-29,2025-03-29 21:00:00,2025-03-29 21:50:00,21:00-21:50,56.798984666666819,248.40423448066741,5
2025-03-30,2025-03-30 03:40:00,2025-03-30 03:50:00,03:40-03:50,3.0936500000000251,6.7441570000000555,1
2025-03-30,2025-03-30 18:00:00,2025-03-30 18:20:00,18:00-18:20,39.350202674089473,245.22173661536596,2
2025-03-31,2025-03-31 00:50:00,2025-03-31 01:00:00,00:50-01:00,7.466666666666697,15.997333333333399,1
2025-03-31,2025-03-31 04:40:00,2025-03-31 04:50:00,04:40-04:50,10.828416666666726,23.94162925000013,1
2025-03-31,2025-03-31 14:00:00,2025-03-31 14:20:00,14:00-14:20,31.401468321334804,156.85898585513934,2
2025-03-31,2025-03-31 14:30:00,2025-03-31 14:50:00,14:30-14:50,54.615320432886463,271.47650737347459,2
2025-03-31,2025-03-31 15:00:00,2025-03-31 15:20:00,15:00-15:20,52.322774715377363,176.24930362552101,2
2025-03-31,2025-03-31 15:30:00,2025-03-31 15:50:00,15:30-15:50,61.071699819103515,235.68853730645662,2
2025-03-31,2025-03-31 16:30:00,2025-03-31 17:00:00,16:30-17:00,42.973742899844069,195.67783940198626,3
2025-03-31,2025-03-31 20:20:00,2025-03-31 21:00:00,20:20-21:00,948.27714560627646,6511.1437074748646,4
2025-03-31,2025-03-31 21:20:00,2025-03-31 21:50:00,21:20-21:50,68.204343823760311,306.98094183622902,3
2025-04-01,2025-04-01 02:20:00,2025-04-01 02:30:00,02:20-02:30,18.873491486170337,41.210268660052932,1
2025-04-01,2025-04-01 03:20:00,2025-04-01 03:30:00,03:20-03:30,5.4583333333332575,11.888249999999834,1
2025-04-01,2025-04-01 04:50:00,2025-04-01 05:00:00,04:50-05:00,8.1533333333334213,17.916950000000192,1
2025-04-01,2025-04-01 14:40:00,2025-04-01 14:50:00,14:40-14:50,14.084559206008336,66.028413557767081,1
2025-04-01,2025-04-01 15:20:00,2025-04-01 15:30:00,15:20-15:30,17.387275312547729,63.533103992049398,1
2025-04-01,2025-04-01 19:50:00,2025-04-01 20:50:00,19:50-20:50,3307.31481234285,22405.332800086486,6
2025-04-01,2025-04-01 21:30:00,2025-04-01 21:50:00,21:30-21:50,30.306579284560915,122.39357720766563,2
2025-04-02,2025-04-02 02:40:00,2025-04-02 02:50:00,02:40-02:50,16.571400551162355,35.918510694644404,1
2025-04-02,2025-04-02 05:10:00,2025-04-02 05:30:00,05:10-05:30,11.104898903629532,23.906092992255317,2
2025-04-02,2025-04-02 07:10:00,2025-04-02 07:20:00,07:10-07:20,28.40891548290432,113.23793711485662,1
2025-04-02,2025-04-02 07:50:00,2025-04-02 10:20:00,07:50-10:20,1871.3808547970127,9436.5952269832287,15
2025-04-02,2025-04-02 18:00:00,2025-04-02 18:10:00,18:00-18:10,17.966636926771343,112.83946321858743,1
2025-04-02,2025-04-02 20:10:00,2025-04-02 20:50:00,20:10-20:50,1725.0118139106798,11771.193198268222,4
2025-04-02,2025-04-02 21:30:00,2025-04-02 21:50:00,21:30-21:50,30.04107508607326,129.88413352898124,2
2025-04-02,2025-04-02 23:00:00,2025-04-02 23:10:00,23:00-23:10,0.98788864419873335,2.0982754802781098,1
2025-04-03,2025-04-03 05:10:00,2025-04-03 05:30:00,05:10-05:30,37.009645680292238,80.030156485468453,2
2025-04-03,2025-04-03 06:50:00,2025-04-03 07:00:00,06:50-07:00,22.740913143445994,94.761385068739457,1
2025-04-03,2025-04-03 09:00:00,2025-04-03 09:30:00,09:00-09:30,169.29805679427039,839.14116427073088,3
2025-04-03,2025-04-03 15:30:00,2025-04-03 15:40:00,15:30-15:40,8.3410291567755621,31.420656833573542,1
2025-04-03,2025-04-03 16:20:00,2025-04-03 16:30:00,16:20-16:30,2.3153421054522596,10.177086224515408,1
2025-04-03,2025-04-03 23:30:00,2025-04-03 23:40:00,23:30-23:40,29.103183333333391,61.698748666666795,1
2025-04-04,2025-04-04 06:40:00,2025-04-04 06:50:00,06:40-06:50,38.93534533788079,164.34609267119481,1
2025-04-04,2025-04-04 20:50:00,2025-04-04 21:00:00,20:50-21:00,6.1766666666666765,28.820326666666716,1
2025-04-05,2025-04-05 03:50:00,2025-04-05 04:00:00,03:50-04:00,8.3133333333333326,18.197886666666665,1
2025-04-05,2025-04-05 19:30:00,2025-04-05 19:40:00,19:30-19:40,0.19760000000007949,1.3328120000005361,1
2025-04-06,2025-04-06 02:30:00,2025-04-06 02:40:00,02:30-02:40,1.7749819276723429,3.8588107107596734,1
2025-04-06,2025-04-06 04:20:00,2025-04-06 04:30:00,04:20-04:30,30.524999999999977,66.605549999999951,1
2025-04-06,2025-04-06 15:00:00,2025-04-06 15:40:00,15:00-15:40,64.214174323272061,232.0655990588686,4
2025-04-06,2025-04-06 18:50:00,2025-04-06 19:00:00,18:50-19:00,13.404999999999859,90.255864999999062,1
2025-04-06,2025-04-06 20:50:00,2025-04-06 21:00:00,20:50-21:00,11.570833655983279,53.98950983881798,1
2025-04-07,2025-04-07 04:10:00,2025-04-07 04:30:00,04:10-04:30,39.391589635012927,86.071524807076031,2
2025-04-08,2025-04-08 06:20:00,2025-04-08 06:40:00,06:20-06:40,20.47708702627142,88.865723615809571,2
2025-04-08,2025-04-08 07:10:00,2025-04-08 07:40:00,07:10-07:40,35.700351320553921,132.98823437518064,3
2025-04-08,2025-04-08 18:20:00,2025-04-08 18:40:00,18:20-18:40,19.962582330782951,125.08976683926691,2
2025-04-08,2025-04-08 19:50:00,2025-04-08 20:00:00,19:50-20:00,9.1868083313211173,61.928274961435655,1
2025-04-08,2025-04-08 21:10:00,2025-04-08 21:30:00,21:10-21:30,34.373681498719904,161.05788466225212,2
2025-04-09,2025-04-09 07:50:00,2025-04-09 08:00:00,07:50-08:00,13.481480899670146,78.307181805734032,1
2025-04-09,2025-04-09 15:00:00,2025-04-09 15:50:00,15:00-15:50,183.67465523569544,676.85342952231144,5
2025-04-09,2025-04-09 20:00:00,2025-04-09 21:00:00,20:00-21:00,2457.6527013743389,16689.751487142534,6
2025-04-10,2025-04-10 15:50:00,2025-04-10 16:30:00,15:50-16:30,60.060910849374125,249.65147866050373,4
2025-04-10,2025-04-10 18:00:00,2025-04-10 18:10:00,18:00-18:10,23.052578095322929,144.78171672767564,1
2025-04-10,2025-04-10 21:40:00,2025-04-10 22:00:00,21:40-22:00,54.323462556561005,199.47213164456969,2
2025-04-11,2025-04-11 01:10:00,2025-04-11 01:20:00,01:10-01:20,5.0800833333332776,10.927259249999882,1
2025-04-11,2025-04-11 05:40:00,2025-04-11 05:50:00,05:40-05:50,6.3849296803934408,18.222589307842881,1
2025-04-11,2025-04-11 18:00:00,2025-04-11 18:10:00,18:00-18:10,3.6063105545335929,22.649433437748229,1
2025-04-11,2025-04-11 18:40:00,2025-04-11 18:50:00,18:40-18:50,20.914899999999989,134.70241344999994,1
2025-04-11,2025-04-11 19:20:00,2025-04-11 19:30:00,19:20-19:30,1.4566666666667061,9.8201183333335997,1
2025-04-11,2025-04-11 22:20:00,2025-04-11 22:30:00,22:20-22:30,1.683333333333394,3.5333166666667943,1
2025-04-12,2025-04-12 00:40:00,2025-04-12 00:50:00,00:40-00:50,6.6262300565643741,14.15031428579322,1
2025-04-12,2025-04-12 17:50:00,2025-04-12 18:00:00,17:50-18:00,4.1590332531540639,25.605088223042994,1
2025-04-13,2025-04-13 16:30:00,2025-04-13 16:40:00,16:30-16:40,18.546973052391628,83.683942412391019,1
2025-04-13,2025-04-13 17:00:00,2025-04-13 17:10:00,17:00-17:10,5.5443031938959386,26.230098410321684,1
2025-04-13,2025-04-13 18:30:00,2025-04-13 18:40:00,18:30-18:40,8.0002643127947266,50.089654862407784,1
2025-04-14,2025-04-14 00:40:00,2025-04-14 00:50:00,00:40-00:50,13.099809853709985,27.974643942597673,1
2025-04-14,2025-04-14 04:50:00,2025-04-14 05:00:00,04:50-05:00,18.583661616749474,40.837596402806966,1
2025-04-14,2025-04-14 05:50:00,2025-04-14 06:00:00,05:50-06:00,1.3544984464238041,6.1622906820050973,1
2025-04-14,2025-04-14 20:30:00,2025-04-14 20:40:00,20:30-20:40,27.241266666666661,190.03507626666664,1
2025-04-15,2025-04-15 21:40:00,2025-04-15 21:50:00,21:40-21:50,1.0574644721968411,4.1050770810681367,1
2025-04-16,2025-04-16 15:00:00,2025-04-16 15:10:00,15:00-15:10,3.931324484037205,12.973370797322778,1
2025-04-16,2025-04-16 21:20:00,2025-04-16 21:50:00,21:20-21:50,117.55922237552163,568.28351078337994,3
2025-04-17,2025-04-17 02:50:00,2025-04-17 03:00:00,02:50-03:00,2.3283333333332621,5.072274166666511,1
2025-04-17,2025-04-17 03:50:00,2025-04-17 04:00:00,03:50-04:00,20.644999999999982,45.191904999999963,1
2025-04-18,2025-04-18 02:30:00,2025-04-18 03:00:00,02:30-03:00,70.27996666666661,152.59049166666654,3
2025-04-18,2025-04-18 18:20:00,2025-04-18 18:30:00,18:20-18:30,32.102204783868274,201.36107950681375,1
2025-04-19,2025-04-19 02:00:00,2025-04-19 02:10:00,02:00-02:10,19.424929711507275,41.695611625750367,1
2025-04-19,2025-04-19 04:00:00,2025-04-19 04:10:00,04:00-04:10,4.5378950059199497,9.9856379605268479,1
2025-04-19,2025-04-19 18:20:00,2025-04-19 18:30:00,18:20-18:30,1.3171224777649968,8.2616507417809419,1
2025-04-19,2025-04-19 19:00:00,2025-04-19 19:10:00,19:00-19:10,26.023255200217022,175.95624003626739,1
2025-04-20,2025-04-20 04:00:00,2025-04-20 04:10:00,04:00-04:10,3.569337129757173,7.8543263540306585,1
2025-04-20,2025-04-20 05:20:00,2025-04-20 05:30:00,05:20-05:30,6.6307071562553119,14.259335739527049,1
2025-04-20,2025-04-20 07:40:00,2025-04-20 07:50:00,07:40-07:50,4.0888787430861271,17.582178595270346,1
2025-04-20,2025-04-20 08:30:00,2025-04-20 08:50:00,08:30-08:50,27.716714058831343,146.32267228619077,2
2025-04-20,2025-04-20 16:20:00,2025-04-20 16:30:00,16:20-16:30,9.6295123650767778,42.326521600694981,1
2025-04-20,2025-04-20 18:20:00,2025-04-20 18:30:00,18:20-18:30,6.6456131478430507,41.684608469845536,1
2025-04-20,2025-04-20 23:50:00,2025-04-21 00:00:00,23:50-00:00+1日,16.795465569719568,35.908705388060433,1
2025-04-21,2025-04-21 03:20:00,2025-04-21 03:30:00,03:20-03:30,26.151242011912053,56.957405101944452,1
2025-04-21,2025-04-21 05:20:00,2025-04-21 05:30:00,05:20-05:30,3.5968753715102366,7.7350804864327642,1
2025-04-22,2025-04-22 03:20:00,2025-04-22 03:30:00,03:20-03:30,23.300818065264423,50.749181746145908,1
2025-04-22,2025-04-22 05:00:00,2025-04-22 05:10:00,05:00-05:10,7.4844890719526802,16.215145574385481,1
2025-04-22,2025-04-22 21:20:00,2025-04-22 21:30:00,21:20-21:30,11.090443029986233,51.964270817000497,1
2025-04-22,2025-04-22 23:50:00,2025-04-23 00:00:00,23:50-00:00+1日,4.2897269106508702,9.1714361349715592,1
2025-04-24,2025-04-24 21:30:00,2025-04-24 21:40:00,21:30-21:40,3.3160318628773666,16.366275259231244,1
2025-04-25,2025-04-25 00:30:00,2025-04-25 00:40:00,00:30-00:40,1.5380814750790819,3.285342030768919,1
2025-04-25,2025-04-25 22:40:00,2025-04-25 22:50:00,22:40-22:50,20.68983333333324,43.872791583333132,1
2025-04-26,2025-04-26 00:30:00,2025-04-26 00:40:00,00:30-00:40,12.540760272146363,26.787063941304634,1
2025-04-26,2025-04-26 04:20:00,2025-04-26 04:30:00,04:20-04:30,0.40664447374325619,0.88729824170778493,1
2025-04-26,2025-04-26 05:00:00,2025-04-26 05:10:00,05:00-05:10,16.182913934435398,35.060283038954289,1
2025-04-26,2025-04-26 17:00:00,2025-04-26 17:20:00,17:00-17:20,44.497704705311591,211.42427747035381,2
2025-04-26,2025-04-26 18:30:00,2025-04-26 18:40:00,18:30-18:40,23.723169873743757,148.53076657950967,1
2025-04-26,2025-04-26 20:50:00,2025-04-26 21:00:00,20:50-21:00,20.581151643675614,96.031653569390429,1
2025-04-26,2025-04-26 21:30:00,2025-04-26 21:50:00,21:30-21:50,152.28734571865022,714.22943513154996,2
2025-04-27,2025-04-27 08:00:00,2025-04-27 08:20:00,08:00-08:20,20.784567851068687,115.0174357489955,2
2025-04-27,2025-04-27 16:30:00,2025-04-27 17:30:00,16:30-17:30,193.33147025241226,902.92670613621362,6
2025-04-27,2025-04-27 18:30:00,2025-04-27 18:40:00,18:30-18:40,0.4674464986132989,2.9266825278178645,1
2025-04-27,2025-04-27 20:30:00,2025-04-27 20:40:00,20:30-20:40,197.53525785947176,1378.0059588276749,1
2025-04-27,2025-04-27 21:00:00,2025-04-27 21:50:00,21:00-21:50,150.63847080904938,702.96902832287617,5
2025-04-28,2025-04-28 01:40:00,2025-04-28 02:00:00,01:40-02:00,53.474905581764233,115.54723250993425,2
2025-04-28,2025-04-28 08:20:00,2025-04-28 08:30:00,08:20-08:30,49.682077244748598,269.50042801413878,1
2025-04-28,2025-04-28 08:40:00,2025-04-28 09:40:00,08:40-09:40,470.14645958569122,2347.2992099475405,6
2025-04-28,2025-04-28 14:20:00,2025-04-28 14:30:00,14:20-14:30,47.279579710828358,242.80428160495902,1
2025-04-28,2025-04-28 15:50:00,2025-04-28 16:00:00,15:50-16:00,6.4978787992243188,26.170206863875944,1
2025-04-28,2025-04-28 20:00:00,2025-04-28 21:00:00,20:00-21:00,2883.7317730359223,19466.975649790646,6
2025-04-28,2025-04-28 21:30:00,2025-04-28 21:50:00,21:30-21:50,66.967533349920814,309.00618256341465,2
2025-04-29,2025-04-29 15:40:00,2025-04-29 15:50:00,15:40-15:50,12.078135330356588,47.243626344689794,1
2025-04-29,2025-04-29 16:10:00,2025-04-29 16:30:00,16:10-16:30,95.008293664214136,410.2467525755356,2
2025-04-29,2025-04-29 20:20:00,2025-04-29 20:40:00,20:20-20:40,151.18312726029615,1052.5753974344925,2
2025-04-30,2025-04-30 20:50:00,2025-04-30 21:10:00,20:50-21:10,9.0619363556973163,42.096175924121553,2
2025-05-01,2025-05-01 04:30:00,2025-05-01 04:40:00,04:30-04:40,8.7675212177850881,19.257860354864949,1
2025-05-01,2025-05-01 05:10:00,2025-05-01 05:20:00,05:10-05:20,13.233569341707721,29.371907153920287,1
2025-05-01,2025-05-01 16:50:00,2025-05-01 17:00:00,16:50-17:00,8.874568228552647,41.107000034655861,1
2025-05-01,2025-05-01 17:20:00,2025-05-01 17:30:00,17:20-17:30,34.829999205107761,171.74672608038637,1
2025-05-01,2025-05-01 17:50:00,2025-05-01 18:20:00,17:50-18:20,94.228618232063127,585.90506390852238,3
2025-05-01,2025-05-01 18:30:00,2025-05-01 18:40:00,18:30-18:40,24.005066498089903,150.29572134454088,1
2025-05-01,2025-05-01 19:00:00,2025-05-01 19:20:00,19:00-19:20,63.674894045213023,428.63593050387317,2
2025-05-01,2025-05-01 19:30:00,2025-05-01 20:00:00,19:30-20:00,58.8667796554696,396.61275938090387,3
2025-05-01,2025-05-01 20:20:00,2025-05-01 22:00:00,20:20-22:00,1181.0894635005211,7088.5613922383773,10
2025-05-01,2025-05-01 22:10:00,2025-05-01 23:00:00,22:10-23:00,182.05210605541447,386.19371856178589,5
2025-05-01,2025-05-01 23:20:00,2025-05-01 23:30:00,23:20-23:30,46.146941235071949,97.370046006001814,1
2025-05-02,2025-05-02 01:30:00,2025-05-02 01:40:00,01:30-01:40,9.2524475561589146,19.94827693107862,1
2025-05-02,2025-05-02 04:30:00,2025-05-02 04:40:00,04:30-04:40,13.316928821325551,29.250634156041578,1
2025-05-02,2025-05-02 05:10:00,2025-05-02 05:20:00,05:10-05:20,24.618715534237481,54.641239128240088,1
2025-05-02,2025-05-02 06:10:00,2025-05-02 06:20:00,06:10-06:20,10.298614282623618,45.097631943608825,1
2025-05-02,2025-05-02 06:30:00,2025-05-02 07:30:00,06:30-07:30,560.93819978573265,2338.9168871035436,6
2025-05-02,2025-05-02 16:20:00,2025-05-02 17:30:00,16:20-17:30,359.46620352071824,1661.3091078858604,7
2025-05-02,2025-05-02 17:50:00,2025-05-02 18:30:00,17:50-18:30,169.9807585796857,1058.3696314358072,4
2025-05-02,2025-05-02 19:00:00,2025-05-02 19:20:00,19:00-19:20,11.951899709337397,80.435042217235576,2
2025-05-02,2025-05-02 19:30:00,2025-05-02 19:50:00,19:30-19:50,112.34414801894951,757.15873581952633,2
2025-05-02,2025-05-02 20:10:00,2025-05-02 22:00:00,20:10-22:00,2652.7600080315292,16185.59965192663,11
2025-05-02,2025-05-02 22:10:00,2025-05-02 22:30:00,22:10-22:30,99.709754546821273,212.18930581156405,2
2025-05-02,2025-05-02 23:00:00,2025-05-02 23:10:00,23:00-23:10,11.556003552172058,24.544951544813451,1
2025-05-02,2025-05-02 23:40:00,2025-05-02 23:50:00,23:40-23:50,18.423610134074181,39.343619441315411,1
2025-05-03,2025-05-03 06:50:00,2025-05-03 07:20:00,06:50-07:20,185.62764339590962,750.61933721408866,3
2025-05-03,2025-05-03 16:40:00,2025-05-03 17:00:00,16:40-17:00,29.251443648275497,135.46854920645083,2
2025-05-03,2025-05-03 17:10:00,2025-05-03 17:30:00,17:10-17:30,38.28717451499746,188.36851876989948,2
2025-05-03,2025-05-03 18:50:00,2025-05-03 19:10:00,18:50-19:10,63.74367551069588,430.03746933851539,2
2025-05-03,2025-05-03 19:30:00,2025-05-03 19:50:00,19:30-19:50,81.444016666666471,548.73874025833197,2
2025-05-03,2025-05-03 20:00:00,2025-05-03 20:20:00,20:00-20:20,44.246749999999963,297.80063605833311,2
2025-05-03,2025-05-03 20:30:00,2025-05-03 21:50:00,20:30-21:50,1686.5687760530896,9384.660135625958,8
2025-05-04,2025-05-04 01:40:00,2025-05-04 02:00:00,01:40-02:00,32.035153123599116,69.088330696504741,2
2025-05-04,2025-05-04 17:30:00,2025-05-04 17:40:00,17:30-17:40,7.6431720383228594,37.298679547015553,1
2025-05-04,2025-05-04 18:10:00,2025-05-04 18:20:00,18:10-18:20,4.7159699223908547,29.349838811999483,1
2025-05-04,2025-05-04 18:30:00,2025-05-04 18:40:00,18:30-18:40,52.546059567051543,328.99087894930972,1
2025-05-04,2025-05-04 18:50:00,2025-05-04 19:00:00,18:50-19:00,40.637616069960472,273.61306899904389,1
2025-05-04,2025-05-04 20:00:00,2025-05-04 20:10:00,20:00-20:10,12.50710000000015,84.504221150001015,1
2025-05-04,2025-05-04 20:30:00,2025-05-04 21:50:00,20:30-21:50,1583.4905444882465,9196.803403280137,8
2025-05-04,2025-05-04 22:10:00,2025-05-04 22:20:00,22:10-22:20,18.101017076445601,39.532621294957195,1
2025-05-05,2025-05-05 06:30:00,2025-05-05 06:40:00,06:30-06:40,1.5673568737324786,6.7404182354865236,1
2025-05-05,2025-05-05 07:30:00,2025-05-05 08:00:00,07:30-08:00,201.26437198147607,836.31871521545622,3
2025-05-05,2025-05-05 08:10:00,2025-05-05 08:20:00,08:10-08:20,7.579750492976757,41.52187320052667,1
2025-05-05,2025-05-05 08:50:00,2025-05-05 09:00:00,08:50-09:00,8.116876376971959,42.045419632714747,1
2025-05-05,2025-05-05 09:10:00,2025-05-05 09:30:00,09:10-09:30,32.875245068151948,160.70069953310178,2
2025-05-05,2025-05-05 16:30:00,2025-05-05 17:00:00,16:30-17:00,88.893595213778553,403.26313400034365,3
2025-05-05,2025-05-05 17:10:00,2025-05-05 17:40:00,17:10-17:40,139.54737218448793,682.22339074075921,3
2025-05-05,2025-05-05 18:00:00,2025-05-05 18:10:00,18:00-18:10,0.14998528657679344,0.94198259234555126,1
2025-05-05,2025-05-05 18:20:00,2025-05-05 19:00:00,18:20-19:00,173.63583999618913,1116.6960730366161,4
2025-05-05,2025-05-05 19:20:00,2025-05-05 19:40:00,19:20-19:40,53.967733333333172,363.90469549999892,2
2025-05-05,2025-05-05 20:00:00,2025-05-05 20:10:00,20:00-20:10,40.410333333333256,273.03241716666616,1
2025-05-05,2025-05-05 20:30:00,2025-05-05 21:50:00,20:30-21:50,1344.694416784409,7996.3668316445237,8
2025-05-05,2025-05-05 22:10:00,2025-05-05 22:20:00,22:10-22:20,15.718942867622786,34.330171222888168,1
2025-05-06,2025-05-06 07:50:00,2025-05-06 08:00:00,07:50-08:00,0.19475627517772409,1.1312418243698104,1
2025-05-06,2025-05-06 08:10:00,2025-05-06 08:30:00,08:10-08:30,95.651759792257621,519.08468876250924,2
2025-05-06,2025-05-06 09:20:00,2025-05-06 09:50:00,09:20-09:50,141.04496560185132,670.25892433564559,3
2025-05-06,2025-05-06 17:20:00,2025-05-06 17:30:00,17:20-17:30,12.728074496897648,62.762135344202299,1
2025-05-06,2025-05-06 18:10:00,2025-05-06 18:20:00,18:10-18:20,11.559816377856009,71.942517227586862,1
2025-05-06,2025-05-06 20:40:00,2025-05-06 21:50:00,20:40-21:50,575.15560067371598,2751.9755502109256,7
2025-05-06,2025-05-06 22:10:00,2025-05-06 22:20:00,22:10-22:20,25.397058896738599,55.467176630477105,1
2025-05-07,2025-05-07 06:30:00,2025-05-07 06:40:00,06:30-06:40,8.3935191330609769,36.096329031728729,1
2025-05-07,2025-05-07 08:50:00,2025-05-07 09:00:00,08:50-09:00,11.640101251564531,60.295724483104266,1
2025-05-07,2025-05-07 14:50:00,2025-05-07 15:30:00,14:50-15:30,179.03264780159495,615.97707242689637,4
2025-05-07,2025-05-07 16:30:00,2025-05-07 16:40:00,16:30-16:40,37.636241356097116,169.81472099871019,1
2025-05-07,2025-05-07 17:10:00,2025-05-07 17:30:00,17:10-17:30,90.751110359590896,444.12217732856425,2
2025-05-07,2025-05-07 17:50:00,2025-05-07 18:20:00,17:50-18:20,152.82285176695302,951.92107825077881,3
2025-05-07,2025-05-07 20:30:00,2025-05-07 20:50:00,20:30-20:50,792.69600604421771,5501.8851600977969,2
2025-05-07,2025-05-07 21:00:00,2025-05-07 21:50:00,21:00-21:50,327.42847689634527,1503.9181036248208,5
2025-05-07,2025-05-07 22:10:00,2025-05-07 22:20:00,22:10-22:20,0.97680429039462524,2.1333405702218617,1
2025-05-08,2025-05-08 04:50:00,2025-05-08 05:10:00,04:50-05:10,43.728708890660414,95.536947074460869,2
2025-05-08,2025-05-08 14:30:00,2025-05-08 15:20:00,14:30-15:20,165.56989195415417,678.51920918279166,5
2025-05-08,2025-05-08 21:40:00,2025-05-08 22:00:00,21:40-22:00,23.008037442068307,79.492531180933383,2
2025-05-09,2025-05-09 00:40:00,2025-05-09 01:10:00,00:40-01:10,45.641281564852719,97.618411618141593,3
2025-05-09,2025-05-09 21:20:00,2025-05-09 21:30:00,21:20-21:30,5.7109491666666372,26.75865232041653,1
2025-05-11,2025-05-11 01:30:00,2025-05-11 01:40:00,01:30-01:40,15.513126150230242,33.446299979896402,1
2025-05-11,2025-05-11 02:10:00,2025-05-11 02:20:00,02:10-02:20,17.163713130332802,37.107947787779516,1
2025-05-12,2025-05-12 01:30:00,2025-05-12 01:40:00,01:30-01:40,19.670710945316124,42.410052798101567,1
2025-05-12,2025-05-12 02:50:00,2025-05-12 03:10:00,02:50-03:10,40.85293400889789,89.222758524379813,2
2025-05-15,2025-05-15 16:20:00,2025-05-15 16:40:00,16:20-16:40,28.754802692179283,127.81916588549961,2
2025-05-15,2025-05-15 17:20:00,2025-05-15 17:30:00,17:20-17:30,8.2406036908455462,40.634416799559389,1
2025-05-16,2025-05-16 04:40:00,2025-05-16 04:50:00,04:40-04:50,6.7412788764005995,14.904967595721725,1
2025-05-16,2025-05-16 23:30:00,2025-05-16 23:50:00,23:30-23:50,91.700033333333351,195.2042775416667,2
2025-05-17,2025-05-17 03:30:00,2025-05-17 03:50:00,03:30-03:50,19.723271874062405,42.952890435648051,2
2025-05-18,2025-05-18 22:10:00,2025-05-18 22:20:00,22:10-22:20,7.6703118150919636,16.751961004160851,1
2025-05-20,2025-05-20 22:10:00,2025-05-20 22:20:00,22:10-22:20,5.8751406592646163,12.831307199833923,1
2025-05-21,2025-05-21 02:50:00,2025-05-21 03:00:00,02:50-03:00,8.5978870823257694,18.730497008846687,1
2025-05-21,2025-05-21 15:20:00,2025-05-21 15:30:00,15:20-15:30,70.660973993108499,258.19519897081847,1
2025-05-22,2025-05-22 04:00:00,2025-05-22 04:10:00,04:00-04:10,3.1140253814098742,6.8524128517924279,1
2025-05-23,2025-05-23 01:00:00,2025-05-23 01:10:00,01:00-01:10,8.7998887018791265,18.968160096900458,1
2025-05-23,2025-05-23 03:20:00,2025-05-23 03:30:00,03:20-03:30,25.044999999999959,54.548009999999913,1
2025-05-25,2025-05-25 06:00:00,2025-05-25 06:10:00,06:00-06:10,16.060435180077548,75.227078383483232,1
2025-05-25,2025-05-25 20:50:00,2025-05-25 21:00:00,20:50-21:00,6.9303077774636108,32.336816089645211,1
2025-05-26,2025-05-26 06:40:00,2025-05-26 07:30:00,06:40-07:30,121.54595258509366,489.18823593113683,5
2025-05-28,2025-05-28 06:50:00,2025-05-28 07:00:00,06:50-07:00,5.0245718771068368,20.937391011904189,1
2025-05-29,2025-05-29 07:00:00,2025-05-29 07:10:00,07:00-07:10,5.7179534948200512,23.134839840041927,1
2025-05-29,2025-05-29 08:10:00,2025-05-29 08:20:00,08:10-08:20,1.3225549740891438,7.2449561480603295,1
2025-05-30,2025-05-30 16:10:00,2025-05-30 16:20:00,16:10-16:20,31.777978996387517,135.35830153511264,1
2025-05-30,2025-05-30 16:40:00,2025-05-30 17:00:00,16:40-17:00,48.955663024336133,224.51410644776621,2
2025-05-30,2025-05-30 17:20:00,2025-05-30 17:40:00,17:20-17:40,51.527842525291135,252.80022647454803,2
2025-05-31,2025-05-31 06:20:00,2025-05-31 06:30:00,06:20-06:30,47.138003312681391,206.44088550788817,1
2025-05-31,2025-05-31 06:40:00,2025-05-31 07:20:00,06:40-07:20,213.01120164544488,883.12675872875639,4
2025-05-31,2025-05-31 23:50:00,2025-06-01 00:00:00,23:50-00:00+1日,84.895329626223969,181.50621474086682,1
2025-06-01,2025-06-01 00:50:00,2025-06-01 02:30:00,00:50-02:30,311.68531079750613,671.56453752192874,10
2025-06-01,2025-06-01 02:50:00,2025-06-01 03:00:00,02:50-03:00,7.977944999999977,17.379953182499946,1
2025-06-01,2025-06-01 09:00:00,2025-06-01 11:30:00,09:00-11:30,1932.8867531322812,8087.4416565422889,15
2025-06-01,2025-06-01 12:40:00,2025-06-01 13:10:00,12:40-13:10,85.105584999999877,318.74571431583286,3
2025-06-01,2025-06-01 13:20:00,2025-06-01 14:40:00,13:20-14:40,531.335370658638,2612.4218289528649,8
2025-06-01,2025-06-01 15:10:00,2025-06-01 20:50:00,15:10-20:50,10183.647810949547,66119.36503557126,34
2025-06-01,2025-06-01 21:00:00,2025-06-01 21:50:00,21:00-21:50,473.97214149612853,2186.2915221144808,5
2025-06-01,2025-06-01 22:10:00,2025-06-01 22:20:00,22:10-22:20,72.021290399309507,157.29449823209197,1
2025-06-01,2025-06-01 23:00:00,2025-06-01 23:10:00,23:00-23:10,38.473760000000198,81.718266240000418,1
2025-06-01,2025-06-01 23:50:00,2025-06-02 00:00:00,23:50-00:00+1日,84.719203888888927,181.12965791444452,1
2025-06-02,2025-06-02 01:00:00,2025-06-02 01:20:00,01:00-01:20,121.78296087681349,262.24938464071425,2
2025-06-02,2025-06-02 01:30:00,2025-06-02 01:50:00,01:30-01:50,27.498643840146656,59.439325156958724,2
2025-06-02,2025-06-02 02:00:00,2025-06-02 02:40:00,02:00-02:40,113.8394894593676,247.2073817039672,4
2025-06-02,2025-06-02 05:50:00,2025-06-02 06:00:00,05:50-06:00,23.293108522685998,105.97199722395995,1
2025-06-02,2025-06-02 06:20:00,2025-06-02 06:40:00,06:20-06:40,18.689169750983353,81.753781800162713,2
2025-06-02,2025-06-02 07:00:00,2025-06-02 07:10:00,07:00-07:10,7.0969150553630129,28.714118313998753,1
2025-06-02,2025-06-02 07:50:00,2025-06-02 08:20:00,07:50-08:20,161.76409089006711,925.7417513013271,3
2025-06-02,2025-06-02 08:30:00,2025-06-02 08:50:00,08:30-08:50,147.19806384425465,778.10539953132832,2
2025-06-02,2025-06-02 09:00:00,2025-06-02 09:30:00,09:00-09:30,315.22379019085486,1576.0914820333021,3
2025-06-02,2025-06-02 13:00:00,2025-06-02 14:40:00,13:00-14:40,699.99879859920986,3307.1543518550743,10
2025-06-02,2025-06-02 14:50:00,2025-06-02 17:20:00,14:50-17:20,1783.9140228657495,7312.5363997895829,15
2025-06-02,2025-06-02 17:30:00,2025-06-02 18:10:00,17:30-18:10,203.35983713639678,1145.7160802476453,4
2025-06-02,2025-06-02 18:20:00,2025-06-02 18:30:00,18:20-18:30,5.0154119842304965,31.459171671085787,1
2025-06-02,2025-06-02 19:10:00,2025-06-02 21:50:00,19:10-21:50,6182.7040427931242,40886.074927599482,16
2025-06-02,2025-06-02 22:10:00,2025-06-02 22:20:00,22:10-22:20,57.955847249401401,126.57557039269267,1
2025-06-02,2025-06-02 23:00:00,2025-06-02 23:10:00,23:00-23:10,37.871131295325426,80.438282871271213,1
2025-06-02,2025-06-02 23:50:00,2025-06-03 00:00:00,23:50-00:00+1日,36.367836677199847,77.754434815853273,1
2025-06-03,2025-06-03 01:00:00,2025-06-03 02:10:00,01:00-02:10,231.58701804845981,498.38884861935554,7
2025-06-03,2025-06-03 05:20:00,2025-06-03 05:30:00,05:20-05:30,22.83562191903264,49.108004936879695,1
2025-06-03,2025-06-03 05:40:00,2025-06-03 06:00:00,05:40-06:00,65.081636067945112,270.19493791427908,2
2025-06-03,2025-06-03 06:40:00,2025-06-03 06:50:00,06:40-06:50,10.972146094788002,46.313428666100158,1
2025-06-03,2025-06-03 07:30:00,2025-06-03 07:40:00,07:30-07:40,15.139469294012372,52.223599329695674,1
2025-06-03,2025-06-03 08:00:00,2025-06-03 08:20:00,08:00-08:20,42.555826718584456,236.35507999328081,2
2025-06-03,2025-06-03 08:30:00,2025-06-03 10:20:00,08:30-10:20,1570.5936513810254,7840.0292163004751,11
2025-06-03,2025-06-03 14:00:00,2025-06-03 14:20:00,14:00-14:20,63.581901925165617,317.54093925140808,2
2025-06-03,2025-06-03 15:40:00,2025-06-03 16:10:00,15:40-16:10,168.13640325971704,675.2435275930884,3
2025-06-03,2025-06-03 16:30:00,2025-06-03 18:40:00,16:30-18:40,636.81509909720739,3420.6211206457242,13
2025-06-03,2025-06-03 18:50:00,2025-06-03 19:10:00,18:50-19:10,65.081937152504452,438.70110342497054,2
2025-06-03,2025-06-03 19:30:00,2025-06-03 21:50:00,19:30-21:50,5759.0428597029277,37601.596412191946,14
2025-06-03,2025-06-03 23:00:00,2025-06-03 23:10:00,23:00-23:10,119.35374403704111,253.50735233467532,1
2025-06-03,2025-06-03 23:50:00,2025-06-04 00:00:00,23:50-00:00+1日,72.237985932982312,154.44481392471619,1
2025-06-04,2025-06-04 01:00:00,2025-06-04 02:30:00,01:00-02:30,541.32817019987101,1167.3290237612248,9
2025-06-04,2025-06-04 05:20:00,2025-06-04 05:30:00,05:20-05:30,26.7682742831729,57.565173845963322,1
2025-06-04,2025-06-04 06:10:00,2025-06-04 06:20:00,06:10-06:20,5.3775783702752733,23.548415683435426,1
2025-06-04,2025-06-04 08:40:00,2025-06-04 10:00:00,08:40-10:00,564.4296374645113,2860.0006072690926,8
2025-06-04,2025-06-04 12:50:00,2025-06-04 14:00:00,12:50-14:00,580.313456976152,2556.9871419060269,7
2025-06-04,2025-06-04 14:10:00,2025-06-04 14:40:00,14:10-14:40,203.7319789441288,1046.0968385171548,3
2025-06-04,2025-06-04 15:10:00,2025-06-04 15:30:00,15:10-15:30,81.828936668998864,297.25220937182451,2
2025-06-04,2025-06-04 15:40:00,2025-06-04 16:00:00,15:40-16:00,84.121167583273973,337.37022529498302,2
2025-06-04,2025-06-04 16:50:00,2025-06-04 17:20:00,16:50-17:20,158.04463805185048,756.23142569488118,3
2025-06-04,2025-06-04 17:30:00,2025-06-04 18:10:00,17:30-18:10,233.36423057117997,1297.4225545750894,4
2025-06-04,2025-06-04 18:30:00,2025-06-04 19:20:00,18:30-19:20,164.67529557703426,1087.903229956396,5
2025-06-04,2025-06-04 19:30:00,2025-06-04 21:50:00,19:30-21:50,6014.0926071968233,39267.855668375909,14
2025-06-04,2025-06-04 22:10:00,2025-06-04 22:20:00,22:10-22:20,27.020100525795556,59.011899548337496,1
2025-06-04,2025-06-04 23:00:00,2025-06-04 23:10:00,23:00-23:10,121.26975161947962,257.57695243977474,1
2025-06-04,2025-06-04 23:50:00,2025-06-05 00:00:00,23:50-00:00+1日,50.621666666666783,108.22912333333358,1
2025-06-05,2025-06-05 00:30:00,2025-06-05 00:40:00,00:30-00:40,51.770131509297244,110.58100090385892,1
2025-06-05,2025-06-05 01:00:00,2025-06-05 02:30:00,01:00-02:30,548.05793933847349,1181.7201133444048,9
2025-06-05,2025-06-05 03:00:00,2025-06-05 03:20:00,03:00-03:20,72.713741625340703,158.94818240270564,2
2025-06-05,2025-06-05 06:30:00,2025-06-05 07:10:00,06:30-07:10,88.559119797460141,376.60553067217222,4
2025-06-05,2025-06-05 08:30:00,2025-06-05 10:00:00,08:30-10:00,1227.8735935359559,6249.3341689499139,9
2025-06-05,2025-06-05 13:40:00,2025-06-05 13:50:00,13:40-13:50,54.826283333333322,247.43101668333327,1
2025-06-05,2025-06-05 14:00:00,2025-06-05 14:40:00,14:00-14:40,257.76221425175277,1304.6404373349635,4
2025-06-05,2025-06-05 14:50:00,2025-06-05 15:00:00,14:50-15:00,50.565325633486452,169.24214489527915,1
2025-06-05,2025-06-05 15:10:00,2025-06-05 16:00:00,15:10-16:00,769.87970699364814,2886.281125276626,5
2025-06-05,2025-06-05 16:10:00,2025-06-05 16:30:00,16:10-16:30,53.653780912193056,231.92426371802236,2
2025-06-05,2025-06-05 16:40:00,2025-06-05 16:50:00,16:40-16:50,33.502961424035334,153.49381776421788,1
2025-06-05,2025-06-05 17:00:00,2025-06-05 17:20:00,17:00-17:20,26.779238034306076,127.6574969735054,2
2025-06-05,2025-06-05 17:40:00,2025-06-05 18:00:00,17:40-18:00,73.701346900401447,406.55319626286041,2
2025-06-05,2025-06-05 18:40:00,2025-06-05 19:10:00,18:40-19:10,208.18673788115564,1389.834897618236,3
2025-06-05,2025-06-05 19:40:00,2025-06-05 22:00:00,19:40-22:00,4878.4961508901151,31109.684149636567,14
2025-06-05,2025-06-05 22:20:00,2025-06-06 00:00:00,22:20-00:00+1日,1101.1170225722235,2334.3630661838451,10
2025-06-06,2025-06-06 00:20:00,2025-06-06 02:10:00,00:20-02:10,752.26884739155878,1615.8883240635985,11
2025-06-06,2025-06-06 04:00:00,2025-06-06 04:20:00,04:00-04:20,56.026710371143913,123.13762257659866,2
2025-06-06,2025-06-06 05:20:00,2025-06-06 05:30:00,05:20-05:30,27.146594328228346,58.378751102855063,1
2025-06-06,2025-06-06 06:30:00,2025-06-06 06:40:00,06:30-06:40,3.5229801752722949,15.150576243758502,1
2025-06-06,2025-06-06 07:00:00,2025-06-06 07:40:00,07:00-07:40,152.64090125089939,591.16658331947235,4
2025-06-06,2025-06-06 15:10:00,2025-06-06 17:20:00,15:10-17:20,1900.1639556397085,8065.7309321189696,13
2025-06-06,2025-06-06 17:30:00,2025-06-06 19:20:00,17:30-19:20,608.45974712096825,3616.6975402293938,11
2025-06-06,2025-06-06 19:30:00,2025-06-06 19:50:00,19:30-19:50,19.368509769856246,130.60566190458076,2
2025-06-06,2025-06-06 20:10:00,2025-06-06 22:00:00,20:10-22:00,2438.7207862464074,14693.550242065416,11
2025-06-06,2025-06-06 22:10:00,2025-06-06 22:20:00,22:10-22:20,47.513343622294755,103.76914247109175,1
2025-06-06,2025-06-06 22:50:00,2025-06-07 00:00:00,22:50-00:00+1日,380.47018571352078,807.58562247444104,7
2025-06-07,2025-06-07 00:20:00,2025-06-07 00:40:00,00:20-00:40,72.396132177059684,154.57822406669086,2
2025-06-07,2025-06-07 00:50:00,2025-06-07 01:20:00,00:50-01:20,127.17866274607033,273.37394023404852,3
2025-06-07,2025-06-07 01:40:00,2025-06-07 02:20:00,01:40-02:20,176.20066976696398,380.14260425551555,4
2025-06-07,2025-06-07 05:40:00,2025-06-07 05:50:00,05:40-05:50,35.786229150290808,102.13389799492997,1
2025-06-07,2025-06-07 07:30:00,2025-06-07 07:40:00,07:30-07:40,9.5000894632280506,32.770558603405156,1
2025-06-07,2025-06-07 15:20:00,2025-06-07 15:40:00,15:20-15:40,35.215916666666693,131.51103141666675,2
2025-06-07,2025-06-07 15:50:00,2025-06-07 16:30:00,15:50-16:30,278.73967413516789,1158.9797333498982,4
2025-06-07,2025-06-07 16:40:00,2025-06-07 17:40:00,16:40-17:40,376.99511034886484,1808.4623081943455,6
2025-06-07,2025-06-07 17:50:00,2025-06-07 18:20:00,17:50-18:20,31.05236216603987,192.10675993762743,3
2025-06-07,2025-06-07 18:30:00,2025-06-07 18:50:00,18:30-18:50,219.3743472245331,1393.3352806858122,2
2025-06-07,2025-06-07 19:00:00,2025-06-07 19:20:00,19:00-19:20,25.360111201668701,170.99970173083608,2
2025-06-07,2025-06-07 19:30:00,2025-06-07 19:50:00,19:30-19:50,104.15699632215933,702.0691066027448,2
2025-06-07,2025-06-07 20:10:00,2025-06-07 21:50:00,20:10-21:50,1441.003587290674,8778.0677526838062,10
2025-06-07,2025-06-07 22:10:00,2025-06-07 22:20:00,22:10-22:20,17.080336792450325,37.303455554711512,1
2025-06-08,2025-06-08 04:00:00,2025-06-08 04:20:00,04:00-04:20,8.0027508337624944,17.600045724116331,2
2025-06-09,2025-06-09 03:50:00,2025-06-09 04:10:00,03:50-04:10,71.05868333333342,155.63089434166687,2
2025-06-10,2025-06-10 04:50:00,2025-06-10 05:00:00,04:50-05:00,4.8500000000000227,10.657875000000049,1
2025-06-11,2025-06-11 09:20:00,2025-06-11 09:30:00,09:20-09:30,5.2737641784690936,25.577756265575101,1
2025-06-16,2025-06-16 05:40:00,2025-06-16 05:50:00,05:40-05:50,18.256683496566097,52.104574699199645,1
2025-06-19,2025-06-19 04:40:00,2025-06-19 04:50:00,04:40-04:50,2.1191635947006944,4.6854707078832352,1
2025-06-19,2025-06-19 06:10:00,2025-06-19 06:20:00,06:10-06:20,7.2105086296982108,31.574817289448468,1
2025-06-22,2025-06-22 02:40:00,2025-06-22 02:50:00,02:40-02:50,49.660720924677094,107.6396126042376,1
2025-06-23,2025-06-23 03:20:00,2025-06-23 03:30:00,03:20-03:30,20.049999999999955,43.668899999999901,1
2025-06-24,2025-06-24 10:00:00,2025-06-24 10:10:00,10:00-10:10,3.3079812333558039,16.405932926828111,1
2025-06-25,2025-06-25 10:40:00,2025-06-25 10:50:00,10:40-10:50,36.634121124730868,146.35331389329983,1
2025-06-28,2025-06-28 04:40:00,2025-06-28 04:50:00,04:40-04:50,12.205062063280252,26.985392221912637,1
2025-06-29,2025-06-29 04:20:00,2025-06-29 04:40:00,04:20-04:40,99.019109199008028,216.83087444866862,2
2025-06-30,2025-06-30 02:00:00,2025-06-30 02:10:00,02:00-02:10,1.9603168699086062,4.2078201612588231,1
2025-06-30,2025-06-30 04:30:00,2025-06-30 04:50:00,04:30-04:50,59.279151296933733,130.64263201333179,2
2025-06-30,2025-06-30 06:50:00,2025-06-30 07:20:00,06:50-07:20,139.75818515798642,568.23993197256016,3
2025-06-30,2025-06-30 23:50:00,2025-07-01 00:00:00,23:50-00:00+1日,9.2139625435647954,19.699451918141531,1
2025-07-01,2025-07-01 01:20:00,2025-07-01 01:30:00,01:20-01:30,13.847907263286743,29.627597589801987,1
2025-07-01,2025-07-01 01:40:00,2025-07-01 01:50:00,01:40-01:50,13.18703317855568,28.569707381340884,1
2025-07-01,2025-07-01 02:10:00,2025-07-01 02:20:00,02:10-02:20,18.698009157381605,40.425095798259029,1
2025-07-01,2025-07-01 02:30:00,2025-07-01 02:40:00,02:30-02:40,85.68386951965779,186.27673233573603,1
2025-07-01,2025-07-01 03:00:00,2025-07-01 03:50:00,03:00-03:50,182.17274977027131,397.91192511920815,5
2025-07-01,2025-07-01 04:00:00,2025-07-01 04:20:00,04:00-04:20,169.86446546498127,373.07621074804041,2
2025-07-01,2025-07-01 04:30:00,2025-07-01 05:00:00,04:30-05:00,135.00474253223899,297.33532230115657,3
2025-07-01,2025-07-01 06:40:00,2025-07-01 06:50:00,06:40-06:50,26.24992872510802,110.80094914868096,1
2025-07-01,2025-07-01 07:20:00,2025-07-01 07:30:00,07:20-07:30,2.3865991881428057,9.121582097081804,1
2025-07-01,2025-07-01 15:10:00,2025-07-01 15:20:00,15:10-15:20,19.820360440889715,71.521770650950543,1
2025-07-01,2025-07-01 16:30:00,2025-07-01 17:10:00,16:30-17:10,117.54819261104262,541.0276619458798,4
2025-07-01,2025-07-01 17:40:00,2025-07-01 17:50:00,17:40-17:50,11.75214835812767,63.120788831503717,1
2025-07-01,2025-07-01 18:30:00,2025-07-01 19:20:00,18:30-19:20,250.67839186788501,1611.8720134344831,5
2025-07-01,2025-07-01 19:30:00,2025-07-01 21:50:00,19:30-21:50,1812.2062557301697,9821.6004540344638,14
2025-07-01,2025-07-01 23:00:00,2025-07-01 23:10:00,23:00-23:10,86.185109059958563,183.05717164335201,1
2025-07-01,2025-07-01 23:40:00,2025-07-01 23:50:00,23:40-23:50,90.93871687155422,194.19962987920402,1
2025-07-02,2025-07-02 00:50:00,2025-07-02 01:40:00,00:50-01:40,339.59621666666646,729.67923975833287,5
2025-07-02,2025-07-02 02:00:00,2025-07-02 02:30:00,02:00-02:30,254.5841581580944,550.90256496853112,3
2025-07-02,2025-07-02 03:00:00,2025-07-02 03:20:00,03:00-03:20,131.83906666666655,288.23342242499973,2
2025-07-02,2025-07-02 04:00:00,2025-07-02 04:20:00,04:00-04:20,193.07410000000004,424.23619975000008,2
2025-07-02,2025-07-02 05:00:00,2025-07-02 05:30:00,05:00-05:30,206.78623503389497,452.26973235284072,3
2025-07-02,2025-07-02 05:40:00,2025-07-02 05:50:00,05:40-05:50,26.23469146564446,74.873809442949295,1
2025-07-02,2025-07-02 15:20:00,2025-07-02 15:30:00,15:20-15:30,37.372468462725749,136.55899976279989,1
2025-07-02,2025-07-02 15:50:00,2025-07-02 16:20:00,15:50-16:20,153.89034530227605,639.72772057929433,3
2025-07-02,2025-07-02 16:30:00,2025-07-02 17:20:00,16:30-17:20,249.99953676391624,1163.2210610733555,5
2025-07-02,2025-07-02 17:30:00,2025-07-02 18:20:00,17:30-18:20,113.43012465593085,691.72829607183837,5
2025-07-02,2025-07-02 18:30:00,2025-07-02 21:50:00,18:30-21:50,2183.213091298564,13235.057484634724,20
2025-07-02,2025-07-02 23:00:00,2025-07-02 23:10:00,23:00-23:10,53.771472120552062,114.21060678405259,1
2025-07-02,2025-07-02 23:40:00,2025-07-02 23:50:00,23:40-23:50,17.902383333333432,38.230539608333544,1
2025-07-03,2025-07-03 00:50:00,2025-07-03 02:00:00,00:50-02:00,395.4001047105271,850.55100434391272,7
2025-07-03,2025-07-03 02:10:00,2025-07-03 02:40:00,02:10-02:40,467.83909361505994,1017.0001157791307,3
2025-07-03,2025-07-03 03:00:00,2025-07-03 03:20:00,03:00-03:20,172.19263333333345,376.46158585000023,2
2025-07-03,2025-07-03 04:10:00,2025-07-03 04:20:00,04:10-04:20,54.830433333333303,120.32538594999994,1
2025-07-03,2025-07-03 05:00:00,2025-07-03 05:30:00,05:00-05:30,177.82109776652999,386.78647376788484,3
2025-07-03,2025-07-03 05:40:00,2025-07-03 06:00:00,05:40-06:00,118.45023690916685,421.46228096957674,2
2025-07-03,2025-07-03 07:20:00,2025-07-03 07:30:00,07:20-07:30,23.853013106688877,91.166216093764888,1
2025-07-03,2025-07-03 07:40:00,2025-07-03 07:50:00,07:40-07:50,69.995307916509773,300.97982404099201,1
2025-07-03,2025-07-03 13:50:00,2025-07-03 14:30:00,13:50-14:30,187.50724231948956,943.23752765714892,4
2025-07-03,2025-07-03 14:50:00,2025-07-03 15:00:00,14:50-15:00,32.729082197285607,109.54423811431492,1
2025-07-03,2025-07-03 15:10:00,2025-07-03 19:10:00,15:10-19:10,1614.1177252537582,8369.1953579693836,24
2025-07-03,2025-07-03 19:30:00,2025-07-04 00:00:00,19:30-00:00+1日,3639.9134116179034,18143.128425755975,27
2025-07-04,2025-07-04 00:20:00,2025-07-04 01:50:00,00:20-01:50,657.63342604000934,1412.4283081391593,9
2025-07-04,2025-07-04 02:00:00,2025-07-04 05:30:00,02:00-05:30,1813.2036870864908,3954.786696773388,21
2025-07-04,2025-07-04 05:50:00,2025-07-04 07:20:00,05:50-07:20,1445.4956837707075,6272.1152105875808,9
2025-07-04,2025-07-04 15:30:00,2025-07-04 15:40:00,15:30-15:40,29.10031303691062,109.6208792100423,1
2025-07-04,2025-07-04 15:50:00,2025-07-04 16:00:00,15:50-16:00,73.370833333333394,295.50103125000021,1
2025-07-04,2025-07-04 16:30:00,2025-07-04 18:20:00,16:30-18:20,604.61724751543545,3177.2106259956663,11
2025-07-04,2025-07-04 18:30:00,2025-07-04 19:00:00,18:30-19:00,212.66012245651939,1363.1395545192108,3
2025-07-04,2025-07-04 19:30:00,2025-07-04 19:40:00,19:30-19:40,4.6014734480605739,31.03693840716857,1
2025-07-04,2025-07-04 20:00:00,2025-07-04 22:00:00,20:00-22:00,2811.9872729646509,16516.81707703324,12
2025-07-04,2025-07-04 22:10:00,2025-07-05 00:00:00,22:10-00:00+1日,710.8645353589344,1506.3328032868465,11
2025-07-05,2025-07-05 00:20:00,2025-07-05 01:30:00,00:20-01:30,353.89142951452237,756.88265860913009,7
2025-07-05,2025-07-05 02:00:00,2025-07-05 05:30:00,02:00-05:30,1800.9540177058846,3929.8883175413889,21
2025-07-05,2025-07-05 05:50:00,2025-07-05 07:30:00,05:50-07:30,1537.3342079690728,6672.8879021136308,10
2025-07-05,2025-07-05 15:50:00,2025-07-05 16:00:00,15:50-16:00,62.134760735098567,250.24774886060948,1
2025-07-05,2025-07-05 16:10:00,2025-07-05 18:40:00,16:10-18:40,1220.9743679469173,6515.2584050350561,15
2025-07-05,2025-07-05 18:50:00,2025-07-05 19:00:00,18:50-19:00,2.6279263405651818,17.69382805102537,1
2025-07-05,2025-07-05 19:30:00,2025-07-05 19:40:00,19:30-19:40,44.918092788549529,302.97253585876661,1
2025-07-05,2025-07-05 20:10:00,2025-07-05 21:50:00,20:10-21:50,2567.9777661506751,15849.369101636088,10
2025-07-05,2025-07-05 22:10:00,2025-07-05 22:20:00,22:10-22:20,30.083412989191558,65.702173968394362,1
2025-07-05,2025-07-05 23:40:00,2025-07-05 23:50:00,23:40-23:50,66.396587806662183,141.78991326112708,1
2025-07-06,2025-07-06 01:00:00,2025-07-06 01:10:00,01:00-01:10,24.236192675872417,52.241113312842991,1
2025-07-06,2025-07-06 02:10:00,2025-07-06 02:20:00,02:10-02:20,44.668607246015881,96.573528865886331,1
2025-07-06,2025-07-06 02:30:00,2025-07-06 05:00:00,02:30-05:00,688.13342373287173,1504.3847226010355,15
2025-07-06,2025-07-06 05:10:00,2025-07-06 05:30:00,05:10-05:30,144.10446613580393,316.99393181609878,2
2025-07-06,2025-07-06 05:40:00,2025-07-06 06:20:00,05:40-06:20,138.75208223890334,550.74750885687683,4
2025-07-06,2025-07-06 08:40:00,2025-07-06 09:40:00,08:40-09:40,831.40357606419877,4205.2525566414633,6
2025-07-06,2025-07-06 09:50:00,2025-07-06 10:10:00,09:50-10:10,195.78462166666665,973.88563976749992,2
2025-07-06,2025-07-06 12:50:00,2025-07-06 16:10:00,12:50-16:10,1794.7544515673401,7762.5044775591523,20
2025-07-06,2025-07-06 16:30:00,2025-07-06 19:10:00,16:30-19:10,1336.1991435737359,7159.2009046263283,16
2025-07-06,2025-07-06 19:20:00,2025-07-06 21:50:00,19:20-21:50,5450.081705550896,35612.51238890391,15
2025-07-06,2025-07-06 22:10:00,2025-07-06 22:20:00,22:10-22:20,144.87036489090826,316.39687692174368,1
2025-07-06,2025-07-06 23:40:00,2025-07-07 00:00:00,23:40-00:00+1日,57.075167648707279,121.98599653671067,2
2025-07-07,2025-07-07 01:00:00,2025-07-07 01:20:00,01:00-01:20,77.713962568831676,167.45212707979226,2
2025-07-07,2025-07-07 01:40:00,2025-07-07 01:50:00,01:40-01:50,16.262983081714992,35.233752846535531,1
2025-07-07,2025-07-07 02:10:00,2025-07-07 03:40:00,02:10-03:40,486.69711428431316,1058.4229045238192,9
2025-07-07,2025-07-07 04:00:00,2025-07-07 05:00:00,04:00-05:00,198.95415197999091,436.67940304578218,6
2025-07-07,2025-07-07 05:10:00,2025-07-07 05:30:00,05:10-05:30,84.168317128891317,185.43326507271993,2
2025-07-07,2025-07-07 05:40:00,2025-07-07 05:50:00,05:40-05:50,7.2517797122790313,20.696579298844355,1
2025-07-07,2025-07-07 09:10:00,2025-07-07 09:20:00,09:10-09:20,0.47355652922291114,2.3493139414748625,1
2025-07-07,2025-07-07 15:00:00,2025-07-07 15:20:00,15:00-15:20,107.96581324560022,369.01100263249475,2
2025-07-07,2025-07-07 16:20:00,2025-07-07 17:20:00,16:20-17:20,184.0272894893553,846.94590058121469,6
2025-07-07,2025-07-07 17:50:00,2025-07-07 18:00:00,17:50-18:00,31.320819672374,192.82662631297055,1
2025-07-07,2025-07-07 18:10:00,2025-07-07 18:40:00,18:10-18:40,225.25530990300774,1409.9713306527403,3
2025-07-07,2025-07-07 20:00:00,2025-07-07 21:50:00,20:00-21:50,3131.0473115578807,19757.218968645375,11
2025-07-07,2025-07-07 22:10:00,2025-07-07 22:20:00,22:10-22:20,59.509393028433919,129.9685143740997,1
2025-07-07,2025-07-07 23:40:00,2025-07-07 23:50:00,23:40-23:50,10.359360780287261,22.122414946303447,1
2025-07-08,2025-07-08 02:50:00,2025-07-08 03:00:00,02:50-03:00,47.37607055820547,103.20876971105059,1
2025-07-08,2025-07-08 15:50:00,2025-07-08 16:00:00,15:50-16:00,33.538144559490433,135.07487721334772,1
2025-07-09,2025-07-09 02:40:00,2025-07-09 03:00:00,02:40-03:00,31.161587191243257,67.874677862441743,2
2025-07-09,2025-07-09 17:40:00,2025-07-09 17:50:00,17:40-17:50,18.249186111871268,98.016378606860584,1
2025-07-11,2025-07-11 07:20:00,2025-07-11 07:30:00,07:20-07:30,17.412604799086239,66.550975542107608,1
2025-07-16,2025-07-16 05:50:00,2025-07-16 06:00:00,05:50-06:00,35.463656163835026,161.34190371736744,1
2025-07-16,2025-07-16 15:20:00,2025-07-16 15:40:00,15:20-15:40,84.075911310864171,307.24035629504954,2
2025-07-17,2025-07-17 08:20:00,2025-07-17 08:50:00,08:20-08:50,114.42819723703326,604.74912425943353,3
2025-07-17,2025-07-17 09:00:00,2025-07-17 09:20:00,09:00-09:20,27.428554807150704,137.89844955632105,2
2025-07-18,2025-07-18 15:40:00,2025-07-18 15:50:00,15:40-15:50,6.3938973229319345,25.009729378648263,1
2025-07-20,2025-07-20 06:30:00,2025-07-20 06:40:00,06:30-06:40,9.9253225934985494,42.683849813340508,1
2025-07-21,2025-07-21 08:20:00,2025-07-21 08:30:00,08:20-08:30,62.89516717536327,341.17483434275806,1
2025-07-22,2025-07-22 13:20:00,2025-07-22 13:40:00,13:20-13:40,220.94304412994165,952.3701524745768,2
2025-07-23,2025-07-23 08:10:00,2025-07-23 08:30:00,08:10-08:30,13.065596272239986,71.30327577885312,2
2025-07-24,2025-07-24 12:50:00,2025-07-24 13:20:00,12:50-13:20,91.167860700290319,387.53873873148581,3
2025-07-24,2025-07-24 15:50:00,2025-07-24 16:00:00,15:50-16:00,45.247551646022998,182.23451425435761,1
2025-07-25,2025-07-25 07:30:00,2025-07-25 07:40:00,07:30-07:40,5.3611363682684186,18.493239902341909,1
2025-07-27,2025-07-27 08:10:00,2025-07-27 08:20:00,08:10-08:20,49.627444779234736,271.85914250064786,1
2025-07-27,2025-07-27 08:40:00,2025-07-27 09:30:00,08:40-09:30,120.91875475861204,604.65944664353924,5
2025-07-28,2025-07-28 08:10:00,2025-07-28 08:20:00,08:10-08:20,10.079986264103866,55.218164754760977,1
2025-07-28,2025-07-28 10:20:00,2025-07-28 10:30:00,10:20-10:30,35.464009466605923,169.32291319830998,1
2025-07-28,2025-07-28 15:30:00,2025-07-28 15:40:00,15:30-15:40,5.1246935298821406,19.304720527066024,1
2025-07-28,2025-07-28 16:10:00,2025-07-28 16:20:00,16:10-16:20,4.8447757910410942,20.636322481939541,1
2025-07-28,2025-07-28 20:30:00,2025-07-28 20:40:00,20:30-20:40,249.83245851483503,1742.8312305994891,1
2025-07-31,2025-07-31 02:10:00,2025-07-31 02:20:00,02:10-02:20,17.623110990457153,38.101165961368366,1
2025-07-31,2025-07-31 15:30:00,2025-07-31 15:40:00,15:30-15:40,11.129767023232247,41.925832376515878,1
2025-08-01,2025-08-01 01:50:00,2025-08-01 02:00:00,01:50-02:00,13.72270167509042,29.5792834606574,1
2025-08-01,2025-08-01 04:20:00,2025-08-01 04:30:00,04:20-04:30,3.9841460579943373,8.6934066985436438,1
2025-08-01,2025-08-01 22:50:00,2025-08-01 23:10:00,22:50-23:10,24.2107532478351,51.296307075918058,2
2025-08-02,2025-08-02 18:10:00,2025-08-02 18:20:00,18:10-18:20,6.208628882404895,38.639401849646859,1
2025-08-02,2025-08-02 23:50:00,2025-08-03 00:00:00,23:50-00:00+1日,3.2358330204426409,6.9182109977063657,1
2025-08-03,2025-08-03 19:40:00,2025-08-03 19:50:00,19:40-19:50,30.902533333333395,208.17491580000041,1
2025-08-03,2025-08-03 21:30:00,2025-08-03 21:40:00,21:30-21:40,6.4762237022579257,31.963402082493992,1
2025-08-04,2025-08-04 03:30:00,2025-08-04 03:50:00,03:30-03:50,41.401650000000245,90.114266241667195,2
2025-08-04,2025-08-04 18:40:00,2025-08-04 18:50:00,18:40-18:50,25.200950000000034,162.30671847500022,1
2025-08-05,2025-08-05 01:00:00,2025-08-05 01:10:00,01:00-01:10,16.16114834999064,34.835355268404825,1
2025-08-05,2025-08-05 21:00:00,2025-08-05 21:20:00,21:00-21:20,36.807196062423031,170.48320770191543,2
2025-08-06,2025-08-06 14:50:00,2025-08-06 15:00:00,14:50-15:00,45.688774146718686,152.92032706906744,1
2025-08-06,2025-08-06 15:50:00,2025-08-06 16:00:00,15:50-16:00,51.010018789443279,205.4428506744828,1
2025-08-06,2025-08-06 18:20:00,2025-08-06 18:30:00,18:20-18:30,18.720226382147871,117.42261998202252,1
2025-08-06,2025-08-06 21:10:00,2025-08-06 21:20:00,21:10-21:20,24.269150054123656,113.71310257859639,1
2025-08-06,2025-08-06 23:50:00,2025-08-07 00:00:00,23:50-00:00+1日,26.213333333333253,56.044106666666494,1
2025-08-08,2025-08-08 20:50:00,2025-08-08 21:00:00,20:50-21:00,5.9163861881936555,27.605857954111599,1
2025-08-08,2025-08-08 21:40:00,2025-08-08 21:50:00,21:40-21:50,28.636838925210895,111.16820870766868,1
2025-08-09,2025-08-09 00:30:00,2025-08-09 00:50:00,00:30-00:50,18.336803166545337,39.164165694374027,2
2025-08-09,2025-08-09 05:20:00,2025-08-09 05:30:00,05:20-05:30,29.205166222076286,62.805709960575058,1
2025-08-09,2025-08-09 21:10:00,2025-08-09 21:20:00,21:10-21:20,16.085040476238873,75.366457151417251,1
2025-08-09,2025-08-09 21:40:00,2025-08-09 21:50:00,21:40-21:50,34.579870550436112,134.23905747679296,1
2025-08-11,2025-08-11 01:00:00,2025-08-11 01:10:00,01:00-01:10,1.6711011320693387,3.6020584901754598,1
2025-08-11,2025-08-11 03:00:00,2025-08-11 03:10:00,03:00-03:10,14.463166666666666,31.630945500000003,1
2025-08-11,2025-08-11 18:20:00,2025-08-11 18:30:00,18:20-18:30,5.3027711287672901,33.261631905192829,1
2025-08-11,2025-08-11 19:10:00,2025-08-11 19:30:00,19:10-19:30,39.216216666666583,264.18226987499941,2
2025-08-12,2025-08-12 02:50:00,2025-08-12 03:10:00,02:50-03:10,51.378395768800715,112.10123206566568,2
2025-08-12,2025-08-12 05:20:00,2025-08-12 05:30:00,05:20-05:30,6.3458115937798993,13.646667832423674,1
2025-08-12,2025-08-12 15:10:00,2025-08-12 15:40:00,15:10-15:40,60.918018022956687,221.97815323500708,3
2025-08-12,2025-08-12 17:20:00,2025-08-12 17:40:00,17:20-17:40,41.364702664815567,202.5874469152088,2
2025-08-12,2025-08-12 19:10:00,2025-08-12 19:30:00,19:10-19:30,57.979783333333557,390.44543012500151,2
2025-08-12,2025-08-12 20:20:00,2025-08-12 21:00:00,20:20-21:00,977.07164737038852,6652.7763833395857,4
2025-08-13,2025-08-13 01:30:00,2025-08-13 01:40:00,01:30-01:40,5.2049333333333152,11.221836266666628,1
2025-08-13,2025-08-13 02:50:00,2025-08-13 03:00:00,02:50-03:00,11.583995941779904,25.235735159167515,1
2025-08-13,2025-08-13 04:30:00,2025-08-13 04:40:00,04:30-04:40,9.7878833333331841,21.499085741666342,1
2025-08-13,2025-08-13 14:00:00,2025-08-13 14:10:00,14:00-14:10,29.609883333333375,148.07902655000018,1
2025-08-13,2025-08-13 19:20:00,2025-08-13 19:30:00,19:20-19:30,11.708333333333258,78.931729166666159,1
2025-08-14,2025-08-14 03:40:00,2025-08-14 03:50:00,03:40-03:50,19.599250000000097,42.726365000000214,1
2025-08-14,2025-08-14 08:00:00,2025-08-14 08:20:00,08:00-08:20,86.175972544737647,494.2762706877561,2
2025-08-14,2025-08-14 08:40:00,2025-08-14 08:50:00,08:40-08:50,30.465372986656632,158.87692012541433,1
2025-08-14,2025-08-14 17:40:00,2025-08-14 17:50:00,17:40-17:50,5.0546272555343421,27.148402989474953,1
2025-08-14,2025-08-14 19:00:00,2025-08-14 19:10:00,19:00-19:10,13.78309999999999,93.19443064999993,1
2025-08-14,2025-08-14 20:30:00,2025-08-14 21:50:00,20:30-21:50,430.3968686384718,2391.9176643105698,8
2025-08-15,2025-08-15 00:30:00,2025-08-15 00:40:00,00:30-00:40,2.1002166666667108,4.4860628000000942,1
2025-08-15,2025-08-15 04:00:00,2025-08-15 04:10:00,04:00-04:10,21.888899999999921,48.166524449999827,1
2025-08-15,2025-08-15 06:40:00,2025-08-15 07:20:00,06:40-07:20,412.47137865807213,1700.889446232389,4
2025-08-15,2025-08-15 20:30:00,2025-08-15 20:40:00,20:30-20:40,11.598066666666796,80.908113066667568,1
2025-08-15,2025-08-15 21:30:00,2025-08-15 21:40:00,21:30-21:40,2.8091333333333068,13.864477566666537,1
2025-08-15,2025-08-15 23:00:00,2025-08-15 23:10:00,23:00-23:10,21.042916666666656,44.695154999999978,1
2025-08-16,2025-08-16 01:10:00,2025-08-16 01:20:00,01:10-01:20,0.58411666666665951,1.2564349499999847,1
2025-08-16,2025-08-16 04:50:00,2025-08-16 05:00:00,04:50-05:00,8.9333333333332803,19.630999999999883,1
2025-08-16,2025-08-16 07:00:00,2025-08-16 07:20:00,07:00-07:20,168.71761724762189,680.06837238387823,2
2025-08-16,2025-08-16 20:10:00,2025-08-16 20:30:00,20:10-20:30,86.970866666666552,584.85274749999917,2
2025-08-17,2025-08-17 07:10:00,2025-08-17 07:20:00,07:10-07:20,1.9646238211566356,7.8309905511303501,1
2025-08-17,2025-08-17 16:10:00,2025-08-17 16:20:00,16:10-16:20,26.370621726389459,112.32566324355589,1
2025-08-17,2025-08-17 18:20:00,2025-08-17 18:30:00,18:20-18:30,7.6564519550241812,48.025094887889175,1
2025-08-17,2025-08-17 19:30:00,2025-08-17 19:40:00,19:30-19:40,12.822533333333354,86.487987333333479,1
2025-08-18,2025-08-18 01:30:00,2025-08-18 01:40:00,01:30-01:40,29.532216666666613,63.671459133333222,1
2025-08-18,2025-08-18 02:00:00,2025-08-18 02:20:00,02:00-02:20,4.6051735332857788,9.9479611872971869,2
2025-08-18,2025-08-18 05:50:00,2025-08-18 06:00:00,05:50-06:00,13.690942972350854,62.286945052710209,1
2025-08-18,2025-08-18 17:20:00,2025-08-18 17:40:00,17:20-17:40,78.648219176808425,386.51021514250561,2
2025-08-18,2025-08-18 20:40:00,2025-08-18 20:50:00,20:40-20:50,19.95984285141326,122.01451935068926,1
2025-08-18,2025-08-18 21:20:00,2025-08-18 21:50:00,21:20-21:50,127.61583978881784,581.78042411383933,3
2025-08-19,2025-08-19 01:50:00,2025-08-19 02:00:00,01:50-02:00,35.354999999999905,76.207702499999797,1
2025-08-19,2025-08-19 04:30:00,2025-08-19 04:40:00,04:30-04:40,7.2125333333333401,15.842329466666683,1
2025-08-19,2025-08-19 20:00:00,2025-08-19 20:10:00,20:00-20:10,8.0527833333334229,54.408630591667269,1
2025-08-19,2025-08-19 21:20:00,2025-08-19 21:40:00,21:20-21:40,30.913416666666876,152.48608462500101,2
2025-08-20,2025-08-20 06:50:00,2025-08-20 07:00:00,06:50-07:00,8.5019373237326477,35.427572827993941,1
2025-08-20,2025-08-20 07:10:00,2025-08-20 07:30:00,07:10-07:30,8.0996267800774717,31.257425634685379,2
2025-08-20,2025-08-20 07:40:00,2025-08-20 08:10:00,07:40-08:10,101.7162154394448,552.21364912596766,3
2025-08-20,2025-08-20 08:40:00,2025-08-20 09:30:00,08:40-09:30,733.34183674915084,3725.5138598067292,5
2025-08-20,2025-08-20 14:40:00,2025-08-20 14:50:00,14:40-14:50,16.456766858711489,77.149323033639462,1
2025-08-20,2025-08-20 17:10:00,2025-08-20 17:20:00,17:10-17:20,0.46111438403841021,2.2460881646510957,1
2025-08-20,2025-08-20 17:50:00,2025-08-20 18:00:00,17:50-18:00,16.953856249885689,104.37641600242125,1
2025-08-20,2025-08-20 19:40:00,2025-08-20 21:00:00,19:40-21:00,4383.1886623303953,29637.157746330795,8
2025-08-21,2025-08-21 02:50:00,2025-08-21 03:10:00,02:50-03:10,40.417016130373668,88.211119923348789,2
2025-08-21,2025-08-21 04:50:00,2025-08-21 05:00:00,04:50-05:00,27.034999999999968,59.409412499999924,1
2025-08-21,2025-08-21 14:10:00,2025-08-21 14:20:00,14:10-14:20,10.455677321044583,52.163374154691418,1
2025-08-21,2025-08-21 18:00:00,2025-08-21 18:20:00,18:00-18:20,98.697424763967661,618.05711088151804,2
2025-08-21,2025-08-21 20:30:00,2025-08-21 20:50:00,20:30-20:50,405.30172152947387,2816.1850853177648,2
2025-08-22,2025-08-22 02:40:00,2025-08-22 02:50:00,02:40-02:50,4.9318440846000158,10.689772053370534,1
2025-08-22,2025-08-22 03:50:00,2025-08-22 04:00:00,03:50-04:00,8.1966666666667152,17.942503333333441,1
2025-08-22,2025-08-22 16:00:00,2025-08-22 16:10:00,16:00-16:10,0.70849474943096169,2.9299800362717416,1
2025-08-22,2025-08-22 16:20:00,2025-08-22 16:30:00,16:20-16:30,10.524827279058314,46.261878305100822,1
2025-08-22,2025-08-22 17:10:00,2025-08-22 17:20:00,17:10-17:20,13.975446720683863,68.074400976451088,1
2025-08-22,2025-08-22 18:00:00,2025-08-22 18:20:00,18:00-18:20,62.166201118047979,388.54844205699123,2
2025-08-22,2025-08-22 20:30:00,2025-08-22 20:50:00,20:30-20:50,557.27091131039015,3839.006535879229,2
2025-08-22,2025-08-22 21:00:00,2025-08-22 21:30:00,21:00-21:30,34.334334460771814,158.58084414513937,3
2025-08-22,2025-08-22 22:10:00,2025-08-22 22:30:00,22:10-22:30,33.932516666666743,71.596016400000181,2
2025-08-23,2025-08-23 04:10:00,2025-08-23 04:20:00,04:10-04:20,7.9622333333335291,17.473121050000429,1
2025-08-23,2025-08-23 16:20:00,2025-08-23 16:30:00,16:20-16:30,10.257005250823529,45.084666579994824,1
2025-08-23,2025-08-23 21:30:00,2025-08-23 21:50:00,21:30-21:50,88.340368900258497,372.5973427238925,2
2025-08-25,2025-08-25 06:20:00,2025-08-25 06:40:00,06:20-06:40,65.243722241018872,282.6200084883335,2
2025-08-25,2025-08-25 15:10:00,2025-08-25 15:30:00,15:10-15:30,246.90169488262276,895.62934175590499,2
2025-08-25,2025-08-25 16:00:00,2025-08-25 16:10:00,16:00-16:10,35.082446194099177,145.08345623569713,1
2025-08-25,2025-08-25 19:30:00,2025-08-25 19:40:00,19:30-19:40,2.6069820491092059,17.584093921241596,1
2025-08-25,2025-08-25 19:50:00,2025-08-25 20:50:00,19:50-20:50,3000.5448763186823,20378.941240626689,6
2025-08-26,2025-08-26 16:00:00,2025-08-26 16:20:00,16:00-16:20,21.232345247398413,88.830141276241079,2
2025-08-26,2025-08-26 16:30:00,2025-08-26 17:20:00,16:30-17:20,101.92138125235664,474.11419210144282,5
2025-08-27,2025-08-27 04:10:00,2025-08-27 04:20:00,04:10-04:20,6.727033333333452,14.762474650000261,1
2025-08-27,2025-08-27 16:00:00,2025-08-27 16:10:00,16:00-16:10,10.539014796048377,43.58409568905806,1
2025-08-27,2025-08-27 18:20:00,2025-08-27 18:30:00,18:20-18:30,0.41166666666651963,2.5821791666657443,1
2025-08-27,2025-08-27 20:30:00,2025-08-27 20:40:00,20:30-20:40,202.82553673290147,1414.9109442487206,1
2025-08-28,2025-08-28 06:00:00,2025-08-28 06:10:00,06:00-06:10,9.1587855096187241,42.899751327054105,1
2025-08-28,2025-08-28 09:20:00,2025-08-28 11:00:00,09:20-11:00,352.75398665293778,1586.1910478993423,10
2025-08-28,2025-08-28 17:00:00,2025-08-28 17:20:00,17:00-17:20,83.448598869561238,405.95420550249986,2
2025-08-28,2025-08-28 18:20:00,2025-08-28 18:30:00,18:20-18:30,15.439999999999827,96.847399999998913,1
2025-08-28,2025-08-28 18:50:00,2025-08-28 19:00:00,18:50-19:00,13.585000000000036,91.467805000000254,1
2025-08-28,2025-08-28 20:20:00,2025-08-28 20:40:00,20:20-20:40,741.87475627681897,5174.2613326339251,2
2025-08-28,2025-08-28 21:30:00,2025-08-28 21:50:00,21:30-21:50,132.88497454613611,596.5901853141213,2
2025-08-28,2025-08-28 22:50:00,2025-08-28 23:00:00,22:50-23:00,5.1449999999999818,10.899682499999962,1
2025-08-29,2025-08-29 07:10:00,2025-08-29 07:30:00,07:10-07:30,29.245774392899662,113.56585625887865,2
2025-08-29,2025-08-29 20:00:00,2025-08-29 20:20:00,20:00-20:20,51.433688218483212,347.42607566865928,2
2025-08-30,2025-08-30 05:20:00,2025-08-30 05:30:00,05:20-05:30,5.3116666666667243,11.422739166666791,1
2025-09-02,2025-09-02 05:40:00,2025-09-02 05:50:00,05:40-05:50,0.23674373426877082,0.6756666176030719,1
2025-09-07,2025-09-07 05:20:00,2025-09-07 05:30:00,05:20-05:30,1.5842335779780115,3.4068943094417139,1
2025-09-08,2025-09-08 14:30:00,2025-09-08 15:00:00,14:30-15:00,62.374361350275983,257.16072874399731,3
2025-09-08,2025-09-08 15:10:00,2025-09-08 15:20:00,15:10-15:20,33.822567959139846,122.04873648055614,1
2025-09-08,2025-09-08 17:40:00,2025-09-08 17:50:00,17:40-17:50,14.983784325387937,80.477905611658613,1
2025-09-08,2025-09-08 23:50:00,2025-09-09 00:00:00,23:50-00:00+1日,21.020887880436703,44.942658288373671,1
2025-09-09,2025-09-09 23:50:00,2025-09-10 00:00:00,23:50-00:00+1日,6.4475812403751434,13.784928691922056,1
2025-09-10,2025-09-10 01:30:00,2025-09-10 01:40:00,01:30-01:40,16.20996666666656,34.948688133333107,1
2025-09-10,2025-09-10 08:40:00,2025-09-10 09:40:00,08:40-09:40,801.77623439309582,4076.4545130933275,6
2025-09-10,2025-09-10 13:50:00,2025-09-10 14:00:00,13:50-14:00,30.083357191018269,146.71653302059613,1
2025-09-10,2025-09-10 19:30:00,2025-09-10 19:40:00,19:30-19:40,6.1385000000000218,41.404182500000147,1
2025-09-10,2025-09-10 20:20:00,2025-09-10 20:40:00,20:20-20:40,1500.6574547616044,10290.897920026662,2
2025-09-10,2025-09-10 21:30:00,2025-09-10 21:50:00,21:30-21:50,73.448704186483312,331.37738442072163,2
2025-09-10,2025-09-10 23:50:00,2025-09-11 00:00:00,23:50-00:00+1日,5.9710105393319282,12.766020533091663,1
2025-09-11,2025-09-11 21:00:00,2025-09-11 21:30:00,21:00-21:30,54.241286441591072,251.06183510849112,3
2025-09-12,2025-09-12 06:50:00,2025-09-12 07:40:00,06:50-07:40,533.44313928370366,2105.7636449701931,5
2025-09-12,2025-09-12 21:00:00,2025-09-12 21:20:00,21:00-21:20,73.797523292830533,336.99888741308428,2
2025-09-14,2025-09-14 18:20:00,2025-09-14 18:30:00,18:20-18:30,44.250000000000227,277.55812500000144,1
2025-09-14,2025-09-14 20:40:00,2025-09-14 21:00:00,20:40-21:00,97.041247099389921,532.59773463467081,2
2025-09-14,2025-09-14 22:10:00,2025-09-14 22:20:00,22:10-22:20,10.586633333333339,23.121207200000015,1
2025-09-14,2025-09-14 23:00:00,2025-09-14 23:10:00,23:00-23:10,5.0226666666666233,10.668143999999909,1
2025-09-15,2025-09-15 01:30:00,2025-09-15 01:40:00,01:30-01:40,0.67566666666664332,1.4567373333332831,1
2025-09-15,2025-09-15 20:30:00,2025-09-15 20:50:00,20:30-20:50,136.65031457048872,904.77691135858595,2
2025-09-16,2025-09-16 03:30:00,2025-09-16 03:50:00,03:30-03:50,16.847675585300863,36.671048081744971,2
2025-09-16,2025-09-16 18:30:00,2025-09-16 18:40:00,18:30-18:40,6.2116333333333387,38.891036300000032,1
2025-09-16,2025-09-16 20:30:00,2025-09-16 20:50:00,20:30-20:50,31.846591200456487,220.20567249771793,2
2025-09-16,2025-09-16 21:40:00,2025-09-16 21:50:00,21:40-21:50,12.34235000000001,47.913002700000035,1
2025-09-17,2025-09-17 03:20:00,2025-09-17 03:30:00,03:20-03:30,12.878339030018651,28.049022407380622,1
2025-09-17,2025-09-17 05:20:00,2025-09-17 05:30:00,05:20-05:30,14.093333333333248,30.307713333333151,1
2025-09-17,2025-09-17 17:30:00,2025-09-17 17:40:00,17:30-17:40,0.66112699798532049,3.2262997501683639,1
2025-09-17,2025-09-17 23:40:00,2025-09-17 23:50:00,23:40-23:50,0.61721360767830902,1.3180596591970288,1
2025-09-18,2025-09-18 05:20:00,2025-09-18 05:30:00,05:20-05:30,5.1883333333332757,11.157510833333211,1
2025-09-18,2025-09-18 19:00:00,2025-09-18 19:10:00,19:00-19:10,6.6946833333332734,45.266101358332925,1
2025-09-18,2025-09-18 19:30:00,2025-09-18 19:40:00,19:30-19:40,5.7588499999999385,38.843443249999588,1
2025-09-18,2025-09-18 21:30:00,2025-09-18 21:50:00,21:30-21:50,71.824577770915951,295.30503463914278,2
2025-09-18,2025-09-18 23:30:00,2025-09-18 23:50:00,23:30-23:50,22.581653765635565,48.03333005818142,2
2025-09-19,2025-09-19 01:40:00,2025-09-19 02:00:00,01:40-02:00,45.581649999999968,98.565131391666597,2
2025-09-19,2025-09-19 07:30:00,2025-09-19 07:50:00,07:30-07:50,33.982867580696137,131.05663216961136,2
2025-09-19,2025-09-19 15:50:00,2025-09-19 16:00:00,15:50-16:00,9.4715618342139187,38.146715287296558,1
2025-09-19,2025-09-19 17:30:00,2025-09-19 17:40:00,17:30-17:40,8.2511237766082104,40.265484029848068,1
2025-09-20,2025-09-20 01:40:00,2025-09-20 01:50:00,01:40-01:50,13.102166666666733,28.385844083333478,1
2025-09-20,2025-09-20 02:30:00,2025-09-20 02:40:00,02:30-02:40,15.629183333333231,33.977844566666441,1
2025-09-20,2025-09-20 03:10:00,2025-09-20 03:30:00,03:10-03:30,37.837580862958134,82.607718625626404,2
2025-09-20,2025-09-20 03:50:00,2025-09-20 04:00:00,03:50-04:00,3.8062438104415151,8.3318677010564759,1
2025-09-20,2025-09-20 06:50:00,2025-09-20 07:50:00,06:50-07:50,414.04059118477358,1591.7321117586519,6
2025-09-20,2025-09-20 19:00:00,2025-09-20 19:10:00,19:00-19:10,25.53541666666672,172.65771979166703,1
2025-09-20,2025-09-20 20:40:00,2025-09-20 21:00:00,20:40-21:00,1.1103716661969401,5.89312582580538,2
2025-09-20,2025-09-20 23:40:00,2025-09-20 23:50:00,23:40-23:50,2.977538778051894,6.35853406052982,1
2025-09-21,2025-09-21 02:20:00,2025-09-21 02:30:00,02:20-02:30,0.92333333333340306,2.0160983333334856,1
2025-09-21,2025-09-21 03:10:00,2025-09-21 03:20:00,03:10-03:20,3.5855558069873723,7.8362322161709015,1
2025-09-21,2025-09-21 06:00:00,2025-09-21 06:10:00,06:00-06:10,0.026365012575411129,0.12349371890322573,1
2025-09-21,2025-09-21 18:40:00,2025-09-21 18:50:00,18:40-18:50,33.183002210930226,213.71512573949613,1
2025-09-22,2025-09-22 02:40:00,2025-09-22 03:00:00,02:40-03:00,35.361344040863855,76.900766541905739,2
2025-09-22,2025-09-22 05:10:00,2025-09-22 05:20:00,05:10-05:20,14.209050000000047,31.536986475000106,1
2025-09-22,2025-09-22 16:20:00,2025-09-22 16:30:00,16:20-16:30,32.944828196513754,144.8089923377762,1
2025-09-22,2025-09-22 20:30:00,2025-09-22 20:50:00,20:30-20:50,14.281539744751967,97.661319360068489,2
2025-09-22,2025-09-22 21:10:00,2025-09-22 21:50:00,21:10-21:50,196.95772382180337,910.34784077539314,4
2025-09-23,2025-09-23 04:50:00,2025-09-23 05:10:00,04:50-05:10,2.8085499999998547,6.1185652416663494,2
2025-09-23,2025-09-23 14:50:00,2025-09-23 15:00:00,14:50-15:00,20.748034370583952,69.44367103834449,1
2025-09-23,2025-09-23 20:50:00,2025-09-23 21:40:00,20:50-21:40,146.60209836496944,696.43582477337395,5
2025-09-24,2025-09-24 02:20:00,2025-09-24 02:30:00,02:20-02:30,7.0449999999999591,15.382757499999911,1
2025-09-24,2025-09-24 03:00:00,2025-09-24 03:10:00,03:00-03:10,6.4534993574269492,14.11380309469274,1
2025-09-24,2025-09-24 03:30:00,2025-09-24 03:40:00,03:30-03:40,9.3970480094959612,20.452674992667959,1
2025-09-24,2025-09-24 06:10:00,2025-09-24 06:20:00,06:10-06:20,21.182204034273354,92.756871466083027,1
2025-09-24,2025-09-24 19:40:00,2025-09-24 19:50:00,19:40-19:50,12.969696622130982,87.370361294985358,1
2025-09-25,2025-09-25 01:10:00,2025-09-25 01:20:00,01:10-01:20,6.1013166666666621,13.123932149999991,1
2025-09-25,2025-09-25 03:00:00,2025-09-25 03:10:00,03:00-03:10,20.570309165600747,44.987266145168839,1
2025-09-25,2025-09-25 18:30:00,2025-09-25 18:50:00,18:30-18:50,66.830366666666805,424.80931588333419,2
2025-09-26,2025-09-26 02:00:00,2025-09-26 02:10:00,02:00-02:10,2.1037000000000603,4.5155920500001292,1
2025-09-26,2025-09-26 04:00:00,2025-09-26 04:10:00,04:00-04:10,13.225518427527561,29.102753299774395,1
2025-09-26,2025-09-26 19:20:00,2025-09-26 19:30:00,19:20-19:30,8.9383333333333894,60.257774166667048,1
2025-09-26,2025-09-26 21:40:00,2025-09-26 21:50:00,21:40-21:50,4.975400000000036,19.314502800000138,1
2025-09-26,2025-09-26 23:30:00,2025-09-26 23:40:00,23:30-23:40,10.2628365853476,21.757213560936911,1
2025-09-27,2025-09-27 01:10:00,2025-09-27 01:20:00,01:10-01:20,18.378366666666693,39.531866700000059,1
2025-09-27,2025-09-27 04:30:00,2025-09-27 04:40:00,04:30-04:40,22.007416666666643,48.339290708333287,1
2025-09-27,2025-09-27 06:40:00,2025-09-27 06:50:00,06:40-06:50,3.2354648442396865,13.656897107535716,1
2025-09-27,2025-09-27 17:30:00,2025-09-27 17:40:00,17:30-17:40,1.9025145050005676,9.2842707844027696,1
2025-09-27,2025-09-27 19:20:00,2025-09-27 19:30:00,19:20-19:30,36.550000000000068,246.40182500000046,1
2025-09-27,2025-09-27 21:00:00,2025-09-27 21:50:00,21:00-21:50,210.52783732869401,963.37584579651309,5
2025-09-28,2025-09-28 02:00:00,2025-09-28 02:10:00,02:00-02:10,8.1535000000000082,17.501487750000017,1
2025-09-28,2025-09-28 04:50:00,2025-09-28 05:00:00,04:50-05:00,2.0166666666666515,4.4316249999999666,1
2025-09-28,2025-09-28 17:30:00,2025-09-28 17:50:00,17:30-17:50,59.938864547930962,296.19505553410289,2
2025-09-28,2025-09-28 23:40:00,2025-09-28 23:50:00,23:40-23:50,5.4709666666666408,11.683249316666611,1
2025-09-29,2025-09-29 03:00:00,2025-09-29 03:10:00,03:00-03:10,7.5453999999999724,16.501789799999941,1
2025-09-29,2025-09-29 05:50:00,2025-09-29 06:10:00,05:50-06:10,17.797974629499322,81.125839831241507,2
2025-09-29,2025-09-29 23:40:00,2025-09-30 00:00:00,23:40-00:00+1日,12.10295011580854,25.869472764265325,2
2025-09-30,2025-09-30 02:50:00,2025-09-30 03:00:00,02:50-03:00,3.0966666666666924,6.7460883333333888,1
2025-09-30,2025-09-30 04:40:00,2025-09-30 04:50:00,04:40-04:50,13.894783333333294,30.72136594999991,1
2025-09-30,2025-09-30 07:00:00,2025-09-30 07:10:00,07:00-07:10,1.3183764163550222,5.3341509805724199,1
2025-10-01,2025-10-01 03:50:00,2025-10-01 04:00:00,03:50-04:00,0.53812842523223026,1.177963122833352,1
2025-10-02,2025-10-02 02:20:00,2025-10-02 02:30:00,02:20-02:30,16.134999999999991,35.230772499999979,1
2025-10-04,2025-10-04 04:50:00,2025-10-04 05:00:00,04:50-05:00,19.114999999999895,42.005212499999764,1
2025-10-04,2025-10-04 05:50:00,2025-10-04 06:00:00,05:50-06:00,10.863333333333287,49.42273499999979,1
2025-10-05,2025-10-05 02:40:00,2025-10-05 03:00:00,02:40-03:00,4.5284833333332699,9.8617426249998594,2
2025-10-06,2025-10-06 03:20:00,2025-10-06 03:30:00,03:20-03:30,8.2876951164570301,18.05059996364341,1
2025-10-08,2025-10-08 00:50:00,2025-10-08 01:00:00,00:50-01:00,10.376666666666665,22.232008333333329,1
2025-10-08,2025-10-08 06:30:00,2025-10-08 06:50:00,06:30-06:50,35.284487447214815,150.03867536402436,2
2025-10-08,2025-10-08 07:00:00,2025-10-08 07:10:00,07:00-07:10,22.048880610796573,89.209770951282934,1
2025-10-08,2025-10-08 18:00:00,2025-10-08 18:10:00,18:00-18:10,14.486983333333342,90.98549882500005,1
2025-10-08,2025-10-08 20:40:00,2025-10-08 20:50:00,20:40-20:50,69.893554319721375,427.25929755645672,1
2025-10-08,2025-10-08 21:30:00,2025-10-08 21:40:00,21:30-21:40,3.6829560347307733,18.177229509413731,1
2025-10-09,2025-10-09 06:10:00,2025-10-09 06:20:00,06:10-06:20,26.545044554642232,116.24075010477834,1
2025-10-09,2025-10-09 20:30:00,2025-10-09 21:00:00,20:30-21:00,159.46913746774817,1026.0774716083447,3
2025-10-09,2025-10-09 21:30:00,2025-10-09 21:40:00,21:30-21:40,29.814753333333122,147.15071507666562,1
2025-10-10,2025-10-10 06:20:00,2025-10-10 06:30:00,06:20-06:30,12.144260648816953,53.185789511493851,1
2025-10-10,2025-10-10 07:00:00,2025-10-10 07:10:00,07:00-07:10,10.752543208499219,43.504789821587842,1
2025-10-10,2025-10-10 07:20:00,2025-10-10 07:40:00,07:20-07:40,100.97186710211811,365.8986790226287,2
2025-10-10,2025-10-10 17:20:00,2025-10-10 17:30:00,17:20-17:30,23.687372481817306,116.80243370784113,1
2025-10-10,2025-10-10 20:40:00,2025-10-10 21:40:00,20:40-21:40,282.23974575823473,1398.2551043615749,6
2025-10-10,2025-10-10 22:10:00,2025-10-10 22:20:00,22:10-22:20,6.7537833333332742,14.750262799999872,1
2025-10-11,2025-10-11 17:20:00,2025-10-11 17:30:00,17:20-17:30,28.572387168152716,140.89044112616105,1
2025-10-11,2025-10-11 17:50:00,2025-10-11 18:00:00,17:50-18:00,1.7783333333333644,10.948309166666858,1
2025-10-11,2025-10-11 20:40:00,2025-10-11 20:50:00,20:40-20:50,92.04285579948845,562.65797750227284,1
2025-10-12,2025-10-12 01:40:00,2025-10-12 01:50:00,01:40-01:50,7.139699999999948,15.468160049999888,1
2025-10-12,2025-10-12 06:00:00,2025-10-12 06:10:00,06:00-06:10,0.20743333333325609,0.97161773333297152,1
2025-10-12,2025-10-12 19:50:00,2025-10-12 20:00:00,19:50-20:00,3.2718816893856228,22.055754468148486,1
2025-10-13,2025-10-13 01:20:00,2025-10-13 01:30:00,01:20-01:30,6.7100000000000364,14.356045000000078,1
2025-10-13,2025-10-13 16:40:00,2025-10-13 16:50:00,16:40-16:50,8.6677932692559807,39.711494863096277,1
2025-10-14,2025-10-14 02:10:00,2025-10-14 02:20:00,02:10-02:20,13.815483333333304,29.869074966666602,1
2025-10-14,2025-10-14 03:10:00,2025-10-14 03:20:00,03:10-03:20,7.0493812894749226,15.406422808147441,1
2025-10-14,2025-10-14 03:30:00,2025-10-14 03:40:00,03:30-03:40,1.1725088876539758,2.5519655939788781,1
2025-10-14,2025-10-14 06:20:00,2025-10-14 06:30:00,06:20-06:30,0.4908537929970862,2.1496941864307391,1
2025-10-14,2025-10-14 07:20:00,2025-10-14 07:30:00,07:20-07:30,15.793185819096152,60.361556200585497,1
2025-10-14,2025-10-14 08:50:00,2025-10-14 09:40:00,08:50-09:40,557.11703988618854,2776.0799251854564,5
2025-10-14,2025-10-14 16:40:00,2025-10-14 16:50:00,16:40-16:50,9.518114132469691,43.607239897909892,1
2025-10-14,2025-10-14 20:20:00,2025-10-14 20:40:00,20:20-20:40,1407.3276766604363,9657.0972249446459,2
2025-10-14,2025-10-14 21:30:00,2025-10-14 21:50:00,21:30-21:50,4.6396679999998014,18.653880255665893,2
2025-10-15,2025-10-15 01:50:00,2025-10-15 02:00:00,01:50-02:00,8.2233333333333576,17.725395000000052,1
2025-10-15,2025-10-15 04:10:00,2025-10-15 04:20:00,04:10-04:20,8.818552691650325,19.352313881826639,1
2025-10-15,2025-10-15 09:20:00,2025-10-15 09:30:00,09:20-09:30,21.358901763873021,103.59067355478415,1
2025-10-15,2025-10-15 14:00:00,2025-10-15 14:40:00,14:00-14:40,80.147660460202275,410.71386414703841,4
2025-10-15,2025-10-15 20:00:00,2025-10-15 21:20:00,20:00-21:20,2577.5687072045594,17330.721498344268,8
2025-10-15,2025-10-15 21:30:00,2025-10-15 21:40:00,21:30-21:40,30.503645648333077,150.55074309734792,1
2025-10-16,2025-10-16 02:30:00,2025-10-16 02:40:00,02:30-02:40,7.7791999999999462,16.911980799999881,1
2025-10-16,2025-10-16 05:00:00,2025-10-16 05:20:00,05:00-05:20,38.66639999999984,84.756075949999655,2
2025-10-16,2025-10-16 06:50:00,2025-10-16 07:00:00,06:50-07:00,2.6641159572451443,11.101371193840516,1
2025-10-16,2025-10-16 09:00:00,2025-10-16 09:40:00,09:00-09:40,296.97651866116342,1479.563218260746,4
2025-10-16,2025-10-16 14:00:00,2025-10-16 14:40:00,14:00-14:40,242.09970451358654,1231.2399946563512,4
2025-10-16,2025-10-16 14:50:00,2025-10-16 15:30:00,14:50-15:30,382.17582092743652,1317.1572897618621,4
2025-10-16,2025-10-16 15:50:00,2025-10-16 16:10:00,15:50-16:10,24.094311152450928,97.613572004614326,2
2025-10-16,2025-10-16 16:40:00,2025-10-16 16:50:00,16:40-16:50,15.635158015781826,71.632476449304434,1
2025-10-16,2025-10-16 20:00:00,2025-10-16 20:50:00,20:00-20:50,2263.6506865486135,15398.775183940705,5
2025-10-16,2025-10-16 21:10:00,2025-10-16 21:50:00,21:10-21:50,44.973327211975246,213.28935151004336,4
2025-10-17,2025-10-17 19:50:00,2025-10-17 20:00:00,19:50-20:00,11.595676236182442,78.166453508105846,1
2025-10-18,2025-10-18 00:50:00,2025-10-18 01:00:00,00:50-01:00,9.8349999999999227,21.071487499999837,1
2025-10-18,2025-10-18 04:50:00,2025-10-18 05:00:00,04:50-05:00,14.801666666666733,32.526662500000143,1
2025-10-18,2025-10-18 07:50:00,2025-10-18 08:00:00,07:50-08:00,2.9725122728312598,17.265837536740371,1
2025-10-18,2025-10-18 16:30:00,2025-10-18 16:50:00,16:30-16:50,27.544291776956243,124.77617360145035,2
2025-10-19,2025-10-19 01:10:00,2025-10-19 01:30:00,01:10-01:30,7.8815166666665846,16.874712349999825,2
2025-10-19,2025-10-19 04:20:00,2025-10-19 04:30:00,04:20-04:30,6.0166666666667652,13.128366666666881,1
2025-10-19,2025-10-19 06:20:00,2025-10-19 06:30:00,06:20-06:30,31.901092482384456,139.71083452660272,1
2025-10-19,2025-10-19 14:30:00,2025-10-19 15:00:00,14:30-15:00,99.519346473834787,374.59996749361778,3
2025-10-19,2025-10-19 15:10:00,2025-10-19 15:50:00,15:10-15:50,221.74705665862717,825.57003186132476,4
2025-10-19,2025-10-19 16:30:00,2025-10-19 16:40:00,16:30-16:40,6.3081079323931135,28.462182990957725,1
2025-10-19,2025-10-19 20:10:00,2025-10-19 20:50:00,20:10-20:50,1964.1185310929027,13364.198496772449,4
2025-10-19,2025-10-19 21:20:00,2025-10-19 21:40:00,21:20-21:40,39.483554000000112,188.73322930866721,2
2025-10-20,2025-10-20 01:00:00,2025-10-20 01:10:00,01:00-01:10,5.464333333333343,11.778370500000021,1
2025-10-20,2025-10-20 02:30:00,2025-10-20 02:40:00,02:30-02:40,7.6508333333333667,16.63291166666674,1
2025-10-20,2025-10-20 07:20:00,2025-10-20 07:30:00,07:20-07:30,1.9835974173906834,7.5813093292671923,1
2025-10-20,2025-10-20 07:50:00,2025-10-20 08:00:00,07:50-08:00,15.8086748319256,91.824687761239844,1
2025-10-20,2025-10-20 09:10:00,2025-10-20 10:10:00,09:10-10:10,650.481324965981,3135.1664681812317,6
2025-10-20,2025-10-20 20:20:00,2025-10-20 20:50:00,20:20-20:50,1265.615054212145,8679.6598081195698,3
2025-10-20,2025-10-20 21:20:00,2025-10-20 21:30:00,21:20-21:30,28.864635360626949,135.24524898221756,1
2025-10-21,2025-10-21 05:40:00,2025-10-21 05:50:00,05:40-05:50,0.21326666666664096,0.60866306666659331,1
2025-10-21,2025-10-21 06:20:00,2025-10-21 06:30:00,06:20-06:30,13.527013074961701,59.241553761794769,1
2025-10-21,2025-10-21 09:30:00,2025-10-21 10:10:00,09:30-10:10,235.01575078179707,1134.3666923330459,4
2025-10-21,2025-10-21 17:20:00,2025-10-21 17:30:00,17:20-17:30,8.3745736028496367,41.29502243565156,1
2025-10-21,2025-10-21 20:10:00,2025-10-21 20:50:00,20:10-20:50,2107.4645109482271,14310.032896230534,4
2025-10-22,2025-10-22 01:30:00,2025-10-22 01:40:00,01:30-01:40,23.551816666666696,50.777716733333399,1
2025-10-22,2025-10-22 07:20:00,2025-10-22 07:30:00,07:20-07:30,48.137132229902136,183.98011938268596,1
2025-10-22,2025-10-22 08:50:00,2025-10-22 10:20:00,08:50-10:20,1021.1756673865021,4943.7433925272708,9
2025-10-22,2025-10-22 18:10:00,2025-10-22 18:20:00,18:10-18:20,5.9401333333332786,36.968419799999658,1
2025-10-22,2025-10-22 20:40:00,2025-10-22 20:50:00,20:40-20:50,35.930261953881313,219.64169132407645,1
2025-10-23,2025-10-23 03:30:00,2025-10-23 03:40:00,03:30-03:40,3.798264773307892,8.2669232791046259,1
2025-10-23,2025-10-23 06:30:00,2025-10-23 06:40:00,06:30-06:40,10.56183804298928,45.421184503875395,1
2025-10-23,2025-10-23 17:00:00,2025-10-23 17:20:00,17:00-17:20,51.691700326455248,247.69755545953228,2
2025-10-23,2025-10-23 20:10:00,2025-10-23 20:20:00,20:10-20:20,11.404173986501632,76.407965709560941,1
2025-10-23,2025-10-23 22:10:00,2025-10-23 22:20:00,22:10-22:20,29.450383333333434,64.31963720000023,1
2025-10-24,2025-10-24 05:40:00,2025-10-24 05:50:00,05:40-05:50,15.845133333333365,45.222010533333425,1
2025-10-24,2025-10-24 08:00:00,2025-10-24 08:10:00,08:00-08:10,9.2441238338335001,53.99954937533839,1
2025-10-24,2025-10-24 15:40:00,2025-10-24 15:50:00,15:40-15:50,4.3120789467172926,16.866696800084689,1
2025-10-24,2025-10-24 17:00:00,2025-10-24 17:30:00,17:00-17:30,25.872722969740437,126.11896760449403,3
2025-10-24,2025-10-24 18:20:00,2025-10-24 18:30:00,18:20-18:30,9.4899999999999523,59.526024999999699,1
2025-10-24,2025-10-24 19:30:00,2025-10-24 19:40:00,19:30-19:40,14.771361351102485,99.632832313186256,1
2025-10-24,2025-10-24 20:10:00,2025-10-24 20:20:00,20:10-20:20,24.931231027621209,167.03924788506211,1
2025-10-24,2025-10-24 20:50:00,2025-10-24 21:20:00,20:50-21:20,73.429070766519402,337.44787832157954,3
2025-10-24,2025-10-24 22:50:00,2025-10-24 23:00:00,22:50-23:00,15.713333333333253,33.288696666666496,1
2025-10-25,2025-10-25 01:20:00,2025-10-25 01:30:00,01:20-01:30,12.074999999999989,25.834462499999976,1
2025-10-25,2025-10-25 05:40:00,2025-10-25 05:50:00,05:40-05:50,5.6697166666666021,16.181371366666482,1
2025-10-25,2025-10-25 17:00:00,2025-10-25 17:20:00,17:00-17:20,25.942118648530879,125.00867039829154,2
2025-10-25,2025-10-25 19:10:00,2025-10-25 19:20:00,19:10-19:20,2.2664666666667017,15.236322166666902,1
2025-10-25,2025-10-25 20:40:00,2025-10-25 20:50:00,20:40-20:50,38.321162894300244,234.25726877285737,1
2025-10-25,2025-10-25 21:00:00,2025-10-25 21:20:00,21:00-21:20,92.801733333333203,429.29618028333277,2
2025-10-25,2025-10-25 21:30:00,2025-10-25 21:40:00,21:30-21:40,15.481407476374693,76.408486599647304,1
2025-10-25,2025-10-25 23:00:00,2025-10-25 23:10:00,23:00-23:10,5.2138625049622078,11.07424396053973,1
2025-10-26,2025-10-26 17:50:00,2025-10-26 18:00:00,17:50-18:00,12.013333333333549,73.960086666667991,1
2025-10-27,2025-10-27 04:10:00,2025-10-27 04:20:00,04:10-04:20,0.43779355165963807,0.96073794911707577,1
2025-10-27,2025-10-27 15:50:00,2025-10-27 16:00:00,15:50-16:00,22.292844815943681,89.784432496213171,1
2025-10-27,2025-10-27 17:00:00,2025-10-27 17:10:00,17:00-17:10,4.3830999267586321,20.736445753495087,1
2025-10-29,2025-10-29 02:30:00,2025-10-29 02:40:00,02:30-02:40,15.083949999999959,32.792507299999912,1
2025-10-29,2025-10-29 03:10:00,2025-10-29 03:20:00,03:10-03:20,8.1893334966341627,17.897788356893962,1
2025-10-29,2025-10-29 04:20:00,2025-10-29 04:40:00,04:20-04:40,33.032818255646475,72.351314333820625,2
2025-10-29,2025-10-29 20:00:00,2025-10-29 20:10:00,20:00-20:10,0.16660059618129708,1.1256369280989338,1
2025-10-30,2025-10-30 03:00:00,2025-10-30 03:20:00,03:00-03:20,19.85226968130678,43.402691583247943,2
2025-10-30,2025-10-30 03:50:00,2025-10-30 04:10:00,03:50-04:10,28.893768692813751,63.374440973787806,2
2025-10-30,2025-10-30 18:30:00,2025-10-30 18:40:00,18:30-18:40,11.373933333333298,71.212196599999785,1
2025-10-30,2025-10-30 20:50:00,2025-10-30 21:00:00,20:50-21:00,3.5500000000000682,16.564300000000319,1
2025-10-30,2025-10-30 21:20:00,2025-10-30 21:30:00,21:20-21:30,13.248333333333335,62.07506583333334,1
2025-10-31,2025-10-31 03:50:00,2025-10-31 04:00:00,03:50-04:00,1.5386085049033795,3.3680140172334978,1
2025-10-31,2025-10-31 19:20:00,2025-10-31 19:30:00,19:20-19:30,5.4489571488513775,36.73414461898156,1
2025-11-01,2025-11-01 02:40:00,2025-11-01 02:50:00,02:40-02:50,7.616875273428775,16.509577155156869,1
2025-11-01,2025-11-01 03:10:00,2025-11-01 03:30:00,03:10-03:30,85.965300000000013,187.48166315000003,2
2025-11-01,2025-11-01 05:10:00,2025-11-01 05:20:00,05:10-05:20,11.279700000000048,25.035294150000105,1
2025-11-01,2025-11-01 16:50:00,2025-11-01 17:00:00,16:50-17:00,7.6935201345866062,35.63638526340516,1
2025-11-01,2025-11-01 17:20:00,2025-11-01 17:30:00,17:20-17:30,2.4583333333332575,12.122041666666293,1
2025-11-02,2025-11-02 05:00:00,2025-11-02 05:10:00,05:00-05:10,45.387650000000008,98.332343725000015,1
2025-11-02,2025-11-02 06:40:00,2025-11-02 06:50:00,06:40-06:50,2.3436480839264959,9.8925385622537387,1
2025-11-02,2025-11-02 19:30:00,2025-11-02 19:50:00,19:30-19:50,66.184036169041178,446.10304747396998,2
2025-11-02,2025-11-02 20:40:00,2025-11-02 20:50:00,20:40-20:50,22.457054948109864,137.27997689779559,1
2025-11-03,2025-11-03 05:00:00,2025-11-03 05:20:00,05:00-05:20,48.593966666666461,106.45768216666622,2
2025-11-03,2025-11-03 06:40:00,2025-11-03 06:50:00,06:40-06:50,10.463445987617774,44.166205513734624,1
2025-11-03,2025-11-03 17:50:00,2025-11-03 18:00:00,17:50-18:00,12.05499999999995,74.216607499999697,1
2025-11-03,2025-11-03 23:40:00,2025-11-03 23:50:00,23:40-23:50,10.020858873167413,21.399544123649008,1
2025-11-04,2025-11-04 00:40:00,2025-11-04 00:50:00,00:40-00:50,13.759666666666703,29.383768166666744,1
2025-11-04,2025-11-04 02:10:00,2025-11-04 02:20:00,02:10-02:20,11.495883333333268,24.854099766666526,1
2025-11-04,2025-11-04 06:00:00,2025-11-04 06:10:00,06:00-06:10,1.9827666666665209,9.2872790666659846,1
2025-11-04,2025-11-04 17:20:00,2025-11-04 17:30:00,17:20-17:30,5.7133333333333667,28.172446666666833,1
2025-11-04,2025-11-04 20:30:00,2025-11-04 20:40:00,20:30-20:40,105.30685436139083,734.62061602506242,1
2025-11-05,2025-11-05 02:10:00,2025-11-05 02:20:00,02:10-02:20,4.6728333333333012,10.102665666666597,1
2025-11-05,2025-11-05 04:50:00,2025-11-05 05:00:00,04:50-05:00,9.1166666666666742,20.033875000000016,1
2025-11-05,2025-11-05 06:30:00,2025-11-05 07:00:00,06:30-07:00,73.311730054737041,311.68680071998915,3
2025-11-06,2025-11-06 01:40:00,2025-11-06 01:50:00,01:40-01:50,3.1592166666666799,6.8444429083333622,1
2025-11-06,2025-11-06 03:40:00,2025-11-06 03:50:00,03:40-03:50,6.5670484587725468,14.316165640124153,1
2025-11-06,2025-11-06 07:40:00,2025-11-06 08:10:00,07:40-08:10,73.330632015307856,406.54953718030123,3
2025-11-06,2025-11-06 10:20:00,2025-11-06 10:40:00,10:20-10:40,44.919052153752737,218.27353809142579,2
2025-11-06,2025-11-06 20:20:00,2025-11-06 20:30:00,20:20-20:30,5.6483333333334258,38.095184166667295,1
2025-11-07,2025-11-07 07:40:00,2025-11-07 07:50:00,07:40-07:50,14.531447092738546,62.485222498775741,1
2025-11-07,2025-11-07 08:10:00,2025-11-07 08:30:00,08:10-08:30,148.67456797914528,810.31534734809111,2
2025-11-07,2025-11-07 17:00:00,2025-11-07 17:20:00,17:00-17:20,12.784624309272772,61.311382940502824,2
2025-11-07,2025-11-07 17:30:00,2025-11-07 17:50:00,17:30-17:50,5.9415382807075616,30.083346255680333,2
2025-11-07,2025-11-07 20:20:00,2025-11-07 20:30:00,20:20-20:30,12.050000000000011,81.271225000000086,1
2025-11-08,2025-11-08 18:50:00,2025-11-08 19:20:00,18:50-19:20,5.8150999999998589,39.152288349999054,3
2025-11-09,2025-11-09 06:50:00,2025-11-09 07:00:00,06:50-07:00,9.2177465478434897,38.410349864863818,1
2025-11-09,2025-11-09 23:50:00,2025-11-10 00:00:00,23:50-00:00+1日,12.543333333333294,26.81764666666658,1
2025-11-10,2025-11-10 04:10:00,2025-11-10 04:20:00,04:10-04:20,4.6293877138975859,10.159191338148252,1
2025-11-10,2025-11-10 18:40:00,2025-11-10 18:50:00,18:40-18:50,18.498566666666875,119.14001861666802,1
2025-11-10,2025-11-10 20:00:00,2025-11-10 20:10:00,20:00-20:10,18.80026666666663,127.02400173333308,1
2025-11-10,2025-11-10 20:30:00,2025-11-10 21:00:00,20:30-21:00,96.559583003159105,582.63442448003775,3
2025-11-10,2025-11-10 21:30:00,2025-11-10 21:50:00,21:30-21:50,79.922922626756915,359.10487963269202,2
2025-11-11,2025-11-11 06:50:00,2025-11-11 07:10:00,06:50-07:10,19.155623871933358,79.322079857509408,2
2025-11-11,2025-11-11 21:30:00,2025-11-11 21:40:00,21:30-21:40,10.475816666666674,51.70339315833337,1
2025-11-12,2025-11-12 20:00:00,2025-11-12 20:10:00,20:00-20:10,15.516366666666727,104.83633138333374,1
2025-11-12,2025-11-12 23:50:00,2025-11-13 00:00:00,23:50-00:00+1日,1.6233333333334485,3.4706866666669129,1
2025-11-13,2025-11-13 04:00:00,2025-11-13 04:10:00,04:00-04:10,0.17789999999990869,0.39146894999979903,1
2025-11-13,2025-11-13 04:40:00,2025-11-13 04:50:00,04:40-04:50,3.2556500000000597,7.198242150000131,1
2025-11-13,2025-11-13 06:50:00,2025-11-13 07:00:00,06:50-07:00,14.998736833026896,62.499736383223073,1
2025-11-13,2025-11-13 17:10:00,2025-11-13 17:30:00,17:10-17:30,15.962783333333164,78.434717616665836,2
2025-11-15,2025-11-15 03:30:00,2025-11-15 03:40:00,03:30-03:40,17.564016666666703,38.228082275000077,1
2025-11-15,2025-11-15 04:00:00,2025-11-15 04:20:00,04:00-04:20,30.31566666666663,66.691743299999914,2
2025-11-16,2025-11-16 01:50:00,2025-11-16 02:00:00,01:50-02:00,8.2849999999999682,17.858317499999931,1
2025-11-16,2025-11-16 05:20:00,2025-11-16 05:30:00,05:20-05:30,7.408333333333303,15.931620833333268,1
2025-11-16,2025-11-16 10:40:00,2025-11-16 10:50:00,10:40-10:50,31.117714382726561,124.31526895899262,1
2025-11-16,2025-11-16 16:40:00,2025-11-16 16:50:00,16:40-16:50,23.627451497027437,108.2491690336312,1
2025-11-16,2025-11-16 20:30:00,2025-11-16 20:40:00,20:30-20:40,0.44156666666674482,3.0803690666672119,1
2025-11-17,2025-11-17 00:50:00,2025-11-17 01:10:00,00:50-01:10,39.613666666666631,85.108625166666599,2
2025-11-17,2025-11-17 03:00:00,2025-11-17 03:10:00,03:00-03:10,7.0924499999999853,15.51118814999997,1
2025-11-17,2025-11-17 16:40:00,2025-11-17 16:50:00,16:40-16:50,28.114405418671709,128.80614842564444,1
2025-11-17,2025-11-17 20:30:00,2025-11-17 20:40:00,20:30-20:40,3.3394666666667945,23.296119466667559,1
2025-11-18,2025-11-18 04:10:00,2025-11-18 04:20:00,04:10-04:20,13.122224083808305,28.796720751917327,1
2025-11-18,2025-11-18 12:50:00,2025-11-18 13:00:00,12:50-13:00,15.435494789997847,63.89523068319609,1
2025-11-18,2025-11-18 20:40:00,2025-11-18 20:50:00,20:40-20:50,8.9575833333333321,54.757706916666656,1
2025-11-19,2025-11-19 00:40:00,2025-11-19 00:50:00,00:40-00:50,10.795599999999922,23.054003799999833,1
2025-11-19,2025-11-19 05:40:00,2025-11-19 06:00:00,05:40-06:00,26.426916666667012,104.71783433333466,2
2025-11-19,2025-11-19 16:20:00,2025-11-19 16:30:00,16:20-16:30,7.1764607554947588,31.544133250777215,1
2025-11-19,2025-11-19 20:40:00,2025-11-19 21:00:00,20:40-21:00,65.582850000000008,328.22756371666668,2
2025-11-20,2025-11-20 03:40:00,2025-11-20 03:50:00,03:40-03:50,2.003183333333368,4.3669396666667426,1
2025-11-20,2025-11-20 13:30:00,2025-11-20 13:50:00,13:30-13:50,36.638357927216795,161.69150375075628,2
2025-11-20,2025-11-20 16:50:00,2025-11-20 17:00:00,16:50-17:00,6.981271426192734,32.337249246124742,1
2025-11-20,2025-11-20 18:00:00,2025-11-20 18:10:00,18:00-18:10,7.7597333333334291,48.7350052000006,1
2025-11-21,2025-11-21 02:40:00,2025-11-21 02:50:00,02:40-02:50,0.069049999999890588,0.14966587499976286,1
2025-11-21,2025-11-21 03:30:00,2025-11-21 03:50:00,03:30-03:50,27.05644999999987,58.924870991666381,2
2025-11-21,2025-11-21 04:40:00,2025-11-21 04:50:00,04:40-04:50,7.5207999999999515,16.628488799999893,1
2025-11-21,2025-11-21 08:10:00,2025-11-21 08:20:00,08:10-08:20,18.258770608371563,100.02154539265942,1
2025-11-21,2025-11-21 22:40:00,2025-11-21 22:50:00,22:40-22:50,10.514916666666579,22.296880791666478,1
2025-11-22,2025-11-22 02:20:00,2025-11-22 02:30:00,02:20-02:30,19.773333333333312,43.175073333333287,1
2025-11-22,2025-11-22 16:10:00,2025-11-22 16:20:00,16:10-16:20,30.244970491489028,128.8284518084975,1
2025-11-23,2025-11-23 02:50:00,2025-11-23 03:00:00,02:50-03:00,7.088333333333253,15.441934166666488,1
2025-11-23,2025-11-23 07:20:00,2025-11-23 07:30:00,07:20-07:30,3.2029351311203982,12.241618071142161,1
2025-11-23,2025-11-23 18:10:00,2025-11-23 18:20:00,18:10-18:20,8.5921833333333097,53.473452974999852,1
2025-11-23,2025-11-23 21:00:00,2025-11-23 21:10:00,21:00-21:10,17.813416666666512,80.766031166665982,1
2025-11-24,2025-11-24 06:00:00,2025-11-24 06:10:00,06:00-06:10,22.122716666666634,103.62280486666651,1
2025-11-24,2025-11-24 20:00:00,2025-11-24 20:20:00,20:00-20:20,14.677450000000022,98.423334475000146,2
2025-11-24,2025-11-24 23:00:00,2025-11-24 23:10:00,23:00-23:10,5.2826000000000022,11.220242400000005,1
2025-11-24,2025-11-24 23:40:00,2025-11-25 00:00:00,23:40-00:00+1日,19.578933333333339,41.832157966666671,2
2025-11-25,2025-11-25 02:20:00,2025-11-25 02:30:00,02:20-02:30,15.563333333333276,33.98253833333321,1
2025-11-25,2025-11-25 03:40:00,2025-11-25 04:00:00,03:40-04:00,19.236783333333506,41.982567666667045,2
2025-11-25,2025-11-25 13:20:00,2025-11-25 13:30:00,13:20-13:30,1.2106430475917875,5.2166608920730129,1
2025-11-26,2025-11-26 06:00:00,2025-11-26 06:20:00,06:00-06:20,29.870199999999954,130.91441004999982,2
2025-11-26,2025-11-26 16:00:00,2025-11-26 16:10:00,16:00-16:10,11.760161734617213,48.63414885350948,1
2025-11-26,2025-11-26 16:40:00,2025-11-26 16:50:00,16:40-16:50,5.635378706108213,25.818487542034777,1
2025-11-27,2025-11-27 16:00:00,2025-11-27 16:10:00,16:00-16:10,12.292109090232429,50.834017142656208,1
2025-11-27,2025-11-27 16:30:00,2025-11-27 16:40:00,16:30-16:40,19.765963438640256,89.184027035144823,1
2025-11-27,2025-11-27 20:20:00,2025-11-27 20:30:00,20:20-20:30,2.0033333333333303,13.511481666666647,1
2025-11-28,2025-11-28 04:10:00,2025-11-28 04:20:00,04:10-04:20,20.344766666666601,44.646590449999856,1
2025-11-28,2025-11-28 18:20:00,2025-11-28 18:30:00,18:20-18:30,11.823333333333267,74.161858333332916,1
2025-11-28,2025-11-28 19:20:00,2025-11-28 19:30:00,19:20-19:30,18.770401420702285,126.54066117766446,1
2025-11-28,2025-11-28 20:40:00,2025-11-28 20:50:00,20:40-20:50,36.666835992692427,224.14436842332879,1
2025-11-28,2025-11-28 23:50:00,2025-11-29 00:00:00,23:50-00:00+1日,10.230000000000018,21.871740000000038,1
2025-11-29,2025-11-29 04:20:00,2025-11-29 04:30:00,04:20-04:30,26.707025581794824,58.274729819476306,1
2025-11-29,2025-11-29 07:10:00,2025-11-29 07:30:00,07:10-07:30,39.063374794668675,151.66310869297666,2
2025-11-29,2025-11-29 20:20:00,2025-11-29 20:50:00,20:20-20:50,1007.4312145335741,6605.3682216383568,3
2025-11-29,2025-11-29 21:20:00,2025-11-29 21:40:00,21:20-21:40,43.083776968094412,207.23782865067307,2
2025-11-29,2025-11-29 23:40:00,2025-11-29 23:50:00,23:40-23:50,10.931316666666646,23.343826741666621,1
2025-11-30,2025-11-30 03:40:00,2025-11-30 04:00:00,03:40-04:00,18.689183333333403,40.852069666666821,2
2025-11-30,2025-11-30 09:00:00,2025-11-30 09:20:00,09:00-09:20,10.222590178739154,51.441953251640371,2
2025-11-30,2025-11-30 13:50:00,2025-11-30 14:00:00,13:50-14:00,7.1956995497724279,35.093426704240137,1
2025-11-30,2025-11-30 20:20:00,2025-11-30 20:40:00,20:20-20:40,1444.7714824270151,9916.0269941290026,2
2025-11-30,2025-11-30 21:30:00,2025-11-30 21:50:00,21:30-21:50,31.68488583333324,124.24148906374958,2
2025-12-01,2025-12-01 01:30:00,2025-12-01 03:20:00,01:30-03:20,247.90224999999987,538.09591067499969,11
2025-12-01,2025-12-01 03:40:00,2025-12-01 04:50:00,03:40-04:50,274.35252383157388,602.33680295438535,7
2025-12-01,2025-12-01 05:00:00,2025-12-01 05:20:00,05:00-05:20,128.28229999999996,280.8396770833333,2
2025-12-01,2025-12-01 05:40:00,2025-12-01 07:30:00,05:40-07:30,543.74173133411921,2204.3537137955364,11
2025-12-01,2025-12-01 07:50:00,2025-12-01 08:30:00,07:50-08:30,111.59670531158611,627.29087263822726,4
2025-12-01,2025-12-01 09:00:00,2025-12-01 10:50:00,09:00-10:50,2991.0088514098702,14477.303041217476,11
2025-12-01,2025-12-01 13:30:00,2025-12-01 14:00:00,13:30-14:00,131.3687814626438,588.84672955911412,3
2025-12-01,2025-12-01 15:30:00,2025-12-01 15:40:00,15:30-15:40,13.779959628479446,51.909107920482072,1
2025-12-01,2025-12-01 16:50:00,2025-12-01 17:00:00,16:50-17:00,1.2269128052860196,5.6830601140848422,1
2025-12-01,2025-12-01 20:10:00,2025-12-01 20:40:00,20:10-20:40,1823.6318349446067,12442.358506128865,3
2025-12-01,2025-12-01 21:20:00,2025-12-01 21:50:00,21:20-21:50,107.70848566666659,495.46787469949959,3
2025-12-02,2025-12-02 00:40:00,2025-12-02 00:50:00,00:40-00:50,0.45335000000000036,0.96812892500000081,1
2025-12-02,2025-12-02 01:10:00,2025-12-02 01:30:00,01:10-01:30,17.130333333333397,36.685561166666801,2
2025-12-02,2025-12-02 01:40:00,2025-12-02 02:10:00,01:40-02:10,91.581749999999943,197.2267997083332,3
2025-12-02,2025-12-02 02:30:00,2025-12-02 03:10:00,02:30-03:10,71.123500000000035,154.57427560833341,4
2025-12-02,2025-12-02 03:40:00,2025-12-02 04:10:00,03:40-04:10,33.441883301370126,73.323475895404655,3
2025-12-02,2025-12-02 04:30:00,2025-12-02 05:30:00,04:30-05:30,267.96546759910143,587.51314023142629,6
2025-12-02,2025-12-02 05:40:00,2025-12-02 07:30:00,05:40-07:30,616.37550382298707,2542.2301334288895,11
2025-12-02,2025-12-02 07:40:00,2025-12-02 08:30:00,07:40-08:30,279.60473089476659,1574.8439872395184,5
2025-12-02,2025-12-02 08:40:00,2025-12-02 10:50:00,08:40-10:50,3866.4877199348284,18666.636569688671,13
2025-12-02,2025-12-02 14:10:00,2025-12-02 14:20:00,14:10-14:20,30.766583887056356,153.49448701252416,1
2025-12-02,2025-12-02 15:30:00,2025-12-02 15:40:00,15:30-15:40,0.91124057973479466,3.4326432638609714,1
2025-12-02,2025-12-02 15:50:00,2025-12-02 16:10:00,15:50-16:10,35.614884898435321,146.46514567049263,2
2025-12-02,2025-12-02 16:50:00,2025-12-02 17:10:00,16:50-17:10,19.86403231600525,93.134847587736331,2
2025-12-02,2025-12-02 18:30:00,2025-12-02 18:50:00,18:30-18:50,32.529083333333347,206.07234690833343,2
2025-12-02,2025-12-02 20:00:00,2025-12-02 21:50:00,20:00-21:50,2827.6251881961784,18852.147849421854,11
2025-12-03,2025-12-03 00:30:00,2025-12-03 00:40:00,00:30-00:40,17.171310728707908,36.677919716520094,1
2025-12-03,2025-12-03 01:10:00,2025-12-03 02:20:00,01:10-02:20,170.6055689632617,367.73362204144627,7
2025-12-03,2025-12-03 02:50:00,2025-12-03 03:20:00,02:50-03:20,44.888965477097557,98.06125839923979,3
2025-12-03,2025-12-03 03:50:00,2025-12-03 05:10:00,03:50-05:10,381.1631031141809,837.13742584644297,8
2025-12-03,2025-12-03 05:20:00,2025-12-03 05:30:00,05:20-05:30,26.241893530775656,56.433192037933047,1
2025-12-03,2025-12-03 05:40:00,2025-12-03 06:00:00,05:40-06:00,34.571314136559565,119.54295221504279,2
2025-12-03,2025-12-03 06:20:00,2025-12-03 07:30:00,06:20-07:30,349.77406314343148,1434.3331871839541,7
2025-12-03,2025-12-03 07:40:00,2025-12-03 08:00:00,07:40-08:00,56.210960951594927,296.34807797075314,2
2025-12-03,2025-12-03 08:50:00,2025-12-03 10:40:00,08:50-10:40,2085.5654270716486,10139.775420154519,11
2025-12-03,2025-12-03 12:50:00,2025-12-03 13:00:00,12:50-13:00,23.971039564880698,99.228118278823644,1
2025-12-03,2025-12-03 13:30:00,2025-12-03 13:50:00,13:30-13:50,77.131574971246906,337.02897907118364,2
2025-12-03,2025-12-03 14:30:00,2025-12-03 14:40:00,14:30-14:40,9.4114317586132188,51.320537379717884,1
2025-12-03,2025-12-03 16:20:00,2025-12-03 16:30:00,16:20-16:30,16.082793296370227,70.691917934195331,1
2025-12-03,2025-12-03 20:00:00,2025-12-03 21:50:00,20:00-21:50,2717.2533330195333,17910.418670419051,11
2025-12-04,2025-12-04 00:50:00,2025-12-04 01:00:00,00:50-01:00,18.687358492543694,40.037665570274868,1
2025-12-04,2025-12-04 01:20:00,2025-12-04 01:30:00,01:20-01:30,4.0865941593639219,8.7432682039591114,1
2025-12-04,2025-12-04 02:00:00,2025-12-04 02:20:00,02:00-02:20,72.723375508495124,156.70211187515014,2
2025-12-04,2025-12-04 02:30:00,2025-12-04 04:50:00,02:30-04:50,727.45033883403164,1590.4916378870091,14
2025-12-04,2025-12-04 05:00:00,2025-12-04 05:30:00,05:00-05:30,124.22128964613356,272.4764805659733,3
2025-12-04,2025-12-04 05:40:00,2025-12-04 07:30:00,05:40-07:30,626.31010970282762,2580.6035865994932,11
2025-12-04,2025-12-04 08:00:00,2025-12-04 09:00:00,08:00-09:00,296.67952821599681,1608.7517950329104,6
2025-12-04,2025-12-04 09:20:00,2025-12-04 10:50:00,09:20-10:50,2512.4911264612251,12190.857060299068,9
2025-12-04,2025-12-04 20:30:00,2025-12-04 21:20:00,20:30-21:20,570.4077998604871,3664.0525377660465,5
2025-12-04,2025-12-04 21:30:00,2025-12-04 21:50:00,21:30-21:50,52.473018053606253,219.11929157327427,2
2025-12-05,2025-12-05 01:30:00,2025-12-05 03:10:00,01:30-03:10,429.56749498793579,931.70606761133945,10
2025-12-05,2025-12-05 03:40:00,2025-12-05 05:30:00,03:40-05:30,479.3720966653807,1050.3848452804523,11
2025-12-05,2025-12-05 05:40:00,2025-12-05 05:50:00,05:40-05:50,28.512834884176073,81.375630759438508,1
2025-12-05,2025-12-05 06:10:00,2025-12-05 06:20:00,06:10-06:20,19.334006228814246,84.663613275977596,1
2025-12-05,2025-12-05 06:30:00,2025-12-05 07:20:00,06:30-07:20,221.06465209384038,916.09746658291158,5
2025-12-05,2025-12-05 07:30:00,2025-12-05 07:50:00,07:30-07:50,105.7757062458673,389.63867203977435,2
2025-12-05,2025-12-05 08:10:00,2025-12-05 09:30:00,08:10-09:30,1042.5279654592368,5426.8486276106987,8
2025-12-05,2025-12-05 14:30:00,2025-12-05 14:40:00,14:30-14:40,9.2436161993165697,50.405439134873255,1
2025-12-05,2025-12-05 18:30:00,2025-12-05 18:40:00,18:30-18:40,8.7288858739188413,54.651554456605865,1
2025-12-05,2025-12-05 20:30:00,2025-12-05 21:50:00,20:30-21:50,1018.5604328502602,6024.0474826601649,8
2025-12-06,2025-12-06 01:20:00,2025-12-06 01:50:00,01:20-01:50,32.689566369748718,70.250242117476205,3
2025-12-06,2025-12-06 02:00:00,2025-12-06 02:20:00,02:00-02:20,105.58828887518928,227.33705866710412,2
2025-12-06,2025-12-06 02:30:00,2025-12-06 03:20:00,02:30-03:20,126.17178738015787,274.96526516638784,5
2025-12-06,2025-12-06 03:40:00,2025-12-06 04:20:00,03:40-04:20,153.91868715465318,337.74099082607029,4
2025-12-06,2025-12-06 04:30:00,2025-12-06 05:30:00,04:30-05:30,300.12342027522482,658.77700354113495,6
2025-12-06,2025-12-06 05:40:00,2025-12-06 05:50:00,05:40-05:50,8.0530489148808897,22.98340160307006,1
2025-12-06,2025-12-06 06:50:00,2025-12-06 07:10:00,06:50-07:10,20.934908527497555,87.22641465882073,2
2025-12-06,2025-12-06 08:00:00,2025-12-06 09:50:00,08:00-09:50,1419.2017430068879,7421.8816820482125,11
2025-12-06,2025-12-06 15:10:00,2025-12-06 15:20:00,15:10-15:20,23.339124227898321,84.219229776371094,1
2025-12-06,2025-12-06 16:00:00,2025-12-06 16:10:00,16:00-16:10,41.359636060126753,171.04277492665418,1
2025-12-06,2025-12-06 16:30:00,2025-12-06 16:50:00,16:30-16:50,14.725856951840171,67.120074355612729,2
2025-12-06,2025-12-06 17:50:00,2025-12-06 18:00:00,17:50-18:00,12.131732162673472,74.689009059499242,1
2025-12-06,2025-12-06 20:10:00,2025-12-06 21:20:00,20:10-21:20,1703.5337541408323,10995.586522091331,7
2025-12-06,2025-12-06 21:30:00,2025-12-06 21:50:00,21:30-21:50,22.764680876271004,98.417306552664655,2
2025-12-07,2025-12-07 00:40:00,2025-12-07 00:50:00,00:40-00:50,13.171083333333286,28.126848458333232,1
2025-12-07,2025-12-07 01:10:00,2025-12-07 01:30:00,01:10-01:30,34.648583333333363,74.178697750000069,2
2025-12-07,2025-12-07 02:00:00,2025-12-07 02:20:00,02:00-02:20,79.003566666666529,170.29000779166637,2
2025-12-07,2025-12-07 02:30:00,2025-12-07 03:20:00,02:30-03:20,223.54230000000041,487.54586498333418,5
2025-12-07,2025-12-07 04:00:00,2025-12-07 04:10:00,04:00-04:10,12.966200000000072,28.532123100000156,1
2025-12-07,2025-12-07 04:20:00,2025-12-07 05:30:00,04:20-05:30,264.85286177030503,581.76877540608984,7
2025-12-07,2025-12-07 05:40:00,2025-12-07 06:00:00,05:40-06:00,82.03321666666659,352.74563203333298,2
2025-12-07,2025-12-07 06:20:00,2025-12-07 07:30:00,06:20-07:30,322.15225859168106,1309.0452116942802,7
2025-12-07,2025-12-07 07:40:00,2025-12-07 08:00:00,07:40-08:00,112.7957666248883,586.96669169985262,2
2025-12-07,2025-12-07 09:40:00,2025-12-07 10:50:00,09:40-10:50,1342.3839719725918,6549.1406795708926,7
2025-12-07,2025-12-07 15:30:00,2025-12-07 15:40:00,15:30-15:40,34.316354831302078,129.26970864951494,1
2025-12-07,2025-12-07 16:30:00,2025-12-07 16:50:00,16:30-16:50,34.400005265196228,155.63964472546203,2
2025-12-07,2025-12-07 17:30:00,2025-12-07 17:40:00,17:30-17:40,2.0833333333334849,10.166666666667407,1
2025-12-07,2025-12-07 18:30:00,2025-12-07 18:40:00,18:30-18:40,14.857533333333322,93.02301619999993,1
2025-12-07,2025-12-07 20:20:00,2025-12-07 21:00:00,20:20-21:00,1200.4261942637377,8166.7078633089759,4
2025-12-08,2025-12-08 20:30:00,2025-12-08 20:50:00,20:30-20:50,30.261616296073498,207.28639005123054,2
2025-12-09,2025-12-09 17:30:00,2025-12-09 17:50:00,17:30-17:50,35.175466666666694,181.17795391666681,2
2025-12-09,2025-12-09 20:20:00,2025-12-09 20:30:00,20:20-20:30,7.941666666666606,53.562570833332927,1
2025-12-10,2025-12-10 15:40:00,2025-12-10 15:50:00,15:40-15:50,16.957386689708187,66.328818036793578,1
2025-12-12,2025-12-12 20:10:00,2025-12-12 20:20:00,20:10-20:20,8.8041833333332988,58.988028333333105,1
2025-12-13,2025-12-13 21:30:00,2025-12-13 21:40:00,21:30-21:40,2.508666666666727,12.381524333333632,1
2025-12-15,2025-12-15 17:20:00,2025-12-15 17:30:00,17:20-17:30,1.9033333333334213,9.3853366666671008,1
2025-12-17,2025-12-17 18:20:00,2025-12-17 18:30:00,18:20-18:30,29.19500000000005,183.12563750000032,1
2025-12-17,2025-12-17 21:20:00,2025-12-17 21:30:00,21:20-21:30,3.3516666666666879,15.704234166666767,1
2025-12-19,2025-12-19 17:20:00,2025-12-19 17:30:00,17:20-17:30,5.7033333333333189,28.123136666666596,1
2025-12-20,2025-12-20 17:20:00,2025-12-20 17:30:00,17:20-17:30,0.40499999999991587,1.9970549999995852,1
2025-12-21,2025-12-21 03:40:00,2025-12-21 03:50:00,03:40-03:50,42.423149999999964,92.482466999999929,1
2025-12-22,2025-12-22 21:10:00,2025-12-22 21:40:00,21:10-21:40,74.610197024922925,363.36736949360971,3
2025-12-24,2025-12-24 18:50:00,2025-12-24 19:00:00,18:50-19:00,8.6599999999999682,58.307779999999788,1
2025-12-25,2025-12-25 01:10:00,2025-12-25 01:20:00,01:10-01:20,32.264549999999986,69.401047049999974,1
2025-12-25,2025-12-25 19:00:00,2025-12-25 19:10:00,19:00-19:10,4.2047556850632191,28.430455564554954,1
2025-12-25,2025-12-25 19:40:00,2025-12-25 19:50:00,19:40-19:50,12.974216666666507,87.400810574998914,1
2025-12-26,2025-12-26 18:00:00,2025-12-26 18:20:00,18:00-18:20,3.742683333333332,23.465861174999993,2
2025-12-27,2025-12-27 03:30:00,2025-12-27 03:40:00,03:30-03:40,14.636066666666693,31.855399100000056,1
2025-12-28,2025-12-28 17:40:00,2025-12-28 17:50:00,17:40-17:50,17.200083333333282,92.381647583333063,1
2025-12-28,2025-12-28 20:20:00,2025-12-28 20:30:00,20:20-20:30,13.664999999999964,92.163592499999766,1
2025-12-29,2025-12-29 16:10:00,2025-12-29 16:30:00,16:10-16:30,20.035706128398715,85.855663545546918,2
2025-12-29,2025-12-29 16:50:00,2025-12-29 17:00:00,16:50-17:00,2.7016666666668243,12.51412000000073,1
2025-12-30,2025-12-30 04:00:00,2025-12-30 04:10:00,04:00-04:10,0.9454166666665742,2.0803893749997964,1
2025-12-31,2025-12-31 01:40:00,2025-12-31 01:50:00,01:40-01:50,16.798118205353227,36.393123091897763,1
2025-12-31,2025-12-31 02:50:00,2025-12-31 03:00:00,02:50-03:00,16.219980999212527,35.335228606784483,1
2025-12-31,2025-12-31 04:50:00,2025-12-31 05:10:00,04:50-05:10,51.698733509307729,112.76739840910609,2
