date,interval,charge_kwh,discharge_kwh,soc_at_0000,soc_at_2400
2025-02-01,00:00-04:00,2299.1722788260413,0,8482.7663850000008,8597.6406132099673
2025-02-01,04:00-08:00,275.53173784062039,6556.7101147542489,8482.7663850000008,8597.6406132099673
2025-02-01,08:00-12:00,5237.7816386754603,677.72728333333328,8482.7663850000008,8597.6406132099673
2025-02-01,12:00-16:00,3693.622556494392,262.26091544706463,8482.7663850000008,8597.6406132099673
2025-02-01,16:00-20:00,220.32658352417184,5762.2237407375333,8482.7663850000008,8597.6406132099673
2025-02-01,20:00-24:00,7647.4503756726554,2330.538128875859,8482.7663850000008,8597.6406132099673
2025-02-02,00:00-04:00,1847.8999177394412,45.636833287405921,8597.6406132099673,8704.6403151203231
2025-02-02,04:00-08:00,1649.6878682324784,1503.5808506218282,8597.6406132099673,8704.6403151203231
2025-02-02,08:00-12:00,5826.6196809971307,6335.4896367260171,8597.6406132099673,8704.6403151203231
2025-02-02,12:00-16:00,4512.6821446518643,1342.3572171959433,8597.6406132099673,8704.6403151203231
2025-02-02,16:00-20:00,1.6140747275009439,5270.1182718531991,8597.6406132099673,8704.6403151203231
2025-02-02,20:00-24:00,7724.5882703008992,2872.6219434822387,8597.6406132099673,8704.6403151203231
2025-02-03,00:00-04:00,1682.1528932298934,54.552333333333422,8704.6403151203231,8504.6963178199676
2025-02-03,04:00-08:00,1739.2333866312688,1484.476485541325,8704.6403151203231,8504.6963178199676
2025-02-03,08:00-12:00,5790.3682114982021,6710.8624608156088,8704.6403151203231,8504.6963178199676
2025-02-03,12:00-16:00,5245.3643683564624,1574.5512802878488,8704.6403151203231,8504.6963178199676
2025-02-03,16:00-20:00,88.623980305635158,5455.713684393013,8704.6403151203231,8504.6963178199676
2025-02-03,20:00-24:00,7661.6581025309679,2887.7881166666662,8704.6403151203231,8504.6963178199676
2025-02-04,00:00-04:00,2293.761241138197,11.693333333333385,8504.6963178199676,8604.5832796342456
2025-02-04,04:00-08:00,1268.5716530595794,1515.3530222583136,8504.6963178199676,8604.5832796342456
2025-02-04,08:00-12:00,5726.8202249751648,7172.331741379985,8504.6963178199676,8604.5832796342456
2025-02-04,12:00-16:00,6485.5403988951293,2201.0313839336281,8504.6963178199676,8604.5832796342456
2025-02-04,16:00-20:00,292.09850864408486,5268.010657384335,8504.6963178199676,8604.5832796342456
2025-02-04,20:00-24:00,7579.2516435228072,2894.9769689678747,8504.6963178199676,8604.5832796342456
2025-02-05,00:00-04:00,1739.6479230534069,17.50941792465801,8604.5832796342456,8246.7995237302566
2025-02-05,04:00-08:00,1809.2898843341698,1618.3298590619129,8604.5832796342456,8246.7995237302566
2025-02-05,08:00-12:00,5594.8074184770285,7271.543485423399,8604.5832796342456,8246.7995237302566
2025-02-05,12:00-16:00,6220.9986145540997,1565.5650069834696,8604.5832796342456,8246.7995237302566
2025-02-05,16:00-20:00,41.29254568666024,5582.8676728953587,8604.5832796342456,8246.7995237302566
2025-02-05,20:00-24:00,7549.6830062875133,2860.3226458630206,8604.5832796342456,8246.7995237302566
2025-02-06,00:00-04:00,2268.8473468330403,0,8246.7995237302566,8753.7631692921132
2025-02-06,04:00-08:00,1565.875939557212,1610.9982170627361,8246.7995237302566,8753.7631692921132
2025-02-06,08:00-12:00,5756.5151360598202,6588.2785968633516,8246.7995237302566,8753.7631692921132
2025-02-06,12:00-16:00,5639.6458797374853,1839.8590422030647,8246.7995237302566,8753.7631692921132
2025-02-06,16:00-20:00,73.362776510152941,5039.0488648065566,8246.7995237302566,8753.7631692921132
2025-02-06,20:00-24:00,7527.9508200697383,2959.6282960602566,8246.7995237302566,8753.7631692921132
2025-02-07,00:00-04:00,1837.8365414055652,34.362242636019516,8753.7631692921132,8249.2399768396117
2025-02-07,04:00-08:00,478.18245893161532,6288.4973333333328,8753.7631692921132,8249.2399768396117
2025-02-07,08:00-12:00,4781.7482658650169,1115.3134500000001,8753.7631692921132,8249.2399768396117
2025-02-07,12:00-16:00,4358.7588740526762,50.410945973599695,8753.7631692921132,8249.2399768396117
2025-02-07,16:00-20:00,64.731909873246821,5869.9774954416125,8753.7631692921132,8249.2399768396117
2025-02-07,20:00-24:00,7418.030587127816,2436.3332019999998,8753.7631692921132,8249.2399768396117
2025-02-08,00:00-04:00,854.69869647018481,88.821376776699537,8249.2399768396117,7924.4169749502407
2025-02-08,04:00-08:00,980.49538333333339,6301.4173823081328,8249.2399768396117,7924.4169749502407
2025-02-08,08:00-12:00,5751.7297148509533,376.85931666666664,8249.2399768396117,7924.4169749502407
2025-02-08,12:00-16:00,3647.2022333194241,59.453065308817997,8249.2399768396117,7924.4169749502407
2025-02-08,16:00-20:00,0.45855469595608156,6231.1150591063133,8249.2399768396117,7924.4169749502407
2025-02-08,20:00-24:00,7496.781162761672,2407.0807553333329,8249.2399768396117,7924.4169749502407
2025-02-09,00:00-04:00,2196.8177699654243,38.513470672911012,7924.4169749502407,7795.0684036193406
2025-02-09,04:00-08:00,1959.1427260634659,2313.140487681314,7924.4169749502407,7795.0684036193406
2025-02-09,08:00-12:00,4971.6695793941071,6863.2408958351789,7924.4169749502407,7795.0684036193406
2025-02-09,12:00-16:00,6168.0558137506068,1856.5272781524686,7924.4169749502407,7795.0684036193406
2025-02-09,16:00-20:00,362.65075845022818,5604.9208443269645,7924.4169749502407,7795.0684036193406
2025-02-09,20:00-24:00,7341.0324501829482,2069.5597067524641,7924.4169749502407,7795.0684036193406
2025-02-10,00:00-04:00,2433.193994306258,3.4953333333332921,7795.0684036193406,7967.5245485163914
2025-02-10,04:00-08:00,2280.0777683061315,2021.4963433694975,7795.0684036193406,7967.5245485163914
2025-02-10,08:00-12:00,5883.7217103172679,4989.0509499999998,7795.0684036193406,7967.5245485163914
2025-02-10,12:00-16:00,3078.161934616136,1358.3948166666667,7795.0684036193406,7967.5245485163914
2025-02-10,16:00-20:00,25.791337125749845,5417.751557617592,7795.0684036193406,7967.5245485163914
2025-02-10,20:00-24:00,7249.1952461858582,3024.215481200059,7795.0684036193406,7967.5245485163914
2025-02-11,00:00-04:00,2119.7349547136041,56.430676102261032,7967.5245485163914,7865.7084838039127
2025-02-11,04:00-08:00,1948.471174591783,2589.0887692581218,7967.5245485163914,7865.7084838039127
2025-02-11,08:00-12:00,5917.2315644685586,5971.7871500000001,7967.5245485163914,7865.7084838039127
2025-02-11,12:00-16:00,5247.9176992659332,1172.4833666666668,7967.5245485163914,7865.7084838039127
2025-02-11,16:00-20:00,71.831305803437317,5687.1832393088043,7967.5245485163914,7865.7084838039127
2025-02-11,20:00-24:00,7422.286628345264,3023.9146519281226,7967.5245485163914,7865.7084838039127
2025-02-12,00:00-04:00,2474.1245955767536,9.6512490346763116,7865.7084838039127,7862.147164824285
2025-02-12,04:00-08:00,1722.8340133315955,2505.9059516214584,7865.7084838039127,7862.147164824285
2025-02-12,08:00-12:00,5873.1584856032132,5488.4248666666663,7865.7084838039127,7862.147164824285
2025-02-12,12:00-16:00,5148.8084221792687,1706.1843324245688,7865.7084838039127,7862.147164824285
2025-02-12,16:00-20:00,69.764241724423556,5585.9805069309778,7865.7084838039127,7862.147164824285
2025-02-12,20:00-24:00,7356.4271942972682,3049.6030121004587,7865.7084838039127,7862.147164824285
2025-02-13,00:00-04:00,2138.4807008833577,93.901312421801208,7862.147164824285,6822.4707597428433
2025-02-13,04:00-08:00,1824.6735484908552,2699.818329029521,7862.147164824285,6822.4707597428433
2025-02-13,08:00-12:00,6016.6051304643406,4285.6052166666668,7862.147164824285,6822.4707597428433
2025-02-13,12:00-16:00,3011.842997657162,799.80551599539899,7862.147164824285,6822.4707597428433
2025-02-13,16:00-20:00,0,5541.5347084550149,7862.147164824285,6822.4707597428433
2025-02-13,20:00-24:00,6118.2274191486304,2994.0058172868185,7862.147164824285,6822.4707597428433
2025-02-14,00:00-04:00,719.62001024188498,52.467931799910048,6822.4707597428433,6500.3778864399173
2025-02-14,04:00-08:00,1051.7414426277178,6186.4276653577199,6822.4707597428433,6500.3778864399173
2025-02-14,08:00-12:00,4634.9977266645674,213.09401666666668,6822.4707597428433,6500.3778864399173
2025-02-14,12:00-16:00,5978.5370304111839,10.819279085464984,6822.4707597428433,6500.3778864399173
2025-02-14,16:00-20:00,49.772380637962897,6267.90333414815,6822.4707597428433,6500.3778864399173
2025-02-14,20:00-24:00,5847.8583050673151,2368.0181443917349,6822.4707597428433,6500.3778864399173
2025-02-15,00:00-04:00,775.11354347241195,92.274273700888159,6500.3778864399173,7576.4607957684657
2025-02-15,04:00-08:00,1129.415870282412,5887.7541404415169,6500.3778864399173,7576.4607957684657
2025-02-15,08:00-12:00,4909.6372055323791,159.00708333333333,6500.3778864399173,7576.4607957684657
2025-02-15,12:00-16:00,5542.2474543915796,188.83502634816782,6500.3778864399173,7576.4607957684657
2025-02-15,16:00-20:00,16.907631622045528,6174.4616029210647,6500.3778864399173,7576.4607957684657
2025-02-15,20:00-24:00,7109.6263543952073,2310.3811832131241,6500.3778864399173,7576.4607957684657
2025-02-16,00:00-04:00,2530.5980215470408,64.426097397559147,7576.4607957684657,7790.6602987707311
2025-02-16,04:00-08:00,2053.0247914949741,3351.5079277196969,7576.4607957684657,7790.6602987707311
2025-02-16,08:00-12:00,5186.3674081000945,6035.6151696383913,7576.4607957684657,7790.6602987707311
2025-02-16,12:00-16:00,5903.1048828450612,839.72365000000002,7576.4607957684657,7790.6602987707311
2025-02-16,16:00-20:00,37.013103981919357,5800.7468325796999,7576.4607957684657,7790.6602987707311
2025-02-16,20:00-24:00,7377.9474781258705,2416.5258756995268,7576.4607957684657,7790.6602987707311
2025-02-17,00:00-04:00,2086.3945286062453,63.389587149816634,7790.6602987707311,7807.9761950322727
2025-02-17,04:00-08:00,2286.1900415579084,3225.5123900537337,7790.6602987707311,7807.9761950322727
2025-02-17,08:00-12:00,5949.6209330696856,4143.1846666666661,7790.6602987707311,7807.9761950322727
2025-02-17,12:00-16:00,3020.0642806878368,666.74614999999994,7790.6602987707311,7807.9761950322727
2025-02-17,16:00-20:00,39.707709305671528,5707.8023990274678,7790.6602987707311,7807.9761950322727
2025-02-17,20:00-24:00,7346.5520036774524,2967.889392959818,7790.6602987707311,7807.9761950322727
2025-02-18,00:00-04:00,2258.2006358736903,65.784010806114566,7807.9761950322727,8077.5325417519216
2025-02-18,04:00-08:00,2121.3712015297424,3396.5883807706318,7807.9761950322727,8077.5325417519216
2025-02-18,08:00-12:00,5878.1705352098725,4380.5646333333334,7807.9761950322727,8077.5325417519216
2025-02-18,12:00-16:00,4056.8047423457315,1061.1865969465211,7807.9761950322727,8077.5325417519216
2025-02-18,16:00-20:00,24.659650075934337,5537.0424298816124,7807.9761950322727,8077.5325417519216
2025-02-18,20:00-24:00,7448.0853794518534,2963.9398732484324,7807.9761950322727,8077.5325417519216
2025-02-19,00:00-04:00,1674.3814014259262,130.06713374518517,8077.5325417519216,7586.4144449575269
2025-02-19,04:00-08:00,2145.7025721762666,3875.2249715419434,8077.5325417519216,7586.4144449575269
2025-02-19,08:00-12:00,5879.8089895874245,5270.3685713987816,8077.5325417519216,7586.4144449575269
2025-02-19,12:00-16:00,5451.3846103668584,1175.7252854568817,8077.5325417519216,7586.4144449575269
2025-02-19,16:00-20:00,190.93611266438757,5496.6787961209866,8077.5325417519216,7586.4144449575269
2025-02-19,20:00-24:00,7128.4710660789015,2695.1961782139861,8077.5325417519216,7586.4144449575269
2025-02-20,00:00-04:00,2759.1999469693574,69.63974079600041,7586.4144449575269,6062.6998211811633
2025-02-20,04:00-08:00,1810.662177806516,3857.7178468101251,7586.4144449575269,6062.6998211811633
2025-02-20,08:00-12:00,5606.8096110312854,4975.8243499960136,7586.4144449575269,6062.6998211811633
2025-02-20,12:00-16:00,4803.0626721850604,338.17593333333343,7586.4144449575269,6062.6998211811633
2025-02-20,16:00-20:00,7.6041471367209397,5477.4591780197197,7586.4144449575269,6062.6998211811633
2025-02-20,20:00-24:00,5243.1749742998345,3039.2420712808462,7586.4144449575269,6062.6998211811633
2025-02-21,00:00-04:00,1129.7096548245436,86.077221003136458,6062.6998211811633,5979.6774363709119
2025-02-21,04:00-08:00,930.7765107387155,5792.6302014598859,6062.6998211811633,5979.6774363709119
2025-02-21,08:00-12:00,3738.2037214183852,125.67031666666668,6062.6998211811633,5979.6774363709119
2025-02-21,12:00-16:00,6877.7890019895185,44.640878242197381,6062.6998211811633,5979.6774363709119
2025-02-21,16:00-20:00,83.492819853904933,5982.4683000050918,6062.6998211811633,5979.6774363709119
2025-02-21,20:00-24:00,4852.2962990913438,2309.1703153645426,6062.6998211811633,5979.6774363709119
2025-02-22,00:00-04:00,669.22964872337832,58.020971800910274,5979.6774363709119,7836.7784672576781
2025-02-22,04:00-08:00,1041.4849132010156,5488.9514042365472,5979.6774363709119,7836.7784672576781
2025-02-22,08:00-12:00,3416.7062400431141,140.41611185512301,5979.6774363709119,7836.7784672576781
2025-02-22,12:00-16:00,7249.960426623551,140.94767947998187,5979.6774363709119,7836.7784672576781
2025-02-22,16:00-20:00,60.745365172406224,6187.3210741194562,5979.6774363709119,7836.7784672576781
2025-02-22,20:00-24:00,7430.4884886972613,2406.5300475030858,5979.6774363709119,7836.7784672576781
2025-02-23,00:00-04:00,2304.0937405418726,57.333399106623347,7836.7784672576781,7644.9127157087123
2025-02-23,04:00-08:00,1899.1008666994971,4207.2310982013532,7836.7784672576781,7644.9127157087123
2025-02-23,08:00-12:00,5274.4744420989055,4839.6393732000124,7836.7784672576781,7644.9127157087123
2025-02-23,12:00-16:00,5035.9967868572166,660.3072017704369,7836.7784672576781,7644.9127157087123
2025-02-23,16:00-20:00,433.12616935640119,5490.7946991613335,7836.7784672576781,7644.9127157087123
2025-02-23,20:00-24:00,7189.7167717018365,2847.945514531451,7836.7784672576781,7644.9127157087123
2025-02-24,00:00-04:00,2736.8617465243465,55.933550000000082,7644.9127157087123,7824.4034514028835
2025-02-24,04:00-08:00,1890.2094114469783,4415.102947342747,7644.9127157087123,7824.4034514028835
2025-02-24,08:00-12:00,5772.032895883749,3639.0998999999993,7644.9127157087123,7824.4034514028835
2025-02-24,12:00-16:00,3806.2474727353374,611.92836588910006,7644.9127157087123,7824.4034514028835
2025-02-24,16:00-20:00,30.394126831642211,5429.7132805660431,7644.9127157087123,7824.4034514028835
2025-02-24,20:00-24:00,7327.6511363134323,3153.0316937631001,7644.9127157087123,7824.4034514028835
2025-02-25,00:00-04:00,2225.1494036244048,85.085018852507801,7824.4034514028835,7767.7191614629364
2025-02-25,04:00-08:00,1929.5660039144013,4684.0803894186374,7824.4034514028835,7767.7191614629364
2025-02-25,08:00-12:00,6294.5082864213928,3066.2635666666665,7824.4034514028835,7767.7191614629364
2025-02-25,12:00-16:00,3004.6884882390341,384.20299890616639,7824.4034514028835,7767.7191614629364
2025-02-25,16:00-20:00,5.8674833333334391,5484.8774187252602,7824.4034514028835,7767.7191614629364
2025-02-25,20:00-24:00,7117.9854232151893,3014.4961902624023,7824.4034514028835,7767.7191614629364
2025-02-26,00:00-04:00,2382.1803219682724,20.212016666666614,7767.7191614629364,7989.0687256583133
2025-02-26,04:00-08:00,1886.7942386102877,4726.6025555369879,7767.7191614629364,7989.0687256583133
2025-02-26,08:00-12:00,5646.0937605321005,3363.2576833333337,7767.7191614629364,7989.0687256583133
2025-02-26,12:00-16:00,4254.1321012437356,870.07606084658767,7767.7191614629364,7989.0687256583133
2025-02-26,16:00-20:00,85.141636887251821,5596.5592962720038,7767.7191614629364,7989.0687256583133
2025-02-26,20:00-24:00,7556.8662589619125,2891.1565173134636,7767.7191614629364,7989.0687256583133
2025-02-27,00:00-04:00,2213.5226757448636,26.154638640060512,7989.0687256583133,5646.7291998707569
2025-02-27,04:00-08:00,1787.7675422820842,5225.1023529384111,7989.0687256583133,5646.7291998707569
2025-02-27,08:00-12:00,6215.2621333333327,4099.9499381158339,7989.0687256583133,5646.7291998707569
2025-02-27,12:00-16:00,5161.3160569090833,591.52964809762375,7989.0687256583133,5646.7291998707569
2025-02-27,16:00-20:00,25.786327396195297,5700.0787463575125,7989.0687256583133,5646.7291998707569
2025-02-27,20:00-24:00,4993.4112248573447,2986.91367708291,7989.0687256583133,5646.7291998707569
2025-02-28,00:00-04:00,897.93309636295839,51.302349999999819,5646.7291998707569,5403.2748524449626
2025-02-28,04:00-08:00,974.61978065685105,5331.1629621719985,5646.7291998707569,5403.2748524449626
2025-02-28,08:00-12:00,2055.211861849351,45.653383333333366,5646.7291998707569,5403.2748524449626
2025-02-28,12:00-16:00,8499.4728112810226,15.626289654463259,5646.7291998707569,5403.2748524449626
2025-02-28,16:00-20:00,61.923886027170056,6211.1808942561947,5646.7291998707569,5403.2748524449626
2025-02-28,20:00-24:00,4608.3218498795559,2413.1444949733309,5646.7291998707569,5403.2748524449626
2025-03-01,00:00-04:00,1297.168148130168,42.838766666666629,5403.2748524449626,7799.1117595204223
2025-03-01,04:00-08:00,1468.0076225971236,4686.9758584959563,5403.2748524449626,7799.1117595204223
2025-03-01,08:00-12:00,2006.3480515574472,11.433066666666642,5403.2748524449626,7799.1117595204223
2025-03-01,12:00-16:00,7078.2296649113387,88.308908878755418,5403.2748524449626,7799.1117595204223
2025-03-01,16:00-20:00,55.562499309590123,6243.1831172211951,5403.2748524449626,7799.1117595204223
2025-03-01,20:00-24:00,7332.3463994671347,2353.513598340819,5403.2748524449626,7799.1117595204223
2025-03-02,00:00-04:00,2524.869768402235,0,7799.1117595204223,7795.2781753485524
2025-03-02,04:00-08:00,1687.8966357215768,4415.7047408820308,7799.1117595204223,7795.2781753485524
2025-03-02,08:00-12:00,4100.3407345582309,4084.2152000000001,7799.1117595204223,7795.2781753485524
2025-03-02,12:00-16:00,2942.1006576678992,1104.0628028873289,7799.1117595204223,7795.2781753485524
2025-03-02,16:00-20:00,56.244034459887303,5497.4938227549837,7799.1117595204223,7795.2781753485524
2025-03-02,20:00-24:00,7358.4133544402357,24.564459282894177,7799.1117595204223,7795.2781753485524
2025-03-03,00:00-04:00,2293.3752430280911,25.54795557240152,7795.2781753485524,7709.5287744947136
2025-03-03,04:00-08:00,1872.3017198494317,4481.107065469967,7795.2781753485524,7709.5287744947136
2025-03-03,08:00-12:00,4529.021853139493,4803.293676702122,7795.2781753485524,7709.5287744947136
2025-03-03,12:00-16:00,4151.8017574564064,1319.5457872621103,7795.2781753485524,7709.5287744947136
2025-03-03,16:00-20:00,113.07338598779791,5680.7524537587369,7795.2781753485524,7709.5287744947136
2025-03-03,20:00-24:00,7260.0938052494394,144.85841141875414,7795.2781753485524,7709.5287744947136
2025-03-04,00:00-04:00,2520.0231345466086,17.921766666666713,7709.5287744947136,7650.8179813853403
2025-03-04,04:00-08:00,1876.6663115857391,4026.8458959909144,7709.5287744947136,7650.8179813853403
2025-03-04,08:00-12:00,4932.6180256537209,4344.739635883021,7709.5287744947136,7650.8179813853403
2025-03-04,12:00-16:00,5047.3977188811523,869.34911856754934,7709.5287744947136,7650.8179813853403
2025-03-04,16:00-20:00,113.65394264511144,5519.5656434491129,7709.5287744947136,7650.8179813853403
2025-03-04,20:00-24:00,7250.4176616453915,2884.4468571569287,7709.5287744947136,7650.8179813853403
2025-03-05,00:00-04:00,2483.9720271763981,12.399183333333326,7650.8179813853403,7835.1817821370159
2025-03-05,04:00-08:00,1837.2850001210231,3707.2972805989471,7650.8179813853403,7835.1817821370159
2025-03-05,08:00-12:00,6060.4122643967157,3157.9047833333329,7650.8179813853403,7835.1817821370159
2025-03-05,12:00-16:00,2682.7378731326894,870.30473949091811,7650.8179813853403,7835.1817821370159
2025-03-05,16:00-20:00,35.158984943670774,5565.7126294852278,7650.8179813853403,7835.1817821370159
2025-03-05,20:00-24:00,7285.4722152653794,3032.3350387607916,7650.8179813853403,7835.1817821370159
2025-03-06,00:00-04:00,2117.9904732234122,55.972766666666871,7835.1817821370159,5137.4402268563472
2025-03-06,04:00-08:00,2182.0330235387883,3507.7444427044197,7835.1817821370159,5137.4402268563472
2025-03-06,08:00-12:00,6114.5824509187678,3131.0269666666668,7835.1817821370159,5137.4402268563472
2025-03-06,12:00-16:00,2264.4282322709128,949.34429010930148,7835.1817821370159,5137.4402268563472
2025-03-06,16:00-20:00,142.86749381780396,5631.092635852111,7835.1817821370159,5137.4402268563472
2025-03-06,20:00-24:00,4218.2266902824003,2955.290272635626,7835.1817821370159,5137.4402268563472
2025-03-07,00:00-04:00,1181.7404915509774,14.010650000000055,5137.4402268563472,4321.2870046267917
2025-03-07,04:00-08:00,1437.9028810815782,4137.6816833333332,5137.4402268563472,4321.2870046267917
2025-03-07,08:00-12:00,7893.4329440206548,0,5137.4402268563472,4321.2870046267917
2025-03-07,12:00-16:00,904.20285515249248,133.0711826487921,5137.4402268563472,4321.2870046267917
2025-03-07,16:00-20:00,157.03259541641518,6210.4469232489373,5137.4402268563472,4321.2870046267917
2025-03-07,20:00-24:00,3327.8349272936757,2310.0662833333331,5137.4402268563472,4321.2870046267917
2025-03-08,00:00-04:00,649.7805064915317,55.772498209902892,4321.2870046267917,8053.2232310638856
2025-03-08,04:00-08:00,815.20114071759735,3940.0209401936027,4321.2870046267917,8053.2232310638856
2025-03-08,08:00-12:00,7298.6548289270795,0,4321.2870046267917,8053.2232310638856
2025-03-08,12:00-16:00,3368.0118377395847,0,4321.2870046267917,8053.2232310638856
2025-03-08,16:00-20:00,74.755511469489392,6134.4878345197867,4321.2870046267917,8053.2232310638856
2025-03-08,20:00-24:00,7327.1469483790079,2333.1522499999996,4321.2870046267917,8053.2232310638856
2025-03-09,00:00-04:00,1615.2634365227855,175.71864869437502,8053.2232310638856,7968.0171090260128
2025-03-09,04:00-08:00,1697.3757828924608,4933.5773152738493,8053.2232310638856,7968.0171090260128
2025-03-09,08:00-12:00,5736.6128948803344,3177.3516666666674,8053.2232310638856,7968.0171090260128
2025-03-09,12:00-16:00,4855.5409589686924,504.1356666666664,8053.2232310638856,7968.0171090260128
2025-03-09,16:00-20:00,6.3932795113780054,5500.9416212892165,8053.2232310638856,7968.0171090260128
2025-03-09,20:00-24:00,7334.4221669174094,2993.90349219469,8053.2232310638856,7968.0171090260128
2025-03-10,00:00-04:00,1469.1303118276692,76.963633333333519,7968.0171090260128,7720.9055930489867
2025-03-10,04:00-08:00,1572.3984456920355,4866.3665013413265,7968.0171090260128,7720.9055930489867
2025-03-10,08:00-12:00,4894.8557660962542,3611.5235570397099,7968.0171090260128,7720.9055930489867
2025-03-10,12:00-16:00,4708.4510508503381,420.0272923406431,7968.0171090260128,7720.9055930489867
2025-03-10,16:00-20:00,248.45812211741918,5816.936275272652,7968.0171090260128,7720.9055930489867
2025-03-10,20:00-24:00,7245.4506589433186,1742.9660330285524,7968.0171090260128,7720.9055930489867
2025-03-11,00:00-04:00,1888.7434108791863,49.581583333333242,7720.9055930489867,7838.7058074148317
2025-03-11,04:00-08:00,1777.6443068321969,4647.3167975615015,7720.9055930489867,7838.7058074148317
2025-03-11,08:00-12:00,5896.9208317414805,2513.6938833333329,7720.9055930489867,7838.7058074148317
2025-03-11,12:00-16:00,3522.0347370773247,770.97723259979512,7720.9055930489867,7838.7058074148317
2025-03-11,16:00-20:00,73.022228108418744,5876.5021286796236,7720.9055930489867,7838.7058074148317
2025-03-11,20:00-24:00,7456.7957066148338,2734.1887707784431,7720.9055930489867,7838.7058074148317
2025-03-12,00:00-04:00,1753.2317302815093,197.5559675114115,7838.7058074148317,7550.3225819396748
2025-03-12,04:00-08:00,1720.1337414645752,4704.2752339022827,7838.7058074148317,7550.3225819396748
2025-03-12,08:00-12:00,6399.3962662193208,2414.2354833333334,7838.7058074148317,7550.3225819396748
2025-03-12,12:00-16:00,2945.4862555411873,420.6859696886973,7838.7058074148317,7550.3225819396748
2025-03-12,16:00-20:00,87.096687583790867,5787.2444110738725,7838.7058074148317,7550.3225819396748
2025-03-12,20:00-24:00,7131.1649321253371,2965.1206241227819,7838.7058074148317,7550.3225819396748
2025-03-13,00:00-04:00,2104.5804826344042,52.700831429314121,7550.3225819396748,3931.5085471666157
2025-03-13,04:00-08:00,1332.4175960955613,4903.0575079182972,7550.3225819396748,3931.5085471666157
2025-03-13,08:00-12:00,4771.6375140737,3366.8636200226979,7550.3225819396748,3931.5085471666157
2025-03-13,12:00-16:00,4940.1909965252962,473.98436953920185,7550.3225819396748,3931.5085471666157
2025-03-13,16:00-20:00,197.33968782442514,5904.7981829861292,7550.3225819396748,3931.5085471666157
2025-03-13,20:00-24:00,3126.0676861522065,1898.0376296776417,7550.3225819396748,3931.5085471666157
2025-03-14,00:00-04:00,731.7528637176606,93.713138139584942,3931.5085471666157,4100.4898524684968
2025-03-14,04:00-08:00,944.20960000000002,3722.1741499216751,3931.5085471666157,4100.4898524684968
2025-03-14,08:00-12:00,7650.6028061635843,0,3931.5085471666157,4100.4898524684968
2025-03-14,12:00-16:00,3031.8604822332873,18.65157489230258,3931.5085471666157,4100.4898524684968
2025-03-14,16:00-20:00,83.197223847587935,6411.7456315410764,3931.5085471666157,4100.4898524684968
2025-03-14,20:00-24:00,3240.3096310571063,2303.9977424192393,3931.5085471666157,4100.4898524684968
2025-03-15,00:00-04:00,558.82814237290222,105.47294723958117,4100.4898524684968,7705.9517580905149
2025-03-15,04:00-08:00,1017.5730917788187,3781.8529196449599,4100.4898524684968,7705.9517580905149
2025-03-15,08:00-12:00,5809.6252953885514,0,4100.4898524684968,7705.9517580905149
2025-03-15,12:00-16:00,4857.0413712781155,3.2937500000000455,4100.4898524684968,7705.9517580905149
2025-03-15,16:00-20:00,43.375143696951866,6165.139301287707,4100.4898524684968,7705.9517580905149
2025-03-15,20:00-24:00,7188.6732478520935,2474.1695635855549,4100.4898524684968,7705.9517580905149
2025-03-16,00:00-04:00,1974.1957637065864,123.12998333333371,7705.9517580905149,8129.6943917678836
2025-03-16,04:00-08:00,1280.2513260863211,5451.8253340485844,7705.9517580905149,8129.6943917678836
2025-03-16,08:00-12:00,6284.0926216964672,2265.9801425748183,7705.9517580905149,8129.6943917678836
2025-03-16,12:00-16:00,4293.4439244271689,578.32786741712721,7705.9517580905149,8129.6943917678836
2025-03-16,16:00-20:00,95.740000069741413,5474.632727695237,7705.9517580905149,8129.6943917678836
2025-03-16,20:00-24:00,7296.118780829509,2916.047932242062,7705.9517580905149,8129.6943917678836
2025-03-17,00:00-04:00,1928.0594771629655,203.2038827193104,8129.6943917678836,8413.6506247337184
2025-03-17,04:00-08:00,1382.0362425852863,4721.1634166253352,8129.6943917678836,8413.6506247337184
2025-03-17,08:00-12:00,6495.8860851352065,1631.6283999999996,8129.6943917678836,8413.6506247337184
2025-03-17,12:00-16:00,1314.5176551771813,48.333815895571277,8129.6943917678836,8413.6506247337184
2025-03-17,16:00-20:00,115.88167560876656,5392.5714257592845,8129.6943917678836,8413.6506247337184
2025-03-17,20:00-24:00,7575.7114666666657,2985.3334572234698,8129.6943917678836,8413.6506247337184
2025-03-18,00:00-04:00,1523.9175223987436,105.93965000000003,8413.6506247337184,8000.7249548645059
2025-03-18,04:00-08:00,963.79896839905655,4929.3027720008149,8413.6506247337184,8000.7249548645059
2025-03-18,08:00-12:00,6307.7178505515312,3194.4648077740308,8413.6506247337184,8000.7249548645059
2025-03-18,12:00-16:00,4350.4936638125973,270.78001666666671,8413.6506247337184,8000.7249548645059
2025-03-18,16:00-20:00,57.690197638967675,5499.230139391856,8413.6506247337184,8000.7249548645059
2025-03-18,20:00-24:00,7313.6464872618635,2990.9001159997615,8413.6506247337184,8000.7249548645059
2025-03-19,00:00-04:00,1951.0656190410325,45.16738000159387,8000.7249548645059,8463.9331250057548
2025-03-19,04:00-08:00,975.33085112671938,4850.1172823204579,8000.7249548645059,8463.9331250057548
2025-03-19,08:00-12:00,6525.4335175414753,3034.7983166666663,8000.7249548645059,8463.9331250057548
2025-03-19,12:00-16:00,3823.0744169949221,303.2420481997043,8000.7249548645059,8463.9331250057548
2025-03-19,16:00-20:00,43.302316666666684,5220.3738057623241,8000.7249548645059,8463.9331250057548
2025-03-19,20:00-24:00,7559.7871211398906,3040.5888263558104,8000.7249548645059,8463.9331250057548
2025-03-20,00:00-04:00,1407.1531257603228,220.80219537997993,8463.9331250057548,3951.4381703020804
2025-03-20,04:00-08:00,980.0202493827361,4760.1323473124958,8463.9331250057548,3951.4381703020804
2025-03-20,08:00-12:00,6042.6926934846069,2777.3772166666663,8463.9331250057548,3951.4381703020804
2025-03-20,12:00-16:00,4062.3325570694929,342.26984891152654,8463.9331250057548,3951.4381703020804
2025-03-20,16:00-20:00,139.72610206477077,5515.4813789078671,8463.9331250057548,3951.4381703020804
2025-03-20,20:00-24:00,2943.5533147900642,3061.3196865218952,8463.9331250057548,3951.4381703020804
2025-03-21,00:00-04:00,470.24916666666667,235.6253035911941,3951.4381703020804,3784.9516630603257
2025-03-21,04:00-08:00,993.15383333333318,3426.0254796806762,3951.4381703020804,3784.9516630603257
2025-03-21,08:00-12:00,5984.2989851769044,0,3951.4381703020804,3784.9516630603257
2025-03-21,12:00-16:00,4682.3676814897617,0,3951.4381703020804,3784.9516630603257
2025-03-21,16:00-20:00,10.68741594893355,6084.8820949335104,3951.4381703020804,3784.9516630603257
2025-03-21,20:00-24:00,2790.2917147293433,2497.454504161602,3951.4381703020804,3784.9516630603257
2025-03-22,00:00-04:00,853.83835761513478,57.885533333333228,3784.9516630603257,8539.3863555531116
2025-03-22,04:00-08:00,912.57759131946545,3394.8161999999998,3784.9516630603257,8539.3863555531116
2025-03-22,08:00-12:00,4935.1060580504081,0,3784.9516630603257,8539.3863555531116
2025-03-22,12:00-16:00,5355.5708776804713,33.570000000000007,3784.9516630603257,8539.3863555531116
2025-03-22,16:00-20:00,99.04985637700679,5915.0927021874431,3784.9516630603257,8539.3863555531116
2025-03-22,20:00-24:00,7524.8349035224692,2261.2362333333335,3784.9516630603257,8539.3863555531116
2025-03-23,00:00-04:00,1388.8021188855773,106.18467311314851,8539.3863555531116,8008.2407216525089
2025-03-23,04:00-08:00,878.78672845095889,5458.3032382500387,8539.3863555531116,8008.2407216525089
2025-03-23,08:00-12:00,6143.3146802270076,2550.7722333333331,8539.3863555531116,8008.2407216525089
2025-03-23,12:00-16:00,4124.5297951097746,3.8885666666666716,8539.3863555531116,8008.2407216525089
2025-03-23,16:00-20:00,23.216958260420597,5677.880128673115,8539.3863555531116,8008.2407216525089
2025-03-23,20:00-24:00,7506.2862167900967,2933.600793630545,8539.3863555531116,8008.2407216525089
2025-03-24,00:00-04:00,2032.1973814783219,139.10334594486164,8008.2407216525089,8007.3083547688384
2025-03-24,04:00-08:00,890.76397693829017,5384.0341161263586,8008.2407216525089,8007.3083547688384
2025-03-24,08:00-12:00,6834.2341713006144,2436.6965833333334,8008.2407216525089,8007.3083547688384
2025-03-24,12:00-16:00,3349.2876190175407,388.30418546203623,8008.2407216525089,8007.3083547688384
2025-03-24,16:00-20:00,234.25771379776131,5372.0745146873915,8008.2407216525089,8007.3083547688384
2025-03-24,20:00-24:00,7287.0664870610281,2989.1503378121065,8008.2407216525089,8007.3083547688384
2025-03-25,00:00-04:00,1821.6398625148577,294.14999487161219,8007.3083547688384,7802.3198549999988
2025-03-25,04:00-08:00,887.24461055133202,5593.2298169114747,8007.3083547688384,7802.3198549999988
2025-03-25,08:00-12:00,5232.9623231469895,2433.3941306924776,8007.3083547688384,7802.3198549999988
2025-03-25,12:00-16:00,5605.032566267053,212.25365064154067,8007.3083547688384,7802.3198549999988
2025-03-25,16:00-20:00,181.4392382674871,5715.5790011109948,8007.3083547688384,7802.3198549999988
2025-03-25,20:00-24:00,7342.4210389697801,3003.1821637350272,8007.3083547688384,7802.3198549999988
2025-03-26,00:00-04:00,2101.4142039337175,140.15833195426785,7802.3198549999988,7949.016575131106
2025-03-26,04:00-08:00,736.17285493857025,5640.0065377785622,7802.3198549999988,7949.016575131106
2025-03-26,08:00-12:00,6569.5467406989255,2230.9748333333328,7802.3198549999988,7949.016575131106
2025-03-26,12:00-16:00,3813.9178468067644,0,7802.3198549999988,7949.016575131106
2025-03-26,16:00-20:00,16.508769490123491,5580.5358199060038,7802.3198549999988,7949.016575131106
2025-03-26,20:00-24:00,7389.585837037037,2984.2858937630003,7802.3198549999988,7949.016575131106
2025-03-27,00:00-04:00,2063.2363033980832,186.64376142379831,7949.016575131106,3287.2162390933299
2025-03-27,04:00-08:00,885.52194941683206,5708.8193750101873,7949.016575131106,3287.2162390933299
2025-03-27,08:00-12:00,5479.073298375637,2361.6196,7949.016575131106,3287.2162390933299
2025-03-27,12:00-16:00,4743.8839401411524,109.45842193284912,7949.016575131106,3287.2162390933299
2025-03-27,16:00-20:00,117.58515390711921,5612.5465798011601,7949.016575131106,3287.2162390933299
2025-03-27,20:00-24:00,2506.4906765254282,3011.1235348950518,7949.016575131106,3287.2162390933299
2025-03-28,00:00-04:00,1049.5619890893524,135.87076258692269,3287.2162390933299,3769.3457245017044
2025-03-28,04:00-08:00,1027.1294316459173,3353.0778917941884,3287.2162390933299,3769.3457245017044
2025-03-28,08:00-12:00,3106.399018659592,0,3287.2162390933299,3769.3457245017044
2025-03-28,12:00-16:00,7471.7910904781147,0,3287.2162390933299,3769.3457245017044
2025-03-28,16:00-20:00,61.056184445828279,5908.4527426372297,3287.2162390933299,3769.3457245017044
2025-03-28,20:00-24:00,2357.2444063621824,2377.9595838657233,3287.2162390933299,3769.3457245017044
2025-03-29,00:00-04:00,304.64996863958362,212.28992353015923,3769.3457245017044,7911.8869508580219
2025-03-29,04:00-08:00,962.08287635692295,2999.4864833333331,3769.3457245017044,7911.8869508580219
2025-03-29,08:00-12:00,2285.4331366173733,0,3769.3457245017044,7911.8869508580219
2025-03-29,12:00-16:00,8224.8281601292765,0,3769.3457245017044,7911.8869508580219
2025-03-29,16:00-20:00,26.31060999750548,6375.4507036199975,3769.3457245017044,7911.8869508580219
2025-03-29,20:00-24:00,7471.1009124759894,2296.7543738113154,3769.3457245017044,7911.8869508580219
2025-03-30,00:00-04:00,2069.427463727196,264.47150500825228,7911.8869508580219,8325.0746183940755
2025-03-30,04:00-08:00,901.08056883601853,5709.4326867017407,7911.8869508580219,8325.0746183940755
2025-03-30,08:00-12:00,5143.0711141881193,2082.7988499999992,7911.8869508580219,8325.0746183940755
2025-03-30,12:00-16:00,5075.7966957559538,273.47249109676932,7911.8869508580219,8325.0746183940755
2025-03-30,16:00-20:00,317.21972713299266,5346.6117552812921,7911.8869508580219,8325.0746183940755
2025-03-30,20:00-24:00,7449.1831409894148,2925.5245667395516,7911.8869508580219,8325.0746183940755
2025-03-31,00:00-04:00,1639.4394276925564,58.977399999999989,8325.0746183940755,8039.7287499560289
2025-03-31,04:00-08:00,1022.565075562156,5785.3879492638771,8325.0746183940755,8039.7287499560289
2025-03-31,08:00-12:00,4727.1664268888053,1297.139983333333,8325.0746183940755,8039.7287499560289
2025-03-31,12:00-16:00,3430.0462733461154,610.64295556503646,8325.0746183940755,8039.7287499560289
2025-03-31,16:00-20:00,133.66336471872143,5598.5652575807981,8325.0746183940755,8039.7287499560289
2025-03-31,20:00-24:00,7611.9708110622541,1943.6273530603899,8325.0746183940755,8039.7287499560289
2025-04-01,00:00-04:00,2027.4458579285529,188.02490087107299,8039.7287499560289,7968.2670454428553
2025-04-01,04:00-08:00,908.23946968990344,5913.3338103514761,8039.7287499560289,7968.2670454428553
2025-04-01,08:00-12:00,2641.6595057764107,1632.0572833333335,8039.7287499560289,7968.2670454428553
2025-04-01,12:00-16:00,3142.6510617440908,407.09027055949798,8039.7287499560289,7968.2670454428553
2025-04-01,16:00-20:00,197.62786747211646,5238.5248575600199,8039.7287499560289,7968.2670454428553
2025-04-01,20:00-24:00,7617.4916004920624,78.727855499999833,8039.7287499560289,7968.2670454428553
2025-04-02,00:00-04:00,2052.0044116061817,121.18260319604849,7968.2670454428553,7884.6092647592859
2025-04-02,04:00-08:00,845.77528432134864,6679.4095741230221,7968.2670454428553,7884.6092647592859
2025-04-02,08:00-12:00,3139.5855849577511,1638.0497172808009,7968.2670454428553,7884.6092647592859
2025-04-02,12:00-16:00,4554.4530667387271,0,7968.2670454428553,7884.6092647592859
2025-04-02,16:00-20:00,669.74272633081841,5463.6996134461224,7968.2670454428553,7884.6092647592859
2025-04-02,20:00-24:00,7450.48956084365,1329.7115087559864,7968.2670454428553,7884.6092647592859
2025-04-03,00:00-04:00,2234.0359493941814,104.10645040494478,7884.6092647592859,3183.7038880884634
2025-04-03,04:00-08:00,971.51691998657805,6415.5400355377678,7884.6092647592859,3183.7038880884634
2025-04-03,08:00-12:00,6007.2883875505022,2092.9996765390633,7884.6092647592859,3183.7038880884634
2025-04-03,12:00-16:00,4720.3718523559701,247.15554496908135,7884.6092647592859,3183.7038880884634
2025-04-03,16:00-20:00,213.00727369166134,5678.2544393795761,7884.6092647592859,3183.7038880884634
2025-04-03,20:00-24:00,2224.8546607198386,2953.3294775692821,7884.6092647592859,3183.7038880884634
2025-04-04,00:00-04:00,621.78544347970342,42.49936035783162,3183.7038880884634,3462.9077605509547
2025-04-04,04:00-08:00,860.01938130572876,2917.3761318324441,3183.7038880884634,3462.9077605509547
2025-04-04,08:00-12:00,540.54732078967595,0,3183.7038880884634,3462.9077605509547
2025-04-04,12:00-16:00,10094.366364191141,0,3183.7038880884634,3462.9077605509547
2025-04-04,16:00-20:00,64.366793746264463,5981.2176456790603,3183.7038880884634,3462.9077605509547
2025-04-04,20:00-24:00,2049.8963496795604,2334.7185159999999,3183.7038880884634,3462.9077605509547
2025-04-05,00:00-04:00,403.07763598394041,236.1206314594333,3462.9077605509547,8031.7339806018526
2025-04-05,04:00-08:00,957.32378464738076,2587.0547654019979,3462.9077605509547,8031.7339806018526
2025-04-05,08:00-12:00,353.11527550883687,0,3462.9077605509547,8031.7339806018526
2025-04-05,12:00-16:00,9924.2097388790644,0,3462.9077605509547,8031.7339806018526
2025-04-05,16:00-20:00,17.688473742208032,6093.3899595915445,3462.9077605509547,8031.7339806018526
2025-04-05,20:00-24:00,7369.7786643382115,2381.8978397119336,3462.9077605509547,8031.7339806018526
2025-04-06,00:00-04:00,2212.7054794531532,84.09860168150783,8031.7339806018526,8138.5246048430354
2025-04-06,04:00-08:00,1002.7681263531887,5969.8918302058491,8031.7339806018526,8138.5246048430354
2025-04-06,08:00-12:00,4956.9650549256439,1729.0060333333331,8031.7339806018526,8138.5246048430354
2025-04-06,12:00-16:00,4529.1801737504175,277.24068466809331,8031.7339806018526,8138.5246048430354
2025-04-06,16:00-20:00,363.83058670593948,5535.2908460154631,8031.7339806018526,8138.5246048430354
2025-04-06,20:00-24:00,7614.3454439128782,3058.9942830106838,8031.7339806018526,8138.5246048430354
2025-04-07,00:00-04:00,2223.3885223400735,88.204707904131283,8138.5246048430354,8154.2215276755387
2025-04-07,04:00-08:00,950.51432822101208,5805.8709489225566,8138.5246048430354,8154.2215276755387
2025-04-07,08:00-12:00,5315.0089392380687,1375.9573333333335,8138.5246048430354,8154.2215276755387
2025-04-07,12:00-16:00,3635.39986054573,155.33159097806268,8138.5246048430354,8154.2215276755387
2025-04-07,16:00-20:00,0,5441.5420006336662,8138.5246048430354,8154.2215276755387
2025-04-07,20:00-24:00,7435.1095630864802,2962.0973705584011,8138.5246048430354,8154.2215276755387
2025-04-08,00:00-04:00,2279.8353975273549,9.5483541513416412,8154.2215276755387,7734.5560715386246
2025-04-08,04:00-08:00,690.99902246325462,6465.7181069773551,8154.2215276755387,7734.5560715386246
2025-04-08,08:00-12:00,5176.8489902530737,2124.5047897036952,8154.2215276755387,7734.5560715386246
2025-04-08,12:00-16:00,5409.0719921321343,86.808557505475505,8154.2215276755387,7734.5560715386246
2025-04-08,16:00-20:00,73.899431063470161,5670.8435841611154,8154.2215276755387,7734.5560715386246
2025-04-08,20:00-24:00,7329.3948560818699,2997.9157665363691,8154.2215276755387,7734.5560715386246
2025-04-09,00:00-04:00,2509.5665344252006,39.08097819798752,7734.5560715386246,7689.3196449188536
2025-04-09,04:00-08:00,948.09628461637158,6230.2503495649025,7734.5560715386246,7689.3196449188536
2025-04-09,08:00-12:00,2968.2980662681116,1890.588895290532,7734.5560715386246,7689.3196449188536
2025-04-09,12:00-16:00,3940.9958749709554,517.09278118934299,7734.5560715386246,7689.3196449188536
2025-04-09,16:00-20:00,318.93925741619984,5352.4993787186522,7734.5560715386246,7689.3196449188536
2025-04-09,20:00-24:00,7219.398215748146,514.48873008681653,7734.5560715386246,7689.3196449188536
2025-04-10,00:00-04:00,2529.848919580792,70.007866666666473,7689.3196449188536,3102.0132946573917
2025-04-10,04:00-08:00,993.07874841206319,6199.6880031656674,7689.3196449188536,3102.0132946573917
2025-04-10,08:00-12:00,4999.4714901913976,1971.0340333333338,7689.3196449188536,3102.0132946573917
2025-04-10,12:00-16:00,5195.6476370982264,133.96580647024078,7689.3196449188536,3102.0132946573917
2025-04-10,16:00-20:00,118.78992741036848,5730.6403539305938,7689.3196449188536,3102.0132946573917
2025-04-10,20:00-24:00,2170.3012140562478,2989.021380435584,7689.3196449188536,3102.0132946573917
2025-04-11,00:00-04:00,583.69520702080536,141.18708401095824,3102.0132946573917,2960.8796324673344
2025-04-11,04:00-08:00,807.76374974105897,2559.7061812118054,3102.0132946573917,2960.8796324673344
2025-04-11,08:00-12:00,562.39123481363094,0,3102.0132946573917,2960.8796324673344
2025-04-11,12:00-16:00,9933.9044998209356,0,3102.0132946573917,2960.8796324673344
2025-04-11,16:00-20:00,91.541096069689758,6237.3034848255011,3102.0132946573917,2960.8796324673344
2025-04-11,20:00-24:00,1695.7010596720406,2265.5709921047014,3102.0132946573917,2960.8796324673344
2025-04-12,00:00-04:00,773.05760368025358,21.282897531048057,2960.8796324673344,8333.2995910603549
2025-04-12,04:00-08:00,1010.904769146488,2047.8981214483065,2960.8796324673344,8333.2995910603549
2025-04-12,08:00-12:00,699.83291666666651,0,2960.8796324673344,8333.2995910603549
2025-04-12,12:00-16:00,8780.8829200853033,0,2960.8796324673344,8333.2995910603549
2025-04-12,16:00-20:00,138.03185281097123,6032.4749075656291,2960.8796324673344,8333.2995910603549
2025-04-12,20:00-24:00,7524.7716958123365,2394.4263348649292,2960.8796324673344,8333.2995910603549
2025-04-13,00:00-04:00,1929.1324302680109,39.07554831323489,8333.2995910603549,7870.1101257966602
2025-04-13,04:00-08:00,916.87580891224309,6170.8127748264696,8333.2995910603549,7870.1101257966602
2025-04-13,08:00-12:00,4539.5673055427105,1701.5809833333331,8333.2995910603549,7870.1101257966602
2025-04-13,12:00-16:00,5122.4487448063201,0,8333.2995910603549,7870.1101257966602
2025-04-13,16:00-20:00,41.061675044255203,5492.3404657488045,8333.2995910603549,7870.1101257966602
2025-04-13,20:00-24:00,7246.7667528748798,3047.7014476486993,8333.2995910603549,7870.1101257966602
2025-04-14,00:00-04:00,2247.7163516388664,16.720756419182862,7870.1101257966602,7874.2121939678918
2025-04-14,04:00-08:00,1040.9241513445299,6086.067990999748,7870.1101257966602,7874.2121939678918
2025-04-14,08:00-12:00,5223.632357532244,1491.0585999999998,7870.1101257966602,7874.2121939678918
2025-04-14,12:00-16:00,4118.2805150422992,0,7870.1101257966602,7874.2121939678918
2025-04-14,16:00-20:00,0,5576.4229763633102,7870.1101257966602,7874.2121939678918
2025-04-14,20:00-24:00,7345.4878096904704,3006.631174914869,7870.1101257966602,7874.2121939678918
2025-04-15,00:00-04:00,2538.725815021191,13.403855793426942,7874.2121939678918,8208.6973058394178
2025-04-15,04:00-08:00,744.2763446398418,5713.4785643612104,7874.2121939678918,8208.6973058394178
2025-04-15,08:00-12:00,6572.3706828046224,845.3337499999999,7874.2121939678918,8208.6973058394178
2025-04-15,12:00-16:00,1515.5477282136048,5.0204666666666826,7874.2121939678918,8208.6973058394178
2025-04-15,16:00-20:00,0,5364.1397189392783,7874.2121939678918,8208.6973058394178
2025-04-15,20:00-24:00,7506.3301962473379,3048.1601647655889,7874.2121939678918,8208.6973058394178
2025-04-16,00:00-04:00,1851.7294224244201,43.327623443590369,8208.6973058394178,7808.9190294110731
2025-04-16,04:00-08:00,996.21324026922468,5856.987368745019,8208.6973058394178,7808.9190294110731
2025-04-16,08:00-12:00,2833.010484052229,1550.03925,8208.6973058394178,7808.9190294110731
2025-04-16,12:00-16:00,5456.5881089053455,111.34334940179384,8208.6973058394178,7808.9190294110731
2025-04-16,16:00-20:00,524.57230526780859,5317.663869604763,8208.6973058394178,7808.9190294110731
2025-04-16,20:00-24:00,7359.3099530715244,2887.7920339226966,8208.6973058394178,7808.9190294110731
2025-04-17,00:00-04:00,2266.0614095918636,56.462650000000167,7808.9190294110731,3123.3571761864264
2025-04-17,04:00-08:00,961.06245224338409,5851.3921617936503,7808.9190294110731,3123.3571761864264
2025-04-17,08:00-12:00,4768.2041381281606,1400.9938499999998,7808.9190294110731,3123.3571761864264
2025-04-17,12:00-16:00,4447.7698366582554,78.087712339863799,7808.9190294110731,3123.3571761864264
2025-04-17,16:00-20:00,47.524020862596004,5646.8635252513213,7808.9190294110731,3123.3571761864264
2025-04-17,20:00-24:00,2076.0972080190659,2982.2482115750408,7808.9190294110731,3123.3571761864264
2025-04-18,00:00-04:00,374.90577384062755,197.12409325361779,3123.3571761864264,3096.585044731687
2025-04-18,04:00-08:00,901.56014047201052,2115.8534837079278,3123.3571761864264,3096.585044731687
2025-04-18,08:00-12:00,184.40283863223866,0,3123.3571761864264,3096.585044731687
2025-04-18,12:00-16:00,9924.2622574177913,0,3123.3571761864264,3096.585044731687
2025-04-18,16:00-20:00,0,5957.6354838694187,3123.3571761864264,3096.585044731687
2025-04-18,20:00-24:00,1763.4179615338976,2403.8065247145214,3123.3571761864264,3096.585044731687
2025-04-19,00:00-04:00,203.94784996236822,233.31850563151261,3096.585044731687,8509.1476538240677
2025-04-19,04:00-08:00,846.24288629652801,2157.015276421454,3096.585044731687,8509.1476538240677
2025-04-19,08:00-12:00,707.43691799750979,0,3096.585044731687,8509.1476538240677
2025-04-19,12:00-16:00,9752.7516566009381,0,3096.585044731687,8509.1476538240677
2025-04-19,16:00-20:00,3.5948098583319279,5775.87409593538,3096.585044731687,8509.1476538240677
2025-04-19,20:00-24:00,7501.0025494018882,2364.6168766237374,3096.585044731687,8509.1476538240677
2025-04-20,00:00-04:00,1766.2666844530509,86.728665895547579,8509.1476538240677,8139.566552580829
2025-04-20,04:00-08:00,888.34224935047098,5765.1677131118895,8509.1476538240677,8139.566552580829
2025-04-20,08:00-12:00,5588.6015849527812,1929.6951026078355,8509.1476538240677,8139.566552580829
2025-04-20,12:00-16:00,3911.5608925691427,2.0062500000000605,8509.1476538240677,8139.566552580829
2025-04-20,16:00-20:00,39.245096915979175,5437.1004327512583,8509.1476538240677,8139.566552580829
2025-04-20,20:00-24:00,7327.3572175889121,2924.2375446749566,8509.1476538240677,8139.566552580829
2025-04-21,00:00-04:00,2319.0908716468934,65.096573214985568,8139.566552580829,7916.7641839537418
2025-04-21,04:00-08:00,839.05628565195673,5246.8806561044203,8139.566552580829,7916.7641839537418
2025-04-21,08:00-12:00,5177.1233183318482,1148.3090333333332,8139.566552580829,7916.7641839537418
2025-04-21,12:00-16:00,2596.4287408260798,0,8139.566552580829,7916.7641839537418
2025-04-21,16:00-20:00,8.2499240312199618,5347.5120521177651,8139.566552580829,7916.7641839537418
2025-04-21,20:00-24:00,7199.2154785354605,3085.4471584028784,8139.566552580829,7916.7641839537418
2025-04-22,00:00-04:00,2378.4660120729041,106.3549927291287,7916.7641839537418,7591.0376844941384
2025-04-22,04:00-08:00,876.92455122667332,5948.2142061781433,7916.7641839537418,7591.0376844941384
2025-04-22,08:00-12:00,5167.5020379230928,1107.84085,7916.7641839537418,7591.0376844941384
2025-04-22,12:00-16:00,3760.6472408478016,111.3449887281789,7916.7641839537418,7591.0376844941384
2025-04-22,16:00-20:00,0,5427.1839198333146,7916.7641839537418,7591.0376844941384
2025-04-22,20:00-24:00,6941.96888552576,3083.8769613978257,7916.7641839537418,7591.0376844941384
2025-04-23,00:00-04:00,2741.7449990310797,54.484332236798309,7591.0376844941384,8497.7839017157312
2025-04-23,04:00-08:00,766.9367954691005,5689.7667782582157,7591.0376844941384,8497.7839017157312
2025-04-23,08:00-12:00,4742.7493559965596,1185.0182021507867,7591.0376844941384,8497.7839017157312
2025-04-23,12:00-16:00,3868.7360058008881,0,7591.0376844941384,8497.7839017157312
2025-04-23,16:00-20:00,14.332963248836235,5156.114762040932,7591.0376844941384,8497.7839017157312
2025-04-23,20:00-24:00,7349.9266045529939,2880.929976334392,7591.0376844941384,8497.7839017157312
2025-04-24,00:00-04:00,1600.6828489645602,62.625799810347985,8497.7839017157312,2501.6319303199393
2025-04-24,04:00-08:00,907.39327353106319,5539.9073442459303,8497.7839017157312,2501.6319303199393
2025-04-24,08:00-12:00,4783.7383998368405,1071.9498091113762,8497.7839017157312,2501.6319303199393
2025-04-24,12:00-16:00,3506.3057759681474,0,8497.7839017157312,2501.6319303199393
2025-04-24,16:00-20:00,5.713027123110237,5479.6291587725345,8497.7839017157312,2501.6319303199393
2025-04-24,20:00-24:00,1244.2825983816315,3001.3985605983621,8497.7839017157312,2501.6319303199393
2025-04-25,00:00-04:00,535.85002221153275,75.522374600157207,2501.6319303199393,2084.0619022973624
2025-04-25,04:00-08:00,951.71465291714298,1725.1824794586355,2501.6319303199393,2084.0619022973624
2025-04-25,08:00-12:00,0,0,2501.6319303199393,2084.0619022973624
2025-04-25,12:00-16:00,9955.9367036007643,0,2501.6319303199393,2084.0619022973624
2025-04-25,16:00-20:00,3.8520833333332876,6093.4507479031345,2501.6319303199393,2084.0619022973624
2025-04-25,20:00-24:00,1030.214038743032,2588.4870989110959,2501.6319303199393,2084.0619022973624
2025-04-26,00:00-04:00,571.08585163573093,79.364966053711456,2084.0619022973624,7587.6690153194486
2025-04-26,04:00-08:00,1135.0773975904624,1616.8882695418351,2084.0619022973624,7587.6690153194486
2025-04-26,08:00-12:00,0,0,2084.0619022973624,7587.6690153194486
2025-04-26,12:00-16:00,10072.352211919388,0,2084.0619022973624,7587.6690153194486
2025-04-26,16:00-20:00,0,6318.1692262418146,2084.0619022973624,7587.6690153194486
2025-04-26,20:00-24:00,7102.0929975072959,2325.6239879515911,2084.0619022973624,7587.6690153194486
2025-04-27,00:00-04:00,2910.1688177203569,64.185097953034756,7587.6690153194486,7711.0378353975766
2025-04-27,04:00-08:00,760.56749878664971,5881.5890549129899,7587.6690153194486,7711.0378353975766
2025-04-27,08:00-12:00,5908.5793824543889,1439.9780988155983,7587.6690153194486,7711.0378353975766
2025-04-27,12:00-16:00,3108.1536070807215,0,7587.6690153194486,7711.0378353975766
2025-04-27,16:00-20:00,39.770384850711025,6010.212223827215,7587.6690153194486,7711.0378353975766
2025-04-27,20:00-24:00,7253.1519670746329,2677.1208293744958,7587.6690153194486,7711.0378353975766
2025-04-28,00:00-04:00,2822.723445166851,94.656610112923204,7711.0378353975766,7941.1243419187476
2025-04-28,04:00-08:00,726.31675020981788,5415.5081176721687,7711.0378353975766,7941.1243419187476
2025-04-28,08:00-12:00,1700.9670419276217,1744.8181465028938,7711.0378353975766,7941.1243419187476
2025-04-28,12:00-16:00,3410.4592398989998,162.5454525164117,7711.0378353975766,7941.1243419187476
2025-04-28,16:00-20:00,199.25252767515275,5577.98487918721,7711.0378353975766,7941.1243419187476
2025-04-28,20:00-24:00,7537.3500962324442,79.034910039162767,7711.0378353975766,7941.1243419187476
2025-04-29,00:00-04:00,2448.3033338840082,25.423527006857398,7941.1243419187476,8048.0835757031182
2025-04-29,04:00-08:00,764.89110269286039,4806.7853423541546,7941.1243419187476,8048.0835757031182
2025-04-29,08:00-12:00,6193.1293534729311,748.44524999999999,7941.1243419187476,8048.0835757031182
2025-04-29,12:00-16:00,672.4348662886398,182.98205498078551,7941.1243419187476,8048.0835757031182
2025-04-29,16:00-20:00,151.63938680735237,5797.457614292618,7941.1243419187476,8048.0835757031182
2025-04-29,20:00-24:00,7611.5314521657601,2794.6057921620068,7941.1243419187476,8048.0835757031182
2025-04-30,00:00-04:00,1165.8887732569351,66.535366920834235,8048.0835757031182,8488.7432466235132
2025-04-30,04:00-08:00,1316.3027670213828,5603.6505363080923,8048.0835757031182,8488.7432466235132
2025-04-30,08:00-12:00,4093.4863671171884,583.3332666666663,8048.0835757031182,8488.7432466235132
2025-04-30,12:00-16:00,4202.4010453980509,0,8048.0835757031182,8488.7432466235132
2025-04-30,16:00-20:00,13.92135367890099,5128.5123761041687,8048.0835757031182,8488.7432466235132
2025-04-30,20:00-24:00,7439.8129052761296,2989.1434516882423,8048.0835757031182,8488.7432466235132
2025-05-01,00:00-04:00,747.58853765370247,99.432969221244434,8488.7432466235132,1515.0347908514029
2025-05-01,04:00-08:00,1031.7320109508296,6018.1122060593316,8488.7432466235132,1515.0347908514029
2025-05-01,08:00-12:00,5698.2666387479458,1354.3049430372223,8488.7432466235132,1515.0347908514029
2025-05-01,12:00-16:00,4337.8628405182862,23.2088786070045,8488.7432466235132,1515.0347908514029
2025-05-01,16:00-20:00,48.479313969765485,6260.7359827206674,8488.7432466235132,1515.0347908514029
2025-05-01,20:00-24:00,731.92011713288798,2723.1806923178897,8488.7432466235132,1515.0347908514029
2025-05-02,00:00-04:00,776.53751271922579,105.8490415115743,1515.0347908514029,1648.3355358921417
2025-05-02,04:00-08:00,933.32460393967983,1562.6705847484027,1515.0347908514029,1648.3355358921417
2025-05-02,08:00-12:00,0,0,1515.0347908514029,1648.3355358921417
2025-05-02,12:00-16:00,9297.5285856450009,0,1515.0347908514029,1648.3355358921417
2025-05-02,16:00-20:00,42.052749999999982,6967.3521396530705,1515.0347908514029,1648.3355358921417
2025-05-02,20:00-24:00,784.29043990747527,829.48201624151056,1515.0347908514029,1648.3355358921417
2025-05-03,00:00-04:00,753.53268772921831,183.70818471313845,1648.3355358921417,7512.3927090806201
2025-05-03,04:00-08:00,1418.7811681565181,1631.7390518572361,1648.3355358921417,7512.3927090806201
2025-05-03,08:00-12:00,10237.4951,0,1648.3355358921417,7512.3927090806201
2025-05-03,12:00-16:00,0,0,1648.3355358921417,7512.3927090806201
2025-05-03,16:00-20:00,10.60424846604981,6944.6437511912809,1648.3355358921417,7512.3927090806201
2025-05-03,20:00-24:00,7090.4389587312635,1766.0478084659831,1648.3355358921417,7512.3927090806201
2025-05-04,00:00-04:00,2311.7918212478926,77.528760703784201,7512.3927090806201,7469.3066867833932
2025-05-04,04:00-08:00,845.22459629213824,5078.4093123592138,7512.3927090806201,7469.3066867833932
2025-05-04,08:00-12:00,4619.7096995336933,844.72166666666658,7512.3927090806201,7469.3066867833932
2025-05-04,12:00-16:00,3284.3927737375125,0,7512.3927090806201,7469.3066867833932
2025-05-04,16:00-20:00,0,6081.6098188465503,7512.3927090806201,7469.3066867833932
2025-05-04,20:00-24:00,6973.1247137099426,2564.2451811534534,7512.3927090806201,7469.3066867833932
2025-05-05,00:00-04:00,2408.0579273366957,68.329967360483352,7469.3066867833932,7525.1946517065298
2025-05-05,04:00-08:00,954.15457357995365,6272.6429942741979,7469.3066867833932,7525.1946517065298
2025-05-05,08:00-12:00,4245.8464767688183,1681.3348613952326,7469.3066867833932,7525.1946517065298
2025-05-05,12:00-16:00,5793.1108410362858,0,7469.3066867833932,7525.1946517065298
2025-05-05,16:00-20:00,104.19689736494581,5959.4313285003554,7469.3066867833932,7525.1946517065298
2025-05-05,20:00-24:00,7027.9940574517004,2599.9839066050149,7469.3066867833932,7525.1946517065298
2025-05-06,00:00-04:00,2334.6707380344033,352.03280977592863,7525.1946517065298,7318.493138269112
2025-05-06,04:00-08:00,789.65104147307693,6278.6754268884488,7525.1946517065298,7318.493138269112
2025-05-06,08:00-12:00,4680.0101166666664,1592.667591272558,7525.1946517065298,7318.493138269112
2025-05-06,12:00-16:00,5986.656549999997,0,7525.1946517065298,7318.493138269112
2025-05-06,16:00-20:00,10.224574640542073,5852.8775922779332,7525.1946517065298,7318.493138269112
2025-05-06,20:00-24:00,6798.3257091879022,2795.4043131809062,7525.1946517065298,7318.493138269112
2025-05-07,00:00-04:00,2406.9781582852338,250.6502440058415,7318.493138269112,7499.839044891135
2025-05-07,04:00-08:00,873.59803443904059,6251.0520462750237,7318.493138269112,7499.839044891135
2025-05-07,08:00-12:00,4161.9708999999993,1455.2285654151019,7318.493138269112,7499.839044891135
2025-05-07,12:00-16:00,5622.0856796439557,73.340700354563367,7318.493138269112,7499.839044891135
2025-05-07,16:00-20:00,102.11781267014919,5880.0817286538859,7318.493138269112,7499.839044891135
2025-05-07,20:00-24:00,7045.4482300766285,2298.3164395789222,7318.493138269112,7499.839044891135
2025-05-08,00:00-04:00,2731.5096662973142,96.512285251348771,7499.839044891135,3856.5468239031497
2025-05-08,04:00-08:00,900.1619773622424,5300.8444808285176,7499.839044891135,3856.5468239031497
2025-05-08,08:00-12:00,3639.9003785633677,1345.9257333333335,7499.839044891135,3856.5468239031497
2025-05-08,12:00-16:00,3608.7272592648142,291.95801970923753,7499.839044891135,3856.5468239031497
2025-05-08,16:00-20:00,1443.7293467308309,4935.1530881177659,7499.839044891135,3856.5468239031497
2025-05-08,20:00-24:00,1810.4777704631915,2757.5195745812143,7499.839044891135,3856.5468239031497
2025-05-09,00:00-04:00,153.1344757129888,646.27825142862957,3856.5468239031497,4376.4965728556235
2025-05-09,04:00-08:00,156.93558190069064,1931.2536759627133,3856.5468239031497,4376.4965728556235
2025-05-09,08:00-12:00,1475.7267050826654,0,3856.5468239031497,4376.4965728556235
2025-05-09,12:00-16:00,9111.2893927092209,0,3856.5468239031497,4376.4965728556235
2025-05-09,16:00-20:00,170.12133470434534,5523.8183912764516,3856.5468239031497,4376.4965728556235
2025-05-09,20:00-24:00,2205.5094920450661,2181.5956628205126,3856.5468239031497,4376.4965728556235
2025-05-10,00:00-04:00,143.40323276128993,614.90174786366492,4376.4965728556235,9978.8252842979418
2025-05-10,04:00-08:00,56.074545644387477,1894.5320847222674,4376.4965728556235,9978.8252842979418
2025-05-10,08:00-12:00,1377.6213614590195,0,4376.4965728556235,9978.8252842979418
2025-05-10,12:00-16:00,8658.1933502783559,0,4376.4965728556235,9978.8252842979418
2025-05-10,16:00-20:00,188.72922576674796,5179.0720891179353,4376.4965728556235,9978.8252842979418
2025-05-10,20:00-24:00,7904.5270379507165,2115.5227286250633,4376.4965728556235,9978.8252842979418
2025-05-11,00:00-04:00,232.62005483020164,335.54125740780262,9978.8252842979418,9486.0097863954979
2025-05-11,04:00-08:00,982.86512514362005,4573.0448940535452,9978.8252842979418,9486.0097863954979
2025-05-11,08:00-12:00,3284.8499557653286,1309.3334666666669,9978.8252842979418,9486.0097863954979
2025-05-11,12:00-16:00,4266.2335989155699,143.94381281046077,9978.8252842979418,9486.0097863954979
2025-05-11,16:00-20:00,0,5115.2156659788207,9978.8252842979418,9486.0097863954979
2025-05-11,20:00-24:00,7798.0611770463674,2383.805079672788,9978.8252842979418,9486.0097863954979
2025-05-12,00:00-04:00,574.08021181581921,357.83903219145634,9486.0097863954979,9868.2065137347399
2025-05-12,04:00-08:00,1148.3746504662486,4001.3853975696766,9486.0097863954979,9868.2065137347399
2025-05-12,08:00-12:00,5011.5305054820383,533.24598333333313,9486.0097863954979,9868.2065137347399
2025-05-12,12:00-16:00,766.09068820937728,0,9486.0097863954979,9868.2065137347399
2025-05-12,16:00-20:00,0,5025.1752489105002,9486.0097863954979,9868.2065137347399
2025-05-12,20:00-24:00,7998.4647841404212,2292.195363881975,9486.0097863954979,9868.2065137347399
2025-05-13,00:00-04:00,401.25139358683384,83.774078214712858,9868.2065137347399,9886.322015929456
2025-05-13,04:00-08:00,751.41836054233022,4819.0998392932233,9868.2065137347399,9886.322015929456
2025-05-13,08:00-12:00,4460.9011606908844,1461.5088166666665,9868.2065137347399,9886.322015929456
2025-05-13,12:00-16:00,3279.0178158137014,0,9868.2065137347399,9886.322015929456
2025-05-13,16:00-20:00,0,5050.6644238447407,9868.2065137347399,9886.322015929456
2025-05-13,20:00-24:00,8096.1356089964374,2329.5156051058652,9868.2065137347399,9886.322015929456
2025-05-14,00:00-04:00,349.85518797522644,169.29898833680977,9886.322015929456,10134.399669729184
2025-05-14,04:00-08:00,937.29537736683233,5016.5589240010841,9886.322015929456,10134.399669729184
2025-05-14,08:00-12:00,4560.0802458325934,933.57079999999985,9886.322015929456,10134.399669729184
2025-05-14,12:00-16:00,2722.8172110492742,0,9886.322015929456,10134.399669729184
2025-05-14,16:00-20:00,0,4830.3676214388724,9886.322015929456,10134.399669729184
2025-05-14,20:00-24:00,7999.7835433482032,2248.4973459169069,9886.322015929456,10134.399669729184
2025-05-15,00:00-04:00,127.04113094798652,275.6834427287157,10134.399669729184,4682.7108614370027
2025-05-15,04:00-08:00,993.82513225545438,5611.2182183439008,10134.399669729184,4682.7108614370027
2025-05-15,08:00-12:00,5827.3993616068674,858.70558333333372,10134.399669729184,4682.7108614370027
2025-05-15,12:00-16:00,2218.6516352499948,141.27773177428116,10134.399669729184,4682.7108614370027
2025-05-15,16:00-20:00,262.16588979160792,5080.0756798548709,10134.399669729184,4682.7108614370027
2025-05-15,20:00-24:00,1965.056917742083,2168.8127261789932,10134.399669729184,4682.7108614370027
2025-05-16,00:00-04:00,56.859091981703614,565.00159421059141,4682.7108614370027,4026.0725631702358
2025-05-16,04:00-08:00,80.538244842243216,1985.5563485536986,4682.7108614370027,4026.0725631702358
2025-05-16,08:00-12:00,2296.5021814017864,0,4682.7108614370027,4026.0725631702358
2025-05-16,12:00-16:00,7511.9253798865966,0,4682.7108614370027,4026.0725631702358
2025-05-16,16:00-20:00,39.32648110473508,5027.6081380259739,4682.7108614370027,4026.0725631702358
2025-05-16,20:00-24:00,1432.4770516679232,2261.0874166666663,4682.7108614370027,4026.0725631702358
2025-05-17,00:00-04:00,59.13557953386487,706.47451540765883,4026.0725631702358,9596.3278374861766
2025-05-17,04:00-08:00,138.00203406949794,1360.3402753454443,4026.0725631702358,9596.3278374861766
2025-05-17,08:00-12:00,1983.2112779729962,0,4026.0725631702358,9596.3278374861766
2025-05-17,12:00-16:00,7897.8603478062178,0,4026.0725631702358,9596.3278374861766
2025-05-17,16:00-20:00,123.49712386227017,5397.9730478298243,4026.0725631702358,9596.3278374861766
2025-05-17,20:00-24:00,7914.2223670004314,2195.8846860314052,4026.0725631702358,9596.3278374861766
2025-05-18,00:00-04:00,293.71425792894468,261.94616700774395,9596.3278374861766,10032.76656970783
2025-05-18,04:00-08:00,978.37950373306467,5082.8422380057873,9596.3278374861766,10032.76656970783
2025-05-18,08:00-12:00,4951.4339896290167,1330.2297166666665,9596.3278374861766,10032.76656970783
2025-05-18,12:00-16:00,3354.6488757986472,0,9596.3278374861766,10032.76656970783
2025-05-18,16:00-20:00,0,4669.0114928963376,9596.3278374861766,10032.76656970783
2025-05-18,20:00-24:00,7854.0326365532728,2383.265029974767,9596.3278374861766,10032.76656970783
2025-05-19,00:00-04:00,306.83778693280021,148.28699265656928,10032.76656970783,9345.0121436460504
2025-05-19,04:00-08:00,745.61903620846169,4583.4024963646953,10032.76656970783,9345.0121436460504
2025-05-19,08:00-12:00,5975.2790081703133,855.96669999999995,10032.76656970783,9345.0121436460504
2025-05-19,12:00-16:00,723.08673200227429,0,10032.76656970783,9345.0121436460504
2025-05-19,16:00-20:00,0,4929.1411786712761,10032.76656970783,9345.0121436460504
2025-05-19,20:00-24:00,7787.6024586229541,2688.3058835318739,10032.76656970783,9345.0121436460504
2025-05-20,00:00-04:00,413.98045894546419,39.291264235362519,9345.0121436460504,9398.0944169129598
2025-05-20,04:00-08:00,1159.6103488421431,4624.5631722120934,9345.0121436460504,9398.0944169129598
2025-05-20,08:00-12:00,4993.510977095073,976.46113333333335,9345.0121436460504,9398.0944169129598
2025-05-20,12:00-16:00,2138.9855726235764,144.40926440571985,9345.0121436460504,9398.0944169129598
2025-05-20,16:00-20:00,52.201413981468548,4987.2786544739156,9345.0121436460504,9398.0944169129598
2025-05-20,20:00-24:00,7653.5901972383299,2473.8444300674641,9345.0121436460504,9398.0944169129598
2025-05-21,00:00-04:00,688.18480693237848,83.550249089087401,9398.0944169129598,9810.6710032254632
2025-05-21,04:00-08:00,972.6365188298721,3957.6790873790783,9398.0944169129598,9810.6710032254632
2025-05-21,08:00-12:00,4599.4543724847454,833.27336666666656,9398.0944169129598,9810.6710032254632
2025-05-21,12:00-16:00,1391.452026447671,200.97643138090615,9398.0944169129598,9810.6710032254632
2025-05-21,16:00-20:00,171.96876826097943,4919.8486545979449,9398.0944169129598,9810.6710032254632
2025-05-21,20:00-24:00,7800.9630469665335,2289.3275105420325,9398.0944169129598,9810.6710032254632
2025-05-22,00:00-04:00,262.34406450969482,216.97950258903063,9810.6710032254632,3861.6965292795599
2025-05-22,04:00-08:00,955.026911705148,4546.6169741633739,9810.6710032254632,3861.6965292795599
2025-05-22,08:00-12:00,4771.2640116404682,941.3148847255477,9810.6710032254632,3861.6965292795599
2025-05-22,12:00-16:00,2182.1272779916953,27.729235689654416,9810.6710032254632,3861.6965292795599
2025-05-22,16:00-20:00,77.68171963819394,5208.4791868930779,9810.6710032254632,3861.6965292795599
2025-05-22,20:00-24:00,1739.1086996911247,2502.8749174834516,9810.6710032254632,3861.6965292795599
2025-05-23,00:00-04:00,49.743890225009636,1014.5008181644769,3861.6965292795599,4253.239035613633
2025-05-23,04:00-08:00,105.31840801872067,1448.1924954909541,3861.6965292795599,4253.239035613633
2025-05-23,08:00-12:00,1829.2266181059081,0,3861.6965292795599,4253.239035613633
2025-05-23,12:00-16:00,8765.2992778526168,0,3861.6965292795599,4253.239035613633
2025-05-23,16:00-20:00,138.58249449117943,5412.6365173550266,3861.6965292795599,4253.239035613633
2025-05-23,20:00-24:00,1901.9642125960165,2132.2911833333328,3861.6965292795599,4253.239035613633
2025-05-24,00:00-04:00,67.83184928156291,808.37785359618647,4253.239035613633,10317.829120587532
2025-05-24,04:00-08:00,157.6266272011612,1571.382629325853,4253.239035613633,10317.829120587532
2025-05-24,08:00-12:00,1986.8896551309995,0,4253.239035613633,10317.829120587532
2025-05-24,12:00-16:00,7999.8066225464891,0,4253.239035613633,10317.829120587532
2025-05-24,16:00-20:00,115.88375055654126,4925.9401055727112,4253.239035613633,10317.829120587532
2025-05-24,20:00-24:00,8063.2894206520523,2133.1439545774688,4253.239035613633,10317.829120587532
2025-05-25,00:00-04:00,290.86192092847682,249.5439259580761,10317.829120587532,9521.7141663948678
2025-05-25,04:00-08:00,692.59956492431445,4465.1204959958059,10317.829120587532,9521.7141663948678
2025-05-25,08:00-12:00,5370.308161780913,773.88031666666666,10317.829120587532,9521.7141663948678
2025-05-25,12:00-16:00,957.95693272650567,0,10317.829120587532,9521.7141663948678
2025-05-25,16:00-20:00,0,5067.0547007579007,10317.829120587532,9521.7141663948678
2025-05-25,20:00-24:00,7932.6747422397757,2508.8690907009363,10317.829120587532,9521.7141663948678
2025-05-26,00:00-04:00,541.69545397806905,58.390306505549916,9521.7141663948678,9780.4877799154383
2025-05-26,04:00-08:00,935.65422396063593,5409.6108385495354,9521.7141663948678,9780.4877799154383
2025-05-26,08:00-12:00,2280.2033675702137,1396.1616333333332,9521.7141663948678,9780.4877799154383
2025-05-26,12:00-16:00,5444.0484005529488,0,9521.7141663948678,9780.4877799154383
2025-05-26,16:00-20:00,625.3060825131854,4971.5705709582871,9521.7141663948678,9780.4877799154383
2025-05-26,20:00-24:00,7820.9073586785689,2226.1004571602189,9521.7141663948678,9780.4877799154383
2025-05-27,00:00-04:00,309.25137404287034,139.53907518246945,9780.4877799154383,9829.8304959097277
2025-05-27,04:00-08:00,1032.877324860219,4777.2131704502544,9780.4877799154383,9829.8304959097277
2025-05-27,08:00-12:00,4727.068826770249,949.36821666666663,9780.4877799154383,9829.8304959097277
2025-05-27,12:00-16:00,2305.7178575062867,0,9780.4877799154383,9829.8304959097277
2025-05-27,16:00-20:00,39.358764980620307,4962.1342147355645,9780.4877799154383,9829.8304959097277
2025-05-27,20:00-24:00,7988.271430642917,2413.3987974007468,9780.4877799154383,9829.8304959097277
2025-05-28,00:00-04:00,302.6404025169727,239.69877443924372,9829.8304959097277,10046.727711762711
2025-05-28,04:00-08:00,1070.6180890473779,5322.6004041164342,9829.8304959097277,10046.727711762711
2025-05-28,08:00-12:00,2064.0263888850077,1119.5306597878657,9829.8304959097277,10046.727711762711
2025-05-28,12:00-16:00,5889.8538751368014,0,9829.8304959097277,10046.727711762711
2025-05-28,16:00-20:00,26.050856972409139,5011.9198547672277,9829.8304959097277,10046.727711762711
2025-05-28,20:00-24:00,8270.0265223713795,2385.8478819148022,9829.8304959097277,10046.727711762711
2025-05-29,00:00-04:00,222.22603266303963,286.42945450580032,10046.727711762711,3420.2411667323122
2025-05-29,04:00-08:00,897.60668650832497,5785.9701630111786,10046.727711762711,3420.2411667323122
2025-05-29,08:00-12:00,2546.0154667504503,1542.1679283592439,10046.727711762711,3420.2411667323122
2025-05-29,12:00-16:00,5799.0553732941753,8.3704545576615601,10046.727711762711,3420.2411667323122
2025-05-29,16:00-20:00,407.71993525615181,5245.1774633980885,10046.727711762711,3420.2411667323122
2025-05-29,20:00-24:00,1739.905667980217,2501.8710482818014,10046.727711762711,3420.2411667323122
2025-05-30,00:00-04:00,210.33033966799422,506.26569193879203,3420.2411667323122,3396.0961303435424
2025-05-30,04:00-08:00,170.53016286880779,1500.7812617963637,3420.2411667323122,3396.0961303435424
2025-05-30,08:00-12:00,750.63954372013291,0,3420.2411667323122,3396.0961303435424
2025-05-30,12:00-16:00,9546.0677360592053,0,3420.2411667323122,3396.0961303435424
2025-05-30,16:00-20:00,123.67906927677672,5728.2597952108117,3420.2411667323122,3396.0961303435424
2025-05-30,20:00-24:00,1294.3022514367829,2083.8185572579841,3420.2411667323122,3396.0961303435424
2025-05-31,00:00-04:00,161.8335629912105,719.79021427754219,3396.0961303435424,9413.2448977675376
2025-05-31,04:00-08:00,105.14851045008015,1472.9517825190919,3396.0961303435424,9413.2448977675376
2025-05-31,08:00-12:00,0,0,3396.0961303435424,9413.2448977675376
2025-05-31,12:00-16:00,10666.666666666664,0,3396.0961303435424,9413.2448977675376
2025-05-31,16:00-20:00,73.480670502877572,5514.1087115467217,3396.0961303435424,9413.2448977675376
2025-05-31,20:00-24:00,7812.4013202585684,2121.5352929792662,3396.0961303435424,9413.2448977675376
2025-06-01,00:00-04:00,0,1025.3969396871346,9413.2448977675376,6747.9855437130727
2025-06-01,04:00-08:00,1040.7169759863414,5178.8429023266071,9413.2448977675376,6747.9855437130727
2025-06-01,08:00-12:00,287.06909307909393,2030.6613165259764,9413.2448977675376,6747.9855437130727
2025-06-01,12:00-16:00,1910.4982758403894,1150.0325217237882,9413.2448977675376,6747.9855437130727
2025-06-01,16:00-20:00,0,629.99704710099331,9413.2448977675376,6747.9855437130727
2025-06-01,20:00-24:00,6365.8943209989166,163.18741066735714,9413.2448977675376,6747.9855437130727
2025-06-02,00:00-04:00,2429.7056432500676,416.04844204322131,6747.9855437130727,6738.4752925408802
2025-06-02,04:00-08:00,1055.1343035233413,5421.9577259085199,6747.9855437130727,6738.4752925408802
2025-06-02,08:00-12:00,3749.2310156988269,1977.9011782764837,6747.9855437130727,6738.4752925408802
2025-06-02,12:00-16:00,2416.9713173030277,1036.846260317441,6747.9855437130727,6738.4752925408802
2025-06-02,16:00-20:00,0,3957.7776294140604,6747.9855437130727,6738.4752925408802
2025-06-02,20:00-24:00,6312.7342417257596,128.68697251107369,6747.9855437130727,6738.4752925408802
2025-06-03,00:00-04:00,2447.8533973313106,431.55083448110298,6738.4752925408802,6839.331349140909
2025-06-03,04:00-08:00,1005.7903746446668,5578.0658788725123,6738.4752925408802,6839.331349140909
2025-06-03,08:00-12:00,2945.4222414585556,1772.4625052337233,6738.4752925408802,6839.331349140909
2025-06-03,12:00-16:00,4052.5888855101498,786.42241798610007,6738.4752925408802,6839.331349140909
2025-06-03,16:00-20:00,0,4881.9665948585471,6738.4752925408802,6839.331349140909
2025-06-03,20:00-24:00,6345.4335369590281,64.402950709994641,6738.4752925408802,6839.331349140909
2025-06-04,00:00-04:00,2070.8941670711079,64.209733333333247,6839.331349140909,6922.5787708129983
2025-06-04,04:00-08:00,790.77992542932168,5768.6925999500063,6839.331349140909,6922.5787708129983
2025-06-04,08:00-12:00,3874.7407994633718,1560.4518958688222,6839.331349140909,6922.5787708129983
2025-06-04,12:00-16:00,2718.9398495380929,623.71767201967816,6839.331349140909,6922.5787708129983
2025-06-04,16:00-20:00,0,4717.1636536715087,6839.331349140909,6922.5787708129983
2025-06-04,20:00-24:00,6358.4208564588862,0,6839.331349140909,6922.5787708129983
2025-06-05,00:00-04:00,2152.7669300791758,65.715111980138801,6922.5787708129983,1200
2025-06-05,04:00-08:00,1007.0112275900511,6041.7343329995811,6922.5787708129983,1200
2025-06-05,08:00-12:00,4675.8588015183768,1602.2917564640436,6922.5787708129983,1200
2025-06-05,12:00-16:00,3413.1053094774429,805.26447993612874,6922.5787708129983,1200
2025-06-05,16:00-20:00,0,5746.7964499704867,6922.5787708129983,1200
2025-06-05,20:00-24:00,417.33541447906146,338.04168572803962,6922.5787708129983,1200
2025-06-06,00:00-04:00,1514.1552059484607,32.986647679386593,1200,1200
2025-06-06,04:00-08:00,998.83336334158241,1906.3642244455486,1200,1200
2025-06-06,08:00-12:00,7122.5857302244103,0,1200,1200
2025-06-06,12:00-16:00,3425.3527031089197,0,1200,1200
2025-06-06,16:00-20:00,0,7529.9755843835392,1200,1200
2025-06-06,20:00-24:00,799.15817135859902,1757.342534416925,1200,1200
2025-06-07,00:00-04:00,2039.6946829002843,28.841659151046507,1200,7859.2322494790742
2025-06-07,04:00-08:00,1344.4095606593901,1938.2040796497795,1200,7859.2322494790742
2025-06-07,08:00-12:00,5990.4404841051355,0,1200,7859.2322494790742
2025-06-07,12:00-16:00,3720.573468385594,8.0982263068328919,1200,7859.2322494790742
2025-06-07,16:00-20:00,43.255566032304756,6983.6021590017153,1200,7859.2322494790742
2025-06-07,20:00-24:00,7399.3573162635184,1683.5070248198999,1200,7859.2322494790742
2025-06-08,00:00-04:00,3267.5197228010256,0,7859.2322494790742,8961.0123148218518
2025-06-08,04:00-08:00,525.59879365209781,3363.342133224683,7859.2322494790742,8961.0123148218518
2025-06-08,08:00-12:00,4521.3896835800188,724.71853333333331,7859.2322494790742,8961.0123148218518
2025-06-08,12:00-16:00,410.0359806434729,332.12914432121312,7859.2322494790742,8961.0123148218518
2025-06-08,16:00-20:00,154.29442385916434,5557.9849961412438,7859.2322494790742,8961.0123148218518
2025-06-08,20:00-24:00,7791.0143846294577,2532.8040553948717,7859.2322494790742,8961.0123148218518
2025-06-09,00:00-04:00,2043.3196501979432,88.908183333333568,8961.0123148218518,9621.8450357571382
2025-06-09,04:00-08:00,878.03199828646393,3839.5527913275787,8961.0123148218518,9621.8450357571382
2025-06-09,08:00-12:00,5339.5648060708954,2292.6109666666662,8961.0123148218518,9621.8450357571382
2025-06-09,12:00-16:00,2570.0967881423376,896.95986859717539,8961.0123148218518,9621.8450357571382
2025-06-09,16:00-20:00,0,4886.2401240424733,8961.0123148218518,9621.8450357571382
2025-06-09,20:00-24:00,8127.5911600414765,2757.4481834096982,8961.0123148218518,9621.8450357571382
2025-06-10,00:00-04:00,1309.0610713809524,23.495899999999892,9621.8450357571382,9902.7694214897056
2025-06-10,04:00-08:00,1300.094885627115,3386.736698324562,9621.8450357571382,9902.7694214897056
2025-06-10,08:00-12:00,5488.5541727503914,3020.4630833333331,9621.8450357571382,9902.7694214897056
2025-06-10,12:00-16:00,2429.0909601301851,1035.6737333333331,9621.8450357571382,9902.7694214897056
2025-06-10,16:00-20:00,0,4749.0416000498644,9621.8450357571382,9902.7694214897056
2025-06-10,20:00-24:00,8189.84514322205,2692.2404866192605,9621.8450357571382,9902.7694214897056
2025-06-11,00:00-04:00,1016.3752679496339,15.756446379936733,9902.7694214897056,9962.9147359760573
2025-06-11,04:00-08:00,888.83281356296186,3502.6932612782111,9902.7694214897056,9962.9147359760573
2025-06-11,08:00-12:00,5699.7841884313602,4679.9398524881972,9902.7694214897056,9962.9147359760573
2025-06-11,12:00-16:00,5506.7212503491664,1614.590870631818,9902.7694214897056,9962.9147359760573
2025-06-11,16:00-20:00,0,4868.6386724661024,9902.7694214897056,9962.9147359760573
2025-06-11,20:00-24:00,8224.1236478977153,2546.278219952595,9902.7694214897056,9962.9147359760573
2025-06-12,00:00-04:00,943.36807113771533,73.437183333333337,9962.9147359760573,9210.3912711343437
2025-06-12,04:00-08:00,1301.1197576692812,2766.3011720181867,9962.9147359760573,9210.3912711343437
2025-06-12,08:00-12:00,5418.1660102543974,2613.6345166666665,9962.9147359760573,9210.3912711343437
2025-06-12,12:00-16:00,2054.9951440329241,1664.5460666666665,9962.9147359760573,9210.3912711343437
2025-06-12,16:00-20:00,101.16130162254832,4754.5087217206074,9962.9147359760573,9210.3912711343437
2025-06-12,20:00-24:00,6619.9417109386841,2120.232574433081,9962.9147359760573,9210.3912711343437
2025-06-13,00:00-04:00,709.89213784373965,151.72213298818906,9210.3912711343437,9230.3696092598439
2025-06-13,04:00-08:00,152.70633927987777,3014.6886907431121,9210.3912711343437,9230.3696092598439
2025-06-13,08:00-12:00,4829.8934937122594,13.859816666666726,9210.3912711343437,9230.3696092598439
2025-06-13,12:00-16:00,0,0,9210.3912711343437,9230.3696092598439
2025-06-13,16:00-20:00,25.936750822256727,4541.9871766275373,9210.3912711343437,9230.3696092598439
2025-06-13,20:00-24:00,6939.4284766571936,2512.6260092969596,9210.3912711343437,9230.3696092598439
2025-06-14,00:00-04:00,609.89676057090401,234.51351296296315,9230.3696092598439,10134.04753553423
2025-06-14,04:00-08:00,287.27955698943089,1883.0571645017549,9230.3696092598439,10134.04753553423
2025-06-14,08:00-12:00,3461.1422369221987,0,9230.3696092598439,10134.04753553423
2025-06-14,12:00-16:00,0,0,9230.3696092598439,10134.04753553423
2025-06-14,16:00-20:00,0,4575.8199085309934,9230.3696092598439,10134.04753553423
2025-06-14,20:00-24:00,8093.0311794155714,2578.8925648148147,9230.3696092598439,10134.04753553423
2025-06-15,00:00-04:00,756.04718273974493,22.439933333333329,10134.04753553423,10319.103555806792
2025-06-15,04:00-08:00,1545.7492075924415,2163.1817254096545,10134.04753553423,10319.103555806792
2025-06-15,08:00-12:00,5096.233087151988,3207.4249999999993,10134.04753553423,10319.103555806792
2025-06-15,12:00-16:00,1475.2756584362112,1194.9732833333333,10134.04753553423,10319.103555806792
2025-06-15,16:00-20:00,0,4500.4957690921728,10134.04753553423,10319.103555806792
2025-06-15,20:00-24:00,8264.1930376242162,2626.3073911573292,10134.04753553423,10319.103555806792
2025-06-16,00:00-04:00,547.77224251920245,10.88871666666671,10319.103555806792,10234.044962229653
2025-06-16,04:00-08:00,1271.97180455844,2385.3464511465509,10319.103555806792,10234.044962229653
2025-06-16,08:00-12:00,5785.065295622484,3330.8535999999995,10319.103555806792,10234.044962229653
2025-06-16,12:00-16:00,1850.1278806584378,1498.6035833333331,10319.103555806792,10234.044962229653
2025-06-16,16:00-20:00,0,4688.5095829773263,10319.103555806792,10234.044962229653
2025-06-16,20:00-24:00,8268.5776583434599,2518.3978542741884,10319.103555806792,10234.044962229653
2025-06-17,00:00-04:00,699.50598846910702,57.240316666666672,10234.044962229653,9934.3121167149948
2025-06-17,04:00-08:00,1431.7989223657933,2183.7239632901428,10234.044962229653,9934.3121167149948
2025-06-17,08:00-12:00,4482.1879047413795,2606.6053666666667,10234.044962229653,9934.3121167149948
2025-06-17,12:00-16:00,2259.1754878623342,1829.9321451684928,10234.044962229653,9934.3121167149948
2025-06-17,16:00-20:00,0,4774.726354635337,10234.044962229653,9934.3121167149948
2025-06-17,20:00-24:00,8270.9045074355126,2703.8253913439353,10234.044962229653,9934.3121167149948
2025-06-18,00:00-04:00,961.87542587222629,0,9934.3121167149948,10094.523113354036
2025-06-18,04:00-08:00,1295.041839147395,1939.5273714409884,9934.3121167149948,10094.523113354036
2025-06-18,08:00-12:00,3936.7888663353087,2298.2555000000002,9934.3121167149948,10094.523113354036
2025-06-18,12:00-16:00,931.38028806584157,754.41803333333314,9934.3121167149948,10094.523113354036
2025-06-18,16:00-20:00,0,4652.0108183003213,9934.3121167149948,10094.523113354036
2025-06-18,20:00-24:00,8242.4978950570621,2659.3416746772664,9934.3121167149948,10094.523113354036
2025-06-19,00:00-04:00,795.64979174654354,9.5471333333332495,10094.523113354036,9024.2913271589605
2025-06-19,04:00-08:00,1712.0919260377984,2291.2492226429995,10094.523113354036,9024.2913271589605
2025-06-19,08:00-12:00,4646.9428755790759,2859.5689666666667,10094.523113354036,9024.2913271589605
2025-06-19,12:00-16:00,602.86384773662326,488.31971666666681,10094.523113354036,9024.2913271589605
2025-06-19,16:00-20:00,0,4903.6887726556797,10094.523113354036,9024.2913271589605
2025-06-19,20:00-24:00,7157.2508374502586,2491.8222112359654,10094.523113354036,9024.2913271589605
2025-06-20,00:00-04:00,965.54584656987686,115.25050661725481,9024.2913271589605,9421.8213939469806
2025-06-20,04:00-08:00,938.50300133169412,1471.3332420475576,9024.2913271589605,9421.8213939469806
2025-06-20,08:00-12:00,2027.7061573104625,0,9024.2913271589605,9421.8213939469806
2025-06-20,12:00-16:00,0,0,9024.2913271589605,9421.8213939469806
2025-06-20,16:00-20:00,12.376744006360241,4377.4642528496406,9024.2913271589605,9421.8213939469806
2025-06-20,20:00-24:00,6798.6680332986962,2379.8427622151739,9024.2913271589605,9421.8213939469806
2025-06-21,00:00-04:00,508.35026337686077,143.51744219973568,9421.8213939469806,10473.44175430957
2025-06-21,04:00-08:00,226.70037588491567,2043.1871523927534,9421.8213939469806,10473.44175430957
2025-06-21,08:00-12:00,3495.8942249853917,0,9421.8213939469806,10473.44175430957
2025-06-21,12:00-16:00,0,0,9421.8213939469806,10473.44175430957
2025-06-21,16:00-20:00,0,4559.815258907257,9421.8213939469806,10473.44175430957
2025-06-21,20:00-24:00,8327.817813955915,2479.6195915184239,9421.8213939469806,10473.44175430957
2025-06-22,00:00-04:00,453.93962767168915,73.788677292683701,10473.44175430957,9870.8356892737356
2025-06-22,04:00-08:00,1545.9429736329707,2221.4360923155291,10473.44175430957,9870.8356892737356
2025-06-22,08:00-12:00,3236.1195477442197,1652.0345499999996,10473.44175430957,9870.8356892737356
2025-06-22,12:00-16:00,1977.4434567901233,1601.7291999999998,10473.44175430957,9870.8356892737356
2025-06-22,16:00-20:00,0,4916.3036093867167,10473.44175430957,9870.8356892737356
2025-06-22,20:00-24:00,8240.7538569811913,2594.9548944216854,10473.44175430957,9870.8356892737356
2025-06-23,00:00-04:00,1056.8266003954366,81.204999999999927,9870.8356892737356,9993.193507979071
2025-06-23,04:00-08:00,1594.8718860770387,2661.5667297951459,9870.8356892737356,9993.193507979071
2025-06-23,08:00-12:00,4610.5064428881569,2303.366383333333,9870.8356892737356,9993.193507979071
2025-06-23,12:00-16:00,1919.2855555555554,1554.6212999999998,9870.8356892737356,9993.193507979071
2025-06-23,16:00-20:00,0,4683.3496921401065,9870.8356892737356,9993.193507979071
2025-06-23,20:00-24:00,8112.3330748953158,2613.7659413439355,9870.8356892737356,9993.193507979071
2025-06-24,00:00-04:00,896.45165780103332,0,9993.193507979071,10173.301822100209
2025-06-24,04:00-08:00,957.91445907425611,3202.6193752532636,9993.193507979071,10173.301822100209
2025-06-24,08:00-12:00,5126.8511085812752,5433.7891432301194,9993.193507979071,10173.301822100209
2025-06-24,12:00-16:00,6161.9808954926784,1283.4561166666665,9993.193507979071,10173.301822100209
2025-06-24,16:00-20:00,0,4650.5111631965847,9993.193507979071,10173.301822100209
2025-06-24,20:00-24:00,8210.9006721366695,2564.3467413439325,9993.193507979071,10173.301822100209
2025-06-25,00:00-04:00,711.85422281210595,30.382612815384618,10173.301822100209,10043.675782393009
2025-06-25,04:00-08:00,1221.6444420026125,2921.9307793894568,10173.301822100209,10043.675782393009
2025-06-25,08:00-12:00,4991.609359773187,3418.7752342351287,10173.301822100209,10043.675782393009
2025-06-25,12:00-16:00,3272.3242221813739,1324.8031333333333,10173.301822100209,10043.675782393009
2025-06-25,16:00-20:00,0,4716.1157197958482,10173.301822100209,10043.675782393009
2025-06-25,20:00-24:00,8230.2533727903137,2631.0813080106013,10173.301822100209,10043.675782393009
2025-06-26,00:00-04:00,840.36024178554362,0,10043.675782393009,8499.8933797870322
2025-06-26,04:00-08:00,1087.1888614032659,2890.7211205630711,10043.675782393009,8499.8933797870322
2025-06-26,08:00-12:00,5783.4243372146429,3525.8935666666666,10043.675782393009,8499.8933797870322
2025-06-26,12:00-16:00,1728.7517033118111,548.8708833333335,10043.675782393009,8499.8933797870322
2025-06-26,16:00-20:00,0,4767.1269785067743,10043.675782393009,8499.8933797870322
2025-06-26,20:00-24:00,6200.1768531432226,2325.112230730907,10043.675782393009,8499.8933797870322
2025-06-27,00:00-04:00,1099.6751896064543,0,8499.8933797870322,8559.1448841005968
2025-06-27,04:00-08:00,316.95132623158599,2473.2578165757864,8499.8933797870322,8559.1448841005968
2025-06-27,08:00-12:00,4192.4522184427733,0,8499.8933797870322,8559.1448841005968
2025-06-27,12:00-16:00,0,0,8499.8933797870322,8559.1448841005968
2025-06-27,16:00-20:00,0,4643.3536533771639,8499.8933797870322,8559.1448841005968
2025-06-27,20:00-24:00,6109.5266242722328,2322.132516592807,8499.8933797870322,8559.1448841005968
2025-06-28,00:00-04:00,811.19967451511934,108.0937224121314,8559.1448841005968,10327.949003377093
2025-06-28,04:00-08:00,180.654942643591,3655.4171329830328,8559.1448841005968,10327.949003377093
2025-06-28,08:00-12:00,6144.2940985260157,0,8559.1448841005968,10327.949003377093
2025-06-28,12:00-16:00,0,0,8559.1448841005968,10327.949003377093
2025-06-28,16:00-20:00,0,4623.5869869312519,8559.1448841005968,10327.949003377093
2025-06-28,20:00-24:00,8069.9287063600614,2337.9011621810159,8559.1448841005968,10327.949003377093
2025-06-29,00:00-04:00,576.15324331600982,95.165565900390106,10327.949003377093,10660.351750636897
2025-06-29,04:00-08:00,1186.321753021552,3110.8483040829005,10327.949003377093,10660.351750636897
2025-06-29,08:00-12:00,5785.789576926898,3131.4998444459734,10327.949003377093,10660.351750636897
2025-06-29,12:00-16:00,1232.8372706035284,350.3328821431943,10327.949003377093,10660.351750636897
2025-06-29,16:00-20:00,13.474571693105746,4682.0926381161889,10327.949003377093,10660.351750636897
2025-06-29,20:00-24:00,8810.82951626871,2591.277097559675,10327.949003377093,10660.351750636897
2025-06-30,00:00-04:00,196.91685428468378,33.819227543801077,10660.351750636897,10483.549763536275
2025-06-30,04:00-08:00,868.45655313070972,3920.033415465512,10660.351750636897,10483.549763536275
2025-06-30,08:00-12:00,5847.7307768714891,3212.5016999999998,10660.351750636897,10483.549763536275
2025-06-30,12:00-16:00,2664.2062200578443,465.58366008312692,10660.351750636897,10483.549763536275
2025-06-30,16:00-20:00,0,4675.7294764837079,10660.351750636897,10483.549763536275
2025-06-30,20:00-24:00,8378.042233072927,2395.2899451227154,10660.351750636897,10483.549763536275
2025-07-01,00:00-04:00,196.43313628110792,1066.1234294832439,10483.549763536275,7434.422792327251
2025-07-01,04:00-08:00,1069.1334602190625,4203.5810768043266,10483.549763536275,7434.422792327251
2025-07-01,08:00-12:00,5925.4398597843247,3427.2285248680359,10483.549763536275,7434.422792327251
2025-07-01,12:00-16:00,4298.6566421744046,324.88886577875036,10483.549763536275,7434.422792327251
2025-07-01,16:00-20:00,0,5930.970153064738,10483.549763536275,7434.422792327251
2025-07-01,20:00-24:00,6927.1364359191684,2709.0298469352601,10483.549763536275,7434.422792327251
2025-07-02,00:00-04:00,2449.1335541071812,559.3265439947811,7434.422792327251,7501.120022962964
2025-07-02,04:00-08:00,1579.2465494566882,3695.9732710840453,7434.422792327251,7501.120022962964
2025-07-02,08:00-12:00,6420.6869666666662,1963.8133333333335,7434.422792327251,7501.120022962964
2025-07-02,12:00-16:00,1079.4133025895906,89.936466666666689,7434.422792327251,7501.120022962964
2025-07-02,16:00-20:00,0,6210.3137283322867,7434.422792327251,7501.120022962964
2025-07-02,20:00-24:00,7114.6884000000009,2521.575855001046,7434.422792327251,7501.120022962964
2025-07-03,00:00-04:00,2365.7992541368694,576.00647148305063,7501.120022962964,1200
2025-07-03,04:00-08:00,781.55187601281978,4318.385877337194,7501.120022962964,1200
2025-07-03,08:00-12:00,5671.1584305764545,3138.3924999999999,7501.120022962964,1200
2025-07-03,12:00-16:00,5399.9160913465157,1165.0324743471774,7501.120022962964,1200
2025-07-03,16:00-20:00,0,6229.324921539509,7501.120022962964,1200
2025-07-03,20:00-24:00,0,1760.790554138591,7501.120022962964,1200
2025-07-04,00:00-04:00,863.65537578049771,699.56085438220271,1200,1229.8583802229382
2025-07-04,04:00-08:00,781.23896540469809,632.80356197780554,1200,1229.8583802229382
2025-07-04,08:00-12:00,8024.1881214261502,0,1200,1229.8583802229382
2025-07-04,12:00-16:00,2642.4785452405167,54.602920296422703,1200,1229.8583802229382
2025-07-04,16:00-20:00,1.3378488109685804,7260.4703115977154,1200,1229.8583802229382
2025-07-04,20:00-24:00,691.21626737225029,1859.0230600136254,1200,1229.8583802229382
2025-07-05,00:00-04:00,677.40725291257547,575.57241705983017,1229.8583802229382,6838.9356276433109
2025-07-05,04:00-08:00,776.79071712344455,629.20048086999032,1229.8583802229382,6838.9356276433109
2025-07-05,08:00-12:00,6373.0346328560536,0,1229.8583802229382,6838.9356276433109
2025-07-05,12:00-16:00,4293.6320338106143,93.427239264901473,1229.8583802229382,6838.9356276433109
2025-07-05,16:00-20:00,0,7367.2623009261042,1229.8583802229382,6838.9356276433109
2025-07-05,20:00-24:00,6363.2776289585217,1258.5232743864165,1229.8583802229382,6838.9356276433109
2025-07-06,00:00-04:00,1287.3281685697366,59.134869010508886,6838.9356276433109,6915.9652217654912
2025-07-06,04:00-08:00,908.03366171367043,5107.4700711288988,6838.9356276433109,6915.9652217654912
2025-07-06,08:00-12:00,4660.7824657189558,1691.0160022691341,6838.9356276433109,6915.9652217654912
2025-07-06,12:00-16:00,3066.6819085716879,1447.0162120878672,6838.9356276433109,6915.9652217654912
2025-07-06,16:00-20:00,0,4807.8941360875542,6838.9356276433109,6915.9652217654912
2025-07-06,20:00-24:00,6363.9907609458678,10.463816777210257,6838.9356276433109,6915.9652217654912
2025-07-07,00:00-04:00,751.90569337155443,144.45138208757879,6915.9652217654912,6525.5185742794338
2025-07-07,04:00-08:00,881.45615847131251,4422.2081025265243,6915.9652217654912,6525.5185742794338
2025-07-07,08:00-12:00,4373.4015403102494,1913.6221649675626,6915.9652217654912,6525.5185742794338
2025-07-07,12:00-16:00,3683.2292388424748,221.09709020953355,6915.9652217654912,6525.5185742794338
2025-07-07,16:00-20:00,156.72854289048206,5973.3284203537778,6915.9652217654912,6525.5185742794338
2025-07-07,20:00-24:00,5917.2428603104818,445.50569029168537,6915.9652217654912,6525.5185742794338
2025-07-08,00:00-04:00,3319.3742570499217,0,6525.5185742794338,9705.3795179353383
2025-07-08,04:00-08:00,1585.2725776014047,4135.0922093326335,6525.5185742794338,9705.3795179353383
2025-07-08,08:00-12:00,5709.0284533999838,2354.2013613309646,6525.5185742794338,9705.3795179353383
2025-07-08,12:00-16:00,3036.9016105274122,737.49758849336501,6525.5185742794338,9705.3795179353383
2025-07-08,16:00-20:00,57.473790143827785,4740.1329353986412,6525.5185742794338,9705.3795179353383
2025-07-08,20:00-24:00,7443.3097612912679,2303.8030206652793,6525.5185742794338,9705.3795179353383
2025-07-09,00:00-04:00,1216.2449800718473,0,9705.3795179353383,10800
2025-07-09,04:00-08:00,534.68429859888101,4436.3702283027251,9705.3795179353383,10800
2025-07-09,08:00-12:00,5531.3505470429454,1640.4210711605547,9705.3795179353383,10800
2025-07-09,12:00-16:00,2177.5764842751969,600.53387776950865,9705.3795179353383,10800
2025-07-09,16:00-20:00,0,4348.7668262727893,9705.3795179353383,10800
2025-07-09,20:00-24:00,8082.4492460634001,2198.0170630385642,9705.3795179353383,10800
2025-07-10,00:00-04:00,0,0,10800,5386.8921652592117
2025-07-10,04:00-08:00,53.741492016009701,4944.5190155031132,10800,5386.8921652592117
2025-07-10,08:00-12:00,6071.5510472518235,2219.6753833333328,10800,5386.8921652592117
2025-07-10,12:00-16:00,3438.5669448923909,716.01754342991399,10800,5386.8921652592117
2025-07-10,16:00-20:00,164.79723468713732,4819.7747029881175,10800,5386.8921652592117
2025-07-10,20:00-24:00,3011.4281232953067,2491.2791281477903,10800,5386.8921652592117
2025-07-11,00:00-04:00,1497.3091835567523,37.349999999999909,5386.8921652592117,5694.2595355850299
2025-07-11,04:00-08:00,533.21714382684308,2659.264693035183,5386.8921652592117,5694.2595355850299
2025-07-11,08:00-12:00,4122.4740543493763,0,5386.8921652592117,5694.2595355850299
2025-07-11,12:00-16:00,3190.7178211088753,0,5386.8921652592117,5694.2595355850299
2025-07-11,16:00-20:00,0,4738.0680062411166,5386.8921652592117,5694.2595355850299
2025-07-11,20:00-24:00,2995.7117068270159,2283.6248942622387,5386.8921652592117,5694.2595355850299
2025-07-12,00:00-04:00,1280.2048141825653,45.510733333333292,5694.2595355850299,10470.903610887721
2025-07-12,04:00-08:00,811.10098078279748,2553.2953599605348,5694.2595355850299,10470.903610887721
2025-07-12,08:00-12:00,5281.4344317116511,0,5694.2595355850299,10470.903610887721
2025-07-12,12:00-16:00,1572.5541321682247,133.70346666666651,5694.2595355850299,10470.903610887721
2025-07-12,16:00-20:00,217.56220566646977,4853.7606290740114,5694.2595355850299,10470.903610887721
2025-07-12,20:00-24:00,8592.7344566722968,2496.7788703520755,5694.2595355850299,10470.903610887721
2025-07-13,00:00-04:00,365.66265456919973,0,10470.903610887721,10800
2025-07-13,04:00-08:00,233.41112887323709,4447.1962230063255,10470.903610887721,10800
2025-07-13,08:00-12:00,5675.0130789630985,1747.2014486345151,10470.903610887721,10800
2025-07-13,12:00-16:00,2171.642273232012,350.45617802452045,10470.903610887721,10800
2025-07-13,16:00-20:00,0,4696.7156313805081,10470.903610887721,10800
2025-07-13,20:00-24:00,8586.4657134891931,2258.3215965457393,10470.903610887721,10800
2025-07-14,00:00-04:00,0,0,10800,10800
2025-07-14,04:00-08:00,235.85182049042839,4457.6206361244804,10800,10800
2025-07-14,08:00-12:00,4725.473149193982,1537.9148999368877,10800,10800
2025-07-14,12:00-16:00,2563.2188102639288,99.344925696782013,10800,10800
2025-07-14,16:00-20:00,149.72643188478696,4786.7759249497512,10800,10800
2025-07-14,20:00-24:00,8623.9583648820608,2319.9087604313968,10800,10800
2025-07-15,00:00-04:00,0,0,10800,10800
2025-07-15,04:00-08:00,258.05023334604425,5186.556866546216,10800,10800
2025-07-15,08:00-12:00,4415.7105599720344,1152.1088748908296,10800,10800
2025-07-15,12:00-16:00,3531.4827691964338,472.7695486381923,10800,10800
2025-07-15,16:00-20:00,237.36188469797736,4612.11010359387,10800,10800
2025-07-15,20:00-24:00,8279.884514330146,2121.6714751804275,10800,10800
2025-07-16,00:00-04:00,0,0,10800,10739.082400511768
2025-07-16,04:00-08:00,0,5460.3694313007672,10800,10739.082400511768
2025-07-16,08:00-12:00,4946.2460918004226,1197.0075166666668,10800,10739.082400511768
2025-07-16,12:00-16:00,3678.8433847863062,387.23165708419833,10800,10739.082400511768
2025-07-16,16:00-20:00,144.18621871372457,4674.9361748084011,10800,10739.082400511768
2025-07-16,20:00-24:00,8653.884817331018,2448.041074910866,10800,10739.082400511768
2025-07-17,00:00-04:00,79.769145657989611,27.538835110229684,10739.082400511768,5649.8680281286333
2025-07-17,04:00-08:00,43.500176163003061,5403.0875166666665,10739.082400511768,5649.8680281286333
2025-07-17,08:00-12:00,4452.5860502481009,2272.8394812891493,10739.082400511768,5649.8680281286333
2025-07-17,12:00-16:00,5302.6827538912985,654.65676666666661,10739.082400511768,5649.8680281286333
2025-07-17,16:00-20:00,568.37514866781737,4483.6310369990015,10739.082400511768,5649.8680281286333
2025-07-17,20:00-24:00,2892.9408425572519,2543.8211333333347,10739.082400511768,5649.8680281286333
2025-07-18,00:00-04:00,1641.9814890356774,0,5649.8680281286333,5449.8184999078867
2025-07-18,04:00-08:00,777.80399909274706,2218.7839331927871,5649.8680281286333,5449.8184999078867
2025-07-18,08:00-12:00,3122.4944380774814,0,5649.8680281286333,5449.8184999078867
2025-07-18,12:00-16:00,2919.3283551237423,121.38368127606537,5649.8680281286333,5449.8184999078867
2025-07-18,16:00-20:00,168.25004530186959,4514.7663678460303,5649.8680281286333,5449.8184999078867
2025-07-18,20:00-24:00,2861.2097683267657,2632.8757499999997,5649.8680281286333,5449.8184999078867
2025-07-19,00:00-04:00,1732.8012864339498,0,5449.8184999078867,10748.646566391446
2025-07-19,04:00-08:00,665.00169119889961,1784.5846688271827,5449.8184999078867,10748.646566391446
2025-07-19,08:00-12:00,4297.5234762120535,0,5449.8184999078867,10748.646566391446
2025-07-19,12:00-16:00,1452.5106065379202,0,5449.8184999078867,10748.646566391446
2025-07-19,16:00-20:00,15.478470617718912,4579.9027016292293,5449.8184999078867,10748.646566391446
2025-07-19,20:00-24:00,8648.6206576265849,2484.2356824963585,5449.8184999078867,10748.646566391446
2025-07-20,00:00-04:00,57.059370676169962,0,10748.646566391446,10800
2025-07-20,04:00-08:00,0,5413.5595718787918,10748.646566391446,10800
2025-07-20,08:00-12:00,2770.8180297935432,1559.9775714973143,10748.646566391446,10800
2025-07-20,12:00-16:00,4759.843749184065,341.19808707403297,10748.646566391446,10800
2025-07-20,16:00-20:00,1500.9355605365718,4328.9745377838435,10748.646566391446,10800
2025-07-20,20:00-24:00,8316.7942914375781,2408.4874528369455,10748.646566391446,10800
2025-07-21,00:00-04:00,0,0,10800,10800
2025-07-21,04:00-08:00,0,5320.4298758544819,10800,10800
2025-07-21,08:00-12:00,4741.5653566360479,1959.5588667891766,10800,10800
2025-07-21,12:00-16:00,4025.2123674619843,354.48508843249476,10800,10800
2025-07-21,16:00-20:00,658.49861056387874,4306.8941431551229,10800,10800
2025-07-21,20:00-24:00,7911.9214524695153,2101.7622333451845,10800,10800
2025-07-22,00:00-04:00,0,0,10800,10800
2025-07-22,04:00-08:00,0,5361.6993096439974,10800,10800
2025-07-22,08:00-12:00,4029.9731599524789,1429.3331843734793,10800,10800
2025-07-22,12:00-16:00,4664.6588422172363,784.99158439429198,10800,10800
2025-07-22,16:00-20:00,658.48414401765399,4388.8754010768316,10800,10800
2025-07-22,20:00-24:00,8133.4081624235469,2199.1852104862414,10800,10800
2025-07-23,00:00-04:00,0,0,10800,10703.918579167319
2025-07-23,04:00-08:00,0,6125.6371920021593,10800,10703.918579167319
2025-07-23,08:00-12:00,4143.6153112998727,1985.9966931760891,10800,10703.918579167319
2025-07-23,12:00-16:00,5301.3094562192136,866.02807033553404,10800,10703.918579167319
2025-07-23,16:00-20:00,1554.4946627326954,4711.5716401784139,10800,10703.918579167319
2025-07-23,20:00-24:00,8391.7743215718365,2104.1066220343491,10800,10703.918579167319
2025-07-24,00:00-04:00,106.75713425853462,0,10703.918579167319,5788.581710483606
2025-07-24,04:00-08:00,27.811772906073504,5467.8142477401889,10703.918579167319,5788.581710483606
2025-07-24,08:00-12:00,4853.0992293556337,1142.4290833333332,10703.918579167319,5788.581710483606
2025-07-24,12:00-16:00,3710.7875727067972,1243.3213100069311,10703.918579167319,5788.581710483606
2025-07-24,16:00-20:00,1179.5971383022365,4754.9280700021773,10703.918579167319,5788.581710483606
2025-07-24,20:00-24:00,2786.8509093288512,2073.8825137877916,10703.918579167319,5788.581710483606
2025-07-25,00:00-04:00,1417.5617558992612,0.64126666666663823,5788.581710483606,5464.63257490671
2025-07-25,04:00-08:00,609.05239503479152,2488.9416165262846,5788.581710483606,5464.63257490671
2025-07-25,08:00-12:00,4847.2324283037924,0,5788.581710483606,5464.63257490671
2025-07-25,12:00-16:00,1767.9550797222851,0,5788.581710483606,5464.63257490671
2025-07-25,16:00-20:00,0,4578.8857833333332,5788.581710483606,5464.63257490671
2025-07-25,20:00-24:00,2814.8327787029307,2502.9594500000012,5788.581710483606,5464.63257490671
2025-07-26,00:00-04:00,1650.2092169199479,36.486916795678212,5464.63257490671,10677.867917056941
2025-07-26,04:00-08:00,845.22372188066106,2362.997358814082,5464.63257490671,10677.867917056941
2025-07-26,08:00-12:00,4138.2830087652928,0,5464.63257490671,10677.867917056941
2025-07-26,12:00-16:00,2256.7963465004209,0,5464.63257490671,10677.867917056941
2025-07-26,16:00-20:00,0,4613.1399067985785,5464.63257490671,10677.867917056941
2025-07-26,20:00-24:00,8684.1038368100544,2530.9030756663178,5464.63257490671,10677.867917056941
2025-07-27,00:00-04:00,171.79086879036345,29.231729071442032,10677.867917056941,10800
2025-07-27,04:00-08:00,0,6136.8112152998256,10677.867917056941,10800
2025-07-27,08:00-12:00,5731.8165873022681,2503.1887847001749,10677.867917056941,10800
2025-07-27,12:00-16:00,5748.9463500468764,703.30056250104826,10677.867917056941,10800
2025-07-27,16:00-20:00,54.176028701537383,4460.4387336266846,10677.867917056941,10800
2025-07-27,20:00-24:00,8012.9599674288766,2030.0588399907056,10677.867917056941,10800
2025-07-28,00:00-04:00,0,0,10800,8893.4221235989207
2025-07-28,04:00-08:00,0,5658.0635182370534,10800,8893.4221235989207
2025-07-28,08:00-12:00,3990.4268851175384,2981.9364817629489,10800,8893.4221235989207
2025-07-28,12:00-16:00,3614.3810965825851,698.94643503995565,10800,8893.4221235989207
2025-07-28,16:00-20:00,1084.7495954062492,4393.4076478119514,10800,8893.4221235989207
2025-07-28,20:00-24:00,8548.246803998798,1946.1875546042559,10800,8893.4221235989207
2025-07-29,00:00-04:00,2118.4198626678658,0,8893.4221235989207,10551.551081108728
2025-07-29,04:00-08:00,28.463821880743382,4909.1004834776122,8893.4221235989207,10551.551081108728
2025-07-29,08:00-12:00,3879.904412531283,2700.9162362740435,8893.4221235989207,10551.551081108728
2025-07-29,12:00-16:00,5674.2715638593791,628.94049237500758,8893.4221235989207,10551.551081108728
2025-07-29,16:00-20:00,588.9123154652176,4501.574907057312,8893.4221235989207,10551.551081108728
2025-07-29,20:00-24:00,7947.0224045030627,2159.1172675923135,8893.4221235989207,10551.551081108728
2025-07-30,00:00-04:00,717.92587763935762,360.67892915138827,10551.551081108728,10800
2025-07-30,04:00-08:00,294.10273165278682,4514.5060678585087,10551.551081108728,10800
2025-07-30,08:00-12:00,5534.2555584043866,2726.8333792989442,10551.551081108728,10800
2025-07-30,12:00-16:00,3430.9439860241582,255.93240120277542,10551.551081108728,10800
2025-07-30,16:00-20:00,8.6068513562289208,4240.6877299835169,10551.551081108728,10800
2025-07-30,20:00-24:00,7934.751221176447,2193.4323087679522,10551.551081108728,10800
2025-07-31,00:00-04:00,87.491115551053525,89.984246969856002,10800,4892.2967783800341
2025-07-31,04:00-08:00,508.88211217104208,4077.0299438870343,10800,4892.2967783800341
2025-07-31,08:00-12:00,5841.8259822177761,2697.5916499999994,10800,4892.2967783800341
2025-07-31,12:00-16:00,3233.6843286177859,969.61982537481072,10800,4892.2967783800341
2025-07-31,16:00-20:00,0,4739.390734604026,10800,4892.2967783800341
2025-07-31,20:00-24:00,2616.6638997153364,2697.039923623367,10800,4892.2967783800341
2025-08-01,00:00-04:00,375.78186840430294,419.25071009563351,4892.2967783800341,3129.5525322178592
2025-08-01,04:00-08:00,207.44230421177087,2023.9784263711419,4892.2967783800341,3129.5525322178592
2025-08-01,08:00-12:00,6629.6266802238788,0,4892.2967783800341,3129.5525322178592
2025-08-01,12:00-16:00,2367.596105091834,0,4892.2967783800341,3129.5525322178592
2025-08-01,16:00-20:00,106.22698632520223,5321.5530669103546,4892.2967783800341,3129.5525322178592
2025-08-01,20:00-24:00,1570.2216601667676,2939.7730577520697,4892.2967783800341,3129.5525322178592
2025-08-02,00:00-04:00,708.82359249248941,222.59885973253034,3129.5525322178592,8757.1325276831449
2025-08-02,04:00-08:00,1105.63771915452,1819.843497935185,3129.5525322178592,8757.1325276831449
2025-08-02,08:00-12:00,6493.3551732360102,0,3129.5525322178592,8757.1325276831449
2025-08-02,12:00-16:00,2736.4366986622204,41.205165950913724,3129.5525322178592,8757.1325276831449
2025-08-02,16:00-20:00,76.850071974486681,5074.1733672125429,3129.5525322178592,8757.1325276831449
2025-08-02,20:00-24:00,7522.8601047555712,2878.9674350730611,3129.5525322178592,8757.1325276831449
2025-08-03,00:00-04:00,1308.0582274709489,107.6457502464666,8757.1325276831449,7524.2052238007063
2025-08-03,04:00-08:00,1293.3430094739592,4475.1626174564508,8757.1325276831449,7524.2052238007063
2025-08-03,08:00-12:00,6368.6443508593111,844.34783333333337,8757.1325276831449,7524.2052238007063
2025-08-03,12:00-16:00,0,0,8757.1325276831449,7524.2052238007063
2025-08-03,16:00-20:00,24.387704460016721,5775.2023208802975,8757.1325276831449,7524.2052238007063
2025-08-03,20:00-24:00,7035.5427577530936,2891.5566520916886,8757.1325276831449,7524.2052238007063
2025-08-04,00:00-04:00,2878.7958148625667,233.75896131042907,7524.2052238007063,8077.3618615075875
2025-08-04,04:00-08:00,1380.6308759017261,4608.4724811492924,7524.2052238007063,8077.3618615075875
2025-08-04,08:00-12:00,6519.3664051687338,940.37566666666669,7524.2052238007063,8077.3618615075875
2025-08-04,12:00-16:00,7.4622016460913674,12.014840502397703,7524.2052238007063,8077.3618615075875
2025-08-04,16:00-20:00,41.483464328567152,5680.9676799948293,7524.2052238007063,8077.3618615075875
2025-08-04,20:00-24:00,7211.3497940231491,2638.2311267441664,7524.2052238007063,8077.3618615075875
2025-08-05,00:00-04:00,2036.4647776543532,33.14771512036998,8077.3618615075875,8233.4996912461647
2025-08-05,04:00-08:00,1303.9678903718691,4823.2844777633582,8077.3618615075875,8233.4996912461647
2025-08-05,08:00-12:00,6196.6025962789354,1338.1039833333332,8077.3618615075875,8233.4996912461647
2025-08-05,12:00-16:00,1179.9628437527442,35.85796666666662,8077.3618615075875,8233.4996912461647
2025-08-05,16:00-20:00,42.444456828826318,5342.4956334359131,8077.3618615075875,8233.4996912461647
2025-08-05,20:00-24:00,7031.1702437418962,2696.9825519048254,8077.3618615075875,8233.4996912461647
2025-08-06,00:00-04:00,2074.564955087661,140.67621594652348,8233.4996912461647,7518.249984394798
2025-08-06,04:00-08:00,1194.9197912577504,4681.515229691875,8233.4996912461647,7518.249984394798
2025-08-06,08:00-12:00,7026.080506353991,1218.9787333333334,8233.4996912461647,7518.249984394798
2025-08-06,12:00-16:00,622.49166728893329,1102.943328509215,8233.4996912461647,7518.249984394798
2025-08-06,16:00-20:00,406.75250229572896,5505.1143530420031,8233.4996912461647,7518.249984394798
2025-08-06,20:00-24:00,6956.4868663120415,2802.3468694061207,8233.4996912461647,7518.249984394798
2025-08-07,00:00-04:00,2452.3185222074235,148.80263177674306,7518.249984394798,2517.2035881001771
2025-08-07,04:00-08:00,1125.1078848249163,5625.4822260325491,7518.249984394798,2517.2035881001771
2025-08-07,08:00-12:00,6973.747788802626,1111.0658000000001,7518.249984394798,2517.2035881001771
2025-08-07,12:00-16:00,1621.0835319549167,20.603087655834912,7518.249984394798,2517.2035881001771
2025-08-07,16:00-20:00,0,5532.6760317860517,7518.249984394798,2517.2035881001771
2025-08-07,20:00-24:00,1126.7690347658736,2834.5236570841485,7518.249984394798,2517.2035881001771
2025-08-08,00:00-04:00,898.05867679887899,55.85369447434141,2517.2035881001771,2713.7492300351096
2025-08-08,04:00-08:00,1318.14735393295,2156.3938833333332,2517.2035881001771,2713.7492300351096
2025-08-08,08:00-12:00,2932.4640948736951,0,2517.2035881001771,2713.7492300351096
2025-08-08,12:00-16:00,6785.6068478728903,0,2517.2035881001771,2713.7492300351096
2025-08-08,16:00-20:00,76.836994690937786,5391.5172309894479,2517.2035881001771,2713.7492300351096
2025-08-08,20:00-24:00,1287.6130631101764,2991.3130087978593,2517.2035881001771,2713.7492300351096
2025-08-09,00:00-04:00,529.12676518762339,189.17828275032457,2713.7492300351096,7704.1118143821641
2025-08-09,04:00-08:00,966.11215756502179,2137.6456413847968,2713.7492300351096,7704.1118143821641
2025-08-09,08:00-12:00,1704.6244750165065,0,2713.7492300351096,7704.1118143821641
2025-08-09,12:00-16:00,8657.4818085314946,0,2713.7492300351096,7704.1118143821641
2025-08-09,16:00-20:00,28.847184744231324,5537.3360992915841,2713.7492300351096,7704.1118143821641
2025-08-09,20:00-24:00,6977.7446258780756,2924.3026343685347,2713.7492300351096,7704.1118143821641
2025-08-10,00:00-04:00,2302.7395602939864,71.779816666666648,7704.1118143821641,8484.944906414099
2025-08-10,04:00-08:00,1172.9912712837449,4826.6060773594236,7704.1118143821641,8484.944906414099
2025-08-10,08:00-12:00,5935.2349209824306,1090.8280000000002,7704.1118143821641,8484.944906414099
2025-08-10,12:00-16:00,1435.8126561832328,96.454014417167684,7704.1118143821641,8484.944906414099
2025-08-10,16:00-20:00,243.18207949882989,5311.2760196053423,7704.1118143821641,8484.944906414099
2025-08-10,20:00-24:00,7274.3759653837187,2775.4188165596647,7704.1118143821641,8484.944906414099
2025-08-11,00:00-04:00,1307.3146588459447,112.97147323220042,8484.944906414099,7839.4210913871966
2025-08-11,04:00-08:00,1039.2103938745358,5296.3395022372615,8484.944906414099,7839.4210913871966
2025-08-11,08:00-12:00,5494.3026151535869,1596.6784000000002,8484.944906414099,7839.4210913871966
2025-08-11,12:00-16:00,3477.3166033565094,78.157899999999998,8484.944906414099,7839.4210913871966
2025-08-11,16:00-20:00,85.009569883709091,5822.592142037739,8484.944906414099,7839.4210913871966
2025-08-11,20:00-24:00,7192.9725278732585,2737.0943748969294,8484.944906414099,7839.4210913871966
2025-08-12,00:00-04:00,2182.7519946872471,116.72774098533091,7839.4210913871966,7831.0725811894972
2025-08-12,04:00-08:00,948.23018017966285,4950.8457514546317,7839.4210913871966,7831.0725811894972
2025-08-12,08:00-12:00,3248.7688166666662,949.41016666666678,7839.4210913871966,7831.0725811894972
2025-08-12,12:00-16:00,4472.9461838472753,817.8315867693268,7839.4210913871966,7831.0725811894972
2025-08-12,16:00-20:00,158.38811306576554,6251.3881740166653,7839.4210913871966,7831.0725811894972
2025-08-12,20:00-24:00,7427.3010489270446,1856.4031725579757,7839.4210913871966,7831.0725811894972
2025-08-13,00:00-04:00,2235.783352963459,227.33982157073297,7831.0725811894972,7971.0687221607395
2025-08-13,04:00-08:00,978.14076681381982,5425.9725338380103,7831.0725811894972,7971.0687221607395
2025-08-13,08:00-12:00,3101.1236769100124,1041.2793666666666,7831.0725811894972,7971.0687221607395
2025-08-13,12:00-16:00,5311.3591362405186,50.763216666666722,7831.0725811894972,7971.0687221607395
2025-08-13,16:00-20:00,12.90642811469661,5789.343015007109,7831.0725811894972,7971.0687221607395
2025-08-13,20:00-24:00,7512.9695210178534,2852.6546538455918,7831.0725811894972,7971.0687221607395
2025-08-14,00:00-04:00,2151.2375126811639,276.12484999999981,7971.0687221607395,2388.3903057262141
2025-08-14,04:00-08:00,1137.0003843767151,5952.2848922375597,7971.0687221607395,2388.3903057262141
2025-08-14,08:00-12:00,4521.7097227711301,1730.0984544686057,7971.0687221607395,2388.3903057262141
2025-08-14,12:00-16:00,5158.6281169135782,0,7971.0687221607395,2388.3903057262141
2025-08-14,16:00-20:00,40.825857059342752,6133.8765576131209,7971.0687221607395,2388.3903057262141
2025-08-14,20:00-24:00,1394.8886113007313,2599.5008866049475,7971.0687221607395,2388.3903057262141
2025-08-15,00:00-04:00,533.97802504801996,200.7754497208158,2388.3903057262141,2414.1004583074796
2025-08-15,04:00-08:00,900.95317079250822,2031.0700940636048,2388.3903057262141,2414.1004583074796
2025-08-15,08:00-12:00,305.58019804288102,0,2388.3903057262141,2414.1004583074796
2025-08-15,12:00-16:00,10361.086468623786,0,2388.3903057262141,2414.1004583074796
2025-08-15,16:00-20:00,76.878484866911776,5512.171540901546,2388.3903057262141,2414.1004583074796
2025-08-15,20:00-24:00,1271.0355786265777,3126.9484380514536,2388.3903057262141,2414.1004583074796
2025-08-16,00:00-04:00,499.75599416134162,249.58011284306224,2414.1004583074796,7936.0951277418271
2025-08-16,04:00-08:00,955.90478746669487,2022.1955327523779,2414.1004583074796,7936.0951277418271
2025-08-16,08:00-12:00,0,0,2414.1004583074796,7936.0951277418271
2025-08-16,12:00-16:00,10666.666666666668,0,2414.1004583074796,7936.0951277418271
2025-08-16,16:00-20:00,118.57563902103843,5946.7907164771113,2414.1004583074796,7936.0951277418271
2025-08-16,20:00-24:00,7418.4547915591211,2735.7183173251697,2414.1004583074796,7936.0951277418271
2025-08-17,00:00-04:00,2018.3753962579499,166.34425000000044,7936.0951277418271,7848.2769472148257
2025-08-17,04:00-08:00,983.04522586779069,5920.7473751122197,7936.0951277418271,7848.2769472148257
2025-08-17,08:00-12:00,5363.142858080344,985.53868333333321,7936.0951277418271,7848.2769472148257
2025-08-17,12:00-16:00,3579.2347439397736,24.331868080232823,7936.0951277418271,7848.2769472148257
2025-08-17,16:00-20:00,63.660702856897032,5989.2900413818015,7936.0951277418271,7848.2769472148257
2025-08-17,20:00-24:00,7434.7369388536836,2740.9627959104273,7936.0951277418271,7848.2769472148257
2025-08-18,00:00-04:00,2124.878570246698,188.38455627981523,7848.2769472148257,7905.1334608236994
2025-08-18,04:00-08:00,880.08858504189686,5772.0531665426824,7848.2769472148257,7905.1334608236994
2025-08-18,08:00-12:00,5270.1824105964351,1603.4113666666667,7848.2769472148257,7905.1334608236994
2025-08-18,12:00-16:00,4380.8826083973763,181.84169860708147,7848.2769472148257,7905.1334608236994
2025-08-18,16:00-20:00,62.268283141752022,5827.1254625437432,7848.2769472148257,7905.1334608236994
2025-08-18,20:00-24:00,7488.2149564707761,2743.2903723669174,7848.2769472148257,7905.1334608236994
2025-08-19,00:00-04:00,2136.7944861577703,237.71078010825102,7905.1334608236994,7976.849009954215
2025-08-19,04:00-08:00,1017.7405284128992,5379.9065869375072,7905.1334608236994,7976.849009954215
2025-08-19,08:00-12:00,4558.3387261633634,1131.4490666666663,7905.1334608236994,7976.849009954215
2025-08-19,12:00-16:00,3877.1238844225536,448.46016575534742,7905.1334608236994,7976.849009954215
2025-08-19,16:00-20:00,418.45341291479343,5473.693138723319,7905.1334608236994,7976.849009954215
2025-08-19,20:00-24:00,7303.377573095634,2906.8174426367277,7905.1334608236994,7976.849009954215
2025-08-20,00:00-04:00,2072.3265673080477,85.481428544181654,7976.849009954215,7408.4895393233091
2025-08-20,04:00-08:00,1118.3253063823104,6773.1386352058762,7976.849009954215,7408.4895393233091
2025-08-20,08:00-12:00,2537.46,1824.9720628979237,7976.849009954215,7408.4895393233091
2025-08-20,12:00-16:00,3087.0491127590667,620.10197123255944,7976.849009954215,7408.4895393233091
2025-08-20,16:00-20:00,440.0796416809801,4292.2149198638781,7976.849009954215,7408.4895393233091
2025-08-20,20:00-24:00,6984.7613820540482,70.016134072801833,7976.849009954215,7408.4895393233091
2025-08-21,00:00-04:00,2545.5377329822832,42.223083333333307,7408.4895393233091,2251.7517654937988
2025-08-21,04:00-08:00,883.02785352715773,5420.7688361439696,7408.4895393233091,2251.7517654937988
2025-08-21,08:00-12:00,4104.1145166666665,771.23170000000016,7408.4895393233091,2251.7517654937988
2025-08-21,12:00-16:00,2760.0492571965478,366.19807491972426,7408.4895393233091,2251.7517654937988
2025-08-21,16:00-20:00,714.03546727532409,5580.7197371591992,7408.4895393233091,2251.7517654937988
2025-08-21,20:00-24:00,1272.2624143863,2405.9346309381026,7408.4895393233091,2251.7517654937988
2025-08-22,00:00-04:00,868.79081195409242,285.93143943409257,2251.7517654937988,2339.1089370300715
2025-08-22,04:00-08:00,1130.5418060578277,2203.7844333333333,2251.7517654937988,2339.1089370300715
2025-08-22,08:00-12:00,0,0,2251.7517654937988,2339.1089370300715
2025-08-22,12:00-16:00,10508.896192505548,3.3808333333333089,2251.7517654937988,2339.1089370300715
2025-08-22,16:00-20:00,13.222121374596668,6338.8408840518441,2251.7517654937988,2339.1089370300715
2025-08-22,20:00-24:00,1421.6441947517683,2383.3480080462632,2251.7517654937988,2339.1089370300715
2025-08-23,00:00-04:00,1124.4868544798996,88.170307070651347,2339.1089370300715,7543.5004531066415
2025-08-23,04:00-08:00,957.5681673536335,2168.4685166666663,2339.1089370300715,7543.5004531066415
2025-08-23,08:00-12:00,157.2871864390178,0,2339.1089370300715,7543.5004531066415
2025-08-23,12:00-16:00,9947.6217181598586,14.918333333333369,2339.1089370300715,7543.5004531066415
2025-08-23,16:00-20:00,19.693050000000085,5778.9217950516158,2339.1089370300715,7543.5004531066415
2025-08-23,20:00-24:00,7161.0336128531981,2953.3980607301633,2339.1089370300715,7543.5004531066415
2025-08-24,00:00-04:00,2658.4008846051238,79.576318309570183,7543.5004531066415,7939.8262125669999
2025-08-24,04:00-08:00,1058.1743135598008,5990.0537397659809,7543.5004531066415,7939.8262125669999
2025-08-24,08:00-12:00,5989.9151500294784,1280.6909108717159,7543.5004531066415,7939.8262125669999
2025-08-24,12:00-16:00,3211.8006201996432,486.97257760130765,7543.5004531066415,7939.8262125669999
2025-08-24,16:00-20:00,140.61737917589505,5417.7459552572727,7543.5004531066415,7939.8262125669999
2025-08-24,20:00-24:00,7309.4656646220747,2886.6502645553683,7543.5004531066415,7939.8262125669999
2025-08-25,00:00-04:00,2339.7463490420605,150.89819853035453,7939.8262125669999,7664.2250610127157
2025-08-25,04:00-08:00,1028.990944123499,6918.8405099530246,7939.8262125669999,7664.2250610127157
2025-08-25,08:00-12:00,3539.5344413075763,1071.3524499999999,7939.8262125669999,7664.2250610127157
2025-08-25,12:00-16:00,3342.4302541801935,909.14854085272191,7939.8262125669999,7664.2250610127157
2025-08-25,16:00-20:00,314.62145205554043,5573.5158789483858,7939.8262125669999,7664.2250610127157
2025-08-25,20:00-24:00,7188.3150295886353,4.7326190553510514,7939.8262125669999,7664.2250610127157
2025-08-26,00:00-04:00,2831.5422413571605,82.04229994568027,7664.2250610127157,8590.711553604322
2025-08-26,04:00-08:00,843.51407660843688,5980.2664446770304,7664.2250610127157,8590.711553604322
2025-08-26,08:00-12:00,5357.9102105021157,1429.1314,7664.2250610127157,8590.711553604322
2025-08-26,12:00-16:00,3818.2570072796429,109.71201052929281,7664.2250610127157,8590.711553604322
2025-08-26,16:00-20:00,173.79458747143144,5488.7862544468207,7664.2250610127157,8590.711553604322
2025-08-26,20:00-24:00,7663.1024374189783,2833.6014011853163,7664.2250610127157,8590.711553604322
2025-08-27,00:00-04:00,1693.2747803275643,162.95637047406069,8590.711553604322,7757.1533369224517
2025-08-27,04:00-08:00,980.77350000000001,6082.5957154973348,8590.711553604322,7757.1533369224517
2025-08-27,08:00-12:00,4017.6037197438955,2083.4201833333332,8590.711553604322,7757.1533369224517
2025-08-27,12:00-16:00,6159.0407399019778,745.96664560765248,8590.711553604322,7757.1533369224517
2025-08-27,16:00-20:00,238.1288562987105,5638.547011026325,8590.711553604322,7757.1533369224517
2025-08-27,20:00-24:00,7416.3859086627881,2645.934548072275,8590.711553604322,7757.1533369224517
2025-08-28,00:00-04:00,2219.2103728019019,75.481354889366457,7757.1533369224517,2767.3836484058988
2025-08-28,04:00-08:00,1331.9532094933629,6153.6057895609065,7757.1533369224517,2767.3836484058988
2025-08-28,08:00-12:00,2259.9300828710257,1889.2505300137288,7757.1533369224517,2767.3836484058988
2025-08-28,12:00-16:00,5915.5010011401428,187.82774999999992,7757.1533369224517,2767.3836484058988
2025-08-28,16:00-20:00,506.42961242337833,5615.9440827670351,7757.1533369224517,2767.3836484058988
2025-08-28,20:00-24:00,1957.3098962002143,2062.8538941271745,7757.1533369224517,2767.3836484058988
2025-08-29,00:00-04:00,1493.7665726586529,86.18713333333335,2767.3836484058988,3499.5937991390906
2025-08-29,04:00-08:00,1026.6313063269145,3082.021102427515,2767.3836484058988,3499.5937991390906
2025-08-29,08:00-12:00,3530.5338172367669,0,2767.3836484058988,3499.5937991390906
2025-08-29,12:00-16:00,6785.5657756240071,39.534250000000007,2767.3836484058988,3499.5937991390906
2025-08-29,16:00-20:00,131.0321821177439,5249.7631578868022,2767.3836484058988,3499.5937991390906
2025-08-29,20:00-24:00,1805.5621798081033,2849.7096060479498,2767.3836484058988,3499.5937991390906
2025-08-30,00:00-04:00,348.19886574313608,188.06131635652036,3499.5937991390906,7818.3548030851671
2025-08-30,04:00-08:00,982.30210835304274,2158.6162833333328,3499.5937991390906,7818.3548030851671
2025-08-30,08:00-12:00,3702.076601271684,0,3499.5937991390906,7818.3548030851671
2025-08-30,12:00-16:00,5976.1177091564205,45.901666666666642,3499.5937991390906,7818.3548030851671
2025-08-30,16:00-20:00,84.932235320956423,5584.9929811310958,3499.5937991390906,7818.3548030851671
2025-08-30,20:00-24:00,7080.2904265741545,2856.416385560628,3499.5937991390906,7818.3548030851671
2025-08-31,00:00-04:00,2483.7650091490127,0,7818.3548030851671,8434.6875913427648
2025-08-31,04:00-08:00,853.365209645238,5832.6317828758965,7818.3548030851671,8434.6875913427648
2025-08-31,08:00-12:00,5356.1135441912729,948.14801666666676,7818.3548030851671,8434.6875913427648
2025-08-31,12:00-16:00,3291.2846763845064,244.5488686066264,7818.3548030851671,8434.6875913427648
2025-08-31,16:00-20:00,58.684502327014407,5432.8073207354064,7818.3548030851671,8434.6875913427648
2025-08-31,20:00-24:00,7692.2097225233665,2972.8568597021058,7818.3548030851671,8434.6875913427648
2025-09-01,00:00-04:00,2628.1248985080401,0,8434.6875913427648,10800
2025-09-01,04:00-08:00,203.40329938980688,4828.4352892030438,8434.6875913427648,10800
2025-09-01,08:00-12:00,5477.0741928267516,768.98550370370344,8434.6875913427648,10800
2025-09-01,12:00-16:00,1229.9185484090553,0,8434.6875913427648,10800
2025-09-01,16:00-20:00,0,4436.5989499999996,8434.6875913427648,10800
2025-09-01,20:00-24:00,8300.5498355330456,2286.8464167817692,8434.6875913427648,10800
2025-09-02,00:00-04:00,0,0,10800,10789.222669027173
2025-09-02,04:00-08:00,99.584082512425923,5963.1912193003154,10800,10789.222669027173
2025-09-02,08:00-12:00,6398.08505641804,1519.2314301250972,10800,10789.222669027173
2025-09-02,12:00-16:00,2739.8896875206606,0,10800,10789.222669027173
2025-09-02,16:00-20:00,0,4490.6706985779083,10800,10789.222669027173
2025-09-02,20:00-24:00,8420.6500216761506,2339.7554168553188,10800,10789.222669027173
2025-09-03,00:00-04:00,42.299915072688464,24.563333333333389,10789.222669027173,10800
2025-09-03,04:00-08:00,104.04372732434739,5290.7162933133814,10789.222669027173,10800
2025-09-03,08:00-12:00,6002.2685719206156,545.85995000000014,10789.222669027173,10800
2025-09-03,12:00-16:00,1171.5285361213519,58.474833333333358,10789.222669027173,10800
2025-09-03,16:00-20:00,0.84015275481861962,4385.8310903980691,10789.222669027173,10800
2025-09-03,20:00-24:00,8338.3091837916618,2368.8798722045813,10789.222669027173,10800
2025-09-04,00:00-04:00,0,0,10800,6157.611559725915
2025-09-04,04:00-08:00,79.990598366124814,5732.070471782059,10800,6157.611559725915
2025-09-04,08:00-12:00,6566.938023276578,980.39524999999981,10800,6157.611559725915
2025-09-04,12:00-16:00,1681.8976192404928,33.883533333333311,10800,6157.611559725915
2025-09-04,16:00-20:00,0,4462.3934666666664,10800,6157.611559725915
2025-09-04,20:00-24:00,3361.122522079866,2438.2653724647025,10800,6157.611559725915
2025-09-05,00:00-04:00,1094.1761293388058,0,6157.611559725915,6231.563611844339
2025-09-05,04:00-08:00,268.592262194265,2461.6373666666664,6157.611559725915,6231.563611844339
2025-09-05,08:00-12:00,3439.8723174779734,0,6157.611559725915,6231.563611844339
2025-09-05,12:00-16:00,3394.6271464375282,0,6157.611559725915,6231.563611844339
2025-09-05,16:00-20:00,0,4453.1439666666665,6157.611559725915,6231.563611844339
2025-09-05,20:00-24:00,3166.6003506089392,2223.3950666666669,6157.611559725915,6231.563611844339
2025-09-06,00:00-04:00,1277.0351974084106,87.890980356189004,6231.563611844339,10800
2025-09-06,04:00-08:00,267.4785,3116.0760356489109,6231.563611844339,10800
2025-09-06,08:00-12:00,3404.7006016641722,0,6231.563611844339,10800
2025-09-06,12:00-16:00,4082.3409667856845,0,6231.563611844339,10800
2025-09-06,16:00-20:00,0,4228.3532833333329,6231.563611844339,10800
2025-09-06,20:00-24:00,7860.0483539094657,2138.285883333333,6231.563611844339,10800
2025-09-07,00:00-04:00,7.9953398637917417,6.4762252896705377,10800,10800
2025-09-07,04:00-08:00,297.88974503813762,5550.4692309520033,10800,10800
2025-09-07,08:00-12:00,6132.223349642145,1447.0686982147772,10800,10800
2025-09-07,12:00-16:00,2208.8226203404352,0,10800,10800
2025-09-07,16:00-20:00,0,4408.2779877814992,10800,10800
2025-09-07,20:00-24:00,8208.6937580258909,2240.7639562194736,10800,10800
2025-09-08,00:00-04:00,74.162109215309329,513.94470438891881,10800,7885.8829614914612
2025-09-08,04:00-08:00,725.21600053538702,6025.5315910425279,10800,7885.8829614914612
2025-09-08,08:00-12:00,4269.1699795032746,1170.3780700445841,10800,7885.8829614914612
2025-09-08,12:00-16:00,4711.5193132295999,371.48992486247431,10800,7885.8829614914612
2025-09-08,16:00-20:00,207.08717493799753,5404.3607805079391,10800,7885.8829614914612
2025-09-08,20:00-24:00,7269.366770569969,3114.7825556843868,10800,7885.8829614914612
2025-09-09,00:00-04:00,1936.5363809445698,53.556898553886867,7885.8829614914612,7895.7175460119697
2025-09-09,04:00-08:00,1084.0532188406685,5827.9385234005676,7885.8829614914612,7895.7175460119697
2025-09-09,08:00-12:00,5936.8531608666617,818.80778333333342,7885.8829614914612,7895.7175460119697
2025-09-09,12:00-16:00,2751.0470805261957,160.86823140878931,7885.8829614914612,7895.7175460119697
2025-09-09,16:00-20:00,177.79503281362094,5528.9487493335582,7885.8829614914612,7895.7175460119697
2025-09-09,20:00-24:00,7329.3640533610969,3165.7043190571931,7885.8829614914612,7895.7175460119697
2025-09-10,00:00-04:00,1801.3628209077856,159.79488290025949,7895.7175460119697,7830.1616956171129
2025-09-10,04:00-08:00,1086.4477078806744,6770.2646378889294,7895.7175460119697,7830.1616956171129
2025-09-10,08:00-12:00,3957.3438969757844,1435.2127989402375,7895.7175460119697,7830.1616956171129
2025-09-10,12:00-16:00,4236.8773106499666,320.58207614231515,7895.7175460119697,7830.1616956171129
2025-09-10,16:00-20:00,772.99531860870752,5384.5924292738282,7895.7175460119697,7830.1616956171129
2025-09-10,20:00-24:00,7471.8921752659026,1643.358016743749,7895.7175460119697,7830.1616956171129
2025-09-11,00:00-04:00,1739.5658466192613,51.039678005891005,7830.1616956171129,3129.9575736095558
2025-09-11,04:00-08:00,1037.5076004572011,5879.2565182264552,7830.1616956171129,3129.9575736095558
2025-09-11,08:00-12:00,5886.6797687000144,1728.5034000000001,7830.1616956171129,3129.9575736095558
2025-09-11,12:00-16:00,4091.3752659234515,27.443046269894126,7830.1616956171129,3129.9575736095558
2025-09-11,16:00-20:00,91.677047325571635,5421.6666196382012,7830.1616956171129,3129.9575736095558
2025-09-11,20:00-24:00,1907.2061037854378,3073.0238702432225,7830.1616956171129,3129.9575736095558
2025-09-12,00:00-04:00,410.34375932560152,213.30500258604184,3129.9575736095558,3279.8220633319247
2025-09-12,04:00-08:00,862.86753333333354,2554.9579607162964,3129.9575736095558,3279.8220633319247
2025-09-12,08:00-12:00,1140.7723708327044,0,3129.9575736095558,3279.8220633319247
2025-09-12,12:00-16:00,9525.8942958339649,0,3129.9575736095558,3279.8220633319247
2025-09-12,16:00-20:00,8.3263137618127416,6127.5636772754369,3129.9575736095558,3279.8220633319247
2025-09-12,20:00-24:00,2102.4435617202116,2350.3200648662687,3129.9575736095558,3279.8220633319247
2025-09-13,00:00-04:00,755.82083579862467,75.360935632149335,3279.8220633319247,7847.5441632236916
2025-09-13,04:00-08:00,871.83203333333347,3066.6863499999999,3279.8220633319247,7847.5441632236916
2025-09-13,08:00-12:00,1242.426057346278,0,3279.8220633319247,7847.5441632236916
2025-09-13,12:00-16:00,9364.7450594889451,0,3279.8220633319247,7847.5441632236916
2025-09-13,16:00-20:00,118.77799255314837,6320.3595819419133,3279.8220633319247,7847.5441632236916
2025-09-13,20:00-24:00,7363.658174340866,2397.6239663409146,3279.8220633319247,7847.5441632236916
2025-09-14,00:00-04:00,2012.0729344273232,45.721816666666655,7847.5441632236916,7397.4865059783669
2025-09-14,04:00-08:00,1014.0341166666669,5978.5370457826175,7847.5441632236916,7397.4865059783669
2025-09-14,08:00-12:00,4095.8813992264622,2010.2140666666664,7847.5441632236916,7397.4865059783669
2025-09-14,12:00-16:00,5946.3829848603818,7.0057333333332581,7847.5441632236916,7397.4865059783669
2025-09-14,16:00-20:00,225.98768601338273,5703.5070144582169,7847.5441632236916,7397.4865059783669
2025-09-14,20:00-24:00,7001.9551924734205,3100.0808086840761,7847.5441632236916,7397.4865059783669
2025-09-15,00:00-04:00,2420.1207044398925,178.88819689246998,7397.4865059783669,7922.6767846399962
2025-09-15,04:00-08:00,1225.1782046443379,6416.6313883918347,7397.4865059783669,7922.6767846399962
2025-09-15,08:00-12:00,5922.1301289993153,1482.4775833333331,7397.4865059783669,7922.6767846399962
2025-09-15,12:00-16:00,4331.6878918388129,118.02539999999998,7397.4865059783669,7922.6767846399962
2025-09-15,16:00-20:00,75.506900000000087,5738.8920725224752,7397.4865059783669,7922.6767846399962
2025-09-15,20:00-24:00,7469.6408718222174,2962.2685164775248,7397.4865059783669,7922.6767846399962
2025-09-16,00:00-04:00,1529.4075692438705,78.656679961490227,7922.6767846399962,7458.8157377802218
2025-09-16,04:00-08:00,989.65227440592867,6055.0428882893566,7922.6767846399962,7458.8157377802218
2025-09-16,08:00-12:00,3824.8950968645536,1363.1868333333332,7922.6767846399962,7458.8157377802218
2025-09-16,12:00-16:00,6326.1670702776391,176.32153333333341,7922.6767846399962,7458.8157377802218
2025-09-16,16:00-20:00,60.54112273747559,5612.2590893871984,7922.6767846399962,7458.8157377802218
2025-09-16,20:00-24:00,7053.5858522623057,3157.2495963604251,7922.6767846399962,7458.8157377802218
2025-09-17,00:00-04:00,2575.8188124885432,44.615463448250352,7458.8157377802218,7701.5195962424223
2025-09-17,04:00-08:00,992.11616007820965,5977.6405899771135,7458.8157377802218,7701.5195962424223
2025-09-17,08:00-12:00,3498.4649098167006,2342.5835333333334,7458.8157377802218,7701.5195962424223
2025-09-17,12:00-16:00,6977.7901251348512,3.8884833333333213,7458.8157377802218,7701.5195962424223
2025-09-17,16:00-20:00,32.509064584323596,5545.0899099674734,7458.8157377802218,7701.5195962424223
2025-09-17,20:00-24:00,7102.4814832108768,3022.8847971284595,7458.8157377802218,7701.5195962424223
2025-09-18,00:00-04:00,2026.4043982632197,68.724789651180572,7701.5195962424223,3474.2919608414172
2025-09-18,04:00-08:00,1260.9906590705941,5540.8040296023264,7701.5195962424223,3474.2919608414172
2025-09-18,08:00-12:00,4925.3324374235826,2155.261583333333,7701.5195962424223,3474.2919608414172
2025-09-18,12:00-16:00,4897.3784097306616,65.763016666666616,7701.5195962424223,3474.2919608414172
2025-09-18,16:00-20:00,34.220105003784369,5654.6840342029554,7701.5195962424223,3474.2919608414172
2025-09-18,20:00-24:00,2694.0727346163317,3148.3704011320615,7701.5195962424223,3474.2919608414172
2025-09-19,00:00-04:00,837.74348858351561,200.73946236382972,3474.2919608414172,3635.5415393068092
2025-09-19,04:00-08:00,923.53663078997113,3272.7601990859703,3474.2919608414172,3635.5415393068092
2025-09-19,08:00-12:00,1790.90984755001,0,3474.2919608414172,3635.5415393068092
2025-09-19,12:00-16:00,8875.7568191166574,31.746771499119479,3474.2919608414172,3635.5415393068092
2025-09-19,16:00-20:00,122.73767440445033,6542.1533991342603,3474.2919608414172,3635.5415393068092
2025-09-19,20:00-24:00,2661.5198085132092,2129.3610051537953,3474.2919608414172,3635.5415393068092
2025-09-20,00:00-04:00,316.58943183982558,234.82712258091948,3635.5415393068092,7787.6108342508969
2025-09-20,04:00-08:00,1014.4648225058748,3035.3142088152263,3635.5415393068092,7787.6108342508969
2025-09-20,08:00-12:00,2052.2387976898567,0,3635.5415393068092,7787.6108342508969
2025-09-20,12:00-16:00,8614.4278689768089,54.986750000000029,3635.5415393068092,7787.6108342508969
2025-09-20,16:00-20:00,198.47070995950031,6514.8433344274163,3635.5415393068092,7787.6108342508969
2025-09-20,20:00-24:00,7322.9431285915307,2233.6653739731137,3635.5415393068092,7787.6108342508969
2025-09-21,00:00-04:00,1918.4033888893086,164.18751971757081,7787.6108342508969,8063.1023369501499
2025-09-21,04:00-08:00,1292.7841125705213,5411.2058232705549,7787.6108342508969,8063.1023369501499
2025-09-21,08:00-12:00,4871.7759874076955,1095.1527833333332,7787.6108342508969,8063.1023369501499
2025-09-21,12:00-16:00,3502.880863596245,2.8375500000000402,7787.6108342508969,8063.1023369501499
2025-09-21,16:00-20:00,108.49847029613954,5729.2397344684432,7787.6108342508969,8063.1023369501499
2025-09-21,20:00-24:00,7657.3615552540723,3024.3147829720965,7787.6108342508969,8063.1023369501499
2025-09-22,00:00-04:00,1562.7914293298411,179.80747034498347,8063.1023369501499,7624.0798700223249
2025-09-22,04:00-08:00,1170.7634145332313,5079.9742921824836,8063.1023369501499,7624.0798700223249
2025-09-22,08:00-12:00,5225.2815637232552,1712.6139499999995,8063.1023369501499,7624.0798700223249
2025-09-22,12:00-16:00,3782.4605997457716,110.76630669417793,8063.1023369501499,7624.0798700223249
2025-09-22,16:00-20:00,76.667123594992745,5796.2398135365602,8063.1023369501499,7624.0798700223249
2025-09-22,20:00-24:00,7202.2048555803603,2922.0552665478708,8063.1023369501499,7624.0798700223249
2025-09-23,00:00-04:00,2671.1880459648251,79.193559193767442,7624.0798700223249,7980.8767492016705
2025-09-23,04:00-08:00,1131.1670053811449,5600.6852705920992,7624.0798700223249,7980.8767492016705
2025-09-23,08:00-12:00,4582.381049453641,1896.6157166666662,7624.0798700223249,7980.8767492016705
2025-09-23,12:00-16:00,4901.024773371365,463.76329869797939,7624.0798700223249,7980.8767492016705
2025-09-23,16:00-20:00,118.26303165834349,5647.0151438146004,7624.0798700223249,7980.8767492016705
2025-09-23,20:00-24:00,7534.3074991129688,2951.6582577767267,7624.0798700223249,7980.8767492016705
2025-09-24,00:00-04:00,1932.0941042048594,169.70532746116419,7980.8767492016705,8179.3772928848557
2025-09-24,04:00-08:00,939.96473854475119,5679.7924774376161,7980.8767492016705,8179.3772928848557
2025-09-24,08:00-12:00,5310.0082417750273,2393.5189,7980.8767492016705,8179.3772928848557
2025-09-24,12:00-16:00,5126.8559162374331,0,7980.8767492016705,8179.3772928848557
2025-09-24,16:00-20:00,45.294039697259706,5674.4194960326495,7980.8767492016705,8179.3772928848557
2025-09-24,20:00-24:00,7580.6468014232496,2861.1530216785955,7980.8767492016705,8179.3772928848557
2025-09-25,00:00-04:00,1690.1405791680436,256.32755984345238,8179.3772928848557,3899.3510007301616
2025-09-25,04:00-08:00,1108.4664982994504,5257.2520554658877,8179.3772928848557,3899.3510007301616
2025-09-25,08:00-12:00,5924.7564569882215,1757.6831500000001,8179.3772928848557,3899.3510007301616
2025-09-25,12:00-16:00,3328.8312245768452,142.22077959871663,8179.3772928848557,3899.3510007301616
2025-09-25,16:00-20:00,237.00871160324232,5570.8889548734433,8179.3772928848557,3899.3510007301616
2025-09-25,20:00-24:00,2813.5251144975009,3100.8613171157049,8179.3772928848557,3899.3510007301616
2025-09-26,00:00-04:00,1398.7005831915881,108.7137487118037,3899.3510007301616,4347.0325104491703
2025-09-26,04:00-08:00,932.48861666666676,3521.7219136771319,3899.3510007301616,4347.0325104491703
2025-09-26,08:00-12:00,1432.8849771922594,0,3899.3510007301616,4347.0325104491703
2025-09-26,12:00-16:00,8385.3329361986052,0,3899.3510007301616,4347.0325104491703
2025-09-26,16:00-20:00,4.9886399099038199,6213.8574524940386,3899.3510007301616,4347.0325104491703
2025-09-26,20:00-24:00,3143.5353182038652,2144.117694173864,3899.3510007301616,4347.0325104491703
2025-09-27,00:00-04:00,790.7040071645099,120.60927243101759,4347.0325104491703,7637.7689104716674
2025-09-27,04:00-08:00,905.78928644941277,3808.4421351557603,4347.0325104491703,7637.7689104716674
2025-09-27,08:00-12:00,1828.042430298274,0,4347.0325104491703,7637.7689104716674
2025-09-27,12:00-16:00,8496.108903473636,120.26897346029267,4347.0325104491703,7637.7689104716674
2025-09-27,16:00-20:00,200.82278730174869,6538.4003349155264,4347.0325104491703,7637.7689104716674
2025-09-27,20:00-24:00,7307.0595504891608,2268.7233658103196,4347.0325104491703,7637.7689104716674
2025-09-28,00:00-04:00,2324.7412720844322,56.490424673303437,7637.7689104716674,8212.8204077321916
2025-09-28,04:00-08:00,1232.7042865448793,5200.7824378706864,7637.7689104716674,8212.8204077321916
2025-09-28,08:00-12:00,5413.8234968521083,2554.9510333333333,7637.7689104716674,8212.8204077321916
2025-09-28,12:00-16:00,4487.1844339665076,243.11544999999992,7637.7689104716674,8212.8204077321916
2025-09-28,16:00-20:00,147.37497882873339,5542.8183765045997,7637.7689104716674,8212.8204077321916
2025-09-28,20:00-24:00,7350.5651854034204,2858.9747895644737,7637.7689104716674,8212.8204077321916
2025-09-29,00:00-04:00,2044.5753510435197,117.2132265045949,8212.8204077321916,8057.8740805077068
2025-09-29,04:00-08:00,1088.0314687856728,4917.2444486536106,8212.8204077321916,8057.8740805077068
2025-09-29,08:00-12:00,5397.7769131892455,2411.2514333333334,8212.8204077321916,8057.8740805077068
2025-09-29,12:00-16:00,3736.7474910958408,162.20554999999996,8212.8204077321916,8057.8740805077068
2025-09-29,16:00-20:00,26.016855029400983,5672.3738088944792,8212.8204077321916,8057.8740805077068
2025-09-29,20:00-24:00,7752.6796641196179,3096.2836991592931,8212.8204077321916,8057.8740805077068
2025-09-30,00:00-04:00,1720.7350693927588,61.322879843086525,8057.8740805077068,8266.6718290107165
2025-09-30,04:00-08:00,982.95709060056743,4972.7959512903763,8057.8740805077068,8266.6718290107165
2025-09-30,08:00-12:00,5077.5165501956608,2892.5942499999996,8057.8740805077068,8266.6718290107165
2025-09-30,12:00-16:00,5604.4443935261197,643.96611195427806,8057.8740805077068,8266.6718290107165
2025-09-30,16:00-20:00,306.2160835384849,5465.7313673164108,8057.8740805077068,8266.6718290107165
2025-09-30,20:00-24:00,7540.10451563073,2973.570165279436,8057.8740805077068,8266.6718290107165
2025-10-01,00:00-04:00,2017.11265953874,31.13895008863085,8266.6718290107165,9897.8640680778535
2025-10-01,04:00-08:00,1442.462813147933,4471.4754296551873,8266.6718290107165,9897.8640680778535
2025-10-01,08:00-12:00,6302.6963383843231,1124.8304333333333,8266.6718290107165,9897.8640680778535
2025-10-01,12:00-16:00,77.881111111111949,63.08369999999983,8266.6718290107165,9897.8640680778535
2025-10-01,16:00-20:00,9.8786008230450122,4862.6257652777731,8266.6718290107165,9897.8640680778535
2025-10-01,20:00-24:00,8122.838125113678,2536.7971214609056,8266.6718290107165,9897.8640680778535
2025-10-02,00:00-04:00,305.24489176099974,206.00060696924288,9897.8640680778535,6469.6573192390342
2025-10-02,04:00-08:00,1208.6556850549484,4946.7792589590199,9897.8640680778535,6469.6573192390342
2025-10-02,08:00-12:00,6629.8543412748877,1702.946983333333,9897.8640680778535,6469.6573192390342
2025-10-02,12:00-16:00,1322.4786473307984,0,9897.8640680778535,6469.6573192390342
2025-10-02,16:00-20:00,4.433247707650783,4856.3394644066748,9897.8640680778535,6469.6573192390342
2025-10-02,20:00-24:00,4322.0429761264631,2545.4146895838239,9897.8640680778535,6469.6573192390342
2025-10-03,00:00-04:00,150.88884149520169,436.40417945986519,6469.6573192390342,6399.9854953475369
2025-10-03,04:00-08:00,99.563204512477739,3619.519390661982,6469.6573192390342,6399.9854953475369
2025-10-03,08:00-12:00,1783.6150509648714,0,6469.6573192390342,6399.9854953475369
2025-10-03,12:00-16:00,7784.737820072778,0,6469.6573192390342,6399.9854953475369
2025-10-03,16:00-20:00,0,5527.3808250808088,6469.6573192390342,6399.9854953475369
2025-10-03,20:00-24:00,4286.7694191930877,1904.9154586528102,6469.6573192390342,6399.9854953475369
2025-10-04,00:00-04:00,252.66547240066205,203.93957377433685,6399.9854953475369,10232.451583280481
2025-10-04,04:00-08:00,78.195249999999888,4242.7318230874052,6399.9854953475369,10232.451583280481
2025-10-04,08:00-12:00,1676.0959453783228,0,6399.9854953475369,10232.451583280481
2025-10-04,12:00-16:00,8371.6661112938018,0,6399.9854953475369,10232.451583280481
2025-10-04,16:00-20:00,35.127223930768295,5227.8657581113048,6399.9854953475369,10232.451583280481
2025-10-04,20:00-24:00,8138.9167236714475,1903.903414494057,6399.9854953475369,10232.451583280481
2025-10-05,00:00-04:00,215.99366313415885,359.61792661789696,10232.451583280481,9986.2386886538206
2025-10-05,04:00-08:00,991.65807070782694,5417.954474641876,10232.451583280481,9986.2386886538206
2025-10-05,08:00-12:00,6048.4811498955005,1585.2795666666661,10232.451583280481,9986.2386886538206
2025-10-05,12:00-16:00,2464.417169316841,0,10232.451583280481,9986.2386886538206
2025-10-05,16:00-20:00,18.242798353987585,4740.0323795290215,10232.451583280481,9986.2386886538206
2025-10-05,20:00-24:00,8170.9691759837233,2625.6144998960849,10232.451583280481,9986.2386886538206
2025-10-06,00:00-04:00,348.65455830361839,192.70562692812337,9986.2386886538206,9766.726222866122
2025-10-06,04:00-08:00,1107.5763334183248,5305.9338686711544,9986.2386886538206,9766.726222866122
2025-10-06,08:00-12:00,5790.7201150886622,1866.9252666666671,9986.2386886538206,9766.726222866122
2025-10-06,12:00-16:00,2816.578057976431,53.508600000000115,9986.2386886538206,9766.726222866122
2025-10-06,16:00-20:00,31.306563562132702,4956.3353357785818,9986.2386886538206,9766.726222866122
2025-10-06,20:00-24:00,8077.7220739853801,2541.9242600553907,9986.2386886538206,9766.726222866122
2025-10-07,00:00-04:00,528.2935775949785,146.60468321977646,9766.726222866122,10033.711496162508
2025-10-07,04:00-08:00,1006.6832518664844,5509.1177414702252,9766.726222866122,10033.711496162508
2025-10-07,08:00-12:00,5248.5454204743546,2540.4685333333337,9766.726222866122,10033.711496162508
2025-10-07,12:00-16:00,4539.376298348745,45.410466666666551,9766.726222866122,10033.711496162508
2025-10-07,16:00-20:00,0,4878.4062056735165,9766.726222866122,10033.711496162508
2025-10-07,20:00-24:00,8176.8352608405767,2434.4900090610945,9766.726222866122,10033.711496162508
2025-10-08,00:00-04:00,230.03432234909303,264.61528746643501,10033.711496162508,7932.7255354852505
2025-10-08,04:00-08:00,920.72046998187739,6117.4605877027825,10033.711496162508,7932.7255354852505
2025-10-08,08:00-12:00,5611.9048117070424,1836.5570999999998,10033.711496162508,7932.7255354852505
2025-10-08,12:00-16:00,4235.2325300644034,0,10033.711496162508,7932.7255354852505
2025-10-08,16:00-20:00,8.7906871422140966,5722.7073842275604,10033.711496162508,7932.7255354852505
2025-10-08,20:00-24:00,7535.6531595497872,2968.8391496562381,10033.711496162508,7932.7255354852505
2025-10-09,00:00-04:00,2083.7490648450203,0,7932.7255354852505,4055.9457372794586
2025-10-09,04:00-08:00,982.80215657075541,5746.759898700413,7932.7255354852505,4055.9457372794586
2025-10-09,08:00-12:00,5387.2973252307202,2000.4414833333331,7932.7255354852505,4055.9457372794586
2025-10-09,12:00-16:00,4330.3640254897409,27.463783333333289,7932.7255354852505,4055.9457372794586
2025-10-09,16:00-20:00,0,5793.3726208010794,7932.7255354852505,4055.9457372794586
2025-10-09,20:00-24:00,3241.7656645942538,2902.1064039687512,7932.7255354852505,4055.9457372794586
2025-10-10,00:00-04:00,807.94416847353159,55.806516666666596,4055.9457372794586,4216.8630446543611
2025-10-10,04:00-08:00,1016.8876588497099,3984.9613790405656,4055.9457372794586,4216.8630446543611
2025-10-10,08:00-12:00,0,0,4055.9457372794586,4216.8630446543611
2025-10-10,12:00-16:00,10657.164138301105,49.792916666666613,4055.9457372794586,4216.8630446543611
2025-10-10,16:00-20:00,0,6314.1441452671042,4055.9457372794586,4216.8630446543611
2025-10-10,20:00-24:00,3424.0912208226191,2334.4000867436293,4055.9457372794586,4216.8630446543611
2025-10-11,00:00-04:00,1282.7418906911994,14.570166666666637,4216.8630446543611,7868.8905964250325
2025-10-11,04:00-08:00,1075.1396025728679,4191.5001107677281,4216.8630446543611,7868.8905964250325
2025-10-11,08:00-12:00,0,0,4216.8630446543611,7868.8905964250325
2025-10-11,12:00-16:00,10149.394478643911,15.18166666666669,4216.8630446543611,7868.8905964250325
2025-10-11,16:00-20:00,18.591789192192124,6376.6903550451643,4216.8630446543611,7868.8905964250325
2025-10-11,20:00-24:00,7436.0954012625734,2284.4230657740013,4216.8630446543611,7868.8905964250325
2025-10-12,00:00-04:00,2474.4616691447141,51.161632301362602,7868.8905964250325,7690.4900380633908
2025-10-12,04:00-08:00,1062.7986221905153,5883.2115147309214,7868.8905964250325,7690.4900380633908
2025-10-12,08:00-12:00,4342.9045407356753,2088.2217499999997,7868.8905964250325,7690.4900380633908
2025-10-12,12:00-16:00,5347.8008184431837,54.058816666666637,7868.8905964250325,7690.4900380633908
2025-10-12,16:00-20:00,70.240917208611904,5820.9086707475026,7868.8905964250325,7690.4900380633908
2025-10-12,20:00-24:00,7222.7477307531499,2884.9710998444734,7868.8905964250325,7690.4900380633908
2025-10-13,00:00-04:00,2477.769693657121,28.994583333333253,7690.4900380633908,8231.2774764515161
2025-10-13,04:00-08:00,1181.1935076456746,5783.990544959961,7690.4900380633908,8231.2774764515161
2025-10-13,08:00-12:00,5680.12246298635,2267.0011166666663,7690.4900380633908,8231.2774764515161
2025-10-13,12:00-16:00,4267.3744312288527,145.02760998623262,7690.4900380633908,8231.2774764515161
2025-10-13,16:00-20:00,13.776930836154357,5505.1641115057882,7690.4900380633908,8231.2774764515161
2025-10-13,20:00-24:00,7615.1537635126524,2983.7798787908155,7690.4900380633908,8231.2774764515161
2025-10-14,00:00-04:00,1780.0093700504117,81.546655897647724,8231.2774764515161,7737.6695034222521
2025-10-14,04:00-08:00,883.41002102218886,6081.2167028970462,8231.2774764515161,7737.6695034222521
2025-10-14,08:00-12:00,3794.7450155570923,2322.7560767804775,8231.2774764515161,7737.6695034222521
2025-10-14,12:00-16:00,5273.6893501046052,121.23040440321971,8231.2774764515161,7737.6695034222521
2025-10-14,16:00-20:00,50.746955327159753,5768.5357255915224,8231.2774764515161,7737.6695034222521
2025-10-14,20:00-24:00,7353.5598169712275,1569.2516386728971,8231.2774764515161,7737.6695034222521
2025-10-15,00:00-04:00,2265.5178766088047,119.2987333333333,7737.6695034222521,7680.9244539956089
2025-10-15,04:00-08:00,960.41255075833499,5888.8760176779488,7737.6695034222521,7680.9244539956089
2025-10-15,08:00-12:00,3447.619724470831,2488.7314482361271,7737.6695034222521,7680.9244539956089
2025-10-15,12:00-16:00,4018.4889479463277,329.44515398577175,7737.6695034222521,7680.9244539956089
2025-10-15,16:00-20:00,189.78390556197201,5488.7473747152153,7737.6695034222521,7680.9244539956089
2025-10-15,20:00-24:00,7219.6732293223959,398.18376661719873,7737.6695034222521,7680.9244539956089
2025-10-16,00:00-04:00,2355.7799397039271,91.982492177565973,7680.9244539956089,4707.8212393167923
2025-10-16,04:00-08:00,998.14517997384598,5874.2545320186482,7680.9244539956089,4707.8212393167923
2025-10-16,08:00-12:00,4429.6840559057628,2583.2743313388364,7680.9244539956089,4707.8212393167923
2025-10-16,12:00-16:00,4094.8509389953369,645.28381772624493,7680.9244539956089,4707.8212393167923
2025-10-16,16:00-20:00,81.692683553686152,5706.8849883707508,7680.9244539956089,4707.8212393167923
2025-10-16,20:00-24:00,4001.1895083951899,702.79999986637813,7680.9244539956089,4707.8212393167923
2025-10-17,00:00-04:00,942.06573392167843,58.272439727945311,4707.8212393167923,4850.0689923068448
2025-10-17,04:00-08:00,976.37233209916269,4164.7915666666668,4707.8212393167923,4850.0689923068448
2025-10-17,08:00-12:00,818.20209005589447,0,4707.8212393167923,4850.0689923068448
2025-10-17,12:00-16:00,9246.1066229473399,0,4707.8212393167923,4850.0689923068448
2025-10-17,16:00-20:00,153.50426443659515,6196.8826613799538,4707.8212393167923,4850.0689923068448
2025-10-17,20:00-24:00,3840.7167793259141,2393.3742909915168,4707.8212393167923,4850.0689923068448
2025-10-18,00:00-04:00,752.25788416921171,209.63644559980264,4850.0689923068448,8333.9739385289085
2025-10-18,04:00-08:00,974.24114411583469,4168.259954393835,4850.0689923068448,8333.9739385289085
2025-10-18,08:00-12:00,1446.0879570477955,0,4850.0689923068448,8333.9739385289085
2025-10-18,12:00-16:00,8855.2368482158945,9.9726500000000051,4850.0689923068448,8333.9739385289085
2025-10-18,16:00-20:00,3.459214758811811,5953.6357637918818,4850.0689923068448,8333.9739385289085
2025-10-18,20:00-24:00,7487.8915761401895,2333.5121804172918,4850.0689923068448,8333.9739385289085
2025-10-19,00:00-04:00,1758.9294333030398,247.15398832535607,8333.9739385289085,8133.512229972599
2025-10-19,04:00-08:00,920.61673720833141,5622.109502139052,8333.9739385289085,8133.512229972599
2025-10-19,08:00-12:00,4903.0761615503616,2658.0241666666661,8333.9739385289085,8133.512229972599
2025-10-19,12:00-16:00,4372.8722738499901,953.50498559898097,8333.9739385289085,8133.512229972599
2025-10-19,16:00-20:00,29.944537478251732,5666.0482558514068,8333.9739385289085,8133.512229972599
2025-10-19,20:00-24:00,7725.6085610806658,999.5232797404301,8333.9739385289085,8133.512229972599
2025-10-20,00:00-04:00,1982.3412604390799,166.90150621474572,8133.512229972599,7889.1981165218494
2025-10-20,04:00-08:00,1098.7189705041624,5402.5838127905954,8133.512229972599,7889.1981165218494
2025-10-20,08:00-12:00,4040.7039135540044,3166.3344750340189,8133.512229972599,7889.1981165218494
2025-10-20,12:00-16:00,4976.6516218060151,312.44641463991587,8133.512229972599,7889.1981165218494
2025-10-20,16:00-20:00,193.55918964823263,5424.8553727973858,8133.512229972599,7889.1981165218494
2025-10-20,20:00-24:00,7502.0528619815595,1779.923653154782,8133.512229972599,7889.1981165218494
2025-10-21,00:00-04:00,2320.4985166982633,58.564016666666703,7889.1981165218494,8092.4068187627663
2025-10-21,04:00-08:00,989.45693079176874,5344.3230514517263,7889.1981165218494,8092.4068187627663
2025-10-21,08:00-12:00,4011.9479123459714,3298.4551492182022,7889.1981165218494,8092.4068187627663
2025-10-21,12:00-16:00,4393.3702600414308,689.83038333333343,7889.1981165218494,8092.4068187627663
2025-10-21,16:00-20:00,153.16832566465564,5400.8510485510978,7889.1981165218494,8092.4068187627663
2025-10-21,20:00-24:00,7662.1680702302328,844.8826315377338,7889.1981165218494,8092.4068187627663
2025-10-22,00:00-04:00,2156.3537992337647,0,8092.4068187627663,7822.657467550941
2025-10-22,04:00-08:00,887.83933981686926,5236.7166302373334,8092.4068187627663,7822.657467550941
2025-10-22,08:00-12:00,4964.6053763341497,3432.2459492801645,8092.4068187627663,7822.657467550941
2025-10-22,12:00-16:00,5847.701043418936,117.9681999999998,8092.4068187627663,7822.657467550941
2025-10-22,16:00-20:00,63.33310757996297,5831.6109782598342,8092.4068187627663,7822.657467550941
2025-10-22,20:00-24:00,7405.4699134728862,2897.7277479971258,8092.4068187627663,7822.657467550941
2025-10-23,00:00-04:00,2503.13161276145,25.153583393248596,7822.657467550941,5289.3596903594125
2025-10-23,04:00-08:00,1486.3739411077549,5121.6184351820029,7822.657467550941,5289.3596903594125
2025-10-23,08:00-12:00,6904.1573330047668,3468.9682166666666,7822.657467550941,5289.3596903594125
2025-10-23,12:00-16:00,3619.0997029771465,459.98918333333341,7822.657467550941,5289.3596903594125
2025-10-23,16:00-20:00,33.612179156813355,5476.4806787611124,7822.657467550941,5289.3596903594125
2025-10-23,20:00-24:00,4252.281987544221,2954.6698749432539,7822.657467550941,5289.3596903594125
2025-10-24,00:00-04:00,699.25624801053664,101.28113333333323,5289.3596903594125,5101.1112330476335
2025-10-24,04:00-08:00,899.37726807883826,4862.8727431896968,5289.3596903594125,5101.1112330476335
2025-10-24,08:00-12:00,3139.5832284278654,11.162992832833174,5289.3596903594125,5101.1112330476335
2025-10-24,12:00-16:00,7527.0834382388011,70.374155597747503,5289.3596903594125,5101.1112330476335
2025-10-24,16:00-20:00,13.253944849388404,6277.8889248577325,5289.3596903594125,5101.1112330476335
2025-10-24,20:00-24:00,4380.4261642916081,2339.6176982058591,5289.3596903594125,5101.1112330476335
2025-10-25,00:00-04:00,956.73336682221861,141.29102404712995,5101.1112330476335,7856.5680744719666
2025-10-25,04:00-08:00,1018.563374258878,4463.9852499999997,5101.1112330476335,7856.5680744719666
2025-10-25,08:00-12:00,3286.3243019902307,0,5101.1112330476335,7856.5680744719666
2025-10-25,12:00-16:00,6756.0038511314624,0,5101.1112330476335,7856.5680744719666
2025-10-25,16:00-20:00,64.593827618534135,6401.6673132653141,5101.1112330476335,7856.5680744719666
2025-10-25,20:00-24:00,7459.3156810938945,2341.7881217669856,5101.1112330476335,7856.5680744719666
2025-10-26,00:00-04:00,2203.4526950912323,67.942260338833535,7856.5680744719666,8256.593504240227
2025-10-26,04:00-08:00,1984.906402290354,4511.5593049641484,7856.5680744719666,8256.593504240227
2025-10-26,08:00-12:00,6277.6052973173428,3071.0337333333327,7856.5680744719666,8256.593504240227
2025-10-26,12:00-16:00,2816.8436895951613,459.45051666666654,7856.5680744719666,8256.593504240227
2025-10-26,16:00-20:00,44.992783333333364,5429.0704631347307,7856.5680744719666,8256.593504240227
2025-10-26,20:00-24:00,7471.8714664896979,2948.6554254057205,7856.5680744719666,8256.593504240227
2025-10-27,00:00-04:00,1905.8252536402233,85.956950320877922,8256.593504240227,8071.0942591391058
2025-10-27,04:00-08:00,1840.8291556913091,4363.7338913772583,8256.593504240227,8071.0942591391058
2025-10-27,08:00-12:00,6528.7816845158641,2923.017233333333,8256.593504240227,8071.0942591391058
2025-10-27,12:00-16:00,2465.3728418093133,702.27995681351013,8256.593504240227,8071.0942591391058
2025-10-27,16:00-20:00,44.790802273538247,5529.0011442347377,8256.593504240227,8071.0942591391058
2025-10-27,20:00-24:00,7423.8703362368615,2932.6309045866478,8256.593504240227,8071.0942591391058
2025-10-28,00:00-04:00,1814.4015664674748,0.23858333333339488,8071.0942591391058,8084.6783894696518
2025-10-28,04:00-08:00,1955.6250991980705,4194.6080957423073,8071.0942591391058,8084.6783894696518
2025-10-28,08:00-12:00,6377.8162980367124,3554.1060666666667,8071.0942591391058,8084.6783894696518
2025-10-28,12:00-16:00,3066.8550970184551,498.93751666666651,8071.0942591391058,8084.6783894696518
2025-10-28,16:00-20:00,56.50098588798452,5549.5757058228373,8071.0942591391058,8084.6783894696518
2025-10-28,20:00-24:00,7429.5651379900464,2957.9273039956847,8071.0942591391058,8084.6783894696518
2025-10-29,00:00-04:00,2256.0861452749509,27.680832120244418,8084.6783894696518,8028.9770908837436
2025-10-29,04:00-08:00,1890.6440289889763,3864.26475305841,8084.6783894696518,8028.9770908837436
2025-10-29,08:00-12:00,5079.5024728271528,4552.0351999999993,8084.6783894696518,8028.9770908837436
2025-10-29,12:00-16:00,5281.9510170932426,863.85853333333353,8084.6783894696518,8028.9770908837436
2025-10-29,16:00-20:00,45.351916666666511,5530.4982313451128,8084.6783894696518,8028.9770908837436
2025-10-29,20:00-24:00,7346.0027998311498,2950.4197072227489,8084.6783894696518,8028.9770908837436
2025-10-30,00:00-04:00,2194.3479482044054,45.773445546532457,8028.9770908837436,6004.2022554961404
2025-10-30,04:00-08:00,1802.4780119557186,3938.2944253645705,8028.9770908837436,6004.2022554961404
2025-10-30,08:00-12:00,6417.0851195279392,3239.0713999999998,8028.9770908837436,6004.2022554961404
2025-10-30,12:00-16:00,2301.4589891790984,582.38986666666642,8028.9770908837436,6004.2022554961404
2025-10-30,16:00-20:00,133.48131114114321,5572.9810766442124,8028.9770908837436,6004.2022554961404
2025-10-30,20:00-24:00,5134.7458968569199,3010.5009318876946,8028.9770908837436,6004.2022554961404
2025-10-31,00:00-04:00,619.26584259483684,80.735424685513408,6004.2022554961404,6057.1913434138805
2025-10-31,04:00-08:00,973.36439791583746,5107.9022131365082,6004.2022554961404,6057.1913434138805
2025-10-31,08:00-12:00,4746.6491036229927,46.735616666666601,6004.2022554961404,6057.1913434138805
2025-10-31,12:00-16:00,5504.2338700572527,56.556921655114103,6004.2022554961404,6057.1913434138805
2025-10-31,16:00-20:00,124.0821249373206,6127.0624557247038,6004.2022554961404,6057.1913434138805
2025-10-31,20:00-24:00,5059.0742009519945,2324.9195164705179,6004.2022554961404,6057.1913434138805
2025-11-01,00:00-04:00,628.22541534661423,245.91666190740455,6057.1913434138805,8480.377375951768
2025-11-01,04:00-08:00,939.39888214849384,5009.5256439118812,6057.1913434138805,8480.377375951768
2025-11-01,08:00-12:00,5682.1790550350534,18.272566666666609,6057.1913434138805,8480.377375951768
2025-11-01,12:00-16:00,4571.6351263410397,33.122504472212597,6057.1913434138805,8480.377375951768
2025-11-01,16:00-20:00,117.31670182551335,5874.5341273870463,6057.1913434138805,8480.377375951768
2025-11-01,20:00-24:00,7475.0165069114819,2362.9161333333332,6057.1913434138805,8480.377375951768
2025-11-02,00:00-04:00,1585.3620004597149,30.258433333333301,8480.377375951768,7872.769150975053
2025-11-02,04:00-08:00,1805.0713975899957,3719.5981693500039,8480.377375951768,7872.769150975053
2025-11-02,08:00-12:00,6049.8835289833414,4167.2029000000002,8480.377375951768,7872.769150975053
2025-11-02,12:00-16:00,3987.2001522162268,871.5689698651679,8480.377375951768,7872.769150975053
2025-11-02,16:00-20:00,43.059927613358838,5738.1717963149322,8480.377375951768,7872.769150975053
2025-11-02,20:00-24:00,7452.5926574619943,2967.8145617185564,8480.377375951768,7872.769150975053
2025-11-03,00:00-04:00,2107.6603895182525,22.542120396508153,7872.769150975053,8191.0148311347266
2025-11-03,04:00-08:00,1953.2319402267403,3236.2798318934319,7872.769150975053,8191.0148311347266
2025-11-03,08:00-12:00,5321.2443411750219,3963.8820333333329,7872.769150975053,8191.0148311347266
2025-11-03,12:00-16:00,3552.7233493421982,620.02486666666664,7872.769150975053,8191.0148311347266
2025-11-03,16:00-20:00,37.322007530311765,5498.5019355845816,7872.769150975053,8191.0148311347266
2025-11-03,20:00-24:00,7420.1772424932969,2890.1591089132871,7872.769150975053,8191.0148311347266
2025-11-04,00:00-04:00,2115.3280811580657,55.152488409569173,8191.0148311347266,7777.5530389008345
2025-11-04,04:00-08:00,1823.1690872943805,3596.8792238688811,8191.0148311347266,7777.5530389008345
2025-11-04,08:00-12:00,5838.6752152947811,3735.7086166666668,8191.0148311347266,7777.5530389008345
2025-11-04,12:00-16:00,2985.4263375579549,601.87798333333308,8191.0148311347266,7777.5530389008345
2025-11-04,16:00-20:00,0,5811.6508043613912,8191.0148311347266,7777.5530389008345
2025-11-04,20:00-24:00,7366.944678069669,2875.7766498642886,8191.0148311347266,7777.5530389008345
2025-11-05,00:00-04:00,2141.2384616331628,47.481735215857839,7777.5530389008345,8337.1823314205667
2025-11-05,04:00-08:00,1948.4891119004951,3366.0217235749169,7777.5530389008345,8337.1823314205667
2025-11-05,08:00-12:00,5797.649682671683,4274.9791666666661,7777.5530389008345,8337.1823314205667
2025-11-05,12:00-16:00,3956.9558801485928,805.22495000000004,7777.5530389008345,8337.1823314205667
2025-11-05,16:00-20:00,94.272166654621515,5455.2324977304952,7777.5530389008345,8337.1823314205667
2025-11-05,20:00-24:00,7427.0362029038215,2853.5631833333327,7777.5530389008345,8337.1823314205667
2025-11-06,00:00-04:00,1711.5935956524872,122.97456443712053,8337.1823314205667,6351.7252762555017
2025-11-06,04:00-08:00,1715.5834771006562,3609.4035436524873,8337.1823314205667,6351.7252762555017
2025-11-06,08:00-12:00,5450.9759774491122,5467.0994191189457,8337.1823314205667,6351.7252762555017
2025-11-06,12:00-16:00,5828.6222941558235,496.47459999999978,8337.1823314205667,6351.7252762555017
2025-11-06,16:00-20:00,109.0430748616769,5543.4987475299895,8337.1823314205667,6351.7252762555017
2025-11-06,20:00-24:00,5548.3592346378682,3042.4443745346907,8337.1823314205667,6351.7252762555017
2025-11-07,00:00-04:00,448.46030891423044,126.24765315853193,6351.7252762555017,6232.25134570506
2025-11-07,04:00-08:00,1044.3814639749792,5562.702766157493,6351.7252762555017,6232.25134570506
2025-11-07,08:00-12:00,6732.0323317667007,176.93916535418791,6351.7252762555017,6232.25134570506
2025-11-07,12:00-16:00,3959.4923595913219,0,6351.7252762555017,6232.25134570506
2025-11-07,16:00-20:00,0,6124.4605398984531,6351.7252762555017,6232.25134570506
2025-11-07,20:00-24:00,5387.4966037269505,2350.3854979858229,6351.7252762555017,6232.25134570506
2025-11-08,00:00-04:00,978.43842997558681,95.691749999999956,6232.25134570506,8107.203750797752
2025-11-08,04:00-08:00,926.04145389666564,5247.4887328412415,6232.25134570506,8107.203750797752
2025-11-08,08:00-12:00,6122.895164875179,49.758766666666659,6232.25134570506,8107.203750797752
2025-11-08,12:00-16:00,3705.850924553004,0,6232.25134570506,8107.203750797752
2025-11-08,16:00-20:00,5.9467214349338064,6163.0538088498897,6232.25134570506,8107.203750797752
2025-11-08,20:00-24:00,7500.6393294718964,2340.7975166666665,6232.25134570506,8107.203750797752
2025-11-09,00:00-04:00,2101.274232622075,29.259155392692946,8107.203750797752,8089.335054223433
2025-11-09,04:00-08:00,1904.2602034871497,2503.7372397235686,8107.203750797752,8089.335054223433
2025-11-09,08:00-12:00,5741.2847514675123,4545.3632333333335,8107.203750797752,8089.335054223433
2025-11-09,12:00-16:00,3584.2056717627183,1296.2538833333333,8107.203750797752,8089.335054223433
2025-11-09,16:00-20:00,52.126813752073303,5432.9833225019029,8107.203750797752,8089.335054223433
2025-11-09,20:00-24:00,7352.6254699502751,3004.4644784959091,8107.203750797752,8089.335054223433
2025-11-10,00:00-04:00,2170.3365659481869,13.67554999999993,8089.335054223433,7880.8619284698752
2025-11-10,04:00-08:00,1755.0359113826448,2615.4983074467218,8089.335054223433,7880.8619284698752
2025-11-10,08:00-12:00,5430.1399900060715,5176.0312510198619,8089.335054223433,7880.8619284698752
2025-11-10,12:00-16:00,4694.8668244311975,1154.6762132597089,8089.335054223433,7880.8619284698752
2025-11-10,16:00-20:00,48.971666264424016,5856.524019417634,8089.335054223433,7880.8619284698752
2025-11-10,20:00-24:00,7530.011765015799,2891.0042777034173,8089.335054223433,7880.8619284698752
2025-11-11,00:00-04:00,2268.8185218089993,92.359699999999975,7880.8619284698752,8195.0908759974882
2025-11-11,04:00-08:00,1845.7634320736852,2585.230680251183,7880.8619284698752,8195.0908759974882
2025-11-11,08:00-12:00,5895.0857321246858,4966.8996333333325,7880.8619284698752,8195.0908759974882
2025-11-11,12:00-16:00,3787.7014225872254,904.15469999999982,7880.8619284698752,8195.0908759974882
2025-11-11,16:00-20:00,160.33555279693439,5467.9556075920591,7880.8619284698752,8195.0908759974882
2025-11-11,20:00-24:00,7423.2515821698998,3019.1681833333337,7880.8619284698752,8195.0908759974882
2025-11-12,00:00-04:00,2045.6162442914062,8.462866666666514,8195.0908759974882,7985.6762046981466
2025-11-12,04:00-08:00,1850.1088749465057,2336.8691686209795,8195.0908759974882,7985.6762046981466
2025-11-12,08:00-12:00,5885.5081981030762,5221.9529666666667,8195.0908759974882,7985.6762046981466
2025-11-12,12:00-16:00,3792.9047240868813,1083.3486000000003,8195.0908759974882,7985.6762046981466
2025-11-12,16:00-20:00,102.40165389053077,5633.9685504138288,8195.0908759974882,7985.6762046981466
2025-11-12,20:00-24:00,7436.5722375213154,3005.4917174014331,8195.0908759974882,7985.6762046981466
2025-11-13,00:00-04:00,2125.3934135588565,65.60828333333302,7985.6762046981466,7205.6631945809477
2025-11-13,04:00-08:00,1983.8115303915156,2398.1883842603265,7985.6762046981466,7205.6631945809477
2025-11-13,08:00-12:00,5854.5314575803641,4163.8605666666672,7985.6762046981466,7205.6631945809477
2025-11-13,12:00-16:00,3197.4999944951815,1500.0528307490031,7985.6762046981466,7205.6631945809477
2025-11-13,16:00-20:00,93.568216666666103,5668.9239132246803,7985.6762046981466,7205.6631945809477
2025-11-13,20:00-24:00,6555.2668388653337,2951.5356066333852,7985.6762046981466,7205.6631945809477
2025-11-14,00:00-04:00,782.79410042508198,154.84480205674123,7205.6631945809477,7111.1079407686666
2025-11-14,04:00-08:00,849.37082481069001,5531.0180324775838,7205.6631945809477,7111.1079407686666
2025-11-14,08:00-12:00,5841.9342619145973,132.81046666666657,7205.6631945809477,7111.1079407686666
2025-11-14,12:00-16:00,3706.7394958895134,2.9029071841685834,7205.6631945809477,7111.1079407686666
2025-11-14,16:00-20:00,122.71870410920468,6143.7816404162286,7205.6631945809477,7111.1079407686666
2025-11-14,20:00-24:00,6413.647382618622,2470.6777431415126,7205.6631945809477,7111.1079407686666
2025-11-15,00:00-04:00,600.57822474284967,193.26521076531606,7111.1079407686666,8076.2532148891132
2025-11-15,04:00-08:00,832.52066716096147,5833.4770352136529,7111.1079407686666,8076.2532148891132
2025-11-15,08:00-12:00,6328.8056899198873,291.41733333333332,7111.1079407686666,8076.2532148891132
2025-11-15,12:00-16:00,4137.0613843744541,44.983343455159655,7111.1079407686666,8076.2532148891132
2025-11-15,16:00-20:00,98.251501131170244,6112.0615009596895,7111.1079407686666,8076.2532148891132
2025-11-15,20:00-24:00,7473.8466420893819,2427.7267581935967,7111.1079407686666,8076.2532148891132
2025-11-16,00:00-04:00,2094.1554150384659,73.79821666666669,8076.2532148891132,7985.6214416647035
2025-11-16,04:00-08:00,1890.2248754754414,2432.0776740577967,8076.2532148891132,7985.6214416647035
2025-11-16,08:00-12:00,5465.064212690977,5911.0351892400913,8076.2532148891132,7985.6214416647035
2025-11-16,12:00-16:00,5538.8630522243539,1272.2459333333336,8076.2532148891132,7985.6214416647035
2025-11-16,16:00-20:00,116.29427219366154,5491.9365874850573,8076.2532148891132,7985.6214416647035
2025-11-16,20:00-24:00,7306.2226552385673,3053.2428262368144,8076.2532148891132,7985.6214416647035
2025-11-17,00:00-04:00,2049.5136871685936,93.915350000000217,7985.6214416647035,8451.4931173398963
2025-11-17,04:00-08:00,1946.1461464739414,2161.4305585550223,7985.6214416647035,8451.4931173398963
2025-11-17,08:00-12:00,5734.1837845046284,5611.2369999999992,7985.6214416647035,8451.4931173398963
2025-11-17,12:00-16:00,4313.1891527048374,975.33293333333302,7985.6214416647035,8451.4931173398963
2025-11-17,16:00-20:00,113.16788462122904,5333.9414174535868,7985.6214416647035,8451.4931173398963
2025-11-17,20:00-24:00,7477.3401110710474,2928.0262534512526,7985.6214416647035,8451.4931173398963
2025-11-18,00:00-04:00,1534.0853120645243,87.085233333333122,8451.4931173398963,8277.8194611540712
2025-11-18,04:00-08:00,1997.4905179438019,2208.4444978932615,8451.4931173398963,8277.8194611540712
2025-11-18,08:00-12:00,5584.2075797589696,5042.0216833333325,8451.4931173398963,8277.8194611540712
2025-11-18,12:00-16:00,4699.7525972963776,1816.0147178058448,8451.4931173398963,8277.8194611540712
2025-11-18,16:00-20:00,200.39200731631669,5364.3370648748878,8451.4931173398963,8277.8194611540712
2025-11-18,20:00-24:00,7367.6638820184489,2959.1125294093194,8451.4931173398963,8277.8194611540712
2025-11-19,00:00-04:00,1375.0217222005408,77.039178713591582,8277.8194611540712,7934.3480588038865
2025-11-19,04:00-08:00,2037.740599038113,2560.2562246964571,8277.8194611540712,7934.3480588038865
2025-11-19,08:00-12:00,5503.4689952022336,6267.992549999999,8277.8194611540712,7934.3480588038865
2025-11-19,12:00-16:00,6285.6381209466745,1388.3924846537066,8277.8194611540712,7934.3480588038865
2025-11-19,16:00-20:00,220.80400385887287,5352.5918048602198,8277.8194611540712,7934.3480588038865
2025-11-19,20:00-24:00,7315.4156499999999,3080.7041831008037,8277.8194611540712,7934.3480588038865
2025-11-20,00:00-04:00,2158.4984776762876,43.640779725453967,7934.3480588038865,6749.3750099284471
2025-11-20,04:00-08:00,1945.2691597022852,2280.5990780204002,7934.3480588038865,6749.3750099284471
2025-11-20,08:00-12:00,5900.3349862687683,5078.2322166666663,7934.3480588038865,6749.3750099284471
2025-11-20,12:00-16:00,4768.5378674744961,2047.832514359623,7934.3480588038865,6749.3750099284471
2025-11-20,16:00-20:00,160.21645648128367,5403.98961515674,7934.3480588038865,6749.3750099284471
2025-11-20,20:00-24:00,5888.743336348236,3077.6777700596131,7934.3480588038865,6749.3750099284471
2025-11-21,00:00-04:00,645.48639462538176,176.25238333333346,6749.3750099284471,7412.7655312695188
2025-11-21,04:00-08:00,910.66609976477366,5859.2086333333336,6749.3750099284471,7412.7655312695188
2025-11-21,08:00-12:00,6105.5275015775787,249.62334605829508,6749.3750099284471,7412.7655312695188
2025-11-21,12:00-16:00,4639.9681781483177,109.34445782434696,6749.3750099284471,7412.7655312695188
2025-11-21,16:00-20:00,106.54578491839396,5897.1455158019053,6749.3750099284471,7412.7655312695188
2025-11-21,20:00-24:00,6384.8914174001684,2333.7733493538617,6749.3750099284471,7412.7655312695188
2025-11-22,00:00-04:00,403.82254999999981,157.93417833802727,7412.7655312695188,7779.3117084669866
2025-11-22,04:00-08:00,857.86236666666639,5945.8420411936986,7412.7655312695188,7779.3117084669866
2025-11-22,08:00-12:00,5770.2957236032653,406.13419999999996,7412.7655312695188,7779.3117084669866
2025-11-22,12:00-16:00,4768.5396577413758,0,7412.7655312695188,7779.3117084669866
2025-11-22,16:00-20:00,52.68103322365215,6120.0674583317586,7412.7655312695188,7779.3117084669866
2025-11-22,20:00-24:00,7141.0358136307232,2425.4626499999995,7412.7655312695188,7779.3117084669866
2025-11-23,00:00-04:00,2347.9411031531708,156.31530934018883,7779.3117084669866,8035.1937161598589
2025-11-23,04:00-08:00,1819.9819080802695,2267.4858080329914,7779.3117084669866,8035.1937161598589
2025-11-23,08:00-12:00,5551.4252657940087,6673.1970333333338,7779.3117084669866,8035.1937161598589
2025-11-23,12:00-16:00,6230.6553811036902,1103.88535,7779.3117084669866,8035.1937161598589
2025-11-23,16:00-20:00,31.133273456789286,5319.5007141227907,7779.3117084669866,8035.1937161598589
2025-11-23,20:00-24:00,7225.3517166666661,3046.5777833333336,7779.3117084669866,8035.1937161598589
2025-11-24,00:00-04:00,1955.1357506760651,21.56936666666661,8035.1937161598589,7557.8962900140787
2025-11-24,04:00-08:00,1885.5381764810863,2178.1091682750834,8035.1937161598589,7557.8962900140787
2025-11-24,08:00-12:00,6009.0225354009681,5033.4459666666662,8035.1937161598589,7557.8962900140787
2025-11-24,12:00-16:00,4131.6686971447925,1636.3553962341821,8035.1937161598589,7557.8962900140787
2025-11-24,16:00-20:00,68.939699650304064,5447.7213485980483,8035.1937161598589,7557.8962900140787
2025-11-24,20:00-24:00,6982.3030166666667,3148.7788166666669,8035.1937161598589,7557.8962900140787
2025-11-25,00:00-04:00,2633.0332192539795,164.83286666666675,7557.8962900140787,7757.9783803992814
2025-11-25,04:00-08:00,1785.1408698203936,2118.929446580325,7557.8962900140787,7757.9783803992814
2025-11-25,08:00-12:00,5315.7674807625817,6236.716804481247,7557.8962900140787,7757.9783803992814
2025-11-25,12:00-16:00,6178.1464525548236,1450.4188414217754,7557.8962900140787,7757.9783803992814
2025-11-25,16:00-20:00,66.458665376175361,5487.2132487620183,7557.8962900140787,7757.9783803992814
2025-11-25,20:00-24:00,7179.0748833333328,3119.4883833333329,7557.8962900140787,7757.9783803992814
2025-11-26,00:00-04:00,2656.5213810129176,72.043340097536088,7757.9783803992814,8214.0321535231997
2025-11-26,04:00-08:00,1768.2829162152236,2184.9888081744398,7757.9783803992814,8214.0321535231997
2025-11-26,08:00-12:00,5434.2527591288017,6278.1498999999994,7757.9783803992814,8214.0321535231997
2025-11-26,12:00-16:00,6052.0626013097917,1778.5175744360436,7757.9783803992814,8214.0321535231997
2025-11-26,16:00-20:00,243.82925348599349,5422.72370740937,7757.9783803992814,8214.0321535231997
2025-11-26,20:00-24:00,7424.0942947029898,2952.1532708142113,7757.9783803992814,8214.0321535231997
2025-11-27,00:00-04:00,2063.4707388104366,48.70708333333323,8214.0321535231997,7631.5990035647037
2025-11-27,04:00-08:00,1747.1416254535407,1998.386365751142,8214.0321535231997,7631.5990035647037
2025-11-27,08:00-12:00,5621.9252432545472,5408.4838294942219,8214.0321535231997,7631.5990035647037
2025-11-27,12:00-16:00,4846.0992038722325,1814.9660415979065,8214.0321535231997,7631.5990035647037
2025-11-27,16:00-20:00,175.10258195642052,5478.8680401029933,8214.0321535231997,7631.5990035647037
2025-11-27,20:00-24:00,6845.5240593887938,3027.181871399177,8214.0321535231997,7631.5990035647037
2025-11-28,00:00-04:00,581.523512643613,49.415499999999895,7631.5990035647037,7471.4208670765538
2025-11-28,04:00-08:00,922.30076666427658,6116.0516655292213,7631.5990035647037,7471.4208670765538
2025-11-28,08:00-12:00,5413.2804999999998,487.24363333333309,7631.5990035647037,7471.4208670765538
2025-11-28,12:00-16:00,4865.6022213973865,133.2827846098296,7631.5990035647037,7471.4208670765538
2025-11-28,16:00-20:00,31.108410263305302,6295.3704719464286,7631.5990035647037,7471.4208670765538
2025-11-28,20:00-24:00,7053.126527821687,2345.0192378406409,7631.5990035647037,7471.4208670765538
2025-11-29,00:00-04:00,889.40329971489609,107.93501562303595,7471.4208670765538,7570.7575655034425
2025-11-29,04:00-08:00,1047.6161100256813,6052.7218579556102,7471.4208670765538,7570.7575655034425
2025-11-29,08:00-12:00,4275.4014333333334,493.28879999999992,7471.4208670765538,7570.7575655034425
2025-11-29,12:00-16:00,3942.3388498120694,239.87115724319398,7471.4208670765538,7570.7575655034425
2025-11-29,16:00-20:00,186.15063688312301,5815.0648811936026,7471.4208670765538,7570.7575655034425
2025-11-29,20:00-24:00,7155.7277340984747,1373.9920911330928,7471.4208670765538,7570.7575655034425
2025-11-30,00:00-04:00,2750.4661132935362,151.5019480217228,7570.7575655034425,7697.0800359530331
2025-11-30,04:00-08:00,1958.4690788999742,2086.1794376171711,7570.7575655034425,7697.0800359530331
2025-11-30,08:00-12:00,4979.3436794987483,6831.1242653288873,7570.7575655034425,7697.0800359530331
2025-11-30,12:00-16:00,5690.2926929596861,2343.0297186877197,7570.7575655034425,7697.0800359530331
2025-11-30,16:00-20:00,206.46511027114366,5481.2185284123279,7570.7575655034425,7697.0800359530331
2025-11-30,20:00-24:00,7383.1603249272393,1597.4954484063182,7570.7575655034425,7697.0800359530331
2025-12-01,00:00-04:00,1833.0525601168015,496.93605753325824,7697.0800359530331,7586.5063348616904
2025-12-01,04:00-08:00,1434.2268300947312,2677.1594971711324,7697.0800359530331,7586.5063348616904
2025-12-01,08:00-12:00,5365.3616378020251,5319.7727837246803,7697.0800359530331,7586.5063348616904
2025-12-01,12:00-16:00,6165.9573792750916,2794.6953268558937,7697.0800359530331,7586.5063348616904
2025-12-01,16:00-20:00,165.78281386626315,5575.2613578195187,7697.0800359530331,7586.5063348616904
2025-12-01,20:00-24:00,7291.8761045788342,1263.2597417220597,7697.0800359530331,7586.5063348616904
2025-12-02,00:00-04:00,1697.3357585795334,325.05304408018424,7586.5063348616904,7466.9021244444448
2025-12-02,04:00-08:00,1421.1506417851033,2782.5883170344332,7586.5063348616904,7466.9021244444448
2025-12-02,08:00-12:00,4637.5995200496527,5166.1883245562549,7586.5063348616904,7466.9021244444448
2025-12-02,12:00-16:00,6116.7013926421632,2680.5239858182372,7586.5063348616904,7466.9021244444448
2025-12-02,16:00-20:00,86.368100437777116,5874.8371077782795,7586.5063348616904,7466.9021244444448
2025-12-02,20:00-24:00,7006.4035333333322,260.55575703845057,7586.5063348616904,7466.9021244444448
2025-12-03,00:00-04:00,1838.5810936561447,297.55306263840259,7466.9021244444448,7433.3923643210519
2025-12-03,04:00-08:00,1372.2316819614016,2392.9760603099576,7466.9021244444448,7433.3923643210519
2025-12-03,08:00-12:00,4889.7060377220077,5550.4411373018502,7466.9021244444448,7433.3923643210519
2025-12-03,12:00-16:00,6093.8037336691832,2966.4591819377433,7466.9021244444448,7433.3923643210519
2025-12-03,16:00-20:00,113.88022186611749,5544.8985590044631,7466.9021244444448,7433.3923643210519
2025-12-03,20:00-24:00,6946.7506533874066,494.34305495106724,7466.9021244444448,7433.3923643210519
2025-12-04,00:00-04:00,1744.1400005181049,182.43407256692475,7433.3923643210519,7469.1690385415604
2025-12-04,04:00-08:00,1514.1120448928839,2255.9010850692412,7433.3923643210519,7469.1690385415604
2025-12-04,08:00-12:00,5622.3050501935804,5810.9021270356825,7433.3923643210519,7469.1690385415604
2025-12-04,12:00-16:00,7398.283228489895,2254.8301498124652,7433.3923643210519,7469.1690385415604
2025-12-04,16:00-20:00,72.838457051135606,5712.3188525194764,7433.3923643210519,7469.1690385415604
2025-12-04,20:00-24:00,6976.6343839399869,2647.3483699170783,7433.3923643210519,7469.1690385415604
2025-12-05,00:00-04:00,2337.6223050287908,399.68734629577574,7469.1690385415604,7833.760210197036
2025-12-05,04:00-08:00,787.0953475496874,7222.3978691061011,7469.1690385415604,7833.760210197036
2025-12-05,08:00-12:00,4610.0053424250264,551.18821787409638,7469.1690385415604,7833.760210197036
2025-12-05,12:00-16:00,4773.8678789445576,103.44530065678967,7469.1690385415604,7833.760210197036
2025-12-05,16:00-20:00,169.26595301772204,6167.7546958998228,7469.1690385415604,7833.760210197036
2025-12-05,20:00-24:00,7370.8446779967071,1466.842734697108,7469.1690385415604,7833.760210197036
2025-12-06,00:00-04:00,1808.1943748415615,407.61915653142046,7833.760210197036,8308.496371561283
2025-12-06,04:00-08:00,815.34936893621,7407.4161997063165,7833.760210197036,8308.496371561283
2025-12-06,08:00-12:00,2667.9178443232772,280.41926539959337,7833.760210197036,8308.496371561283
2025-12-06,12:00-16:00,5628.0417864652527,23.390721984526511,7833.760210197036,8308.496371561283
2025-12-06,16:00-20:00,103.60880610757221,6119.0547941029763,7833.760210197036,8308.496371561283
2025-12-06,20:00-24:00,7926.6619137899434,684.15433356303458,7833.760210197036,8308.496371561283
2025-12-07,00:00-04:00,1373.2925851564405,654.9405868911997,8308.496371561283,8185.9969353456181
2025-12-07,04:00-08:00,1518.9859427804377,2356.731660455041,8308.496371561283,8185.9969353456181
2025-12-07,08:00-12:00,5560.815729339256,5728.7200946877838,8308.496371561283,8185.9969353456181
2025-12-07,12:00-16:00,7182.2777520646259,2814.8457107580748,8308.496371561283,8185.9969353456181
2025-12-07,16:00-20:00,89.42089965151456,5729.7735710024681,8308.496371561283,8185.9969353456181
2025-12-07,20:00-24:00,7809.8296195198218,1888.2821168943328,8308.496371561283,8185.9969353456181
2025-12-08,00:00-04:00,2227.8549162826475,321.29342409261619,8185.9969353456181,8781.3480862199958
2025-12-08,04:00-08:00,2538.7227886128103,2016.7449164794327,8185.9969353456181,8781.3480862199958
2025-12-08,08:00-12:00,6321.7864063141205,5557.2699697270009,8185.9969353456181,8781.3480862199958
2025-12-08,12:00-16:00,4833.2351543241184,2648.5843365943028,8185.9969353456181,8781.3480862199958
2025-12-08,16:00-20:00,76.199385934003644,5397.8741000263562,8185.9969353456181,8781.3480862199958
2025-12-08,20:00-24:00,8033.8380190970202,2988.0429204507791,8185.9969353456181,8781.3480862199958
2025-12-09,00:00-04:00,2248.5179494674958,4.5128166666665948,8781.3480862199958,8480.3341453908815
2025-12-09,04:00-08:00,702.97614445174258,1330.3993810689044,8781.3480862199958,8480.3341453908815
2025-12-09,08:00-12:00,6527.8440035768963,6156.5107237507582,8781.3480862199958,8480.3341453908815
2025-12-09,12:00-16:00,5219.1220901098213,2597.5431080724925,8781.3480862199958,8480.3341453908815
2025-12-09,16:00-20:00,0,5431.2350065234359,8781.3480862199958,8480.3341453908815
2025-12-09,20:00-24:00,7798.3724258705206,2973.1459275798943,8781.3480862199958,8480.3341453908815
2025-12-10,00:00-04:00,2577.4065051212406,0,8480.3341453908815,8353.596808085098
2025-12-10,04:00-08:00,794.61186461635793,1332.7377728296929,8480.3341453908815,8353.596808085098
2025-12-10,08:00-12:00,6127.7114043892761,5714.807163752851,8480.3341453908815,8353.596808085098
2025-12-10,12:00-16:00,4881.8546778218279,2513.9588000809008,8480.3341453908815,8353.596808085098
2025-12-10,16:00-20:00,75.656275961455833,5597.7374461798481,8480.3341453908815,8353.596808085098
2025-12-10,20:00-24:00,7650.2403882015451,2861.8821247824003,8480.3341453908815,8353.596808085098
2025-12-11,00:00-04:00,2718.2257687943334,0,8353.596808085098,8660.0348638832129
2025-12-11,04:00-08:00,753.7446218180047,1326.7080651680701,8353.596808085098,8660.0348638832129
2025-12-11,08:00-12:00,6325.196084745372,5846.5144548096287,8353.596808085098,8660.0348638832129
2025-12-11,12:00-16:00,4222.9783304461325,1981.3319000000001,8353.596808085098,8660.0348638832129
2025-12-11,16:00-20:00,28.928565499122165,5291.5880359433086,8353.596808085098,8660.0348638832129
2025-12-11,20:00-24:00,7851.096708579129,3017.2010585651815,8353.596808085098,8660.0348638832129
2025-12-12,00:00-04:00,2382.6060565906664,3.9422833333333642,8660.0348638832129,8485.6463720793945
2025-12-12,04:00-08:00,230.07598233040608,4730.7721855282634,8660.0348638832129,8485.6463720793945
2025-12-12,08:00-12:00,5527.4717111182454,1598.6587999999997,8660.0348638832129,8485.6463720793945
2025-12-12,12:00-16:00,2056.5646343640178,0,8660.0348638832129,8485.6463720793945
2025-12-12,16:00-20:00,38.766507045727991,5896.56377070704,8660.0348638832129,8485.6463720793945
2025-12-12,20:00-24:00,7777.8744090674627,2517.8336364731922,8660.0348638832129,8485.6463720793945
2025-12-13,00:00-04:00,2571.5040310228942,0,8485.6463720793945,8556.5799338229408
2025-12-13,04:00-08:00,194.69500722440227,4868.4557687672404,8485.6463720793945,8556.5799338229408
2025-12-13,08:00-12:00,6144.0928331593168,1675.5021666666667,8485.6463720793945,8556.5799338229408
2025-12-13,12:00-16:00,1831.335804184888,73.842216666666744,8485.6463720793945,8556.5799338229408
2025-12-13,16:00-20:00,49.201646090535128,5935.1626983128208,8485.6463720793945,8556.5799338229408
2025-12-13,20:00-24:00,7888.2880328232113,2513.2820011666668,8485.6463720793945,8556.5799338229408
2025-12-14,00:00-04:00,2492.6889624189553,0,8556.5799338229408,8544.3070660067824
2025-12-14,04:00-08:00,739.85513622129702,1226.178085028394,8556.5799338229408,8544.3070660067824
2025-12-14,08:00-12:00,5962.0831783479625,6145.7156334691035,8556.5799338229408,8544.3070660067824
2025-12-14,12:00-16:00,5388.351836702107,2421.2413040323095,8556.5799338229408,8544.3070660067824
2025-12-14,16:00-20:00,66.060534979422272,5266.029640788076,8556.5799338229408,8544.3070660067824
2025-12-14,20:00-24:00,7762.8424677294424,3105.5054319999999,8556.5799338229408,8544.3070660067824
2025-12-15,00:00-04:00,2506.3254822146919,0,8544.3070660067824,8392.7474032803348
2025-12-15,04:00-08:00,732.64787284680892,1323.0102811425227,8544.3070660067824,8392.7474032803348
2025-12-15,08:00-12:00,5783.3437854017475,6290.6716172310007,8544.3070660067824,8392.7474032803348
2025-12-15,12:00-16:00,5698.0289981796595,2279.6748333333335,8544.3070660067824,8392.7474032803348
2025-12-15,16:00-20:00,3.9866666666665651,5399.4346517041777,8544.3070660067824,8392.7474032803348
2025-12-15,20:00-24:00,7681.9039053372162,2992.664048666667,8544.3070660067824,8392.7474032803348
2025-12-16,00:00-04:00,2674.7251074662954,0,8392.7474032803348,8488.4890367058833
2025-12-16,04:00-08:00,727.51589753817029,1282.3565558976061,8392.7474032803348,8488.4890367058833
2025-12-16,08:00-12:00,5885.3652341532597,6384.1056076622981,8392.7474032803348,8488.4890367058833
2025-12-16,12:00-16:00,5505.0163953372621,2149.0348333333332,8392.7474032803348,8488.4890367058833
2025-12-16,16:00-20:00,14.586033333333603,5267.3328515901221,8392.7474032803348,8488.4890367058833
2025-12-16,20:00-24:00,7674.4801951221261,3041.1706604235055,8392.7474032803348,8488.4890367058833
2025-12-17,00:00-04:00,2568.3455147712366,0,8488.4890367058833,8459.2851729297763
2025-12-17,04:00-08:00,709.35250247643933,1253.7997838599626,8488.4890367058833,8459.2851729297763
2025-12-17,08:00-12:00,6413.2832479784483,5978.470588925803,8488.4890367058833,8459.2851729297763
2025-12-17,12:00-16:00,4534.8100595686874,2210.2607333333335,8488.4890367058833,8459.2851729297763
2025-12-17,16:00-20:00,17.945108436213346,5397.4312826348523,8488.4890367058833,8459.2851729297763
2025-12-17,20:00-24:00,7895.4800194711734,3119.0864153333332,8488.4890367058833,8459.2851729297763
2025-12-18,00:00-04:00,2591.7785637255915,17.857816666666736,8459.2851729297763,8489.6281731413019
2025-12-18,04:00-08:00,712.7279029852557,1259.2328150821354,8459.2851729297763,8489.6281731413019
2025-12-18,08:00-12:00,6042.4167001223032,6315.1785431866729,8459.2851729297763,8489.6281731413019
2025-12-18,12:00-16:00,5423.3173508195378,2264.9823000000006,8459.2851729297763,8489.6281731413019
2025-12-18,16:00-20:00,52.833077743819416,5315.4474699879438,8459.2851729297763,8489.6281731413019
2025-12-18,20:00-24:00,7662.7343393118772,3013.4967820000002,8459.2851729297763,8489.6281731413019
2025-12-19,00:00-04:00,2573.0839228471123,4.8633333333333439,8489.6281731413019,8096.4119787449636
2025-12-19,04:00-08:00,314.6001802948756,4692.3047239253265,8489.6281731413019,8096.4119787449636
2025-12-19,08:00-12:00,6353.0115875125121,1621.1751166666663,8489.6281731413019,8096.4119787449636
2025-12-19,12:00-16:00,1164.4718831292266,30.50791666666661,8489.6281731413019,8096.4119787449636
2025-12-19,16:00-20:00,0,6042.2061475147711,8489.6281731413019,8096.4119787449636
2025-12-19,20:00-24:00,7612.6551087020416,2557.2737096634155,8489.6281731413019,8096.4119787449636
2025-12-20,00:00-04:00,3003.9866902833751,0,8096.4119787449636,8211.9569394454957
2025-12-20,04:00-08:00,347.90023829730563,4487.996600371308,8096.4119787449636,8211.9569394454957
2025-12-20,08:00-12:00,6322.6878749236184,2062.8946166666669,8096.4119787449636,8211.9569394454957
2025-12-20,12:00-16:00,1499.0636362086741,66.526699999999892,8096.4119787449636,8211.9569394454957
2025-12-20,16:00-20:00,0.10668699475799157,6097.3958430379444,8096.4119787449636,8211.9569394454957
2025-12-20,20:00-24:00,7601.1677035882349,2388.8751678333333,8096.4119787449636,8211.9569394454957
2025-12-21,00:00-04:00,2877.9672895050035,1.9147500000001401,8211.9569394454957,8482.0873111991605
2025-12-21,04:00-08:00,744.16704980154395,1363.5881451638224,8211.9569394454957,8482.0873111991605
2025-12-21,08:00-12:00,5744.7727032469229,6030.567314431476,8211.9569394454957,8482.0873111991605
2025-12-21,12:00-16:00,5380.5230571514921,2220.1094166666667,8211.9569394454957,8482.0873111991605
2025-12-21,16:00-20:00,19.347736625513789,5541.6715912255659,8211.9569394454957,8482.0873111991605
2025-12-21,20:00-24:00,7860.5360946149895,2927.1557320000002,8211.9569394454957,8482.0873111991605
2025-12-22,00:00-04:00,2544.8702597787092,0,8482.0873111991605,8140.5655269578956
2025-12-22,04:00-08:00,759.89667058343866,1279.6987189059885,8482.0873111991605,8140.5655269578956
2025-12-22,08:00-12:00,6246.1982227370454,6210.9107590490612,8482.0873111991605,8140.5655269578956
2025-12-22,12:00-16:00,5261.9686302865739,2421.7454666666663,8482.0873111991605,8140.5655269578956
2025-12-22,16:00-20:00,6.9320987654325057,5532.5596816915895,8482.0873111991605,8140.5655269578956
2025-12-22,20:00-24:00,7738.6654620519839,3134.8653683084103,8482.0873111991605,8140.5655269578956
2025-12-23,00:00-04:00,2954.927192269005,0,8140.5655269578956,8530.725680057325
2025-12-23,04:00-08:00,723.09429259989656,1251.2381160181292,8140.5655269578956,8530.725680057325
2025-12-23,08:00-12:00,6430.4579830287666,5854.7587181467388,8140.5655269578956,8530.725680057325
2025-12-23,12:00-16:00,4563.5604825995706,2384.8644999999997,8140.5655269578956,8530.725680057325
2025-12-23,16:00-20:00,50.143508485319025,5377.6029370132655,8140.5655269578956,8530.725680057325
2025-12-23,20:00-24:00,7797.0166121708808,3020.9436486666659,8140.5655269578956,8530.725680057325
2025-12-24,00:00-04:00,2521.4159110474161,0,8530.725680057325,8354.1185983885789
2025-12-24,04:00-08:00,700.37766708549157,1315.1094929438193,8530.725680057325,8354.1185983885789
2025-12-24,08:00-12:00,6246.1353533373012,6030.2321022905817,8530.725680057325,8354.1185983885789
2025-12-24,12:00-16:00,5103.5638228114749,2415.2206477853579,8530.725680057325,8354.1185983885789
2025-12-24,16:00-20:00,103.62151714686115,5603.1520861011304,8530.725680057325,8354.1185983885789
2025-12-24,20:00-24:00,7764.2234721340237,2971.0956166666665,8530.725680057325,8354.1185983885789
2025-12-25,00:00-04:00,2722.6764956176303,4.0747000000001208,8354.1185983885789,8309.7474187836779
2025-12-25,04:00-08:00,800.38026263269865,1356.4947612120195,8354.1185983885789,8309.7474187836779
2025-12-25,08:00-12:00,6102.2051333373311,5699.4815181032573,8354.1185983885789,8309.7474187836779
2025-12-25,12:00-16:00,4517.6854015385488,2206.652983803589,8354.1185983885789,8309.7474187836779
2025-12-25,16:00-20:00,26.636232391294357,5636.6564432942005,8354.1185983885789,8309.7474187836779
2025-12-25,20:00-24:00,7894.0560266181983,3008.121692461254,8354.1185983885789,8309.7474187836779
2025-12-26,00:00-04:00,2773.0378474420031,4.9333333333332803,8309.7474187836779,9002.4220312605721
2025-12-26,04:00-08:00,218.32166856825609,4775.7495166666668,8309.7474187836779,9002.4220312605721
2025-12-26,08:00-12:00,6362.9040400001477,1738.8788666666669,8309.7474187836779,9002.4220312605721
2025-12-26,12:00-16:00,1703.8726659171898,196.3013,8309.7474187836779,9002.4220312605721
2025-12-26,16:00-20:00,0,5810.3036833333335,8309.7474187836779,9002.4220312605721
2025-12-26,20:00-24:00,7933.5325275488394,2233.6778358467145,8309.7474187836779,9002.4220312605721
2025-12-27,00:00-04:00,1997.3088541549191,0,9002.4220312605721,8554.2621149153474
2025-12-27,04:00-08:00,153.84704599858003,4636.404504987473,9002.4220312605721,8554.2621149153474
2025-12-27,08:00-12:00,5850.2426487313278,1699.5235666666663,9002.4220312605721,8554.2621149153474
2025-12-27,12:00-16:00,1885.8888623512694,54.954559581612479,9002.4220312605721,8554.2621149153474
2025-12-27,16:00-20:00,13.939022393934408,5992.5068606396708,9002.4220312605721,8554.2621149153474
2025-12-27,20:00-24:00,7912.2582361206532,2448.8770153333335,9002.4220312605721,8554.2621149153474
2025-12-28,00:00-04:00,2495.2643167607321,0,8554.2621149153474,8571.3367186829691
2025-12-28,04:00-08:00,691.12777856453181,1298.6812409045583,8554.2621149153474,8571.3367186829691
2025-12-28,08:00-12:00,6384.9734845906496,5996.7832075011402,8554.2621149153474,8571.3367186829691
2025-12-28,12:00-16:00,4089.6715229838483,1748.8115083669152,8554.2621149153474,8571.3367186829691
2025-12-28,16:00-20:00,28.084447630843531,5296.4890636858891,8554.2621149153474,8571.3367186829691
2025-12-28,20:00-24:00,7793.8758818496071,3045.0957563786014,8554.2621149153474,8571.3367186829691
2025-12-29,00:00-04:00,2476.2925347966993,0,8571.3367186829691,8451.3279337648419
2025-12-29,04:00-08:00,688.15145642391826,1235.4865362087585,8571.3367186829691,8451.3279337648419
2025-12-29,08:00-12:00,6496.3427815529867,5586.1880455553601,8571.3367186829691,8451.3279337648419
2025-12-29,12:00-16:00,4167.680758259411,2373.5871651872994,8571.3367186829691,8451.3279337648419
2025-12-29,16:00-20:00,109.88058711950166,5400.8570136657199,8571.3367186829691,8451.3279337648419
2025-12-29,20:00-24:00,7668.3518252929416,3013.3161,8571.3367186829691,8451.3279337648419
2025-12-30,00:00-04:00,2609.6356291501734,0,8451.3279337648419,7917.2537491869944
2025-12-30,04:00-08:00,741.87721175825152,1347.5195627766038,8451.3279337648419,7917.2537491869944
2025-12-30,08:00-12:00,6014.7116378244245,6613.2958145886823,8451.3279337648419,7917.2537491869944
2025-12-30,12:00-16:00,5274.2180566296092,1784.1382166666665,8451.3279337648419,7917.2537491869944
2025-12-30,16:00-20:00,5.3433333333332484,5513.2048467607456,8451.3279337648419,7917.2537491869944
2025-12-30,20:00-24:00,7322.1069199947005,3016.5014841666662,8451.3279337648419,7917.2537491869944
2025-12-31,00:00-04:00,3067.6227016674698,11.653265722384008,7917.2537491869944,8246.9639893674084
2025-12-31,04:00-08:00,1084.1748714312812,1507.4104652574836,7917.2537491869944,8246.9639893674084
2025-12-31,08:00-12:00,5797.118139774223,7643.958048083241,7917.2537491869944,8246.9639893674084
2025-12-31,12:00-16:00,7297.7955248891403,2212.3426977925101,7917.2537491869944,8246.9639893674084
2025-12-31,16:00-20:00,0,5246.7367050608136,7917.2537491869944,8246.9639893674084
2025-12-31,20:00-24:00,7408.257119118085,3051.6839709941682,7917.2537491869944,8246.9639893674084
