date,interval,charge_kwh,discharge_kwh,soc_at_0000,soc_at_2400
2025-02-01,00:00-04:00,2265.921668424744,0,8482.7663850000008,8846.2315124877714
2025-02-01,04:00-08:00,308.78234824191935,6268.5318964171483,8482.7663850000008,8846.2315124877714
2025-02-01,08:00-12:00,5188.813322391974,668.4760168494912,8482.7663850000008,8846.2315124877714
2025-02-01,12:00-16:00,3378.3555611864895,98.604714071375923,8482.7663850000008,8846.2315124877714
2025-02-01,16:00-20:00,128.6581276730746,5682.4120908739114,8482.7663850000008,8846.2315124877714
2025-02-01,20:00-24:00,7584.7324862767218,2227.6201135469692,8482.7663850000008,8846.2315124877714
2025-02-02,00:00-04:00,1514.1911516410255,0,8846.2315124877714,8603.1508781546127
2025-02-02,04:00-08:00,1595.3454658323628,1473.0936192170002,8846.2315124877714,8603.1508781546127
2025-02-02,08:00-12:00,5893.0405501129235,6289.5908072969487,8846.2315124877714,8603.1508781546127
2025-02-02,12:00-16:00,4407.4547854280336,1354.7586740166744,8846.2315124877714,8603.1508781546127
2025-02-02,16:00-20:00,27.691669882775525,5444.6010428172476,8846.2315124877714,8603.1508781546127
2025-02-02,20:00-24:00,7774.7797277467171,2838.8561415734848,8846.2315124877714,8603.1508781546127
2025-02-03,00:00-04:00,1782.8741684259248,38.686226990731598,8603.1508781546127,8498.5090218130445
2025-02-03,04:00-08:00,1705.9892641642889,1454.0237042040262,8603.1508781546127,8498.5090218130445
2025-02-03,08:00-12:00,5804.4945715769927,6345.8695858625233,8603.1508781546127,8498.5090218130445
2025-02-03,12:00-16:00,4698.9446008346004,1518.0213833333332,8603.1508781546127,8498.5090218130445
2025-02-03,16:00-20:00,32.729111644986105,5393.904275193112,8603.1508781546127,8498.5090218130445
2025-02-03,20:00-24:00,7638.2668997724513,2890.9443744232708,8603.1508781546127,8498.5090218130445
2025-02-04,00:00-04:00,2017.4744603342861,0,8498.5090218130445,8621.8660891032523
2025-02-04,04:00-08:00,1429.6227609096086,1493.5170649951835,8498.5090218130445,8621.8660891032523
2025-02-04,08:00-12:00,5694.769155135582,7002.2227635008658,8498.5090218130445,8621.8660891032523
2025-02-04,12:00-16:00,6308.4575640435132,2164.1304038988669,8498.5090218130445,8621.8660891032523
2025-02-04,16:00-20:00,320.56734225617413,5348.9825698633249,8498.5090218130445,8621.8660891032523
2025-02-04,20:00-24:00,7621.215375566313,2827.7322303594078,8498.5090218130445,8621.8660891032523
2025-02-05,00:00-04:00,1586.0248048730389,46.887888509147956,8621.8660891032523,8406.5029047910048
2025-02-05,04:00-08:00,1861.5425922302775,1599.1829912286794,8621.8660891032523,8406.5029047910048
2025-02-05,08:00-12:00,5397.8431859225384,7346.6521199796189,8621.8660891032523,8406.5029047910048
2025-02-05,12:00-16:00,6602.0883608315698,1559.4306249999997,8621.8660891032523,8406.5029047910048
2025-02-05,16:00-20:00,22.934306336121494,5509.1840581881397,8621.8660891032523,8406.5029047910048
2025-02-05,20:00-24:00,7659.0105621282255,2867.3386709560773,8621.8660891032523,8406.5029047910048
2025-02-06,00:00-04:00,1848.0507974054817,8.4966744381872559,8406.5029047910048,8521.3909407976007
2025-02-06,04:00-08:00,1718.4042646860062,1539.7051932953332,8406.5029047910048,8521.3909407976007
2025-02-06,08:00-12:00,5638.9133394483961,6505.7111408737337,8406.5029047910048,8521.3909407976007
2025-02-06,12:00-16:00,5580.5905892987457,1768.5663882839476,8406.5029047910048,8521.3909407976007
2025-02-06,16:00-20:00,41.182519279076764,5202.8005124093379,8406.5029047910048,8521.3909407976007
2025-02-06,20:00-24:00,7485.9094806800313,2944.892160839699,8406.5029047910048,8521.3909407976007
2025-02-07,00:00-04:00,2063.9757677108882,10.573237499887,8521.3909407976007,8668.6901008659515
2025-02-07,04:00-08:00,480.86545547681482,6178.7140393360796,8521.3909407976007,8668.6901008659515
2025-02-07,08:00-12:00,5090.9176166666666,1115.3134500000001,8521.3909407976007,8668.6901008659515
2025-02-07,12:00-16:00,3914.0545923902214,25.706790838408722,8521.3909407976007,8668.6901008659515
2025-02-07,16:00-20:00,31.736778812851725,5831.5676348302122,8521.3909407976007,8668.6901008659515
2025-02-07,20:00-24:00,7508.1759587103352,2168.2338009458017,8521.3909407976007,8668.6901008659515
2025-02-08,00:00-04:00,769.08482993703024,36.759957791522197,8668.6901008659515,8557.9555271541649
2025-02-08,04:00-08:00,901.83714576596753,6267.169193385821,8668.6901008659515,8557.9555271541649
2025-02-08,08:00-12:00,5683.8243717224041,376.85931666666664,8668.6901008659515,8557.9555271541649
2025-02-08,12:00-16:00,3261.2627600618266,15.141217351508317,8668.6901008659515,8557.9555271541649
2025-02-08,16:00-20:00,97.083732582388052,5946.7379432405005,8668.6901008659515,8557.9555271541649
2025-02-08,20:00-24:00,7728.787579020408,2394.9166273675055,8668.6901008659515,8557.9555271541649
2025-02-09,00:00-04:00,1501.9817419787817,8.3196283176080215,8557.9555271541649,8310.9191938564218
2025-02-09,04:00-08:00,2011.1852959065832,1686.3947388273,8557.9555271541649,8310.9191938564218
2025-02-09,08:00-12:00,5076.1961302755863,6760.1612691309983,8557.9555271541649,8310.9191938564218
2025-02-09,12:00-16:00,6440.448559557396,1803.7003343592628,8557.9555271541649,8310.9191938564218
2025-02-09,16:00-20:00,181.41388699112997,5650.3306413328582,8557.9555271541649,8310.9191938564218
2025-02-09,20:00-24:00,7700.9834646984491,2872.3154423203709,8557.9555271541649,8310.9191938564218
2025-02-10,00:00-04:00,2004.4037778618958,20.485674203911003,8310.9191938564218,8208.3563538480212
2025-02-10,04:00-08:00,1829.0211181013476,1570.9862339402107,8310.9191938564218,8208.3563538480212
2025-02-10,08:00-12:00,5903.4496492844173,4844.901618693264,8310.9191938564218,8208.3563538480212
2025-02-10,12:00-16:00,2591.3688930511648,1309.3309326554427,8310.9191938564218,8208.3563538480212
2025-02-10,16:00-20:00,28.090865102370444,5406.7308842118873,8310.9191938564218,8208.3563538480212
2025-02-10,20:00-24:00,7420.4571242488983,2959.0722686994213,8310.9191938564218,8208.3563538480212
2025-02-11,00:00-04:00,1990.8403766692184,13.417494360210753,8208.3563538480212,8229.5717177909955
2025-02-11,04:00-08:00,1805.6698231924317,1879.480252827334,8208.3563538480212,8229.5717177909955
2025-02-11,08:00-12:00,5960.5185609689161,5812.0094709642908,8208.3563538480212,8229.5717177909955
2025-02-11,12:00-16:00,3997.6568613508944,1103.9088542783638,8208.3563538480212,8229.5717177909955
2025-02-11,16:00-20:00,70.272928318537794,5527.5365509320582,8208.3563538480212,8229.5717177909955
2025-02-11,20:00-24:00,7532.3559112427884,2943.9782631007261,8208.3563538480212,8229.5717177909955
2025-02-12,00:00-04:00,2122.5468998503857,2.7987857807620458,8229.5717177909955,8142.3456762143087
2025-02-12,04:00-08:00,1658.4310383027462,2105.0605858475828,8229.5717177909955,8142.3456762143087
2025-02-12,08:00-12:00,5884.4937817158152,5374.4285755066448,8229.5717177909955,8142.3456762143087
2025-02-12,12:00-16:00,4430.3053616424004,1621.9060349010888,8229.5717177909955,8142.3456762143087
2025-02-12,16:00-20:00,20.319793417147267,5496.5067558676965,8229.5717177909955,8142.3456762143087
2025-02-12,20:00-24:00,7465.117527155584,2958.5863652033372,8229.5717177909955,8142.3456762143087
2025-02-13,00:00-04:00,1835.7534424257472,110.81369695274498,8142.3456762143087,7389.0097320006098
2025-02-13,04:00-08:00,1950.7131457549301,2333.9423058186985,8142.3456762143087,7389.0097320006098
2025-02-13,08:00-12:00,6038.0948483664069,4149.0327494959874,8142.3456762143087,7389.0097320006098
2025-02-13,12:00-16:00,2142.8381783385848,707.91604438283923,8142.3456762143087,7389.0097320006098
2025-02-13,16:00-20:00,0,5475.6886751338716,8142.3456762143087,7389.0097320006098
2025-02-13,20:00-24:00,6562.0843270430578,2909.4908709704573,8142.3456762143087,7389.0097320006098
2025-02-14,00:00-04:00,358.34183210273153,168.37487214602976,7389.0097320006098,7108.7793228879782
2025-02-14,04:00-08:00,939.39693877208344,6158.7745128478891,7389.0097320006098,7108.7793228879782
2025-02-14,08:00-12:00,4627.5040151044786,213.09401666666668,7389.0097320006098,7108.7793228879782
2025-02-14,12:00-16:00,5939.1209706380305,46.735308014040641,7389.0097320006098,7108.7793228879782
2025-02-14,16:00-20:00,77.008967900963512,6000.046360088405,7389.0097320006098,7108.7793228879782
2025-02-14,20:00-24:00,6224.5826291426038,2379.6061349036604,7389.0097320006098,7108.7793228879782
2025-02-15,00:00-04:00,352.72148312755149,76.786114661740953,7108.7793228879782,8073.8939040892501
2025-02-15,04:00-08:00,947.3423827664426,5848.4231586368733,7108.7793228879782,8073.8939040892501
2025-02-15,08:00-12:00,5214.0690977549602,159.00708333333333,7108.7793228879782,8073.8939040892501
2025-02-15,12:00-16:00,5098.8714485153359,169.92363516187802,7108.7793228879782,8073.8939040892501
2025-02-15,16:00-20:00,54.091838687055201,6022.7580325401423,7108.7793228879782,8073.8939040892501
2025-02-15,20:00-24:00,7537.5539935866254,2410.2655505796465,7108.7793228879782,8073.8939040892501
2025-02-16,00:00-04:00,1933.7767211135258,52.141486309918832,8073.8939040892501,7947.2595827123114
2025-02-16,04:00-08:00,1941.023739447161,3342.2977693161984,8073.8939040892501,7947.2595827123114
2025-02-16,08:00-12:00,5147.2165561049114,5930.6536311083682,8073.8939040892501,7947.2595827123114
2025-02-16,12:00-16:00,6145.0124333932663,719.25134677059214,8073.8939040892501,7947.2595827123114
2025-02-16,16:00-20:00,129.86738180914836,5632.5259805361411,8073.8939040892501,7947.2595827123114
2025-02-16,20:00-24:00,7511.7963411093697,2912.1421453097114,8073.8939040892501,7947.2595827123114
2025-02-17,00:00-04:00,2008.0482682799898,57.955490634943544,7947.2595827123114,8229.9745834467412
2025-02-17,04:00-08:00,2175.5836509212195,3148.9346378945575,7947.2595827123114,8229.9745834467412
2025-02-17,08:00-12:00,5870.2030886045141,4009.476694824365,7947.2595827123114,8229.9745834467412
2025-02-17,12:00-16:00,2804.2757582454369,631.23652158865809,7947.2595827123114,8229.9745834467412
2025-02-17,16:00-20:00,39.752189216687078,5416.8506396886778,7947.2595827123114,8229.9745834467412
2025-02-17,20:00-24:00,7422.1935696400415,2940.3482998832069,7947.2595827123114,8229.9745834467412
2025-02-18,00:00-04:00,1928.9050763643327,34.297465636026118,8229.9745834467412,8382.2572985293591
2025-02-18,04:00-08:00,2047.7441832853317,3471.5795465561814,8229.9745834467412,8382.2572985293591
2025-02-18,08:00-12:00,5781.0147998513339,4334.9916187564268,8229.9745834467412,8382.2572985293591
2025-02-18,12:00-16:00,4070.0365143318513,1046.5459589580428,8229.9745834467412,8382.2572985293591
2025-02-18,16:00-20:00,48.285456537548058,5390.4857864825508,8229.9745834467412,8382.2572985293591
2025-02-18,20:00-24:00,7508.4257299520204,2906.4187058975776,8229.9745834467412,8382.2572985293591
2025-02-19,00:00-04:00,1605.5112620632194,61.3795750942596,8382.2572985293591,7813.2590170888116
2025-02-19,04:00-08:00,2000.4414941372661,3790.3643343407716,8382.2572985293591,7813.2590170888116
2025-02-19,08:00-12:00,5902.8252260948757,5185.3727186892702,8382.2572985293591,7813.2590170888116
2025-02-19,12:00-16:00,5552.0423640149929,1070.8083736180788,8382.2572985293591,7813.2590170888116
2025-02-19,16:00-20:00,125.95741554100749,5391.5071513252133,8382.2572985293591,7813.2590170888116
2025-02-19,20:00-24:00,7107.4672443582822,3071.0047552587062,8382.2572985293591,7813.2590170888116
2025-02-20,00:00-04:00,2588.1443305161906,68.643854026521552,7813.2590170888116,6697.0881874409724
2025-02-20,04:00-08:00,1689.8924016917249,3734.3727600234247,7813.2590170888116,6697.0881874409724
2025-02-20,08:00-12:00,5763.8380239923645,4863.8439418075222,7813.2590170888116,6697.0881874409724
2025-02-20,12:00-16:00,4352.7131103450092,304.68873142415083,7813.2590170888116,6697.0881874409724
2025-02-20,16:00-20:00,36.834297698438036,5258.0666454593047,7813.2590170888116,6697.0881874409724
2025-02-20,20:00-24:00,5624.6181798101088,3020.330492625747,7813.2590170888116,6697.0881874409724
2025-02-21,00:00-04:00,697.87756259827188,60.685341905789642,6697.0881874409724,6527.1803796167142
2025-02-21,04:00-08:00,852.13042441648361,5797.1272936819732,6697.0881874409724,6527.1803796167142
2025-02-21,08:00-12:00,4439.0896294723179,125.67031666666668,6697.0881874409724,6527.1803796167142
2025-02-21,12:00-16:00,5956.7092767938575,31.673543186434312,6697.0881874409724,6527.1803796167142
2025-02-21,16:00-20:00,109.16831902969841,5924.2426702338771,6697.0881874409724,6527.1803796167142
2025-02-21,20:00-24:00,5332.7260270770803,2297.5558652711384,6697.0881874409724,6527.1803796167142
2025-02-22,00:00-04:00,419.93046555893363,93.265623595535189,6527.1803796167142,7936.6805130735984
2025-02-22,04:00-08:00,984.66761259993359,5487.2126779585169,6527.1803796167142,7936.6805130735984
2025-02-22,08:00-12:00,4058.5295922498913,144.0951,6527.1803796167142,7936.6805130735984
2025-02-22,12:00-16:00,6351.8242553924892,154.48873054253258,6527.1803796167142,7936.6805130735984
2025-02-22,16:00-20:00,42.974918571800231,6093.76794041008,6527.1803796167142,7936.6805130735984
2025-02-22,20:00-24:00,7423.9567841562912,2376.9455464909042,6527.1803796167142,7936.6805130735984
2025-02-23,00:00-04:00,2403.3876897622695,73.899428162679072,7936.6805130735984,8119.607545982054
2025-02-23,04:00-08:00,1716.0346480833921,3909.3034110356857,7936.6805130735984,8119.607545982054
2025-02-23,08:00-12:00,5818.7305193633001,4875.6916979595226,7936.6805130735984,8119.607545982054
2025-02-23,12:00-16:00,4830.3586580497767,526.61225196793089,7936.6805130735984,8119.607545982054
2025-02-23,16:00-20:00,0,5303.7291693289499,7936.6805130735984,8119.607545982054
2025-02-23,20:00-24:00,7248.6998986702465,2980.0709572101018,7936.6805130735984,8119.607545982054
2025-02-24,00:00-04:00,2451.6260781742008,27.089014089159264,8119.607545982054,8004.0638518481555
2025-02-24,04:00-08:00,1485.4891097990767,3953.0620524019841,8119.607545982054,8004.0638518481555
2025-02-24,08:00-12:00,5892.8094961035586,3620.4773949598457,8119.607545982054,8004.0638518481555
2025-02-24,12:00-16:00,3175.1706189230581,550.81936694797798,8119.607545982054,8004.0638518481555
2025-02-24,16:00-20:00,30.18286167412009,5294.1614288683968,8119.607545982054,8004.0638518481555
2025-02-24,20:00-24:00,7254.4225956973169,3093.0376833539203,8119.607545982054,8004.0638518481555
2025-02-25,00:00-04:00,2315.2345010967456,27.931631454352353,8004.0638518481555,8002.1033277379793
2025-02-25,04:00-08:00,1605.6957130580877,4194.5507896111267,8004.0638518481555,8002.1033277379793
2025-02-25,08:00-12:00,6283.5373651602413,3029.3691473557856,8004.0638518481555,8002.1033277379793
2025-02-25,12:00-16:00,2298.9102889538317,362.35759956241191,8004.0638518481555,8002.1033277379793
2025-02-25,16:00-20:00,9.0702682779163588,5404.5636238662519,8004.0638518481555,8002.1033277379793
2025-02-25,20:00-24:00,7201.8390492886319,2951.5643003759569,8004.0638518481555,8002.1033277379793
2025-02-26,00:00-04:00,2108.244548216544,21.550095486075293,8002.1033277379793,7921.7128078075393
2025-02-26,04:00-08:00,1851.150088551065,4378.1526766060288,8002.1033277379793,7921.7128078075393
2025-02-26,08:00-12:00,5879.3633864867097,3362.150802318557,8002.1033277379793,7921.7128078075393
2025-02-26,12:00-16:00,3612.1473325601751,856.32617434209851,8002.1033277379793,7921.7128078075393
2025-02-26,16:00-20:00,107.76876885241381,5572.1809590668345,8002.1033277379793,7921.7128078075393
2025-02-26,20:00-24:00,7488.304322110198,2930.0433020072578,8002.1033277379793,7921.7128078075393
2025-02-27,00:00-04:00,2374.0534340787121,48.35275917902004,7921.7128078075393,6012.3301703305769
2025-02-27,04:00-08:00,1694.5055500888066,4726.8439698157963,7921.7128078075393,6012.3301703305769
2025-02-27,08:00-12:00,6208.8679431843721,4551.4028637405354,7921.7128078075393,6012.3301703305769
2025-02-27,12:00-16:00,5136.2422558663202,568.01397269818835,7921.7128078075393,6012.3301703305769
2025-02-27,16:00-20:00,11.865222449900898,5639.0832397608592,7921.7128078075393,6012.3301703305769
2025-02-27,20:00-24:00,5310.9419977526031,2981.2934553056512,7921.7128078075393,6012.3301703305769
2025-02-28,00:00-04:00,655.55469432571658,48.004709626330452,6012.3301703305769,6065.9512859176421
2025-02-28,04:00-08:00,914.94145885614216,5318.0984520224156,6012.3301703305769,6065.9512859176421
2025-02-28,08:00-12:00,2398.4463915143942,45.653383333333366,6012.3301703305769,6065.9512859176421
2025-02-28,12:00-16:00,8034.1783720367694,1.8685508691894483,6012.3301703305769,6065.9512859176421
2025-02-28,16:00-20:00,87.516780774655729,6029.3819015553454,6012.3301703305769,6065.9512859176421
2025-02-28,20:00-24:00,5041.9562253486747,2386.1350760786768,6012.3301703305769,6065.9512859176421
2025-03-01,00:00-04:00,759.71163220904145,31.800909240989824,6065.9512859176421,7862.5448088703533
2025-03-01,04:00-08:00,1245.6339517055587,4698.989383687418,6065.9512859176421,7862.5448088703533
2025-03-01,08:00-12:00,2482.716162970024,11.433066666666642,6065.9512859176421,7862.5448088703533
2025-03-01,12:00-16:00,6626.5891201143813,79.451246980081805,6065.9512859176421,7862.5448088703533
2025-03-01,16:00-20:00,50.329695454752198,6310.4391777967376,6065.9512859176421,7862.5448088703533
2025-03-01,20:00-24:00,7409.2617183879865,2296.0882924524794,6065.9512859176421,7862.5448088703533
2025-03-02,00:00-04:00,2566.1916999739333,0,7862.5448088703533,7773.9958922370897
2025-03-02,04:00-08:00,1615.370798523285,4354.7126946623885,7862.5448088703533,7773.9958922370897
2025-03-02,08:00-12:00,4334.9305018113582,4083.5253190753806,7862.5448088703533,7773.9958922370897
2025-03-02,12:00-16:00,3205.0367136661071,1054.6719437556262,7862.5448088703533,7773.9958922370897
2025-03-02,16:00-20:00,32.350853971098672,5775.984458706318,7862.5448088703533,7773.9958922370897
2025-03-02,20:00-24:00,7306.6396961082046,249.82102265395409,7862.5448088703533,7773.9958922370897
2025-03-03,00:00-04:00,2442.1230407334442,49.977942202211693,7773.9958922370897,7682.0479862069333
2025-03-03,04:00-08:00,1735.8893650346822,4753.3716312920005,7773.9958922370897,7682.0479862069333
2025-03-03,08:00-12:00,4997.0568362916256,4497.4367781913488,7773.9958922370897,7682.0479862069333
2025-03-03,12:00-16:00,4786.8097519906023,1280.1225623766172,7773.9958922370897,7682.0479862069333
2025-03-03,16:00-20:00,78.458713068963135,5633.6189030253308,7773.9958922370897,7682.0479862069333
2025-03-03,20:00-24:00,7213.127248467089,1083.5319123646188,7773.9958922370897,7682.0479862069333
2025-03-04,00:00-04:00,2070.3339962558957,92.505700586821831,7682.0479862069333,7974.4496095156137
2025-03-04,04:00-08:00,1927.0062102500085,3747.5261335557584,7682.0479862069333,7974.4496095156137
2025-03-04,08:00-12:00,5448.2767676667518,4322.9443831594544,7682.0479862069333,7974.4496095156137
2025-03-04,12:00-16:00,5032.4308402912893,832.61191957438825,7682.0479862069333,7974.4496095156137
2025-03-04,16:00-20:00,176.92191977617131,5457.0607074672807,7682.0479862069333,7974.4496095156137
2025-03-04,20:00-24:00,7230.198174249017,3011.1757005546815,7682.0479862069333,7974.4496095156137
2025-03-05,00:00-04:00,2005.9220952444236,5.5971757756219631,7974.4496095156137,7905.9074264423616
2025-03-05,04:00-08:00,1793.1610860631624,3689.4166140034808,7974.4496095156137,7905.9074264423616
2025-03-05,08:00-12:00,6158.2604833333335,3157.9047833333329,7974.4496095156137,7905.9074264423616
2025-03-05,12:00-16:00,2764.0481993460435,908.41348528105368,7974.4496095156137,7905.9074264423616
2025-03-05,16:00-20:00,0.21651661942491449,5430.69221995516,7974.4496095156137,7905.9074264423616
2025-03-05,20:00-24:00,7255.6027212483341,3051.2046789195988,7974.4496095156137,7905.9074264423616
2025-03-06,00:00-04:00,2132.7115741610532,37.945854675148553,7905.9074264423616,5716.3803877684741
2025-03-06,04:00-08:00,1823.5346860375575,3657.7613727687435,7905.9074264423616,5716.3803877684741
2025-03-06,08:00-12:00,6207.9424479120744,3125.0679245089518,7905.9074264423616,5716.3803877684741
2025-03-06,12:00-16:00,2583.8860498092276,910.30505069761011,7905.9074264423616,5716.3803877684741
2025-03-06,16:00-20:00,100.29545330813411,5542.0369217143962,7905.9074264423616,5716.3803877684741
2025-03-06,20:00-24:00,4797.7783620524369,2990.8375547988462,7905.9074264423616,5716.3803877684741
2025-03-07,00:00-04:00,620.49585344654065,0,5716.3803877684741,4993.4952832886665
2025-03-07,04:00-08:00,1261.6328124901775,4137.6816833333332,5716.3803877684741,4993.4952832886665
2025-03-07,08:00-12:00,7505.0664706465923,0,5716.3803877684741,4993.4952832886665
2025-03-07,12:00-16:00,1369.5200909990428,127.45633978164194,5716.3803877684741,4993.4952832886665
2025-03-07,16:00-20:00,165.21144271467915,5997.1593582844725,5716.3803877684741,4993.4952832886665
2025-03-07,20:00-24:00,3759.7839759132039,2280.484836062672,5716.3803877684741,4993.4952832886665
2025-03-08,00:00-04:00,338.76580686930811,72.136160338309764,4993.4952832886665,8153.1333717127263
2025-03-08,04:00-08:00,815.86601148782393,4277.2613674907698,4993.4952832886665,8153.1333717127263
2025-03-08,08:00-12:00,8014.9246102718798,0,4993.4952832886665,8153.1333717127263
2025-03-08,12:00-16:00,2651.7420563947835,0,4993.4952832886665,8153.1333717127263
2025-03-08,16:00-20:00,21.660918306659166,5962.8884097212776,4993.4952832886665,8153.1333717127263
2025-03-08,20:00-24:00,7305.0529152818453,2353.9297609439586,4993.4952832886665,8153.1333717127263
2025-03-09,00:00-04:00,1435.6023663960614,134.68758885451996,8153.1333717127263,7846.6032942463271
2025-03-09,04:00-08:00,1593.7300300689747,5126.2458892531013,8153.1333717127263,7846.6032942463271
2025-03-09,08:00-12:00,6001.8202592471207,3177.3516666666674,8153.1333717127263,7846.6032942463271
2025-03-09,12:00-16:00,4949.8359577440197,504.1356666666664,8153.1333717127263,7846.6032942463271
2025-03-09,16:00-20:00,29.963777001735465,5557.711811759802,8153.1333717127263,7846.6032942463271
2025-03-09,20:00-24:00,7304.7444635071442,3041.4588982306977,8153.1333717127263,7846.6032942463271
2025-03-10,00:00-04:00,1903.4231948639481,139.94071260458645,7846.6032942463271,7659.9921198829506
2025-03-10,04:00-08:00,1527.4696422810121,5081.3805957216155,7846.6032942463271,7659.9921198829506
2025-03-10,08:00-12:00,5390.143580064564,3539.6448545829148,7846.6032942463271,7659.9921198829506
2025-03-10,12:00-16:00,4834.6368525334365,413.50975,7846.6032942463271,7659.9921198829506
2025-03-10,16:00-20:00,244.30426489426407,5741.6098417927788,7846.6032942463271,7659.9921198829506
2025-03-10,20:00-24:00,7220.9872023822691,2359.8457392109372,7846.6032942463271,7659.9921198829506
2025-03-11,00:00-04:00,2204.0705671025389,25.091630705788248,7659.9921198829506,7900.4865762231975
2025-03-11,04:00-08:00,1583.5596961242995,4989.6847592828126,7659.9921198829506,7900.4865762231975
2025-03-11,08:00-12:00,6318.2737110174348,2513.6938833333329,7659.9921198829506,7900.4865762231975
2025-03-11,12:00-16:00,3331.831620279384,676.51848639899072,7659.9921198829506,7900.4865762231975
2025-03-11,16:00-20:00,72.860459642841192,5629.1918840678118,7659.9921198829506,7900.4865762231975
2025-03-11,20:00-24:00,7432.5787144947872,2913.345908120682,7659.9921198829506,7900.4865762231975
2025-03-12,00:00-04:00,1763.0280188265428,150.40097306613222,7900.4865762231975,7653.2591446691276
2025-03-12,04:00-08:00,1293.8867465394487,4843.1982927957979,7900.4865762231975,7653.2591446691276
2025-03-12,08:00-12:00,6716.2227166666653,2414.2354833333334,7900.4865762231975,7653.2591446691276
2025-03-12,12:00-16:00,3089.7591195241994,424.34106338895702,7900.4865762231975,7653.2591446691276
2025-03-12,16:00-20:00,35.026904125022725,5646.4022773281695,7900.4865762231975,7653.2591446691276
2025-03-12,20:00-24:00,7219.6578479411819,3039.1674949209523,7900.4865762231975,7653.2591446691276
2025-03-13,00:00-04:00,2068.5404984234187,14.454695427765955,7653.2591446691276,4158.2201905330412
2025-03-13,04:00-08:00,1060.2196858086836,4882.6103920837322,7653.2591446691276,4158.2201905330412
2025-03-13,08:00-12:00,5260.8581091798496,3445.1638919187244,7653.2591446691276,4158.2201905330412
2025-03-13,12:00-16:00,4896.7266911559072,393.35441375948994,7653.2591446691276,4158.2201905330412
2025-03-13,16:00-20:00,79.941373099374118,5770.9810078436776,7653.2591446691276,4158.2201905330412
2025-03-13,20:00-24:00,3353.6420588707151,2182.112675084828,7653.2591446691276,4158.2201905330412
2025-03-14,00:00-04:00,816.59545804936329,26.961357549146044,4158.2201905330412,4457.5632975349017
2025-03-14,04:00-08:00,1023.9698717517565,3817.7573689051856,4158.2201905330412,4457.5632975349017
2025-03-14,08:00-12:00,6473.3109400696994,0,4158.2201905330412,4457.5632975349017
2025-03-14,12:00-16:00,3812.4454029373219,70.429199914840865,4158.2201905330412,4457.5632975349017
2025-03-14,16:00-20:00,62.549953936103975,6088.3295047216743,4158.2201905330412,4457.5632975349017
2025-03-14,20:00-24:00,3359.0404545723327,2320.9225584739102,4158.2201905330412,4457.5632975349017
2025-03-15,00:00-04:00,349.85648572423054,157.03522781087986,4457.5632975349017,7880.8548354584118
2025-03-15,04:00-08:00,1022.4480780695751,3866.7657991435144,4457.5632975349017,7880.8548354584118
2025-03-15,08:00-12:00,7808.6778333333341,0,4457.5632975349017,7880.8548354584118
2025-03-15,12:00-16:00,2833.8250833333336,3.2937500000000455,4457.5632975349017,7880.8548354584118
2025-03-15,16:00-20:00,63.567603820615389,5968.8884067769868,4457.5632975349017,7880.8548354584118
2025-03-15,20:00-24:00,7317.2272194380803,2633.4922981499876,4457.5632975349017,7880.8548354584118
2025-03-16,00:00-04:00,1702.0399818344822,88.605272776427114,7880.8548354584118,8081.6486035373864
2025-03-16,04:00-08:00,1065.6135518809822,5478.401893696152,7880.8548354584118,8081.6486035373864
2025-03-16,08:00-12:00,6307.9586833333333,2268.2894166666665,7880.8548354584118,8081.6486035373864
2025-03-16,12:00-16:00,4484.997963757638,524.69710114700661,7880.8548354584118,8081.6486035373864
2025-03-16,16:00-20:00,27.461516964885742,5142.2519816826407,7880.8548354584118,8081.6486035373864
2025-03-16,20:00-24:00,7254.8383905882665,3199.7971143313007,7880.8548354584118,8081.6486035373864
2025-03-17,00:00-04:00,1801.6143850926937,55.386887488781554,8081.6486035373864,8213.7220599785142
2025-03-17,04:00-08:00,1233.4205730075096,4823.1636139602842,8081.6486035373864,8213.7220599785142
2025-03-17,08:00-12:00,6981.3728499999988,1631.6283999999996,8081.6486035373864,8213.7220599785142
2025-03-17,12:00-16:00,1096.3021863919937,44.599937273266406,8081.6486035373864,8213.7220599785142
2025-03-17,16:00-20:00,37.148584241410731,5180.3158767314053,8081.6486035373864,8213.7220599785142
2025-03-17,20:00-24:00,7593.3985926292498,3328.0774825531671,8081.6486035373864,8213.7220599785142
2025-03-18,00:00-04:00,1635.061920445135,41.511661560463267,8213.7220599785142,8104.4027747554583
2025-03-18,04:00-08:00,1057.6959578280032,5276.4104647749555,8213.7220599785142,8104.4027747554583
2025-03-18,08:00-12:00,6351.243966666666,3175.5616090464855,8213.7220599785142,8104.4027747554583
2025-03-18,12:00-16:00,4649.7190168724283,270.78001666666671,8213.7220599785142,8104.4027747554583
2025-03-18,16:00-20:00,7.6153885287488947,5229.9926379583349,8213.7220599785142,8104.4027747554583
2025-03-18,20:00-24:00,7366.6121243527869,3169.1691501957948,8213.7220599785142,8104.4027747554583
2025-03-19,00:00-04:00,1681.0765973283508,30.299984669048627,8104.4027747554583,8395.3355466118683
2025-03-19,04:00-08:00,1107.036286672537,5021.0156536877066,8104.4027747554583,8395.3355466118683
2025-03-19,08:00-12:00,6547.8311833333328,3009.7632354924017,8104.4027747554583,8395.3355466118683
2025-03-19,12:00-16:00,3981.2593399529064,299.81838333333337,8104.4027747554583,8395.3355466118683
2025-03-19,16:00-20:00,27.457652713666789,5100.1735905813675,8104.4027747554583,8395.3355466118683
2025-03-19,20:00-24:00,7605.620179938951,3246.817461916572,8104.4027747554583,8395.3355466118683
2025-03-20,00:00-04:00,1415.1004957454893,160.82651973452187,8395.3355466118683,4122.99560774988
2025-03-20,04:00-08:00,1113.9497291706602,4765.376523833711,8395.3355466118683,4122.99560774988
2025-03-20,08:00-12:00,6270.5314245834015,2776.1524357403218,8395.3355466118683,4122.99560774988
2025-03-20,12:00-16:00,3695.8211538229325,389.20899148861179,8395.3355466118683,4122.99560774988
2025-03-20,16:00-20:00,65.256185064413671,5633.0331272326866,8395.3355466118683,4122.99560774988
2025-03-20,20:00-24:00,3316.3097090404613,2980.8529918620929,8395.3355466118683,4122.99560774988
2025-03-21,00:00-04:00,388.72881825413185,72.612942943338794,4122.99560774988,4166.028729615371
2025-03-21,04:00-08:00,843.42983783069985,3539.8616121076566,4122.99560774988,4166.028729615371
2025-03-21,08:00-12:00,4854.2951000249559,0,4122.99560774988,4166.028729615371
2025-03-21,12:00-16:00,5792.2851427496043,0,4122.99560774988,4166.028729615371
2025-03-21,16:00-20:00,45.679124020488743,5973.4325571232612,4122.99560774988,4166.028729615371
2025-03-21,20:00-24:00,2939.0259435701178,2414.7526909712947,4122.99560774988,4166.028729615371
2025-03-22,00:00-04:00,621.08395780490514,54.517828608402624,4166.028729615371,8478.7184096993424
2025-03-22,04:00-08:00,845.35805454133367,3380.3390469334813,4166.028729615371,8478.7184096993424
2025-03-22,08:00-12:00,4165.5127234040247,0,4166.028729615371,8478.7184096993424
2025-03-22,12:00-16:00,5979.6884974448585,33.287023687509112,4166.028729615371,8478.7184096993424
2025-03-22,16:00-20:00,138.2926611473705,5888.675960706576,4166.028729615371,8478.7184096993424
2025-03-22,20:00-24:00,7399.5401657741777,2272.8350366829641,4166.028729615371,8478.7184096993424
2025-03-23,00:00-04:00,1239.258226398822,106.09485202991311,8478.7184096993424,7960.1278423316289
2025-03-23,04:00-08:00,959.83361500966851,5210.0162905060943,8478.7184096993424,7960.1278423316289
2025-03-23,08:00-12:00,5840.8512425380422,2544.3267159103343,8478.7184096993424,7960.1278423316289
2025-03-23,12:00-16:00,4248.3036523295195,3.8885666666666716,8478.7184096993424,7960.1278423316289
2025-03-23,16:00-20:00,13.025030154017486,5559.8326963491891,8478.7184096993424,7960.1278423316289
2025-03-23,20:00-24:00,7521.7763796864101,3099.2413875230909,8478.7184096993424,7960.1278423316289
2025-03-24,00:00-04:00,1989.1797898131797,33.449178770308094,7960.1278423316289,7949.0168007779312
2025-03-24,04:00-08:00,968.65844661233359,5130.0416135404903,7960.1278423316289,7949.0168007779312
2025-03-24,08:00-12:00,6870.2134364388985,2436.6965833333334,7960.1278423316289,7949.0168007779312
2025-03-24,12:00-16:00,2824.2217502613266,314.95743385307617,7960.1278423316289,7949.0168007779312
2025-03-24,16:00-20:00,248.60826895434559,5439.4786394129278,7960.1278423316289,7949.0168007779312
2025-03-24,20:00-24:00,7222.7631126141259,2955.5287802905082,7960.1278423316289,7949.0168007779312
2025-03-25,00:00-04:00,1838.8569780856192,171.20369833837719,7949.0168007779312,7987.1605028817012
2025-03-25,04:00-08:00,993.59185525809039,5040.1364898789925,7949.0168007779312,7987.1605028817012
2025-03-25,08:00-12:00,5247.8234336988653,2851.9803412248857,7949.0168007779312,7987.1605028817012
2025-03-25,12:00-16:00,5218.9185358118993,149.57218333333321,7949.0168007779312,7987.1605028817012
2025-03-25,16:00-20:00,98.0489511749455,5564.4459058956245,7949.0168007779312,7987.1605028817012
2025-03-25,20:00-24:00,7354.9598205930743,2997.6137048796118,7949.0168007779312,7987.1605028817012
2025-03-26,00:00-04:00,1868.2713524982405,45.829565138755015,7987.1605028817012,8166.265209543164
2025-03-26,04:00-08:00,782.13942135943614,4851.3019912992622,7987.1605028817012,8166.265209543164
2025-03-26,08:00-12:00,7595.6601847751517,2230.9748333333328,7987.1605028817012,8166.265209543164
2025-03-26,12:00-16:00,1679.4376057842337,0,7987.1605028817012,8166.265209543164
2025-03-26,16:00-20:00,24.356516976907983,5441.8880812591351,7987.1605028817012,8166.265209543164
2025-03-26,20:00-24:00,7474.4350053699891,3002.4943632530021,7987.1605028817012,8166.265209543164
2025-03-27,00:00-04:00,1696.9170609115974,111.68063260222928,8166.265209543164,3711.0265478388378
2025-03-27,04:00-08:00,962.74146541686264,4928.9162180127287,8166.265209543164,3711.0265478388378
2025-03-27,08:00-12:00,5691.3838113334214,2358.7226439250908,8166.265209543164,3711.0265478388378
2025-03-27,12:00-16:00,3773.6661882037984,71.964304015006547,8166.265209543164,3711.0265478388378
2025-03-27,16:00-20:00,111.98619207937656,5637.2916580188503,8166.265209543164,3711.0265478388378
2025-03-27,20:00-24:00,2718.3077370025708,3014.6913274675658,8166.265209543164,3711.0265478388378
2025-03-28,00:00-04:00,607.39540154737676,72.476576648658238,3711.0265478388378,4148.4864735045921
2025-03-28,04:00-08:00,1063.5328989734576,3352.3320717987681,3711.0265478388378,4148.4864735045921
2025-03-28,08:00-12:00,3242.7358859456936,0,3711.0265478388378,4148.4864735045921
2025-03-28,12:00-16:00,7191.1318078451623,0,3711.0265478388378,4148.4864735045921
2025-03-28,16:00-20:00,39.346354653369623,5868.8955799413307,3711.0265478388378,4148.4864735045921
2025-03-28,20:00-24:00,2688.6925993194063,2327.1781466224797,3711.0265478388378,4148.4864735045921
2025-03-29,00:00-04:00,416.22906322680882,32.802092347056259,4148.4864735045921,8317.1472619345514
2025-03-29,04:00-08:00,899.00951683433721,2990.4985727085004,4148.4864735045921,8317.1472619345514
2025-03-29,08:00-12:00,2734.8170636388782,0,4148.4864735045921,8317.1472619345514
2025-03-29,12:00-16:00,7072.9848981535843,0,4148.4864735045921,8317.1472619345514
2025-03-29,16:00-20:00,14.307400970646654,6195.0521989643785,4148.4864735045921,8317.1472619345514
2025-03-29,20:00-24:00,7829.792641315641,2393.23629954642,4148.4864735045921,8317.1472619345514
2025-03-30,00:00-04:00,1392.6526718334217,108.43134033337822,8317.1472619345514,8328.548180056594
2025-03-30,04:00-08:00,962.62296469242574,5153.2421693862889,8317.1472619345514,8328.548180056594
2025-03-30,08:00-12:00,6234.5828127671484,2082.7988499999992,8317.1472619345514,8328.548180056594
2025-03-30,12:00-16:00,3372.2223817074896,110.24564913182326,8317.1472619345514,8328.548180056594
2025-03-30,16:00-20:00,23.515326529149103,5426.8773445046545,8317.1472619345514,8328.548180056594
2025-03-30,20:00-24:00,7526.7211261936227,2913.1208201498566,8317.1472619345514,8328.548180056594
2025-03-31,00:00-04:00,1701.6653945786711,18.576613215334419,8328.548180056594,8131.21000024775
2025-03-31,04:00-08:00,1131.5795714925125,5413.9576687494318,8328.548180056594,8131.21000024775
2025-03-31,08:00-12:00,5823.1635455146006,1297.139983333333,8328.548180056594,8131.21000024775
2025-03-31,12:00-16:00,2454.7662778610538,395.28290370909099,8328.548180056594,8131.21000024775
2025-03-31,16:00-20:00,108.47788379303967,5465.1530131060772,8328.548180056594,8131.21000024775
2025-03-31,20:00-24:00,7730.8858852237299,2937.4304120702095,8328.548180056594,8131.21000024775
2025-04-01,00:00-04:00,1765.8470943157167,88.833000589563426,8131.21000024775,8137.9993119206301
2025-04-01,04:00-08:00,989.62741868258945,5605.6840260780418,8131.21000024775,8137.9993119206301
2025-04-01,08:00-12:00,3740.101060423201,1598.9559294687974,8131.21000024775,8137.9993119206301
2025-04-01,12:00-16:00,3963.4855432434251,267.44987956254289,8131.21000024775,8137.9993119206301
2025-04-01,16:00-20:00,133.71190742308136,5492.2935717854753,8131.21000024775,8137.9993119206301
2025-04-01,20:00-24:00,7754.6256873108723,1802.0661682430832,8131.21000024775,8137.9993119206301
2025-04-02,00:00-04:00,1964.1900272375397,67.061112740890053,8137.9993119206301,8114.3436346865965
2025-04-02,04:00-08:00,833.70450442049025,6428.3886053376627,8137.9993119206301,8114.3436346865965
2025-04-02,08:00-12:00,3311.6305930244848,2015.0442332930179,8137.9993119206301,8114.3436346865965
2025-04-02,12:00-16:00,5945.2880292800928,0,8137.9993119206301,8114.3436346865965
2025-04-02,16:00-20:00,583.16870690436986,5501.9619446533115,8137.9993119206301,8114.3436346865965
2025-04-02,20:00-24:00,7721.9514745466622,2500.3802151707955,8137.9993119206301,8114.3436346865965
2025-04-03,00:00-04:00,2008.2928666694756,82.717315448565046,8114.3436346865965,3478.7235147321644
2025-04-03,04:00-08:00,950.34310712723538,6156.1800588268143,8114.3436346865965,3478.7235147321644
2025-04-03,08:00-12:00,5994.7927816727806,2262.2977333333333,8114.3436346865965,3478.7235147321644
2025-04-03,12:00-16:00,4640.5843758771443,92.86480000000013,8114.3436346865965,3478.7235147321644
2025-04-03,16:00-20:00,55.786099583339855,5554.6835338394103,8114.3436346865965,3478.7235147321644
2025-04-03,20:00-24:00,2285.2953052376142,2930.741240806612,8114.3436346865965,3478.7235147321644
2025-04-04,00:00-04:00,596.72996332088655,86.88426426531521,3478.7235147321644,3968.4437878388317
2025-04-04,04:00-08:00,956.07388482831016,2860.3581112267502,3478.7235147321644,3968.4437878388317
2025-04-04,08:00-12:00,374.81989956523165,0,3478.7235147321644,3968.4437878388317
2025-04-04,12:00-16:00,9845.6987365239875,0,3478.7235147321644,3968.4437878388317
2025-04-04,16:00-20:00,0,5800.4608802868352,3478.7235147321644,3968.4437878388317
2025-04-04,20:00-24:00,2429.1991216150959,2315.5909991664471,3478.7235147321644,3968.4437878388317
2025-04-05,00:00-04:00,373.36231818013391,231.47168617616569,3968.4437878388317,8087.8459220868162
2025-04-05,04:00-08:00,1233.8150086533806,2560.2666867803391,3968.4437878388317,8087.8459220868162
2025-04-05,08:00-12:00,9430.0312705758133,0,3968.4437878388317,8087.8459220868162
2025-04-05,12:00-16:00,0,0,3968.4437878388317,8087.8459220868162
2025-04-05,16:00-20:00,0,6052.5587707606837,3968.4437878388317,8087.8459220868162
2025-04-05,20:00-24:00,7412.7344201188735,2392.6947796574686,3968.4437878388317,8087.8459220868162
2025-04-06,00:00-04:00,2031.8056562829565,25.126739432606996,8087.8459220868162,8281.5942968916333
2025-04-06,04:00-08:00,1044.5494788325097,6047.5318249508482,8087.8459220868162,8281.5942968916333
2025-04-06,08:00-12:00,6165.4465545663415,1729.0060333333331,8087.8459220868162,8281.5942968916333
2025-04-06,12:00-16:00,3488.7218056445117,69.120763375662449,8087.8459220868162,8281.5942968916333
2025-04-06,16:00-20:00,22.804904046099196,5524.2287532467872,8087.8459220868162,8281.5942968916333
2025-04-06,20:00-24:00,7748.1845415464923,3036.8378304807406,8087.8459220868162,8281.5942968916333
2025-04-07,00:00-04:00,1802.4321484882107,55.203460573960342,8281.5942968916333,8263.3142316642607
2025-04-07,04:00-08:00,1049.7674235949626,5678.3759223189918,8281.5942968916333,8263.3142316642607
2025-04-07,08:00-12:00,7306.5831179055458,1375.9573333333335,8281.5942968916333,8263.3142316642607
2025-04-07,12:00-16:00,1563.6668561312097,119.08228333333332,8281.5942968916333,8263.3142316642607
2025-04-07,16:00-20:00,0,5411.1226445291804,8281.5942968916333,8263.3142316642607
2025-04-07,20:00-24:00,7497.960483450297,2945.2425385677293,8281.5942968916333,8263.3142316642607
2025-04-08,00:00-04:00,1968.4243179632397,46.333373153856655,8263.3142316642607,7918.553131565046
2025-04-08,04:00-08:00,907.31711988370273,6293.5539991862888,8263.3142316642607,7918.553131565046
2025-04-08,08:00-12:00,5702.473877469627,2133.4674333333332,8263.3142316642607,7918.553131565046
2025-04-08,12:00-16:00,4701.7728910731112,0.41844999999996918,8263.3142316642607,7918.553131565046
2025-04-08,16:00-20:00,28.513783934218893,5788.6616091645537,8263.3142316642607,7918.553131565046
2025-04-08,20:00-24:00,7511.8687476352679,2912.3504229981882,8263.3142316642607,7918.553131565046
2025-04-09,00:00-04:00,2164.0458820187878,17.739223110179523,7918.553131565046,7906.0780589862534
2025-04-09,04:00-08:00,1099.7348724535034,5991.3145153603064,7918.553131565046,7906.0780589862534
2025-04-09,08:00-12:00,3943.2323238437639,1897.9170833333333,7918.553131565046,7906.0780589862534
2025-04-09,12:00-16:00,4583.9934228990514,416.88638232590415,7918.553131565046,7906.0780589862534
2025-04-09,16:00-20:00,244.58445135286422,5445.1949700541199,7918.553131565046,7906.0780589862534
2025-04-09,20:00-24:00,7460.7741174844459,2034.2310978795226,7918.553131565046,7906.0780589862534
2025-04-10,00:00-04:00,2257.6310087928528,102.04697004753803,7906.0780589862534,3178.9874511966113
2025-04-10,04:00-08:00,1082.5462101473768,6000.140244483292,7906.0780589862534,3178.9874511966113
2025-04-10,08:00-12:00,5502.6288787013818,1971.0340333333338,7906.0780589862534,3178.9874511966113
2025-04-10,12:00-16:00,4422.2079288314826,98.005334028307118,7906.0780589862534,3178.9874511966113
2025-04-10,16:00-20:00,54.911049360046945,5814.9769418113174,7906.0780589862534,3178.9874511966113
2025-04-10,20:00-24:00,2249.502668855619,2879.4144965047813,7906.0780589862534,3178.9874511966113
2025-04-11,00:00-04:00,480.81918107049233,73.47558463733975,3178.9874511966113,3268.7640584085284
2025-04-11,04:00-08:00,904.02827340290128,2497.3461842731213,3178.9874511966113,3268.7640584085284
2025-04-11,08:00-12:00,152.88479687237162,0,3178.9874511966113,3268.7640584085284
2025-04-11,12:00-16:00,10103.913505238816,0,3178.9874511966113,3268.7640584085284
2025-04-11,16:00-20:00,58.877759262398222,6176.3881050774507,3178.9874511966113,3268.7640584085284
2025-04-11,20:00-24:00,1955.009180900689,2232.9726638869743,3178.9874511966113,3268.7640584085284
2025-04-12,00:00-04:00,436.90856743014547,84.824686912179516,3268.7640584085284,8264.0984452273806
2025-04-12,04:00-08:00,1560.6318541735245,2016.5288034519565,3268.7640584085284,8264.0984452273806
2025-04-12,08:00-12:00,8964.7630818487523,0,3268.7640584085284,8264.0984452273806
2025-04-12,12:00-16:00,0,0,3268.7640584085284,8264.0984452273806
2025-04-12,16:00-20:00,68.206008845757566,6036.0353112025905,3268.7640584085284,8264.0984452273806
2025-04-12,20:00-24:00,7516.6233998324378,2389.9879091221055,3268.7640584085284,8264.0984452273806
2025-04-13,00:00-04:00,1753.7238349311865,55.326772626220531,8264.0984452273806,8180.4340065360211
2025-04-13,04:00-08:00,1142.0732502197616,6088.4065907808463,8264.0984452273806,8180.4340065360211
2025-04-13,08:00-12:00,4849.97088905281,1701.5809833333331,8264.0984452273806,8180.4340065360211
2025-04-13,12:00-16:00,4757.473687568785,0,8264.0984452273806,8180.4340065360211
2025-04-13,16:00-20:00,55.109787185301684,5476.1457450652251,8264.0984452273806,8180.4340065360211
2025-04-13,20:00-24:00,7540.5955694031672,3033.9849878890182,8264.0984452273806,8180.4340065360211
2025-04-14,00:00-04:00,1691.9690535282703,99.017349942119608,8180.4340065360211,8125.3211092683941
2025-04-14,04:00-08:00,1018.5449459110527,6090.116350897325,8180.4340065360211,8125.3211092683941
2025-04-14,08:00-12:00,5418.3029333333334,1491.0585999999998,8180.4340065360211,8125.3211092683941
2025-04-14,12:00-16:00,4263.5308387792238,0,8180.4340065360211,8125.3211092683941
2025-04-14,16:00-20:00,0,5588.0605043384303,8180.4340065360211,8125.3211092683941
2025-04-14,20:00-24:00,7607.7850750160878,2981.456408083046,8180.4340065360211,8125.3211092683941
2025-04-15,00:00-04:00,1996.2747322418252,13.80463038135133,8125.3211092683941,8313.3194090081579
2025-04-15,04:00-08:00,992.63345546162509,5715.7372384611235,8125.3211092683941,8313.3194090081579
2025-04-15,08:00-12:00,7490.3193149227682,845.3337499999999,8125.3211092683941,8313.3194090081579
2025-04-15,12:00-16:00,715.87922652744919,122.97517349461508,8125.3211092683941,8313.3194090081579
2025-04-15,16:00-20:00,45.710300470442931,5454.6262029493655,8125.3211092683941,8313.3194090081579
2025-04-15,20:00-24:00,7699.3677998822859,3019.8742468479427,8125.3211092683941,8313.3194090081579
2025-04-16,00:00-04:00,1591.590616291099,152.94408000618751,8313.3194090081579,8177.7833264623368
2025-04-16,04:00-08:00,1025.0097595886173,5855.6203942687043,8313.3194090081579,8177.7833264623368
2025-04-16,08:00-12:00,4468.1624363576302,1550.03925,8313.3194090081579,8177.7833264623368
2025-04-16,12:00-16:00,5147.7956370483671,111.75608775387428,8313.3194090081579,8177.7833264623368
2025-04-16,16:00-20:00,50.172254879899469,5448.013768854049,8313.3194090081579,8177.7833264623368
2025-04-16,20:00-24:00,7447.8240923378644,2985.3582785762392,8313.3194090081579,8177.7833264623368
2025-04-17,00:00-04:00,1783.8295157584614,50.93657031153225,8177.7833264623368,3026.4163642891554
2025-04-17,04:00-08:00,1140.9126975314311,5838.7244607079301,8177.7833264623368,3026.4163642891554
2025-04-17,08:00-12:00,5909.2899133340006,1400.9938499999998,8177.7833264623368,3026.4163642891554
2025-04-17,12:00-16:00,3207.4134217483179,102.92100697813535,8177.7833264623368,3026.4163642891554
2025-04-17,16:00-20:00,77.183729363542767,5587.6390371844973,8177.7833264623368,3026.4163642891554
2025-04-17,20:00-24:00,1850.9458796223867,2970.3712182338618,8177.7833264623368,3026.4163642891554
2025-04-18,00:00-04:00,189.65378001122087,141.29032253426971,3026.4163642891554,3284.941035972372
2025-04-18,04:00-08:00,931.59110589458578,2092.7076034116426,3026.4163642891554,3284.941035972372
2025-04-18,08:00-12:00,0,0,3026.4163642891554,3284.941035972372
2025-04-18,12:00-16:00,10274.092395681444,0,3026.4163642891554,3284.941035972372
2025-04-18,16:00-20:00,35.163537567181336,5933.6324690299907,3026.4163642891554,3284.941035972372
2025-04-18,20:00-24:00,1802.8584621030852,2318.7184183277914,3026.4163642891554,3284.941035972372
2025-04-19,00:00-04:00,191.70723924984412,150.60996169374175,3284.941035972372,8572.9816437635363
2025-04-19,04:00-08:00,1013.5034210682521,2104.303486950183,3284.941035972372,8572.9816437635363
2025-04-19,08:00-12:00,9928.6986190260886,0,3284.941035972372,8572.9816437635363
2025-04-19,12:00-16:00,0,0,3284.941035972372,8572.9816437635363
2025-04-19,16:00-20:00,1.4979618297992501,5848.7597782200273,3284.941035972372,8572.9816437635363
2025-04-19,20:00-24:00,7685.6068727202537,2382.1116583783314,3284.941035972372,8572.9816437635363
2025-04-20,00:00-04:00,1610.9788111430942,39.169611896269544,8572.9816437635363,8368.353380745868
2025-04-20,04:00-08:00,805.48769732479877,5958.3844354694484,8572.9816437635363,8368.353380745868
2025-04-20,08:00-12:00,5650.8388467572877,1917.7108860214601,8572.9816437635363,8368.353380745868
2025-04-20,12:00-16:00,4181.5683534167756,2.0062500000000605,8572.9816437635363,8368.353380745868
2025-04-20,16:00-20:00,111.67245263796548,5460.076686364283,8572.9816437635363,8368.353380745868
2025-04-20,20:00-24:00,7473.4275231820011,2872.3362513786069,8572.9816437635363,8368.353380745868
2025-04-21,00:00-04:00,1789.2769767545685,62.559122182940428,8368.353380745868,7977.9979718788636
2025-04-21,04:00-08:00,814.66454980091248,5472.3436882857604,8368.353380745868,7977.9979718788636
2025-04-21,08:00-12:00,5239.3909104307122,1148.3090333333332,8368.353380745868,7977.9979718788636
2025-04-21,12:00-16:00,3109.3759594715243,0,8368.353380745868,7977.9979718788636
2025-04-21,16:00-20:00,15.940435248719609,5453.9197527225151,8368.353380745868,7977.9979718788636
2025-04-21,20:00-24:00,7390.2197661802365,3084.8718357439611,8368.353380745868,7977.9979718788636
2025-04-22,00:00-04:00,2186.5176590260012,86.968577358033713,7977.9979718788636,8118.9817112651717
2025-04-22,04:00-08:00,924.54332837950824,6055.8477436685243,7977.9979718788636,8118.9817112651717
2025-04-22,08:00-12:00,5567.9882996367405,1107.84085,7977.9979718788636,8118.9817112651717
2025-04-22,12:00-16:00,3612.5964406424578,165.77404308903837,7977.9979718788636,8118.9817112651717
2025-04-22,16:00-20:00,0,5493.1452924257883,7977.9979718788636,8118.9817112651717
2025-04-22,20:00-24:00,7523.8592953043844,3014.0971966321094,7977.9979718788636,8118.9817112651717
2025-04-23,00:00-04:00,1831.8737066676922,115.46148453490378,8118.9817112651717,8387.9580024414117
2025-04-23,04:00-08:00,921.73412750806369,5699.5834098496416,8118.9817112651717,8387.9580024414117
2025-04-23,08:00-12:00,5989.6678065384431,1185.8100666666664,8118.9817112651717,8387.9580024414117
2025-04-23,12:00-16:00,2884.6402904535662,4.8404833333332435,8118.9817112651717,8387.9580024414117
2025-04-23,16:00-20:00,20.094119841672246,5439.7732057900084,8118.9817112651717,8387.9580024414117
2025-04-23,20:00-24:00,7697.5254880415287,2982.3364743981156,8118.9817112651717,8387.9580024414117
2025-04-24,00:00-04:00,1737.2542437822708,99.730580525674327,8387.9580024414117,2332.8247972835115
2025-04-24,04:00-08:00,1005.4119283789043,5352.6456528968783,8387.9580024414117,2332.8247972835115
2025-04-24,08:00-12:00,5499.8232363661591,1077.0290499999999,8387.9580024414117,2332.8247972835115
2025-04-24,12:00-16:00,2498.5514324915284,0,8387.9580024414117,2332.8247972835115
2025-04-24,16:00-20:00,0.4662781572711765,5572.2604269428612,8387.9580024414117,2332.8247972835115
2025-04-24,20:00-24:00,1272.4541196829116,3079.2627777525272,8387.9580024414117,2332.8247972835115
2025-04-25,00:00-04:00,611.33616547611177,0,2332.8247972835115,2396.549024610496
2025-04-25,04:00-08:00,963.71575263145348,1703.4951001508732,2332.8247972835115,2396.549024610496
2025-04-25,08:00-12:00,0,0,2332.8247972835115,2396.549024610496
2025-04-25,12:00-16:00,9936.0008999118363,0,2332.8247972835115,2396.549024610496
2025-04-25,16:00-20:00,3.8520833333332876,5991.6505448314301,2332.8247972835115,2396.549024610496
2025-04-25,20:00-24:00,1155.2833979983404,2510.3550728977793,2332.8247972835115,2396.549024610496
2025-04-26,00:00-04:00,426.05488893483408,44.104336679169819,2396.549024610496,7595.0837168502076
2025-04-26,04:00-08:00,1035.9469842740787,1587.2630323453673,2396.549024610496,7595.0837168502076
2025-04-26,08:00-12:00,0,0,2396.549024610496,7595.0837168502076
2025-04-26,12:00-16:00,9889.1996661430512,0,2396.549024610496,7595.0837168502076
2025-04-26,16:00-20:00,0,6224.5568091628065,2396.549024610496,7595.0837168502076
2025-04-26,20:00-24:00,7105.6485742780078,2415.4431908371953,2396.549024610496,7595.0837168502076
2025-04-27,00:00-04:00,2406.2460397553969,72.617639455882795,7595.0837168502076,7943.9327014440014
2025-04-27,04:00-08:00,1244.4234593689173,5824.5267695957427,7595.0837168502076,7943.9327014440014
2025-04-27,08:00-12:00,6206.8178960822452,1418.5739635127911,7595.0837168502076,7943.9327014440014
2025-04-27,12:00-16:00,2735.2817744221175,174.56575234142264,7595.0837168502076,7943.9327014440014
2025-04-27,16:00-20:00,39.486370195349878,5921.7047810996828,7595.0837168502076,7943.9327014440014
2025-04-27,20:00-24:00,7520.2806893708721,2597.6013535079346,7595.0837168502076,7943.9327014440014
2025-04-28,00:00-04:00,1833.2143784567425,48.313466191280604,7943.9327014440014,8100.9981057050336
2025-04-28,04:00-08:00,1298.8120219558036,5427.9831377959617,7943.9327014440014,8100.9981057050336
2025-04-28,08:00-12:00,1882.4520162421502,1699.4965609511892,7943.9327014440014,8100.9981057050336
2025-04-28,12:00-16:00,3361.8041618458801,431.69990468094034,7943.9327014440014,8100.9981057050336
2025-04-28,16:00-20:00,130.55083559448968,5352.5814270972332,7943.9327014440014,8100.9981057050336
2025-04-28,20:00-24:00,7667.7756730055917,0,7943.9327014440014,8100.9981057050336
2025-04-29,00:00-04:00,1978.4645305301747,2.0535605430580972,8100.9981057050336,8052.0401553850261
2025-04-29,04:00-08:00,1022.9617230606005,4994.929313532306,8100.9981057050336,8052.0401553850261
2025-04-29,08:00-12:00,6033.9392166666667,748.44524999999999,8100.9981057050336,8052.0401553850261
2025-04-29,12:00-16:00,1063.6159555151817,287.43621532636018,8100.9981057050336,8052.0401553850261
2025-04-29,16:00-20:00,169.68297847791234,5696.8990659168103,8100.9981057050336,8052.0401553850261
2025-04-29,20:00-24:00,7618.9085070919882,2803.2328081569212,8100.9981057050336,8052.0401553850261
2025-04-30,00:00-04:00,2098.819746435197,108.16837885390521,8052.0401553850261,7988.3828659077244
2025-04-30,04:00-08:00,1088.0101782652753,5639.9596999999994,8052.0401553850261,7988.3828659077244
2025-04-30,08:00-12:00,4462.3316500000001,583.3332666666663,8052.0401553850261,7988.3828659077244
2025-04-30,12:00-16:00,3220.7460866255101,0,8052.0401553850261,7988.3828659077244
2025-04-30,16:00-20:00,18.877225704902116,5419.9238626136539,8052.0401553850261,7988.3828659077244
2025-04-30,20:00-24:00,7537.0826751843251,3230.8590777896698,8052.0401553850261,7988.3828659077244
2025-05-01,00:00-04:00,2002.0151562384212,163.85692669365903,7988.3828659077244,1407.7316791889721
2025-05-01,04:00-08:00,929.33910830994137,6122.8112052330753,7988.3828659077244,1407.7316791889721
2025-05-01,08:00-12:00,5582.5620500000005,1362.2728999999997,7988.3828659077244,1407.7316791889721
2025-05-01,12:00-16:00,4053.2397997847038,0,7988.3828659077244,1407.7316791889721
2025-05-01,16:00-20:00,13.627468018110221,6699.1300893589578,7988.3828659077244,1407.7316791889721
2025-05-01,20:00-24:00,701.61318401149765,2333.2563275149487,7988.3828659077244,1407.7316791889721
2025-05-02,00:00-04:00,1035.9257724852514,53.377798390166276,1407.7316791889721,1697.3839861172053
2025-05-02,04:00-08:00,836.47705046029819,1650.2269994658041,1407.7316791889721,1697.3839861172053
2025-05-02,08:00-12:00,0,0,1407.7316791889721,1697.3839861172053
2025-05-02,12:00-16:00,9875.2226300002621,0,1407.7316791889721,1697.3839861172053
2025-05-02,16:00-20:00,42.052749999999982,6949.8421592064442,1407.7316791889721,1697.3839861172053
2025-05-02,20:00-24:00,783.12405601444607,1269.8357964599884,1407.7316791889721,1697.3839861172053
2025-05-03,00:00-04:00,1015.8968713965714,124.39545571166843,1697.3839861172053,7691.3199242286573
2025-05-03,04:00-08:00,1372.6718991527227,1736.2557846778705,1697.3839861172053,7691.3199242286573
2025-05-03,08:00-12:00,10022.549319431018,0,1697.3839861172053,7691.3199242286573
2025-05-03,12:00-16:00,0,0,1697.3839861172053,7691.3199242286573
2025-05-03,16:00-20:00,62.7868724427858,6504.5218438500524,1697.3839861172053,7691.3199242286573
2025-05-03,20:00-24:00,7239.4158963254522,2208.0744670464278,1697.3839861172053,7691.3199242286573
2025-05-04,00:00-04:00,2361.8765477644515,141.92391269572761,7691.3199242286573,7537.1876444805066
2025-05-04,04:00-08:00,964.9927519252484,4771.0433744614311,7691.3199242286573,7537.1876444805066
2025-05-04,08:00-12:00,4845.6455706594288,844.72166666666658,7691.3199242286573,7537.1876444805066
2025-05-04,12:00-16:00,2389.8320704138628,0,7691.3199242286573,7537.1876444805066
2025-05-04,16:00-20:00,0,5715.9128758648421,7691.3199242286573,7537.1876444805066
2025-05-04,20:00-24:00,7041.319604978341,2924.0871241351592,7691.3199242286573,7537.1876444805066
2025-05-05,00:00-04:00,2655.1067853173686,119.69658483365799,7537.1876444805066,7610.046343381332
2025-05-05,04:00-08:00,924.97964359577838,6327.1413582811674,7537.1876444805066,7610.046343381332
2025-05-05,08:00-12:00,4222.4141500000005,1715.9054045209273,7537.1876444805066,7610.046343381332
2025-05-05,12:00-16:00,5900.3074057822851,0,7537.1876444805066,7610.046343381332
2025-05-05,16:00-20:00,33.01735888032772,5679.131448342353,7537.1876444805066,7610.046343381332
2025-05-05,20:00-24:00,7122.2737148681454,2987.6126123507111,7537.1876444805066,7610.046343381332
2025-05-06,00:00-04:00,2475.5342381689497,242.4827860053822,7610.046343381332,7476.4033815542653
2025-05-06,04:00-08:00,860.66737785346197,6239.8065589235221,7610.046343381332,7476.4033815542653
2025-05-06,08:00-12:00,4682.6695495300646,1530.7613025897369,7610.046343381332,7476.4033815542653
2025-05-06,12:00-16:00,5418.176906639419,0,7610.046343381332,7476.4033815542653
2025-05-06,16:00-20:00,15.407081048558439,5610.9973298174327,7610.046343381332,7476.4033815542653
2025-05-06,20:00-24:00,6937.6191624997437,3012.190884057854,7610.046343381332,7476.4033815542653
2025-05-07,00:00-04:00,2593.4143929745619,148.36418288301536,7476.4033815542653,8016.3344382157829
2025-05-07,04:00-08:00,916.49053018429413,5565.3889938358006,7476.4033815542653,8016.3344382157829
2025-05-07,08:00-12:00,4015.3013743993615,1466.8686666666665,7476.4033815542653,8016.3344382157829
2025-05-07,12:00-16:00,5074.6869195328418,201.00640194726049,7476.4033815542653,8016.3344382157829
2025-05-07,16:00-20:00,195.34069719946802,5664.4333071360043,7476.4033815542653,8016.3344382157829
2025-05-07,20:00-24:00,7495.8286914281889,2903.7612071680514,7476.4033815542653,8016.3344382157829
2025-05-08,00:00-04:00,2099.028380969798,70.713045968181063,8016.3344382157829,3510.4747087151304
2025-05-08,04:00-08:00,1128.2174080840764,5056.3918460242321,8016.3344382157829,3510.4747087151304
2025-05-08,08:00-12:00,3333.4645217126276,1345.9257333333335,8016.3344382157829,3510.4747087151304
2025-05-08,12:00-16:00,4251.7682893849133,174.3984311879849,8016.3344382157829,3510.4747087151304
2025-05-08,16:00-20:00,487.18567407021783,5199.760188553907,8016.3344382157829,3510.4747087151304
2025-05-08,20:00-24:00,1772.0663872188829,2796.1863472497707,8016.3344382157829,3510.4747087151304
2025-05-09,00:00-04:00,77.828111217776325,465.94488736861251,3510.4747087151304,3947.9732046154322
2025-05-09,04:00-08:00,655.10748534436152,1887.9307435315668,3510.4747087151304,3947.9732046154322
2025-05-09,08:00-12:00,1762.3130437472078,0,3510.4747087151304,3947.9732046154322
2025-05-09,12:00-16:00,8510.2432029703632,0,3510.4747087151304,3947.9732046154322
2025-05-09,16:00-20:00,113.93699875782011,5668.5470053617846,3510.4747087151304,3947.9732046154322
2025-05-09,20:00-24:00,1986.6692392010632,2199.7681632310223,3510.4747087151304,3947.9732046154322
2025-05-10,00:00-04:00,257.15401050645141,221.19074368531716,3947.9732046154322,9153.5866903000424
2025-05-10,04:00-08:00,103.61615147152241,1657.7204537957984,3947.9732046154322,9153.5866903000424
2025-05-10,08:00-12:00,1647.7776498990788,0,3947.9732046154322,9153.5866903000424
2025-05-10,12:00-16:00,7924.4587477861933,0,3947.9732046154322,9153.5866903000424
2025-05-10,16:00-20:00,200.62541398112322,5572.3018679717425,3947.9732046154322,9153.5866903000424
2025-05-10,20:00-24:00,7532.3399405067794,2173.1720478934203,3947.9732046154322,9153.5866903000424
2025-05-11,00:00-04:00,705.49775979198921,83.671385172187343,9153.5866903000424,9197.0509919593642
2025-05-11,04:00-08:00,1001.1399855145722,4817.1196170919811,9153.5866903000424,9197.0509919593642
2025-05-11,08:00-12:00,3240.232135948263,1309.3334666666669,9153.5866903000424,9197.0509919593642
2025-05-11,12:00-16:00,4700.9845713887607,210.03592921998367,9153.5866903000424,9197.0509919593642
2025-05-11,16:00-20:00,107.61761757960352,5358.2060467406463,9153.5866903000424,9197.0509919593642
2025-05-11,20:00-24:00,7823.4638216360854,2421.4537560211556,9153.5866903000424,9197.0509919593642
2025-05-12,00:00-04:00,795.31609747916389,129.69097783289942,9197.0509919593642,9761.3461066451382
2025-05-12,04:00-08:00,1349.8040008861481,4051.0875084256759,9197.0509919593642,9761.3461066451382
2025-05-12,08:00-12:00,5454.231300730301,533.24598333333313,9197.0509919593642,9761.3461066451382
2025-05-12,12:00-16:00,1.4863500753522707,0,9197.0509919593642,9761.3461066451382
2025-05-12,16:00-20:00,78.953877897114282,5106.5313551948784,9197.0509919593642,9761.3461066451382
2025-05-12,20:00-24:00,7975.1740537245032,2352.1007734380046,9197.0509919593642,9761.3461066451382
2025-05-13,00:00-04:00,465.96339437691745,35.961597159222947,9761.3461066451382,9486.9208459322581
2025-05-13,04:00-08:00,743.35228106342277,4838.7298475800217,9761.3461066451382,9486.9208459322581
2025-05-13,08:00-12:00,4029.2183144747246,1461.5088166666665,9761.3461066451382,9486.9208459322581
2025-05-13,12:00-16:00,3737.9953501161522,0,9761.3461066451382,9486.9208459322581
2025-05-13,16:00-20:00,0,5287.2784284520985,9761.3461066451382,9486.9208459322581
2025-05-13,20:00-24:00,7956.3489555700598,2339.1354642206179,9761.3461066451382,9486.9208459322581
2025-05-14,00:00-04:00,595.07811959551771,132.59044991826852,9486.9208459322581,9644.6348970071904
2025-05-14,04:00-08:00,1005.9839019397235,5115.8369044091351,9486.9208459322581,9644.6348970071904
2025-05-14,08:00-12:00,4346.9341649618309,933.57079999999985,9486.9208459322581,9644.6348970071904
2025-05-14,12:00-16:00,3143.07713817993,0,9486.9208459322581,9644.6348970071904
2025-05-14,16:00-20:00,53.644612689540949,5023.1185502135486,9486.9208459322581,9644.6348970071904
2025-05-14,20:00-24:00,7791.1277878066949,2370.9756868819313,9486.9208459322581,9644.6348970071904
2025-05-15,00:00-04:00,502.23265343755475,75.119347725183616,9644.6348970071904,4282.6063671327329
2025-05-15,04:00-08:00,907.40544839657935,5331.6361163744041,9644.6348970071904,4282.6063671327329
2025-05-15,08:00-12:00,5341.2174586912897,858.70558333333372,9644.6348970071904,4282.6063671327329
2025-05-15,12:00-16:00,2366.7171527538853,115.8280290014777,9644.6348970071904,4282.6063671327329
2025-05-15,16:00-20:00,268.78507362890252,4988.6174029029389,9644.6348970071904,4282.6063671327329
2025-05-15,20:00-24:00,1471.8415972182756,2251.060698692128,9644.6348970071904,4282.6063671327329
2025-05-16,00:00-04:00,47.376990022185169,491.19264903901205,4282.6063671327329,3418.0392553953475
2025-05-16,04:00-08:00,75.989500076337208,1730.6491651200888,4282.6063671327329,3418.0392553953475
2025-05-16,08:00-12:00,1665.070156214435,0,4282.6063671327329,3418.0392553953475
2025-05-16,12:00-16:00,8196.1264200322785,0,4282.6063671327329,3418.0392553953475
2025-05-16,16:00-20:00,32.516318472227994,5434.5219505778114,4282.6063671327329,3418.0392553953475
2025-05-16,20:00-24:00,1257.2079619708338,2253.9193867252548,4282.6063671327329,3418.0392553953475
2025-05-17,00:00-04:00,75.598777469215349,396.23707111811416,3418.0392553953475,8773.7866611734262
2025-05-17,04:00-08:00,130.81327388379356,1154.3902635488205,3418.0392553953475,8773.7866611734262
2025-05-17,08:00-12:00,1539.3725539352622,0,3418.0392553953475,8773.7866611734262
2025-05-17,12:00-16:00,8370.7487339847157,0,3418.0392553953475,8773.7866611734262
2025-05-17,16:00-20:00,53.477987685065102,5813.0106630111932,3418.0392553953475,8773.7866611734262
2025-05-17,20:00-24:00,7601.6637480725003,2211.2461478963532,3418.0392553953475,8773.7866611734262
2025-05-18,00:00-04:00,1000.5243465660932,247.41419554875313,8773.7866611734262,9529.7302936813467
2025-05-18,04:00-08:00,921.46782246080897,5626.0015399108688,8773.7866611734262,9529.7302936813467
2025-05-18,08:00-12:00,4112.7406873715454,1330.2297166666665,8773.7866611734262,9529.7302936813467
2025-05-18,12:00-16:00,4855.5678655241372,0,8773.7866611734262,9529.7302936813467
2025-05-18,16:00-20:00,307.03751522907982,4914.7900733004644,8773.7866611734262,9529.7302936813467
2025-05-18,20:00-24:00,7549.298253776893,2385.9907629682475,8773.7866611734262,9529.7302936813467
2025-05-19,00:00-04:00,370.83796325363755,52.344391105538762,9529.7302936813467,9184.2465343731837
2025-05-19,04:00-08:00,1044.5978929808061,5126.1888553265835,9529.7302936813467,9184.2465343731837
2025-05-19,08:00-12:00,5047.2481640251699,855.96669999999995,9529.7302936813467,9184.2465343731837
2025-05-19,12:00-16:00,2398.7266984057105,0,9529.7302936813467,9184.2465343731837
2025-05-19,16:00-20:00,88.607522349804142,5184.6102444290154,9529.7302936813467,9184.2465343731837
2025-05-19,20:00-24:00,7766.8303748418257,2632.4725713603398,9529.7302936813467,9184.2465343731837
2025-05-20,00:00-04:00,615.68448509198402,20.391147610080338,9184.2465343731837,8960.2701794697114
2025-05-20,04:00-08:00,1096.7643720424494,5206.3891223771516,9184.2465343731837,8960.2701794697114
2025-05-20,08:00-12:00,3967.5210514791638,976.46113333333335,9184.2465343731837,8960.2701794697114
2025-05-20,12:00-16:00,3386.564667739487,347.65848993444479,9184.2465343731837,8960.2701794697114
2025-05-20,16:00-20:00,788.841946622097,5277.3692435881212,9184.2465343731837,8960.2701794697114
2025-05-20,20:00-24:00,7504.6032077131622,2434.8931644275522,9184.2465343731837,8960.2701794697114
2025-05-21,00:00-04:00,1008.8906426251845,130.21723522643958,8960.2701794697114,8875.414233010184
2025-05-21,04:00-08:00,1016.6127116982798,4565.1897189981173,8960.2701794697114,8875.414233010184
2025-05-21,08:00-12:00,3411.9183572152383,833.27336666666656,8960.2701794697114,8875.414233010184
2025-05-21,12:00-16:00,3433.9237537982926,443.24096704298938,8960.2701794697114,8875.414233010184
2025-05-21,16:00-20:00,378.31660714667623,5127.1529618464447,8960.2701794697114,8875.414233010184
2025-05-21,20:00-24:00,7376.7930576074004,2444.7247574066887,8960.2701794697114,8875.414233010184
2025-05-22,00:00-04:00,1174.2371287736182,56.536032381680286,8875.414233010184,3851.3719523126388
2025-05-22,04:00-08:00,1045.9648152557922,5041.6578666128225,8875.414233010184,3851.3719523126388
2025-05-22,08:00-12:00,4336.1312091273885,942.09869999999989,8875.414233010184,3851.3719523126388
2025-05-22,12:00-16:00,3046.3658849710491,18.381538584608336,8875.414233010184,3851.3719523126388
2025-05-22,16:00-20:00,197.60161775853135,5299.1860694335928,8875.414233010184,3851.3719523126388
2025-05-22,20:00-24:00,1638.4855548522376,2429.1946763133697,8875.414233010184,3851.3719523126388
2025-05-23,00:00-04:00,34.619677227320835,620.27353492352711,3851.3719523126388,3715.7738909278291
2025-05-23,04:00-08:00,2.8948600577215302,1546.4777756950582,3851.3719523126388,3715.7738909278291
2025-05-23,08:00-12:00,1102.0661513847062,0,3851.3719523126388,3715.7738909278291
2025-05-23,12:00-16:00,9256.1187601416223,0,3851.3719523126388,3715.7738909278291
2025-05-23,16:00-20:00,102.25392381982982,5678.097048860518,3851.3719523126388,3715.7738909278291
2025-05-23,20:00-24:00,1688.6716944881071,2148.3562001338673,3851.3719523126388,3715.7738909278291
2025-05-24,00:00-04:00,70.955017527910343,492.54770406823593,3715.7738909278291,9498.6888370194356
2025-05-24,04:00-08:00,76.735350452822388,1349.7726302245119,3715.7738909278291,9498.6888370194356
2025-05-24,08:00-12:00,1560.5672175550917,0,3715.7738909278291,9498.6888370194356
2025-05-24,12:00-16:00,8437.5743063872651,0,3715.7738909278291,9498.6888370194356
2025-05-24,16:00-20:00,56.378704436612509,5276.8092333328004,3715.7738909278291,9498.6888370194356
2025-05-24,20:00-24:00,7683.7592605403188,2163.8825649810256,3715.7738909278291,9498.6888370194356
2025-05-25,00:00-04:00,562.76411016791371,48.755777146059359,9498.6888370194356,9242.1558444525399
2025-05-25,04:00-08:00,954.03710911820156,4722.0832433123451,9498.6888370194356,9242.1558444525399
2025-05-25,08:00-12:00,4888.2106833333328,773.88031666666666,9498.6888370194356,9242.1558444525399
2025-05-25,12:00-16:00,1886.2219045504046,0,9498.6888370194356,9242.1558444525399
2025-05-25,16:00-20:00,102.00011410903602,5140.4915789963889,9498.6888370194356,9242.1558444525399
2025-05-25,20:00-24:00,7536.3499807978733,2448.6317378709218,9498.6888370194356,9242.1558444525399
2025-05-26,00:00-04:00,576.98793044029856,16.685538802256929,9242.1558444525399,8181.8996561543827
2025-05-26,04:00-08:00,914.45771408253711,5451.2688282558711,9242.1558444525399,8181.8996561543827
2025-05-26,08:00-12:00,1690.6507333333334,1395.1584946671885,9242.1558444525399,8181.8996561543827
2025-05-26,12:00-16:00,4493.6644743801162,0,9242.1558444525399,8181.8996561543827
2025-05-26,16:00-20:00,284.29540750250487,5152.9621403743149,9242.1558444525399,8181.8996561543827
2025-05-26,20:00-24:00,7853.3577183447715,1747.0208896163872,9242.1558444525399,8181.8996561543827
2025-05-27,00:00-04:00,1802.3810672252796,187.33433687572631,8181.8996561543827,9204.1788681135095
2025-05-27,04:00-08:00,938.92025097062344,4723.7507142574623,8181.8996561543827,9204.1788681135095
2025-05-27,08:00-12:00,4447.582520955475,949.36821666666663,8181.8996561543827,9204.1788681135095
2025-05-27,12:00-16:00,2955.2440340102412,0,8181.8996561543827,9204.1788681135095
2025-05-27,16:00-20:00,2.2424057450573147,5176.9447929453654,8181.8996561543827,9204.1788681135095
2025-05-27,20:00-24:00,7799.5897638656443,2578.7782831371437,8181.8996561543827,9204.1788681135095
2025-05-28,00:00-04:00,593.50880376080841,219.5868635180766,9204.1788681135095,9382.2248550077275
2025-05-28,04:00-08:00,1093.8310011800745,5455.9402941905391,9204.1788681135095,9382.2248550077275
2025-05-28,08:00-12:00,1816.4079678997241,1132.4931666666666,9204.1788681135095,9382.2248550077275
2025-05-28,12:00-16:00,6674.350181570655,0,9204.1788681135095,9382.2248550077275
2025-05-28,16:00-20:00,96.633917151240794,5213.2928599086918,9204.1788681135095,9382.2248550077275
2025-05-28,20:00-24:00,7785.4855264811204,2447.2215199265661,9204.1788681135095,9382.2248550077275
2025-05-29,00:00-04:00,509.07369829902029,144.25905008649465,9382.2248550077275,2669.7666519288978
2025-05-29,04:00-08:00,902.38428026763643,5633.6741851276274,9382.2248550077275,2669.7666519288978
2025-05-29,08:00-12:00,2238.8815280924596,1527.2072003260491,9382.2248550077275,2669.7666519288978
2025-05-29,12:00-16:00,5494.362047970787,24.369856697827004,9382.2248550077275,2669.7666519288978
2025-05-29,16:00-20:00,146.02222490554033,5209.2817249129712,9382.2248550077275,2669.7666519288978
2025-05-29,20:00-24:00,1660.1486104322501,2372.6270014938032,9382.2248550077275,2669.7666519288978
2025-05-30,00:00-04:00,116.83250049764951,315.18028031109361,2669.7666519288978,2903.7577723286577
2025-05-30,04:00-08:00,939.67615719126411,1394.325813489269,2669.7666519288978,2903.7577723286577
2025-05-30,08:00-12:00,650.08125341746768,0,2669.7666519288978,2903.7577723286577
2025-05-30,12:00-16:00,9437.5040482323275,0,2669.7666519288978,2903.7577723286577
2025-05-30,16:00-20:00,52.487542530104065,6146.5289660418148,2669.7666519288978,2903.7577723286577
2025-05-30,20:00-24:00,1371.4329619714563,2113.4646475086602,2669.7666519288978,2903.7577723286577
2025-05-31,00:00-04:00,79.532720622961108,413.68208558759386,2903.7577723286577,8714.0648594529302
2025-05-31,04:00-08:00,353.13472068329713,1465.8362925536467,2903.7577723286577,8714.0648594529302
2025-05-31,08:00-12:00,0,0,2903.7577723286577,8714.0648594529302
2025-05-31,12:00-16:00,10599.905911457696,0,2903.7577723286577,8714.0648594529302
2025-05-31,16:00-20:00,112.18506791929573,6011.5825667364716,2903.7577723286577,8714.0648594529302
2025-05-31,20:00-24:00,7730.8761172521263,2168.8866524380978,2903.7577723286577,8714.0648594529302
2025-06-01,00:00-04:00,651.19697700855636,704.85236088159604,8714.0648594529302,6852.3627884576872
2025-06-01,04:00-08:00,858.10179836498116,5126.2125817050965,8714.0648594529302,6852.3627884576872
2025-06-01,08:00-12:00,219.15395609509895,2154.12543897351,8714.0648594529302,6852.3627884576872
2025-06-01,12:00-16:00,1899.2293377492681,939.02905254018378,8714.0648594529302,6852.3627884576872
2025-06-01,16:00-20:00,0,776.86141547375394,8714.0648594529302,6852.3627884576872
2025-06-01,20:00-24:00,6367.5326204030553,70.574912914557672,8714.0648594529302,6852.3627884576872
2025-06-02,00:00-04:00,2529.5869202190015,410.65646834755808,6852.3627884576872,6773.8680566670755
2025-06-02,04:00-08:00,882.85559664866616,5667.3882832515465,6852.3627884576872,6773.8680566670755
2025-06-02,08:00-12:00,4976.3635752572482,1773.1601966756245,6852.3627884576872,6773.8680566670755
2025-06-02,12:00-16:00,2348.055752989419,1043.5591909260584,6852.3627884576872,6773.8680566670755
2025-06-02,16:00-20:00,0,4889.2204649537416,6852.3627884576872,6773.8680566670755
2025-06-02,20:00-24:00,6275.4382129151727,66.623701460923371,6852.3627884576872,6773.8680566670755
2025-06-03,00:00-04:00,2528.3715804309059,31.873983312843848,6773.8680566670755,7277.1076438375703
2025-06-03,04:00-08:00,1012.2530705938507,5547.5643133375552,6773.8680566670755,7277.1076438375703
2025-06-03,08:00-12:00,4076.7789767322793,2304.9489216800262,6773.8680566670755,7277.1076438375703
2025-06-03,12:00-16:00,4595.8612296556839,780.24361090093987,6773.8680566670755,7277.1076438375703
2025-06-03,16:00-20:00,0,6244.5949562733103,6773.8680566670755,7277.1076438375703
2025-06-03,20:00-24:00,6752.3418264861893,0,6773.8680566670755,7277.1076438375703
2025-06-04,00:00-04:00,2290.3580809915529,45.883047360385945,7277.1076438375703,7418.8998927436587
2025-06-04,04:00-08:00,812.6136905094595,5494.1187471977228,7277.1076438375703,7418.8998927436587
2025-06-04,08:00-12:00,4883.2505233747324,2124.8815333333332,7277.1076438375703,7418.8998927436587
2025-06-04,12:00-16:00,4057.1507167735517,744.09762965827531,7277.1076438375703,7418.8998927436587
2025-06-04,16:00-20:00,260.71413216451867,6118.1910658978632,7277.1076438375703,7418.8998927436587
2025-06-04,20:00-24:00,6909.8887697151749,908.53544249542756,7277.1076438375703,7418.8998927436587
2025-06-05,00:00-04:00,2858.1556283583795,13.014653941140296,7418.8998927436587,2057.4640949351824
2025-06-05,04:00-08:00,914.88105639382013,5645.1936140410562,7418.8998927436587,2057.4640949351824
2025-06-05,08:00-12:00,4997.334767356675,2830.1653499999993,7418.8998927436587,2057.4640949351824
2025-06-05,12:00-16:00,5217.185423313299,1105.7524050312338,7418.8998927436587,2057.4640949351824
2025-06-05,16:00-20:00,228.05929667947055,6061.0502808079036,7418.8998927436587,2057.4640949351824
2025-06-05,20:00-24:00,1025.4574525347552,1515.3855501617691,7418.8998927436587,2057.4640949351824
2025-06-06,00:00-04:00,746.68578079736221,47.337058926884303,2057.4640949351824,2347.8903064615442
2025-06-06,04:00-08:00,1216.4184847799386,2012.9562701022228,2057.4640949351824,2347.8903064615442
2025-06-06,08:00-12:00,6830.4059605120674,0,2057.4640949351824,2347.8903064615442
2025-06-06,12:00-16:00,3463.990568463028,0,2057.4640949351824,2347.8903064615442
2025-06-06,16:00-20:00,0,7640.280709391518,2057.4640949351824,2347.8903064615442
2025-06-06,20:00-24:00,1423.094109603865,1119.3242435722218,2057.4640949351824,2347.8903064615442
2025-06-07,00:00-04:00,682.60995734112714,43.43399216292709,2347.8903064615442,7631.823407132526
2025-06-07,04:00-08:00,1136.634950373757,1935.5911699054327,2347.8903064615442,7631.823407132526
2025-06-07,08:00-12:00,5869.342821924869,0,2347.8903064615442,7631.823407132526
2025-06-07,12:00-16:00,4145.8862040058921,47.133551698230256,2347.8903064615442,7631.823407132526
2025-06-07,16:00-20:00,0,7406.0939171704786,2347.8903064615442,7631.823407132526
2025-06-07,20:00-24:00,7213.3509086581889,1240.9457007251508,2347.8903064615442,7631.823407132526
2025-06-08,00:00-04:00,3471.8720752158483,9.7703690416414126,7631.823407132526,9411.4840555604405
2025-06-08,04:00-08:00,429.34447336583298,3327.4013644507563,7631.823407132526,9411.4840555604405
2025-06-08,08:00-12:00,4579.0823180206107,680.51141487473512,7631.823407132526,9411.4840555604405
2025-06-08,12:00-16:00,632.57332361380998,512.38439212718606,7631.823407132526,9411.4840555604405
2025-06-08,16:00-20:00,43.384998294858505,5357.107623099746,7631.823407132526,9411.4840555604405
2025-06-08,20:00-24:00,8239.9728468655958,2602.0765814758224,7631.823407132526,9411.4840555604405
2025-06-09,00:00-04:00,1409.7209960996709,66.185916849338014,9411.4840555604405,9555.3888515448871
2025-06-09,04:00-08:00,329.79590870921061,4169.8312710843347,9411.4840555604405,9555.3888515448871
2025-06-09,08:00-12:00,5267.1232252353202,2270.7734139774084,9411.4840555604405,9555.3888515448871
2025-06-09,12:00-16:00,3461.6930230770949,722.89490212156602,9411.4840555604405,9555.3888515448871
2025-06-09,16:00-20:00,97.221599699251328,5159.556682873319,9411.4840555604405,9555.3888515448871
2025-06-09,20:00-24:00,8273.6247030360228,2740.9788559518556,9411.4840555604405,9555.3888515448871
2025-06-10,00:00-04:00,1412.3420699279422,23.847043032032147,9555.3888515448871,9635.6151247541657
2025-06-10,04:00-08:00,427.02867838754401,3767.6473252069686,9555.3888515448871,9635.6151247541657
2025-06-10,08:00-12:00,5497.1766959387023,2970.826447576484,9555.3888515448871,9635.6151247541657
2025-06-10,12:00-16:00,3498.819270524762,894.17618954586601,9555.3888515448871,9635.6151247541657
2025-06-10,16:00-20:00,5.2000468297046609,4973.1450375855338,9555.3888515448871,9635.6151247541657
2025-06-10,20:00-24:00,8114.1153268814596,2651.4468028417605,9555.3888515448871,9635.6151247541657
2025-06-11,00:00-04:00,1293.7609724953711,0,9635.6151247541657,9712.1836365248892
2025-06-11,04:00-08:00,46.112532348057243,4377.5746828653992,9635.6151247541657,9712.1836365248892
2025-06-11,08:00-12:00,5435.8648600463548,4299.7764683365294,9635.6151247541657,9712.1836365248892
2025-06-11,12:00-16:00,7356.6935437440161,1721.9723070702041,9635.6151247541657,9712.1836365248892
2025-06-11,16:00-20:00,11.347368469780324,5075.9150232935735,9635.6151247541657,9712.1836365248892
2025-06-11,20:00-24:00,8229.7589093653914,2578.4157888805157,9635.6151247541657,9712.1836365248892
2025-06-12,00:00-04:00,1234.5112995313752,31.399813049979912,9712.1836365248892,6811.8064174018073
2025-06-12,04:00-08:00,316.58331002211349,3553.9479869837705,9712.1836365248892,6811.8064174018073
2025-06-12,08:00-12:00,5664.9778441690969,2602.2657763290526,9712.1836365248892,6811.8064174018073
2025-06-12,12:00-16:00,3616.7849189757271,1607.9661683952324,9712.1836365248892,6811.8064174018073
2025-06-12,16:00-20:00,25.859618479651203,4925.1080727643075,9712.1836365248892,6811.8064174018073
2025-06-12,20:00-24:00,4333.0013966645811,2194.9435738408934,9712.1836365248892,6811.8064174018073
2025-06-13,00:00-04:00,948.59306961320021,31.327565658425979,6811.8064174018073,6333.815107120342
2025-06-13,04:00-08:00,123.83096741577754,3056.7046292267669,6811.8064174018073,6333.815107120342
2025-06-13,08:00-12:00,6567.9326666666657,13.859816666666726,6811.8064174018073,6333.815107120342
2025-06-13,12:00-16:00,620.46580974908875,0,6811.8064174018073,6333.815107120342
2025-06-13,16:00-20:00,16.317123203482172,4795.814110935441,6811.8064174018073,6333.815107120342
2025-06-13,20:00-24:00,4024.8525617728965,2497.0997374871167,6811.8064174018073,6333.815107120342
2025-06-14,00:00-04:00,766.49851798738132,37.325962162000451,6333.815107120342,9765.3005930096624
2025-06-14,04:00-08:00,312.65932748510659,2459.8025163567563,6333.815107120342,9765.3005930096624
2025-06-14,08:00-12:00,6966.1444781206619,0,6333.815107120342,9765.3005930096624
2025-06-14,12:00-16:00,0,0,6333.815107120342,9765.3005930096624
2025-06-14,16:00-20:00,20.744751050195998,4864.1958983506593,6333.815107120342,9765.3005930096624
2025-06-14,20:00-24:00,8017.5587576060734,2578.0594099522241,6333.815107120342,9765.3005930096624
2025-06-15,00:00-04:00,1149.6660077670408,0,9765.3005930096624,9593.3855246983403
2025-06-15,04:00-08:00,656.79166445060287,3306.1625285528703,9765.3005930096624,9593.3855246983403
2025-06-15,08:00-12:00,5236.6619969668982,3271.3846992271028,9765.3005930096624,9593.3855246983403
2025-06-15,12:00-16:00,3849.5477019978216,1314.2838765864371,9765.3005930096624,9593.3855246983403
2025-06-15,16:00-20:00,0,4949.0960144778464,9765.3005930096624,9593.3855246983403
2025-06-15,20:00-24:00,8100.2240428753012,2698.0384880226416,9765.3005930096624,9593.3855246983403
2025-06-16,00:00-04:00,1340.6827503351799,0,9593.3855246983403,9859.2406124512818
2025-06-16,04:00-08:00,960.21981546367033,3599.7547274241906,9593.3855246983403,9859.2406124512818
2025-06-16,08:00-12:00,5845.6734023864601,3233.9912934324634,9593.3855246983403,9859.2406124512818
2025-06-16,12:00-16:00,3475.5986692811607,1494.2624077196938,9593.3855246983403,9859.2406124512818
2025-06-16,16:00-20:00,0,5004.6820649447327,9593.3855246983403,9859.2406124512818
2025-06-16,20:00-24:00,8259.0835146840182,2531.8590307431659,9593.3855246983403,9859.2406124512818
2025-06-17,00:00-04:00,1085.0377448456886,32.197124531163013,9859.2406124512818,9607.5273712284361
2025-06-17,04:00-08:00,1098.2555963097211,3347.5036441991056,9859.2406124512818,9607.5273712284361
2025-06-17,08:00-12:00,5205.7144197905527,2600.3782392207331,9859.2406124512818,9607.5273712284361
2025-06-17,12:00-16:00,4071.3663031287792,2456.1405351556905,9859.2406124512818,9607.5273712284361
2025-06-17,16:00-20:00,28.387965096485281,5059.1532983553298,9859.2406124512818,9607.5273712284361
2025-06-17,20:00-24:00,8175.58028013082,2659.2863461731999,9859.2406124512818,9607.5273712284361
2025-06-18,00:00-04:00,1324.9695875239586,0,9607.5273712284361,9784.1883892378519
2025-06-18,04:00-08:00,1060.6171240538306,3277.8473505863926,9607.5273712284361,9784.1883892378519
2025-06-18,08:00-12:00,5488.5809577085602,2195.1277024722381,9607.5273712284361,9784.1883892378519
2025-06-18,12:00-16:00,1033.3362800557734,668.87778001408151,9607.5273712284361,9784.1883892378519
2025-06-18,16:00-20:00,6.2982413725977597,4934.9493890200674,9607.5273712284361,9784.1883892378519
2025-06-18,20:00-24:00,8158.3260403077857,2592.6267288269783,9607.5273712284361,9784.1883892378519
2025-06-19,00:00-04:00,981.19130260565635,14.9767041162022,9784.1883892378519,7038.7335314279417
2025-06-19,04:00-08:00,1397.69625117532,3720.7679175191488,9784.1883892378519,7038.7335314279417
2025-06-19,08:00-12:00,6030.4269586524752,2854.8150701113636,9784.1883892378519,7038.7335314279417
2025-06-19,12:00-16:00,1476.2119181215267,502.48626731688535,9784.1883892378519,7038.7335314279417
2025-06-19,16:00-20:00,14.046694232477762,5007.7577044500485,9784.1883892378519,7038.7335314279417
2025-06-19,20:00-24:00,4721.0254627514623,2212.7905644217994,9784.1883892378519,7038.7335314279417
2025-06-20,00:00-04:00,882.80450929014296,157.26039242790682,7038.7335314279417,6875.5991267439804
2025-06-20,04:00-08:00,609.34534826568802,2271.7161270039987,7038.7335314279417,6875.5991267439804
2025-06-20,08:00-12:00,5685.7715512673267,0,7038.7335314279417,6875.5991267439804
2025-06-20,12:00-16:00,0,0,7038.7335314279417,6875.5991267439804
2025-06-20,16:00-20:00,63.980659209950964,4608.464693759297,7038.7335314279417,6875.5991267439804
2025-06-20,20:00-24:00,4226.6498510066158,2398.9068054465401,7038.7335314279417,6875.5991267439804
2025-06-21,00:00-04:00,508.35323641235766,53.397094506915948,6875.5991267439804,10103.127230110176
2025-06-21,04:00-08:00,290.29209514624199,3353.7030745115671,6875.5991267439804,10103.127230110176
2025-06-21,08:00-12:00,7768.0965881314005,0,6875.5991267439804,10103.127230110176
2025-06-21,12:00-16:00,0,0,6875.5991267439804,10103.127230110176
2025-06-21,16:00-20:00,42.901921280899842,4790.1120895708609,6875.5991267439804,10103.127230110176
2025-06-21,20:00-24:00,8165.521757735587,2485.8965833333332,6875.5991267439804,10103.127230110176
2025-06-22,00:00-04:00,733.26809505072094,50.265876163289391,10103.127230110176,9285.1416792799373
2025-06-22,04:00-08:00,853.46132496037683,3116.0667069692522,10103.127230110176,9285.1416792799373
2025-06-22,08:00-12:00,5055.5276006278254,1586.7101106841433,10103.127230110176,9285.1416792799373
2025-06-22,12:00-16:00,1859.5344759852865,1506.222925548082,10103.127230110176,9285.1416792799373
2025-06-22,16:00-20:00,0,5300.7011788206919,10103.127230110176,9285.1416792799373
2025-06-22,20:00-24:00,8109.5310508088951,2631.3914609825711,10103.127230110176,9285.1416792799373
2025-06-23,00:00-04:00,1700.3034092148464,47.941509151956446,9285.1416792799373,9494.9057017878986
2025-06-23,04:00-08:00,437.44378367660511,3338.6470822810156,9285.1416792799373,9494.9057017878986
2025-06-23,08:00-12:00,6239.042854276755,2297.6604550336256,9285.1416792799373,9494.9057017878986
2025-06-23,12:00-16:00,2379.4520093214892,1664.9345306420009,9285.1416792799373,9494.9057017878986
2025-06-23,16:00-20:00,38.224824112300972,5025.5011890305577,9285.1416792799373,9494.9057017878986
2025-06-23,20:00-24:00,8020.0436425802272,2676.2811373812801,9285.1416792799373,9494.9057017878986
2025-06-24,00:00-04:00,1307.2005224323666,9.3992228450322806,9494.9057017878986,9442.7667832535844
2025-06-24,04:00-08:00,166.04528006262589,4148.6048737118745,9494.9057017878986,9442.7667832535844
2025-06-24,08:00-12:00,4437.4664042026943,4500.740135073147,9494.9057017878986,9442.7667832535844
2025-06-24,12:00-16:00,7485.6269137943355,1494.1902152561204,9494.9057017878986,9442.7667832535844
2025-06-24,16:00-20:00,615.89667389124543,5046.1146588437086,9494.9057017878986,9442.7667832535844
2025-06-24,20:00-24:00,8054.6899880635792,2722.0858047329471,9494.9057017878986,9442.7667832535844
2025-06-25,00:00-04:00,1508.0369074960158,0,9442.7667832535844,9778.625462593558
2025-06-25,04:00-08:00,332.61234481005243,3565.4667571186201,9442.7667832535844,9778.625462593558
2025-06-25,08:00-12:00,4523.6039521123303,3327.127641343076,9442.7667832535844,9778.625462593558
2025-06-25,12:00-16:00,5114.3667085095103,1183.5778359381361,9442.7667832535844,9778.625462593558
2025-06-25,16:00-20:00,0,4842.7240874599947,9442.7667832535844,9778.625462593558
2025-06-25,20:00-24:00,8072.0015003755525,2614.8342115100022,9442.7667832535844,9778.625462593558
2025-06-26,00:00-04:00,1092.3070522588696,1.0103422624189307,9778.625462593558,5292.432304636478
2025-06-26,04:00-08:00,932.06444940311167,3210.1979257257572,9778.625462593558,5292.432304636478
2025-06-26,08:00-12:00,5595.1351975345351,3510.8253646684279,9778.625462593558,5292.432304636478
2025-06-26,12:00-16:00,2203.7457131062706,315.56373764285934,9778.625462593558,5292.432304636478
2025-06-26,16:00-20:00,1.9924271553807356,4976.6514510645866,9778.625462593558,5292.432304636478
2025-06-26,20:00-24:00,2853.0170441310538,2292.717146504594,9778.625462593558,5292.432304636478
2025-06-27,00:00-04:00,620.85427204556868,115.91879596711135,5292.432304636478,5932.9163599517415
2025-06-27,04:00-08:00,294.97744216332603,2307.6010350331949,5292.432304636478,5932.9163599517415
2025-06-27,08:00-12:00,8195.6877386645319,0,5292.432304636478,5932.9163599517415
2025-06-27,12:00-16:00,0,0,5292.432304636478,5932.9163599517415
2025-06-27,16:00-20:00,45.151488066969527,4669.3923673710378,5292.432304636478,5932.9163599517415
2025-06-27,20:00-24:00,3132.5761313710173,2284.9422804171663,5292.432304636478,5932.9163599517415
2025-06-28,00:00-04:00,558.88715373256628,142.14436130103724,5932.9163599517415,9969.426376451338
2025-06-28,04:00-08:00,156.848192440818,2920.618290462236,5932.9163599517415,9969.426376451338
2025-06-28,08:00-12:00,8473.3238239583516,0,5932.9163599517415,9969.426376451338
2025-06-28,12:00-16:00,25.206366874135711,20.417157168050661,5932.9163599517415,9969.426376451338
2025-06-28,16:00-20:00,130.95612347201654,4904.002368512176,5932.9163599517415,9969.426376451338
2025-06-28,20:00-24:00,7922.6453707283581,2366.9311029839214,5932.9163599517415,9969.426376451338
2025-06-29,00:00-04:00,925.02712321320587,100.79881428700364,9969.426376451338,9686.9302911621253
2025-06-29,04:00-08:00,1025.1698065905182,3001.6480845025717,9969.426376451338,9686.9302911621253
2025-06-29,08:00-12:00,5382.9097126820652,3092.2014177199871,9969.426376451338,9686.9302911621253
2025-06-29,12:00-16:00,1656.3888470838683,339.32676884805841,9969.426376451338,9686.9302911621253
2025-06-29,16:00-20:00,103.6310895552067,5069.4076478701572,9969.426376451338,9686.9302911621253
2025-06-29,20:00-24:00,8233.6972532829059,2685.5910477828029,9969.426376451338,9686.9302911621253
2025-06-30,00:00-04:00,1110.7421082544038,2.2974796807902749,9686.9302911621253,9377.647644614839
2025-06-30,04:00-08:00,996.14215684810586,3624.3908681195976,9686.9302911621253,9377.647644614839
2025-06-30,08:00-12:00,5591.6033343949593,3045.8033457697284,9686.9302911621253,9377.647644614839
2025-06-30,12:00-16:00,2377.422032751153,487.23237059717735,9686.9302911621253,9377.647644614839
2025-06-30,16:00-20:00,0,5087.8503729767845,9686.9302911621253,9377.647644614839
2025-06-30,20:00-24:00,7908.8811135867991,2598.4604488751665,9686.9302911621253,9377.647644614839
2025-07-01,00:00-04:00,20.369664718438798,880.05959810094441,9377.647644614839,7195.0973876003191
2025-07-01,04:00-08:00,1708.1446977632163,3667.7176513031395,9377.647644614839,7195.0973876003191
2025-07-01,08:00-12:00,5886.7134057940111,3413.6242914641471,9377.647644614839,7195.0973876003191
2025-07-01,12:00-16:00,4854.4633073408631,858.93111053451844,9377.647644614839,7195.0973876003191
2025-07-01,16:00-20:00,10.844494221031431,6356.9702346694121,9377.647644614839,7195.0973876003191
2025-07-01,20:00-24:00,6731.7518905926208,2348.9451881893569,9377.647644614839,7195.0973876003191
2025-07-02,00:00-04:00,2580.2931418790704,706.18984389372213,7195.0973876003191,7228.9316415815729
2025-07-02,04:00-08:00,1845.5219132843847,3508.4549488140319,7195.0973876003191,7228.9316415815729
2025-07-02,08:00-12:00,6449.2437600931707,1963.8133333333335,7195.0973876003191,7228.9316415815729
2025-07-02,12:00-16:00,867.08974631211981,88.269857669880878,7195.0973876003191,7228.9316415815729
2025-07-02,16:00-20:00,66.842088705638389,6425.4421820457692,7195.0973876003191,7228.9316415815729
2025-07-02,20:00-24:00,6698.8129350906356,2268.6999098057977,7195.0973876003191,7228.9316415815729
2025-07-03,00:00-04:00,2700.9787208470275,350.77284703757755,7228.9316415815729,1345.0222640159727
2025-07-03,04:00-08:00,1973.9154125557363,3745.0507778343649,7228.9316415815729,1345.0222640159727
2025-07-03,08:00-12:00,5898.9092933638249,3138.3924999999999,7228.9316415815729,1345.0222640159727
2025-07-03,12:00-16:00,3972.5074687951605,1334.3341779564932,7228.9316415815729,1345.0222640159727
2025-07-03,16:00-20:00,5.5035101306081442,6222.9000422073223,7228.9316415815729,1345.0222640159727
2025-07-03,20:00-24:00,595.10679500313222,2773.0742673366312,7228.9316415815729,1345.0222640159727
2025-07-04,00:00-04:00,1053.5272597933476,781.51324840122629,1345.0222640159727,1364.2491902866482
2025-07-04,04:00-08:00,885.16866282493118,838.04080793937032,1345.0222640159727,1364.2491902866482
2025-07-04,08:00-12:00,8331.4812055841703,0,1345.0222640159727,1364.2491902866482
2025-07-04,12:00-16:00,2234.8031418299252,21.794648766030694,1345.0222640159727,1364.2491902866482
2025-07-04,16:00-20:00,115.90710206376575,6836.7859042461932,1345.0222640159727,1364.2491902866482
2025-07-04,20:00-24:00,705.61132438545769,2299.0251011536639,1345.0222640159727,1364.2491902866482
2025-07-05,00:00-04:00,898.94565026715304,536.89323101556147,1364.2491902866482,7209.2750895368563
2025-07-05,04:00-08:00,816.40699833014821,969.70818046591182,1364.2491902866482,7209.2750895368563
2025-07-05,08:00-12:00,6709.9358915681605,0,1364.2491902866482,7209.2750895368563
2025-07-05,12:00-16:00,3918.880768752429,126.62916518814609,1364.2491902866482,7209.2750895368563
2025-07-05,16:00-20:00,37.475343647400507,6690.2225551363654,1364.2491902866482,7209.2750895368563
2025-07-05,20:00-24:00,6745.1028998843431,1908.6890763530305,1364.2491902866482,7209.2750895368563
2025-07-06,00:00-04:00,1151.7986264957717,46.213906212057104,7209.2750895368563,7149.8587034411985
2025-07-06,04:00-08:00,919.15553813750137,5164.0352023988871,7209.2750895368563,7149.8587034411985
2025-07-06,08:00-12:00,5285.2028650724978,1890.6777412302317,7209.2750895368563,7149.8587034411985
2025-07-06,12:00-16:00,3763.199702600391,1817.1139096638581,7209.2750895368563,7149.8587034411985
2025-07-06,16:00-20:00,0,5496.9857742461254,7209.2750895368563,7149.8587034411985
2025-07-06,20:00-24:00,6616.3598308608725,4.3786299002272608,7209.2750895368563,7149.8587034411985
2025-07-07,00:00-04:00,2640.5518971325068,493.01635569458847,7149.8587034411985,8823.7552949118526
2025-07-07,04:00-08:00,1055.3221818150578,4334.3756963046471,7149.8587034411985,8823.7552949118526
2025-07-07,08:00-12:00,5131.2740836442426,1932.8454539935326,7149.8587034411985,8823.7552949118526
2025-07-07,12:00-16:00,3822.3885963473799,200.7601018450506,7149.8587034411985,8823.7552949118526
2025-07-07,16:00-20:00,34.334207302012878,5123.5180209082682,7149.8587034411985,8823.7552949118526
2025-07-07,20:00-24:00,7370.0379339152305,2652.6436480570328,7149.8587034411985,8823.7552949118526
2025-07-08,00:00-04:00,2169.8023534945833,9.8611475907685051,8823.7552949118526,10014.641966615178
2025-07-08,04:00-08:00,201.36394287921144,4461.8378190454678,8823.7552949118526,10014.641966615178
2025-07-08,08:00-12:00,5372.1021194630966,2506.0985129621649,8823.7552949118526,10014.641966615178
2025-07-08,12:00-16:00,4066.8828346277678,904.29759356360819,8823.7552949118526,10014.641966615178
2025-07-08,16:00-20:00,377.6736536642735,4798.7794395164901,8823.7552949118526,10014.641966615178
2025-07-08,20:00-24:00,7515.7102807598476,2207.1909825484208,8823.7552949118526,10014.641966615178
2025-07-09,00:00-04:00,872.62003709425085,0,10014.641966615178,10800
2025-07-09,04:00-08:00,235.85354950331086,4679.6786727375084,10014.641966615178,10800
2025-07-09,08:00-12:00,5448.2768551586523,1697.5569119452161,10014.641966615178,10800
2025-07-09,12:00-16:00,2993.5599149687159,651.69357421812742,10014.641966615178,10800
2025-07-09,16:00-20:00,0,4472.9721976106484,10014.641966615178,10800
2025-07-09,20:00-24:00,8289.2715367666224,2241.3377471703143,10014.641966615178,10800
2025-07-10,00:00-04:00,1.2897215439261345,1.0446744505795778,10800,5647.1617338071474
2025-07-10,04:00-08:00,240.53387725746524,4891.2062133619202,10800,5647.1617338071474
2025-07-10,08:00-12:00,6107.9913711641657,2055.6556847095871,10800,5647.1617338071474
2025-07-10,12:00-16:00,2799.842542833142,543.29506914076899,10800,5647.1617338071474
2025-07-10,16:00-20:00,152.78026098051075,4723.8795642160849,10800,5647.1617338071474
2025-07-10,20:00-24:00,2896.6132885847192,2303.7045942094105,10800,5647.1617338071474
2025-07-11,00:00-04:00,901.59486730995854,51.022552644387474,5647.1617338071474,5082.943100811779
2025-07-11,04:00-08:00,144.19390151520622,4003.9479671623517,5647.1617338071474,5082.943100811779
2025-07-11,08:00-12:00,3250.1797087641035,0,5647.1617338071474,5082.943100811779
2025-07-11,12:00-16:00,6435.5438179419762,0,5647.1617338071474,5082.943100811779
2025-07-11,16:00-20:00,0,4901.2933869327844,5647.1617338071474,5082.943100811779
2025-07-11,20:00-24:00,2634.383716100167,2377.9086323777492,5647.1617338071474,5082.943100811779
2025-07-12,00:00-04:00,776.10861482579401,75.126873157067848,5082.943100811779,9315.6485880434448
2025-07-12,04:00-08:00,218.16823986860015,2880.9345006441044,5082.943100811779,9315.6485880434448
2025-07-12,08:00-12:00,3953.022899377901,0,5082.943100811779,9315.6485880434448
2025-07-12,12:00-16:00,5152.8206449269874,108.97657907559399,5082.943100811779,9315.6485880434448
2025-07-12,16:00-20:00,158.3119366216844,5052.2844248225929,5082.943100811779,9315.6485880434448
2025-07-12,20:00-24:00,7773.3171516680977,2678.9597684962846,5082.943100811779,9315.6485880434448
2025-07-13,00:00-04:00,1649.2793466183957,0,9315.6485880434448,10378.084136452551
2025-07-13,04:00-08:00,133.83446648884262,4823.3007855841497,9315.6485880434448,10378.084136452551
2025-07-13,08:00-12:00,5394.3814517286319,1791.1803208610045,9315.6485880434448,10378.084136452551
2025-07-13,12:00-16:00,3067.0200012157261,347.65998829574028,9315.6485880434448,10378.084136452551
2025-07-13,16:00-20:00,30.775594038724293,4745.0163248748077,9315.6485880434448,10378.084136452551
2025-07-13,20:00-24:00,8178.3403820585627,2284.0918929566969,9315.6485880434448,10378.084136452551
2025-07-14,00:00-04:00,697.64243233279205,241.85436795916291,10378.084136452551,9954.0172409305978
2025-07-14,04:00-08:00,349.03864158343265,4867.38109844051,10378.084136452551,9954.0172409305978
2025-07-14,08:00-12:00,4273.7248333401594,1554.545260345099,10378.084136452551,9954.0172409305978
2025-07-14,12:00-16:00,3473.7863992401954,79.790764324755003,10378.084136452551,9954.0172409305978
2025-07-14,16:00-20:00,82.090913472153858,4841.7673564659308,10378.084136452551,9954.0172409305978
2025-07-14,20:00-24:00,8004.2361143810376,2469.5420192576148,10378.084136452551,9954.0172409305978
2025-07-15,00:00-04:00,1065.6661100991414,111.870144293865,9954.0172409305978,10516.157652360142
2025-07-15,04:00-08:00,474.95900566349115,4885.8930599175619,9954.0172409305978,10516.157652360142
2025-07-15,08:00-12:00,5287.0864251124131,1148.3823653473419,9954.0172409305978,10516.157652360142
2025-07-15,12:00-16:00,2216.4042058493515,418.20370212553274,9954.0172409305978,10516.157652360142
2025-07-15,16:00-20:00,0,4744.020457373399,9954.0172409305978,10516.157652360142
2025-07-15,20:00-24:00,8361.1637022990872,2283.9802543647374,9954.0172409305978,10516.157652360142
2025-07-16,00:00-04:00,412.50346230010729,78.669691587214402,10516.157652360142,10405.084726637991
2025-07-16,04:00-08:00,186.80955410509054,5030.7949186718452,10516.157652360142,10405.084726637991
2025-07-16,08:00-12:00,6051.0929632436801,1142.2599615006909,10516.157652360142,10405.084726637991
2025-07-16,12:00-16:00,1723.24842255567,275.4773811500653,10516.157652360142,10405.084726637991
2025-07-16,16:00-20:00,105.46746994290515,4707.2644089171645,10516.157652360142,10405.084726637991
2025-07-16,20:00-24:00,8299.0751502645853,2455.8388594767093,10516.157652360142,10405.084726637991
2025-07-17,00:00-04:00,574.7712016198883,129.64014630406382,10405.084726637991,5334.1988316772195
2025-07-17,04:00-08:00,166.68213101333129,4832.9104886233463,10405.084726637991,5334.1988316772195
2025-07-17,08:00-12:00,5426.9363260882583,2301.1903048378504,10405.084726637991,5334.1988316772195
2025-07-17,12:00-16:00,3857.7845961044522,502.03646061793796,10405.084726637991,5334.1988316772195
2025-07-17,16:00-20:00,137.15625594767175,4610.8042265485865,10405.084726637991,5334.1988316772195
2025-07-17,20:00-24:00,2470.2497611401241,2420.4156987830329,10405.084726637991,5334.1988316772195
2025-07-18,00:00-04:00,931.41153253685309,0,5334.1988316772195,4417.7627554479013
2025-07-18,04:00-08:00,185.64855765529103,2966.6179114994411,5334.1988316772195,4417.7627554479013
2025-07-18,08:00-12:00,2856.4651061670857,0,5334.1988316772195,4417.7627554479013
2025-07-18,12:00-16:00,5762.0784616530482,143.44198169326211,5334.1988316772195,4417.7627554479013
2025-07-18,16:00-20:00,203.55390596126875,4866.0381836652432,5334.1988316772195,4417.7627554479013
2025-07-18,20:00-24:00,2308.6581917783169,2769.4251539074476,5334.1988316772195,4417.7627554479013
2025-07-19,00:00-04:00,749.16035013741907,38.41924311981677,4417.7627554479013,9345.5452122459064
2025-07-19,04:00-08:00,192.4647180130579,2212.1506955708992,4417.7627554479013,9345.5452122459064
2025-07-19,08:00-12:00,3722.6986694840284,0,4417.7627554479013,9345.5452122459064
2025-07-19,12:00-16:00,5205.5323843255028,0,4417.7627554479013,9345.5452122459064
2025-07-19,16:00-20:00,87.104287458555604,4974.0884313810875,4417.7627554479013,9345.5452122459064
2025-07-19,20:00-24:00,7702.3323836510463,2644.3645811963752,4417.7627554479013,9345.5452122459064
2025-07-20,00:00-04:00,1650.6233685325788,27.995619532705405,9345.5452122459064,10305.660538432616
2025-07-20,04:00-08:00,100.68800588337739,5441.2562125647328,9345.5452122459064,10305.660538432616
2025-07-20,08:00-12:00,4054.4618403495101,1533.3855586930736,9345.5452122459064,10305.660538432616
2025-07-20,12:00-16:00,4812.3792495570606,289.05679633205261,9345.5452122459064,10305.660538432616
2025-07-20,16:00-20:00,22.035213777267522,4502.5551083956425,9345.5452122459064,10305.660538432616
2025-07-20,20:00-24:00,7777.3952724303272,2259.8891008431528,9345.5452122459064,10305.660538432616
2025-07-21,00:00-04:00,724.83737737350884,142.2127602618973,10305.660538432616,10280.12988810864
2025-07-21,04:00-08:00,92.988724756273683,5484.221202269744,10305.660538432616,10280.12988810864
2025-07-21,08:00-12:00,5496.8352385206617,1957.0530851003136,10305.660538432616,10280.12988810864
2025-07-21,12:00-16:00,4029.0627757646721,350.0239712536453,10305.660538432616,10280.12988810864
2025-07-21,16:00-20:00,14.036800870182763,4609.048925374238,10305.660538432616,10280.12988810864
2025-07-21,20:00-24:00,7802.3814887660719,2190.1329899333523,10305.660538432616,10280.12988810864
2025-07-22,00:00-04:00,802.75569579962757,218.46562542452523,10280.12988810864,10118.163631919953
2025-07-22,04:00-08:00,201.6253131159753,5371.9533013471209,10280.12988810864,10118.163631919953
2025-07-22,08:00-12:00,4987.3868291123936,1441.8973476408596,10280.12988810864,10118.163631919953
2025-07-22,12:00-16:00,4284.2571112770938,823.38083382239142,10280.12988810864,10118.163631919953
2025-07-22,16:00-20:00,56.654337137372039,4789.8535204782893,10280.12988810864,10118.163631919953
2025-07-22,20:00-24:00,8019.5344447019525,2365.5121240836042,10280.12988810864,10118.163631919953
2025-07-23,00:00-04:00,979.85706479653027,194.10014648344679,10118.163631919953,10215.873308392423
2025-07-23,04:00-08:00,73.745824801887807,5508.0073311511878,10118.163631919953,10215.873308392423
2025-07-23,08:00-12:00,4877.0443405612968,1956.001524999494,10118.163631919953,10215.873308392423
2025-07-23,12:00-16:00,5282.152343267524,912.03746775948571,10118.163631919953,10215.873308392423
2025-07-23,16:00-20:00,154.28607422877513,4792.1576035821745,10118.163631919953,10215.873308392423
2025-07-23,20:00-24:00,8149.4529399847452,2358.153473188011,10118.163631919953,10215.873308392423
2025-07-24,00:00-04:00,862.14420117456507,196.59861229329726,10215.873308392423,5490.5253895997002
2025-07-24,04:00-08:00,397.23432344066464,4663.3257345939519,10215.873308392423,5490.5253895997002
2025-07-24,08:00-12:00,5526.7837455545869,1004.849693704642,10215.873308392423,5490.5253895997002
2025-07-24,12:00-16:00,2049.9253334148566,937.54195976505298,10215.873308392423,5490.5253895997002
2025-07-24,16:00-20:00,254.34826074137015,4614.3648848804423,10215.873308392423,5490.5253895997002
2025-07-24,20:00-24:00,2529.0043297113398,2247.8787988463437,10215.873308392423,5490.5253895997002
2025-07-25,00:00-04:00,819.92873697553443,77.029827611009978,5490.5253895997002,4388.2528687373406
2025-07-25,04:00-08:00,237.06288554749096,3376.7500759492459,5490.5253895997002,4388.2528687373406
2025-07-25,08:00-12:00,4335.0593154719772,0,5490.5253895997002,4388.2528687373406
2025-07-25,12:00-16:00,4771.2911026476231,0,5490.5253895997002,4388.2528687373406
2025-07-25,16:00-20:00,23.798659315699272,4809.8656746934394,5490.5253895997002,4388.2528687373406
2025-07-25,20:00-24:00,2241.2941542183889,2795.4319224055653,5490.5253895997002,4388.2528687373406
2025-07-26,00:00-04:00,638.96802896140571,117.69705058095883,4388.2528687373406,9590.9318713015546
2025-07-26,04:00-08:00,255.50957256251053,2585.7437458494687,4388.2528687373406,9590.9318713015546
2025-07-26,08:00-12:00,3517.9986935774068,0,4388.2528687373406,9590.9318713015546
2025-07-26,12:00-16:00,6049.268414240435,1.1685964620642153,4388.2528687373406,9590.9318713015546
2025-07-26,16:00-20:00,1.4427116815608718,4868.0199288577442,4388.2528687373406,9590.9318713015546
2025-07-26,20:00-24:00,8095.7867850234034,2777.7286828398137,4388.2528687373406,9590.9318713015546
2025-07-27,00:00-04:00,1343.4090318871615,0,9590.9318713015546,10606.95150388159
2025-07-27,04:00-08:00,114.75273408702765,6072.1418697808122,9590.9318713015546,10606.95150388159
2025-07-27,08:00-12:00,6043.7769079233803,2372.2897765901262,9590.9318713015546,10606.95150388159
2025-07-27,12:00-16:00,5092.0342607782095,668.52511488784717,9590.9318713015546,10606.95150388159
2025-07-27,16:00-20:00,0,4666.0673231435512,9590.9318713015546,10606.95150388159
2025-07-27,20:00-24:00,8398.1622239186672,2310.1877247371408,9590.9318713015546,10606.95150388159
2025-07-28,00:00-04:00,607.03387877436148,447.1222837603151,10606.95150388159,8199.5955585162992
2025-07-28,04:00-08:00,247.98841379619989,5660.5228761094841,10606.95150388159,8199.5955585162992
2025-07-28,08:00-12:00,3907.2624704224072,2818.3866161122146,10606.95150388159,8199.5955585162992
2025-07-28,12:00-16:00,3545.0857330549566,783.47780792018625,10606.95150388159,8199.5955585162992
2025-07-28,16:00-20:00,620.69286385023702,4704.7043777181971,10606.95150388159,8199.5955585162992
2025-07-28,20:00-24:00,7803.7195288211551,1305.150529071014,10606.95150388159,8199.5955585162992
2025-07-29,00:00-04:00,2422.8850560366232,28.992267216574987,8199.5955585162992,8888.3845312178528
2025-07-29,04:00-08:00,577.87478473440069,4728.3922488710014,8199.5955585162992,8888.3845312178528
2025-07-29,08:00-12:00,3509.4336527221549,2627.882264155317,8199.5955585162992,8888.3845312178528
2025-07-29,12:00-16:00,4518.2758386903524,676.08195521055677,8199.5955585162992,8888.3845312178528
2025-07-29,16:00-20:00,1252.7245365060571,4839.7385954961937,8199.5955585162992,8888.3845312178528
2025-07-29,20:00-24:00,7513.6139082527297,2512.7968929422368,8199.5955585162992,8888.3845312178528
2025-07-30,00:00-04:00,1373.1184770046395,120.21232339089283,8888.3845312178528,10065.678431675931
2025-07-30,04:00-08:00,949.15406315603218,4582.0781525597213,8888.3845312178528,10065.678431675931
2025-07-30,08:00-12:00,5177.936133541456,2510.252636550641,8888.3845312178528,10065.678431675931
2025-07-30,12:00-16:00,3941.1792245583647,334.52716318581224,8888.3845312178528,10065.678431675931
2025-07-30,16:00-20:00,0,4620.6358449208965,8888.3845312178528,10065.678431675931
2025-07-30,20:00-24:00,7813.9871751758192,2369.5831784631805,8888.3845312178528,10065.678431675931
2025-07-31,00:00-04:00,758.96647722297394,137.92284778269934,10065.678431675931,4033.2589922238049
2025-07-31,04:00-08:00,600.51672884268487,4192.5686744891582,10065.678431675931,4033.2589922238049
2025-07-31,08:00-12:00,5563.4386525862283,2549.5498049129374,10065.678431675931,4033.2589922238049
2025-07-31,12:00-16:00,3447.1501250275478,858.82756810388673,10065.678431675931,4033.2589922238049
2025-07-31,16:00-20:00,62.622734280683083,5038.7679639911548,10065.678431675931,4033.2589922238049
2025-07-31,20:00-24:00,1708.1636848674048,2485.6359425173732,10065.678431675931,4033.2589922238049
2025-08-01,00:00-04:00,430.18870376598045,372.60216831848254,4033.2589922238049,3170.0480244106807
2025-08-01,04:00-08:00,428.8888718179868,1574.5632362640749,4033.2589922238049,3170.0480244106807
2025-08-01,08:00-12:00,4544.2554835887058,0,4033.2589922238049,3170.0480244106807
2025-08-01,12:00-16:00,4519.1759674707027,0,4033.2589922238049,3170.0480244106807
2025-08-01,16:00-20:00,53.320790567864478,5361.8389200634092,4033.2589922238049,3170.0480244106807
2025-08-01,20:00-24:00,1791.6019137717983,2999.5052484821053,4033.2589922238049,3170.0480244106807
2025-08-02,00:00-04:00,365.67588423876816,183.25667308132313,3170.0480244106807,8386.2412068517988
2025-08-02,04:00-08:00,1187.5784056912514,1776.1873079461695,3170.0480244106807,8386.2412068517988
2025-08-02,08:00-12:00,4656.4483092967621,0,3170.0480244106807,8386.2412068517988
2025-08-02,12:00-16:00,4687.0884613385024,62.642345899378043,3170.0480244106807,8386.2412068517988
2025-08-02,16:00-20:00,120.35555794052922,5616.3771887070125,3170.0480244106807,8386.2412068517988
2025-08-02,20:00-24:00,7764.3843438570966,2880.0026996830693,3170.0480244106807,8386.2412068517988
2025-08-03,00:00-04:00,1842.5046374611643,69.275095986613337,8386.2412068517988,7759.5787982908005
2025-08-03,04:00-08:00,1062.2073426692441,4964.1213518622317,8386.2412068517988,7759.5787982908005
2025-08-03,08:00-12:00,7031.7619048910874,842.76448518518544,8386.2412068517988,7759.5787982908005
2025-08-03,12:00-16:00,0,0,8386.2412068517988,7759.5787982908005
2025-08-03,16:00-20:00,46.890699348728617,5771.9787164583558,8386.2412068517988,7759.5787982908005
2025-08-03,20:00-24:00,7208.1768529959845,2841.0050824791433,8386.2412068517988,7759.5787982908005
2025-08-04,00:00-04:00,2317.7971674310206,6.2695860472745153,7759.5787982908005,8454.8372247612806
2025-08-04,04:00-08:00,1179.3049687394425,5168.4744692267686,7759.5787982908005,8454.8372247612806
2025-08-04,08:00-12:00,6903.6905059887895,940.37566666666669,7759.5787982908005,8454.8372247612806
2025-08-04,12:00-16:00,547.54231982479769,18.764319820627293,7759.5787982908005,8454.8372247612806
2025-08-04,16:00-20:00,49.80596584045707,5521.3713487724708,7759.5787982908005,8454.8372247612806
2025-08-04,20:00-24:00,7253.0745820197271,2502.4965886165933,7759.5787982908005,8454.8372247612806
2025-08-05,00:00-04:00,1403.3025837692298,133.44533485096395,8454.8372247612806,8459.3734988003143
2025-08-05,04:00-08:00,1119.046152194737,5267.4124741803671,8454.8372247612806,8459.3734988003143
2025-08-05,08:00-12:00,5549.2290532641691,1338.1039833333332,8454.8372247612806,8459.3734988003143
2025-08-05,12:00-16:00,2898.1336388535638,35.85796666666662,8454.8372247612806,8459.3734988003143
2025-08-05,16:00-20:00,26.119258589817605,5368.7662269841521,8454.8372247612806,8459.3734988003143
2025-08-05,20:00-24:00,7290.954017515849,2664.6269777411535,8454.8372247612806,8459.3734988003143
2025-08-06,00:00-04:00,1496.3310714024956,106.97357567938604,8459.3734988003143,7632.1043881996256
2025-08-06,04:00-08:00,1024.0019247473724,5034.3572270482518,8459.3734988003143,7632.1043881996256
2025-08-06,08:00-12:00,5416.5136123970024,1218.9787333333334,8459.3734988003143,7632.1043881996256
2025-08-06,12:00-16:00,2516.083499034226,1044.8847278167368,8459.3734988003143,7632.1043881996256
2025-08-06,16:00-20:00,215.68533226164288,5498.0087604600722,8459.3734988003143,7632.1043881996256
2025-08-06,20:00-24:00,7179.319776636672,2298.166700551164,8459.3734988003143,7632.1043881996256
2025-08-07,00:00-04:00,2189.9452649090258,234.57967526840389,7632.1043881996256,2749.6171515210581
2025-08-07,04:00-08:00,1077.3102374084506,5835.7038485088669,7632.1043881996256,2749.6171515210581
2025-08-07,08:00-12:00,5387.6874964441358,1111.0658000000001,7632.1043881996256,2749.6171515210581
2025-08-07,12:00-16:00,3755.4909819761765,30.660189075713163,7632.1043881996256,2749.6171515210581
2025-08-07,16:00-20:00,51.592039314998623,5483.4788347586527,7632.1043881996256,2749.6171515210581
2025-08-07,20:00-24:00,1248.3752904639514,2804.1752269176304,7632.1043881996256,2749.6171515210581
2025-08-08,00:00-04:00,586.78414556026155,110.79572331544887,2749.6171515210581,2358.8856313951997
2025-08-08,04:00-08:00,1173.3675050226634,2156.3938833333332,2749.6171515210581,2358.8856313951997
2025-08-08,08:00-12:00,519.23505061868627,0,2749.6171515210581,2358.8856313951997
2025-08-08,12:00-16:00,9464.4826448228705,0,2749.6171515210581,2358.8856313951997
2025-08-08,16:00-20:00,149.64333197077113,5671.6825181074528,2749.6171515210581,2358.8856313951997
2025-08-08,20:00-24:00,1189.5470414213924,3010.0646160845254,2749.6171515210581,2358.8856313951997
2025-08-09,00:00-04:00,623.48155863573879,110.94344690258026,2358.8856313951997,7797.4302158660894
2025-08-09,04:00-08:00,1009.0527289187025,2165.1035210049781,2358.8856313951997,7797.4302158660894
2025-08-09,08:00-12:00,40.991694445996878,0,2358.8856313951997,7797.4302158660894
2025-08-09,12:00-16:00,10515.424511396945,0,2358.8856313951997,7797.4302158660894
2025-08-09,16:00-20:00,21.314746658507431,5730.7217133492413,2358.8856313951997,7797.4302158660894
2025-08-09,20:00-24:00,7186.2528593322859,2809.7208532238219,2358.8856313951997,7797.4302158660894
2025-08-10,00:00-04:00,2039.2407993607276,69.213561845377853,7797.4302158660894,7875.6585563876397
2025-08-10,04:00-08:00,1064.9607498888713,5538.1963470683604,7797.4302158660894,7875.6585563876397
2025-08-10,08:00-12:00,4839.040516666666,1090.8280000000002,7797.4302158660894,7875.6585563876397
2025-08-10,12:00-16:00,3299.7074147889689,92.566269784720419,7797.4302158660894,7875.6585563876397
2025-08-10,16:00-20:00,182.73284801820284,5662.07601648329,7797.4302158660894,7875.6585563876397
2025-08-10,20:00-24:00,7454.6946284018013,2769.8196336202982,7797.4302158660894,7875.6585563876397
2025-08-11,00:00-04:00,1945.466467292167,229.73937066037581,7875.6585563876397,8116.5773709520481
2025-08-11,04:00-08:00,1087.8700349122787,5900.1979928850014,7875.6585563876397,8116.5773709520481
2025-08-11,08:00-12:00,4826.7884610756655,1568.4127632339928,7875.6585563876397,8116.5773709520481
2025-08-11,12:00-16:00,5006.7099176114898,91.878827491699198,7875.6585563876397,8116.5773709520481
2025-08-11,16:00-20:00,105.55555770026149,5713.0608761161329,7875.6585563876397,8116.5773709520481
2025-08-11,20:00-24:00,7374.2120849370658,2760.6312805632624,7875.6585563876397,8116.5773709520481
2025-08-12,00:00-04:00,1741.7976174501805,179.17220531261148,8116.5773709520481,7998.5648569335353
2025-08-12,04:00-08:00,995.12329169859356,5330.9291836082384,8116.5773709520481,7998.5648569335353
2025-08-12,08:00-12:00,2861.4870632143343,949.41016666666678,8116.5773709520481,7998.5648569335353
2025-08-12,12:00-16:00,4191.7803311710068,611.62497310935498,8116.5773709520481,7998.5648569335353
2025-08-12,16:00-20:00,58.755978835016435,6061.1399693327967,8116.5773709520481,7998.5648569335353
2025-08-12,20:00-24:00,7609.1092294635055,1114.9581091714379,8116.5773709520481,7998.5648569335353
2025-08-13,00:00-04:00,1842.8209498411829,99.711331770747961,7998.5648569335353,7858.466288167233
2025-08-13,04:00-08:00,901.96046197824683,5946.0969671423918,7998.5648569335353,7858.466288167233
2025-08-13,08:00-12:00,3047.7267817868515,1041.2793666666666,7998.5648569335353,7858.466288167233
2025-08-13,12:00-16:00,4953.0325556850621,22.040550442414315,7998.5648569335353,7858.466288167233
2025-08-13,16:00-20:00,451.53663702150106,5438.089898331149,7998.5648569335353,7858.466288167233
2025-08-13,20:00-24:00,7412.6838086025309,2652.7771654177604,7998.5648569335353,7858.466288167233
2025-08-14,00:00-04:00,2181.5602703003615,308.76159683382502,7858.466288167233,2309.1766228076108
2025-08-14,04:00-08:00,1167.1484717103754,6045.923756302288,7858.466288167233,2309.1766228076108
2025-08-14,08:00-12:00,4137.9848499999989,1766.2377174865621,7858.466288167233,2309.1766228076108
2025-08-14,12:00-16:00,5549.4105990189992,0,7858.466288167233,2309.1766228076108
2025-08-14,16:00-20:00,70.157838069732179,5849.229956159008,7858.466288167233,2309.1766228076108
2025-08-14,20:00-24:00,1338.2650224707893,2724.2745838138858,7858.466288167233,2309.1766228076108
2025-08-15,00:00-04:00,567.29110573909816,190.89812997264164,2309.1766228076108,2142.8613259886479
2025-08-15,04:00-08:00,914.51845723579731,2007.6265765638752,2309.1766228076108,2142.8613259886479
2025-08-15,08:00-12:00,169.11259011562228,0,2309.1766228076108,2142.8613259886479
2025-08-15,12:00-16:00,10497.554076551045,0,2309.1766228076108,2142.8613259886479
2025-08-15,16:00-20:00,209.00904229752567,5619.7844420936999,2309.1766228076108,2142.8613259886479
2025-08-15,20:00-24:00,1097.5130902803025,3229.9232919045544,2309.1766228076108,2142.8613259886479
2025-08-16,00:00-04:00,655.19819409288209,150.15593149927884,2142.8613259886479,7985.072714766442
2025-08-16,04:00-08:00,957.4778923862923,2004.6868919386357,2142.8613259886479,7985.072714766442
2025-08-16,08:00-12:00,91.62733445336319,0,2142.8613259886479,7985.072714766442
2025-08-16,12:00-16:00,10575.039332213304,0,2142.8613259886479,7985.072714766442
2025-08-16,16:00-20:00,153.95009831368156,5897.2145880795879,2142.8613259886479,7985.072714766442
2025-08-16,20:00-24:00,7397.6894536283917,2753.0480057036953,2142.8613259886479,7985.072714766442
2025-08-17,00:00-04:00,1902.8734926321022,191.87494026048944,7985.072714766442,7826.2060974318501
2025-08-17,04:00-08:00,1043.3312382056213,6461.6931778898215,7985.072714766442,7826.2060974318501
2025-08-17,08:00-12:00,5568.2608446664308,985.53868333333321,7985.072714766442,7826.2060974318501
2025-08-17,12:00-16:00,4044.2274593030575,0,7985.072714766442,7826.2060974318501
2025-08-17,16:00-20:00,93.013210270405921,6032.1086855023559,7985.072714766442,7826.2060974318501
2025-08-17,20:00-24:00,7466.7372049277765,2767.7036631195051,7985.072714766442,7826.2060974318501
2025-08-18,00:00-04:00,2101.1139474678953,84.535503099582229,7826.2060974318501,8069.4106792770826
2025-08-18,04:00-08:00,975.01697856161718,5922.1889730427265,7826.2060974318501,8069.4106792770826
2025-08-18,08:00-12:00,5349.0305376808928,1603.4113666666667,7826.2060974318501,8069.4106792770826
2025-08-18,12:00-16:00,4336.6821845862742,77.785300941129222,7826.2060974318501,8069.4106792770826
2025-08-18,16:00-20:00,143.02471372610526,5778.5724437799909,7826.2060974318501,8069.4106792770826
2025-08-18,20:00-24:00,7450.3723072930607,2802.3672309550316,7826.2060974318501,8069.4106792770826
2025-08-19,00:00-04:00,1697.0824468594928,99.261949004263442,8069.4106792770826,8216.6452521924493
2025-08-19,04:00-08:00,1052.8657718177453,5154.9312783410005,8069.4106792770826,8216.6452521924493
2025-08-19,08:00-12:00,4621.5323833333332,1131.4490666666663,8069.4106792770826,8216.6452521924493
2025-08-19,12:00-16:00,3702.1801352939297,240.33545417202109,8069.4106792770826,8216.6452521924493
2025-08-19,16:00-20:00,166.73015082744493,5533.5726160443055,8069.4106792770826,8216.6452521924493
2025-08-19,20:00-24:00,7368.9816195494423,2781.5302513698307,8069.4106792770826,8216.6452521924493
2025-08-20,00:00-04:00,1803.8118073483338,82.349495454246835,8216.6452521924493,7629.6261289365812
2025-08-20,04:00-08:00,1160.7742139893357,6693.1841878057003,8216.6452521924493,7629.6261289365812
2025-08-20,08:00-12:00,2537.46,1940.7617209967711,8216.6452521924493,7629.6261289365812
2025-08-20,12:00-16:00,3350.5399271867818,367.42236819129778,8216.6452521924493,7629.6261289365812
2025-08-20,16:00-20:00,255.03819336939637,4608.4385094592053,8216.6452521924493,7629.6261289365812
2025-08-20,20:00-24:00,7175.37621679529,25.391219561262574,8216.6452521924493,7629.6261289365812
2025-08-21,00:00-04:00,2255.6814391155772,27.06167421850455,7629.6261289365812,2858.6472530607002
2025-08-21,04:00-08:00,1005.3693534810553,5442.4351835044426,7629.6261289365812,2858.6472530607002
2025-08-21,08:00-12:00,4104.1145166666665,771.23170000000016,7629.6261289365812,2858.6472530607002
2025-08-21,12:00-16:00,3464.7560101887875,338.74225449196695,7629.6261289365812,2858.6472530607002
2025-08-21,16:00-20:00,516.74948585171899,5596.829681010302,7629.6261289365812,2858.6472530607002
2025-08-21,20:00-24:00,1721.1875606662329,2702.5457714988111,7629.6261289365812,2858.6472530607002
2025-08-22,00:00-04:00,638.4594732647729,343.78909535299141,2858.6472530607002,2429.2513992444706
2025-08-22,04:00-08:00,1008.2659771429037,2211.6759366494102,2858.6472530607002,2429.2513992444706
2025-08-22,08:00-12:00,474.92229902869741,0,2858.6472530607002,2429.2513992444706
2025-08-22,12:00-16:00,9856.9726261781543,3.3808333333333089,2858.6472530607002,2429.2513992444706
2025-08-22,16:00-20:00,21.662339430176019,6366.8469854177156,2858.6472530607002,2429.2513992444706
2025-08-22,20:00-24:00,1413.1976494384721,2325.6825129125341,2858.6472530607002,2429.2513992444706
2025-08-23,00:00-04:00,1117.1464825405587,45.317080652573736,2429.2513992444706,7642.3246403796647
2025-08-23,04:00-08:00,854.62976575711809,2191.8074102620776,2429.2513992444706,7642.3246403796647
2025-08-23,08:00-12:00,597.62324254645534,0,2429.2513992444706,7642.3246403796647
2025-08-23,12:00-16:00,9493.3143753220738,14.918333333333369,2429.2513992444706,7642.3246403796647
2025-08-23,16:00-20:00,100.04945514144154,5741.2722599152567,2429.2513992444706,7642.3246403796647
2025-08-23,20:00-24:00,7275.4066840302858,3059.8367031388152,2429.2513992444706,7642.3246403796647
2025-08-24,00:00-04:00,2503.6975932900514,209.29726482748822,7642.3246403796647,7839.794256870623
2025-08-24,04:00-08:00,950.50904077092332,6086.120744504844,7642.3246403796647,7839.794256870623
2025-08-24,08:00-12:00,6108.6776029664561,1297.5173333333335,7642.3246403796647,7839.794256870623
2025-08-24,12:00-16:00,3657.5575776056835,290.44980582032889,7642.3246403796647,7839.794256870623
2025-08-24,16:00-20:00,0,5784.6207107483697,7642.3246403796647,7839.794256870623
2025-08-24,20:00-24:00,7377.3154386227088,2838.4548610609827,7642.3246403796647,7839.794256870623
2025-08-25,00:00-04:00,2604.9153849925729,114.47285467024994,7839.794256870623,7743.5321781174489
2025-08-25,04:00-08:00,912.0045987202584,6595.0155137700212,7839.794256870623,7743.5321781174489
2025-08-25,08:00-12:00,3497.1644679093765,1071.3524499999999,7839.794256870623,7743.5321781174489
2025-08-25,12:00-16:00,3530.239853838601,878.99422093128578,7839.794256870623,7743.5321781174489
2025-08-25,16:00-20:00,121.50848353641902,5739.3778897003431,7839.794256870623,7743.5321781174489
2025-08-25,20:00-24:00,7276.1383389387502,220.41955543410702,7839.794256870623,7743.5321781174489
2025-08-26,00:00-04:00,2531.4409818606155,87.170446753479951,7743.5321781174489,8381.124963086455
2025-08-26,04:00-08:00,1036.633979132303,6136.5953404110269,7743.5321781174489,8381.124963086455
2025-08-26,08:00-12:00,5225.2196999999996,1429.1314,7743.5321781174489,8381.124963086455
2025-08-26,12:00-16:00,4177.0963994830163,102.29853212670648,7743.5321781174489,8381.124963086455
2025-08-26,16:00-20:00,117.19197720993475,5632.6011777530803,7743.5321781174489,8381.124963086455
2025-08-26,20:00-24:00,7471.8105010355812,2691.4783628479772,7743.5321781174489,8381.124963086455
2025-08-27,00:00-04:00,1744.3358182263864,81.478678178812061,8381.124963086455,7889.8747271775774
2025-08-27,04:00-08:00,1029.5966271995167,6082.2803913266607,8381.124963086455,7889.8747271775774
2025-08-27,08:00-12:00,4158.5883955236795,2082.1939857407406,8381.124963086455,7889.8747271775774
2025-08-27,12:00-16:00,6507.2610763725734,568.1797208995763,8381.124963086455,7889.8747271775774
2025-08-27,16:00-20:00,80.083899479181468,5765.4392384335888,8381.124963086455,7889.8747271775774
2025-08-27,20:00-24:00,7336.5409987240073,2756.2427183141517,8381.124963086455,7889.8747271775774
2025-08-28,00:00-04:00,2009.7220865900113,80.238028092832337,7889.8747271775774,2999.6794627922727
2025-08-28,04:00-08:00,1175.8925673664473,6485.137412361627,7889.8747271775774,2999.6794627922727
2025-08-28,08:00-12:00,1534.3764903608785,1913.8270259437893,7889.8747271775774,2999.6794627922727
2025-08-28,12:00-16:00,5885.2846151279373,187.82774999999992,7889.8747271775774,2999.6794627922727
2025-08-28,16:00-20:00,360.85728817720326,5687.2443287116021,7889.8747271775774,2999.6794627922727
2025-08-28,20:00-24:00,2207.553721219439,717.58747559887513,7889.8747271775774,2999.6794627922727
2025-08-29,00:00-04:00,1159.1019202428965,35.831947791228686,2999.6794627922727,3379.2211076696208
2025-08-29,04:00-08:00,1027.0707643326116,3172.8075895165834,2999.6794627922727,3379.2211076696208
2025-08-29,08:00-12:00,2134.7499487571986,0,2999.6794627922727,3379.2211076696208
2025-08-29,12:00-16:00,8307.3835651793524,39.534250000000007,2999.6794627922727,3379.2211076696208
2025-08-29,16:00-20:00,129.83977195753073,5368.922450825733,2999.6794627922727,3379.2211076696208
2025-08-29,20:00-24:00,1738.921524989855,2783.9409527989883,2999.6794627922727,3379.2211076696208
2025-08-30,00:00-04:00,334.25788699789405,180.85745002979201,3379.2211076696208,7819.9282299184688
2025-08-30,04:00-08:00,959.36528569953975,2159.8621640460296,3379.2211076696208,7819.9282299184688
2025-08-30,08:00-12:00,2133.4722950764617,0,3379.2211076696208,7819.9282299184688
2025-08-30,12:00-16:00,7707.9917139213649,45.901666666666642,3379.2211076696208,7819.9282299184688
2025-08-30,16:00-20:00,110.95449095601539,5581.1480945567564,3379.2211076696208,7819.9282299184688
2025-08-30,20:00-24:00,7052.4753846129042,2857.3930310607834,3379.2211076696208,7819.9282299184688
2025-08-31,00:00-04:00,2385.104562530536,22.048622500693,7819.9282299184688,8458.7507473612804
2025-08-31,04:00-08:00,982.69557516031955,6265.8804687023148,7819.9282299184688,8458.7507473612804
2025-08-31,08:00-12:00,3799.0302210258524,948.14801666666676,7819.9282299184688,8458.7507473612804
2025-08-31,12:00-16:00,5343.5184696080432,215.24084999999997,7819.9282299184688,8458.7507473612804
2025-08-31,16:00-20:00,73.584224397494594,5489.7789709338431,7819.9282299184688,8458.7507473612804
2025-08-31,20:00-24:00,7641.7788968374698,2866.7894846413283,7819.9282299184688,8458.7507473612804
2025-09-01,00:00-04:00,2601.3880584874664,0,8458.7507473612804,10732.266330322358
2025-09-01,04:00-08:00,123.07815722733675,5057.8108119033222,8458.7507473612804,10732.266330322358
2025-09-01,08:00-12:00,4071.6270838039345,770.04399999999987,8458.7507473612804,10732.266330322358
2025-09-01,12:00-16:00,3000.1772427999858,0,8458.7507473612804,10732.266330322358
2025-09-01,16:00-20:00,0,4496.1312838562171,8458.7507473612804,10732.266330322358
2025-09-01,20:00-24:00,8200.9712031667004,2207.6156934186902,8458.7507473612804,10732.266330322358
2025-09-02,00:00-04:00,75.259632975158326,0,10732.266330322358,10382.899720561058
2025-09-02,04:00-08:00,177.2736916866703,6202.6197979821891,10732.266330322358,10382.899720561058
2025-09-02,08:00-12:00,4801.1633998517018,1530.1275166666669,10732.266330322358,10382.899720561058
2025-09-02,12:00-16:00,4568.1645314849093,0,10732.266330322358,10382.899720561058
2025-09-02,16:00-20:00,0,4756.4801469230906,10732.266330322358,10382.899720561058
2025-09-02,20:00-24:00,8236.9361484519213,2290.8283848180185,10732.266330322358,10382.899720561058
2025-09-03,00:00-04:00,463.44475493215572,8.6906296112633754,10382.899720561058,10198.848607200269
2025-09-03,04:00-08:00,120.13111929845354,5434.9347270204844,10382.899720561058,10198.848607200269
2025-09-03,08:00-12:00,4519.3867499999997,545.85995000000014,10382.899720561058,10198.848607200269
2025-09-03,12:00-16:00,2839.6895987256917,82.593152886917466,10382.899720561058,10198.848607200269
2025-09-03,16:00-20:00,17.185691875442394,4750.6035437223763,10382.899720561058,10198.848607200269
2025-09-03,20:00-24:00,8174.2520664507692,2411.5768836225079,10382.899720561058,10198.848607200269
2025-09-04,00:00-04:00,667.94599199969707,0,10198.848607200269,5381.9203736157788
2025-09-04,04:00-08:00,104.89465846755982,6110.5119655369363,10198.848607200269,5381.9203736157788
2025-09-04,08:00-12:00,5747.6437565463166,980.39524999999981,10198.848607200269,5381.9203736157788
2025-09-04,12:00-16:00,2943.4995465543575,81.214770970002945,10198.848607200269,5381.9203736157788
2025-09-04,16:00-20:00,332.92282832844882,5124.0171637007752,10198.848607200269,5381.9203736157788
2025-09-04,20:00-24:00,3113.1388129627289,2496.2331918542131,10198.848607200269,5381.9203736157788
2025-09-05,00:00-04:00,1187.2138234041354,1.2492663898997307,5381.9203736157788,5824.8171983514176
2025-09-05,04:00-08:00,358.95664457879013,2448.1884020756238,5381.9203736157788,5824.8171983514176
2025-09-05,08:00-12:00,1326.09212916414,0,5381.9203736157788,5824.8171983514176
2025-09-05,12:00-16:00,6171.8229981755558,0,5381.9203736157788,5824.8171983514176
2025-09-05,16:00-20:00,262.92432352875903,4666.1126687249616,5381.9203736157788,5824.8171983514176
2025-09-05,20:00-24:00,2714.6598911723577,2223.3950666666669,5381.9203736157788,5824.8171983514176
2025-09-06,00:00-04:00,1204.2938660544487,160.51796568487646,5824.8171983514176,10601.6428213581
2025-09-06,04:00-08:00,200.18954752874657,3102.3654755732018,5824.8171983514176,10601.6428213581
2025-09-06,08:00-12:00,955.4473001711367,0,5824.8171983514176,10601.6428213581
2025-09-06,12:00-16:00,7196.3013390133247,0,5824.8171983514176,10601.6428213581
2025-09-06,16:00-20:00,114.69751628891299,4676.2467613995732,5824.8171983514176,10601.6428213581
2025-09-06,20:00-24:00,8077.9088836557739,2138.285883333333,5824.8171983514176,10601.6428213581
2025-09-07,00:00-04:00,224.05021860833779,2.9592162950432339,10601.6428213581,9794.6245834515757
2025-09-07,04:00-08:00,116.81525468796374,5887.9408454219938,10601.6428213581,9794.6245834515757
2025-09-07,08:00-12:00,4474.6011743767858,1453.6297253436603,10601.6428213581,9794.6245834515757
2025-09-07,12:00-16:00,4472.250942250872,0,10601.6428213581,9794.6245834515757
2025-09-07,16:00-20:00,2.35504275873609,4946.4363315700957,10601.6428213581,9794.6245834515757
2025-09-07,20:00-24:00,8070.5634739658644,2497.4655418704124,10601.6428213581,9794.6245834515757
2025-09-08,00:00-04:00,442.17625469314953,66.247889596440587,9794.6245834515757,7542.5102278395343
2025-09-08,04:00-08:00,833.80347699096126,5917.6817921894208,9794.6245834515757,7542.5102278395343
2025-09-08,08:00-12:00,3488.6294577539784,1162.8622339589288,9794.6245834515757,7542.5102278395343
2025-09-08,12:00-16:00,3327.9164898052222,386.26247010199904,9794.6245834515757,7542.5102278395343
2025-09-08,16:00-20:00,78.018841419553382,5530.150030502451,9794.6245834515757,7542.5102278395343
2025-09-08,20:00-24:00,7111.3429089295632,1342.0273216714713,9794.6245834515757,7542.5102278395343
2025-09-09,00:00-04:00,2617.6563503877301,90.778990962010539,7542.5102278395343,8014.3117474105611
2025-09-09,04:00-08:00,1017.0251721564958,5903.704039953549,7542.5102278395343,8014.3117474105611
2025-09-09,08:00-12:00,5872.8428757806414,803.86625248216228,7542.5102278395343,8014.3117474105611
2025-09-09,12:00-16:00,2709.4911490934255,229.15731785615381,7542.5102278395343,8014.3117474105611
2025-09-09,16:00-20:00,146.80181771295705,5516.5546433499985,7542.5102278395343,8014.3117474105611
2025-09-09,20:00-24:00,7281.0260796188668,2943.6405780297941,7542.5102278395343,8014.3117474105611
2025-09-10,00:00-04:00,2054.015348124206,134.20660403454224,8014.3117474105611,7788.7412158035077
2025-09-10,04:00-08:00,1112.1009198922548,6601.5786183560313,8014.3117474105611,7788.7412158035077
2025-09-10,08:00-12:00,3481.1478961017615,1961.6495273722608,8014.3117474105611,7788.7412158035077
2025-09-10,12:00-16:00,2913.0422463739346,282.54489447591607,8014.3117474105611,7788.7412158035077
2025-09-10,16:00-20:00,793.03475646784841,5303.0139308918751,8014.3117474105611,7788.7412158035077
2025-09-10,20:00-24:00,7357.4839939321773,265.78828363838898,8014.3117474105611,7788.7412158035077
2025-09-11,00:00-04:00,2464.34028634161,49.359976859313292,7788.7412158035077,3866.5101782394509
2025-09-11,04:00-08:00,949.51826645154347,5667.6214917408079,7788.7412158035077,3866.5101782394509
2025-09-11,08:00-12:00,5294.5517875733112,1645.9516320967412,7788.7412158035077,3866.5101782394509
2025-09-11,12:00-16:00,3727.4736182430397,0,7788.7412158035077,3866.5101782394509
2025-09-11,16:00-20:00,99.980832652842111,5314.9054702316316,7788.7412158035077,3866.5101782394509
2025-09-11,20:00-24:00,2262.5488283801851,2838.884394789613,7788.7412158035077,3866.5101782394509
2025-09-12,00:00-04:00,227.42704316197114,263.64295827799191,3866.5101782394509,3203.1446621392433
2025-09-12,04:00-08:00,857.13942830164206,3014.7150440230398,3866.5101782394509,3203.1446621392433
2025-09-12,08:00-12:00,318.64404765200811,0,3866.5101782394509,3203.1446621392433
2025-09-12,12:00-16:00,10348.02261901466,0,3866.5101782394509,3203.1446621392433
2025-09-12,16:00-20:00,16.702061594271072,5998.5969541104296,3866.5101782394509,3203.1446621392433
2025-09-12,20:00-24:00,1808.0811395942005,2316.6472429269129,3866.5101782394509,3203.1446621392433
2025-09-13,00:00-04:00,721.26022080705047,33.597344284885253,3203.1446621392433,7628.3296227073388
2025-09-13,04:00-08:00,850.65071504057209,2954.399666673331,3203.1446621392433,7628.3296227073388
2025-09-13,08:00-12:00,607.16360666502726,0,3203.1446621392433,7628.3296227073388
2025-09-13,12:00-16:00,9950.7610316020382,21.195833333333361,3203.1446621392433,7628.3296227073388
2025-09-13,16:00-20:00,101.98838420123421,6435.8017311278618,3203.1446621392433,7628.3296227073388
2025-09-13,20:00-24:00,7208.1088752588121,2318.6845552648369,3203.1446621392433,7628.3296227073388
2025-09-14,00:00-04:00,2461.644580242817,92.440552163685993,7628.3296227073388,7480.9352113897503
2025-09-14,04:00-08:00,968.89038443011873,5911.7020280380957,7628.3296227073388,7480.9352113897503
2025-09-14,08:00-12:00,3808.0592957352992,1985.9584738330457,7628.3296227073388,7480.9352113897503
2025-09-14,12:00-16:00,4909.2688615593161,0,7628.3296227073388,7480.9352113897503
2025-09-14,16:00-20:00,291.50906930296281,5490.2043297867103,7628.3296227073388,7480.9352113897503
2025-09-14,20:00-24:00,7088.6805271321646,2470.0722882704608,7628.3296227073388,7480.9352113897503
2025-09-15,00:00-04:00,2564.6772075178437,354.54185070654273,7480.9352113897503,8157.9658119324622
2025-09-15,04:00-08:00,946.26378439229109,6180.5185554756281,7480.9352113897503,8157.9658119324622
2025-09-15,08:00-12:00,6099.6292279487152,1482.4775833333331,7480.9352113897503,8157.9658119324622
2025-09-15,12:00-16:00,4123.1152894421912,119.5889632691128,7480.9352113897503,8157.9658119324622
2025-09-15,16:00-20:00,46.311187191573367,5660.7546416261321,7480.9352113897503,8157.9658119324622
2025-09-15,20:00-24:00,7479.2139499281166,2812.7514887015991,7480.9352113897503,8157.9658119324622
2025-09-16,00:00-04:00,1427.54296685692,135.62110216524673,8157.9658119324622,7723.8664522376203
2025-09-16,04:00-08:00,984.88534727384433,5526.9986820772383,8157.9658119324622,7723.8664522376203
2025-09-16,08:00-12:00,4107.6913164062271,1363.1868333333332,8157.9658119324622,7723.8664522376203
2025-09-16,12:00-16:00,5344.195414628929,206.45779974779512,8157.9658119324622,7723.8664522376203
2025-09-16,16:00-20:00,52.013335865917497,5685.5046795625294,8157.9658119324622,7723.8664522376203
2025-09-16,20:00-24:00,7227.5931252973987,2979.4967469658986,8157.9658119324622,7723.8664522376203
2025-09-17,00:00-04:00,2365.7661522307294,18.224706649575637,7723.8664522376203,7878.4024551910825
2025-09-17,04:00-08:00,1083.1101503126404,5509.375296731474,7723.8664522376203,7878.4024551910825
2025-09-17,08:00-12:00,3765.1844767463499,2342.5835333333334,7723.8664522376203,7878.4024551910825
2025-09-17,12:00-16:00,5924.9419528508479,3.8884833333333213,7723.8664522376203,7878.4024551910825
2025-09-17,16:00-20:00,67.461225847269105,5559.2444297251022,7723.8664522376203,7878.4024551910825
2025-09-17,20:00-24:00,7297.1430740770775,3035.5228435416429,7723.8664522376203,7878.4024551910825
2025-09-18,00:00-04:00,2108.1191628725674,220.04179312865142,7878.4024551910825,3700.1432776937095
2025-09-18,04:00-08:00,1060.0975177363496,5743.3897310465754,7878.4024551910825,3700.1432776937095
2025-09-18,08:00-12:00,4296.1699833333332,2155.261583333333,7878.4024551910825,3700.1432776937095
2025-09-18,12:00-16:00,5886.0996502592971,65.763016666666616,7878.4024551910825,3700.1432776937095
2025-09-18,16:00-20:00,27.098505454170382,5679.6918594481203,7878.4024551910825,3700.1432776937095
2025-09-18,20:00-24:00,2871.9800961924861,3058.4328579613302,7878.4024551910825,3700.1432776937095
2025-09-19,00:00-04:00,705.4166003552026,180.15860669118524,3700.1432776937095,4018.4970829374579
2025-09-19,04:00-08:00,943.77033058116672,3198.5141162575701,3700.1432776937095,4018.4970829374579
2025-09-19,08:00-12:00,1292.2335159147833,0,3700.1432776937095,4018.4970829374579
2025-09-19,12:00-16:00,9118.5101371296096,41.218333333333398,3700.1432776937095,4018.4970829374579
2025-09-19,16:00-20:00,145.22922145907827,6325.0407999194158,3700.1432776937095,4018.4970829374579
2025-09-19,20:00-24:00,2718.9678068505186,2057.093085034312,3700.1432776937095,4018.4970829374579
2025-09-20,00:00-04:00,206.2141750522415,202.56800178909469,4018.4970829374579,7876.1219196008433
2025-09-20,04:00-08:00,950.26963865089715,3270.8312619541603,4018.4970829374579,7876.1219196008433
2025-09-20,08:00-12:00,1403.9457652734629,0,4018.4970829374579,7876.1219196008433
2025-09-20,12:00-16:00,9262.7209013932043,54.986750000000029,4018.4970829374579,7876.1219196008433
2025-09-20,16:00-20:00,160.21328167218789,6435.0743162668896,4018.4970829374579,7876.1219196008433
2025-09-20,20:00-24:00,7403.6175258299172,2268.1321601690606,4018.4970829374579,7876.1219196008433
2025-09-21,00:00-04:00,2004.4049377732119,101.90500450974309,7876.1219196008433,7894.2408363370732
2025-09-21,04:00-08:00,1242.1067868517409,5096.4006073332448,7876.1219196008433,7894.2408363370732
2025-09-21,08:00-12:00,5144.9863972922049,1095.1527833333332,7876.1219196008433,7894.2408363370732
2025-09-21,12:00-16:00,2630.460171336616,2.8375500000000402,7876.1219196008433,7894.2408363370732
2025-09-21,16:00-20:00,107.81816004366448,5761.8398539256232,7876.1219196008433,7894.2408363370732
2025-09-21,20:00-24:00,7530.271475923073,3040.1959985040698,7876.1219196008433,7894.2408363370732
2025-09-22,00:00-04:00,1801.3155270186644,52.196078741352267,7894.2408363370732,7709.5143494020531
2025-09-22,04:00-08:00,1231.3244281582679,5169.7666556372069,7894.2408363370732,7709.5143494020531
2025-09-22,08:00-12:00,5272.3270775350829,1712.6139499999995,7894.2408363370732,7709.5143494020531
2025-09-22,12:00-16:00,3589.8188362177948,85.016622157953151,7894.2408363370732,7709.5143494020531
2025-09-22,16:00-20:00,101.67700312743887,5637.2532352538892,7894.2408363370732,7709.5143494020531
2025-09-22,20:00-24:00,7227.8005396520075,3081.0606599356124,7894.2408363370732,7709.5143494020531
2025-09-23,00:00-04:00,2484.6325200334322,10.121800889484234,7709.5143494020531,8010.696600885467
2025-09-23,04:00-08:00,1060.8419978352156,5450.0545977117308,7709.5143494020531,8010.696600885467
2025-09-23,08:00-12:00,4611.7995059707191,1896.6157166666662,7709.5143494020531,8010.696600885467
2025-09-23,12:00-16:00,4804.1857478887468,475.04171868885635,7709.5143494020531,8010.696600885467
2025-09-23,16:00-20:00,62.026634692386665,5829.1295411875035,7709.5143494020531,8010.696600885467
2025-09-23,20:00-24:00,7594.6963099874865,2768.7005988111587,7709.5143494020531,8010.696600885467
2025-09-24,00:00-04:00,1868.2818504119668,148.38123079395029,8010.696600885467,8385.1571907482739
2025-09-24,04:00-08:00,929.89124744305502,5560.1179606433034,8010.696600885467,8385.1571907482739
2025-09-24,08:00-12:00,5256.6724634842903,2393.5189,8010.696600885467,8385.1571907482739
2025-09-24,12:00-16:00,5046.8719085870289,0,8010.696600885467,8385.1571907482739
2025-09-24,16:00-20:00,4.8472534503493989,5653.6207950315493,8010.696600885467,8385.1571907482739
2025-09-24,20:00-24:00,7707.9890680064254,2767.1351536749917,8010.696600885467,8385.1571907482739
2025-09-25,00:00-04:00,1583.7428757750397,187.20624838069477,8385.1571907482739,3940.1634428632246
2025-09-25,04:00-08:00,1061.063843858572,5289.661489204469,8385.1571907482739,3940.1634428632246
2025-09-25,08:00-12:00,5802.7529054277074,1757.6831500000001,8385.1571907482739,3940.1634428632246
2025-09-25,12:00-16:00,3313.0693350837964,134.03601736749809,8385.1571907482739,3940.1634428632246
2025-09-25,16:00-20:00,152.74379589983084,5629.9855557802357,8385.1571907482739,3940.1634428632246
2025-09-25,20:00-24:00,3035.0544612753151,3110.1479583930582,8385.1571907482739,3940.1634428632246
2025-09-26,00:00-04:00,1409.7954229624142,28.728983862717598,3940.1634428632246,4510.7154602764049
2025-09-26,04:00-08:00,856.99391519002029,3461.848314891939,3940.1634428632246,4510.7154602764049
2025-09-26,08:00-12:00,1665.0736944833839,0,3940.1634428632246,4510.7154602764049
2025-09-26,12:00-16:00,7999.5322762256055,0,3940.1634428632246,4510.7154602764049
2025-09-26,16:00-20:00,13.618003778473291,6104.8434219053561,3940.1634428632246,4510.7154602764049
2025-09-26,20:00-24:00,3119.3310484301201,2093.2013961348403,3940.1634428632246,4510.7154602764049
2025-09-27,00:00-04:00,496.7866026828932,118.67280052294069,4510.7154602764049,7598.678944008816
2025-09-27,04:00-08:00,841.35862302253668,3709.9431701886256,4510.7154602764049,7598.678944008816
2025-09-27,08:00-12:00,1948.6490823619763,0,4510.7154602764049,7598.678944008816
2025-09-27,12:00-16:00,8427.9860085533364,91.656346530283955,4510.7154602764049,7598.678944008816
2025-09-27,16:00-20:00,150.50857235377896,6662.300627949202,4510.7154602764049,7598.678944008816
2025-09-27,20:00-24:00,7290.0493588620684,2154.0839001974155,4510.7154602764049,7598.678944008816
2025-09-28,00:00-04:00,2604.3446556908866,116.46751981776833,7598.678944008816,8239.5537580624004
2025-09-28,04:00-08:00,1063.7890935702242,5221.2980083077546,7598.678944008816,8239.5537580624004
2025-09-28,08:00-12:00,5212.0003501607853,2554.9510333333333,7598.678944008816,8239.5537580624004
2025-09-28,12:00-16:00,4721.1263473076342,243.11544999999992,7598.678944008816,8239.5537580624004
2025-09-28,16:00-20:00,163.93364692097026,5624.022142693635,7598.678944008816,8239.5537580624004
2025-09-28,20:00-24:00,7469.5661417135698,2863.5143038441784,7598.678944008816,8239.5537580624004
2025-09-29,00:00-04:00,1932.1103046126477,100.94705279496588,8239.5537580624004,8012.538332968863
2025-09-29,04:00-08:00,953.24757515595991,5082.9362013741029,8239.5537580624004,8012.538332968863
2025-09-29,08:00-12:00,5429.2646437150106,2411.2514333333334,8239.5537580624004,8012.538332968863
2025-09-29,12:00-16:00,4107.2810015117448,162.20554999999996,8239.5537580624004,8012.538332968863
2025-09-29,16:00-20:00,63.346205251853462,5648.1520692946597,8239.5537580624004,8012.538332968863
2025-09-29,20:00-24:00,7637.8954106977144,3098.5691399525149,8239.5537580624004,8012.538332968863
2025-09-30,00:00-04:00,1996.2326487235064,102.54925237132056,8012.538332968863,8034.6794759884588
2025-09-30,04:00-08:00,928.9007965036335,5069.3012318500159,8012.538332968863,8034.6794759884588
2025-09-30,08:00-12:00,5003.2293606245739,2892.5942499999996,8012.538332968863,8034.6794759884588
2025-09-30,12:00-16:00,5654.4618576093462,655.8602267600786,8012.538332968863,8034.6794759884588
2025-09-30,16:00-20:00,253.35804246852558,5533.7716950217819,8012.538332968863,8034.6794759884588
2025-09-30,20:00-24:00,7501.8387101554245,3009.7936623080222,8012.538332968863,8034.6794759884588
2025-10-01,00:00-04:00,2263.2444409620352,50.766447659768801,8034.6794759884588,9865.0772606275059
2025-10-01,04:00-08:00,1554.7717465759667,4526.794504133999,8034.6794759884588,9865.0772606275059
2025-10-01,08:00-12:00,6294.5515368292654,1124.8304333333333,8034.6794759884588,9865.0772606275059
2025-10-01,12:00-16:00,77.881111111111949,63.08369999999983,8034.6794759884588,9865.0772606275059
2025-10-01,16:00-20:00,0,4897.9109433871054,8034.6794759884588,9865.0772606275059
2025-10-01,20:00-24:00,8081.42979165009,2489.4776532847118,8034.6794759884588,9865.0772606275059
2025-10-02,00:00-04:00,179.66356237728417,230.74626730930822,9865.0772606275059,6428.4464540190966
2025-10-02,04:00-08:00,1177.759526084415,4830.4814383032572,9865.0772606275059,6428.4464540190966
2025-10-02,08:00-12:00,6600.8327747179173,1702.946983333333,9865.0772606275059,6428.4464540190966
2025-10-02,12:00-16:00,1431.3801298835217,0,9865.0772606275059,6428.4464540190966
2025-10-02,16:00-20:00,0,4888.1132472267509,9865.0772606275059,6428.4464540190966
2025-10-02,20:00-24:00,4504.281310086526,2694.7528053261476,9865.0772606275059,6428.4464540190966
2025-10-03,00:00-04:00,187.79580117078791,198.44800109640977,6428.4464540190966,6412.2498407523253
2025-10-03,04:00-08:00,3.6484940781907085,3623.9811326657368,6428.4464540190966,6412.2498407523253
2025-10-03,08:00-12:00,2040.0417332316617,0,6428.4464540190966,6412.2498407523253
2025-10-03,12:00-16:00,7344.8440025625205,0,6428.4464540190966,6412.2498407523253
2025-10-03,16:00-20:00,0,5467.4448531454736,6428.4464540190966,6412.2498407523253
2025-10-03,20:00-24:00,4186.5358766473901,1872.6243502618213,6428.4464540190966,6412.2498407523253
2025-10-04,00:00-04:00,117.41137884360541,154.37074864205874,6412.2498407523253,9945.475273637996
2025-10-04,04:00-08:00,29.813219112343649,4368.9121113140154,6412.2498407523253,9945.475273637996
2025-10-04,08:00-12:00,1777.9667860434704,0,6412.2498407523253,9945.475273637996
2025-10-04,12:00-16:00,8534.3863978264835,0,6412.2498407523253,9945.475273637996
2025-10-04,16:00-20:00,19.111238643890829,5329.7715023884848,6412.2498407523253,9945.475273637996
2025-10-04,20:00-24:00,7950.0163331509802,1894.2940844911641,6412.2498407523253,9945.475273637996
2025-10-05,00:00-04:00,178.3608400584784,281.28181344722827,9945.475273637996,9553.838769352149
2025-10-05,04:00-08:00,1001.6823788962602,5321.8487274282807,9945.475273637996,9553.838769352149
2025-10-05,08:00-12:00,6018.8334183426086,1585.2795666666661,9945.475273637996,9553.838769352149
2025-10-05,12:00-16:00,2625.1756605643577,0,9945.475273637996,9553.838769352149
2025-10-05,16:00-20:00,24.981840951600855,4875.478190147971,9945.475273637996,9553.838769352149
2025-10-05,20:00-24:00,8025.5361395576338,2766.9864816475747,9945.475273637996,9553.838769352149
2025-10-06,00:00-04:00,499.56326591082507,129.98729670572459,9553.838769352149,9226.2654511693654
2025-10-06,04:00-08:00,1094.3353528351377,5300.4035011953174,9553.838769352149,9226.2654511693654
2025-10-06,08:00-12:00,5629.8857318795026,1866.9252666666671,9553.838769352149,9226.2654511693654
2025-10-06,12:00-16:00,3235.9314174619089,53.508600000000115,9553.838769352149,9226.2654511693654
2025-10-06,16:00-20:00,63.28207483156055,5130.2667362497587,9553.838769352149,9226.2654511693654
2025-10-06,20:00-24:00,8014.9697156739585,2829.4783080072812,9553.838769352149,9226.2654511693654
2025-10-07,00:00-04:00,869.57541824966074,81.947436573366531,9226.2654511693654,9477.9960977387254
2025-10-07,04:00-08:00,1081.9912962687906,5686.2618045159143,9226.2654511693654,9477.9960977387254
2025-10-07,08:00-12:00,5222.1227105593098,2540.4685333333337,9226.2654511693654,9477.9960977387254
2025-10-07,12:00-16:00,4888.5937045973624,45.410466666666551,9226.2654511693654,9477.9960977387254
2025-10-07,16:00-20:00,3.6559652962023392,4996.3273219430012,9226.2654511693654,9477.9960977387254
2025-10-07,20:00-24:00,8152.6414115420421,2800.0770653311215,9226.2654511693654,9477.9960977387254
2025-10-08,00:00-04:00,485.81836249171567,104.16093637690233,9477.9960977387254,8246.0064892509326
2025-10-08,04:00-08:00,996.46184637165595,6027.4917444118455,9477.9960977387254,8246.0064892509326
2025-10-08,08:00-12:00,5620.0829654380077,1836.5570999999998,9477.9960977387254,8246.0064892509326
2025-10-08,12:00-16:00,4203.8260760984949,0,9477.9960977387254,8246.0064892509326
2025-10-08,16:00-20:00,4.6999432606125993,5694.7488533712058,9477.9960977387254,8246.0064892509326
2025-10-08,20:00-24:00,7850.8545516162394,2966.8444471532052,9477.9960977387254,8246.0064892509326
2025-10-09,00:00-04:00,1778.349213046552,26.47810450627253,8246.0064892509326,4393.2817446148874
2025-10-09,04:00-08:00,958.69076564713657,5984.348665749334,8246.0064892509326,4393.2817446148874
2025-10-09,08:00-12:00,5571.0488663803371,2000.4414833333331,8246.0064892509326,4393.2817446148874
2025-10-09,12:00-16:00,4454.042261835154,27.463783333333289,8246.0064892509326,4393.2817446148874
2025-10-09,16:00-20:00,0,5724.4917177644202,8246.0064892509326,4393.2817446148874
2025-10-09,20:00-24:00,3593.6660161069954,2952.4241851288498,8246.0064892509326,4393.2817446148874
2025-10-10,00:00-04:00,705.57979641699353,45.289149654280664,4393.2817446148874,4758.8694947133345
2025-10-10,04:00-08:00,923.44693354739934,4052.4889892321689,4393.2817446148874,4758.8694947133345
2025-10-10,08:00-12:00,27.211750977785414,0,4393.2817446148874,4758.8694947133345
2025-10-10,12:00-16:00,10521.322715024553,49.792916666666613,4393.2817446148874,4758.8694947133345
2025-10-10,16:00-20:00,26.148646326980668,5974.4637255472744,4393.2817446148874,4758.8694947133345
2025-10-10,20:00-24:00,3720.1705795490461,2447.2793855036389,4393.2817446148874,4758.8694947133345
2025-10-11,00:00-04:00,642.28952907231269,20.556044556905192,4758.8694947133345,8120.2343380412512
2025-10-11,04:00-08:00,958.84956336151163,4208.7814802963348,4758.8694947133345,8120.2343380412512
2025-10-11,08:00-12:00,0,0,4758.8694947133345,8120.2343380412512
2025-10-11,12:00-16:00,10332.632487333132,13.813367401766996,4758.8694947133345,8120.2343380412512
2025-10-11,16:00-20:00,48.198980985826893,6173.5295480184832,4758.8694947133345,8120.2343380412512
2025-10-11,20:00-24:00,7694.0387233432721,2495.6587208491919,4758.8694947133345,8120.2343380412512
2025-10-12,00:00-04:00,2179.5555035376638,67.124158511228416,8120.2343380412512,7946.045458523522
2025-10-12,04:00-08:00,1038.397555802472,6063.8314550363521,8120.2343380412512,7946.045458523522
2025-10-12,08:00-12:00,4562.1143502288833,2088.2217499999997,8120.2343380412512,7946.045458523522
2025-10-12,12:00-16:00,5383.4135322266875,54.058816666666637,8120.2343380412512,7946.045458523522
2025-10-12,16:00-20:00,27.908287805670536,5850.674208589855,8120.2343380412512,7946.045458523522
2025-10-12,20:00-24:00,7570.0561634882415,2849.6303711644537,8120.2343380412512,7946.045458523522
2025-10-13,00:00-04:00,2224.2455826818295,77.895649983977705,7946.045458523522,7964.5947714318208
2025-10-13,04:00-08:00,1080.3448676807977,5754.2442610428689,7946.045458523522,7964.5947714318208
2025-10-13,08:00-12:00,5671.5904326100226,2267.0011166666663,7946.045458523522,7964.5947714318208
2025-10-13,12:00-16:00,4369.9766252853797,142.68746666666658,7946.045458523522,7964.5947714318208
2025-10-13,16:00-20:00,9.0824946479549453,5630.0703925290472,7946.045458523522,7964.5947714318208
2025-10-13,20:00-24:00,7557.5242394412089,3050.7457677945399,7946.045458523522,7964.5947714318208
2025-10-14,00:00-04:00,2084.5833928304778,116.27811624641208,7964.5947714318208,7855.9051444653414
2025-10-14,04:00-08:00,902.38320542936447,6084.4520698550223,7964.5947714318208,7855.9051444653414
2025-10-14,08:00-12:00,3970.1124485750902,2306.848052777676,7964.5947714318208,7855.9051444653414
2025-10-14,12:00-16:00,5283.3746059431887,107.81811012434322,7964.5947714318208,7855.9051444653414
2025-10-14,16:00-20:00,67.514819366253391,5642.2014818352582,7964.5947714318208,7855.9051444653414
2025-10-14,20:00-24:00,7501.6231035797273,1885.9920097676463,7964.5947714318208,7855.9051444653414
2025-10-15,00:00-04:00,2210.2064042455713,171.99884966468221,7855.9051444653414,8087.0730858890665
2025-10-15,04:00-08:00,936.46843235549363,6015.2659045464698,7855.9051444653414,8087.0730858890665
2025-10-15,08:00-12:00,3707.5231905934961,2351.8564934545207,7855.9051444653414,8087.0730858890665
2025-10-15,12:00-16:00,3924.6255176269642,295.39963124765075,7855.9051444653414,8087.0730858890665
2025-10-15,16:00-20:00,103.54558648058401,5464.5256024163227,7855.9051444653414,8087.0730858890665
2025-10-15,20:00-24:00,7676.7591743979874,525.79629900608268,7855.9051444653414,8087.0730858890665
2025-10-16,00:00-04:00,1871.3878283083711,56.493775235014255,8087.0730858890665,4953.9674109672642
2025-10-16,04:00-08:00,1007.3410875982404,6047.9407944866598,8087.0730858890665,4953.9674109672642
2025-10-16,08:00-12:00,4819.6102763521685,2425.7016294628434,8087.0730858890665,4953.9674109672642
2025-10-16,12:00-16:00,3917.0925737193952,528.91978754254376,8087.0730858890665,4953.9674109672642
2025-10-16,16:00-20:00,50.274187359297684,5841.5801503495713,8087.0730858890665,4953.9674109672642
2025-10-16,20:00-24:00,4236.536097911684,799.97503186481231,8087.0730858890665,4953.9674109672642
2025-10-17,00:00-04:00,685.34641556975566,31.50735800178461,4953.9674109672642,5290.7146053344813
2025-10-17,04:00-08:00,911.2521006026077,4145.1537735529055,4953.9674109672642,5290.7146053344813
2025-10-17,08:00-12:00,901.61591181381061,0,4953.9674109672642,5290.7146053344813
2025-10-17,12:00-16:00,9153.7491049572218,0,4953.9674109672642,5290.7146053344813
2025-10-17,16:00-20:00,133.50015095470491,5964.2291753459476,4953.9674109672642,5290.7146053344813
2025-10-17,20:00-24:00,4111.5098343109439,2432.5857679181945,4953.9674109672642,5290.7146053344813
2025-10-18,00:00-04:00,305.99607970669041,158.12510036881832,5290.7146053344813,8446.3026242457508
2025-10-18,04:00-08:00,855.83869711450302,4161.0143901766623,5290.7146053344813,8446.3026242457508
2025-10-18,08:00-12:00,1433.208351199452,0,5290.7146053344813,8446.3026242457508
2025-10-18,12:00-16:00,8866.0608050651408,9.9726500000000051,5290.7146053344813,8446.3026242457508
2025-10-18,16:00-20:00,49.698086947634295,6020.6287568041935,5290.7146053344813,8446.3026242457508
2025-10-18,20:00-24:00,7617.9219778277347,2304.4963238977189,5290.7146053344813,8446.3026242457508
2025-10-19,00:00-04:00,1678.6920482024866,148.07978870501108,8446.3026242457508,8203.374549014552
2025-10-19,04:00-08:00,880.73903803207827,5859.33647489133,8446.3026242457508,8203.374549014552
2025-10-19,08:00-12:00,5200.9192000260809,2587.3952780748368,8446.3026242457508,8203.374549014552
2025-10-19,12:00-16:00,4508.9904763686518,1040.5830601584667,8446.3026242457508,8203.374549014552
2025-10-19,16:00-20:00,40.35154928257225,5866.0077150962206,8446.3026242457508,8203.374549014552
2025-10-19,20:00-24:00,7804.3307396545943,1009.5916225510588,8446.3026242457508,8203.374549014552
2025-10-20,00:00-04:00,2035.4445265195091,63.27279029726526,8203.374549014552,7758.5898347990005
2025-10-20,04:00-08:00,969.14586663911223,5717.1491513921374,8203.374549014552,7758.5898347990005
2025-10-20,08:00-12:00,4304.793814214745,2956.3333708821733,8203.374549014552,7758.5898347990005
2025-10-20,12:00-16:00,5353.4741992357031,282.30856666666671,8203.374549014552,7758.5898347990005
2025-10-20,16:00-20:00,226.44035446796033,5574.5702788838325,8203.374549014552,7758.5898347990005
2025-10-20,20:00-24:00,7336.289469152438,2189.3985511577857,8203.374549014552,7758.5898347990005
2025-10-21,00:00-04:00,2596.5672958519735,5.9628522740472363,7758.5898347990005,7925.308463624322
2025-10-21,04:00-08:00,844.02897516203575,5657.4840345042112,7758.5898347990005,7925.308463624322
2025-10-21,08:00-12:00,3521.9535447042135,3026.1669440621881,7758.5898347990005,7925.308463624322
2025-10-21,12:00-16:00,4771.9421426307799,689.83038333333343,7758.5898347990005,7925.308463624322
2025-10-21,16:00-20:00,286.14529632508709,5490.6438070659551,7758.5898347990005,7925.308463624322
2025-10-21,20:00-24:00,7477.8510718691132,773.64075731746698,7758.5898347990005,7925.308463624322
2025-10-22,00:00-04:00,2230.4767296892687,30.595447055691011,7925.308463624322,8033.7936117972968
2025-10-22,04:00-08:00,1019.7596763188097,5277.6801423415591,7925.308463624322,8033.7936117972968
2025-10-22,08:00-12:00,5074.7880097819343,3377.1935167311822,7925.308463624322,8033.7936117972968
2025-10-22,12:00-16:00,5737.5184099711532,124.39041546907265,7925.308463624322,8033.7936117972968
2025-10-22,16:00-20:00,35.210595465775441,5775.9957883556508,7925.308463624322,8033.7936117972968
2025-10-22,20:00-24:00,7664.8958364740738,2944.2539554289824,7925.308463624322,8033.7936117972968
2025-10-23,00:00-04:00,2258.0109015016897,59.268839430391722,8033.7936117972968,5742.724815320852
2025-10-23,04:00-08:00,1856.6615767135684,5126.470281552628,8033.7936117972968,5742.724815320852
2025-10-23,08:00-12:00,6542.0102232300869,3468.9682166666666,8033.7936117972968,5742.724815320852
2025-10-23,12:00-16:00,3669.591706413235,459.98918333333341,8033.7936117972968,5742.724815320852
2025-10-23,16:00-20:00,53.131167802709683,5508.2103024411563,8033.7936117972968,5742.724815320852
2025-10-23,20:00-24:00,4751.1315760818761,2934.7901863165907,8033.7936117972968,5742.724815320852
2025-10-24,00:00-04:00,455.92390836062464,41.015581988390807,5742.724815320852,5605.7446905104161
2025-10-24,04:00-08:00,886.20336577474779,4859.6498643172654,5742.724815320852,5605.7446905104161
2025-10-24,08:00-12:00,3411.095236459736,20.407116666666674,5742.724815320852,5605.7446905104161
2025-10-24,12:00-16:00,6941.3703649401459,78.021977075307106,5742.724815320852,5605.7446905104161
2025-10-24,16:00-20:00,67.544739527000047,6038.8689532537755,5742.724815320852,5605.7446905104161
2025-10-24,20:00-24:00,4624.1650331949222,2358.2237641163042,5742.724815320852,5605.7446905104161
2025-10-25,00:00-04:00,576.08838806491372,73.201623831255347,5605.7446905104161,8086.4303908741313
2025-10-25,04:00-08:00,952.32122838449868,4471.4655545674805,5605.7446905104161,8086.4303908741313
2025-10-25,08:00-12:00,3380.0907254777926,0,5605.7446905104161,8086.4303908741313
2025-10-25,12:00-16:00,6489.7527121921539,13.088016897317324,5605.7446905104161,8086.4303908741313
2025-10-25,16:00-20:00,80.878462557730359,6111.0623448308697,5605.7446905104161,8086.4303908741313
2025-10-25,20:00-24:00,7417.074094742964,2404.4918747959759,5605.7446905104161,8086.4303908741313
2025-10-26,00:00-04:00,1995.1554882391547,82.888872716709329,8086.4303908741313,8409.1300281228632
2025-10-26,04:00-08:00,1951.7525562143067,4303.3814450942427,8086.4303908741313,8409.1300281228632
2025-10-26,08:00-12:00,5901.4909133089459,3071.0337333333327,8086.4303908741313,8409.1300281228632
2025-10-26,12:00-16:00,2940.4494570823263,459.45051666666654,8086.4303908741313,8409.1300281228632
2025-10-26,16:00-20:00,6.4673523599608416,5480.2457886156099,8086.4303908741313,8409.1300281228632
2025-10-26,20:00-24:00,7684.6392927090828,2901.3335685797397,8086.4303908741313,8409.1300281228632
2025-10-27,00:00-04:00,1749.2596705087385,96.48423879774009,8409.1300281228632,8005.9306711847885
2025-10-27,04:00-08:00,1832.4140598148051,4292.9015539670772,8409.1300281228632,8005.9306711847885
2025-10-27,08:00-12:00,6482.286541550101,2923.017233333333,8409.1300281228632,8005.9306711847885
2025-10-27,12:00-16:00,2432.9129595513423,825.91745885266971,8409.1300281228632,8005.9306711847885
2025-10-27,16:00-20:00,47.248656039543221,5737.3631384348246,8409.1300281228632,8005.9306711847885
2025-10-27,20:00-24:00,7621.6562678942091,2821.4761036991986,8409.1300281228632,8005.9306711847885
2025-10-28,00:00-04:00,1955.7760970979059,36.588871520815587,8005.9306711847885,8337.5732037485195
2025-10-28,04:00-08:00,1853.317165803016,4327.6589705808747,8005.9306711847885,8337.5732037485195
2025-10-28,08:00-12:00,6096.7046778549629,3539.1711564444927,8005.9306711847885,8337.5732037485195
2025-10-28,12:00-16:00,3580.0750893312893,510.28504025071447,8005.9306711847885,8337.5732037485195
2025-10-28,16:00-20:00,74.426030577277359,5512.7394128949927,8005.9306711847885,8337.5732037485195
2025-10-28,20:00-24:00,7677.6607579495321,2977.8257220780788,8005.9306711847885,8337.5732037485195
2025-10-29,00:00-04:00,1915.1988850180951,13.49160998820787,8337.5732037485195,8017.0407970093647
2025-10-29,04:00-08:00,1852.6884632265856,4606.0033823185686,8337.5732037485195,8017.0407970093647
2025-10-29,08:00-12:00,4124.3639385570823,4541.3643666666667,8337.5732037485195,8017.0407970093647
2025-10-29,12:00-16:00,4935.4313305750766,863.85853333333353,8337.5732037485195,8017.0407970093647
2025-10-29,16:00-20:00,186.41183428429008,5602.2435262809822,8337.5732037485195,8017.0407970093647
2025-10-29,20:00-24:00,7623.7395952236202,1378.1633254541327,8337.5732037485195,8017.0407970093647
2025-10-30,00:00-04:00,2160.406202760767,98.08480757347661,8017.0407970093647,6220.5774528440224
2025-10-30,04:00-08:00,1894.8269096809754,4545.3200529527712,8017.0407970093647,6220.5774528440224
2025-10-30,08:00-12:00,6126.4966259334506,3239.0713999999998,8017.0407970093647,6220.5774528440224
2025-10-30,12:00-16:00,3360.8991627167566,582.38986666666642,8017.0407970093647,6220.5774528440224
2025-10-30,16:00-20:00,71.512106641965929,5543.3461322092917,8017.0407970093647,6220.5774528440224
2025-10-30,20:00-24:00,5355.8097075087044,2974.2648296931311,8017.0407970093647,6220.5774528440224
2025-10-31,00:00-04:00,509.46406540194278,36.030866450984149,6220.5774528440224,6336.507249674386
2025-10-31,04:00-08:00,814.72442103404751,5065.9995998998475,6220.5774528440224,6336.507249674386
2025-10-31,08:00-12:00,3258.4003578231795,46.735616666666601,6220.5774528440224,6336.507249674386
2025-10-31,12:00-16:00,6862.1597674172217,137.15578190854387,6220.5774528440224,6336.507249674386
2025-10-31,16:00-20:00,183.78986246663766,6094.1758378236336,6220.5774528440224,6336.507249674386
2025-10-31,20:00-24:00,5368.4006849774087,2283.0861989905534,6220.5774528440224,6336.507249674386
2025-11-01,00:00-04:00,318.21543799701311,237.87392228509248,6336.507249674386,8648.3861342382152
2025-11-01,04:00-08:00,834.23974421027765,4986.7363801260781,6336.507249674386,8648.3861342382152
2025-11-01,08:00-12:00,4159.3929485529361,18.272566666666609,6336.507249674386,8648.3861342382152
2025-11-01,12:00-16:00,6126.8602976352095,24.893934432942984,6336.507249674386,8648.3861342382152
2025-11-01,16:00-20:00,114.47836586960608,5865.2668629609252,6336.507249674386,8648.3861342382152
2025-11-01,20:00-24:00,7621.7743515903567,2317.9838655637222,6336.507249674386,8648.3861342382152
2025-11-02,00:00-04:00,1329.7395154983351,75.051520262612371,8648.3861342382152,8043.8824246086706
2025-11-02,04:00-08:00,1826.7057890685373,4296.1810209296054,8648.3861342382152,8043.8824246086706
2025-11-02,08:00-12:00,5663.8197938632456,4167.2029000000002,8648.3861342382152,8043.8824246086706
2025-11-02,12:00-16:00,5259.830029608348,929.98913333333314,8648.3861342382152,8043.8824246086706
2025-11-02,16:00-20:00,0,5776.6392452327091,8648.3861342382152,8043.8824246086706
2025-11-02,20:00-24:00,7698.794815636883,2939.890373285366,8648.3861342382152,8043.8824246086706
2025-11-03,00:00-04:00,1963.4281012903161,100.80534948382535,8043.8824246086706,8200.3911859581222
2025-11-03,04:00-08:00,1961.2238232953312,3752.1545744542768,8043.8824246086706,8200.3911859581222
2025-11-03,08:00-12:00,4910.8905149533366,3963.8820333333329,8043.8824246086706,8200.3911859581222
2025-11-03,12:00-16:00,4642.6953898317588,620.02486666666664,8043.8824246086706,8200.3911859581222
2025-11-03,16:00-20:00,4.0267300002677882,5552.8393594442514,8043.8824246086706,8200.3911859581222
2025-11-03,20:00-24:00,7517.1679631946845,2878.9762746813467,8043.8824246086706,8200.3911859581222
2025-11-04,00:00-04:00,2071.8530038475114,130.19220248186673,8200.3911859581222,8015.702520563088
2025-11-04,04:00-08:00,1934.9595714358124,3809.1410247417798,8200.3911859581222,8015.702520563088
2025-11-04,08:00-12:00,5679.3097107145213,3735.7086166666668,8200.3911859581222,8015.702520563088
2025-11-04,12:00-16:00,3420.7514916087366,601.87798333333308,8200.3911859581222,8015.702520563088
2025-11-04,16:00-20:00,0,5698.5326734063656,8200.3911859581222,8015.702520563088
2025-11-04,20:00-24:00,7637.3395769002473,2993.5801153760563,8200.3911859581222,8015.702520563088
2025-11-05,00:00-04:00,1941.6999301335979,109.51227175514305,8015.702520563088,8441.1336282067514
2025-11-05,04:00-08:00,2003.681888225794,3830.7875858968582,8015.702520563088,8441.1336282067514
2025-11-05,08:00-12:00,5774.8451802742884,4274.9791666666661,8015.702520563088,8441.1336282067514
2025-11-05,12:00-16:00,4509.8615270600094,805.22495000000004,8015.702520563088,8441.1336282067514
2025-11-05,16:00-20:00,59.836837375110271,5460.4441991674757,8015.702520563088,8441.1336282067514
2025-11-05,20:00-24:00,7623.0887553332759,2885.7052655402426,8015.702520563088,8441.1336282067514
2025-11-06,00:00-04:00,1568.3737999540408,116.47374004393089,8441.1336282067514,6136.6445710876797
2025-11-06,04:00-08:00,1787.5407237302484,3753.812210204007,8441.1336282067514,6136.6445710876797
2025-11-06,08:00-12:00,5187.2740597318698,5365.025079322415,8441.1336282067514,6136.6445710876797
2025-11-06,12:00-16:00,5657.2063215548778,496.47459999999978,8441.1336282067514,6136.6445710876797
2025-11-06,16:00-20:00,294.67588658656041,5455.2125771006195,8441.1336282067514,6136.6445710876797
2025-11-06,20:00-24:00,5446.785271435594,3039.9453557606835,8441.1336282067514,6136.6445710876797
2025-11-07,00:00-04:00,665.20724766579247,114.25307946906764,6136.6445710876797,6757.6001283374444
2025-11-07,04:00-08:00,1021.2593958055277,5529.3044818781545,6136.6445710876797,6757.6001283374444
2025-11-07,08:00-12:00,5534.324048622133,185.59553384346057,6136.6445710876797,6757.6001283374444
2025-11-07,12:00-16:00,5176.5841334139932,15.700627449263646,6136.6445710876797,6757.6001283374444
2025-11-07,16:00-20:00,0,5964.8922673144625,6136.6445710876797,6757.6001283374444
2025-11-07,20:00-24:00,5744.8371186639688,2326.585683299656,6136.6445710876797,6757.6001283374444
2025-11-08,00:00-04:00,324.20849950299078,94.369006819066954,6757.6001283374444,8467.1826355173016
2025-11-08,04:00-08:00,954.82327471691633,5259.3131740672425,6757.6001283374444,8467.1826355173016
2025-11-08,08:00-12:00,4862.6828796136342,49.758766666666659,6757.6001283374444,8467.1826355173016
2025-11-08,12:00-16:00,5027.4998712727875,5.4629332868505216,6757.6001283374444,8467.1826355173016
2025-11-08,16:00-20:00,61.142810385251558,5951.0013043865038,6757.6001283374444,8467.1826355173016
2025-11-08,20:00-24:00,7543.3700952599138,2308.1897772205089,6757.6001283374444,8467.1826355173016
2025-11-09,00:00-04:00,1707.8154247743198,87.514179015079208,8467.1826355173016,8100.4087934370173
2025-11-09,04:00-08:00,1847.7784212846268,2888.0798747438316,8467.1826355173016,8100.4087934370173
2025-11-09,08:00-12:00,5717.2930748050276,4545.3632333333335,8467.1826355173016,8100.4087934370173
2025-11-09,12:00-16:00,4103.2569554120209,1296.2538833333333,8467.1826355173016,8100.4087934370173
2025-11-09,16:00-20:00,104.08919194160694,5581.4931832489492,8467.1826355173016,8100.4087934370173
2025-11-09,20:00-24:00,7615.3267530046178,3018.7955593877332,8467.1826355173016,8100.4087934370173
2025-11-10,00:00-04:00,2208.6942842214348,72.649985847188759,8100.4087934370173,8047.3941159952756
2025-11-10,04:00-08:00,1722.7492287465282,2956.3647034076421,8100.4087934370173,8047.3941159952756
2025-11-10,08:00-12:00,5171.5798583300302,5193.4969333333338,8100.4087934370173,8047.3941159952756
2025-11-10,12:00-16:00,4603.2621327856814,1168.2995723222693,8100.4087934370173,8047.3941159952756
2025-11-10,16:00-20:00,31.582731210091879,5819.6012943053502,8100.4087934370173,8047.3941159952756
2025-11-10,20:00-24:00,7691.8512822916364,2195.3735297259541,8100.4087934370173,8047.3941159952756
2025-11-11,00:00-04:00,2145.5156992911766,38.21292747673283,8047.3941159952756,8204.2748594113054
2025-11-11,04:00-08:00,1797.0424794167579,2515.9004461036311,8047.3941159952756,8204.2748594113054
2025-11-11,08:00-12:00,5836.7778745382948,4966.8996333333325,8047.3941159952756,8204.2748594113054
2025-11-11,12:00-16:00,3680.5565424549377,904.15469999999982,8047.3941159952756,8204.2748594113054
2025-11-11,16:00-20:00,62.135769479090754,5491.8854178522397,8047.3941159952756,8204.2748594113054
2025-11-11,20:00-24:00,7469.0317272961893,2944.5128810655588,8047.3941159952756,8204.2748594113054
2025-11-12,00:00-04:00,2002.1077755539939,12.998223312701384,8204.2748594113054,8200.9942929665976
2025-11-12,04:00-08:00,1854.5955030525299,2403.8667129822252,8204.2748594113054,8200.9942929665976
2025-11-12,08:00-12:00,5778.850267016157,5221.9529666666667,8204.2748594113054,8200.9942929665976
2025-11-12,12:00-16:00,4049.7129516918258,1110.0953333333334,8204.2748594113054,8200.9942929665976
2025-11-12,16:00-20:00,81.977149625335699,5572.0524027342726,8204.2748594113054,8200.9942929665976
2025-11-12,20:00-24:00,7540.01602397224,2940.8672042098287,8204.2748594113054,8200.9942929665976
2025-11-13,00:00-04:00,1803.1435700304969,99.663682102692405,8200.9942929665976,7411.2876806892264
2025-11-13,04:00-08:00,2043.6825890083114,2345.1591615553493,8200.9942929665976,7411.2876806892264
2025-11-13,08:00-12:00,5614.247902730036,4163.8605666666672,8200.9942929665976,7411.2876806892264
2025-11-13,12:00-16:00,3468.2203373934244,1524.9399166666662,8200.9942929665976,7411.2876806892264
2025-11-13,16:00-20:00,51.685252900255136,5640.4237156705058,8200.9942929665976,7411.2876806892264
2025-11-13,20:00-24:00,6802.2066382963812,2961.0698035784667,8200.9942929665976,7411.2876806892264
2025-11-14,00:00-04:00,366.37718822670803,56.765385723849761,7411.2876806892264,7791.6598466730902
2025-11-14,04:00-08:00,929.65201425743896,5439.8614418171774,7411.2876806892264,7791.6598466730902
2025-11-14,08:00-12:00,5777.6587686659514,132.81046666666657,7411.2876806892264,7791.6598466730902
2025-11-14,12:00-16:00,3668.5138688991219,29.484512021041411,7411.2876806892264,7791.6598466730902
2025-11-14,16:00-20:00,95.530074401947218,6085.4799277327666,7411.2876806892264,7791.6598466730902
2025-11-14,20:00-24:00,6970.7571119353379,2338.139428026092,7411.2876806892264,7791.6598466730902
2025-11-15,00:00-04:00,62.17294298466453,277.68012854285632,7791.6598466730902,8301.7743162945371
2025-11-15,04:00-08:00,788.38848350751528,5819.3807481331514,7791.6598466730902,8301.7743162945371
2025-11-15,08:00-12:00,6253.9384105805366,291.41733333333332,7791.6598466730902,8301.7743162945371
2025-11-15,12:00-16:00,4125.1104691045184,34.453977175352861,7791.6598466730902,8301.7743162945371
2025-11-15,16:00-20:00,114.19840889393487,6061.6119982777809,7791.6598466730902,8301.7743162945371
2025-11-15,20:00-24:00,7589.6461017932234,2392.4511935383789,7791.6598466730902,8301.7743162945371
2025-11-16,00:00-04:00,1798.7645175167572,69.091356814903975,8301.7743162945371,7929.0372785097234
2025-11-16,04:00-08:00,1798.5863552856981,2573.782506959566,8301.7743162945371,7929.0372785097234
2025-11-16,08:00-12:00,5570.9031586118081,5917.7784165394023,8301.7743162945371,7929.0372785097234
2025-11-16,12:00-16:00,5730.1092116918298,1258.6188312671441,8301.7743162945371,7929.0372785097234
2025-11-16,16:00-20:00,37.165987828773837,5582.2239817611662,8301.7743162945371,7929.0372785097234
2025-11-16,20:00-24:00,7368.17028440797,2999.964848091844,8301.7743162945371,7929.0372785097234
2025-11-17,00:00-04:00,2143.3812603967694,126.00651814914147,7929.0372785097234,8347.7319962750371
2025-11-17,04:00-08:00,1927.3058987382992,2450.9596647001435,7929.0372785097234,8347.7319962750371
2025-11-17,08:00-12:00,5734.2029965769525,5611.2369999999992,7929.0372785097234,8347.7319962750371
2025-11-17,12:00-16:00,4698.0759745643554,975.33293333333302,7929.0372785097234,8347.7319962750371
2025-11-17,16:00-20:00,97.160199690639956,5426.2450105352764,7929.0372785097234,8347.7319962750371
2025-11-17,20:00-24:00,7473.3581941108096,2912.9160917963627,7929.0372785097234,8347.7319962750371
2025-11-18,00:00-04:00,1650.5662888764127,15.264564949963528,8347.7319962750371,7987.8478688813848
2025-11-18,04:00-08:00,1915.9249130939791,2334.3646296807474,8347.7319962750371,7987.8478688813848
2025-11-18,08:00-12:00,5467.2825900249045,5042.0216833333325,8347.7319962750371,7987.8478688813848
2025-11-18,12:00-16:00,4936.0233208026466,1841.5974944609598,8347.7319962750371,7987.8478688813848
2025-11-18,16:00-20:00,98.473764362924271,5472.5065531201044,8347.7319962750371,7987.8478688813848
2025-11-18,20:00-24:00,7353.8889874727738,2970.0902794624226,8347.7319962750371,7987.8478688813848
2025-11-19,00:00-04:00,2020.6783449305794,202.02356518062504,7987.8478688813848,7872.4217507927624
2025-11-19,04:00-08:00,1885.0805625999042,2663.0026902439831,7987.8478688813848,7872.4217507927624
2025-11-19,08:00-12:00,5496.3824192069369,6267.992549999999,7987.8478688813848,7872.4217507927624
2025-11-19,12:00-16:00,6483.082230137501,1393.6952641708285,7987.8478688813848,7872.4217507927624
2025-11-19,16:00-20:00,149.2651784941595,5493.639982913699,7987.8478688813848,7872.4217507927624
2025-11-19,20:00-24:00,7438.6055809447244,3096.7358499848037,7987.8478688813848,7872.4217507927624
2025-11-20,00:00-04:00,2314.6741207878567,43.989105375170197,7872.4217507927624,7068.6941690256472
2025-11-20,04:00-08:00,1872.0148708044599,2239.6995328917947,7872.4217507927624,7068.6941690256472
2025-11-20,08:00-12:00,5862.9183562988455,5078.2322166666663,7872.4217507927624,7068.6941690256472
2025-11-20,12:00-16:00,4555.2194522088112,2057.5567243579944,7872.4217507927624,7068.6941690256472
2025-11-20,16:00-20:00,142.04343517569009,5466.1066446087661,7872.4217507927624,7068.6941690256472
2025-11-20,20:00-24:00,6502.8358809016008,3050.0325537935937,7872.4217507927624,7068.6941690256472
2025-11-21,00:00-04:00,374.90928861541317,219.01914724156131,7068.6941690256472,7990.4288722397541
2025-11-21,04:00-08:00,943.13819691686047,5810.6793361283071,7068.6941690256472,7990.4288722397541
2025-11-21,08:00-12:00,6260.8498042963147,267.88211666666666,7068.6941690256472,7990.4288722397541
2025-11-21,12:00-16:00,4365.7848040803729,64.44214356659181,7068.6941690256472,7990.4288722397541
2025-11-21,16:00-20:00,98.790715569490445,5814.2452335392554,7068.6941690256472,7990.4288722397541
2025-11-21,20:00-24:00,6841.0984463779432,2290.6735072086026,7068.6941690256472,7990.4288722397541
2025-11-22,00:00-04:00,175.50628357379838,375.35605749333558,7990.4288722397541,8085.9281865769999
2025-11-22,04:00-08:00,808.72178742290748,6134.6744893354626,7990.4288722397541,8085.9281865769999
2025-11-22,08:00-12:00,5745.2622928374531,401.50077919431283,7990.4288722397541,8085.9281865769999
2025-11-22,12:00-16:00,4925.010057162548,0,7990.4288722397541,8085.9281865769999
2025-11-22,16:00-20:00,39.491424742440017,6094.4947432414701,7990.4288722397541,8085.9281865769999
2025-11-22,20:00-24:00,7445.3823845253246,2410.9176743461226,7990.4288722397541,8085.9281865769999
2025-11-23,00:00-04:00,2066.9086347436146,79.077364259875708,8085.9281865769999,8032.7699896042805
2025-11-23,04:00-08:00,1686.2739156104312,2460.7280452639889,8085.9281865769999,8032.7699896042805
2025-11-23,08:00-12:00,5393.8914601977867,6690.152694505141,8085.9281865769999,8032.7699896042805
2025-11-23,12:00-16:00,6626.3927624231192,1103.88535,8085.9281865769999,8032.7699896042805
2025-11-23,16:00-20:00,22.409295995742355,5510.5247886779216,8085.9281865769999,8032.7699896042805
2025-11-23,20:00-24:00,7459.0844156034736,3039.9921270735881,8085.9281865769999,8032.7699896042805
2025-11-24,00:00-04:00,1993.1227159650664,1.0312067815340242,8032.7699896042805,7807.1104060461885
2025-11-24,04:00-08:00,1853.7043656921305,2124.1474792980298,8032.7699896042805,7807.1104060461885
2025-11-24,08:00-12:00,6074.9365645857833,5033.4459666666662,8032.7699896042805,7807.1104060461885
2025-11-24,12:00-16:00,3966.4015852641287,1635.7004848093991,8032.7699896042805,7807.1104060461885
2025-11-24,16:00-20:00,83.979787632738891,5471.0940230389424,8032.7699896042805,7807.1104060461885
2025-11-24,20:00-24:00,7168.6089725830034,3061.6851979032235,8032.7699896042805,7807.1104060461885
2025-11-25,00:00-04:00,2354.0305592057985,69.243407986617967,7807.1104060461885,8007.6398406981571
2025-11-25,04:00-08:00,1764.5649738476156,2233.0540725475803,7807.1104060461885,8007.6398406981571
2025-11-25,08:00-12:00,5280.7378290979868,6250.8979999999992,7807.1104060461885,8007.6398406981571
2025-11-25,12:00-16:00,6235.1793208410654,1417.1591581312746,7807.1104060461885,8007.6398406981571
2025-11-25,16:00-20:00,102.36223467730122,5490.1914870619785,7807.1104060461885,8007.6398406981571
2025-11-25,20:00-24:00,7360.2472294967629,3067.6463222906732,7807.1104060461885,8007.6398406981571
2025-11-26,00:00-04:00,2362.5038529264561,26.484233773544929,8007.6398406981571,7842.1128853735463
2025-11-26,04:00-08:00,1651.1125245657381,2251.4325958024601,8007.6398406981571,7842.1128853735463
2025-11-26,08:00-12:00,5328.2468049387226,6278.1498999999994,8007.6398406981571,7842.1128853735463
2025-11-26,12:00-16:00,5962.1848856881479,1817.5910426679784,8007.6398406981571,7842.1128853735463
2025-11-26,16:00-20:00,124.28141993579015,5388.8623929045689,8007.6398406981571,7842.1128853735463
2025-11-26,20:00-24:00,7409.0616780776509,2884.7409392109266,8007.6398406981571,7842.1128853735463
2025-11-27,00:00-04:00,2350.9657153932258,0,7842.1128853735463,7795.3206225714239
2025-11-27,04:00-08:00,1773.5846922006835,1966.3620818550437,7842.1128853735463,7795.3206225714239
2025-11-27,08:00-12:00,5719.4498799447592,5465.9499999999998,7842.1128853735463,7795.3206225714239
2025-11-27,12:00-16:00,4826.176677852447,1817.5759073829238,7842.1128853735463,7795.3206225714239
2025-11-27,16:00-20:00,96.48304894623368,5535.4470567595727,7842.1128853735463,7795.3206225714239
2025-11-27,20:00-24:00,7189.6472042118749,3041.3868375492493,7842.1128853735463,7795.3206225714239
2025-11-28,00:00-04:00,374.21088117982561,115.9850545214714,7795.3206225714239,8178.685280523755
2025-11-28,04:00-08:00,908.668760592181,6099.9221721061685,7795.3206225714239,8178.685280523755
2025-11-28,08:00-12:00,5413.2804999999998,487.24363333333309,7795.3206225714239,8178.685280523755
2025-11-28,12:00-16:00,5016.6930001138135,106.67685977694829,7795.3206225714239,8178.685280523755
2025-11-28,16:00-20:00,74.342190271908237,6119.2274441135496,7795.3206225714239,8178.685280523755
2025-11-28,20:00-24:00,7456.0339550956433,2312.9323666666664,7795.3206225714239,8178.685280523755
2025-11-29,00:00-04:00,280.0104870443796,200.89733237725142,8178.685280523755,7719.3348657339438
2025-11-29,04:00-08:00,918.67917789640433,6099.0743284638374,8178.685280523755,7719.3348657339438
2025-11-29,08:00-12:00,4275.4014333333334,493.28879999999992,8178.685280523755,7719.3348657339438
2025-11-29,12:00-16:00,3962.0649440762127,139.36272280434997,8178.685280523755,7719.3348657339438
2025-11-29,16:00-20:00,260.96502398682395,5835.680594277319,8178.685280523755,7719.3348657339438
2025-11-29,20:00-24:00,7316.9623413070449,1426.5191555798704,8178.685280523755,7719.3348657339438
2025-11-30,00:00-04:00,2503.1364237880398,46.692038811665157,7719.3348657339438,7758.467747258991
2025-11-30,04:00-08:00,1879.2034010347293,2178.8769775403389,7719.3348657339438,7758.467747258991
2025-11-30,08:00-12:00,5027.4851977394874,6863.7726495805573,7719.3348657339438,7758.467747258991
2025-11-30,12:00-16:00,5841.6612707938348,2228.4198677855543,7719.3348657339438,7758.467747258991
2025-11-30,16:00-20:00,81.403757309577941,5500.0063723078947,7719.3348657339438,7758.467747258991
2025-11-30,20:00-24:00,7381.8951359056791,1545.9885017242434,7719.3348657339438,7758.467747258991
2025-12-01,00:00-04:00,1710.9978221266626,256.98853154815401,7758.467747258991,7713.0511293187601
2025-12-01,04:00-08:00,1435.2960890147738,2495.2894163682104,7758.467747258991,7713.0511293187601
2025-12-01,08:00-12:00,5425.431952757488,5698.8410926412944,7758.467747258991,7713.0511293187601
2025-12-01,12:00-16:00,6193.0342029672511,2763.3707583665514,7758.467747258991,7713.0511293187601
2025-12-01,16:00-20:00,86.640791616165643,5708.858179349334,7758.467747258991,7713.0511293187601
2025-12-01,20:00-24:00,7343.541240817467,1095.4300783055101,7758.467747258991,7713.0511293187601
2025-12-02,00:00-04:00,1939.599828455951,226.74651850932628,7713.0511293187601,7688.2951743673821
2025-12-02,04:00-08:00,1575.5822021450288,2202.2941973862335,7713.0511293187601,7688.2951743673821
2025-12-02,08:00-12:00,4874.2254512888612,6280.0027452781178,7713.0511293187601,7688.2951743673821
2025-12-02,12:00-16:00,6201.5242216447114,2621.6100168619746,7713.0511293187601,7688.2951743673821
2025-12-02,16:00-20:00,85.923319224431225,5966.4355234690947,7713.0511293187601,7688.2951743673821
2025-12-02,20:00-24:00,7209.2168604082017,452.90958331691786,7713.0511293187601,7688.2951743673821
2025-12-03,00:00-04:00,2030.001164325723,205.65742556305088,7688.2951743673821,7609.2454021465674
2025-12-03,04:00-08:00,1577.0731937452442,2066.3585229228142,7688.2951743673821,7609.2454021465674
2025-12-03,08:00-12:00,5255.0539779869378,6497.2372407639823,7688.2951743673821,7609.2454021465674
2025-12-03,12:00-16:00,6289.2389380903815,2892.9252985584653,7688.2951743673821,7609.2454021465674
2025-12-03,16:00-20:00,116.91089789493287,5537.2382081845317,7688.2951743673821,7609.2454021465674
2025-12-03,20:00-24:00,7152.2978538131229,1032.3946799495227,7688.2951743673821,7609.2454021465674
2025-12-04,00:00-04:00,2342.7226089248011,249.9417390562287,7609.2454021465674,7810.9583752979661
2025-12-04,04:00-08:00,1763.7768171649973,1862.5486392633004,7609.2454021465674,7810.9583752979661
2025-12-04,08:00-12:00,5873.3658541050518,6996.5043364265966,7609.2454021465674,7810.9583752979661
2025-12-04,12:00-16:00,7199.2523561464777,1934.4114326222652,7609.2454021465674,7810.9583752979661
2025-12-04,16:00-20:00,30.126656424801102,5710.6532158004447,7609.2454021465674,7810.9583752979661
2025-12-04,20:00-24:00,7368.858003051002,2972.6618206067878,7609.2454021465674,7810.9583752979661
2025-12-05,00:00-04:00,1706.8706435764338,24.185018517214644,7810.9583752979661,8673.2513937854947
2025-12-05,04:00-08:00,798.10591309604729,6861.9974126368197,7810.9583752979661,8673.2513937854947
2025-12-05,08:00-12:00,5706.6384826762342,1092.7111175188491,7810.9583752979661,8673.2513937854947
2025-12-05,12:00-16:00,5056.3147794288752,77.992142305140135,7810.9583752979661,8673.2513937854947
2025-12-05,16:00-20:00,19.727290293723151,6107.7409995831731,7810.9583752979661,8673.2513937854947
2025-12-05,20:00-24:00,7963.7291926909975,2272.9324972275085,7810.9583752979661,8673.2513937854947
2025-12-06,00:00-04:00,867.70118236050246,270.40301329592279,8673.2513937854947,8410.6567185365384
2025-12-06,04:00-08:00,784.86567028900527,6564.6832666591072,8673.2513937854947,8410.6567185365384
2025-12-06,08:00-12:00,2620.3404870366503,1229.4191250980184,8673.2513937854947,8410.6567185365384
2025-12-06,12:00-16:00,5804.1170136987712,35.692829494240101,8673.2513937854947,8410.6567185365384
2025-12-06,16:00-20:00,134.02173126388681,6268.6677415799131,8673.2513937854947,8410.6567185365384
2025-12-06,20:00-24:00,8024.2788938431222,638.08246417532973,8673.2513937854947,8410.6567185365384
2025-12-07,00:00-04:00,1660.761385438871,644.33511010899133,8410.6567185365384,8233.198611323769
2025-12-07,04:00-08:00,1513.3472714642116,2480.961230590955,8410.6567185365384,8233.198611323769
2025-12-07,08:00-12:00,5821.4578717415679,6017.1482039938801,8410.6567185365384,8233.198611323769
2025-12-07,12:00-16:00,7384.9721359100895,2533.950988059777,8410.6567185365384,8233.198611323769
2025-12-07,16:00-20:00,107.14008544208377,5759.943069398023,8410.6567185365384,8233.198611323769
2025-12-07,20:00-24:00,7863.2502756823715,2447.6262051400117,8410.6567185365384,8233.198611323769
2025-12-08,00:00-04:00,2410.2267761979178,0,8233.198611323769,8719.0435380954877
2025-12-08,04:00-08:00,1788.1846360035154,1884.4446292573807,8233.198611323769,8719.0435380954877
2025-12-08,08:00-12:00,5890.5172838697545,5802.9464806482047,8233.198611323769,8719.0435380954877
2025-12-08,12:00-16:00,5536.8078596279411,2659.3342504021016,8233.198611323769,8719.0435380954877
2025-12-08,16:00-20:00,28.21579138949653,5374.4262957249503,8233.198611323769,8719.0435380954877
2025-12-08,20:00-24:00,8032.1927224199353,3027.3654161747509,8233.198611323769,8719.0435380954877
2025-12-09,00:00-04:00,1929.3001125383703,1.9295397808824646,8719.0435380954877,8508.0954107593225
2025-12-09,04:00-08:00,1675.3386411086331,1912.9964608925309,8719.0435380954877,8508.0954107593225
2025-12-09,08:00-12:00,6341.4806855000297,6201.5567265591162,8719.0435380954877,8508.0954107593225
2025-12-09,12:00-16:00,5576.3553267243669,2583.8610174092487,8719.0435380954877,8508.0954107593225
2025-12-09,16:00-20:00,45.751077685527129,5535.4991881811702,8719.0435380954877,8508.0954107593225
2025-12-09,20:00-24:00,7956.9323105064841,3009.3884865709706,8719.0435380954877,8508.0954107593225
2025-12-10,00:00-04:00,2126.2606892587519,2.3307585589562905,8508.0954107593225,8529.5337503486553
2025-12-10,04:00-08:00,1805.5904303435073,1883.9177096045705,8508.0954107593225,8529.5337503486553
2025-12-10,08:00-12:00,5880.7895097911005,5759.9214437072596,8508.0954107593225,8529.5337503486553
2025-12-10,12:00-16:00,5245.4091864856155,2504.8602391730519,8508.0954107593225,8529.5337503486553
2025-12-10,16:00-20:00,87.809018860938195,5512.1157901652477,8508.0954107593225,8529.5337503486553
2025-12-10,20:00-24:00,7765.4616168346311,2875.7291189358916,8508.0954107593225,8529.5337503486553
2025-12-11,00:00-04:00,2125.6100685882443,0,8529.5337503486553,8596.2329256418543
2025-12-11,04:00-08:00,1768.7521687874585,1847.1837872650667,8529.5337503486553,8596.2329256418543
2025-12-11,08:00-12:00,6044.6610823616811,6111.3754873688167,8529.5337503486553,8596.2329256418543
2025-12-11,12:00-16:00,4855.1875436207583,1981.3319000000001,8529.5337503486553,8596.2329256418543
2025-12-11,16:00-20:00,6.5607090777666599,5370.0206063228879,8529.5337503486553,8596.2329256418543
2025-12-11,20:00-24:00,7955.1870012451163,3062.3854059609816,8529.5337503486553,8596.2329256418543
2025-12-12,00:00-04:00,2045.8409257194958,0,8596.2329256418543,8799.903810536387
2025-12-12,04:00-08:00,555.88505008802758,5519.6610831384542,8596.2329256418543,8799.903810536387
2025-12-12,08:00-12:00,5348.18911981768,1598.6587999999997,8596.2329256418543,8799.903810536387
2025-12-12,12:00-16:00,3286.7642254374882,0,8596.2329256418543,8799.903810536387
2025-12-12,16:00-20:00,12.936221410390216,5802.767540383089,8596.2329256418543,8799.903810536387
2025-12-12,20:00-24:00,7894.1861229032456,2402.088129028205,8596.2329256418543,8799.903810536387
2025-12-13,00:00-04:00,1603.0064942554063,6.4080426164655933,8799.903810536387,8742.4597275901942
2025-12-13,04:00-08:00,669.22831055413349,5794.5211002303131,8799.903810536387,8742.4597275901942
2025-12-13,08:00-12:00,5713.7355118171999,1675.5021666666667,8799.903810536387,8742.4597275901942
2025-12-13,12:00-16:00,3557.6841237403801,73.842216666666744,8799.903810536387,8742.4597275901942
2025-12-13,16:00-20:00,0.11971825044181766,5865.8150384495239,8799.903810536387,8742.4597275901942
2025-12-13,20:00-24:00,7998.2225804513364,2464.6284686677395,8799.903810536387,8742.4597275901942
2025-12-14,00:00-04:00,1910.6726643813427,19.272321918785565,8742.4597275901942,8506.4285696379957
2025-12-14,04:00-08:00,1703.7221113064784,1780.8718516655424,8742.4597275901942,8506.4285696379957
2025-12-14,08:00-12:00,5705.1913429102115,6481.5671937529996,8742.4597275901942,8506.4285696379957
2025-12-14,12:00-16:00,6185.2291816308207,2429.5693553686419,8742.4597275901942,8506.4285696379957
2025-12-14,16:00-20:00,89.016626772107841,5455.7766148811352,8742.4597275901942,8506.4285696379957
2025-12-14,20:00-24:00,7915.9459201475529,3088.290760760171,8742.4597275901942,8506.4285696379957
2025-12-15,00:00-04:00,1888.6115398978629,0,8506.4285696379957,8611.7412797888337
2025-12-15,04:00-08:00,1867.4267492334513,1881.3722568261244,8506.4285696379957,8611.7412797888337
2025-12-15,08:00-12:00,5482.7845263567579,6530.9772871547775,8506.4285696379957,8611.7412797888337
2025-12-15,12:00-16:00,6509.6199803638228,2279.6748333333335,8506.4285696379957,8611.7412797888337
2025-12-15,16:00-20:00,14.574415635836621,5374.5044633886828,8506.4285696379957,8611.7412797888337
2025-12-15,20:00-24:00,7886.8560550052989,2995.0870660206865,8506.4285696379957,8611.7412797888337
2025-12-16,00:00-04:00,2040.1615034812526,0,8611.7412797888337,8424.9126547263313
2025-12-16,04:00-08:00,1722.1070181147895,1890.2083737350822,8611.7412797888337,8424.9126547263313
2025-12-16,08:00-12:00,5734.3945195321412,6621.626667804152,8611.7412797888337,8424.9126547263313
2025-12-16,12:00-16:00,6096.3032836404791,2149.0348333333332,8611.7412797888337,8424.9126547263313
2025-12-16,16:00-20:00,29.138578516857883,5450.7093732756884,8611.7412797888337,8424.9126547263313
2025-12-16,20:00-24:00,7839.2081874223986,3060.2301178814109,8611.7412797888337,8424.9126547263313
2025-12-17,00:00-04:00,2098.8567315174064,0,8424.9126547263313,8654.3386247331655
2025-12-17,04:00-08:00,1796.1078799087122,1843.1014102755466,8424.9126547263313,8654.3386247331655
2025-12-17,08:00-12:00,6300.760748002127,6066.8603956227598,8424.9126547263313,8654.3386247331655
2025-12-17,12:00-16:00,4937.3624800506877,2210.2607333333335,8424.9126547263313,8654.3386247331655
2025-12-17,16:00-20:00,25.861632545513405,5314.2716963963767,8424.9126547263313,8654.3386247331655
2025-12-17,20:00-24:00,7976.4754227235562,3098.7165561117213,8424.9126547263313,8654.3386247331655
2025-12-18,00:00-04:00,1746.9800715770202,28.682469114265018,8654.3386247331655,8598.2675037471854
2025-12-18,04:00-08:00,1967.1839067524613,1811.5815915785574,8654.3386247331655,8598.2675037471854
2025-12-18,08:00-12:00,6005.9498977942721,6522.3742291113294,8654.3386247331655,8598.2675037471854
2025-12-18,12:00-16:00,5784.4735652889631,2264.9823000000006,8654.3386247331655,8598.2675037471854
2025-12-18,16:00-20:00,35.133012157401986,5369.4191371259258,8654.3386247331655,8598.2675037471854
2025-12-18,20:00-24:00,7879.1974432847364,3022.7477784097414,8654.3386247331655,8598.2675037471854
2025-12-19,00:00-04:00,2009.3360393554894,6.8546336728261394,8598.2675037471854,8801.0836950825833
2025-12-19,04:00-08:00,533.73744996844141,5342.442507650786,8598.2675037471854,8801.0836950825833
2025-12-19,08:00-12:00,6349.5495382038789,1621.1751166666663,8598.2675037471854,8801.0836950825833
2025-12-19,12:00-16:00,2185.8189892086148,21.506528938694963,8598.2675037471854,8801.0836950825833
2025-12-19,16:00-20:00,2.1900962904126371,5826.0925669254157,8598.2675037471854,8801.0836950825833
2025-12-19,20:00-24:00,7967.6586892669311,2428.5096238017072,8598.2675037471854,8801.0836950825833
2025-12-20,00:00-04:00,1643.1116702343525,0.62097356517369917,8801.0836950825833,8560.4344885310657
2025-12-20,04:00-08:00,656.06074793742982,5379.4820840668808,8801.0836950825833,8560.4344885310657
2025-12-20,08:00-12:00,6375.0512442478484,2062.8946166666669,8801.0836950825833,8560.4344885310657
2025-12-20,12:00-16:00,2817.8122002030791,66.526699999999892,8801.0836950825833,8560.4344885310657
2025-12-20,16:00-20:00,35.380722382920879,5940.0317425489666,8801.0836950825833,8560.4344885310657
2025-12-20,20:00-24:00,7764.7184911356599,2393.657580723127,8801.0836950825833,8560.4344885310657
2025-12-21,00:00-04:00,1930.3237708217771,48.714583574673838,8560.4344885310657,8544.1540469570191
2025-12-21,04:00-08:00,1875.1306566081794,1913.1667346803013,8560.4344885310657,8544.1540469570191
2025-12-21,08:00-12:00,5345.2295606891184,6280.2267020949694,8560.4344885310657,8544.1540469570191
2025-12-21,12:00-16:00,6254.0399592125905,2220.1094166666667,8560.4344885310657,8544.1540469570191
2025-12-21,16:00-20:00,1.3280302798153165,5615.1613865773397,8560.4344885310657,8544.1540469570191
2025-12-21,20:00-24:00,8014.994352974516,2908.3211015973529,8560.4344885310657,8544.1540469570191
2025-12-22,00:00-04:00,1731.565297755679,44.050100856353993,8544.1540469570191,8331.0050984751797
2025-12-22,04:00-08:00,2130.0062549385038,1849.8408580363903,8544.1540469570191,8331.0050984751797
2025-12-22,08:00-12:00,6211.3333310297203,6252.3653086836439,8544.1540469570191,8331.0050984751797
2025-12-22,12:00-16:00,5480.5063409449031,2421.7454666666663,8544.1540469570191,8331.0050984751797
2025-12-22,16:00-20:00,34.661024151692999,5542.2709533820862,8544.1540469570191,8331.0050984751797
2025-12-22,20:00-24:00,7956.2666478667779,3152.4758723252125,8544.1540469570191,8331.0050984751797
2025-12-23,00:00-04:00,2265.1605961197415,0,8331.0050984751797,8647.8852038354125
2025-12-23,04:00-08:00,1787.2246148275231,1808.9885174310621,8331.0050984751797,8647.8852038354125
2025-12-23,08:00-12:00,6229.3669817651135,6042.2171584990874,8331.0050984751797,8647.8852038354125
2025-12-23,12:00-16:00,5098.6991496363789,2384.8644999999997,8331.0050984751797,8647.8852038354125
2025-12-23,16:00-20:00,3.652859153709187,5362.8954739069932,8331.0050984751797,8647.8852038354125
2025-12-23,20:00-24:00,7928.3362915866637,2998.9190547408357,8331.0050984751797,8647.8852038354125
2025-12-24,00:00-04:00,1991.3331161767462,0,8647.8852038354125,8492.2416845824828
2025-12-24,04:00-08:00,1668.2630882921076,1829.9549445685407,8647.8852038354125,8492.2416845824828
2025-12-24,08:00-12:00,6070.6668961275591,6205.3567269370178,8647.8852038354125,8492.2416845824828
2025-12-24,12:00-16:00,5559.1261063197708,2412.1902695484227,8647.8852038354125,8492.2416845824828
2025-12-24,16:00-20:00,38.164494732643156,5518.8887656116367,8647.8852038354125,8492.2416845824828
2025-12-24,20:00-24:00,7898.1783264327241,2986.5314034080743,8647.8852038354125,8492.2416845824828
2025-12-25,00:00-04:00,2102.3463473676875,0,8492.2416845824828,8467.1694593012617
2025-12-25,04:00-08:00,1774.6044922411629,1913.3262324157431,8492.2416845824828,8467.1694593012617
2025-12-25,08:00-12:00,5852.5163905337704,5829.2413557467426,8492.2416845824828,8467.1694593012617
2025-12-25,12:00-16:00,5102.6230645548121,2198.4854391579884,8492.2416845824828,8467.1694593012617
2025-12-25,16:00-20:00,9.6494004665442681,5570.7704029369525,8492.2416845824828,8467.1694593012617
2025-12-25,20:00-24:00,8022.4184483348254,3030.709668729698,8492.2416845824828,8467.1694593012617
2025-12-26,00:00-04:00,2179.9163931594458,0,8467.1694593012617,9108.2500605892856
2025-12-26,04:00-08:00,479.69787575657119,5565.5927702364188,8467.1694593012617,9108.2500605892856
2025-12-26,08:00-12:00,6356.7769359487402,1738.8788666666669,8467.1694593012617,9108.2500605892856
2025-12-26,12:00-16:00,2828.8416958198704,190.61952602260044,8467.1694593012617,9108.2500605892856
2025-12-26,16:00-20:00,0,5752.4719456078119,8467.1694593012617,9108.2500605892856
2025-12-26,20:00-24:00,8001.7076210306386,2251.4861728966462,8467.1694593012617,9108.2500605892856
2025-12-27,00:00-04:00,1418.5614398840689,22.343646795451377,9108.2500605892856,8566.9629893220517
2025-12-27,04:00-08:00,530.87527573530281,5477.0976940198634,9108.2500605892856,8566.9629893220517
2025-12-27,08:00-12:00,5385.8377438849893,1699.5235666666663,9108.2500605892856,8566.9629893220517
2025-12-27,12:00-16:00,3491.375724398205,48.046796009456564,9108.2500605892856,8566.9629893220517
2025-12-27,16:00-20:00,18.695401226500451,5948.3556676823973,9108.2500605892856,8566.9629893220517
2025-12-27,20:00-24:00,7847.6836062529837,2433.1446379861409,9108.2500605892856,8566.9629893220517
2025-12-28,00:00-04:00,1666.4537981489029,19.371730574589037,8566.9629893220517,8643.7570737423939
2025-12-28,04:00-08:00,2071.6619934534697,1840.9651737568861,8566.9629893220517,8643.7570737423939
2025-12-28,08:00-12:00,5821.7283794651421,6347.8761081396651,8566.9629893220517,8643.7570737423939
2025-12-28,12:00-16:00,5194.430321213913,1733.0160166666665,8566.9629893220517,8643.7570737423939
2025-12-28,16:00-20:00,18.261969297460837,5419.7136082409261,8566.9629893220517,8643.7570737423939
2025-12-28,20:00-24:00,8046.5727547851429,3053.4211518978268,8566.9629893220517,8643.7570737423939
2025-12-29,00:00-04:00,2046.8386827739487,33.679099299157656,8643.7570737423939,8273.0202846681168
2025-12-29,04:00-08:00,1181.6500784084833,1335.6698895503635,8643.7570737423939,8273.0202846681168
2025-12-29,08:00-12:00,5851.5210146721101,6204.4398598786247,8643.7570737423939,8273.0202846681168
2025-12-29,12:00-16:00,5546.5654061482355,2333.1184150622598,8643.7570737423939,8273.0202846681168
2025-12-29,16:00-20:00,88.728345775780639,5504.5421102339769,8643.7570737423939,8273.0202846681168
2025-12-29,20:00-24:00,7675.3183720684065,3058.6174750185105,8643.7570737423939,8273.0202846681168
2025-12-30,00:00-04:00,2498.1662580777875,0,8273.0202846681168,8630.6150442070611
2025-12-30,04:00-08:00,1157.1915188961862,1470.9102307209303,8273.0202846681168,8630.6150442070611
2025-12-30,08:00-12:00,5643.5085144179611,7285.0627874989314,8273.0202846681168,8630.6150442070611
2025-12-30,12:00-16:00,6521.3719538984633,1788.9985921367286,8273.0202846681168,8630.6150442070611
2025-12-30,16:00-20:00,12.351311733871423,5534.3932971331342,8273.0202846681168,8630.6150442070611
2025-12-30,20:00-24:00,8104.1688250681382,2987.5740984200775,8273.0202846681168,8630.6150442070611
2025-12-31,00:00-04:00,1662.9253159719574,131.56800096844972,8630.6150442070611,8129.2471781170325
2025-12-31,04:00-08:00,2301.1895227027135,1949.3871110388748,8630.6150442070611,8129.2471781170325
2025-12-31,08:00-12:00,5485.2053551613753,7517.3307697449245,8630.6150442070611,8129.2471781170325
2025-12-31,12:00-16:00,7308.2798136664596,2653.9660780028125,8630.6150442070611,8129.2471781170325
2025-12-31,16:00-20:00,169.27908671039438,5563.1376698601571,8630.6150442070611,8129.2471781170325
2025-12-31,20:00-24:00,7795.3870604161502,2660.8770351153348,8630.6150442070611,8129.2471781170325
