model,date,total_cost,emergency_cost,emergency_kwh,end_soc,initial_soc,mean_soc,lower_bound_fraction,upper_bound_fraction
Q2,2025-02-01,24045.490008069377,75.906511339712907,16.200301214323531,8835.9387165401677,6000,7762.8024342115368,0,0.1736111111111111
Q2,2025-02-02,56421.724065313923,0,0,8603.1508781546127,8835.9387165401677,8294.1565202758811,0,0.19444444444444445
Q2,2025-02-03,55800.575734160055,119.24201756186835,24.320542722519605,8498.5090218130445,8603.1508781546127,8300.4235435225019,0,0.16666666666666666
Q2,2025-02-04,57111.559137066812,1621.7384685141285,351.30823846178191,8617.9112321101329,8498.5090218130445,8176.3121850142197,0,0.055555555555555552
Q2,2025-02-05,57422.75990132938,2925.6964248308054,608.00385091040812,8387.4580355632297,8617.9112321101329,8073.0250217901275,0,0.18055555555555555
Q2,2025-02-06,54728.520935109089,0,0,8378.9786725227605,8387.4580355632297,8154.7016873475786,0,0.15972222222222221
Q2,2025-02-07,21956.645931164319,0,0,8573.2473971133168,8378.9786725227605,7676.643336924546,0,0.19444444444444445
Q2,2025-02-08,20297.246725380253,675.02517092071207,124.16516736869517,8430.6397143109061,8573.2473971133168,7239.8822923724274,0,0.1111111111111111
Q2,2025-02-09,55202.44149356064,2817.2622904205264,602.23675983894134,8185.3740846453675,8430.6397143109061,7885.0870063446246,0,0.027777777777777776
Q2,2025-02-10,53072.895082036201,39.501138243047194,17.983673226973451,8070.2414313225254,8185.3740846453675,8370.7353821644756,0,0.1736111111111111
Q2,2025-02-11,52723.544545023236,444.38613333361457,91.691076949008135,8055.5277078348327,8070.2414313225254,8073.9182520367285,0,0.15277777777777779
Q2,2025-02-12,51812.56773070593,7.5265886231715626,1.2900056894908403,8024.7020846786509,8055.5277078348327,8092.4973021087317,0,0.125
Q2,2025-02-13,51091.003849147477,193.93959250342209,36.049737793341933,7362.0538244090239,8024.7020846786509,8015.3349879323396,0,0.1736111111111111
Q2,2025-02-14,20294.924088883312,0,0,7705.2812738195053,7362.0538244090239,7082.2948867224341,0,0.11805555555555555
Q2,2025-02-15,20814.243247068265,48.88249324824762,10.43605748254646,8842.1082731664028,7705.2812738195053,7301.9739404195316,0,0.1111111111111111
Q2,2025-02-16,55815.331710387167,7489.3422031444225,1547.7706244340634,7905.2675492560984,8842.1082731664028,7608.7209143791442,0,0.055555555555555552
Q2,2025-02-17,48698.629434475479,8.2647540548608855,3.8227354555323245,7951.8791386369594,7905.2675492560984,7943.6442265093256,0,0.1388888888888889
Q2,2025-02-18,48238.11363892052,100.31011710947283,28.013351739009295,8158.1372719263309,7951.8791386369594,7820.2349176436292,0,0.090277777777777776
Q2,2025-02-19,53330.95689122194,4474.5289745363425,956.71808439702409,8021.4481699818989,8158.1372719263309,7695.07041253633,0,0.090277777777777776
Q2,2025-02-20,49273.5346423515,2020.9242307818699,422.82089191787077,6624.3568612701638,8021.4481699818989,7683.3417775599482,0,0.15277777777777779
Q2,2025-02-21,19280.891427547693,16.98272509684999,7.9432764718662252,6710.1837433756646,6624.3568612701638,7118.708492181886,0,0.19444444444444445
Q2,2025-02-22,20415.428692642636,1470.3855064413749,277.67010345288782,8008.5516345626611,6710.1837433756646,6589.1724494462333,0,0.1111111111111111
Q2,2025-02-23,51034.265398998192,4286.0401871229151,908.8245783357462,7858.5374607037093,8008.5516345626611,7647.8977077523841,0,0.1111111111111111
Q2,2025-02-24,47251.061328859927,394.23117303371555,87.54998318169541,7884.0919693798187,7858.5374607037093,7858.4114347461273,0,0.10416666666666667
Q2,2025-02-25,46862.586339347487,362.60405248717382,73.920941649754354,7886.7341122026583,7884.0919693798187,7862.517642403348,0,0.18055555555555555
Q2,2025-02-26,46761.364507046441,773.10456990851947,143.64441963947235,7999.9874312588963,7886.7341122026583,7703.065056847965,0,0.048611111111111112
Q2,2025-02-27,49292.57445773136,5072.6848513332079,1040.7178063125989,5868.0192207285872,7999.9874312588963,7581.960036872948,0,0.15972222222222221
Q2,2025-02-28,18825.707737299021,1050.3072844612072,218.70631256833786,6055.5750873726338,5868.0192207285872,6649.6192394258114,0,0.1875
Q2,2025-03-01,19286.026809096933,213.14591035358876,44.358771111433462,7985.336562287479,6055.5750873726338,7043.9727011720443,0,0.14583333333333334
Q2,2025-03-02,71564.106664881343,27298.853663027887,4537.8728095383667,7819.5006294224522,7985.336562287479,6697.5171529439585,0,0.013888888888888888
Q2,2025-03-03,67946.359565958424,23480.971786123977,4132.0052837146559,7832.0560093496779,7819.5006294224522,6900.9973421608847,0,0.013888888888888888
Q2,2025-03-04,47077.631523193581,1924.4849092484574,403.0914781951621,7981.0032554723657,7832.0560093496779,7610.2071588600484,0,0.041666666666666664
Q2,2025-03-05,46292.080042166825,98.064093140214808,22.756959601437821,8144.1037901861391,7981.0032554723657,8014.0795175936155,0,0.18055555555555555
Q2,2025-03-06,45949.534302634696,98.265511543053861,21.377468012511255,5507.9787195600502,8144.1037901861391,8128.1185961531337,0,0.13194444444444445
Q2,2025-03-07,17542.939580395036,0,0,4989.8845326743149,5507.9787195600502,7130.2195115085378,0,0.1875
Q2,2025-03-08,19160.414673773932,640.64854699713464,169.64734371128267,8361.8214559929547,4989.8845326743149,6602.0927146717113,0,0.22222222222222221
Q2,2025-03-09,45228.086358413901,423.22362161370143,80.038633047573228,8048.134527652719,8361.8214559929547,7546.9486757930263,0,0.18055555555555555
Q2,2025-03-10,45146.531962644964,128.33361995590488,36.368053111681654,8276.8564383173871,8048.134527652719,7628.6859990166286,0,0.055555555555555552
Q2,2025-03-11,43814.994196726358,83.994679667879581,22.295317683659739,8246.1123501185539,8276.8564383173871,7845.3253851544123,0,0.083333333333333329
Q2,2025-03-12,43142.53069322354,166.74603567701888,25.113408586708381,7651.8479886311179,8246.1123501185539,7727.1453904089249,0,0.10416666666666667
Q2,2025-03-13,45025.234142224268,1751.6254185327634,379.87965021551099,4282.6512398964896,7651.8479886311179,7625.7548917048098,0,0.0625
Q2,2025-03-14,16640.119734044438,254.14385096326299,68.823051318793148,4578.2685614101983,4282.6512398964896,6414.862154101721,0,0.18055555555555555
Q2,2025-03-15,18539.518417067695,173.72141423923125,46.780708487268555,8016.839271281352,4578.2685614101983,6439.4057884201547,0,0.19444444444444445
Q2,2025-03-16,43370.923701614214,106.30882948811967,24.842939826123853,8324.6031761007944,8016.839271281352,7681.9854974556365,0,0.083333333333333329
Q2,2025-03-17,43281.811203742815,61.843601988925684,9.2691245605228474,8425.4037552016125,8324.6031761007944,8030.3785416240316,0,0.25
Q2,2025-03-18,43715.114900141314,1020.4833540691519,209.44680254711957,8335.1471319660341,8425.4037552016125,7818.2720971565495,0,0.2013888888888889
Q2,2025-03-19,43109.073224680891,862.75397346542752,178.95564039743724,8609.1152276939611,8335.1471319660341,7787.3744719541901,0,0.1875
Q2,2025-03-20,41668.899759820633,199.0242479226755,53.567332850225327,4837.4790042952636,8609.1152276939611,7824.4749336103523,0,0.10416666666666667
Q2,2025-03-21,15734.913837183021,23.317254923247429,10.250716050445192,4045.6987943286817,4837.4790042952636,6494.4740656607364,0,0.2638888888888889
Q2,2025-03-22,18084.528312213031,0,0,8529.603311005445,4045.6987943286817,6645.6470321696397,0,0.19444444444444445
Q2,2025-03-23,40675.025444018866,118.83325066685306,17.842003523957032,7994.9407005771491,8529.603311005445,7655.6812464200584,0,0.2013888888888889
Q2,2025-03-24,41157.054262313148,223.91947355908783,72.091455324243015,8286.7657725670106,7994.9407005771491,7870.6660744679066,0,0.090277777777777776
Q2,2025-03-25,41190.939071834335,1211.1385024994431,247.49678914734929,7954.7415292327751,8286.7657725670106,7438.36423388411,0,0.0625
Q2,2025-03-26,40707.481225912677,42.263020353661652,19.351199795632624,8352.6208589200196,7954.7415292327751,7927.4256558468205,0,0.20833333333333334
Q2,2025-03-27,38560.893656874054,179.39321301674843,45.590716042985413,4050.6463709497411,8352.6208589200196,7630.5950534992116,0,0.10416666666666667
Q2,2025-03-28,15647.841718052494,96.638288985492252,21.293583971852385,4218.8727455765702,4050.6463709497411,6404.778154254368,0,0.22222222222222221
Q2,2025-03-29,17316.212512437796,0,0,7995.3252808737179,4218.8727455765702,6736.8078942275733,0,0.21527777777777779
Q2,2025-03-30,39361.119640857061,14.856007981592478,2.3870825068839849,8559.947069443122,7995.3252808737179,7934.330442014475,0,0.1875
Q2,2025-03-31,38430.283585936042,864.90747404667638,166.09379543929171,8105.9435370475858,8559.947069443122,7858.478056609918,0,0.076388888888888895
Q2,2025-04-01,48021.725328263063,10149.39730330983,1489.7831816577586,8048.8722979633358,8105.9435370475858,6931.0901597984512,0,0
Q2,2025-04-02,51496.551852787161,13945.476849162103,2473.9379733340797,8023.9658400972357,8048.8722979633358,6760.6629612081333,0,0
Q2,2025-04-03,38282.223698532587,1348.1334218642135,286.08024767035909,3787.0820317709477,8023.9658400972357,7540.7342196386517,0,0.16666666666666666
Q2,2025-04-04,14785.023664282959,0,0,4035.2593614183761,3787.0820317709477,6296.2218862931886,0,0.27777777777777779
Q2,2025-04-05,17284.527462290251,0,0,8286.6320138467436,4035.2593614183761,6724.6283508538572,0,0.24305555555555555
Q2,2025-04-06,38285.74849920944,29.998190135542458,4.4553973170269501,8642.9844233260919,8286.6320138467436,7862.6650366811646,0,0.1875
Q2,2025-04-07,37746.290386620669,0,0,8609.8321614821089,8642.9844233260919,8112.2662876759314,0,0.2361111111111111
Q2,2025-04-08,39314.657160321804,1544.6686384329309,281.80325261792814,7940.7261325137433,8609.8321614821089,7649.0912786792569,0,0.1388888888888889
Q2,2025-04-09,43353.194953705606,5420.2528097431477,802.72310503464723,7933.8483432896801,7940.7261325137433,7307.3924891367142,0,0.013888888888888888
Q2,2025-04-10,36118.713281278193,399.01455584282587,96.088415278215052,3572.5362155106759,7933.8483432896801,7434.7155994196009,0,0.11805555555555555
Q2,2025-04-11,14364.848000517377,31.333778329618053,14.927955373805645,3119.2399411792526,3572.5362155106759,6349.6417805570336,0,0.22916666666666666
Q2,2025-04-12,17144.99171504223,62.369823517980677,11.61232983019562,8531.4251268532626,3119.2399411792526,6761.2293663197197,0,0.2361111111111111
Q2,2025-04-13,36977.179896171292,131.63350465597887,26.318118217035909,8354.749089297924,8531.4251268532626,7743.3032670774592,0,0.14583333333333334
Q2,2025-04-14,36478.810566701075,73.572513747740018,10.633394233568424,8381.7890608308935,8354.749089297924,7735.6740971481295,0,0.22916666666666666
Q2,2025-04-15,36858.211029822793,4.7963277766240671,1.0578579127975445,8519.7178463422952,8381.7890608308935,8235.0617084389414,0,0.2361111111111111
Q2,2025-04-16,36150.43160155051,4.2876008266346108,1.9587029815598953,8397.0650067875831,8519.7178463422952,7556.927495100319,0,0.0625
Q2,2025-04-17,32323.877023782705,50.92834396240864,23.838162547012644,3208.010786911967,8397.0650067875831,7345.1540597708627,0,0.083333333333333329
Q2,2025-04-18,13895.015414394427,0,0,3273.9594412599813,3208.010786911967,6157.8390559393611,0,0.28472222222222221
Q2,2025-04-19,16423.970216495713,12.025509294301793,5.4168140852219366,8284.6009952327495,3273.9594412599813,6589.7430874250967,0,0.27083333333333331
Q2,2025-04-20,36970.054986953459,1790.973719858199,361.31087282090465,8446.6282189408612,8284.6009952327495,7693.0202251494939,0,0.16666666666666666
Q2,2025-04-21,36521.544620683555,0,0,8548.5260779709897,8446.6282189408612,8116.3992190602394,0,0.24305555555555555
Q2,2025-04-22,35432.249780024707,88.118656580351441,33.079115701976853,8298.248861149752,8548.5260779709897,7932.5798522194318,0,0.1736111111111111
Q2,2025-04-23,35701.823449954543,0,0,8622.4833576457768,8298.248861149752,8035.8093778077537,0,0.2361111111111111
Q2,2025-04-24,31218.778499790467,14.608920398495675,2.9599676625459779,2372.5214367869607,8622.4833576457768,7442.0846488464258,0,0.21527777777777779
Q2,2025-04-25,13163.991080919059,0,0,2466.1452328453006,2372.5214367869607,6117.3923987815351,0,0.25694444444444442
Q2,2025-04-26,16721.902198682292,91.86009982161103,14.6717936146959,7811.7675853703659,2466.1452328453006,6717.1198633216663,0,0.2638888888888889
Q2,2025-04-27,39012.774410017519,6503.8566816571711,1110.6640155083346,7956.4785441258291,7811.7675853703659,7386.13255969292,0,0.090277777777777776
Q2,2025-04-28,57466.904155375909,23753.654650749082,3665.7750487065528,7909.6805869174168,7956.4785441258291,6185.2241938641955,0,0.0069444444444444441
Q2,2025-04-29,36356.831172225502,2454.7602693524859,460.81601775809429,8050.9498527140167,7909.6805869174168,8068.3678637155426,0,0.11805555555555555
Q2,2025-04-30,33580.897920377553,106.95116869094605,23.399688339914846,8567.6503108467423,8050.9498527140167,7888.7827798873041,0,0.21527777777777779
Q2,2025-05-01,42361.733223268719,12363.387602873911,2270.0553849759535,1654.0467886461622,8567.6503108467423,7027.1805064037007,0,0.10416666666666667
Q2,2025-05-02,27452.642448128565,14065.765921456643,2602.1666356362748,1781.7088503745117,1654.0467886461622,5551.1123306909703,0,0.20833333333333334
Q2,2025-05-03,25743.457590214501,9504.1369048034358,1678.1796685058996,7679.0399736169529,1781.7088503745117,6171.0186582203587,0,0.22916666666666666
Q2,2025-05-04,42474.384611898335,7297.3950357911317,1287.5138536273835,7864.9704675904977,7679.0399736169529,7964.7394471525286,0,0.22916666666666666
Q2,2025-05-05,43354.474743172352,5545.9821418542833,1060.1184910954607,7654.9435336659135,7864.9704675904977,7658.4908985607944,0,0.16666666666666666
Q2,2025-05-06,40550.982513464405,3475.4103107401861,700.02824873317888,8340.8653589467776,7654.9435336659135,7564.4570623461232,0,0.1736111111111111
Q2,2025-05-07,38335.183179967731,835.742953893189,191.889458737203,8454.9272837745339,8340.8653589467776,7639.6692009187745,0,0.041666666666666664
Q2,2025-05-08,37285.68498632696,320.46532796609756,64.463266029400913,4894.2325393721185,8454.9272837745339,7846.4407759513961,0,0.090277777777777776
Q2,2025-05-09,16474.599803344448,5.1891985395606364,1.0968502514395766,4895.809985904024,4894.2325393721185,6823.7486776277301,0,0.2638888888888889
Q2,2025-05-10,19314.118905199899,0,0,9779.2505674166005,4895.809985904024,7090.4933012115134,0,0.2361111111111111
Q2,2025-05-11,38524.793602078207,185.80697583333372,27.561666666666724,9400.9831865205961,9779.2505674166005,8132.7139477591327,0,0.125
Q2,2025-05-12,39245.212821520472,0,0,9951.5203323182413,9400.9831865205961,8806.6400482665103,0,0.25
Q2,2025-05-13,38746.829785407841,0,0,9606.2946415251336,9951.5203323182413,8496.7527437866793,0,0.2638888888888889
Q2,2025-05-14,39108.087243902672,129.93819362307619,29.669641197186024,9767.6364547371722,9606.2946415251336,8554.1738435414081,0,0.25694444444444442
Q2,2025-05-15,35902.760603849129,81.137070954211055,18.412464619444464,4394.6347030876141,9767.6364547371722,8149.9144248293323,0,0.13194444444444445
Q2,2025-05-16,15941.725904440722,38.270884748472703,18.052304126638067,3976.5769361980956,4394.6347030876141,6947.3859546160857,0,0.3125
Q2,2025-05-17,18926.290942194762,0,0,9240.3002055470188,3976.5769361980956,6975.6204867961333,0,0.2638888888888889
Q2,2025-05-18,37896.220642328182,117.64616765692998,28.073091662034074,9773.956938176816,9240.3002055470188,7977.041165970476,0,0.16666666666666666
Q2,2025-05-19,37330.7023801225,180.10484486968213,26.703958020562254,9430.0214492600426,9773.956938176816,8394.3091005085789,0,0.27083333333333331
Q2,2025-05-20,37163.539553744791,0,0,9484.1332862316958,9430.0214492600426,8314.4327804235654,0,0.1111111111111111
Q2,2025-05-21,37578.878188143906,367.51239079655022,102.64981552649516,9380.2663273172784,9484.1332862316958,8343.0951623584042,0,0.10416666666666667
Q2,2025-05-22,34288.804056126959,0,0,4035.5982875487448,9380.2663273172784,8023.0833998059716,0,0.18055555555555555
Q2,2025-05-23,15582.752301170178,0,0,3898.4427653291018,4035.5982875487448,6723.0253247362689,0,0.29166666666666669
Q2,2025-05-24,18802.364874602838,12.844325507726934,1.9106471562256502,9478.9043410807335,3898.4427653291018,6869.3128113746789,0,0.30555555555555558
Q2,2025-05-25,36409.811681424646,0,0,9508.9333197803389,9478.9043410807335,8474.0654653614001,0,0.25
Q2,2025-05-26,36540.896449704029,197.70285019153025,44.775876949063047,8597.6158318776415,9508.9333197803389,7148.6851921597809,0,0.0069444444444444441
Q2,2025-05-27,36825.184165880688,0,0,9503.2746896370427,8597.6158318776415,8126.4109688374483,0,0.24305555555555555
Q2,2025-05-28,36331.854978777505,129.24573037057922,30.754363492176424,9727.4565696506052,9503.2746896370427,7764.5288837525113,0,0.1111111111111111
Q2,2025-05-29,35113.44237147837,1960.2991005187987,376.19529772033286,3323.6529120657742,9727.4565696506052,7005.4412025993133,0,0
Q2,2025-05-30,16155.489792622919,154.62175409931439,32.529250239540097,3710.4695272318663,3323.6529120657742,6542.9786606847501,0,0.2361111111111111
Q2,2025-05-31,18973.79368609345,810.40901495806497,241.37949389529101,9457.6230255799437,3710.4695272318663,6737.1366209715234,0,0.27777777777777779
Q2,2025-06-01,107657.67091259602,70948.541529147289,12344.945096906928,7024.9739991844453,9457.6230255799437,5022.0173488839255,0,0
Q2,2025-06-02,85389.032773782499,46214.461962524299,8467.0095927091479,6870.0629846513502,7024.9739991844453,6316.4475906017951,0,0
Q2,2025-06-03,74489.400077647064,33269.181695745603,5556.6853954913331,7308.5159628801694,6870.0629846513502,6281.2725951670081,0,0
Q2,2025-06-04,63535.265015967168,20626.100196304422,3676.9799916399343,7566.3607967142452,7308.5159628801694,6862.7556878550795,0,0
Q2,2025-06-05,56661.384376579146,14224.979319388196,2626.3720973111185,2132.183762809063,7566.3607967142452,7032.8946782916737,0,0.0069444444444444441
Q2,2025-06-06,38066.398862978269,19334.306741060154,3901.9927939633562,2698.9547769935853,2132.183762809063,5562.1570477896439,0,0.14583333333333334
Q2,2025-06-07,31747.940495525196,9847.5258440984162,1591.7567123657934,8174.1574143994203,2698.9547769935853,5921.4803835351013,0,0.1111111111111111
Q2,2025-06-08,54455.164828970272,1.8770792054932739,0.85966531050756767,9620.6730600648752,8174.1574143994203,8899.2986158036674,0,0.27777777777777779
Q2,2025-06-09,56023.267496460627,124.16503668348984,56.717406062435131,9933.1328522070835,9620.6730600648752,8790.7615653314842,0,0.27777777777777779
Q2,2025-06-10,58446.22138526426,37.294919433305431,17.031817696440235,9978.1090636413155,9933.1328522070835,8953.9287896641472,0,0.3611111111111111
Q2,2025-06-11,58825.730638567329,0,0,10113.911601614091,9978.1090636413155,8560.4241724276526,0,0.38194444444444442
Q2,2025-06-12,56763.771604760783,0,0,7939.6092239235131,10113.911601614091,8775.4409660721285,0,0.2986111111111111
Q2,2025-06-13,26480.820453147502,0,0,7663.2793367185295,7939.6092239235131,8501.6355259154188,0,0.2986111111111111
Q2,2025-06-14,29001.469614934547,0,0,10124.613581797583,7663.2793367185295,9261.7725821461063,0,0.40972222222222221
Q2,2025-06-15,59049.628576675212,23.354390328614514,10.832277517910256,10191.317700313972,10124.613581797583,9163.9858833068847,0,0.38194444444444442
Q2,2025-06-16,59504.390477762281,37.32036397906527,13.076511555383767,10134.045210622113,10191.317700313972,8917.1372429424027,0,0.3263888888888889
Q2,2025-06-17,59102.693245258699,91.995464248184689,27.36011696643396,9819.1876229712216,10134.045210622113,8971.2319912459116,0,0.27777777777777779
Q2,2025-06-18,59444.696413531536,11.498035248859068,5.2888846590888079,10005.297686184596,9819.1876229712216,9072.5366232129218,0,0.3611111111111111
Q2,2025-06-19,56541.590937631663,0,0,7871.0057225679757,10005.297686184596,8740.9034436723905,0,0.31944444444444442
Q2,2025-06-20,25295.717358560389,0,0,7375.0859849465332,7871.0057225679757,8669.7313268216458,0,0.34027777777777779
Q2,2025-06-21,27013.069481242826,0,0,10517.1060778712,7375.0859849465332,8502.2443777631652,0,0.34027777777777779
Q2,2025-06-22,55406.363332517001,127.91554045810061,49.79906563514303,9622.6930815406049,10517.1060778712,9002.9201755202885,0,0.39583333333333331
Q2,2025-06-23,57029.607592948327,58.836241084527643,26.948394627819248,9933.640284586354,9622.6930815406049,9011.2346145292231,0,0.36805555555555558
Q2,2025-06-24,59774.841124096434,2973.0247759945792,630.89064936115346,10011.353219703533,9933.640284586354,8349.8470358788782,0,0.27777777777777779
Q2,2025-06-25,56573.244846912246,0,0,10054.079860749967,10011.353219703533,8746.3544844533444,0,0.3888888888888889
Q2,2025-06-26,54143.499183738371,0,0,6721.4214348813393,10054.079860749967,8529.428258828224,0,0.375
Q2,2025-06-27,24072.921913327591,0,0,6942.5879329358295,6721.4214348813393,8452.3439602725484,0,0.34722222222222221
Q2,2025-06-28,25973.074394707681,133.96921636905083,29.691758947041407,10244.012402990815,6942.5879329358295,8653.4763528230251,0,0.31944444444444442
Q2,2025-06-29,56167.04497282095,314.83700898146174,97.024891151060004,10243.855155173342,10244.012402990815,9020.1899432480204,0,0.34027777777777779
Q2,2025-06-30,54545.317138295883,325.36204660753674,110.77065142738525,9644.4887177443125,10243.855155173342,8830.9856434289923,0,0.3125
Q2,2025-07-01,64073.55163157441,10652.71205116821,2715.2373004531696,7385.7098892626573,9644.4887177443125,7824.9002574072547,0,0.15277777777777779
Q2,2025-07-02,62450.904817962168,6921.0037576034701,1713.8871876775816,7713.6446064312695,7385.7098892626573,8092.6721297169461,0,0.1736111111111111
Q2,2025-07-03,57641.083904912033,2873.2148532238298,711.21166376064878,2105.2171130733104,7713.6446064312695,7778.4040144041601,0,0.18055555555555555
Q2,2025-07-04,37275.995143610817,13632.319081661142,3632.0568847908989,2705.4129355302653,2105.2171130733104,5748.7959021787065,0,0.25
Q2,2025-07-05,34120.778068205625,6218.8169904060405,1615.6449257440845,7890.2693065363201,2705.4129355302653,6460.3053690401412,0,0.2013888888888889
Q2,2025-07-06,83635.165123465849,34385.777870540347,6547.2139106767245,7515.7589068580719,7890.2693065363201,6770.9854397438912,0,0.013888888888888888
Q2,2025-07-07,56727.149227034359,313.34524816166874,143.49468619467788,9677.8555157893788,7515.7589068580719,8816.417674421733,0,0.25
Q2,2025-07-08,59030.130872817281,709.96529847389922,165.02213321270975,10800,9677.8555157893788,9015.0342019532236,0,0.3125
Q2,2025-07-09,58471.376499923259,81.675707387116503,16.736825284245185,10800,10800,9171.7796046904023,0,0.49305555555555558
Q2,2025-07-10,55599.220510534593,101.78116341842767,24.878906169719144,5786.5781550419069,10800,8806.0708887219225,0,0.47222222222222221
Q2,2025-07-11,31555.188707121513,0,0,6087.0715824044755,5786.5781550419069,8656.5337544400008,0,0.36805555555555558
Q2,2025-07-12,32575.29280734474,29.901240338661164,7.9376799412426777,10253.037551649471,6087.0715824044755,8838.0833811835637,0,0.35416666666666669
Q2,2025-07-13,56394.421917538777,0,0,10800,10253.037551649471,9275.8039829504305,0,0.46527777777777779
Q2,2025-07-14,55789.044785869992,0,0,10690.12332221074,10800,9218.8772543625473,0,0.45833333333333331
Q2,2025-07-15,56108.61699090185,0,0,10526.339726513719,10690.12332221074,9245.5974017598237,0,0.46527777777777779
Q2,2025-07-16,55866.032029977221,52.443617407213146,14.352385716259755,10403.701652305979,10526.339726513719,9052.9368356576597,0,0.45833333333333331
Q2,2025-07-17,53976.10583355675,223.4721845327598,49.590316528507643,5927.9043406699757,10403.701652305979,8759.5450182195837,0,0.39583333333333331
Q2,2025-07-18,29457.1374567112,0,0,5510.6901421576076,5927.9043406699757,8605.8161496560424,0,0.34722222222222221
Q2,2025-07-19,31988.741699644605,0,0,10296.157766773698,5510.6901421576076,8764.2621314357202,0,0.375
Q2,2025-07-20,55182.557927655311,0,0,10800,10296.157766773698,8948.1621155928951,0,0.39583333333333331
Q2,2025-07-21,55348.937489664997,31.797720719975395,12.822426841462136,10800,10800,8760.6706639826298,0,0.4375
Q2,2025-07-22,56875.364869142897,1069.8630534782687,255.03484490047143,10676.730695402741,10800,8960.8021433692065,0,0.39583333333333331
Q2,2025-07-23,56133.229641722297,142.71141578323,34.772943604302696,10800,10676.730695402741,8736.2533932466813,0,0.43055555555555558
Q2,2025-07-24,53868.484310108528,819.60222318843466,192.16249214616735,5638.2672665705049,10800,8739.262288481239,0,0.3611111111111111
Q2,2025-07-25,28835.587054240394,44.730752686628016,10.676120711003783,5446.6458694262037,5638.2672665705049,8405.9000390218062,0,0.36805555555555558
Q2,2025-07-26,32349.499432400327,7.4410574797982552,3.4330138315101522,10538.574463658559,5446.6458694262037,8579.8214686383308,0,0.38194444444444442
Q2,2025-07-27,55803.604826916584,1676.8390453205977,339.18195218705148,10465.081040845304,10538.574463658559,8525.8514160071882,0,0.3611111111111111
Q2,2025-07-28,55214.909556877647,161.28389909672796,30.455922430959006,10135.861336671889,10465.081040845304,8165.5259459190383,0,0.20833333333333334
Q2,2025-07-29,56295.750846487419,0,0,10800,10135.861336671889,8668.0571210946364,0,0.35416666666666669
Q2,2025-07-30,56382.734292648289,10.096727652417488,2.7631985912472601,10714.098381438143,10800,8736.8622734950495,0,0.43055555555555558
Q2,2025-07-31,53230.019079471313,6.1848328668261878,1.6418457305086775,5447.6936338208179,10714.098381438143,8497.5500898651753,0,0.40972222222222221
Q2,2025-08-01,27934.571074238847,180.15139209496994,83.55820545694769,5355.1282827041696,5447.6936338208179,7969.4097500402422,0,0.375
Q2,2025-08-02,27918.461135569538,220.91996875451872,92.763551221019725,8685.251624566441,5355.1282827041696,7865.4594184795924,0,0.30555555555555558
Q2,2025-08-03,51694.774205531896,604.50336601221136,135.64248742619802,8216.2030589843598,8685.251624566441,8571.2741500865122,0,0.29166666666666669
Q2,2025-08-04,51060.467248099572,75.514970515093552,35.302651830036098,8844.4587357023884,8216.2030589843598,8575.07354725605,0,0.24305555555555555
Q2,2025-08-05,49779.774382709751,21.735424553605682,9.9521174695996706,8779.8132844585452,8844.4587357023884,8393.6069667129705,0,0.28472222222222221
Q2,2025-08-06,50968.343188504914,2547.0541203971784,548.03373767210655,8146.1993497068815,8779.8132844585452,8134.9129550365033,0,0.097222222222222224
Q2,2025-08-07,45076.270099622765,63.190197852544799,29.251538421769965,2243.8746887160614,8146.1993497068815,7798.2855449142226,0,0.24305555555555555
Q2,2025-08-08,24899.222447675318,73.98297966041784,11.779791363811455,1898.9843988775667,2243.8746887160614,6947.5073191168613,0,0.31944444444444442
Q2,2025-08-09,28131.163099891099,0,0,8998.445149588706,1898.9843988775667,7084.1184452005855,0,0.3125
Q2,2025-08-10,46538.73534627058,55.835349639454257,26.097382397501406,8737.3581814710051,8998.445149588706,8327.4076629208212,0,0.18055555555555555
Q2,2025-08-11,47022.667421913182,52.404934011902739,10.116782627780452,8578.7701361374257,8737.3581814710051,8049.7456541567417,0,0.2361111111111111
Q2,2025-08-12,50103.11611952434,3015.9591311106874,457.00802145338525,8537.212519545983,8578.7701361374257,8033.1557145911338,0,0.090277777777777776
Q2,2025-08-13,48570.699881715656,549.38211976688569,151.35284665947387,9864.6520603367007,8537.212519545983,8204.5060944730358,0,0.18055555555555555
Q2,2025-08-14,46783.710620955411,2815.7301782176287,530.85429444000977,2869.5143226701298,9864.6520603367007,7750.3390907486446,0,0.2013888888888889
Q2,2025-08-15,25578.33211083871,794.56287958025587,236.23746535642925,2343.4769421825804,2869.5143226701298,6755.543935206143,0,0.30555555555555558
Q2,2025-08-16,27853.150358723098,40.654638482702929,9.7968510901224874,8534.9046574740059,2343.4769421825804,7125.6261820761201,0,0.31944444444444442
Q2,2025-08-17,46220.585385363243,8.7860958021151472,1.3069685090539451,8655.3978334326293,8534.9046574740059,8065.7406113954912,0,0.20833333333333334
Q2,2025-08-18,48020.210070215617,452.27403596847569,116.89491719409432,9364.0914377446898,8655.3978334326293,8189.8028901770404,0,0.1875
Q2,2025-08-19,47735.3893984069,203.41065466323022,57.079251804373143,9315.4320706178569,9364.0914377446898,8456.845431697102,0,0.24305555555555555
Q2,2025-08-20,61455.226222182238,14574.705168468594,2529.6209335512704,8481.3653602919967,9315.4320706178569,7124.6042778364681,0,0.055555555555555552
Q2,2025-08-21,44659.379704167848,49.632432736843526,7.9750032516820966,3050.0124131961643,8481.3653602919967,8066.4504390767379,0,0.18055555555555555
Q2,2025-08-22,25934.75466893128,978.45738211259777,247.0677941374436,2755.3498449954259,3050.0124131961643,6883.6923276056668,0,0.24305555555555555
Q2,2025-08-23,28893.665910436586,57.792705447395996,27.062844976537576,9246.6597643393361,2755.3498449954259,7368.7390487388784,0,0.27777777777777779
Q2,2025-08-24,46915.739924710033,234.74131184032302,59.282871161288199,8570.5643522872579,9246.6597643393361,8141.9332611901955,0,0.090277777777777776
Q2,2025-08-25,57609.204356017137,9700.9127219998863,1571.1914291892217,8529.5875371030361,8570.5643522872579,7309.6466383546031,0,0.027777777777777776
Q2,2025-08-26,48748.533572723085,238.132175374453,51.855187464938012,9183.5446245001895,8529.5875371030361,8299.2166860615089,0,0.20833333333333334
Q2,2025-08-27,49011.424426522135,1058.2269519428662,216.41121464544759,8943.135466302132,9183.5446245001895,8079.8558577392332,0,0.15277777777777779
Q2,2025-08-28,47607.646044790978,1498.6798727388086,337.00374070938466,3597.9046559019948,8943.135466302132,7372.9973187115165,0,0.055555555555555552
Q2,2025-08-29,25731.762302356972,32.050614839711258,8.6286309877981751,3404.0791177780179,3597.9046559019948,7033.3122848230541,0,0.2986111111111111
Q2,2025-08-30,28395.676215183114,0,0,8677.3661273240523,3404.0791177780179,7599.006779695761,0,0.3125
Q2,2025-08-31,49127.930091506896,9.7289704108636403,4.5135562100967945,8917.7301690941858,8677.3661273240523,8242.6024417552726,0,0.22222222222222221
Q2,2025-09-01,49305.605813267641,0,0,10800,8917.7301690941858,9125.6200487233618,0,0.46527777777777779
Q2,2025-09-02,48220.674553061232,0,0,10800,10800,8857.5422805253202,0,0.49305555555555558
Q2,2025-09-03,46653.316766709919,0,0,10800,10800,9059.6527285122847,0,0.4861111111111111
Q2,2025-09-04,43087.09134082251,23.287725340025784,5.6311752726455779,6476.9948759328399,10800,8693.1914847274929,0,0.44444444444444442
Q2,2025-09-05,23383.643756155554,0,0,6535.7553555155928,6476.9948759328399,8812.3593189660387,0,0.39583333333333331
Q2,2025-09-06,25413.257222959524,0,0,10800,6535.7553555155928,9014.9277739698737,0,0.375
Q2,2025-09-07,44479.88654020692,0,0,10543.10412771888,10800,8745.9802263282054,0,0.4861111111111111
Q2,2025-09-08,42384.779318349538,2149.6692035536707,494.20577310418184,8088.7892606106934,10543.10412771888,8092.9050682593179,0,0.2013888888888889
Q2,2025-09-09,42537.294716953722,232.97856511362096,56.472457201665279,8998.3301625835775,8088.7892606106934,8439.4318237588486,0,0.15277777777777779
Q2,2025-09-10,44474.757366334685,2661.4792285719409,532.20383290780808,8944.6027391666776,8998.3301625835775,7834.6217705364334,0,0.048611111111111112
Q2,2025-09-11,40001.469864186067,89.229089001964553,21.273900433781932,4258.2502294106844,8944.6027391666776,8122.7518050474109,0,0.22222222222222221
Q2,2025-09-12,19167.699346413297,294.36919191673019,78.244365040179673,3722.3626310352147,4258.2502294106844,7191.1159919881075,0,0.27777777777777779
Q2,2025-09-13,21724.028671706783,368.35080430909778,76.903547396832209,8456.4811830665712,3722.3626310352147,7469.8420329536502,0,0.2361111111111111
Q2,2025-09-14,42654.690277099267,429.94392104802262,123.03947770882189,8402.9655816701725,8456.4811830665712,8158.2409843887499,0,0.2013888888888889
Q2,2025-09-15,42958.413104288105,220.77534936283791,40.128267934181849,8581.0305441277724,8402.9655816701725,8253.2678782136863,0,0.27083333333333331
Q2,2025-09-16,42622.439655216818,43.923279801666425,13.904560563171003,8345.3448216383786,8581.0305441277724,8148.5774735538143,0,0.22222222222222221
Q2,2025-09-17,43522.128190536525,30.43199789145881,13.972450822524706,8799.1571470909166,8345.3448216383786,8105.5033100398105,0,0.21527777777777779
Q2,2025-09-18,40740.631973195756,1228.5016872034548,287.77771254206289,3796.828785773273,8799.1571470909166,7826.0244370801538,0,0.20833333333333334
Q2,2025-09-19,19771.177251559599,2.1517505053259778,0.99826049887542467,4393.0085362452355,3796.828785773273,7312.081943841551,0,0.20833333333333334
Q2,2025-09-20,21513.975804428075,153.12865617200575,66.34454999936429,8440.5933301534023,4393.0085362452355,7324.6697460216201,0,0.2361111111111111
Q2,2025-09-21,43024.699670669041,191.15739763121638,47.077525569740374,8289.5175104947284,8440.5933301534023,8204.3452635633657,0,0.20833333333333334
Q2,2025-09-22,43245.187748386896,134.57247843942901,53.807160623547361,8505.8338054036303,8289.5175104947284,8014.1351083807494,0,0.1388888888888889
Q2,2025-09-23,44779.920652683504,195.98070182224831,40.623081553350282,8494.0715219400099,8505.8338054036303,8352.8808848726821,0,0.18055555555555555
Q2,2025-09-24,44682.753892576264,178.43668970705869,57.593798641946137,8757.6925302068048,8494.0715219400099,8219.9233864114922,0,0.2013888888888889
Q2,2025-09-25,43436.002175129746,721.63904244321645,132.23251460847962,4206.5145484339346,8757.6925302068048,8250.4442356213804,0,0.2638888888888889
Q2,2025-09-26,20831.01771993058,0,0,4580.3077664203311,4206.5145484339346,7957.1753726107727,0,0.30555555555555558
Q2,2025-09-27,24083.557385053151,1614.5828947164814,363.20390384831632,8147.4089322563859,4580.3077664203311,8002.1857851451914,0,0.27777777777777779
Q2,2025-09-28,47374.321576672919,928.64759477518896,223.90119071947447,8606.038800059112,8147.4089322563859,8380.0345435771942,0,0.22222222222222221
Q2,2025-09-29,46859.212986734507,391.05207704161791,129.93679429007864,8430.7818076748626,8606.038800059112,8392.5722969682902,0,0.2361111111111111
Q2,2025-09-30,46885.338566264545,2.3087657478083212,1.0811359156208482,8790.6871520644127,8430.7818076748626,8252.5442221324884,0,0.20833333333333334
Q2,2025-10-01,46963.312583549974,0,0,10336.383128965654,8790.6871520644127,9233.5467736499759,0,0.34027777777777779
Q2,2025-10-02,43194.44201898414,53.582944903168816,25.044610845136162,6553.867473034551,10336.383128965654,8941.1286239803485,0,0.36805555555555558
Q2,2025-10-03,19449.009629457083,0,0,6627.7684598658288,6553.867473034551,8529.3599183067017,0,0.3263888888888889
Q2,2025-10-04,21623.785835504928,0,0,10131.96347620228,6627.7684598658288,8467.6540671810799,0,0.3125
Q2,2025-10-05,43535.719078065187,0,0,9921.0510648342915,10131.96347620228,8881.0106881101838,0,0.29166666666666669
Q2,2025-10-06,43215.943461471623,0,0,9421.3300179196085,9921.0510648342915,8754.6907121904533,0,0.30555555555555558
Q2,2025-10-07,43263.447154169233,24.752260156234666,11.569179787910571,9429.9314516299783,9421.3300179196085,8520.7637112814737,0,0.27083333333333331
Q2,2025-10-08,41433.193909501002,15.835717280134967,7.3598107148566214,8398.3872043185456,9429.9314516299783,8417.1792213320441,0,0.22916666666666666
Q2,2025-10-09,39407.69420378263,3.6532834245981864,1.7019722453287613,4286.9158430705802,8398.3872043185456,8074.0556306257822,0,0.20833333333333334
Q2,2025-10-10,18684.866126884968,27.818911247746229,6.1214409197226018,5007.78011543094,4286.9158430705802,7875.2582693921468,0,0.25694444444444442
Q2,2025-10-11,20326.356666655491,45.959282731844844,11.892634944160022,8570.4983683878963,5007.78011543094,8065.0730110435607,0,0.27083333333333331
Q2,2025-10-12,41905.754778988849,231.58577727624515,44.071779983475381,8688.4293305318461,8570.4983683878963,8329.0627444644142,0,0.18055555555555555
Q2,2025-10-13,41932.766274566791,79.738447791054483,21.772700289124259,8871.9081991042567,8688.4293305318461,8387.3838802635928,0,0.20833333333333334
Q2,2025-10-14,42986.402513551926,1400.4971134523976,289.90561267116561,8849.4367112867385,8871.9081991042567,8050.6221604874199,0,0.14583333333333334
Q2,2025-10-15,42157.344265550069,259.90706231756258,69.721188949802382,8942.7784306685771,8849.4367112867385,8013.1300345151103,0,0.013888888888888888
Q2,2025-10-16,46269.806450326752,6544.9169742242611,1165.543974913262,4478.4731715480593,8942.7784306685771,7638.8573031639198,0,0.013888888888888888
Q2,2025-10-17,19225.459012353051,1.3453647724477946,0.63460602473952576,4872.9204817502423,4478.4731715480593,8076.4217248797522,0,0.29166666666666669
Q2,2025-10-18,20886.204798669794,147.41035263207465,32.304144099493953,8916.1270698221251,4872.9204817502423,8241.5724887405613,0,0.27083333333333331
Q2,2025-10-19,47173.641085621392,4890.9871983470921,954.56080440704682,8328.329576815795,8916.1270698221251,7973.3483707632568,0,0.0069444444444444441
Q2,2025-10-20,47549.575563076127,4355.7302153815099,890.57380895007236,8251.3040868100725,8328.329576815795,7859.5929046857391,0,0.0069444444444444441
Q2,2025-10-21,54771.707245898244,11012.836531241515,1823.9597553143565,8614.596191376746,8251.3040868100725,7393.8926596163465,0,0.0069444444444444441
Q2,2025-10-22,49356.608933210227,5000.9699834511775,1038.835727652644,8382.9919016521944,8614.596191376746,8061.5656033253135,0,0.1111111111111111
Q2,2025-10-23,44727.442645210336,511.6401941987026,138.42138650272366,5581.1667874934274,8382.9919016521944,8304.8898384502318,0,0.21527777777777779
Q2,2025-10-24,19435.431095308864,47.473077268234157,16.067398537899351,5610.277662657496,5581.1667874934274,7835.3903635561101,0,0.24305555555555555
Q2,2025-10-25,21190.420290628805,12.504955310608207,2.5672254794925493,8363.3420882481005,5610.277662657496,8253.4368331512051,0,0.27777777777777779
Q2,2025-10-26,46686.412365222212,23.316127399927517,3.7872374563351769,8602.1303679354878,8363.3420882481005,8385.1738210963413,0,0.19444444444444445
Q2,2025-10-27,46755.833359065211,672.04677626396153,184.61036190363998,8290.8963371398495,8602.1303679354878,8413.3899562645965,0,0.11805555555555555
Q2,2025-10-28,46327.437094344379,61.124883376059692,25.199162208346991,8378.7520709366108,8290.8963371398495,8258.5989684438446,0,0.19444444444444445
Q2,2025-10-29,50931.43162029206,4769.9150372680679,752.6387710004899,8200.2638982333847,8378.7520709366108,7572.0474683648599,0,0.0069444444444444441
Q2,2025-10-30,45525.282153823238,176.87183714566802,50.179659493601093,5940.9089866979002,8200.2638982333847,8179.6358912946789,0,0.22222222222222221
Q2,2025-10-31,19925.779553761495,0,0,6124.7655787761751,5940.9089866979002,7997.5846778626765,0,0.22222222222222221
Q2,2025-11-01,21673.426805333009,92.29516401042882,37.105752515071799,8815.264176656241,6124.7655787761751,8361.2734155789949,0,0.29166666666666669
Q2,2025-11-02,47716.553362877683,15.1971106592095,7.0160070159548891,8145.4959246066101,8815.264176656241,8107.1126741437147,0,0.16666666666666666
Q2,2025-11-03,48670.405323651496,61.029021918379243,19.233277645500166,8334.9126606975824,8145.4959246066101,8303.9534929326237,0,0.16666666666666666
Q2,2025-11-04,48977.031799633318,29.492122608658001,8.4097074584474498,8108.2737596945371,8334.9126606975824,8328.0245313100368,0,0.1875
Q2,2025-11-05,49327.275903111047,0,0,8708.3992446404663,8108.2737596945371,8225.5444720523992,0,0.16666666666666666
Q2,2025-11-06,50348.012577030953,2663.1604266130803,559.34469299756006,5859.4757569305757,8708.3992446404663,7867.0921068198868,0,0.11805555555555555
Q2,2025-11-07,20651.497623052845,4.6286907771290409,2.1421728542862297,6476.0464772478745,5859.4757569305757,7756.943517948127,0,0.2361111111111111
Q2,2025-11-08,21164.395673725747,39.614681556587328,5.8836598182960529,8700.0073595182257,6476.0464772478745,8137.9674043070454,0,0.25694444444444442
Q2,2025-11-09,50082.332144867512,49.876054589143592,21.183371908979233,8235.5085798665641,8700.0073595182257,8403.633533141774,0,0.1736111111111111
Q2,2025-11-10,50851.254776244721,179.70231437108666,55.614676851943287,8252.8246160513736,8235.5085798665641,8259.2351500080422,0,0.14583333333333334
Q2,2025-11-11,51224.939153515064,27.646618321530752,12.771520064991439,8452.0081777548821,8252.8246160513736,8432.4594436289299,0,0.19444444444444445
Q2,2025-11-12,50988.211164154098,12.916198219132351,2.7884711181201105,8337.8322003858193,8452.0081777548821,8467.4874108346612,0,0.1875
Q2,2025-11-13,50983.256844363263,205.36568569909986,46.898347760457398,7177.1707360807923,8337.8322003858193,8513.2073465247886,0,0.19444444444444445
Q2,2025-11-14,21537.114102862753,73.645147895676558,24.254249338142245,7255.563888742261,7177.1707360807923,8318.9999217739551,0,0.27777777777777779
Q2,2025-11-15,21877.560359782183,17.320256489244009,4.280834525270393,8581.2913685275616,7255.563888742261,8176.2698857716105,0,0.22916666666666666
Q2,2025-11-16,52049.229588895927,247.3335277315268,60.374611361779536,8404.5838835713112,8581.2913685275616,8369.2625829469343,0,0.1388888888888889
Q2,2025-11-17,52718.815179305406,205.87313831360203,88.822987318861536,8714.6960922187282,8404.5838835713112,8537.6187832807027,0,0.19444444444444445
Q2,2025-11-18,52640.552097993575,209.71426536096072,45.722994023591852,8505.3204668713697,8714.6960922187282,8552.8611439455981,0,0.125
Q2,2025-11-19,52776.864319352833,50.15394651798924,23.415793255512654,8326.6015237759839,8505.3204668713697,8308.8526956664773,0,0.14583333333333334
Q2,2025-11-20,54576.483239600704,291.53530706812421,74.439447579675289,8481.9861133109771,8326.6015237759839,8586.2030280926065,0,0.10416666666666667
Q2,2025-11-21,22644.341576750405,75.482400193195758,34.836611624582474,9219.9826718401146,8481.9861133109771,8481.2409479610014,0,0.27083333333333331
Q2,2025-11-22,22049.037949121215,179.55932363650476,45.337390819414736,8536.0701216151156,9219.9826718401146,8338.7717933549939,0,0.25
Q2,2025-11-23,53809.283129199859,61.184542247366053,22.759960357378539,8606.8326915765065,8536.0701216151156,8328.5056302583362,0,0.16666666666666666
Q2,2025-11-24,53827.114515857829,121.89824421166817,32.832635880111468,8279.9641962852656,8606.8326915765065,8612.9284487910863,0,0.21527777777777779
Q2,2025-11-25,53893.260118599559,137.08710756731654,46.916813744084763,8377.4432132537804,8279.9641962852656,8495.2352584880136,0,0.1388888888888889
Q2,2025-11-26,54398.179759060993,27.559352978890796,12.676795298477828,8806.2902545017732,8377.4432132537804,8495.8505884444676,0,0.14583333333333334
Q2,2025-11-27,55420.776238519502,261.50641789886026,64.619866438840745,8587.276584690233,8806.2902545017732,8638.1406005945119,0,0.14583333333333334
Q2,2025-11-28,22243.631401802628,0,0,8595.4398658985901,8587.276584690233,8263.9570669210025,0,0.18055555555555555
Q2,2025-11-29,22408.786714866172,202.11544220292069,78.783218293886534,8696.7257589978726,8595.4398658985901,8216.6398262313469,0,0.19444444444444445
Q2,2025-11-30,55685.81660211931,61.338213793851459,27.757983414931374,8499.1880434399172,8696.7257589978726,8354.7085004890141,0,0.125
Q2,2025-12-01,74982.906550381478,18752.615811880671,4401.8328778749028,8375.4516503754658,8499.1880434399172,7758.3879974074098,0,0.013888888888888888
Q2,2025-12-02,71848.042872915656,13344.47998461608,2842.4222854799482,8455.2730588144004,8375.4516503754658,7929.5229749425262,0,0.013888888888888888
Q2,2025-12-03,63240.765362314334,4546.3312860884853,1081.5757819706889,8131.9963059451229,8455.2730588144004,7768.3502023433066,0,0
Q2,2025-12-04,67338.096681967174,7707.0288834616094,1611.8899619305946,8588.6965270413111,8131.9963059451229,7926.4014569347746,0,0.11805555555555555
Q2,2025-12-05,29302.354815822051,4169.7677630559583,867.64130272789021,8504.8362795576068,8588.6965270413111,7879.9700270388048,0,0.15972222222222221
Q2,2025-12-06,29860.512875006087,4180.2869255315754,975.9799464209508,8771.4887384280737,8504.8362795576068,7696.4907773957402,0,0.125
Q2,2025-12-07,62718.555703764854,1143.8274741223622,325.03704653754903,8383.7186290939062,8771.4887384280737,8330.7884374057885,0,0.048611111111111112
Q2,2025-12-08,65919.807519668917,0,0,8947.5338293175409,8383.7186290939062,8805.9095212252105,0,0.3125
Q2,2025-12-09,65051.75136629241,45.542059375328698,7.2605913711165719,8782.9239761519257,8947.5338293175409,8599.0816073588285,0,0.27083333333333331
Q2,2025-12-10,65560.565891727194,45.129591525270811,11.537668803597292,8880.9724106322519,8782.9239761519257,8770.1186306051641,0,0.20833333333333334
Q2,2025-12-11,64916.794999226149,0,0,8460.0792728951892,8880.9724106322519,8655.297064004124,0,0.29166666666666669
Q2,2025-12-12,29810.265871411713,0,0,8703.142698674581,8460.0792728951892,8649.5542060716089,0,0.3125
Q2,2025-12-13,30696.984634392422,0,0,8764.9552598987812,8703.142698674581,8453.957183136994,0,0.2986111111111111
Q2,2025-12-14,66468.146575611565,137.54038756402352,29.191316502705888,8610.8197233809569,8764.9552598987812,8715.9340941337359,0,0.2986111111111111
Q2,2025-12-15,67427.253229418042,148.37815191118486,30.106467702971184,8655.129334288471,8610.8197233809569,8735.9176104546677,0,0.34027777777777779
Q2,2025-12-16,66572.31265006258,801.99652271291041,161.7091486466197,8686.8532271349268,8655.129334288471,8530.9699624205696,0,0.27777777777777779
Q2,2025-12-17,66805.726991561038,63.209218611637965,10.077197068415778,8887.080883089995,8686.8532271349268,8767.5657485198099,0,0.25694444444444442
Q2,2025-12-18,65585.81285119224,0,0,8533.5699878027135,8887.080883089995,8586.208346741525,0,0.2361111111111111
Q2,2025-12-19,30592.080313282517,28.988164662433267,13.448464236805041,8460.2420653418849,8533.5699878027135,8591.7113187697923,0,0.2986111111111111
Q2,2025-12-20,30957.742210934794,0,0,8646.3010108393191,8460.2420653418849,8449.9634512035482,0,0.29166666666666669
Q2,2025-12-21,67637.237198386458,0,0,8950.9607632866628,8646.3010108393191,8768.5114097106052,0,0.31944444444444442
Q2,2025-12-22,66705.900365640031,26.9856648901103,5.2156496680123956,8555.3016942715622,8950.9607632866628,8647.2457089158925,0,0.27777777777777779
Q2,2025-12-23,68384.084969361691,0,0,8981.3426387114305,8555.3016942715622,8885.547915115927,0,0.3611111111111111
Q2,2025-12-24,66391.036173082335,38.806597317869432,17.694584793881234,8667.9072928511632,8981.3426387114305,8755.3051473259075,0,0.22222222222222221
Q2,2025-12-25,64997.984516443626,0,0,8306.3644731514796,8667.9072928511632,8638.824525375825,0,0.25694444444444442
Q2,2025-12-26,29903.828390516628,0,0,8945.1366569177208,8306.3644731514796,8633.3694974633108,0,0.2638888888888889
Q2,2025-12-27,29891.206014024148,0,0,8460.1229398184296,8945.1366569177208,8541.5683333560974,0,0.31944444444444442
Q2,2025-12-28,65342.058149206605,96.837407779791519,15.438406979639939,8898.6615462959944,8460.1229398184296,8645.6336908394333,0,0.28472222222222221
Q2,2025-12-29,65676.464049259332,232.10679191424575,53.10789294537048,8367.8538402486483,8898.6615462959944,8787.274988019597,0,0.33333333333333331
Q2,2025-12-30,63555.724574105283,16.577610628324294,7.4690743988845654,9081.703051434908,8367.8538402486483,8592.3112459559416,0,0.2638888888888889
Q2,2025-12-31,62489.032950659224,247.81129527591833,103.89197140396182,8630.3836881101597,9081.703051434908,8361.7530689533087,0,0.22222222222222221
Q3,2025-02-01,23146.754644370194,21.960023623325352,4.6868047429997546,10721.601107016337,10009.017713518522,7785.6505994825175,0,0.16666666666666666
Q3,2025-02-02,55860.023141033955,0,0,10669.635519003581,10721.601107016337,8460.5741612548682,0,0.2013888888888889
Q3,2025-02-03,56686.286767265177,0,0,10498.355804268944,10669.635519003581,8332.8621248318032,0,0.13194444444444445
Q3,2025-02-04,58311.472767566913,53.546776460747026,24.517754789719334,10574.403751752194,10498.355804268944,8474.1984870809501,0,0.1875
Q3,2025-02-05,55382.366729424262,0,0,10345.74341157269,10574.403751752194,8201.928728154011,0,0.10416666666666667
Q3,2025-02-06,56897.528117906419,13.961170142122491,2.3899974564961894,10237.165931433612,10345.74341157269,8238.2188037807646,0,0.013888888888888888
Q3,2025-02-07,22700.658109345812,2.4425499370051504,0.39956648732294298,10314.223632630368,10237.165931433612,7868.9469458764106,0,0.1875
Q3,2025-02-08,19424.819729022951,108.70426489889445,22.177480969572017,10094.100197088657,10314.223632630368,7073.2411181896814,0,0.069444444444444448
Q3,2025-02-09,54798.622182650201,15.878304335619488,6.5488600681065705,9887.9798208308512,10094.100197088657,8093.547941493066,0,0.097222222222222224
Q3,2025-02-10,51681.68171808598,0,0,9979.5695843831072,9887.9798208308512,7878.6934540474076,0,0.090277777777777776
Q3,2025-02-11,52216.040827402074,440.35349625421713,91.746584012017152,9678.0090883713328,9979.5695843831072,7612.2960683795036,0,0
Q3,2025-02-12,52456.123863088535,526.98335337009905,113.84777679032457,9831.3778528256862,9678.0090883713328,7619.3434302421829,0.013888888888888888,0
Q3,2025-02-13,48558.675085320094,0,0,10037.484195655923,9831.3778528256862,7466.9428089389403,0,0.0625
Q3,2025-02-14,19672.30397549277,169.83335439120893,43.447108368592353,10166.230094027689,10037.484195655923,7366.9177383242431,0,0.10416666666666667
Q3,2025-02-15,19624.644521469112,90.264979541901525,19.584096532465821,9685.2501536028321,10166.230094027689,7400.6957816527174,0,0.097222222222222224
Q3,2025-02-16,53229.995883793927,611.6001612154613,139.78262973976021,9612.7943605168184,9685.2501536028321,7363.9066920015357,0.020833333333333332,0
Q3,2025-02-17,50253.749699639928,233.13075667522932,45.406607084535288,9747.6856957072487,9612.7943605168184,7645.2408041689814,0.013888888888888888,0
Q3,2025-02-18,48607.195228169163,108.18738351968204,26.138580235247662,9992.105967462654,9747.6856957072487,7806.6862523276168,0,0.027777777777777776
Q3,2025-02-19,48943.923975843194,50.471286016774251,18.272802485794159,9609.4916386484219,9992.105967462654,7574.0996748565331,0,0.055555555555555552
Q3,2025-02-20,48609.669416822522,74.373520933706715,18.972947874165357,9899.8416336801492,9609.4916386484219,7777.3440666130791,0,0.125
Q3,2025-02-21,18344.440957795414,11.655261750786259,4.2407208052301826,10111.004678215297,9899.8416336801492,7090.4702697721023,0,0.11805555555555555
Q3,2025-02-22,18545.841469360079,223.26977379146464,43.176167903448629,10073.598966874457,10111.004678215297,6872.5422036713653,0.0069444444444444441,0.097222222222222224
Q3,2025-02-23,48894.287614132452,585.2623939596798,107.94068317343073,9714.563447559749,10073.598966874457,7432.975576410432,0.027777777777777776,0
Q3,2025-02-24,46861.28853356091,190.87144709190295,41.662761432677598,9857.6849722350307,9714.563447559749,7895.6434634136967,0,0.090277777777777776
Q3,2025-02-25,46137.224625916235,384.87359962734428,69.654057123828238,9846.0196589839088,9857.6849722350307,7672.7787806372571,0,0.034722222222222224
Q3,2025-02-26,46363.451675644814,55.110857246529662,11.868234717934456,10074.307239919321,9846.0196589839088,7424.3379848806881,0,0.034722222222222224
Q3,2025-02-27,44848.80669526384,231.55243895712573,53.147018865624048,9856.0972846416571,10074.307239919321,7645.3386967699462,0,0.048611111111111112
Q3,2025-02-28,17778.149085599653,84.246161442514406,12.491090732080124,10095.390770411714,9856.0972846416571,7133.0669151147058,0,0.13194444444444445
Q3,2025-03-01,19277.770724709619,55.086011692510468,8.8512913461091784,10005.611998661618,10095.390770411714,8382.8259995211047,0,0.22222222222222221
Q3,2025-03-02,50731.54928243933,295.58357255090647,61.879974918870104,9683.0670986183432,10005.611998661618,8077.6133657788414,0.0069444444444444441,0.13194444444444445
Q3,2025-03-03,50740.595341042805,234.74085877483861,40.982659705906826,9718.2668273331328,9683.0670986183432,7979.5968276043532,0,0.090277777777777776
Q3,2025-03-04,46479.515923498097,39.270773997579028,18.218869866656938,9772.9595124943553,9718.2668273331328,7909.1358668460643,0,0.034722222222222224
Q3,2025-03-05,45835.661111832611,17.321779628489107,2.8335971909846407,9839.8951876332048,9772.9595124943553,7681.030195944234,0.0069444444444444441,0.0069444444444444441
Q3,2025-03-06,43863.341659163736,0,0,9981.8358997939595,9839.8951876332048,7551.5912654343183,0,0.076388888888888895
Q3,2025-03-07,17719.707001639763,0,0,10273.496182265444,9981.8358997939595,7643.0987211622305,0,0.16666666666666666
Q3,2025-03-08,16643.540901638713,101.11717525944526,21.998485543171341,10189.701394891719,10273.496182265444,7087.3455992735899,0,0.15277777777777779
Q3,2025-03-09,44671.549467833815,1976.4095081394248,401.07592921143777,9939.0907291179847,10189.701394891719,7273.9396532042319,0.034722222222222224,0.0625
Q3,2025-03-10,45939.598441707727,1185.8911170999236,251.97486556724652,9875.7382219457177,9939.0907291179847,7214.5011091933302,0.020833333333333332,0
Q3,2025-03-11,44058.164469416872,713.10898764757894,150.17578967992819,10081.488549812828,9875.7382219457177,7301.9157490016014,0.013888888888888888,0.0069444444444444441
Q3,2025-03-12,42545.513832886019,151.18719444508554,36.692355136844185,9669.3764088815515,10081.488549812828,7321.8428018856212,0,0.083333333333333329
Q3,2025-03-13,45122.358276097584,685.15138533431968,108.09558260065165,9766.1218047630118,9669.3764088815515,7850.630930151412,0.013888888888888888,0.076388888888888895
Q3,2025-03-14,16537.978185614986,39.794138080288114,11.90777668337612,10277.354492261273,9766.1218047630118,7345.8865070605243,0,0.1736111111111111
Q3,2025-03-15,16526.16919552764,440.05114266021167,89.645050983220514,9654.1223923122143,10277.354492261273,7022.2619098973873,0.013888888888888888,0.14583333333333334
Q3,2025-03-16,43404.78732086801,120.35593007277751,31.873688626972864,10006.109520921389,9654.1223923122143,7447.0035431082233,0,0.10416666666666667
Q3,2025-03-17,38950.91746841518,216.34931113745156,36.141756700360247,10151.731292740675,10006.109520921389,7350.1978549437026,0,0.0069444444444444441
Q3,2025-03-18,43072.658663242582,3.0288496302035726,1.0962013135796269,10043.776342408348,10151.731292740675,7864.6331734929136,0,0.083333333333333329
Q3,2025-03-19,40528.083817550178,0,0,10328.721326350669,10043.776342408348,7657.0818145484973,0,0.10416666666666667
Q3,2025-03-20,42648.517702999277,783.41117473083227,160.76190994140939,9909.019440070535,10328.721326350669,7002.0127388371538,0.027777777777777776,0
Q3,2025-03-21,15788.732436783497,88.761119138585741,34.611890657406889,10011.942106645458,9909.019440070535,7128.7960062687798,0,0.2013888888888889
Q3,2025-03-22,16230.078109860951,41.751016317451288,22.489101167493288,10387.091850395385,10011.942106645458,7355.4968263734318,0,0.2013888888888889
Q3,2025-03-23,41490.952591557507,363.93491267400418,61.189715130453465,9882.77258453586,10387.091850395385,7817.778169647635,0,0.090277777777777776
Q3,2025-03-24,39890.533323779426,15.314651847921491,7.0688446101645468,10054.00955229481,9882.77258453586,7554.7474034896022,0,0.090277777777777776
Q3,2025-03-25,42554.70968034651,25.342610298295174,9.4864555956089589,9785.3491436042277,10054.00955229481,7403.1093901048198,0,0
Q3,2025-03-26,38158.31072136719,93.392525793977981,42.771057994769421,10031.103528045092,9785.3491436042277,7429.0767636247228,0,0.097222222222222224
Q3,2025-03-27,40213.39325189573,23.11825093183587,5.5244550916940298,9749.6157270009971,10031.103528045092,7544.2160499398051,0,0.034722222222222224
Q3,2025-03-28,15800.042962842876,18.724848311814277,8.5677640410955291,10289.869333507737,9749.6157270009971,7502.7288380215987,0,0.22222222222222221
Q3,2025-03-29,15326.449228101827,113.37501797354416,28.168623274283291,9851.22080831122,10289.869333507737,7324.2638108726987,0,0.2013888888888889
Q3,2025-03-30,39342.653110541396,962.98983273677129,182.48087619115228,9889.5058642200329,9851.22080831122,7348.8559105900622,0,0.013888888888888888
Q3,2025-03-31,38270.811137818077,276.37783155282187,63.271705708993863,10134.875426848212,9889.5058642200329,7514.9846113354397,0,0
Q3,2025-04-01,41685.871406686434,113.17650873173878,17.32337154961192,9562.4049347204345,10134.875426848212,7829.9666482819412,0,0.041666666666666664
Q3,2025-04-02,40961.51940641219,63.014053660331555,14.79376773337987,9853.8511560933566,9562.4049347204345,7932.3430528070894,0,0.090277777777777776
Q3,2025-04-03,40648.283282249569,102.26746830749835,15.124967582267004,9620.6844587475789,9853.8511560933566,7729.3086035216047,0,0.125
Q3,2025-04-04,14729.644489294373,0,0,10177.276940190122,9620.6844587475789,7280.3693675215591,0,0.21527777777777779
Q3,2025-04-05,14532.803781669743,65.693428107288128,31.740051651487079,9770.180479952247,10177.276940190122,7099.2718029675088,0,0.19444444444444445
Q3,2025-04-06,38034.200432469617,100.8195588966627,15.609215626527202,9211.2168085839348,9770.180479952247,7514.4610952345283,0,0.1111111111111111
Q3,2025-04-07,35903.761733396299,29.11382507223821,5.6681769439441041,9755.389753026926,9211.2168085839348,7757.0167419367126,0,0.0625
Q3,2025-04-08,39232.533141587191,167.36766040628453,35.978549748045168,9083.360391154165,9755.389753026926,7554.6531209503237,0.0069444444444444441,0.069444444444444448
Q3,2025-04-09,39591.574162374498,0,0,9195.1492544263601,9083.360391154165,7406.0308441828156,0,0.0625
Q3,2025-04-10,38443.829264213353,468.28508894291161,111.69831217813513,9526.9609502828862,9195.1492544263601,7606.5434736460902,0.0069444444444444441,0.055555555555555552
Q3,2025-04-11,14308.355749637914,115.07218694463694,46.400714174255555,9808.7907240166169,9526.9609502828862,6889.0201925790425,0,0.20833333333333334
Q3,2025-04-12,14533.164784523677,19.596735560831519,10.555742289701868,10072.724642161902,9808.7907240166169,7312.3587497874705,0,0.21527777777777779
Q3,2025-04-13,36051.259537828002,119.23074732170744,19.099946541216127,9530.6049596246557,10072.724642161902,7633.3027752404578,0,0.048611111111111112
Q3,2025-04-14,38191.302817947413,1118.4420358502921,162.54168217987581,9369.1126525069903,9530.6049596246557,7133.2948155670028,0.013888888888888888,0
Q3,2025-04-15,34976.299691227505,681.03306336689798,145.66372160108398,9888.2264088082429,9369.1126525069903,7806.5349094170733,0.048611111111111112,0.097222222222222224
Q3,2025-04-16,36924.417699957368,25.265324454221943,4.9864677705495524,9549.7862596896703,9888.2264088082429,7610.7692904371552,0,0.090277777777777776
Q3,2025-04-17,35743.715292493507,0,0,9911.4673811633038,9549.7862596896703,7147.7504906445665,0,0.027777777777777776
Q3,2025-04-18,13925.904545586938,207.77723019720361,40.156794118323091,10257.632380769352,9911.4673811633038,7162.347377778332,0,0.21527777777777779
Q3,2025-04-19,13835.690899246894,73.824425571421472,36.822638853850947,10092.331625234328,10257.632380769352,7185.6483750050293,0,0.25
Q3,2025-04-20,34720.411175122383,138.78311719524345,32.200736588999355,10186.047990023317,10092.331625234328,7562.6238305297866,0,0.15277777777777779
Q3,2025-04-21,34790.962958167016,47.088662757266228,8.4523326536969705,9795.8041490854594,10186.047990023317,7661.0871750641427,0,0.090277777777777776
Q3,2025-04-22,34019.268127751013,118.34250097379694,33.560016346435958,9782.8845430019664,9795.8041490854594,7495.0666222360805,0,0.027777777777777776
Q3,2025-04-23,34431.625224378942,226.25554084327939,56.079015249065201,10106.36339329861,9782.8845430019664,7252.7675544291587,0,0.10416666666666667
Q3,2025-04-24,33556.214617607482,267.39243912045436,54.719423145950621,9810.0979792128001,10106.36339329861,7747.8009531326661,0.013888888888888888,0.18055555555555555
Q3,2025-04-25,13223.817124497084,108.78274365824259,16.129104256541268,9931.5675466478733,9810.0979792128001,7163.2495185214066,0,0.2361111111111111
Q3,2025-04-26,13265.733246627999,25.429663557773356,3.9483989686784184,9815.2949982172795,9931.5675466478733,7238.5531475034159,0,0.24305555555555555
Q3,2025-04-27,33948.370501697995,268.03456265280136,60.221280470758074,9813.8966222427807,9815.2949982172795,7325.8652680362102,0.013888888888888888,0.069444444444444448
Q3,2025-04-28,37911.175062955641,59.037745517744831,10.883536826941622,10027.975534492434,9813.8966222427807,7595.4690288606134,0,0.090277777777777776
Q3,2025-04-29,33692.901632078458,116.86478857057983,17.95469530635205,10121.256660808518,10027.975534492434,8234.4938611589405,0,0.1388888888888889
Q3,2025-04-30,31734.201451259014,11.122909277627659,2.3838211053638361,9844.3858669971287,10121.256660808518,7217.5752370161126,0,0.041666666666666664
Q3,2025-05-01,43792.909310078103,10224.998691230119,1703.2757314278992,8410.248836914765,9844.3858669971287,7257.9454711767739,0.055555555555555552,0.1111111111111111
Q3,2025-05-02,22076.1190642445,7571.7374875858986,1331.5839183502867,8677.4356123827147,8410.248836914765,6673.5374790321348,0.055555555555555552,0.2013888888888889
Q3,2025-05-03,21618.402323981765,7739.2153689871147,1406.1342383292381,8886.5495948029638,8677.4356123827147,6957.323229487255,0.055555555555555552,0.22222222222222221
Q3,2025-05-04,41233.020890291096,6771.1777947334112,1188.9485761705171,8654.9827018042524,8886.5495948029638,7590.0621386997909,0.055555555555555552,0.034722222222222224
Q3,2025-05-05,39121.395510630027,2276.9524111142418,414.04072115762256,8117.8169427192661,8654.9827018042524,7457.9092065971763,0.048611111111111112,0
Q3,2025-05-06,39733.911376638673,4308.697462140055,729.99646430471512,7947.8447668625804,8117.8169427192661,6341.5363030258968,0.041666666666666664,0
Q3,2025-05-07,37784.838785344517,206.33859973902807,42.205579181446979,8520.7668100263018,7947.8447668625804,6872.8242104831434,0,0
Q3,2025-05-08,38909.472815172951,292.53948357557044,74.62187546815025,9890.8504119792433,8520.7668100263018,7945.8590631702391,0,0
Q3,2025-05-09,15882.157118872066,0,0,9830.6814998204027,9890.8504119792433,7207.9816539319972,0,0.22916666666666666
Q3,2025-05-10,16201.604997140023,103.00907736989666,23.387108666561744,9754.373345234344,9830.6814998204027,7332.2229212401244,0,0.19444444444444445
Q3,2025-05-11,37664.164887914943,106.10343420888947,15.73884657848987,9367.071470608169,9754.373345234344,7848.5930085888995,0,0
Q3,2025-05-12,36392.371395472124,1.7980623631025465,0.3838732628314574,9987.0381697695611,9367.071470608169,7999.0261290748358,0,0.0625
Q3,2025-05-13,37837.139955499893,6.414162767652428,1.2642481063668924,10533.04883191559,9987.0381697695611,8155.0870152406178,0,0.055555555555555552
Q3,2025-05-14,36969.24484782503,0,0,10171.552933543802,10533.04883191559,8021.805403548603,0,0
Q3,2025-05-15,37529.597954870726,18.626148200104993,8.6152939002536186,10509.430923174497,10171.552933543802,8097.4565207087826,0,0.0625
Q3,2025-05-16,15335.132230270414,44.125524832016389,10.905962637670882,9814.8657344406856,10509.430923174497,7517.9569444182916,0,0.28472222222222221
Q3,2025-05-17,15668.276552879375,156.85197733633643,57.690979482465124,9395.0736946972302,9814.8657344406856,7254.4863925909058,0,0.2361111111111111
Q3,2025-05-18,38744.883095653742,17.51944163166657,8.036441115443381,10393.38884750603,9395.0736946972302,8147.1473619390808,0,0.083333333333333329
Q3,2025-05-19,35409.216892221957,125.07106273899332,18.544156385053498,9991.5000885815043,10393.38884750603,8381.8898416696065,0,0.1111111111111111
Q3,2025-05-20,36082.416614992835,0,0,9005.9374962790407,9991.5000885815043,7951.3717638075905,0,0.0069444444444444441
Q3,2025-05-21,36139.641583338416,0,0,9568.2989620715725,9005.9374962790407,7561.2839341981617,0,0.041666666666666664
Q3,2025-05-22,35574.503993070095,0,0,10211.882512031771,9568.2989620715725,8087.1246409436635,0,0.0625
Q3,2025-05-23,15692.380143174219,107.58409775864388,18.680455675055157,10020.266640706923,10211.882512031771,7357.227384856501,0,0.28472222222222221
Q3,2025-05-24,15454.430945345244,0,0,10222.744240161966,10020.266640706923,7291.540829120021,0,0.28472222222222221
Q3,2025-05-25,35171.325811539798,14.584286995982357,3.4551734176693571,9544.1289346854082,10222.744240161966,8330.5473668942941,0,0.11805555555555555
Q3,2025-05-26,37283.045328775777,0,0,10025.257850504824,9544.1289346854082,7669.8846978002366,0,0.0069444444444444441
Q3,2025-05-27,34476.02188017498,51.75644508801826,9.5634439870606798,10037.879792257494,10025.257850504824,7626.1625657397999,0,0.097222222222222224
Q3,2025-05-28,36025.235881428496,0,0,9940.0588669060126,10037.879792257494,7836.874949045141,0,0.041666666666666664
Q3,2025-05-29,37347.414250786554,304.2421866030225,80.519396074130981,9507.2559963139083,9940.0588669060126,7880.2501412800239,0,0.0625
Q3,2025-05-30,15243.455331465555,3.5367581119365372,0.71724966780298871,9657.9832221798915,9507.2559963139083,7260.8582206917181,0,0.21527777777777779
Q3,2025-05-31,16117.979909934427,255.25329438763231,119.01994861758169,9851.8968611931268,9657.9832221798915,7408.8251247862318,0,0.2638888888888889
Q3,2025-06-01,63896.805220270187,16561.290972838942,3052.7336534328056,7272.447665999437,9851.8968611931268,6797.3086226896294,0.0625,0
Q3,2025-06-02,58956.605032927488,10797.652926295545,1866.3212764071263,7026.101099310049,7272.447665999437,6260.8631879566947,0.055555555555555552,0
Q3,2025-06-03,53813.574676216769,7760.2283142022807,1268.1079427360437,7344.5459126270307,7026.101099310049,7523.0208545960968,0.055555555555555552,0
Q3,2025-06-04,51309.626644218755,67.379106946892875,22.150569562728975,8081.4471508228953,7344.5459126270307,7053.2582835990224,0,0.055555555555555552
Q3,2025-06-05,51011.743608680415,4168.2657671665092,648.69933466043301,7214.7687116955985,8081.4471508228953,7098.6570506100461,0.020833333333333332,0
Q3,2025-06-06,30590.50969567342,10854.127179765774,2126.5778601102984,7387.2885786784727,7214.7687116955985,6020.1215617889329,0.055555555555555552,0.097222222222222224
Q3,2025-06-07,22852.070011376029,1448.3895440040565,304.60029635572465,7035.687487924245,7387.2885786784727,7303.9691471269016,0.027777777777777776,0.1736111111111111
Q3,2025-06-08,47065.160877214497,0,0,9499.1749799924637,7035.687487924245,7755.7377305828022,0,0.0069444444444444441
Q3,2025-06-09,52580.236606282684,296.67247979424815,101.25610346515481,10179.914208516839,9499.1749799924637,8040.4212659698615,0,0.15972222222222221
Q3,2025-06-10,50631.609867508392,211.21162790918888,43.367357266995725,10581.829344220587,10179.914208516839,8033.5319158810016,0,0.069444444444444448
Q3,2025-06-11,53456.098417521047,0,0,10408.28040565196,10581.829344220587,7742.8501188585424,0,0.013888888888888888
Q3,2025-06-12,51249.431718784239,17.015614961634334,7.8124953910166823,10251.895394487809,10408.28040565196,8350.7260028937981,0,0.069444444444444448
Q3,2025-06-13,22990.09422045415,0,0,10293.283429311166,10251.895394487809,7507.8861010669789,0,0.1875
Q3,2025-06-14,22963.554205046599,6.6610879103603198,3.1361054191903577,10124.310413443069,10293.283429311166,7551.0234148190584,0,0.2638888888888889
Q3,2025-06-15,49299.786700973942,0,0,9934.3522799123966,10124.310413443069,7531.4916128857258,0,0.0069444444444444441
Q3,2025-06-16,50190.516406984476,19.31967116915801,4.6363501725841161,9492.08606137485,9934.3522799123966,7040.8330690058174,0,0
Q3,2025-06-17,53167.557029295189,450.8825950275392,107.44805312702161,9981.0255887887542,9492.08606137485,7858.1282608504571,0,0.090277777777777776
Q3,2025-06-18,51773.881725288651,30.449222827261117,7.088272177231957,10511.582979989314,9981.0255887887542,8284.8782372942878,0,0.125
Q3,2025-06-19,47928.821666072232,156.52562816022458,30.58371420273113,9959.2554155409507,10511.582979989314,8257.2305976976659,0,0.034722222222222224
Q3,2025-06-20,22403.639497968725,40.067670069628726,18.627461678116561,10181.528246223204,9959.2554155409507,7640.1179967515345,0,0.25694444444444442
Q3,2025-06-21,21866.927560129272,0,0,10754.810803093053,10181.528246223204,7568.8202107884608,0,0.29166666666666669
Q3,2025-06-22,45609.907806234463,373.14598666684833,82.152463116959126,9194.1238665193778,10754.810803093053,7769.6403914454377,0,0.020833333333333332
Q3,2025-06-23,47959.621777844979,12.757836116838174,5.8468543156911892,9741.4284176214132,9194.1238665193778,8223.5252621093041,0,0.048611111111111112
Q3,2025-06-24,54354.445784432239,4.385895534519431,2.0499628579198088,10431.398373064039,9741.4284176214132,8086.0751790481154,0,0.097222222222222224
Q3,2025-06-25,48754.948870937165,200.94417936889326,36.850207109644828,9354.0844573456834,10431.398373064039,8472.9695597254777,0,0.013888888888888888
Q3,2025-06-26,47951.332905078838,0,0,9971.1460475163494,9354.0844573456834,8304.8296273706856,0,0.0069444444444444441
Q3,2025-06-27,21907.579243469201,0,0,10234.496551914814,9971.1460475163494,7867.2988598264092,0,0.27083333333333331
Q3,2025-06-28,20949.565392571356,54.929856713237648,24.843897201826167,9966.8247321292911,10234.496551914814,7474.9333929683326,0,0.2013888888888889
Q3,2025-06-29,49213.200388390644,516.0969159153326,131.76780159634848,9908.4104446325728,9966.8247321292911,8092.5297336580015,0,0.0069444444444444441
Q3,2025-06-30,48254.312718490008,347.307061067836,113.31390432106127,9943.1716839737892,9908.4104446325728,7806.2181534926203,0,0
Q3,2025-07-01,76675.125214315834,22497.678053077208,4555.2738523943272,6684.4687314379426,9943.1716839737892,5308.4886588838963,0.090277777777777776,0
Q3,2025-07-02,68659.16341539874,19707.755933831286,3970.2520938945622,6720.0702662791764,6684.4687314379426,5228.7007096559137,0.1111111111111111,0
Q3,2025-07-03,56036.112202023083,1550.6715166547347,427.68325237808801,7223.5730260709333,6720.0702662791764,6821.5259683559279,0,0
Q3,2025-07-04,35992.67717462359,13004.055701503094,3386.4343181501517,6185.3729063107803,7223.5730260709333,5964.9352392016699,0.1388888888888889,0.18055555555555555
Q3,2025-07-05,31982.674395419228,6698.5476501242874,1816.5160576673811,6618.0955027973923,6185.3729063107803,6036.9980659870062,0.083333333333333329,0.1736111111111111
Q3,2025-07-06,63324.799789252189,9558.5979700444313,1570.4944149701741,6324.2676408218731,6618.0955027973923,6321.3440024582942,0.027777777777777776,0
Q3,2025-07-07,55920.424804685368,511.92527103330542,212.01655673936764,8438.1748164154451,6324.2676408218731,7939.4108428400486,0,0.22916666666666666
Q3,2025-07-08,59708.79390724306,0,0,10549.305915164037,8438.1748164154451,8363.4020222895742,0,0.27777777777777779
Q3,2025-07-09,58063.398009765835,0,0,10291.492395642847,10549.305915164037,8617.7239725532345,0,0.38194444444444442
Q3,2025-07-10,55103.325797799494,0,0,10085.661551150331,10291.492395642847,8244.4882461332054,0,0.3263888888888889
Q3,2025-07-11,31046.298347942251,0,0,10292.527784783153,10085.661551150331,8472.6792842696977,0,0.3263888888888889
Q3,2025-07-12,28721.658625290063,0,0,9580.3167156608051,10292.527784783153,8321.1595304762177,0,0.3125
Q3,2025-07-13,56226.536467897429,0,0,10449.239048544097,9580.3167156608051,8434.9134508027055,0,0.33333333333333331
Q3,2025-07-14,54463.737320829983,0,0,9868.8578887761923,10449.239048544097,8334.204495412132,0,0.36805555555555558
Q3,2025-07-15,56318.892282591318,0,0,10315.998005187872,9868.8578887761923,8422.0043467339765,0,0.29166666666666669
Q3,2025-07-16,55587.908313193984,0,0,9958.2590346047109,10315.998005187872,8392.7437220610864,0,0.3888888888888889
Q3,2025-07-17,53674.705048210912,280.70522773860051,62.191092689776326,9711.7375003978868,9958.2590346047109,8280.2045245017962,0,0.25
Q3,2025-07-18,29573.760562656556,0,0,9679.559230500412,9711.7375003978868,8520.8622233858569,0,0.27083333333333331
Q3,2025-07-19,28858.824588015461,0,0,9556.2471554405274,9679.559230500412,7844.8673941940542,0,0.27083333333333331
Q3,2025-07-20,54901.869723996089,0,0,9832.8932899029242,9556.2471554405274,8307.2766291563657,0,0.31944444444444442
Q3,2025-07-21,56986.396868352371,0,0,9829.6018390035115,9832.8932899029242,8413.3224430432856,0,0.36805555555555558
Q3,2025-07-22,55858.116293024061,0,0,9643.1897505073539,9829.6018390035115,8349.4584277003014,0,0.27777777777777779
Q3,2025-07-23,58915.171530818428,13.034347567750331,6.0610776878634409,9748.7579016521777,9643.1897505073539,8129.3325848332006,0,0.3125
Q3,2025-07-24,58880.840899156057,0,0,10190.105266670444,9748.7579016521777,8449.5232152354656,0,0.34722222222222221
Q3,2025-07-25,27454.202550802085,0,0,9511.9781492580987,10190.105266670444,8263.6352046977117,0,0.3263888888888889
Q3,2025-07-26,28015.105309574581,0,0,9528.6376112485832,9511.9781492580987,8570.4151343293943,0,0.3125
Q3,2025-07-27,54221.005873477145,271.04630955393321,90.880538946023691,9517.54738926762,9528.6376112485832,8217.5593066526017,0,0.1875
Q3,2025-07-28,57293.600659575139,0,0,9385.2671771272817,9517.54738926762,8077.1047749688478,0,0.27083333333333331
Q3,2025-07-29,56320.382815397948,0,0,9968.6602100680975,9385.2671771272817,8288.0549888354089,0,0.34027777777777779
Q3,2025-07-30,53137.562384094679,35.133280250220906,8.3234494788488291,10082.22944889913,9968.6602100680975,8062.9030822594696,0,0.21527777777777779
Q3,2025-07-31,52945.696656464897,21.709935635584838,5.8325602496299371,9776.5048155316617,10082.22944889913,8093.7836249865031,0,0.2638888888888889
Q3,2025-08-01,25221.763756823122,111.03077502797524,49.367485118950292,9911.7650506846003,9776.5048155316617,7263.1759864590185,0,0.2638888888888889
Q3,2025-08-02,24890.502387112945,9.8001127597913698,1.6031592932752119,9592.0270003204678,9911.7650506846003,7434.348571259181,0,0.25
Q3,2025-08-03,46141.645289183187,2403.3380717553114,424.00650651002985,9360.9466663847797,9592.0270003204678,7696.3767233613489,0.055555555555555552,0.083333333333333329
Q3,2025-08-04,47984.943371442379,610.22613155921738,144.56267611129167,9826.7077299396951,9360.9466663847797,7834.563624434868,0,0.097222222222222224
Q3,2025-08-05,46658.561076070037,400.61409083458585,74.141971612868417,9744.5420721906739,9826.7077299396951,7682.0638811110175,0,0.1388888888888889
Q3,2025-08-06,49264.768889738378,32.921550971102221,15.143307714398446,9790.088722170618,9744.5420721906739,7721.1786165620242,0,0.090277777777777776
Q3,2025-08-07,47785.300186119035,2.137016496874816,0.9784874069939633,9747.2394044127705,9790.088722170618,7698.9998264098122,0,0.14583333333333334
Q3,2025-08-08,24024.329375172558,146.96784459571273,31.497609214683393,9798.2755633206089,9747.2394044127705,7575.0506454291753,0,0.24305555555555555
Q3,2025-08-09,23858.354372523889,56.974954662102682,25.060685009700933,9862.5385511200675,9798.2755633206089,7337.6562004728994,0,0.27777777777777779
Q3,2025-08-10,45981.903260523075,32.092141811470988,4.6003643651764605,10213.248377190252,9862.5385511200675,7824.7417763172225,0,0.034722222222222224
Q3,2025-08-11,45247.81121258442,203.80596266691421,49.785389430295425,9810.6927426073489,10213.248377190252,7677.9799833785301,0,0.10416666666666667
Q3,2025-08-12,48255.171633848593,67.070194559447515,30.787328234770499,9872.0640955778672,9810.6927426073489,7806.0989282448345,0,0.11805555555555555
Q3,2025-08-13,45494.38347465844,204.05158305409969,62.140452384089926,10139.224824024845,9872.0640955778672,7532.5318644712988,0,0.048611111111111112
Q3,2025-08-14,46560.727963902355,98.118335998991554,24.534112618824828,9801.5818140595602,10139.224824024845,7462.7519128609028,0,0.10416666666666667
Q3,2025-08-15,24428.285210105194,170.31648990025758,70.211163177517676,9545.8785583260742,9801.5818140595602,7224.2224044305976,0,0.21527777777777779
Q3,2025-08-16,25801.893074632353,588.8137859523913,103.17793409667959,9662.8280502118432,9545.8785583260742,7168.8846703241934,0.0069444444444444441,0.25694444444444442
Q3,2025-08-17,46483.371748808451,857.70275996322016,184.82116598834364,9587.828987846251,9662.8280502118432,7651.9448847221611,0.020833333333333332,0.10416666666666667
Q3,2025-08-18,46070.171812935412,190.3132756969672,43.112600697235962,10159.435609676128,9587.828987846251,7700.8406242926621,0,0.0625
Q3,2025-08-19,45457.050437797086,269.26494246201707,39.922937378751953,9930.7729262106914,10159.435609676128,7527.2944491263188,0,0.15972222222222221
Q3,2025-08-20,49600.590460574917,88.21163308289286,20.068623156158083,9689.7881231688752,9930.7729262106914,7427.9013435246761,0,0.013888888888888888
Q3,2025-08-21,46572.808884605074,0,0,10075.349139158385,9689.7881231688752,7600.20488266349,0,0.0625
Q3,2025-08-22,25728.572740799722,1696.8974466863763,355.17045074642738,9451.5495545392714,10075.349139158385,7187.8663862475141,0.055555555555555552,0.20833333333333334
Q3,2025-08-23,24268.182078137885,89.048213665981308,33.588143954934992,9588.8302628261335,9451.5495545392714,7302.3013911915377,0,0.1875
Q3,2025-08-24,45389.309757548377,0,0,9835.6146334825207,9588.8302628261335,7187.6516284784511,0,0.1111111111111111
Q3,2025-08-25,53699.045340659839,95.748972650663902,22.655337004360263,10077.809874267907,9835.6146334825207,7772.3680442217847,0,0.10416666666666667
Q3,2025-08-26,46574.065521237208,0,0,10365.466615392908,10077.809874267907,7627.9909059846414,0,0.083333333333333329
Q3,2025-08-27,48999.307117343735,0,0,9890.7196297329592,10365.466615392908,8145.5060053448997,0,0.1388888888888889
Q3,2025-08-28,50411.018586426297,245.15192718733562,51.404197105859453,10091.723878404715,9890.7196297329592,7389.0993146449664,0,0.069444444444444448
Q3,2025-08-29,25672.948201449733,535.35866222229561,80.153909250213701,9993.1921112144082,10091.723878404715,7645.87371368811,0,0.2361111111111111
Q3,2025-08-30,24664.779795676761,19.560470714591187,9.0957780584009242,9467.8771458833689,9993.1921112144082,7415.8394923097449,0,0.2986111111111111
Q3,2025-08-31,46662.993492308073,54.656863759737718,25.048975141951292,10172.929659644098,9467.8771458833689,7059.254765510198,0,0
Q3,2025-09-01,47291.349535367248,0,0,10800,10172.929659644098,8609.7914920505918,0,0.45833333333333331
Q3,2025-09-02,42256.972633064557,0,0,9503.0685990357051,10800,8285.7793733392118,0,0.45833333333333331
Q3,2025-09-03,41945.946980943576,0,0,8805.5421284394215,9503.0685990357051,8304.606473977894,0,0.3125
Q3,2025-09-04,40611.40065953914,0,0,8656.3057509456594,8805.5421284394215,7943.0565825959593,0,0.2361111111111111
Q3,2025-09-05,21721.193504068142,0,0,9630.828935525933,8656.3057509456594,8566.0806455015336,0,0.34027777777777779
Q3,2025-09-06,21029.919042377795,0,0,9636.6176455197383,9630.828935525933,8400.2232503923897,0,0.33333333333333331
Q3,2025-09-07,40335.595641020642,238.1647742884486,40.771167386535751,8777.691583640988,9636.6176455197383,7891.3460145663948,0,0.2986111111111111
Q3,2025-09-08,39386.904514233189,473.93233817000828,130.75297301935109,5554.0152789223357,8777.691583640988,7243.8094126653577,0.0069444444444444441,0.041666666666666664
Q3,2025-09-09,38543.007509163945,469.90120441514915,96.937815221603159,5808.2047890638614,5554.0152789223357,7093.5239312791427,0.041666666666666664,0.0625
Q3,2025-09-10,42046.164687068391,0,0,6051.6402687843847,5808.2047890638614,7020.3146909239795,0,0
Q3,2025-09-11,40051.781604955184,93.384423420910622,17.047174775631731,6043.0177862917189,6051.6402687843847,7195.7088481446044,0,0.0625
Q3,2025-09-12,17945.880022154597,193.36205422685615,53.356465932657557,5340.3947487256983,6043.0177862917189,6486.7583514390726,0,0.24305555555555555
Q3,2025-09-13,17837.103272583015,0.85639153429820991,0.4612935816311392,5394.9726269169814,5340.3947487256983,6374.7207202766504,0,0.20833333333333334
Q3,2025-09-14,43479.439131728112,412.86463995647154,86.101460844811498,5548.16474764948,5394.9726269169814,7333.2065357327165,0.020833333333333332,0.069444444444444448
Q3,2025-09-15,41018.460639678269,2828.7425899138134,548.02429859342817,6194.6504359306036,5548.16474764948,6977.83589912753,0.041666666666666664,0.097222222222222224
Q3,2025-09-16,43065.349526095008,423.87106943816275,99.564025951697189,5467.7167511331409,6194.6504359306036,7365.5767715844249,0.013888888888888888,0.083333333333333329
Q3,2025-09-17,42015.922076519986,80.14966134444505,37.328445155103054,5727.0252492740074,5467.7167511331409,7229.9833896812106,0,0.013888888888888888
Q3,2025-09-18,43803.367703797892,2088.4302314275351,406.95093672162363,5814.6962254221544,5727.0252492740074,7164.7522102673265,0.041666666666666664,0.076388888888888895
Q3,2025-09-19,18513.656121996126,0,0,6019.974585650848,5814.6962254221544,6216.8532497408924,0,0.1736111111111111
Q3,2025-09-20,19087.221075506975,1317.4350818757325,336.4388303935861,5539.3455340753326,6019.974585650848,6126.9128368529091,0.041666666666666664,0.16666666666666666
Q3,2025-09-21,41601.988115022148,27.136823600476959,8.1078050793178846,6130.293241272715,5539.3455340753326,7190.9630552802382,0,0.027777777777777776
Q3,2025-09-22,43813.270242551735,124.1095434373248,23.369029508670906,5910.2086998982513,6130.293241272715,7135.0593583431455,0,0.041666666666666664
Q3,2025-09-23,44795.013878198341,371.03963053569026,77.722732348594036,6058.2134379078607,5910.2086998982513,7405.3852838731582,0.027777777777777776,0.041666666666666664
Q3,2025-09-24,42224.476564830082,24.235562125660469,10.662106940715148,6154.9006594260691,6058.2134379078607,6836.5873643045443,0,0
Q3,2025-09-25,43091.207214108479,91.322819863223202,18.832977712771822,6006.8979656700149,6154.9006594260691,7706.5678562607609,0,0.15972222222222221
Q3,2025-09-26,18437.214092498609,242.89856352693442,53.316227744615219,5812.4046359522044,6006.8979656700149,6328.2670547719708,0,0.16666666666666666
Q3,2025-09-27,19575.878339619274,1160.7551130095569,255.85775713944471,5057.0901591857682,5812.4046359522044,6247.7053982576072,0.027777777777777776,0.1875
Q3,2025-09-28,45586.648874783685,238.48327102795804,59.345813299478422,6319.1020017739256,5057.0901591857682,7720.9174457143445,0,0.041666666666666664
Q3,2025-09-29,45262.98991341651,439.03422478093165,91.893183830614774,6044.2254938866226,6319.1020017739256,6987.2317499339279,0,0.0069444444444444441
Q3,2025-09-30,46926.446264640108,610.00372044463234,117.15039351545909,6959.9526662850631,6044.2254938866226,7034.9472870073505,0,0.090277777777777776
Q3,2025-10-01,41115.907864794361,6.9974035592704933,3.1966210869211937,9248.1873705882208,6959.9526662850631,8056.1492762568878,0,0.22222222222222221
Q3,2025-10-02,42107.219123799907,63.261707548646498,29.521374325930651,9289.2642732006061,9248.1873705882208,7970.3908614806232,0,0.16666666666666666
Q3,2025-10-03,16458.980812603477,24.836306620796051,13.378026728142231,8890.9816904730542,9289.2642732006061,7515.2516222773947,0,0.25694444444444442
Q3,2025-10-04,18160.388452111561,41.08878435848213,9.0314945287354931,8721.6203130304839,8890.9816904730542,7783.5362549488973,0,0.25694444444444442
Q3,2025-10-05,42462.386639187418,105.49160862843613,35.100367013459255,9608.6417492929104,8721.6203130304839,7859.6493300297425,0,0.14583333333333334
Q3,2025-10-06,39476.348615539886,0,0,9438.2235166083483,9608.6417492929104,7344.0692508774391,0,0.0069444444444444441
Q3,2025-10-07,40719.022172615914,0,0,9683.6695326495574,9438.2235166083483,7874.3184690001199,0,0.083333333333333329
Q3,2025-10-08,37397.222341514462,116.13259357602226,25.227180064536583,8190.9943064898798,9683.6695326495574,7255.7896278019552,0.0069444444444444441,0.0069444444444444441
Q3,2025-10-09,42014.512075298495,632.344032303007,120.18914759258324,8211.483104988798,8190.9943064898798,7282.0856379278721,0.027777777777777776,0.034722222222222224
Q3,2025-10-10,16815.700895811919,67.639558541340762,16.969282122764866,8460.8993786554274,8211.483104988798,7057.5056811429131,0,0.1875
Q3,2025-10-11,16811.985143678015,13.383703318589586,1.9975676594909828,8464.1628128751436,8460.8993786554274,7163.7514168599264,0,0.2013888888888889
Q3,2025-10-12,42057.800895826986,1453.5699926293535,264.88250258406254,8078.472872956635,8464.1628128751436,7484.0822599698522,0.0069444444444444441,0.055555555555555552
Q3,2025-10-13,41786.733446682898,581.24925135003309,122.01708166400208,8306.9934723507104,8078.472872956635,7000.4602230332148,0,0.0069444444444444441
Q3,2025-10-14,42586.328184563063,0,0,8130.427575863645,8306.9934723507104,7184.1331082103998,0,0.076388888888888895
Q3,2025-10-15,43870.782591568961,21.393492474665734,5.214840042142356,8452.3731296508067,8130.427575863645,7639.8440023477597,0,0.041666666666666664
Q3,2025-10-16,43143.510113889031,26.685162742895965,6.264858021574355,8253.3158792721406,8452.3731296508067,7535.1211178333215,0,0.020833333333333332
Q3,2025-10-17,17314.857283825422,20.022139956391758,9.1929017246977764,8286.5124194873861,8253.3158792721406,7028.7026371508791,0,0.21527777777777779
Q3,2025-10-18,17329.485952630414,131.22172078813833,39.615674189039211,8691.0305149751348,8286.5124194873861,7030.6597980889783,0,0.18055555555555555
Q3,2025-10-19,45214.668102883516,1004.9775743239688,210.9287737519611,8104.0488645154728,8691.0305149751348,7443.5160070391885,0.027777777777777776,0.0069444444444444441
Q3,2025-10-20,46018.122840679323,54.611128955946974,10.29427501525862,7942.5549333905128,8104.0488645154728,7576.7808354542758,0,0.076388888888888895
Q3,2025-10-21,46112.421145959299,0,0,7552.7656321031191,7942.5549333905128,7576.5694030247732,0,0.097222222222222224
Q3,2025-10-22,45519.49606055826,63.97243557837011,23.805563847176892,7772.4597049362392,7552.7656321031191,7680.5114435465985,0,0.0625
Q3,2025-10-23,47284.240404555174,342.99849739193246,63.583700264716327,8094.0833806511837,7772.4597049362392,7597.4976625916997,0,0
Q3,2025-10-24,17856.332003915388,47.300610048150027,10.137293195060014,8271.8918844327163,8094.0833806511837,7022.3968605317968,0,0.15972222222222221
Q3,2025-10-25,17749.185955779092,219.45546062672764,49.860529512471672,7946.3420289845908,8271.8918844327163,7195.1518793608775,0,0.1736111111111111
Q3,2025-10-26,45018.447387824468,71.266915854206161,15.555886446342015,8583.7079748151918,7946.3420289845908,7370.0757826652489,0,0.041666666666666664
Q3,2025-10-27,44798.593826036908,165.24437605616225,24.544468009192769,8144.8237814903705,8583.7079748151918,7704.3117191884048,0,0.10416666666666667
Q3,2025-10-28,45790.45242388577,0,0,8417.6575121676178,8144.8237814903705,7868.9987046401766,0,0.055555555555555552
Q3,2025-10-29,47193.427883162673,25.946996017600803,11.812882320783428,8138.9497518840517,8417.6575121676178,7685.2813148662681,0,0.076388888888888895
Q3,2025-10-30,43710.791997399021,22.741595353087916,4.8738952749866939,8303.0447159667565,8138.9497518840517,7695.4194456582381,0,0.027777777777777776
Q3,2025-10-31,19032.696754868572,69.528062528495269,14.589100005150783,8838.751738663881,8303.0447159667565,7024.5488857063801,0,0.16666666666666666
Q3,2025-11-01,18120.301560268617,68.906957566609606,31.612371514222332,9125.7547186209795,8838.751738663881,7117.3505593522659,0,0.14583333333333334
Q3,2025-11-02,48316.266510752939,643.29875009893112,122.76754610516946,8535.0879633175336,9125.7547186209795,7462.739002754799,0.013888888888888888,0.090277777777777776
Q3,2025-11-03,48770.264226168889,131.27852726764044,22.07255540578663,9470.7316048230041,8535.0879633175336,7658.1892500657059,0,0.076388888888888895
Q3,2025-11-04,46478.647543998879,81.441824311483856,24.538063511511837,9391.5270881450742,9470.7316048230041,7844.9411132112982,0,0.083333333333333329
Q3,2025-11-05,49319.594516571582,317.03816644219967,83.278022507306559,10199.064049981829,9391.5270881450742,7393.1033857996354,0,0.048611111111111112
Q3,2025-11-06,48643.207986474539,17.870952379930475,8.197684577949758,9892.7319076406384,10199.064049981829,7788.7148079627204,0,0.076388888888888895
Q3,2025-11-07,18705.840157236489,41.429328003482105,11.109596672044312,10278.728445688828,9892.7319076406384,7231.8518468660441,0,0.125
Q3,2025-11-08,18641.626216553119,39.614681556587328,5.8836598182960529,10412.251924193959,10278.728445688828,7640.8815110753076,0,0.1388888888888889
Q3,2025-11-09,48003.987004470502,7.9002256342448867,2.0693522769352057,9949.5662013818837,10412.251924193959,7863.6121829330177,0,0
Q3,2025-11-10,51936.811950419753,573.47297272529454,120.24075784767754,9879.9591778906597,9949.5662013818837,7783.5807159917067,0.013888888888888888,0
Q3,2025-11-11,50009.575416747699,28.585467202599311,6.8599633315573101,10067.2138638287,9879.9591778906597,8208.5290597199892,0,0.020833333333333332
Q3,2025-11-12,49792.21815158079,154.27091460790507,24.846513365473356,10006.074660606921,10067.2138638287,7968.2143890927155,0,0.041666666666666664
Q3,2025-11-13,50248.74525364767,500.85163626783498,82.0501872033513,9935.6712207764049,10006.074660606921,7958.376250797538,0.0069444444444444441,0
Q3,2025-11-14,19394.689538412269,0,0,10486.143520975937,9935.6712207764049,7319.3397986920836,0,0.1111111111111111
Q3,2025-11-15,19755.76155941563,179.95606631657631,44.086379646291647,10199.325069619979,10486.143520975937,7790.6867512375356,0,0.13194444444444445
Q3,2025-11-16,50886.969806310575,133.74068120055546,19.601710798674731,9854.949758654544,10199.325069619979,7905.9601327858691,0,0.020833333333333332
Q3,2025-11-17,50624.42899040239,10.618643272855433,4.8553467182695158,10241.587988959442,9854.949758654544,8028.6653447506005,0,0.048611111111111112
Q3,2025-11-18,50815.996407199491,219.33971344293133,42.400290867357796,9910.8257796005018,10241.587988959442,7304.2749530957499,0,0
Q3,2025-11-19,53325.388447810314,264.15690912077116,53.236082280266146,9841.4448687000386,9910.8257796005018,8096.1699015158356,0,0.055555555555555552
Q3,2025-11-20,50487.219567795182,9.9669417141803081,3.0136903049302646,9791.5607118513726,9841.4448687000386,7761.4581949518579,0,0
Q3,2025-11-21,20230.459761265847,123.90981316846401,56.99695898465626,10427.320307051592,9791.5607118513726,7177.4522218089696,0,0.13194444444444445
Q3,2025-11-22,20493.248306914618,250.96788001714827,65.07184691396202,10044.880519070779,10427.320307051592,7763.1872786625299,0,0.10416666666666667
Q3,2025-11-23,52127.148476313079,276.46415350578866,53.163614952357648,10003.924345982519,10044.880519070779,8054.7444841214128,0,0.041666666666666664
Q3,2025-11-24,50075.303640652404,653.63537956412006,116.51095565364912,9565.2913486699126,10003.924345982519,7592.8838447983399,0.013888888888888888,0
Q3,2025-11-25,54679.13685961852,21.645250540203179,5.3032073094605039,9962.0486302054487,9565.2913486699126,8152.5677351759514,0,0.048611111111111112
Q3,2025-11-26,53196.672331645634,56.366673432542257,11.739661608752726,10237.612496506019,9962.0486302054487,8036.5151724562165,0,0.034722222222222224
Q3,2025-11-27,51781.101688119648,50.094756193803633,13.430226411254921,10063.432748274681,10237.612496506019,8010.1581568632937,0,0.0069444444444444441
Q3,2025-11-28,19946.138327859342,100.96093946508731,32.717884402418271,10269.898162045733,10063.432748274681,7205.7099382517699,0,0.069444444444444448
Q3,2025-11-29,22880.934816347362,95.652069141950093,42.766140503807321,10167.104559335356,10269.898162045733,7963.9132784589747,0,0.1111111111111111
Q3,2025-11-30,54400.167395327793,332.58147763862786,75.212085218791557,9801.7895564198152,10167.104559335356,7966.2076078797363,0,0
Q3,2025-12-01,73221.73306324138,15892.194835942155,3544.5419783251427,9555.0293010305959,9801.7895564198152,6856.2673672380879,0.076388888888888895,0
Q3,2025-12-02,69647.009605668325,9130.7311462801263,1908.1300699788731,9610.7654400109495,9555.0293010305959,7168.9412387060547,0.090277777777777776,0
Q3,2025-12-03,63154.968920397383,2196.7991135910188,541.80418015319742,9569.3309332415029,9610.7654400109495,7399.5313914816006,0.020833333333333332,0
Q3,2025-12-04,66055.852318621095,6756.8720609365355,1505.507577852215,9592.0698347147245,9569.3309332415029,7375.6379914927493,0.041666666666666664,0
Q3,2025-12-05,25584.046301977607,1065.4173688586,366.05059296949929,10001.033146808501,9592.0698347147245,7225.901791831252,0,0
Q3,2025-12-06,25974.351047983095,701.81532090773271,193.17542830082135,9722.7315549448031,10001.033146808501,7157.7036939054342,0,0
Q3,2025-12-07,61581.856402587269,639.16364378413482,191.20571598346424,9621.0027748388839,9722.7315549448031,7235.6970621883156,0.0069444444444444441,0.041666666666666664
Q3,2025-12-08,63063.542450388275,62.773036883993896,9.1111170688634502,10282.082388962484,9621.0027748388839,8392.2693163548247,0,0.090277777777777776
Q3,2025-12-09,61867.68286846549,74.954775438630463,13.771303358375008,10043.438006662211,10282.082388962484,8204.2260825000903,0,0.055555555555555552
Q3,2025-12-10,61237.867163909541,41.986462501762546,6.2096372848868668,9910.8681130381829,10043.438006662211,8063.1464720128961,0,0.097222222222222224
Q3,2025-12-11,61151.851379010055,98.939245563713996,20.129991178464934,9962.0108212645682,9910.8681130381829,8245.9071524472893,0,0.076388888888888895
Q3,2025-12-12,27647.415410438683,38.464989495823829,9.5631571795584573,10192.450669397655,9962.0108212645682,7944.166488593276,0,0.076388888888888895
Q3,2025-12-13,27088.048152256084,0,0,10206.095887515727,10192.450669397655,7978.5413005852188,0,0.18055555555555555
Q3,2025-12-14,62006.82305551321,127.72222432844583,18.903607537696416,9887.7681754470395,10206.095887515727,8130.4823562602869,0,0.090277777777777776
Q3,2025-12-15,62192.50215504237,26.35876229228208,12.22860695536167,10128.630614648733,9887.7681754470395,8080.6348258382704,0,0.069444444444444448
Q3,2025-12-16,62175.31418009448,27.237201109161862,5.5848269651756937,9942.4244527082701,10128.630614648733,8235.7880219549243,0,0.10416666666666667
Q3,2025-12-17,61751.081775415638,42.262734516098007,9.0198985201361666,10129.423553410736,9942.4244527082701,8202.8293591190049,0,0.048611111111111112
Q3,2025-12-18,60425.734986611118,25.388511701125836,11.778479100499112,9991.6412437238469,10129.423553410736,8116.0365617673706,0,0.020833333333333332
Q3,2025-12-19,26809.168959912837,0,0,10128.344868500273,9991.6412437238469,7907.1913968364788,0,0.083333333333333329
Q3,2025-12-20,26749.105571383428,0,0,10142.370634047416,10128.344868500273,7885.0742923352127,0,0.090277777777777776
Q3,2025-12-21,62048.550167890426,150.4611628710696,26.023778103517667,10107.583578545424,10142.370634047416,8101.2787845130697,0,0.083333333333333329
Q3,2025-12-22,61189.383569050973,59.915009067654267,14.834177250200696,9916.2772354396602,10107.583578545424,8173.2269749819116,0,0.090277777777777776
Q3,2025-12-23,61295.82206448527,48.01624893057091,7.1187915390023591,10194.843670730923,9916.2772354396602,8253.566868195081,0,0.055555555555555552
Q3,2025-12-24,61197.75224156995,80.681806707839883,21.833350706388387,10040.261357175577,10194.843670730923,8310.6998650314999,0,0.041666666666666664
Q3,2025-12-25,61107.574602787718,62.861303403406268,26.42038648710647,10056.97836529545,10040.261357175577,8190.7624682683927,0,0.10416666666666667
Q3,2025-12-26,26264.832615028125,71.315550960002469,21.411047196736597,10657.212333067941,10056.97836529545,7807.1472120511817,0,0.020833333333333332
Q3,2025-12-27,26149.032392021159,0,0,10213.20591627276,10657.212333067941,7865.5474395577621,0,0.1736111111111111
Q3,2025-12-28,60201.463402310925,101.91396641939002,15.110677799598193,10317.123336950497,10213.20591627276,8220.4928200339527,0,0.090277777777777776
Q3,2025-12-29,60862.589643473795,34.949594681384575,8.2660303407781157,9951.7910686463183,10317.123336950497,8343.2976751914211,0,0.125
Q3,2025-12-30,59883.736932361397,4.1089247862056899,1.8813758178597482,10124.496082796846,9951.7910686463183,8153.6825929278484,0,0.090277777777777776
Q3,2025-12-31,60891.454860291575,0,0,9765.6057130944282,10124.496082796846,8158.2467031358437,0,0.048611111111111112
Q4-2,2025-02-01,23817.709448095145,228.9226160321025,75.12372297269286,10199.999999999993,6000,7352.1344296220159,0.055555555555555552,0.27777777777777779
Q4-2,2025-02-02,67327.203167864471,521.55459836311024,96.405922738621598,7950.0000000000018,10199.999999999993,7997.8638912809292,0.055555555555555552,0.34027777777777779
Q4-2,2025-02-03,73198.149984913587,714.78322643641059,151.48651902806205,10799.999999999996,7950.0000000000018,8107.6041087414133,0.055555555555555552,0.3125
Q4-2,2025-02-04,72944.796989929368,290.20809811647769,94.618890419324089,10049.999999999996,10799.999999999996,8008.458530833178,0.069444444444444448,0.38194444444444442
Q4-2,2025-02-05,67481.209776347154,1433.9810251702397,366.20259383316363,7950.0000000000018,10049.999999999996,7909.2957799762044,0.076388888888888895,0.3888888888888889
Q4-2,2025-02-06,69643.915411072987,494.98206687193692,160.34472359762907,1200,7950.0000000000018,7464.8820632776105,0.11805555555555555,0.29166666666666669
Q4-2,2025-02-07,25018.533741335097,223.24786052925751,59.949837684484123,8700.0000000000036,1200,6910.4209008618236,0.055555555555555552,0.2361111111111111
Q4-2,2025-02-08,19603.060556209235,2135.1418504539247,715.38654055763038,10710.414877657222,8700.0000000000036,7211.8339065021091,0.0625,0.18055555555555555
Q4-2,2025-02-09,64162.107312613407,1162.835781446408,288.67731035714621,5700.0000000000018,10710.414877657222,7664.115236003553,0.097222222222222224,0.29166666666666669
Q4-2,2025-02-10,63029.477088201747,1359.1937092545968,387.21811016150525,7800,5700.0000000000018,7875.6705483163632,0.055555555555555552,0.34722222222222221
Q4-2,2025-02-11,63634.701369139664,2646.3257263385935,550.57536939612783,5700,7800,7861.0783953824557,0.0625,0.3611111111111111
Q4-2,2025-02-12,63408.765630998183,1352.1030663718514,302.32652448202384,6450.0000000000036,5700,7361.7175548638952,0.090277777777777776,0.11805555555555555
Q4-2,2025-02-13,56381.948984735463,1917.07709293172,495.49148979900849,1199.9999999999982,6450.0000000000036,7254.2588116328798,0.14583333333333334,0.25
Q4-2,2025-02-14,20906.729558492421,1122.7397385863378,416.62155186396592,7950.0000000000009,1199.9999999999982,6665.2199100568123,0.048611111111111112,0.1111111111111111
Q4-2,2025-02-15,22384.259720190006,3015.6120038194636,797.76837448799813,10800.000000000004,7950.0000000000009,7305.3316792664473,0.048611111111111112,0.27777777777777779
Q4-2,2025-02-16,60459.625309644463,2253.2953772944411,574.63043662233326,2549.9999999999964,10800.000000000004,7421.9309399281274,0.090277777777777776,0.3611111111111111
Q4-2,2025-02-17,63713.565122419983,1198.4159347086052,287.17538994154916,4199.9999999999991,2549.9999999999964,6858.1942644035071,0.11805555555555555,0.2013888888888889
Q4-2,2025-02-18,55284.436961346822,1789.4700699677851,525.82180594386557,3449.9999999999982,4199.9999999999991,6729.4074673926189,0.10416666666666667,0.125
Q4-2,2025-02-19,56444.105926746401,2446.6318575086543,714.70666862155554,2699.9999999999982,3449.9999999999982,6778.1939497890598,0.14583333333333334,0.20833333333333334
Q4-2,2025-02-20,58794.976341984286,2081.1780208117975,465.55527266784765,1199.9999999999959,2699.9999999999982,6510.8776506951235,0.19444444444444445,0.11805555555555555
Q4-2,2025-02-21,19932.407316850833,1029.3612564568202,355.866918923593,8700.0000000000018,1199.9999999999959,6291.3684290336405,0.0625,0.090277777777777776
Q4-2,2025-02-22,18349.513212515336,922.28498492755307,323.4965888876232,10800.000000000002,8700.0000000000018,6854.9449341460568,0.069444444444444448,0.13194444444444445
Q4-2,2025-02-23,55295.755165906026,3884.5399198495902,839.26607578859284,2700,10800.000000000002,7174.6732933268586,0.083333333333333329,0.34722222222222221
Q4-2,2025-02-24,55414.164033912028,2449.3376950509237,615.10598818176663,2185.0305946777903,2700,6654.3514210885505,0.083333333333333329,0.13194444444444445
Q4-2,2025-02-25,57391.270832759197,1325.5766672712844,357.80396883648586,6300.0000000000018,2185.0305946777903,6758.1198676378444,0.10416666666666667,0.13194444444444445
Q4-2,2025-02-26,53130.929868771345,3852.2634283519751,932.06336542349447,4949.9999999999973,6300.0000000000018,6902.5012561962103,0.097222222222222224,0.13194444444444445
Q4-2,2025-02-27,49454.825934759981,1639.3230965508396,325.49194510184975,1199.9999999999927,4949.9999999999973,6588.7360188341754,0.18055555555555555,0.13194444444444445
Q4-2,2025-02-28,17046.562318519813,825.80357074737253,276.42967756984592,4950.0000000000018,1199.9999999999927,5649.646800615461,0.11805555555555555,0.097222222222222224
Q4-2,2025-03-01,19846.139574845125,355.92509770011009,80.765691333021948,10800.000000000002,4950.0000000000018,7066.5255780674825,0.048611111111111112,0.125
Q4-2,2025-03-02,55022.208624117629,1405.5193253943721,301.32376694955769,1950,10800.000000000002,7122.8859920510859,0.083333333333333329,0.35416666666666669
Q4-2,2025-03-03,61556.889892380568,2067.6981161426856,461.15662169521613,2700,1950,6469.9697483259451,0.055555555555555552,0.13194444444444445
Q4-2,2025-03-04,54811.958036759934,1824.9120668754999,598.07414345654479,7049.9999999999982,2700,6939.7513993939965,0.0625,0.16666666666666666
Q4-2,2025-03-05,52180.482814179792,555.83359864393833,133.63204307557419,6299.9999999999982,7049.9999999999982,7253.5986241056962,0.0625,0.16666666666666666
Q4-2,2025-03-06,49314.838690839519,2529.8579220184447,661.60371411573101,1199.9999999999945,6299.9999999999982,6729.0761181739372,0.14583333333333334,0.16666666666666666
Q4-2,2025-03-07,17832.930766273694,56.694630840164137,26.64209842312971,6232.091733872915,1199.9999999999945,5769.0358104353099,0.0625,0.14583333333333334
Q4-2,2025-03-08,16186.282250160286,936.19885442636928,353.47308593447224,10800,6232.091733872915,6168.4620243437494,0.1111111111111111,0.10416666666666667
Q4-2,2025-03-09,50734.219572883987,6036.5257198043546,1271.7472697175442,2550.0000000000073,10800,7057.1233561387671,0.0625,0.2986111111111111
Q4-2,2025-03-10,59926.397115281521,9577.3574501500989,2047.7070152776346,6450.0000000000036,2550.0000000000073,6629.5566992905842,0.0625,0.2013888888888889
Q4-2,2025-03-11,57271.484614137611,17292.016168736609,4256.4152441585111,1950.0000000000027,6450.0000000000036,6740.1240456782252,0.069444444444444448,0.13194444444444445
Q4-2,2025-03-12,51914.319824537524,2066.8609617949128,587.22478490697506,5550,1950.0000000000027,6528.4592992173857,0.0625,0.1388888888888889
Q4-2,2025-03-13,52439.871354986812,4887.0759775978613,1055.3348397780878,1199.9999999999991,5550,6939.8112685120323,0.1111111111111111,0.14583333333333334
Q4-2,2025-03-14,16399.673037899051,726.21640841869657,235.71351440416919,8556.0200846525986,1199.9999999999991,5047.0778828319153,0.18055555555555555,0.090277777777777776
Q4-2,2025-03-15,15471.020835473128,1411.768288805534,525.33117115570258,10800.000000000005,8556.0200846525986,6289.2023008305532,0.069444444444444448,0.090277777777777776
Q4-2,2025-03-16,47345.243608143079,2346.2612967613099,609.13342774711418,6300,10800.000000000005,7343.2398030279064,0.055555555555555552,0.40277777777777779
Q4-2,2025-03-17,44146.820685868777,3109.2397404704843,692.18765823548222,3300.0000000000009,6300,6772.110650425775,0.0625,0.14583333333333334
Q4-2,2025-03-18,51147.125816245985,906.58677540952851,300.63905929853649,3622.924612491302,3300.0000000000009,6338.0145618888391,0.090277777777777776,0.13194444444444445
Q4-2,2025-03-19,48555.819629321704,7671.6592005603407,2027.0861754313958,6300,3622.924612491302,6585.121798978329,0.0625,0.14583333333333334
Q4-2,2025-03-20,51695.579946297323,8092.4050011722557,1903.5791054325246,1200.0000000000018,6300,6472.8315695143465,0.14583333333333334,0.15277777777777779
Q4-2,2025-03-21,16664.802385674371,853.93650361640289,327.31860708600027,10800.000000000005,1200.0000000000018,5319.0889876108886,0.1875,0.125
Q4-2,2025-03-22,13545.231461693751,240.30096354064827,138.46980865347041,10199.999999999998,10800.000000000005,6520.7738686804987,0.125,0.1111111111111111
Q4-2,2025-03-23,45846.376963769952,1852.6506665438264,429.52633233701545,4200.0000000000036,10199.999999999998,7253.1084526334353,0.0625,0.16666666666666666
Q4-2,2025-03-24,45871.104777122338,852.10447640046198,330.42336859749639,6449.9999999999991,4200.0000000000036,6774.5952716022848,0.0625,0.14583333333333334
Q4-2,2025-03-25,49388.715965771815,1368.4161084357656,430.16679269319832,5699.9999999999991,6449.9999999999991,6711.4326415497671,0.076388888888888895,0.19444444444444445
Q4-2,2025-03-26,44201.844454466947,3604.5955432731148,837.10323987946072,4799.9999999999982,5699.9999999999991,6689.1775291263684,0.0625,0.15972222222222221
Q4-2,2025-03-27,43399.586735356424,1107.1428381518162,356.73630270587847,1200.0000000000005,4799.9999999999982,6276.6710553863813,0.14583333333333334,0.16666666666666666
Q4-2,2025-03-28,15809.704751730827,538.70320147929499,188.42481442950245,7882.1237694610172,1200.0000000000005,4994.0454118912667,0.13194444444444445,0.090277777777777776
Q4-2,2025-03-29,14534.483773548814,1411.6433207447315,454.76344435545508,10800,7882.1237694610172,5499.5471462660935,0.1111111111111111,0.090277777777777776
Q4-2,2025-03-30,40093.090301204822,1882.3701202666284,539.32918181384764,1950,10800,7080.3428331317491,0.090277777777777776,0.22916666666666666
Q4-2,2025-03-31,47586.305362644416,8541.8390953043709,2409.6696311350038,5700,1950,6477.5442700714684,0.055555555555555552,0.14583333333333334
Q4-2,2025-04-01,46790.660571690525,1849.0299851117284,531.59650326772487,3450.0000000000009,5700,6739.270718686168,0.0625,0.16666666666666666
Q4-2,2025-04-02,47453.866725352804,1922.1021280162204,468.95740791901306,7950,3450.0000000000009,6959.3076402118568,0.090277777777777776,0.13194444444444445
Q4-2,2025-04-03,43459.637069078395,1244.1075942060388,332.60922995587583,1200.0000000000036,7950,6771.2305741999317,0.1111111111111111,0.13194444444444445
Q4-2,2025-04-04,14010.844214296923,435.96645940345695,152.59229727801372,6647.9521745991624,1200.0000000000036,4653.3902358574369,0.11805555555555555,0.083333333333333329
Q4-2,2025-04-05,17550.478785987536,4157.0732196837216,1426.9639084710107,10800.000000000007,6647.9521745991624,5217.9363000574976,0.15972222222222221,0.090277777777777776
Q4-2,2025-04-06,39434.029143863518,1052.2826084586673,205.2969996752376,5700,10800.000000000007,7404.9108710809342,0.055555555555555552,0.39583333333333331
Q4-2,2025-04-07,42415.931452739926,5773.1647087124029,1471.1756647590812,7200.0000000000109,5700,6874.4942811672972,0.0625,0.15277777777777779
Q4-2,2025-04-08,42087.685771644043,1485.5747194960027,323.82979942608335,4800,7200.0000000000109,7183.2799842064996,0.069444444444444448,0.29166666666666669
Q4-2,2025-04-09,46422.096605382474,4934.0063548296575,1333.6251628702796,5550,4800,6616.5396743396232,0.0625,0.15972222222222221
Q4-2,2025-04-10,39803.521445622129,1342.4950861965431,288.49412863885527,1200.0000000000036,5550,6760.3582082207522,0.16666666666666666,0.14583333333333334
Q4-2,2025-04-11,15126.545170902253,1582.7978342137567,570.65576286699786,7607.2800273436969,1200.0000000000036,4079.9789837911394,0.28472222222222221,0.0625
Q4-2,2025-04-12,13341.327286956537,246.8186303999284,136.5350626017426,10800.000000000002,7607.2800273436969,5725.1828607526895,0.125,0.1111111111111111
Q4-2,2025-04-13,36681.89323074968,1575.3637286916933,390.54211944534097,4199.9999999999964,10800.000000000002,7179.2592507763684,0.069444444444444448,0.375
Q4-2,2025-04-14,42654.852020437087,1232.8803988294594,274.56702310584967,6450.0000000000009,4199.9999999999964,6863.3104336198048,0.0625,0.15972222222222221
Q4-2,2025-04-15,39419.671461848913,4208.7196916890407,1009.7733494912775,7950.0000000000055,6450.0000000000009,7063.2496782918024,0.0625,0.14583333333333334
Q4-2,2025-04-16,39071.002902106746,1874.7214384395979,488.73430817224255,4200.0000000000036,7950.0000000000055,6801.2414830641665,0.0625,0.14583333333333334
Q4-2,2025-04-17,36802.046879518835,1755.7315026153206,581.20755014567908,1200,4200.0000000000036,6428.1903821304932,0.14583333333333334,0.1388888888888889
Q4-2,2025-04-18,13871.173716000678,1006.1502293103863,365.72696745474616,6109.7569356059994,1200,4402.2072814850953,0.1736111111111111,0.083333333333333329
Q4-2,2025-04-19,13660.890348464041,1098.2297819519297,412.04792360931185,10799.999999999998,6109.7569356059994,5076.4822424128934,0.14583333333333334,0.076388888888888895
Q4-2,2025-04-20,34289.755792025353,1848.0441932396236,531.68247567203093,2699.9999999999982,10799.999999999998,7179.6260446256892,0.069444444444444448,0.375
Q4-2,2025-04-21,40661.668124244803,1316.8940315196685,401.42057175726518,5550.0000000000055,2699.9999999999982,7098.3080273905325,0.055555555555555552,0.16666666666666666
Q4-2,2025-04-22,43175.496107185812,6980.5841815029726,2187.1323416980081,8550.0000000000055,5550.0000000000055,6922.2085376541763,0.0625,0.16666666666666666
Q4-2,2025-04-23,39283.710146723926,8128.0124523831491,2340.1192566361919,3299.9999999999973,8550.0000000000055,7182.7031793686183,0.0625,0.1388888888888889
Q4-2,2025-04-24,35931.014499601362,2012.486920299064,493.66000877345425,1200.0000000000014,3299.9999999999973,6094.7566842247643,0.15277777777777779,0.15972222222222221
Q4-2,2025-04-25,12659.637757680663,737.82654493091388,210.93623757388065,5168.5413362736817,1200.0000000000014,3934.244538495635,0.25,0.069444444444444448
Q4-2,2025-04-26,13903.977253912861,887.82658706007726,238.52608670529369,10800.000000000004,5168.5413362736817,5060.7244335580262,0.097222222222222224,0.069444444444444448
Q4-2,2025-04-27,35060.542761491655,5589.9462126194476,1149.5940997895916,2700.0000000000073,10800.000000000004,7312.9625345000886,0.0625,0.25694444444444442
Q4-2,2025-04-28,44758.796236760063,1700.8881466285316,381.0204533724949,7199.9999999999982,2700.0000000000073,7104.3950752691781,0.0625,0.14583333333333334
Q4-2,2025-04-29,36773.245567465419,2353.3425987013034,543.70883865722635,7950.0000000000055,7199.9999999999982,7418.5399823136358,0.0625,0.15972222222222221
Q4-2,2025-04-30,37871.228060480957,5270.6929047164731,1510.8809796207227,7800.0000000000009,7950.0000000000055,7380.0720726265054,0.055555555555555552,0.14583333333333334
Q4-2,2025-05-01,44718.969296241063,12484.145373421963,2566.4675079879994,1200.0000000000045,7800.0000000000009,6772.9751765202745,0.14583333333333334,0.15277777777777779
Q4-2,2025-05-02,19895.637686747825,5627.851818500073,1416.3286338034609,6450.0000000000082,1200.0000000000045,4744.8083633834322,0.1736111111111111,0.097222222222222224
Q4-2,2025-05-03,18937.480002448949,5031.6097148313247,1130.1728651478811,10800,6450.0000000000082,5911.4352130865136,0.0625,0.090277777777777776
Q4-2,2025-05-04,40824.011033805655,4380.1442621996803,995.9041995706873,6299.9999999999982,10800,7662.7173574202716,0.055555555555555552,0.34722222222222221
Q4-2,2025-05-05,45124.609507706336,4438.7801194332415,1181.4537350604232,6299.9999999999973,6299.9999999999982,6590.4660026897081,0.076388888888888895,0.14583333333333334
Q4-2,2025-05-06,46834.03857665525,10994.379900477388,2599.6760094809224,6449.9999999999982,6299.9999999999973,6595.2145968304076,0.055555555555555552,0.14583333333333334
Q4-2,2025-05-07,44962.574956857854,6423.8454659626241,1916.6230621286145,7050.0000000000018,6449.9999999999982,6763.9855931163484,0.0625,0.15972222222222221
Q4-2,2025-05-08,42352.260019045556,2435.4524126869751,518.80503571086615,1200.0000000000045,7050.0000000000018,6725.557365326722,0.14583333333333334,0.16666666666666666
Q4-2,2025-05-09,15545.225259297742,908.88748114105897,275.51037600807138,4200.0000000000036,1200.0000000000045,4589.0524333746944,0.16666666666666666,0.090277777777777776
Q4-2,2025-05-10,17936.50257673319,1322.1471461931417,470.41470831362437,10800,4200.0000000000036,5099.7831693260387,0.15277777777777779,0.090277777777777776
Q4-2,2025-05-11,37769.143504638931,1562.0156318467839,401.90162274091989,1199.9999999999982,10800,7104.4507291673899,0.14583333333333334,0.1736111111111111
Q4-2,2025-05-12,44877.247129616866,5307.5946224752815,1456.6398822377641,5700,1199.9999999999982,6726.0339383615874,0.090277777777777776,0.15277777777777779
Q4-2,2025-05-13,43547.574908379873,1328.0437583496941,347.55918591339082,6449.9999999999982,5700,6878.4441681731341,0.069444444444444448,0.1736111111111111
Q4-2,2025-05-14,42376.932807136676,1998.8313600675747,595.63887267534199,4949.9999999999973,6449.9999999999982,7052.8218917098811,0.090277777777777776,0.18055555555555555
Q4-2,2025-05-15,41573.154451611044,2296.8893393607686,807.32365958964249,1199.9999999999945,4949.9999999999973,6868.3429428930394,0.14583333333333334,0.14583333333333334
Q4-2,2025-05-16,14829.284980751752,561.41783023546259,232.76576894024413,3450.0000000000036,1199.9999999999945,4537.5392258206884,0.22222222222222221,0.090277777777777776
Q4-2,2025-05-17,16663.134803974855,541.75683694154793,243.39912997640215,10049.999999999996,3450.0000000000036,4991.3758468012729,0.18055555555555555,0.097222222222222224
Q4-2,2025-05-18,39331.979339140933,404.63699918514135,188.43410436887871,1800,10049.999999999996,7167.4949336910104,0.083333333333333329,0.18055555555555555
Q4-2,2025-05-19,40869.374462710897,1018.1968628920976,197.69054260915033,4949.9999999999964,1800,6448.30372714841,0.0625,0.15972222222222221
Q4-2,2025-05-20,44061.400696025448,6218.7803148189123,1576.4666708477416,3450.0000000000027,4949.9999999999964,6780.9407374444672,0.0625,0.16666666666666666
Q4-2,2025-05-21,41108.201935007906,4117.0580320889458,1158.5615147088497,3450,3450.0000000000027,6432.2344359774197,0.0625,0.15972222222222221
Q4-2,2025-05-22,40218.440185663043,3224.7172206636778,1282.8886726741598,1200,3450,6431.693288519793,0.14583333333333334,0.18055555555555555
Q4-2,2025-05-23,14557.063985512646,663.92044399650536,234.79643395595249,4200.0000000000027,1200,4066.1004961072435,0.31944444444444442,0.083333333333333329
Q4-2,2025-05-24,16039.776798900662,160.53073450489828,70.954018062689045,10200.000000000004,4200.0000000000027,4704.154854899044,0.1736111111111111,0.090277777777777776
Q4-2,2025-05-25,35709.848619316232,1286.658271244926,319.25694396125243,1949.9999999999982,10200.000000000004,7489.4670691646588,0.0625,0.1736111111111111
Q4-2,2025-05-26,45531.010532794178,6461.440575589213,2037.6690471262079,4199.9999999999982,1949.9999999999982,6166.8420560796276,0.0625,0.16666666666666666
Q4-2,2025-05-27,40248.99872852832,3168.6322801357146,780.90798350841862,5700.0000000000036,4199.9999999999982,6888.1175330154974,0.0625,0.15972222222222221
Q4-2,2025-05-28,40092.305345938148,1259.5897456928296,342.97267984466038,1950.0000000000009,5700.0000000000036,6563.519058014087,0.069444444444444448,0.14583333333333334
Q4-2,2025-05-29,43432.125633981937,3665.9049960086936,912.13831241796902,1200.0000000000007,1950.0000000000009,6089.4748999940748,0.15972222222222221,0.16666666666666666
Q4-2,2025-05-30,15232.854760775859,651.17444570044927,244.26269391057491,4200.0000000000009,1200.0000000000007,4351.6069146565069,0.24305555555555555,0.090277777777777776
Q4-2,2025-05-31,17379.463184439042,976.24828132049413,345.45884131749312,10730.900651676875,4200.0000000000009,5295.4634422722838,0.1388888888888889,0.13194444444444445
Q4-2,2025-06-01,63797.323066754878,12037.592694432944,3160.8880284979141,4200.0000000000036,10730.900651676875,7556.3932939585247,0.055555555555555552,0.15277777777777779
Q4-2,2025-06-02,71664.595013388578,15812.260852170908,3851.5156260807462,6449.9999999999964,4200.0000000000036,7076.2607192745154,0.0625,0.16666666666666666
Q4-2,2025-06-03,61768.008495381036,11570.756220184943,2415.6929351182916,4800.0000000000027,6449.9999999999964,7389.0673764509456,0.055555555555555552,0.1736111111111111
Q4-2,2025-06-04,65563.31318314161,4547.0036066479679,1376.4229435485126,3450.0000000000036,4800.0000000000027,6991.4726603815461,0.0625,0.16666666666666666
Q4-2,2025-06-05,60033.083906859887,6432.3174851691811,1375.745509196898,1200,3450.0000000000036,6504.6465150031536,0.14583333333333334,0.16666666666666666
Q4-2,2025-06-06,27032.273119202659,7772.0945202089915,1852.0936356199054,3421.6667694917296,1200,4753.5637877087638,0.125,0.13194444444444445
Q4-2,2025-06-07,30489.638912765837,7357.1196998336936,1811.6987551141542,10200,3421.6667694917296,5539.7347705949087,0.055555555555555552,0.13194444444444445
Q4-2,2025-06-08,52948.706487755437,3504.1572411771213,830.52821894913825,1199.9999999997945,10200,7615.5724892914332,0.14583333333333334,0.18055555555555555
Q4-2,2025-06-09,63688.326754016096,750.38445340216708,245.62368932920003,1200.0000000000016,1199.9999999997945,6176.3939589958281,0.19444444444444445,0.18055555555555555
Q4-2,2025-06-10,60363.007275590273,1767.3771318676152,434.51292178707934,2700.0000000000014,1200.0000000000016,6300.2571759310003,0.097222222222222224,0.16666666666666666
Q4-2,2025-06-11,66210.428514267056,4122.7962223468894,868.36116204820689,1199.9999999999959,2700.0000000000014,6394.4453141308868,0.14583333333333334,0.1875
Q4-2,2025-06-12,62577.091227097866,1472.7905888943164,333.67181116369136,1200.000000000003,1199.9999999999959,5960.5211709110245,0.20833333333333334,0.20833333333333334
Q4-2,2025-06-13,22735.816095893882,383.01252496534448,151.84542273076346,2700.0000000000091,1200.000000000003,4593.3362423245462,0.1736111111111111,0.15972222222222221
Q4-2,2025-06-14,26007.695484783777,292.40104269839077,121.1542507982515,9450.0000000000055,2700.0000000000091,6007.6310592991986,0.055555555555555552,0.15277777777777779
Q4-2,2025-06-15,62881.782891876908,12240.501454319863,2906.8724719925704,1200.0000000000018,9450.0000000000055,7205.2116696357216,0.14583333333333334,0.1875
Q4-2,2025-06-16,63119.598164210038,3834.0621625829767,941.4963173617773,1800.0000000000016,1200.0000000000018,5891.0096811390367,0.24305555555555555,0.20833333333333334
Q4-2,2025-06-17,65123.761856907848,5499.2175910717724,1130.810836415015,1200.0000000000023,1800.0000000000016,5905.0771331870264,0.14583333333333334,0.20833333333333334
Q4-2,2025-06-18,62131.644134007984,1922.8362902469726,470.9204910368536,1950.000000000002,1200.0000000000023,5924.2541499919444,0.15972222222222221,0.19444444444444445
Q4-2,2025-06-19,59309.128994819082,4586.7355711568271,1057.5806709932708,1200.0000000000011,1950.000000000002,6254.0723617485719,0.14583333333333334,0.1875
Q4-2,2025-06-20,20946.92643659062,208.49617528271941,108.25521226221872,1200.0000000000034,1200.0000000000011,4521.4066051949603,0.2986111111111111,0.1388888888888889
Q4-2,2025-06-21,22570.06869706705,213.86858765601275,93.64770581088797,6450.0000000000064,1200.0000000000034,4427.4023201061891,0.30555555555555558,0.1111111111111111
Q4-2,2025-06-22,56636.549107300132,7021.5408411623566,1509.4032930115745,1199.9999999999991,6450.0000000000064,6794.2778033271834,0.14583333333333334,0.18055555555555555
Q4-2,2025-06-23,58266.065549140068,3652.9373326590953,1061.0442094586799,1199.9999999999989,1199.9999999999991,6127.2443924596464,0.24305555555555555,0.19444444444444445
Q4-2,2025-06-24,67071.472710420596,973.56783129836276,282.97646018204819,1200.0000000000023,1199.9999999999989,6310.0436646823746,0.15277777777777779,0.18055555555555555
Q4-2,2025-06-25,62941.770183457498,6694.4546174388597,1325.5730060731619,1200.000000000002,1200.0000000000023,6346.0696799475945,0.1736111111111111,0.1736111111111111
Q4-2,2025-06-26,61569.213111644931,7705.154178107744,1911.6723531529253,1200.0000000000005,1200.000000000002,5834.2702794120514,0.22916666666666666,0.15972222222222221
Q4-2,2025-06-27,20676.619911759597,317.12236203038248,173.54012390163626,1200.000000000002,1200.0000000000005,4560.7210406047207,0.38194444444444442,0.15972222222222221
Q4-2,2025-06-28,23309.390322377443,649.54961976488767,267.39953095990222,8700.0000000000055,1200.000000000002,4711.9044090151165,0.34027777777777779,0.14583333333333334
Q4-2,2025-06-29,61618.467824923559,13206.625665619567,3126.0292319721138,1199.9999999999982,8700.0000000000055,6803.8523412712075,0.14583333333333334,0.16666666666666666
Q4-2,2025-06-30,57776.014715419675,1069.2066264092821,290.67204177044221,1199.9999999999998,1199.9999999999982,6421.7094252787838,0.1736111111111111,0.19444444444444445
Q4-2,2025-07-01,96156.655283288783,41468.147647941965,10086.549585032179,1799.9999999999995,1199.9999999999998,5892.7547226232637,0.19444444444444445,0.1736111111111111
Q4-2,2025-07-02,75138.326573213824,20554.572072454219,5092.2078826319794,1199.9999999999984,1799.9999999999995,5990.2036053255597,0.14583333333333334,0.1736111111111111
Q4-2,2025-07-03,71987.523944016444,3759.5670443573149,889.01145009959646,1200.0000000000018,1199.9999999999984,5972.9737769609828,0.24305555555555555,0.18055555555555555
Q4-2,2025-07-04,37803.844415601678,15582.673311411414,4577.995319347574,1883.8442929213529,1200.0000000000018,4416.2257944582889,0.3263888888888889,0.15277777777777779
Q4-2,2025-07-05,34392.648058865117,8966.4802440894273,2836.1314387762222,7200.0000000000036,1883.8442929213529,4605.1623746776395,0.30555555555555558,0.16666666666666666
Q4-2,2025-07-06,85077.559564267343,26743.245476562661,6267.9184804991764,2700,7200.0000000000036,6784.1006724402587,0.0625,0.2013888888888889
Q4-2,2025-07-07,68638.611882695172,3699.3175303171511,878.63313120852729,1199.9999999999991,2700,6145.8194286128464,0.14583333333333334,0.19444444444444445
Q4-2,2025-07-08,73550.758154155934,383.12264195347495,83.775727427115953,1199.9999999999989,1199.9999999999991,6027.0394439031761,0.21527777777777779,0.19444444444444445
Q4-2,2025-07-09,73136.844601262797,405.24554252500263,76.038054106533423,1199.9999999999986,1199.9999999999989,5986.9194695945525,0.2361111111111111,0.20833333333333334
Q4-2,2025-07-10,69556.814466425203,501.50801197892133,123.51896254839022,1200,1199.9999999999986,5616.0661378350842,0.28472222222222221,0.20833333333333334
Q4-2,2025-07-11,33160.434570085723,172.89152531639149,79.629398551015697,2005.0441513763776,1200,4674.2657057617134,0.25,0.18055555555555555
Q4-2,2025-07-12,32768.488344082929,451.42039110288079,158.44330513072339,8549.9999999999982,2005.0441513763776,4768.9256746188039,0.3611111111111111,0.1736111111111111
Q4-2,2025-07-13,66030.665179867909,105.7705548609642,20.434805807759702,1199.9999999999982,8549.9999999999982,6771.9211105115392,0.14583333333333334,0.18055555555555555
Q4-2,2025-07-14,66691.056362338131,77.15285178469621,22.144710624351205,1200.0000000000016,1199.9999999999982,5929.5665028116118,0.19444444444444445,0.2013888888888889
Q4-2,2025-07-15,70736.127392173366,0,0,1950.0000000000014,1200.0000000000016,5690.2822585613367,0.15972222222222221,0.21527777777777779
Q4-2,2025-07-16,71320.661324590314,2266.2334223159228,680.63059330960812,1949.9999999999984,1950.0000000000014,5780.5360929278231,0.083333333333333329,0.18055555555555555
Q4-2,2025-07-17,67601.298258399853,1343.6925334898519,246.86534741560766,1199.9999999999975,1949.9999999999984,6033.7200783650951,0.14583333333333334,0.18055555555555555
Q4-2,2025-07-18,30396.355927347926,367.29511525453597,113.26302889466697,1200.0000000000016,1199.9999999999975,4792.0577248781447,0.33333333333333331,0.16666666666666666
Q4-2,2025-07-19,33209.338477675512,203.39903909231674,81.501071948395918,7950.0000000000009,1200.0000000000016,5328.4076208603092,0.22916666666666666,0.1736111111111111
Q4-2,2025-07-20,63756.093779956565,954.05485731252281,211.96542273886695,1200,7950.0000000000009,6715.7351946192848,0.14583333333333334,0.20833333333333334
Q4-2,2025-07-21,71272.509527748422,579.32222033537698,125.84258711706593,2550.0000000000014,1200,5693.8377006814517,0.15972222222222221,0.2013888888888889
Q4-2,2025-07-22,67734.498025246256,731.12863217754079,225.70476139508824,2550.0000000000005,2550.0000000000014,6087.0035054519794,0.076388888888888895,0.19444444444444445
Q4-2,2025-07-23,72325.238152536389,19.696752090316256,7.7166511617301694,1199.9999999999995,2550.0000000000005,6101.140407470939,0.14583333333333334,0.2013888888888889
Q4-2,2025-07-24,75036.765218511719,19.254387685663136,7.7125526479724158,1199.9999999999993,1199.9999999999995,5795.9361944493321,0.2361111111111111,0.19444444444444445
Q4-2,2025-07-25,28364.373672416012,493.49215175296729,140.20665113766216,1200.0000000000018,1199.9999999999993,4681.6290875604182,0.34027777777777779,0.16666666666666666
Q4-2,2025-07-26,32206.46231276021,552.17453763590993,225.76048017374774,8700.0000000000018,1200.0000000000018,5107.0949104207366,0.2361111111111111,0.1736111111111111
Q4-2,2025-07-27,64396.116776442934,2747.7812464642971,636.04496481417311,1199.9999999999991,8700.0000000000018,6821.8288997650416,0.14583333333333334,0.1875
Q4-2,2025-07-28,71592.031989661715,2256.5957479072654,487.87746441153411,1199.9999999999986,1199.9999999999991,5891.9948670473077,0.25,0.20833333333333334
Q4-2,2025-07-29,68598.494854163437,1528.7555595006784,466.33196170579015,1200.000000000002,1199.9999999999986,6042.4472773337702,0.22916666666666666,0.1875
Q4-2,2025-07-30,70982.101120089763,8104.8503580486076,2154.4348291001861,1950,1200.000000000002,5888.7413726435661,0.15277777777777779,0.18055555555555555
Q4-2,2025-07-31,67480.104269320844,2356.0528889503798,530.27302919348358,1200.0000000000027,1950,5907.9724087349232,0.14583333333333334,0.2013888888888889
Q4-2,2025-08-01,27955.340782464133,370.78390567422753,176.76500922797692,1949.9999999999998,1200.0000000000027,4713.5629070547138,0.29166666666666669,0.15277777777777779
Q4-2,2025-08-02,32350.836696348353,0,0,9299.9999999999982,1949.9999999999998,5343.97313676254,0.15277777777777779,0.16666666666666666
Q4-2,2025-08-03,53433.674548864692,184.41366979981461,45.742560336816325,1200,9299.9999999999982,6945.8101116464159,0.14583333333333334,0.15277777777777779
Q4-2,2025-08-04,62880.043308305045,22.739890232947371,5.6224231012355972,1199.9999999999998,1200,5722.3966345203953,0.2013888888888889,0.18055555555555555
Q4-2,2025-08-05,63601.413929016067,1657.822182652827,408.80095759805442,1949.9999999999993,1199.9999999999998,5888.3613415405634,0.1111111111111111,0.18055555555555555
Q4-2,2025-08-06,69516.564516152604,1688.8421969223709,314.0919908358523,1200.0000000000002,1949.9999999999993,6142.9007853539515,0.14583333333333334,0.2013888888888889
Q4-2,2025-08-07,65812.145059333925,246.9149175435883,58.527621384595193,1200,1200.0000000000002,6114.508177828794,0.15277777777777779,0.20833333333333334
Q4-2,2025-08-08,27200.933214530334,58.692899144784811,9.2729124172185493,1200.0000000000027,1200,4630.4410126954754,0.34722222222222221,0.15972222222222221
Q4-2,2025-08-09,30787.97611537468,239.27451388276529,73.603717623307091,8700.0000000000036,1200.0000000000027,5270.3324525649241,0.2361111111111111,0.16666666666666666
Q4-2,2025-08-10,61352.272989202189,1414.373417852494,274.56943553928124,1950.0000000000018,8700.0000000000036,6919.4047330847643,0.0625,0.18055555555555555
Q4-2,2025-08-11,60199.089051783048,631.66336792291168,160.62239478034175,1199.9999999999991,1950.0000000000018,5959.1162896127116,0.14583333333333334,0.18055555555555555
Q4-2,2025-08-12,65588.45709032919,88.546629566409038,31.685246371775406,1199.999999999997,1199.9999999999991,5632.167485224033,0.24305555555555555,0.2013888888888889
Q4-2,2025-08-13,62775.528420721843,2422.518024460268,428.71038818701697,1200.0000000000023,1199.999999999997,5929.7757497491093,0.14583333333333334,0.18055555555555555
Q4-2,2025-08-14,63660.766697977742,1338.8571657071529,225.24490951998698,1200.000000000002,1200.0000000000023,5576.1428498778014,0.22916666666666666,0.1875
Q4-2,2025-08-15,29283.443935197574,15.92786451339083,8.239795493117299,2700.0000000000036,1200.000000000002,5100.2122269381407,0.1875,0.18055555555555555
Q4-2,2025-08-16,32209.621650848861,265.26899754657217,83.19656677420376,8699.9999999999964,2700.0000000000036,5309.798739585719,0.24305555555555555,0.1736111111111111
Q4-2,2025-08-17,58326.879772305001,205.74241556494633,27.900400776166407,1949.9999999999991,8699.9999999999964,6781.9790914809601,0.10416666666666667,0.1875
Q4-2,2025-08-18,62012.646644207693,59.163387046704493,11.978819001154989,1199.9999999999982,1949.9999999999991,5797.1939586255576,0.15277777777777779,0.19444444444444445
Q4-2,2025-08-19,62947.517775461922,172.48933786712249,39.669951380490261,2700,1199.9999999999982,5836.5551235127086,0.15277777777777779,0.16666666666666666
Q4-2,2025-08-20,68812.028565013999,597.37393249811896,114.98909627965881,2550.0000000000027,2700,5816.5688357497093,0.097222222222222224,0.19444444444444445
Q4-2,2025-08-21,63928.792832742678,579.17736620815162,95.725951019364857,1200.0000000000018,2550.0000000000027,6126.2578075358788,0.14583333333333334,0.20833333333333334
Q4-2,2025-08-22,29312.643600815471,443.32353145882928,71.576181517431905,1950.0000000000041,1200.0000000000018,4740.269895132722,0.30555555555555558,0.16666666666666666
Q4-2,2025-08-23,30104.294049909218,24.037279590364129,15.227924985976642,9794.3567078310643,1950.0000000000041,4965.4116611589652,0.2013888888888889,0.15972222222222221
Q4-2,2025-08-24,58047.64709256748,432.4322955314251,119.71974305933742,1800.0000000000036,9794.3567078310643,6934.0157795905998,0.1111111111111111,0.1875
Q4-2,2025-08-25,78038.865001572995,0,0,3499.8300864390121,1800.0000000000036,6027.9210818346664,0.0625,0.19444444444444445
Q4-2,2025-08-26,61655.227620528385,136.55119252595202,56.647813366293065,1200.0000000000045,3499.8300864390121,6013.5573727528572,0.15277777777777779,0.18055555555555555
Q4-2,2025-08-27,63550.918154013059,1465.3582247579664,368.58569462898225,1200.0000000000043,1200.0000000000045,5850.1102014497228,0.20833333333333334,0.2013888888888889
Q4-2,2025-08-28,63234.906428552218,2433.6986968352685,606.86911830603856,1200.0000000000077,1200.0000000000043,6139.0333045767557,0.2013888888888889,0.1875
Q4-2,2025-08-29,29092.467319993622,0,0,1200.0000000000089,1200.0000000000077,4910.7122939403143,0.29166666666666669,0.16666666666666666
Q4-2,2025-08-30,32260.872914713225,250.51328257216971,64.08689284055572,10200.000000000013,1200.0000000000089,5393.1971084808465,0.25694444444444442,0.1736111111111111
Q4-2,2025-08-31,56752.824867489573,1855.1432147480609,470.89335109421688,2700.0000000000036,10200.000000000013,7020.9492371581973,0.069444444444444448,0.1875
Q4-2,2025-09-01,54964.998714707523,0,0,1200.0000000000009,2700.0000000000036,6124.0051512438531,0.14583333333333334,0.1875
Q4-2,2025-09-02,49616.956368560743,53.30482194416274,18.396832422489297,4050.0000000000009,1200.0000000000009,5964.9405011764584,0.1388888888888889,0.1875
Q4-2,2025-09-03,50935.975782158624,52.939030371729679,21.916385995334167,3449.9999999999991,4050.0000000000009,6359.9199871083529,0.0625,0.18055555555555555
Q4-2,2025-09-04,48197.362206555379,267.02257553689094,50.735181482066011,1199.9999999999973,3449.9999999999991,6396.4266512869208,0.14583333333333334,0.16666666666666666
Q4-2,2025-09-05,21084.004461873006,0,0,2746.4384630544291,1199.9999999999973,4951.0408898147698,0.1111111111111111,0.1111111111111111
Q4-2,2025-09-06,23466.451462735546,485.21745227848749,128.86449026825321,10050.000000000004,2746.4384630544291,5347.7678746964384,0.1111111111111111,0.11805555555555555
Q4-2,2025-09-07,43962.627295113605,1668.5409722888735,297.43233428921212,4199.9999999999982,10050.000000000004,7128.1498972403288,0.0625,0.2013888888888889
Q4-2,2025-09-08,48946.572769576866,1900.4207000555082,529.18519721079747,5699.9999999999982,4199.9999999999982,6590.7656606707169,0.055555555555555552,0.1736111111111111
Q4-2,2025-09-09,45208.909298970219,4822.7963928795725,1261.5567807084119,5700,5699.9999999999982,6797.4730440808698,0.069444444444444448,0.18055555555555555
Q4-2,2025-09-10,47453.75954444825,1581.9635505559927,401.074581128349,1200.0000000000045,5700,6753.9340466355479,0.14583333333333334,0.19444444444444445
Q4-2,2025-09-11,49658.72547167138,3310.627931593488,662.46042753659503,1200.0000000000043,1200.0000000000045,6525.6240001689339,0.14583333333333334,0.2013888888888889
Q4-2,2025-09-12,18021.677333597559,1285.0683448925142,471.93488196112884,2700.0000000000014,1200.0000000000043,4620.1490341292138,0.15277777777777779,0.10416666666666667
Q4-2,2025-09-13,20081.851242910889,1252.874629614387,388.23927889832993,10800.000000000002,2700.0000000000014,4963.0394815303343,0.083333333333333329,0.1111111111111111
Q4-2,2025-09-14,47728.587860349522,1244.6539580112035,385.53904627697648,2550.0000000000036,10800.000000000002,7421.8041250361794,0.069444444444444448,0.34722222222222221
Q4-2,2025-09-15,45429.299045747452,2981.7281910514566,693.28132090108875,3790.1352163770139,2550.0000000000036,5895.786897223923,0.097222222222222224,0.15972222222222221
Q4-2,2025-09-16,51885.276663097626,1205.6015233868434,384.18052262330821,4800.0000000000018,3790.1352163770139,6503.4586334280648,0.069444444444444448,0.18055555555555555
Q4-2,2025-09-17,48610.556718048792,1217.2671045887141,384.67057157536942,2550.0000000000045,4800.0000000000018,6462.5342105017962,0.083333333333333329,0.125
Q4-2,2025-09-18,49068.191473792802,7143.3508234384708,2035.6915522903485,1199.9999999999982,2550.0000000000045,6209.209021307398,0.15277777777777779,0.18055555555555555
Q4-2,2025-09-19,18067.489116718669,561.50089245233153,246.16923498732007,2700.0000000000041,1199.9999999999982,4932.9810777832445,0.125,0.10416666666666667
Q4-2,2025-09-20,22392.122225495477,3290.594311049118,902.79264053197221,10799.999999999998,2700.0000000000041,5646.5062613131586,0.069444444444444448,0.11805555555555555
Q4-2,2025-09-21,44556.01323225761,611.73854407665908,145.9209547072054,2700,10799.999999999998,7072.5022808371205,0.069444444444444448,0.27777777777777779
Q4-2,2025-09-22,53853.594331138207,1513.080506858621,382.71850190897078,4200.0000000000018,2700,6264.3889379957945,0.069444444444444448,0.19444444444444445
Q4-2,2025-09-23,50886.040012722478,1188.8819152247479,242.78848809619467,2699.9999999999991,4200.0000000000018,6464.8175366973874,0.1111111111111111,0.13194444444444445
Q4-2,2025-09-24,54278.102467723991,11258.29236824631,3826.9847409691201,1200.0000000000016,2699.9999999999991,5967.5957065698212,0.15277777777777779,0.16666666666666666
Q4-2,2025-09-25,50568.541543992746,2932.7614378669673,754.0142657550789,1199.9999999999993,1200.0000000000016,6221.1972888568762,0.1736111111111111,0.14583333333333334
Q4-2,2025-09-26,18051.272774318437,472.06004565009084,127.17821217420482,2700.0000000000045,1199.9999999999993,4860.7096429045705,0.14583333333333334,0.1388888888888889
Q4-2,2025-09-27,23516.070387372445,3921.843637217014,1365.3342815061374,10800.000000000004,2700.0000000000045,5173.1651397459227,0.10416666666666667,0.11805555555555555
Q4-2,2025-09-28,48530.779392047734,3456.1554980236961,878.20654484991655,4199.9999999999982,10800.000000000004,7176.3902921425906,0.0625,0.36805555555555558
Q4-2,2025-09-29,51665.822089973488,1700.1755562632384,363.72923651651502,1950.0000000000064,4199.9999999999982,6375.3574195305009,0.076388888888888895,0.1736111111111111
Q4-2,2025-09-30,60045.047787827789,9652.8011237103365,2496.4248684428244,1949.9999999999982,1950.0000000000064,5988.6773277239463,0.069444444444444448,0.16666666666666666
Q4-2,2025-10-01,44065.80048399049,0,0,1200.0000000000007,1949.9999999999982,6328.0879536872799,0.15277777777777779,0.15277777777777779
Q4-2,2025-10-02,49422.364360466709,149.68845400724015,73.275996708816251,1199.9999999999982,1200.0000000000007,6575.1603074028926,0.14583333333333334,0.18055555555555555
Q4-2,2025-10-03,15752.796665275404,62.477601302009298,32.213251509156635,3604.9375152206053,1199.9999999999982,4795.6670854620124,0.21527777777777779,0.090277777777777776
Q4-2,2025-10-04,19315.933234490934,241.88423875000396,75.482764419783024,10799.999999999998,3604.9375152206053,5572.9813309605333,0.0625,0.11805555555555555
Q4-2,2025-10-05,44526.094857811564,462.5318858259601,145.68823922118952,2725.6639049246114,10799.999999999998,7206.8429501574828,0.097222222222222224,0.33333333333333331
Q4-2,2025-10-06,48453.718696230222,6249.7031096777182,1860.4553332323719,2700.0000000000005,2725.6639049246114,6556.0049978790985,0.0625,0.15972222222222221
Q4-2,2025-10-07,46002.564080029704,1314.0722042365778,324.95277365359516,4800.0000000000009,2700.0000000000005,6607.2129706924734,0.069444444444444448,0.15277777777777779
Q4-2,2025-10-08,44021.26080136474,3063.9965750264901,667.62693180824863,4200.0000000000055,4800.0000000000009,6789.2639248925298,0.076388888888888895,0.15277777777777779
Q4-2,2025-10-09,47492.694280522643,1110.1725734893266,208.98443762911927,1200.0000000000018,4200.0000000000055,6442.8277794847454,0.16666666666666666,0.13194444444444445
Q4-2,2025-10-10,17099.388467892994,350.74407137945923,150.37491963666741,7943.2207905292817,1200.0000000000018,5729.9862549703921,0.0625,0.1111111111111111
Q4-2,2025-10-11,15798.127542930828,559.18217289811946,222.73194074617965,10199.999999999998,7943.2207905292817,6250.9907756771081,0.0625,0.1111111111111111
Q4-2,2025-10-12,43351.994642269434,2779.9222279508167,613.03088424771852,4950,10199.999999999998,7295.1237375751789,0.0625,0.38194444444444442
Q4-2,2025-10-13,46467.761530639575,1530.7295862380201,337.10035296130502,4949.9999999999982,4950,7012.7868450767983,0.055555555555555552,0.1736111111111111
Q4-2,2025-10-14,50891.887949478027,1824.835524744045,411.64902906695005,7200.0000000000009,4949.9999999999982,6699.1256569954094,0.076388888888888895,0.18055555555555555
Q4-2,2025-10-15,50219.306566428051,641.09785525253812,228.6787280328557,6450.0000000000027,7200.0000000000009,6914.1712923883861,0.083333333333333329,0.13194444444444445
Q4-2,2025-10-16,47887.780273642566,1492.8288588745181,473.23024206560757,1200.0000000000009,6450.0000000000027,6750.0940114999785,0.125,0.2361111111111111
Q4-2,2025-10-17,18158.496735047207,1745.1628968859673,590.43303434856352,7950.0000000000027,1200.0000000000009,5286.3378145807364,0.1111111111111111,0.090277777777777776
Q4-2,2025-10-18,16646.62442095649,447.71132443838525,181.78192372323832,10800.000000000002,7950.0000000000027,6619.2535177136779,0.090277777777777776,0.15277777777777779
Q4-2,2025-10-19,49017.746843866189,1505.1898338091801,364.89216393457048,7050.0000000000036,10800.000000000002,7344.3313031950638,0.083333333333333329,0.34027777777777779
Q4-2,2025-10-20,53642.387520727047,623.56802005157192,185.93060727256375,7949.9999999999955,7050.0000000000036,7017.9284151809825,0.10416666666666667,0.15972222222222221
Q4-2,2025-10-21,53765.530547569644,2637.0140902968978,673.97306226700982,6449.9999999999973,7949.9999999999955,7033.50712440999,0.055555555555555552,0.21527777777777779
Q4-2,2025-10-22,51519.695162275995,1333.3111700491431,422.19841253734666,7050.0000000000009,6449.9999999999973,7079.9777711394518,0.083333333333333329,0.15277777777777779
Q4-2,2025-10-23,55737.231675778923,1044.7483749539958,343.19042341854384,1200.0000000000027,7050.0000000000009,7029.6148414308218,0.13194444444444445,0.1388888888888889
Q4-2,2025-10-24,17575.234339428567,1127.9870853414936,373.21559204509822,5162.0887586266326,1200.0000000000027,5238.5286073251937,0.15277777777777779,0.097222222222222224
Q4-2,2025-10-25,17222.641775144311,666.54478264747047,222.63978230817372,10199.999999999998,5162.0887586266326,5955.7211458204729,0.076388888888888895,0.10416666666666667
Q4-2,2025-10-26,51798.230584563877,1003.0893636189403,233.66261796525342,6449.9999999999927,10199.999999999998,7455.7264692544395,0.10416666666666667,0.25
Q4-2,2025-10-27,50604.871636903328,2331.6712251687231,597.80283032741204,7200.0000000000009,6449.9999999999927,6945.7627358322661,0.076388888888888895,0.1388888888888889
Q4-2,2025-10-28,52975.420871801856,5290.8103316768493,1335.8030479197689,4950.0000000000009,7200.0000000000009,7313.1349594785961,0.090277777777777776,0.28472222222222221
Q4-2,2025-10-29,56658.81132858104,741.5166726047255,200.22586286827845,6299.9999999999964,4950.0000000000009,6927.5807110367568,0.11805555555555555,0.13194444444444445
Q4-2,2025-10-30,50163.081546315138,2676.5520822289063,687.58969178907228,1199.9999999999973,6299.9999999999964,6830.6810281342396,0.18055555555555555,0.14583333333333334
Q4-2,2025-10-31,19068.456095529265,103.43690225415698,47.546232523368076,5700.0000000000018,1199.9999999999973,5749.0429368346568,0.0625,0.1388888888888889
Q4-2,2025-11-01,17276.390729460265,512.20432056067216,255.93503005912387,10200,5700.0000000000018,6166.8608370554757,0.069444444444444448,0.13194444444444445
Q4-2,2025-11-02,52842.671975653466,2207.7681239356471,519.16208570382742,3835.0448040743922,10200,7157.7574154252807,0.090277777777777776,0.18055555555555555
Q4-2,2025-11-03,59721.505680720089,547.75863377513815,149.71906572743842,7200.0000000000018,3835.0448040743922,7114.2062243593264,0.090277777777777776,0.19444444444444445
Q4-2,2025-11-04,53372.348703243166,1449.1478932796467,332.29930742155716,6450,7200.0000000000018,7289.5717518414995,0.0625,0.1875
Q4-2,2025-11-05,59608.096548740607,740.79208742128674,229.65143886380065,4950,6450,7394.1988231013056,0.0625,0.2013888888888889
Q4-2,2025-11-06,55559.592232540774,1183.667779137355,343.82708595787113,1199.9999999999955,4950,6882.9924645849105,0.1388888888888889,0.1388888888888889
Q4-2,2025-11-07,18332.072166623868,587.72733385324761,234.48477838219947,7199.9999999999991,1199.9999999999955,6010.9128728248961,0.0625,0.1111111111111111
Q4-2,2025-11-08,17748.065433222604,322.03814079676243,109.94869507347983,10200.000000000011,7199.9999999999991,6532.7466505316888,0.055555555555555552,0.10416666666666667
Q4-2,2025-11-09,54885.473619114622,960.02631962382748,242.7187848186727,3450.0000000000018,10200.000000000011,7810.1959751505283,0.0625,0.3888888888888889
Q4-2,2025-11-10,61645.819636807093,1732.318031290517,397.1513889729668,4950.0000000000036,3450.0000000000018,6841.7470576735395,0.0625,0.19444444444444445
Q4-2,2025-11-11,61320.439371946712,366.10521054891097,136.47646448394858,5550.0000000000036,4950.0000000000036,7506.5589828363027,0.090277777777777776,0.22222222222222221
Q4-2,2025-11-12,56381.92287435953,690.68759120568097,137.1313656335181,3299.9999999999982,5550.0000000000036,7009.9386148641888,0.0625,0.1388888888888889
Q4-2,2025-11-13,61395.600332522226,5841.2251359425036,1365.7766572843886,1200.0000000000027,3299.9999999999982,6887.2597755288625,0.125,0.1388888888888889
Q4-2,2025-11-14,18910.441927087635,383.04716650391947,122.22054187501956,6450.0000000000009,1200.0000000000027,6079.6045665448019,0.055555555555555552,0.125
Q4-2,2025-11-15,20550.476462518265,385.24083293031777,141.04547300763056,10200.000000000004,6450.0000000000009,7229.8628105052467,0.048611111111111112,0.15972222222222221
Q4-2,2025-11-16,59853.898496918671,3375.6003426802431,738.77007706084339,7050.0000000000091,10200.000000000004,8014.4615883801534,0.0625,0.4236111111111111
Q4-2,2025-11-17,57401.191620509024,1880.9415899264302,530.91191135751399,6450.0000000000027,7050.0000000000091,7468.3610271233192,0.055555555555555552,0.13194444444444445
Q4-2,2025-11-18,60193.528389998552,1647.2437407883549,457.89573390503267,4950.0000000000009,6450.0000000000027,7019.1596034212744,0.055555555555555552,0.1388888888888889
Q4-2,2025-11-19,63353.055134362716,2692.6553760615516,617.06881611068172,7950.0000000000036,4950.0000000000009,7397.0325601589248,0.0625,0.1875
Q4-2,2025-11-20,56928.270204623128,1735.595045414065,418.72859453836236,1200.0000000000018,7950.0000000000036,7044.2661152374576,0.14583333333333334,0.1736111111111111
Q4-2,2025-11-21,20621.421218758293,449.8829353436858,220.33221471492294,8795.7607406287552,1200.0000000000018,6338.6055308240611,0.048611111111111112,0.125
Q4-2,2025-11-22,20366.173303864573,505.75148120839259,224.98033667293987,10200,8795.7607406287552,7475.8051978922695,0.048611111111111112,0.28472222222222221
Q4-2,2025-11-23,59871.52908590906,3097.7257100877273,619.13982641362088,7800.0000000000055,10200,7925.2140569590392,0.0625,0.38194444444444442
Q4-2,2025-11-24,58606.136156546258,1726.4275291196475,453.18082827256455,7200.0000000000045,7800.0000000000055,7528.2422039555868,0.0625,0.1388888888888889
Q4-2,2025-11-25,66530.19734961653,705.08611482460356,244.84802615919449,5700.0000000000009,7200.0000000000045,7411.8344542150153,0.076388888888888895,0.1875
Q4-2,2025-11-26,63695.728138513543,1031.1244754610493,229.94929036068831,4800.0000000000045,5700.0000000000009,7301.5875604719122,0.0625,0.1875
Q4-2,2025-11-27,61265.54132111591,901.48495586721265,197.48505743490026,1200.0000000000018,4800.0000000000045,6795.5644005799841,0.097222222222222224,0.1875
Q4-2,2025-11-28,20976.435573368639,948.61168823460434,315.53380781766259,7199.9999999999982,1200.0000000000018,6731.3526416295435,0.048611111111111112,0.1388888888888889
Q4-2,2025-11-29,23717.589628667622,522.23185055008514,263.46021733306077,10200.000000000004,7199.9999999999982,7470.1442041789287,0.048611111111111112,0.28472222222222221
Q4-2,2025-11-30,65629.726050058525,2927.5113383336347,620.75066148398514,7799.9999999999982,10200.000000000004,8072.1491531851352,0.055555555555555552,0.40277777777777779
Q4-2,2025-12-01,79632.21442966818,10522.853476424734,2932.7512071625565,4800,7799.9999999999982,7718.818254018227,0.0625,0.20833333333333334
Q4-2,2025-12-02,83371.647009408349,7531.6313272740408,1808.3444823722748,4950.0000000000027,4800,7431.3406841498281,0.090277777777777776,0.2013888888888889
Q4-2,2025-12-03,83014.137915614527,15791.467323453442,3719.3394936366021,4949.9999999999982,4950.0000000000027,7635.0431666207478,0.069444444444444448,0.1736111111111111
Q4-2,2025-12-04,79558.991586621341,5814.8332990438939,1293.9922428154564,1199.9999999999991,4949.9999999999982,7298.2385078820707,0.14583333333333334,0.25
Q4-2,2025-12-05,27795.348894325623,2834.9218352836106,959.88749155397068,7050.0000000000009,1199.9999999999991,6647.7609555579593,0.048611111111111112,0.14583333333333334
Q4-2,2025-12-06,29223.557753834961,3394.0714706544513,1077.4414727752701,10200.000000000011,7050.0000000000009,7240.2998798876879,0.055555555555555552,0.13194444444444445
Q4-2,2025-12-07,81845.623067509659,6572.2786371208831,1624.8105437610657,7200.0000000000018,10200.000000000011,7929.5279740024207,0.083333333333333329,0.3888888888888889
Q4-2,2025-12-08,79594.244289064678,814.09581660950437,148.88724192977804,6300,7200.0000000000018,7786.8466956619632,0.069444444444444448,0.22222222222222221
Q4-2,2025-12-09,79667.237375648503,1174.087527056101,233.61222918481008,7200.0000000000009,6300,7802.5381658327342,0.0625,0.22916666666666666
Q4-2,2025-12-10,78184.287322163553,2798.6643630860153,639.9356073454428,7050.0000000000027,7200.0000000000009,7868.2386656337349,0.048611111111111112,0.22916666666666666
Q4-2,2025-12-11,74706.066252983888,549.52546411382627,152.65250779486689,1200.0000000000018,7050.0000000000027,7499.4911446061969,0.15277777777777779,0.2361111111111111
Q4-2,2025-12-12,30253.076575272651,647.44539070702763,169.36667696357722,9300.0000000000018,1200.0000000000018,6776.8039986247213,0.055555555555555552,0.1388888888888889
Q4-2,2025-12-13,27630.380086752502,511.55084461752256,138.48249329869259,10200.000000000004,9300.0000000000018,7652.1009911972833,0.055555555555555552,0.30555555555555558
Q4-2,2025-12-14,77876.342252243921,5267.9246617734643,1002.8523170570164,9676.1587864924113,10200.000000000004,8011.5195090089883,0.069444444444444448,0.34722222222222221
Q4-2,2025-12-15,79722.186992630639,7282.8600554064615,1631.2172989461501,8550.0000000000036,9676.1587864924113,8053.7294619583408,0.0625,0.40972222222222221
Q4-2,2025-12-16,78815.34838049626,266.89068958079304,82.889861413376934,9300.0000000000036,8550.0000000000036,8058.8308834459394,0.069444444444444448,0.41666666666666669
Q4-2,2025-12-17,78877.034582920591,890.89393838256956,186.62774692764077,7800.0000000000036,9300.0000000000036,8129.0073765226653,0.0625,0.4513888888888889
Q4-2,2025-12-18,72725.116483752412,674.59237712722279,179.5013029945315,2700.0000000000045,7800.0000000000036,7701.4393423468073,0.069444444444444448,0.34027777777777779
Q4-2,2025-12-19,29538.782148125109,1519.3203539687588,580.07875890639866,10049.999999999998,2700.0000000000045,6954.6828422891194,0.069444444444444448,0.22222222222222221
Q4-2,2025-12-20,26426.044832890693,223.26372748339682,89.194078356396972,10200.000000000004,10049.999999999998,7573.8240778979962,0.055555555555555552,0.29166666666666669
Q4-2,2025-12-21,76627.356036578829,1268.3096653349394,269.99742406287487,8699.9999999999964,10200.000000000004,8063.9751546456937,0.069444444444444448,0.4236111111111111
Q4-2,2025-12-22,77436.638216140433,1656.8358660710578,387.44387596184328,7949.9999999999982,8699.9999999999964,7870.3011876193341,0.069444444444444448,0.2638888888888889
Q4-2,2025-12-23,78150.234341049902,512.76920796323532,95.810503961227141,9450.0000000000018,7949.9999999999982,8070.9220155821677,0.069444444444444448,0.3888888888888889
Q4-2,2025-12-24,75424.622058766792,561.92512681316089,146.91662769435538,7200,9450.0000000000018,8092.0912730120053,0.0625,0.4513888888888889
Q4-2,2025-12-25,72580.864683990018,2425.8921109501725,569.66062853497453,1200.0000000000018,7200,7532.8400686498835,0.15972222222222221,0.3888888888888889
Q4-2,2025-12-26,28966.296600199283,289.36517715009114,103.10427119989811,10800.000000000002,1200.0000000000018,7000.4468960732383,0.048611111111111112,0.22222222222222221
Q4-2,2025-12-27,25717.750785976343,827.98329115973047,245.85148634853641,10800.000000000009,10800.000000000002,7524.4867144509062,0.055555555555555552,0.3611111111111111
Q4-2,2025-12-28,73729.959640182627,1842.4797601355347,428.04682509483814,7949.9999999999982,10800.000000000009,8008.4274321506882,0.069444444444444448,0.43055555555555558
Q4-2,2025-12-29,74409.517191540624,818.48019412473491,211.03276034288228,9450.0000000000036,7949.9999999999982,8091.5132360813504,0.069444444444444448,0.4236111111111111
Q4-2,2025-12-30,74375.988057853421,1422.4876101344828,296.60629876325328,8700.0000000000018,9450.0000000000036,8050.4129427768739,0.0625,0.4513888888888889
Q4-2,2025-12-31,77277.675264889258,1071.0549388472045,332.12225281988435,9450.0000000000036,8700.0000000000018,8069.9139610449884,0.076388888888888895,0.3888888888888889
Q4-3,2025-02-01,21825.916733281971,702.63735781068078,175.63977201508408,4323.6192726538529,6000,7058.364393755538,0.013888888888888888,0.27777777777777779
Q4-3,2025-02-02,65243.958170140853,255.51215881238249,47.794218832527008,1375.844290860201,4323.6192726538529,7179.3578404060718,0.013888888888888888,0.076388888888888895
Q4-3,2025-02-03,69230.120922795701,1129.3086112447775,224.6244081669993,1418.5200402082537,1375.844290860201,7202.022647823951,0.013888888888888888,0.18055555555555555
Q4-3,2025-02-04,70337.397093268475,611.67501331878088,186.21317642468355,1376.5566033643827,1418.5200402082537,7135.7405190185791,0.020833333333333332,0.13194444444444445
Q4-3,2025-02-05,67263.253096344473,776.56429854394969,223.25584294966643,1317.7627401212812,1376.5566033643827,7055.7583627279637,0.020833333333333332,0.1388888888888889
Q4-3,2025-02-06,69068.207766965163,921.02250854597014,228.31641037639906,1199.9999999999964,1317.7627401212812,7107.4466454483809,0.034722222222222224,0.11805555555555555
Q4-3,2025-02-07,21016.370032683968,356.52863021755797,92.19679985338135,1292.2263826271101,1199.9999999999964,6237.8162777239268,0.020833333333333332,0.1388888888888889
Q4-3,2025-02-08,20772.186714417032,2328.1874268212296,661.76142501711695,4373.3001829172299,1292.2263826271101,6582.7305392331718,0.013888888888888888,0.069444444444444448
Q4-3,2025-02-09,64182.166015820534,1149.531631409232,298.45949902153859,1372.2666675482287,4373.3001829172299,7265.824200949809,0.020833333333333332,0.097222222222222224
Q4-3,2025-02-10,60542.246641094694,1780.4897196744839,499.14533210719668,1391.7525094233024,1372.2666675482287,7174.1650790276262,0.020833333333333332,0.2013888888888889
Q4-3,2025-02-11,61628.402246332342,2038.5888137623469,418.60911142091481,1397.0154848755774,1391.7525094233024,7129.9186826095302,0.020833333333333332,0.15972222222222221
Q4-3,2025-02-12,60733.878606662256,1432.4378286115175,297.07982057940478,1303.5371393279656,1397.0154848755774,6729.3732880190937,0.041666666666666664,0.10416666666666667
Q4-3,2025-02-13,56877.188229283711,1458.0741808299219,390.12068631650925,1200,1303.5371393279656,6781.5746864231296,0.034722222222222224,0.15277777777777779
Q4-3,2025-02-14,18353.645272381564,1129.324728744363,403.2042153153663,1272.353751059778,1200,6540.3258679225137,0.055555555555555552,0.083333333333333329
Q4-3,2025-02-15,21322.826936688452,1688.8990548260551,565.81831759293891,4985.2000583736881,1272.353751059778,6525.4771967121105,0.020833333333333332,0.1111111111111111
Q4-3,2025-02-16,61619.438865203891,4617.4771014401513,1070.6144943056233,1232.0470948008351,4985.2000583736881,6866.9640972861462,0.041666666666666664,0.125
Q4-3,2025-02-17,59217.365739909903,1219.1234209435281,355.04738941325382,1303.7207466323998,1232.0470948008351,6570.318016193236,0.020833333333333332,0.10416666666666667
Q4-3,2025-02-18,56012.986357032452,1583.4918315630644,381.62268512195533,1287.6991093761553,1303.7207466323998,6350.653119362647,0.013888888888888888,0.034722222222222224
Q4-3,2025-02-19,56759.98877112029,2339.5902516488859,651.64930541379704,1269.5181905231711,1287.6991093761553,6469.9198719735396,0.020833333333333332,0.048611111111111112
Q4-3,2025-02-20,57395.140566104485,1802.9273828730511,426.3687270995909,1200.0000000000036,1269.5181905231711,6475.0054988908569,0.090277777777777776,0.069444444444444448
Q4-3,2025-02-21,16968.033465945315,616.88624674260075,232.12468000225897,1296.3449454523161,1200.0000000000036,6458.4462494870922,0.020833333333333332,0.069444444444444448
Q4-3,2025-02-22,17727.444022912172,1095.7548223415624,384.80788987456401,1433.8466867395746,1296.3449454523161,5636.6657193205547,0.013888888888888888,0.076388888888888895
Q4-3,2025-02-23,57576.499071176324,3276.2728335198758,812.88774489344291,1339.0290818637186,1433.8466867395746,6335.2415566235759,0.034722222222222224,0.097222222222222224
Q4-3,2025-02-24,54503.03395894602,1461.6169158996715,293.23615975873253,1285.5932343356999,1339.0290818637186,6443.8628326216776,0.013888888888888888,0.125
Q4-3,2025-02-25,53517.971999626912,2186.3616025310762,532.20084265406342,1305.226289310649,1285.5932343356999,6403.0286954153889,0.034722222222222224,0.11805555555555555
Q4-3,2025-02-26,52522.835904745283,2016.4821544539343,466.9669379761425,1317.1229353944673,1305.226289310649,6247.796205633942,0.020833333333333332,0.034722222222222224
Q4-3,2025-02-27,51142.102485895579,1748.3743680209921,345.03677922557921,1200.1525765422484,1317.1229353944673,6459.1645529036941,0.076388888888888895,0.069444444444444448
Q4-3,2025-02-28,15540.762509931854,533.06922265202661,185.48169182347019,1279.7048917641678,1200.1525765422484,5312.9107398091328,0.090277777777777776,0.069444444444444448
Q4-3,2025-03-01,18369.716163274043,611.55327946661896,213.20883034469682,3300.0000000000036,1279.7048917641678,6319.5552470829589,0.020833333333333332,0.1111111111111111
Q4-3,2025-03-02,58514.548671012402,1592.4402605321472,343.40165657145076,1390.6281635818723,3300.0000000000036,6365.437877624805,0.041666666666666664,0.090277777777777776
Q4-3,2025-03-03,58841.649587328167,1672.0266095900793,409.75165726053388,1380.5122123625515,1390.6281635818723,6120.27028374773,0.048611111111111112,0.097222222222222224
Q4-3,2025-03-04,53129.208772985032,1425.0982982346004,447.14709292125519,1353.8724285327316,1380.5122123625515,6316.0373730561214,0.055555555555555552,0.076388888888888895
Q4-3,2025-03-05,51991.621363205348,1675.4521255821219,425.90416894470275,1489.3055604039691,1353.8724285327316,6343.9301955566671,0.020833333333333332,0.090277777777777776
Q4-3,2025-03-06,49822.5653793909,1102.8981938157028,289.76672137940966,1386.1026260974431,1489.3055604039691,6174.4361027998011,0.034722222222222224,0.097222222222222224
Q4-3,2025-03-07,15625.539945752826,316.42889295134449,119.01017595776608,1263.8203558386595,1386.1026260974431,5178.7569850103691,0.020833333333333332,0.090277777777777776
Q4-3,2025-03-08,14794.023911643169,678.91281897437602,278.81260495232448,2084.4470026659392,1263.8203558386595,4846.4136994364153,0.15972222222222221,0.055555555555555552
Q4-3,2025-03-09,49752.469293597438,2990.7662928256882,763.58794112702856,1442.9535653453513,2084.4470026659392,6385.7810948199012,0.027777777777777776,0.11805555555555555
Q4-3,2025-03-10,53862.115987370242,4580.5266248464422,1134.977967096014,1470.6734675398948,1442.9535653453513,5912.8724125040508,0.041666666666666664,0.0625
Q4-3,2025-03-11,49429.295109787417,3744.479784798008,867.19272992211404,1370.4557232332536,1470.6734675398948,6090.6677001136513,0.034722222222222224,0.041666666666666664
Q4-3,2025-03-12,48953.574454413378,1904.2444786454726,588.74879882344499,1356.207802674302,1370.4557232332536,5955.7507671827498,0.034722222222222224,0.125
Q4-3,2025-03-13,52829.773831313214,2434.465517464535,551.70222002349578,1200.0000000000018,1356.207802674302,6252.1518836234573,0.055555555555555552,0.041666666666666664
Q4-3,2025-03-14,14425.489143868883,1057.3748092106966,392.57874246900275,1275.1863218901544,1200.0000000000018,5106.0504960111793,0.090277777777777776,0.083333333333333329
Q4-3,2025-03-15,14914.958600479593,1312.0491172122863,475.58804047160282,1442.1625491075283,1275.1863218901544,5290.4170927906489,0.020833333333333332,0.0625
Q4-3,2025-03-16,48770.896019883279,1956.5457527507151,526.38047265061709,1246.6337757913989,1442.1625491075283,6154.6907189048998,0.034722222222222224,0.090277777777777776
Q4-3,2025-03-17,44248.371310488903,2442.1172012533734,560.49340232945281,1200.0000000000036,1246.6337757913989,5812.0512836784083,0.048611111111111112,0.10416666666666667
Q4-3,2025-03-18,48416.537805361077,804.45570786467181,263.25435749547194,1206.945674499726,1200.0000000000036,5876.7804555009916,0.0625,0.11805555555555555
Q4-3,2025-03-19,44288.203906998373,2122.6652117754256,628.5852597259493,1200.0000000000073,1206.945674499726,5964.7165620980013,0.034722222222222224,0.034722222222222224
Q4-3,2025-03-20,48683.315414846889,3078.2700968775107,844.11147858585218,1200.0000000000018,1200.0000000000073,5787.9685774275595,0.034722222222222224,0.1111111111111111
Q4-3,2025-03-21,13435.54850208823,787.15189718090903,321.29208754589422,1377.0233224099575,1200.0000000000018,4546.6207800444572,0.14583333333333334,0.0625
Q4-3,2025-03-22,13666.159210259149,420.85367947707618,239.92255264200605,1315.6401313844872,1377.0233224099575,4693.1610859179164,0.10416666666666667,0.083333333333333329
Q4-3,2025-03-23,46592.451135554511,1584.890574672778,378.03993662984186,1256.3841105795709,1315.6401313844872,5996.2753823256835,0.027777777777777776,0.1388888888888889
Q4-3,2025-03-24,44783.854795778279,1438.428453873652,485.20736854254187,1273.3680818038047,1256.3841105795709,5907.7804672452503,0.034722222222222224,0.1111111111111111
Q4-3,2025-03-25,47694.275302782189,1659.3610977467256,535.49564423122388,1222.1198915829773,1273.3680818038047,5809.5938677958202,0.027777777777777776,0.1388888888888889
Q4-3,2025-03-26,42562.71479167715,1515.5822374682098,442.57459851292731,1200.0000000000036,1222.1198915829773,5739.0632911606262,0.055555555555555552,0.13194444444444445
Q4-3,2025-03-27,45732.326075235826,2857.5143459703795,769.09694403329502,1200.0000000000055,1200.0000000000036,5790.0354884806857,0.0625,0.10416666666666667
Q4-3,2025-03-28,13379.266014952762,473.19469578450605,184.88854127446461,1272.4536284301485,1200.0000000000055,4974.7044477332083,0.020833333333333332,0.041666666666666664
Q4-3,2025-03-29,13508.897200170219,797.4542022062883,222.59838637220838,2022.6270045160463,1272.4536284301485,4715.9983882002407,0.013888888888888888,0.083333333333333329
Q4-3,2025-03-30,44672.886170475962,4752.0807542124467,1139.2987300401087,1219.0750562171797,2022.6270045160463,5647.0193059046269,0.034722222222222224,0.14583333333333334
Q4-3,2025-03-31,41426.904217108575,1945.4932463715968,524.42011103936147,1208.5580821825024,1219.0750562171797,5767.2901849773652,0.013888888888888888,0.041666666666666664
Q4-3,2025-04-01,47882.812887666121,2096.9777599826289,577.57872708368393,1226.515816335268,1208.5580821825024,6043.1431559166213,0.027777777777777776,0.041666666666666664
Q4-3,2025-04-02,46282.510577520552,2207.5365125531625,550.41024106651412,1279.5485913393732,1226.515816335268,6462.7219235194252,0.027777777777777776,0.069444444444444448
Q4-3,2025-04-03,44949.133349899523,1324.4875371693815,353.0503261719212,1230.8838906895144,1279.5485913393732,6087.0994719938753,0.041666666666666664,0.14583333333333334
Q4-3,2025-04-04,12559.53496539787,726.64562392751088,201.25570383249416,1295.4495991501753,1230.8838906895144,4636.0435321811638,0.076388888888888895,0.020833333333333332
Q4-3,2025-04-05,14461.364780155942,1876.383968857052,624.56915026155298,2939.0570226289155,1295.4495991501753,4378.77726266221,0.1388888888888889,0.027777777777777776
Q4-3,2025-04-06,41754.068732021638,1240.8029912594009,322.778697587735,1334.4125135630657,2939.0570226289155,6002.854008326216,0.013888888888888888,0.125
Q4-3,2025-04-07,39392.92638500053,1393.0332387823446,401.35729010370983,1336.2121696781214,1334.4125135630657,6177.0225993039248,0.013888888888888888,0.097222222222222224
Q4-3,2025-04-08,42696.186301435584,1881.5613443385869,433.90593870516943,1337.6602115280893,1336.2121696781214,6194.1063301933837,0.020833333333333332,0.10416666666666667
Q4-3,2025-04-09,43241.695026056172,1276.2875079560931,327.67972277681696,1366.1816716012472,1337.6602115280893,6090.2422127633372,0.013888888888888888,0.1111111111111111
Q4-3,2025-04-10,42649.043485853828,2671.2821790655967,597.6710686758762,1227.2299124486999,1366.1816716012472,6392.7493094921119,0.020833333333333332,0.15277777777777779
Q4-3,2025-04-11,12615.310805639901,1256.5900808744154,461.9789550852467,1244.7206876938562,1227.2299124486999,4484.5351057476137,0.1111111111111111,0.048611111111111112
Q4-3,2025-04-12,12857.485461026723,594.97716661570337,247.23080759273523,2987.1607313894556,1244.7206876938562,4371.629266218516,0.14583333333333334,0.083333333333333329
Q4-3,2025-04-13,38717.274071756445,942.73971499300467,229.61182910980099,1241.8549445067347,2987.1607313894556,6272.3321228074892,0.013888888888888888,0.048611111111111112
Q4-3,2025-04-14,41293.679586701619,2867.1892116461654,758.84333148560165,1248.656024225289,1241.8549445067347,6077.7034456083384,0.034722222222222224,0.15972222222222221
Q4-3,2025-04-15,37966.151420592461,1940.5134458805981,452.09672609250379,1275.1816120709354,1248.656024225289,6335.714914331541,0.034722222222222224,0.076388888888888895
Q4-3,2025-04-16,41358.435631963308,1767.3700544281796,476.33796773361877,1228.9985341289939,1275.1816120709354,6135.7889050140002,0.027777777777777776,0.15277777777777779
Q4-3,2025-04-17,39186.670932827663,1308.3372680202567,327.92026768323058,1200.8016607747413,1228.9985341289939,6199.5986002638756,0.034722222222222224,0.15972222222222221
Q4-3,2025-04-18,12052.287350946608,834.06047952228323,251.86411845771335,1254.4719854732321,1200.8016607747413,5115.8695124694332,0.034722222222222224,0.027777777777777776
Q4-3,2025-04-19,12743.12028756757,633.5082389009998,281.19282259039664,2912.1849347926072,1254.4719854732321,4529.1332568523876,0.1875,0.076388888888888895
Q4-3,2025-04-20,37480.538806857112,1528.844869586781,452.16418687855833,1264.6503648569087,2912.1849347926072,6382.0748743847134,0.020833333333333332,0.090277777777777776
Q4-3,2025-04-21,38366.977675667586,2126.0196971614209,612.61025010975561,1267.4356374572162,1264.6503648569087,6656.4772219986362,0.020833333333333332,0.16666666666666666
Q4-3,2025-04-22,38439.910540916811,1947.2027522147018,555.16793158705354,1325.8568320780541,1267.4356374572162,6237.4557879538634,0.0069444444444444441,0.14583333333333334
Q4-3,2025-04-23,38356.307454607784,1722.6097011984057,434.77690019475091,1302.2202947319711,1325.8568320780541,6311.7244246785203,0.034722222222222224,0.069444444444444448
Q4-3,2025-04-24,36699.255893467322,1458.0960922867434,330.08371623461778,1241.0099135728287,1302.2202947319711,6066.3035989837672,0.034722222222222224,0.15277777777777779
Q4-3,2025-04-25,10983.891668845356,545.98528764848709,176.82564706062956,1271.9877184182114,1241.0099135728287,3792.2372357307013,0.097222222222222224,0.055555555555555552
Q4-3,2025-04-26,13057.569210320915,1143.3253524905538,305.36667924618814,3733.2903658832329,1271.9877184182114,4320.8214204769647,0.076388888888888895,0.020833333333333332
Q4-3,2025-04-27,36402.916554133422,2172.8898857688928,509.70727547008795,1268.2748725579604,3733.2903658832329,5726.4859596601136,0.0625,0.1388888888888889
Q4-3,2025-04-28,42490.902053150974,1119.6460695035189,288.75877772461939,1281.796422548281,1268.2748725579604,6557.8555493653821,0.041666666666666664,0.14583333333333334
Q4-3,2025-04-29,35929.415113374831,942.77345682063412,182.24610434221773,1292.9192322746203,1281.796422548281,6098.0721891841604,0.027777777777777776,0.13194444444444445
Q4-3,2025-04-30,36784.371564346278,3571.7944834177601,995.93730763273481,1273.4566442986124,1292.9192322746203,5714.3402267177362,0.013888888888888888,0.1388888888888889
Q4-3,2025-05-01,47993.521311569362,12161.281861089614,2460.9559039529258,1205.7424345661602,1273.4566442986124,5854.0280062277843,0.048611111111111112,0.090277777777777776
Q4-3,2025-05-02,15815.520464993075,1970.6288248312353,614.48402497490133,2011.3024591870253,1205.7424345661602,4794.3298744183012,0.11805555555555555,0.076388888888888895
Q4-3,2025-05-03,16391.119690969412,3802.6597247273098,921.47719065417743,2344.7978674084643,2011.3024591870253,5117.2189309864398,0.0069444444444444441,0.041666666666666664
Q4-3,2025-05-04,45255.149698375724,8647.4942717044614,2299.8755175858678,1227.5368966936294,2344.7978674084643,6503.6390659738845,0.0625,0.1388888888888889
Q4-3,2025-05-05,44690.823865960592,4480.2247377344092,1025.5236670673403,1262.8901702583753,1227.5368966936294,6068.1560632107576,0.027777777777777776,0.14583333333333334
Q4-3,2025-05-06,42909.874177461432,4490.8412776533878,1130.6089311543574,1221.9012162528434,1262.8901702583753,5626.6326747591611,0.048611111111111112,0.090277777777777776
Q4-3,2025-05-07,42093.476960345535,1810.4270597584352,424.93493866296086,1273.9184852645085,1221.9012162528434,5912.3585163502103,0.041666666666666664,0.041666666666666664
Q4-3,2025-05-08,44695.831593684714,2122.88457542063,421.34820879723486,1208.7294637614687,1273.9184852645085,6117.1559973636276,0.1111111111111111,0.076388888888888895
Q4-3,2025-05-09,14526.131774755011,796.04132087097992,235.88260570215067,1278.709377704834,1208.7294637614687,4169.1696799807733,0.19444444444444445,0.076388888888888895
Q4-3,2025-05-10,14982.585296751695,782.59307713680221,253.02408357186874,1487.0125438177929,1278.709377704834,4397.5036546641186,0.048611111111111112,0.090277777777777776
Q4-3,2025-05-11,42574.21416358024,1656.3290547894371,421.04351260369924,1224.6430401688976,1487.0125438177929,6529.1055549023295,0.041666666666666664,0.14583333333333334
Q4-3,2025-05-12,40436.851184794883,1009.0173579005253,330.78342887063502,1310.6925702243534,1224.6430401688976,6755.4158734751772,0.055555555555555552,0.14583333333333334
Q4-3,2025-05-13,42912.311724584557,1736.1622241803086,378.52234825535032,1311.6080281105187,1310.6925702243534,6364.5311745476602,0.048611111111111112,0.1388888888888889
Q4-3,2025-05-14,41777.737513757791,950.73443491040712,269.41919168097411,1305.8251028530176,1311.6080281105187,6304.9150646518528,0.048611111111111112,0.16666666666666666
Q4-3,2025-05-15,42213.59978833182,970.17007542277497,246.4167155298926,1206.4670054770922,1305.8251028530176,6490.8905375270087,0.0625,0.15277777777777779
Q4-3,2025-05-16,13922.844633258213,676.15955403272551,294.70570747642444,1327.0368113968561,1206.4670054770922,3862.4776383162953,0.13194444444444445,0.076388888888888895
Q4-3,2025-05-17,14032.826668621401,838.67488628207241,344.57198385936829,1407.3057098866375,1327.0368113968561,4124.1159215805474,0.19444444444444445,0.0625
Q4-3,2025-05-18,42209.585353712115,541.7684129302678,240.48788871071116,1263.695414930211,1407.3057098866375,6290.0825487977381,0.041666666666666664,0.1111111111111111
Q4-3,2025-05-19,38874.669443428997,735.1892034803484,141.50897780571796,1332.4809384095515,1263.695414930211,6490.17636094709,0.034722222222222224,0.076388888888888895
Q4-3,2025-05-20,40110.840779479324,950.38213598707148,283.66158718441693,1294.8560561974791,1332.4809384095515,6751.3306515997028,0.048611111111111112,0.055555555555555552
Q4-3,2025-05-21,39803.919859366986,677.5063619066018,232.53896108529787,1334.1020300302498,1294.8560561974791,6075.5295586506445,0.048611111111111112,0.076388888888888895
Q4-3,2025-05-22,38455.078882356036,338.72421935910376,105.11016859345401,1220.9962186660905,1334.1020300302498,6566.0806580087892,0.069444444444444448,0.13194444444444445
Q4-3,2025-05-23,13440.600129540824,211.43702973446236,94.185354764787292,1327.1548853043114,1220.9962186660905,3976.5153005513525,0.22916666666666666,0.090277777777777776
Q4-3,2025-05-24,13578.764617302557,187.13747337325449,74.326092536920257,1359.0261820790602,1327.1548853043114,4008.2770103779308,0.125,0.083333333333333329
Q4-3,2025-05-25,39326.803880832544,1203.1843686484438,389.21682137435209,1233.8921272928146,1359.0261820790602,6648.6280008815147,0.041666666666666664,0.0625
Q4-3,2025-05-26,41931.404919536602,1064.9205632193416,394.11066210865289,1267.6340391156718,1233.8921272928146,5959.6207617012351,0.048611111111111112,0.013888888888888888
Q4-3,2025-05-27,38492.503096337532,1658.6587587852437,427.71258221900865,1239.9433914583296,1267.6340391156718,6767.0813062805546,0.041666666666666664,0.034722222222222224
Q4-3,2025-05-28,41128.496610514223,634.79823622297101,252.24741803688283,1321.6835965278569,1239.9433914583296,6154.0400551387847,0.041666666666666664,0.083333333333333329
Q4-3,2025-05-29,41875.586715263504,1424.410677663878,406.27781728923912,1199.9999999999927,1321.6835965278569,6263.3204446294658,0.097222222222222224,0.048611111111111112
Q4-3,2025-05-30,14114.219904445834,533.54687504652316,209.96364334079954,1282.8217709823402,1199.9999999999927,4378.8610088216701,0.20833333333333334,0.083333333333333329
Q4-3,2025-05-31,14369.185796983718,936.45116903053326,352.67274838979904,1369.2259326858748,1282.8217709823402,4195.9148788017055,0.013888888888888888,0.090277777777777776
Q4-3,2025-06-01,73087.213266492559,20066.112792087559,4839.1180065212948,1220.967437354775,1369.2259326858748,6187.3169594051906,0.0625,0.1388888888888889
Q4-3,2025-06-02,65027.687115026434,11969.825087619654,3134.4999184767967,1318.2789024571703,1220.967437354775,6219.7648129125882,0.013888888888888888,0.097222222222222224
Q4-3,2025-06-03,58797.398847348071,6445.3652439675388,1430.2857625994843,1200.0000000000018,1318.2789024571703,6592.6460623814319,0.083333333333333329,0.1111111111111111
Q4-3,2025-06-04,62242.656020762333,3696.8876213841759,1237.6816536940876,1200.0000000000055,1200.0000000000018,6114.4033111017525,0.055555555555555552,0.10416666666666667
Q4-3,2025-06-05,58496.540466716186,2536.4608421581815,639.37061158227561,1200.0000000000018,1200.0000000000055,6303.0446378195566,0.090277777777777776,0.15972222222222221
Q4-3,2025-06-06,25691.812873811941,7569.8346333944255,1874.1323060373322,1199.9999999999964,1200.0000000000018,4660.4046459285018,0.16666666666666666,0.076388888888888895
Q4-3,2025-06-07,23501.500399554658,3147.4590510863563,843.26345344897209,1285.1190498959259,1199.9999999999964,4967.9906144625465,0.0625,0.10416666666666667
Q4-3,2025-06-08,55636.126865337283,1120.2025633153035,330.56542984349335,1210.7706616270279,1285.1190498959259,6179.5767168245893,0.020833333333333332,0.125
Q4-3,2025-06-09,62552.121254267389,1244.9291878880563,352.16027441222224,1224.7789082531672,1210.7706616270279,5827.3543240263698,0.013888888888888888,0.18055555555555555
Q4-3,2025-06-10,60308.766960451205,1987.4621321096861,567.84368963419593,1306.987122837445,1224.7789082531672,6058.2778760467709,0.013888888888888888,0.0625
Q4-3,2025-06-11,64438.547259335959,913.32038677815649,173.19403808928911,1240.4533684783673,1306.987122837445,5837.6387703414121,0.0069444444444444441,0.055555555555555552
Q4-3,2025-06-12,61837.351351972946,917.38450736466166,226.21752149554845,1200.0000000000036,1240.4533684783673,5945.2943021472793,0.027777777777777776,0.069444444444444448
Q4-3,2025-06-13,22796.036201019975,440.49889851202914,117.62002878427356,1385.1947508083995,1200.0000000000036,4828.4786922691274,0.125,0.083333333333333329
Q4-3,2025-06-14,23083.634316859723,246.05413190721811,108.56915532365747,1493.1500480152517,1385.1947508083995,5331.8923482373611,0.0069444444444444441,0.15972222222222221
Q4-3,2025-06-15,58678.760268370483,1046.9803993458911,273.12143004783439,1295.2981079142919,1493.1500480152517,5943.8504119236686,0.013888888888888888,0.048611111111111112
Q4-3,2025-06-16,61130.875255039391,1194.8857885807286,302.05337750291096,1376.4349903095972,1295.2981079142919,5741.7681132694688,0.013888888888888888,0.048611111111111112
Q4-3,2025-06-17,63677.183763262561,2107.4240744993003,413.69332709702911,1390.7452865899213,1376.4349903095972,5867.4117645968918,0.013888888888888888,0.083333333333333329
Q4-3,2025-06-18,62198.974572468549,1354.9443648828001,353.13417206496445,1358.4884250204013,1390.7452865899213,6066.3043608147073,0.013888888888888888,0.083333333333333329
Q4-3,2025-06-19,59051.783943920222,1373.2308551218648,343.56889047673928,1228.5612725985829,1358.4884250204013,5903.756227967845,0.097222222222222224,0.069444444444444448
Q4-3,2025-06-20,21072.034772375038,104.28602780573972,53.274049965545032,1200,1228.5612725985829,4691.2947673617173,0.27777777777777779,0.1111111111111111
Q4-3,2025-06-21,20588.901442123602,153.07136995947729,76.899857313844791,1552.6916113701027,1200,4479.6041149535095,0.2013888888888889,0.1111111111111111
Q4-3,2025-06-22,57930.426024352404,3638.7398304427543,774.80120159091894,1389.4288264544175,1552.6916113701027,5906.9957625406278,0.013888888888888888,0.15277777777777779
Q4-3,2025-06-23,56243.28315239225,927.81219974261796,258.83823858486988,1402.6612663673641,1389.4288264544175,6322.341224173525,0.013888888888888888,0.11805555555555555
Q4-3,2025-06-24,66302.21267766814,1062.7612189014872,269.83635863620214,1401.7073862232646,1402.6612663673641,6296.5425599677501,0.013888888888888888,0.076388888888888895
Q4-3,2025-06-25,60413.110959766505,2313.0790915555453,426.4750216677939,1382.2409781669194,1401.7073862232646,6324.9760566765335,0.013888888888888888,0.125
Q4-3,2025-06-26,55956.210969457883,1722.537009600198,401.93152025916766,1199.9999999999982,1382.2409781669194,6202.5816772257058,0.055555555555555552,0.027777777777777776
Q4-3,2025-06-27,20631.186368759008,260.42365995894772,81.127214396852764,1200.0000000000018,1199.9999999999982,4803.3541420053934,0.28472222222222221,0.22222222222222221
Q4-3,2025-06-28,20569.221765096081,684.17739429354879,252.79018522698385,1550.0973259508737,1200.0000000000018,4557.424596445403,0.14583333333333334,0.1111111111111111
Q4-3,2025-06-29,58697.676699080046,3220.1507198620743,873.86821840952189,1339.0262251031709,1550.0973259508737,5901.1874137785608,0.020833333333333332,0.13194444444444445
Q4-3,2025-06-30,58641.171532367051,1564.0020163220433,411.71025671976292,1446.5789930275423,1339.0262251031709,6285.5716383194904,0.013888888888888888,0.069444444444444448
Q4-3,2025-07-01,88231.110897298873,32349.564209197524,7718.0608057055579,1364.05258389755,1446.5789930275423,6345.1329404131393,0.013888888888888888,0.069444444444444448
Q4-3,2025-07-02,71097.439219696666,13557.760132268351,3218.5850373373814,1572.7098161138238,1364.05258389755,6347.0509934367001,0.020833333333333332,0.1111111111111111
Q4-3,2025-07-03,71757.870739874226,2409.4006607252063,521.32563801373863,1200.0000000000018,1572.7098161138238,6065.5744474372104,0.1388888888888889,0.076388888888888895
Q4-3,2025-07-04,30341.241404423137,6807.5851302482952,2346.5408517376604,1383.2347880953839,1200.0000000000018,4536.0417556246284,0.25,0.083333333333333329
Q4-3,2025-07-05,28707.747720959465,4271.8879983579354,1491.7574816103718,1530.0646269445042,1383.2347880953839,4332.9384061429801,0.22222222222222221,0.076388888888888895
Q4-3,2025-07-06,75426.40941017968,8111.881625483773,2057.0024284339597,1273.408794619394,1530.0646269445042,6156.3464005351452,0.055555555555555552,0.10416666666666667
Q4-3,2025-07-07,70374.784834580772,4272.1109182711889,943.10818416755978,1827.5145166094408,1273.408794619394,6153.3504097918121,0.048611111111111112,0.076388888888888895
Q4-3,2025-07-08,72384.196889930448,185.29909453782238,40.045725149199455,1401.8931882508969,1827.5145166094408,6050.4214217980207,0.013888888888888888,0.041666666666666664
Q4-3,2025-07-09,71469.000649806811,103.21830978558948,18.217139037343713,1485.8578998342527,1401.8931882508969,5988.8483904874465,0.013888888888888888,0.11805555555555555
Q4-3,2025-07-10,68896.715189654613,208.1687773320819,57.431472456374479,1211.1063875708351,1485.8578998342527,5631.3038025307796,0.097222222222222224,0.090277777777777776
Q4-3,2025-07-11,33167.874721696935,343.8995204681903,70.130730674057986,1469.958057867223,1211.1063875708351,4838.5871333274872,0.1388888888888889,0.18055555555555555
Q4-3,2025-07-12,30603.638927327236,49.221300016935061,18.299185085340355,1536.2847797791637,1469.958057867223,4734.4130528703163,0.11805555555555555,0.097222222222222224
Q4-3,2025-07-13,67423.171256708127,328.55359383339805,72.126321718842036,1590.6448042709526,1536.2847797791637,5722.0289236490162,0.034722222222222224,0.18055555555555555
Q4-3,2025-07-14,67901.779922362271,1595.1601788575822,292.93400108674786,1405.6708657248491,1590.6448042709526,5946.2762911819946,0.020833333333333332,0.0625
Q4-3,2025-07-15,68990.56204789874,485.78209967399874,137.61131619804843,1731.7404043161823,1405.6708657248491,5780.0553003175864,0.027777777777777776,0.1875
Q4-3,2025-07-16,69214.592546900414,1032.2700904524354,284.72417020516082,1752.2190530342905,1731.7404043161823,5905.6818597642641,0.027777777777777776,0.10416666666666667
Q4-3,2025-07-17,68124.14907606499,1452.7728412113852,272.74675889942796,1200.0000000000018,1752.2190530342905,6123.5268608770484,0.083333333333333329,0.041666666666666664
Q4-3,2025-07-18,30216.968015669692,171.89124879852125,51.639310743276994,1253.5727808725023,1200.0000000000018,4662.9910042832471,0.1736111111111111,0.1736111111111111
Q4-3,2025-07-19,30402.086231391084,278.05992225330095,65.494138255134374,1966.6272347413978,1253.5727808725023,4381.245009303304,0.28472222222222221,0.15972222222222221
Q4-3,2025-07-20,67787.64097968908,972.657883974112,195.7750321124812,1319.9152424620133,1966.6272347413978,5735.7702745179886,0.041666666666666664,0.1111111111111111
Q4-3,2025-07-21,71608.84668566045,675.70051318677361,136.32629787517322,1317.5225321156995,1319.9152424620133,5767.2215957579283,0.027777777777777776,0.097222222222222224
Q4-3,2025-07-22,68576.609865773775,339.72125770989112,69.024284182872208,1349.4488914513113,1317.5225321156995,5858.0575905285032,0.041666666666666664,0.083333333333333329
Q4-3,2025-07-23,74349.474590881073,3080.8611094211533,651.03725509131721,1531.2515390307799,1349.4488914513113,5915.9454083083219,0.034722222222222224,0.14583333333333334
Q4-3,2025-07-24,72289.963662947033,54.187036780670226,11.694623239596467,1200.0000000000018,1531.2515390307799,5996.3980204090058,0.097222222222222224,0.2013888888888889
Q4-3,2025-07-25,28844.79634096603,241.23931096991328,69.605765889919553,1327.4358200915794,1200.0000000000018,4958.876915289391,0.19444444444444445,0.14583333333333334
Q4-3,2025-07-26,29443.078212210348,221.33619959166947,79.184881625650121,1946.7081999076436,1327.4358200915794,4841.6665951768855,0.19444444444444445,0.083333333333333329
Q4-3,2025-07-27,67661.933158697182,1399.1016355037812,303.71618237042367,1204.8263527139425,1946.7081999076436,5885.9353119263214,0.027777777777777776,0.020833333333333332
Q4-3,2025-07-28,72067.562968391823,1635.898651651079,309.54077488268581,1335.9292193479978,1204.8263527139425,5776.9252330889412,0.027777777777777776,0.11805555555555555
Q4-3,2025-07-29,70104.140533834769,220.26070391974218,41.794306332874882,1555.384583650799,1335.9292193479978,6000.5259730523367,0.027777777777777776,0.013888888888888888
Q4-3,2025-07-30,70011.013998381255,507.28069243497686,126.92139054481086,1278.6260952642861,1555.384583650799,6009.3226969910529,0.055555555555555552,0.125
Q4-3,2025-07-31,67418.306520807979,920.58951266180122,187.12884106925688,1200.0000000000018,1278.6260952642861,5749.9139004953668,0.125,0.083333333333333329
Q4-3,2025-08-01,28285.225574160795,158.22868726703507,63.567976653524397,1542.5787834880666,1200.0000000000018,4267.3247098330939,0.30555555555555558,0.1388888888888889
Q4-3,2025-08-02,27907.001467407987,28.937380951900103,8.3924417446166899,1715.3346727405278,1542.5787834880666,4369.591090242111,0.1875,0.11805555555555555
Q4-3,2025-08-03,57217.169551065475,544.78047181070281,111.46493402369939,1508.1406586960147,1715.3346727405278,5315.3669870046178,0.055555555555555552,0.034722222222222224
Q4-3,2025-08-04,61131.65463412067,282.52392330964915,64.574193099976881,1724.8787490803879,1508.1406586960147,6120.2853225398721,0.048611111111111112,0.1736111111111111
Q4-3,2025-08-05,61121.747511868147,830.77203346307704,147.86556947116605,1741.0862256100027,1724.8787490803879,6111.0272625038533,0.048611111111111112,0.125
Q4-3,2025-08-06,66449.946283809972,651.73576460527818,128.10380336268864,1769.9993157737408,1741.0862256100027,6060.5843859968872,0.048611111111111112,0.1875
Q4-3,2025-08-07,62364.368763568425,196.38844461471132,38.047840760442796,1200.0000000000018,1769.9993157737408,5980.9694936912829,0.125,0.090277777777777776
Q4-3,2025-08-08,27358.952420304253,70.705200064228805,11.170740194996256,1435.1607311278622,1200.0000000000018,4631.1013659735345,0.1875,0.097222222222222224
Q4-3,2025-08-09,27741.220571272541,539.09921471267762,123.51674129182905,2238.4745105783004,1435.1607311278622,4345.4039389831414,0.24305555555555555,0.097222222222222224
Q4-3,2025-08-10,62672.068832446617,1145.4167584641773,228.39990020775576,1637.8938355128048,2238.4745105783004,5389.4042058695541,0.0625,0.15277777777777779
Q4-3,2025-08-11,59272.235151649897,202.56015709538053,54.827088460676663,1661.9196339714617,1637.8938355128048,5990.8080730216307,0.048611111111111112,0.027777777777777776
Q4-3,2025-08-12,64165.330240793744,148.68170732560293,45.306967551226649,1638.9713657576576,1661.9196339714617,5863.188544869874,0.055555555555555552,0.069444444444444448
Q4-3,2025-08-13,60563.763371232024,798.38412845235962,137.50784233060048,1558.6530399906114,1638.9713657576576,6037.1767572740773,0.055555555555555552,0.055555555555555552
Q4-3,2025-08-14,62503.784155856847,166.26135458478845,36.531493651297041,1200.0000000000018,1558.6530399906114,5574.3578817429116,0.11805555555555555,0.14583333333333334
Q4-3,2025-08-15,27813.630329352778,11.725605238435037,7.6260413319093345,1377.0007746652245,1200.0000000000018,4323.5001752583439,0.27083333333333331,0.13194444444444445
Q4-3,2025-08-16,28480.821984227652,147.99432540932924,47.272203824497637,2009.2717060479317,1377.0007746652245,4671.2921680353356,0.27083333333333331,0.14583333333333334
Q4-3,2025-08-17,60863.00709135006,462.02933758572135,75.69355573195304,1568.3871604265769,2009.2717060479317,6089.5352377664467,0.055555555555555552,0.083333333333333329
Q4-3,2025-08-18,61438.769374403651,62.20595420080658,12.517946697460843,1636.8779244456509,1568.3871604265769,5891.7099152366827,0.055555555555555552,0.15972222222222221
Q4-3,2025-08-19,62016.214725065467,1178.7292649606129,221.33816718549488,1793.9789287145795,1636.8779244456509,6122.1210763020063,0.055555555555555552,0.1388888888888889
Q4-3,2025-08-20,65397.653235916674,162.05798020613537,41.100066828194258,1699.2829408619345,1793.9789287145795,5723.6452740968025,0.0625,0.090277777777777776
Q4-3,2025-08-21,63181.83078628662,678.54216661799251,128.16221525513561,1200,1699.2829408619345,6016.2113790782787,0.11805555555555555,0.125
Q4-3,2025-08-22,28446.55769097697,586.53301903196098,91.694797153370587,1375.2769225728589,1200,4641.706941301105,0.2638888888888889,0.14583333333333334
Q4-3,2025-08-23,27048.234680868951,46.66877148540047,19.882833090386043,1903.654407708942,1375.2769225728589,4760.7210850432302,0.21527777777777779,0.083333333333333329
Q4-3,2025-08-24,61431.028238036488,708.70868379037427,230.46432243650042,1795.1868991795309,1903.654407708942,5700.181699443925,0.055555555555555552,0.097222222222222224
Q4-3,2025-08-25,70437.909127772436,230.61476043904341,56.070183423318127,1729.7933285535473,1795.1868991795309,5586.5819729933137,0.055555555555555552,0.18055555555555555
Q4-3,2025-08-26,61927.727942075988,157.82356654289038,60.047467889562924,1487.3217247967023,1729.7933285535473,5963.374192175198,0.055555555555555552,0.1388888888888889
Q4-3,2025-08-27,62448.861815679091,41.55739025417089,7.0476734847117655,1475.3965121327547,1487.3217247967023,6292.2181677874842,0.041666666666666664,0.041666666666666664
Q4-3,2025-08-28,63904.955147976289,1655.285402493409,358.37238298638187,1200,1475.3965121327547,6200.4579769918455,0.034722222222222224,0.125
Q4-3,2025-08-29,28856.39742250786,16.221988896880234,5.5008439799526059,1199.9999999999982,1200,4436.7142344635749,0.3611111111111111,0.13194444444444445
Q4-3,2025-08-30,27629.509968937527,436.80577616170757,101.22482966252733,1525.9887847627233,1199.9999999999982,4931.1509497057932,0.19444444444444445,0.14583333333333334
Q4-3,2025-08-31,59418.222116074016,1264.9557211264682,307.02085728835539,1200,1525.9887847627233,5490.8050392492187,0.048611111111111112,0.125
Q4-3,2025-09-01,53598.252908602481,0,0,1200,1200,5657.1584314841666,0.076388888888888895,0.055555555555555552
Q4-3,2025-09-02,48337.835082358579,22.857724606966286,7.8887746702213235,1200.0000000000018,1200,5952.7334073479942,0.076388888888888895,0.020833333333333332
Q4-3,2025-09-03,50039.269638617945,34.672502015126412,14.354171813341509,1202.4155577659039,1200.0000000000018,5721.7188690010462,0.11805555555555555,0.055555555555555552
Q4-3,2025-09-04,48156.790262251438,192.58316148703511,53.260351251784726,1199.9999999999982,1202.4155577659039,6056.532668396977,0.034722222222222224,0.076388888888888895
Q4-3,2025-09-05,20418.524139474132,0,0,1200,1199.9999999999982,4278.3982624140253,0.1388888888888889,0.10416666666666667
Q4-3,2025-09-06,20596.33400776302,4.7982554649321951,1.9909773713411596,1970.4573325387064,1200,4533.6259967924934,0.2361111111111111,0.083333333333333329
Q4-3,2025-09-07,46863.462230508216,923.37792433400477,156.20137007890429,1200.0000000000018,1970.4573325387064,5809.0985308798954,0.027777777777777776,0.069444444444444448
Q4-3,2025-09-08,47284.581560111459,1694.2837519960162,381.36328705022339,1199.9999999999982,1200.0000000000018,5873.4049224370456,0.055555555555555552,0.027777777777777776
Q4-3,2025-09-09,43214.704577617784,1728.6091427794559,356.27101874242027,1215.671478468541,1199.9999999999982,6133.0196254454104,0.027777777777777776,0.013888888888888888
Q4-3,2025-09-10,49175.362998999612,2399.4979711051706,575.3316468639722,1200,1215.671478468541,6111.0066346128597,0.027777777777777776,0.055555555555555552
Q4-3,2025-09-11,45217.972714713913,923.58784600180593,242.08730754245971,1236.379220632014,1200,6103.5607539158482,0.048611111111111112,0.14583333333333334
Q4-3,2025-09-12,17499.846099334096,1274.2442393938732,436.40042644903497,1227.4451711653819,1236.379220632014,4616.83006704954,0.0625,0.020833333333333332
Q4-3,2025-09-13,17297.73282461764,1438.8625469409883,449.02315396580764,1430.1345452135265,1227.4451711653819,4732.0311936475164,0.069444444444444448,0.034722222222222224
Q4-3,2025-09-14,50507.296359243031,1915.9721967501364,497.1838853741134,1200,1430.1345452135265,6303.6323984704059,0.055555555555555552,0.13194444444444445
Q4-3,2025-09-15,45067.388163490061,2918.6795004453247,656.22141271548162,1200.0000000000018,1200,5791.610629179635,0.034722222222222224,0.069444444444444448
Q4-3,2025-09-16,49851.637181737613,1717.2183826307457,509.23269581003569,1219.0262673248635,1200.0000000000018,5803.6616683357206,0.041666666666666664,0.125
Q4-3,2025-09-17,47589.050114464488,714.21932321046836,202.35284987607423,1200.0000000000018,1219.0262673248635,5740.1494223462296,0.048611111111111112,0.1388888888888889
Q4-3,2025-09-18,47280.341480689662,1352.1520832872698,295.88517198149947,1199.9999999999964,1200.0000000000018,6009.6954408147476,0.034722222222222224,0.083333333333333329
Q4-3,2025-09-19,17378.844155654944,423.16113796869558,179.1205644697821,1215.2463517160977,1199.9999999999964,4615.240714693904,0.15972222222222221,0.090277777777777776
Q4-3,2025-09-20,18983.437490250566,2128.8778129963039,703.20071530415134,3031.0989305550229,1215.2463517160977,4761.1866786389101,0.11805555555555555,0.090277777777777776
Q4-3,2025-09-21,47415.847641620523,1169.5188579743094,252.97319244920897,1240.3750534612282,3031.0989305550229,6216.10698373787,0.013888888888888888,0.076388888888888895
Q4-3,2025-09-22,50776.390010826661,2002.2885522068716,602.43966500602289,1247.33326415591,1240.3750534612282,5655.3181776655028,0.041666666666666664,0.1388888888888889
Q4-3,2025-09-23,50467.250823940318,1357.7476862284318,278.70927307602693,1278.9453301197227,1247.33326415591,5924.2235507688538,0.027777777777777776,0.1111111111111111
Q4-3,2025-09-24,48031.73812401756,2109.6832173797457,641.75711702892249,1301.638759195861,1278.9453301197227,5952.9634427519895,0.034722222222222224,0.069444444444444448
Q4-3,2025-09-25,49659.294680643521,2011.1448414075801,515.93193359792099,1234.3323588400162,1301.638759195861,6412.6934905123353,0.020833333333333332,0.034722222222222224
Q4-3,2025-09-26,17560.751548740198,770.04454656031851,238.92826716815497,1218.8540912684239,1234.3323588400162,4303.7778775112083,0.1388888888888889,0.10416666666666667
Q4-3,2025-09-27,19723.920234727979,2087.2048741029025,615.52270003598801,3019.2628668799925,1218.8540912684239,5046.8234430740713,0.11805555555555555,0.027777777777777776
Q4-3,2025-09-28,50769.662020968834,1889.5966554249499,437.34792375318676,1243.7813213964819,3019.2628668799925,6333.450942892111,0.013888888888888888,0.041666666666666664
Q4-3,2025-09-29,51728.048115140373,2576.0055649659853,638.81636492581197,1274.3494454166339,1243.7813213964819,5843.2211398918771,0.027777777777777776,0.1388888888888889
Q4-3,2025-09-30,52843.014511286106,2112.4184933446977,473.29712686239145,1279.6144190917876,1274.3494454166339,5489.455865199031,0.048611111111111112,0.090277777777777776
Q4-3,2025-10-01,43636.24900330817,5.245517259317495,2.5432810954266643,1273.1858171976601,1279.6144190917876,6012.4159133753174,0.041666666666666664,0.076388888888888895
Q4-3,2025-10-02,46050.60264476826,279.20757096778408,98.279265482093365,1323.8624062048293,1273.1858171976601,5964.9557410286352,0.041666666666666664,0.1388888888888889
Q4-3,2025-10-03,15028.293571457001,107.64624402795818,49.744857149856557,1221.3365029866764,1323.8624062048293,4926.9769692859636,0.0625,0.027777777777777776
Q4-3,2025-10-04,16753.77359793643,391.01401558013237,139.47937508437602,1288.8712568430474,1221.3365029866764,4844.7445294948584,0.0069444444444444441,0.055555555555555552
Q4-3,2025-10-05,46021.905249395175,553.90220954398774,170.55304388412355,1211.135692173104,1288.8712568430474,5862.9625022694918,0.027777777777777776,0.0625
Q4-3,2025-10-06,45001.661767160622,1405.6982505998726,426.79744762768735,1200,1211.135692173104,6123.3707922687008,0.048611111111111112,0.083333333333333329
Q4-3,2025-10-07,45125.455456123251,300.08955969326331,80.949504709722646,1200.0000000000018,1200,6264.6548360524675,0.048611111111111112,0.083333333333333329
Q4-3,2025-10-08,42844.951427798529,1332.0240472877556,312.47973437782167,1200,1200.0000000000018,6119.0349340531684,0.027777777777777776,0.076388888888888895
Q4-3,2025-10-09,46084.04736506442,1455.1171506975093,291.00204183262645,1274.8760587945962,1200,6008.656524887394,0.041666666666666664,0.14583333333333334
Q4-3,2025-10-10,15144.043697992327,690.47477752128043,260.0544141275625,1533.8605485263652,1274.8760587945962,5166.7000883912733,0.013888888888888888,0.076388888888888895
Q4-3,2025-10-11,14770.703137982375,410.91387177249032,135.64845711789263,1203.2254154494967,1533.8605485263652,4966.0997404492209,0.013888888888888888,0.034722222222222224
Q4-3,2025-10-12,46248.254871362587,3773.6636473227036,817.61037855374536,1200,1203.2254154494967,6202.3566057937824,0.048611111111111112,0.10416666666666667
Q4-3,2025-10-13,46603.926731346204,3098.4308585156314,812.73593169901028,1200.0000000000073,1200,6339.290712376488,0.034722222222222224,0.1388888888888889
Q4-3,2025-10-14,48185.511248387789,1827.2354391403469,646.22834846945329,1200,1200.0000000000073,5986.8155622416562,0.090277777777777776,0.125
Q4-3,2025-10-15,49284.660014043809,1456.5991772184357,457.87247190725725,1200.0000000000018,1200,6258.2493298358031,0.048611111111111112,0.14583333333333334
Q4-3,2025-10-16,49552.442828973275,1464.800354314486,377.87562204268704,1230.4746192074799,1200.0000000000018,6079.2627959327037,0.048611111111111112,0.15277777777777779
Q4-3,2025-10-17,14775.032918648987,108.76314836811275,49.966827079136635,1200,1230.4746192074799,5096.6918882851651,0.097222222222222224,0.048611111111111112
Q4-3,2025-10-18,15457.689722483457,578.16449550714015,216.75820108436295,1294.9853910196762,1200,5425.2256307544721,0.10416666666666667,0.097222222222222224
Q4-3,2025-10-19,51051.322244752395,2742.5123021096247,624.7806035079077,1220.4844080992589,1294.9853910196762,6550.7422927110883,0.027777777777777776,0.11805555555555555
Q4-3,2025-10-20,51856.633514341927,533.82069804657726,179.48707862095841,1315.9492262711228,1220.4844080992589,6369.582923611938,0.020833333333333332,0.13194444444444445
Q4-3,2025-10-21,52475.111232335134,847.76740251138528,234.56960897061435,1305.1873595154811,1315.9492262711228,6265.4219901582792,0.027777777777777776,0.11805555555555555
Q4-3,2025-10-22,51160.309597612431,1047.8827506580642,262.28947928770361,1262.4255927298545,1305.1873595154811,6490.7739247810759,0.0625,0.11805555555555555
Q4-3,2025-10-23,54239.87237411891,2529.6793479999869,651.34163048377968,1213.4133654720154,1262.4255927298545,6375.1531569398112,0.048611111111111112,0.1111111111111111
Q4-3,2025-10-24,15718.771305122016,493.33746726763064,162.39310808700898,1250.9578084654931,1213.4133654720154,5384.9423226319041,0.020833333333333332,0.048611111111111112
Q4-3,2025-10-25,17410.14972166394,766.34963135136775,295.50709714166823,3788.8569268921465,1250.9578084654931,5309.0328763434209,0.013888888888888888,0.076388888888888895
Q4-3,2025-10-26,51500.303452030937,1945.5886398548323,529.61333267590226,1311.7395159010684,3788.8569268921465,6429.7892852586237,0.020833333333333332,0.15277777777777779
Q4-3,2025-10-27,49867.241179392382,826.90991523192361,248.18963393267006,1300.3234074754528,1311.7395159010684,6442.6735030914942,0.020833333333333332,0.083333333333333329
Q4-3,2025-10-28,50535.062105235193,794.78573519458155,246.59579120314845,1268.2631540764341,1300.3234074754528,6699.2648113296427,0.013888888888888888,0.1388888888888889
Q4-3,2025-10-29,55319.119776641739,988.99237522260137,259.3691003807852,1272.3251617134829,1268.2631540764341,6476.0584642025078,0.034722222222222224,0.069444444444444448
Q4-3,2025-10-30,51223.664984554402,1586.7282770628285,404.96800305621463,1207.3454250448067,1272.3251617134829,6189.2780880881064,0.069444444444444448,0.1111111111111111
Q4-3,2025-10-31,16917.150787593626,289.04107471256361,77.134811281082762,1289.6863620959557,1207.3454250448067,5449.2892524193749,0.013888888888888888,0.13194444444444445
Q4-3,2025-11-01,16745.913272408434,503.73425058337227,246.2768522393938,3201.2170332679407,1289.6863620959557,5476.5345879257475,0.020833333333333332,0.055555555555555552
Q4-3,2025-11-02,54197.453499920237,2313.8608081908205,531.8614183498745,1255.4291975928063,3201.2170332679407,6396.0875539823883,0.027777777777777776,0.14583333333333334
Q4-3,2025-11-03,55929.320348683381,798.98802288154002,233.38326654916327,1275.9689580689173,1255.4291975928063,6433.5862301237212,0.048611111111111112,0.13194444444444445
Q4-3,2025-11-04,53832.354410582557,1603.0181076559368,393.82016169215285,1293.9169541600641,1275.9689580689173,6638.1671643249929,0.027777777777777776,0.055555555555555552
Q4-3,2025-11-05,57698.72553885798,1556.6762856252162,445.12202298796717,1337.6948528780704,1293.9169541600641,6540.472779806254,0.0625,0.1388888888888889
Q4-3,2025-11-06,56746.833307767825,1103.6033810858371,342.31547262747301,1200,1337.6948528780704,6381.2592140473089,0.083333333333333329,0.090277777777777776
Q4-3,2025-11-07,16323.040391555576,244.02553388509284,110.40424353778448,1292.8913075857545,1200,5812.3308045074564,0.013888888888888888,0.027777777777777776
Q4-3,2025-11-08,18095.694086908577,167.38205390090084,70.02607899602981,3669.4501834869607,1292.8913075857545,6206.1224185480696,0.013888888888888888,0.048611111111111112
Q4-3,2025-11-09,56209.647849447814,1529.3557821815189,384.65648405649108,1261.1944230276695,3669.4501834869607,6851.6985510660579,0.013888888888888888,0.055555555555555552
Q4-3,2025-11-10,60443.370560466072,1919.8610522686818,475.10639705704813,1235.5572758762446,1261.1944230276695,6148.1157935735082,0.041666666666666664,0.076388888888888895
Q4-3,2025-11-11,58567.654632228412,725.49049162124118,231.95660415437453,1315.6237771848628,1235.5572758762446,6749.4611247100302,0.027777777777777776,0.1736111111111111
Q4-3,2025-11-12,57324.11862183921,952.07175972458651,175.97697953855595,1208.9849673600256,1315.6237771848628,6326.7664788882485,0.055555555555555552,0.069444444444444448
Q4-3,2025-11-13,58844.339922458319,2414.8718243059379,604.6541979468675,1200,1208.9849673600256,6707.0896555630543,0.041666666666666664,0.069444444444444448
Q4-3,2025-11-14,17380.020577115203,145.56601588450343,65.257139870017738,1251.6184250416645,1200,6027.1702974593018,0.020833333333333332,0.034722222222222224
Q4-3,2025-11-15,20199.461956402978,935.30341072871738,282.05684664720565,3121.2894247954009,1251.6184250416645,6367.2225864181628,0.020833333333333332,0.10416666666666667
Q4-3,2025-11-16,59137.534139327312,1906.1145120064443,425.9101204212717,1200.0000000000018,3121.2894247954009,7080.0362099005497,0.034722222222222224,0.076388888888888895
Q4-3,2025-11-17,58510.883597300941,874.08007902205532,293.97511073347857,1238.8411180524945,1200.0000000000018,6562.6449596618886,0.034722222222222224,0.020833333333333332
Q4-3,2025-11-18,60237.055522690971,1311.3848525417463,323.94616570017791,1202.6379393247607,1238.8411180524945,6484.891456482751,0.027777777777777776,0.1111111111111111
Q4-3,2025-11-19,62857.927339369497,1665.2908632045283,407.30949695118676,1211.6579448444572,1202.6379393247607,6732.1961059202986,0.027777777777777776,0.0625
Q4-3,2025-11-20,59801.123686973151,1439.0422012509048,334.52672847536701,1200,1211.6579448444572,6368.1689385503432,0.034722222222222224,0.076388888888888895
Q4-3,2025-11-21,18547.431875868937,440.04433672235371,214.26561450998895,1235.5307872931535,1200,6485.7044237301106,0.020833333333333332,0.041666666666666664
Q4-3,2025-11-22,19629.564831916257,992.02493110164278,338.3159932092637,1256.5701955995646,1235.5307872931535,6387.7108149506512,0.0069444444444444441,0.1111111111111111
Q4-3,2025-11-23,60939.185964993922,1545.3164316898999,351.10358302682414,1269.2652186083469,1256.5701955995646,6680.3826780197078,0.013888888888888888,0.1111111111111111
Q4-3,2025-11-24,59887.733449813997,2105.1044043091247,544.35741406018008,1245.5915264147297,1269.2652186083469,6717.6297304650989,0.027777777777777776,0.125
Q4-3,2025-11-25,64885.309193079418,1127.1848282182991,342.61245706800361,1303.341459635516,1245.5915264147297,6622.7004554838304,0.027777777777777776,0.15972222222222221
Q4-3,2025-11-26,63921.148386138535,1075.6012787177669,256.94704591417894,1278.424197974422,1303.341459635516,6346.7319153048802,0.041666666666666664,0.1111111111111111
Q4-3,2025-11-27,62897.975707777892,925.02127993813792,215.93160863115122,1251.58337857482,1278.424197974422,6417.5555538576555,0.020833333333333332,0.097222222222222224
Q4-3,2025-11-28,18872.274891380024,764.76945203683704,257.04200259510458,1294.5872417819646,1251.58337857482,6618.1356285253241,0.013888888888888888,0.1388888888888889
Q4-3,2025-11-29,22383.99750761249,599.64936451394249,300.01314921773024,2155.7389432849404,1294.5872417819646,6735.8343602840732,0.013888888888888888,0.097222222222222224
Q4-3,2025-11-30,65490.598707307188,1489.5249882426006,371.88266690711691,1272.0355516972286,2155.7389432849404,6884.2342286709309,0.013888888888888888,0.1111111111111111
Q4-3,2025-12-01,90388.313488805856,21271.972306031072,4678.0842269126506,1228.1798451748637,1272.0355516972286,6559.5236352873226,0.034722222222222224,0.1736111111111111
Q4-3,2025-12-02,81906.719749507058,6833.2548954531185,1625.6213608314035,1222.715621392088,1228.1798451748637,6804.3711752158206,0.034722222222222224,0.097222222222222224
Q4-3,2025-12-03,76720.444782688719,5502.4140562823104,1416.0476747948594,1210.8186512790126,1222.715621392088,6852.7697103020228,0.041666666666666664,0.034722222222222224
Q4-3,2025-12-04,78969.275492003362,5881.7543215481292,1389.21262275919,1220.049659516957,1210.8186512790126,6989.2755359608818,0.041666666666666664,0.1111111111111111
Q4-3,2025-12-05,26538.735095159936,3913.1007960628322,1293.7046794991438,1249.2814334643408,1220.049659516957,6374.2965796616945,0.041666666666666664,0.0625
Q4-3,2025-12-06,28741.421515075817,3759.9776071159208,1166.5837541744299,1583.5510384333484,1249.2814334643408,6395.7808792636151,0.027777777777777776,0.097222222222222224
Q4-3,2025-12-07,80077.788764291545,5725.6433800123759,1553.4949819487524,1245.2961915475662,1583.5510384333484,7037.556385740867,0.041666666666666664,0.069444444444444448
Q4-3,2025-12-08,79932.014432617463,1043.1693470484215,193.45688245329922,1249.0511583411899,1245.2961915475662,7140.4522507540305,0.020833333333333332,0.090277777777777776
Q4-3,2025-12-09,78878.715977300031,2133.1971586911518,418.90535620065543,1231.2213983390611,1249.0511583411899,7243.2269244166027,0.048611111111111112,0.0625
Q4-3,2025-12-10,76548.658189055481,1282.7896183375342,268.52183133778658,1239.2873739562001,1231.2213983390611,6802.7997622204803,0.020833333333333332,0.14583333333333334
Q4-3,2025-12-11,76354.940442431951,1346.4692600245071,323.74989488642171,1207.423218296286,1239.2873739562001,7033.7172482447231,0.041666666666666664,0.15972222222222221
Q4-3,2025-12-12,27357.164489532628,741.19595971490673,204.82167704290771,1244.8421559606577,1207.423218296286,6263.7036988461205,0.020833333333333332,0.055555555555555552
Q4-3,2025-12-13,27384.278762192105,608.19625800401263,127.58999417833161,1277.7200125985,1244.8421559606577,6665.3195382430376,0.0069444444444444441,0.11805555555555555
Q4-3,2025-12-14,76783.003572525093,3058.2163777181127,500.05572794978508,1200.0000000000018,1277.7200125985,6786.79518342959,0.027777777777777776,0.0625
Q4-3,2025-12-15,77263.275361094755,1471.0527405554603,379.55709490648036,1222.5747270886186,1200.0000000000018,6929.52914961842,0.041666666666666664,0.069444444444444448
Q4-3,2025-12-16,78110.345256201108,692.93131975008214,132.75152947281566,1260.0557692443963,1222.5747270886186,7014.8028181317168,0.041666666666666664,0.11805555555555555
Q4-3,2025-12-17,78815.512263713172,1450.9743159139791,302.71208624767314,1239.489500515172,1260.0557692443963,6937.2103072414284,0.041666666666666664,0.090277777777777776
Q4-3,2025-12-18,74882.4861775748,762.2609784896066,218.37545551617359,1209.3925478531546,1239.489500515172,7049.6301469506152,0.041666666666666664,0.10416666666666667
Q4-3,2025-12-19,26220.778135373894,1203.9071205781265,376.54228861918637,1268.7782575530455,1209.3925478531546,6421.7248745080142,0.020833333333333332,0.1736111111111111
Q4-3,2025-12-20,26362.24150461243,356.39811927511585,115.62950788750859,1366.210386724515,1268.7782575530455,6257.4947520576934,0.013888888888888888,0.10416666666666667
Q4-3,2025-12-21,78377.371059489815,2380.9232336136847,552.3074278496332,1240.7781580523715,1366.210386724515,7067.9269071016188,0.034722222222222224,0.125
Q4-3,2025-12-22,77921.008760496887,1523.8886767666893,332.92570478520918,1269.8565227030194,1240.7781580523715,6912.6323115573341,0.027777777777777776,0.0625
Q4-3,2025-12-23,77448.856445690806,1106.5734602373859,218.22677635336689,1252.0250066838089,1269.8565227030194,6964.5518256445139,0.027777777777777776,0.090277777777777776
Q4-3,2025-12-24,76666.049800716297,1221.0803548778688,258.12165837804559,1218.2766076444896,1252.0250066838089,7070.3532056845097,0.027777777777777776,0.11805555555555555
Q4-3,2025-12-25,75354.818220294022,1673.0972367666177,386.01920462177782,1224.7809602978123,1218.2766076444896,7035.3568591670655,0.034722222222222224,0.097222222222222224
Q4-3,2025-12-26,25769.35873898345,873.4436945494283,238.10416430740707,1236.7313961414366,1224.7809602978123,6362.3758463003423,0.048611111111111112,0.14583333333333334
Q4-3,2025-12-27,26604.484791603551,1040.0147494082416,295.48239860670498,2785.0928325928853,1236.7313961414366,6492.8645212017809,0.034722222222222224,0.090277777777777776
Q4-3,2025-12-28,74542.661124456616,1686.5892314647942,338.31933490811798,1238.3175837130275,2785.0928325928853,7249.2502762147924,0.020833333333333332,0.097222222222222224
Q4-3,2025-12-29,75011.228730098985,857.20714637262472,198.46051144442777,1281.9912487561687,1238.3175837130275,6954.0029268449998,0.020833333333333332,0.090277777777777776
Q4-3,2025-12-30,74410.587263763126,1846.2380453917908,412.32725346257916,1254.0136623024737,1281.9912487561687,7103.4338477343081,0.027777777777777776,0.10416666666666667
Q4-3,2025-12-31,77465.528644444217,1169.7883980475831,333.23558250190831,1270.5725906062235,1254.0136623024737,7129.4755369308714,0.034722222222222224,0.18055555555555555
