model,date,hour,empirical,worst,premium_yuan,premium_pct,rho,ESS,history_n,S
Q4-2,2025-02-01,0,93996.789613620072,94857.762582611249,860.97296899117646,0.91595997323978828,0.60056922111398992,16,16,16
Q4-2,2025-02-02,0,135100.89538624915,136327.9599768123,1227.0645905631536,0.90825792608923983,0.58389339617084013,17,17,17
Q4-2,2025-02-03,0,133887.93096110178,135481.88824959379,1593.9572884920053,1.1905160360982103,0.57642123301889903,18,18,18
Q4-2,2025-02-04,0,128649.25754526778,130499.38966333537,1850.1321180675877,1.4381211002454375,0.5500784077564439,19,19,19
Q4-2,2025-02-05,0,126853.12042662335,128876.49700866308,2023.3765820397239,1.5950546389673637,0.53690226656170459,20,20,20
Q4-2,2025-02-06,0,88673.576107613859,90097.106381768084,1423.5302741542255,1.6053601722644251,0.54193296263604085,21,21,20
Q4-2,2025-02-07,0,39802.572135483366,40410.677566843748,608.10543136038177,1.5278043571919531,0.50323206054613412,22,22,20
Q4-2,2025-02-08,0,73608.722506900114,74788.800781354046,1180.078274453932,1.6031772244699871,0.50421817933808721,23,23,20
Q4-2,2025-02-09,0,125928.65363786275,128068.53497029425,2139.8813324314979,1.6992807201649418,0.48181906642246575,24,24,20
Q4-2,2025-02-10,0,128628.23043871815,130966.18678838688,2337.9563496687333,1.817607489191575,0.47592465186000477,25,25,20
Q4-2,2025-02-11,0,124076.19782313817,126421.07886260093,2344.8810394627653,1.8898717728320635,0.44312810957243082,26,26,20
Q4-2,2025-02-12,0,123433.45740535208,126048.65742454195,2615.2000191898696,2.1187124416369718,0.47498637217146028,27,27,20
Q4-2,2025-02-13,0,73044.733106257336,74672.068319984042,1627.3352137267066,2.2278611263586212,0.43406477949520739,28,28,20
Q4-2,2025-02-14,0,33705.405974990426,34445.23729566906,739.83132067863335,2.1949930560919206,0.44907199436828876,29,29,20
Q4-2,2025-02-15,0,73783.186202795798,75489.232681535024,1706.0464787392266,2.3122428923713079,0.42244015526711631,30,30,20
Q4-2,2025-02-16,0,110578.12316515934,113162.99394376093,2584.8707786015875,2.3375968994706398,0.39499105074779522,31,31,20
Q4-2,2025-02-17,0,117285.48709144007,120509.83006081887,3224.3429693788057,2.7491406220319314,0.40823234530406921,32,32,20
Q4-2,2025-02-18,0,109102.18037483942,112138.31907765023,3036.1387028108147,2.7828396209678363,0.36823706467613493,33,33,20
Q4-2,2025-02-19,0,106391.03425446255,109444.93177304405,3053.897518581507,2.8704463115541312,0.36211885919270304,34,34,20
Q4-2,2025-02-20,0,71778.26641143809,74112.188900969195,2333.9224895311054,3.251572664283775,0.386629017272899,35,35,20
Q4-2,2025-02-21,0,31942.55594788591,32929.477832774326,986.92188488841566,3.0896772521853633,0.37686721792799527,36,36,20
Q4-2,2025-02-22,0,69975.497299879105,72041.67379562094,2066.1764957418345,2.9527142720933597,0.362885223518495,37,37,20
Q4-2,2025-02-23,0,104932.98553740865,107907.00577586469,2974.0202384560398,2.8342091128206848,0.37655082605859236,38,38,20
Q4-2,2025-02-24,0,106002.75477112584,108939.75540110684,2937.0006299810047,2.7706833056578395,0.37210745131736772,39,39,20
Q4-2,2025-02-25,0,108142.94813415514,111279.49974098553,3136.5516068303841,2.9003755315967439,0.34247963763695288,40,40,20
Q4-2,2025-02-26,0,100607.84947519582,103249.10369423652,2641.2542190406966,2.6252963688403685,0.34824992009733119,41,41,20
Q4-2,2025-02-27,0,64578.842613134118,66339.448968224024,1760.6063550899053,2.7262897318197421,0.34714880895095784,42,42,20
Q4-2,2025-02-28,0,30954.904970374319,31760.131273636631,805.22630326231229,2.6012882418245509,0.3238301981085156,43,43,20
Q4-2,2025-03-01,0,69057.046789505897,71146.514625141426,2089.4678356355289,3.0257127009854168,0.36141590077964159,44,44,20
Q4-2,2025-03-02,0,103330.44612152329,105897.63278229028,2567.1866607669945,2.4844436050801777,0.32267646518167808,45,45,20
Q4-2,2025-03-03,0,106019.6256522733,108762.53727576559,2742.911623492284,2.5871734658718504,0.33602761106843138,46,46,20
Q4-2,2025-03-04,0,100500.75361169231,103462.83104308831,2962.0774313959992,2.9473186269235896,0.32051023056594496,47,47,20
Q4-2,2025-03-05,0,98660.081354937298,101528.20324591408,2868.1218909767776,2.9070743218409634,0.31209620637372265,48,48,20
Q4-2,2025-03-06,0,61258.278498947606,63018.731273867015,1760.4527749194094,2.8738201889719317,0.33081352549144016,49,49,20
Q4-2,2025-03-07,0,30003.603786908923,30990.044832998239,986.44104608931593,3.2877418762599309,0.33490113977965147,50,50,20
Q4-2,2025-03-08,0,66294.430773438478,68566.99404154584,2272.5632681073621,3.4279851890935742,0.31030703625767075,51,51,20
Q4-2,2025-03-09,0,98984.955815832422,102063.35112497998,3078.395309147556,3.1099628057369655,0.30141319879296163,52,52,20
Q4-2,2025-03-10,0,99628.187226025068,102432.86524953897,2804.6780235139013,2.8151450925740118,0.30874920255294974,53,53,20
Q4-2,2025-03-11,0,87859.460410934262,90555.148262520786,2695.6878515865246,3.0681816607776913,0.29636004952706346,54,54,20
Q4-2,2025-03-12,0,96375.454419743473,99297.08236186087,2921.6279421173967,3.0315062685908112,0.28432111594494236,55,55,20
Q4-2,2025-03-13,0,60087.488814582975,61669.849000663664,1582.3601860806884,2.6334270532814452,0.28409080674247056,55,55,20
Q4-2,2025-03-14,0,25641.648759292009,26181.927575400805,540.27881610879558,2.1070361784478076,0.28777842001496728,55,55,20
Q4-2,2025-03-15,0,56830.019527039149,58886.293492454919,2056.2739654157704,3.6182883316403069,0.29545906123643145,55,55,20
Q4-2,2025-03-16,0,92968.038769908919,96090.933821145896,3122.8950512369775,3.3591060891001279,0.30314358504089889,55,55,20
Q4-2,2025-03-17,0,90460.958137389753,93450.307618611987,2989.3494812222343,3.3045741972819842,0.29961679723631884,55,55,20
Q4-2,2025-03-18,0,96226.075588187698,98752.070125589395,2525.994537401697,2.6250624084598773,0.33426679279627541,55,55,20
Q4-2,2025-03-19,0,90481.974317285756,92811.778486171708,2329.8041688859521,2.5748821093538599,0.30182517407580961,55,55,20
Q4-2,2025-03-20,0,57592.938035359301,58755.175041492854,1162.2370061335532,2.0180199965141421,0.29682957364207302,55,55,20
Q4-2,2025-03-21,0,25754.16955467053,26387.80554209089,633.63598742035902,2.4603238946427242,0.30189822157196061,55,55,20
Q4-2,2025-03-22,0,55880.969277699289,58157.294950549185,2276.3256728498964,4.0735257499520783,0.30457400039910021,55,55,20
Q4-2,2025-03-23,0,85505.836371067242,88249.14544943432,2743.3090783670777,3.2083296237955139,0.31107160556040214,55,55,20
Q4-2,2025-03-24,0,86645.519975013987,89578.36971741225,2932.8497423982626,3.384883307577824,0.32063640494529294,55,55,20
Q4-2,2025-03-25,0,90281.140348827845,92702.239590795594,2421.0992419677495,2.6817331201324235,0.29443205863932248,55,55,20
Q4-2,2025-03-26,0,85421.938099573585,87769.395073435095,2347.4569738615101,2.7480727153780471,0.29690878286683009,55,55,20
Q4-2,2025-03-27,0,55677.875472730128,56810.017460011979,1132.1419872818515,2.0333785685417327,0.29393377025547579,55,55,20
Q4-2,2025-03-28,0,24853.803780208349,25454.288580396013,600.4848001876635,2.4160680010914204,0.32493437868558339,55,55,20
Q4-2,2025-03-29,0,52419.475920896031,54274.566288235103,1855.0903673390712,3.5389334493509672,0.29804070081526385,55,55,20
Q4-2,2025-03-30,0,81587.934080564621,84053.549977145361,2465.6158965807408,3.0220349667710034,0.29918975528304576,55,55,20
Q4-2,2025-03-31,0,82026.162884369507,83725.789618722454,1699.6267343529471,2.0720544209155145,0.30698900262523138,55,55,20
Q4-2,2025-04-01,0,83064.703412840085,84780.72565582543,1716.0222429853457,2.0658861977229215,0.29269162564178269,55,55,20
Q4-2,2025-04-02,0,83122.611208855698,84973.289563880477,1850.6783550247783,2.2264439580401474,0.27880690645965744,55,55,20
Q4-2,2025-04-03,0,53851.502477801521,54507.48108336539,655.97860556386877,1.218124983298785,0.29786536177042588,55,55,20
Q4-2,2025-04-04,0,23922.439266015845,24363.665436725489,441.22617070964407,1.8444029298318565,0.285278480170086,55,55,20
Q4-2,2025-04-05,0,50146.778728991507,51503.632284967374,1356.8535559758675,2.7057641395247245,0.29057772790649938,55,55,20
Q4-2,2025-04-06,0,79235.708424879937,81033.253249557893,1797.5448246779561,2.2686044719119725,0.29129312831973525,55,55,20
Q4-2,2025-04-07,0,80389.475968302169,82102.512286544224,1713.0363182420551,2.130921115740958,0.29542078571824298,55,55,20
Q4-2,2025-04-08,0,86629.736358962138,88457.22762475042,1827.4912657882815,2.1095426842993259,0.31513120167929548,55,55,20
Q4-2,2025-04-09,0,82951.709607513141,84712.776342392259,1761.0667348791176,2.1230023386035413,0.316563044311651,55,55,20
Q4-2,2025-04-10,0,50339.424049253095,50995.796261777185,656.37221252408926,1.3038929723985015,0.29489118914819867,55,55,20
Q4-2,2025-04-11,0,22829.990746514472,23169.730710724507,339.7399642100354,1.4881301003676795,0.30528880581502038,55,55,20
Q4-2,2025-04-12,0,50506.582617179622,51864.088788454639,1357.5061712750176,2.6877806830931217,0.30078865037010882,55,55,20
Q4-2,2025-04-13,0,73771.053371852118,75287.046514672329,1515.9931428202108,2.0549972835261832,0.30089606650010869,55,55,20
Q4-2,2025-04-14,0,79939.874457887796,81607.299854443059,1667.4253965552634,2.085849406022855,0.27961570311088474,55,55,20
Q4-2,2025-04-15,0,77101.401018256729,78803.28960614893,1701.888587892201,2.2073380838945056,0.29172173235106535,55,55,20
Q4-2,2025-04-16,0,76973.643326666876,78664.321432684461,1690.6781060175854,2.1964376804181507,0.30049874122570014,55,55,20
Q4-2,2025-04-17,0,46305.943578813858,46915.14432785628,609.2007490424221,1.3155994716003372,0.27471062056214518,55,55,20
Q4-2,2025-04-18,0,22180.564657442752,22595.811519064002,415.24686162124999,1.8721203361336203,0.2998467001687129,55,55,20
Q4-2,2025-04-19,0,49207.114291317092,50272.888189338802,1065.7738980217109,2.1658939228016649,0.27943742889098039,55,55,20
Q4-2,2025-04-20,0,71753.222334834543,73259.634005035361,1506.4116702008178,2.0994341733827415,0.2861048241057399,55,55,20
Q4-2,2025-04-21,0,75807.631418944293,77352.036388595807,1544.404969651514,2.0372684659101026,0.2911029717628939,55,55,20
Q4-2,2025-04-22,0,75039.187800700252,76541.462788249395,1502.2749875491427,2.0019872703567865,0.29993753431599968,55,55,20
Q4-2,2025-04-23,0,68733.007522149055,70156.959110629017,1423.9515884799621,2.0717143623041556,0.28202804391771757,55,55,20
Q4-2,2025-04-24,0,44878.576842717113,45602.164054506837,723.58721178972337,1.612322098193153,0.29284703520497724,55,55,20
Q4-2,2025-04-25,0,21649.161248527882,22033.175242109974,384.01399358209164,1.7738054106285706,0.29787723685892142,55,55,20
Q4-2,2025-04-26,0,47934.636921022189,48813.333304505933,878.69638348374428,1.8331136729615727,0.29281781720137484,55,55,20
Q4-2,2025-04-27,0,66137.109791359268,67362.814961685275,1225.7051703260076,1.8532790050740156,0.299256082924863,55,55,20
Q4-2,2025-04-28,0,77457.413152997324,78953.236659005168,1495.8235060078441,1.9311560315772747,0.29486851720501905,55,55,20
Q4-2,2025-04-29,0,71448.831224513182,72872.908577963623,1424.0773534504406,1.9931429654539423,0.3032370501877798,55,55,20
Q4-2,2025-04-30,0,66793.664427147392,67990.228964959795,1196.5645378124027,1.7914341847758752,0.30041379208150398,55,55,20
Q4-2,2025-05-01,0,41732.859460550877,42469.79141467531,736.9319541244331,1.7658314422979826,0.31273864979135502,55,55,20
Q4-2,2025-05-02,0,22971.407540463602,23576.541369386738,605.1338289231353,2.6342914680226093,0.30273121618286608,55,55,20
Q4-2,2025-05-03,0,48542.26612408337,51157.283565212543,2615.0174411291737,5.3870938667030632,0.2987705993936971,55,55,20
Q4-2,2025-05-04,0,78623.048607229211,81946.20551814932,3323.1569109201082,4.2266955680150931,0.29228521621194958,55,55,20
Q4-2,2025-05-05,0,78074.790849963247,81085.215902044758,3010.4250520815112,3.8558221153184524,0.28449841010712124,55,55,20
Q4-2,2025-05-06,0,73025.144000200395,76147.169424645661,3122.0254244452663,4.2752745882112864,0.2904858244786685,55,55,20
Q4-2,2025-05-07,0,78147.091037314269,81342.397002654383,3195.3059653401142,4.0888354549427852,0.29460147849203372,55,55,20
Q4-2,2025-05-08,0,54928.956441511604,57300.15188298672,2371.1954414751162,4.3168405065185711,0.30742069082449924,55,55,20
Q4-2,2025-05-09,0,28226.023858115615,29763.018648246893,1536.9947901312771,5.4453110287772777,0.29191997733739716,55,55,20
Q4-2,2025-05-10,0,54886.034064681604,57694.990946934697,2808.9568822530928,5.1177989631074894,0.29378404780169692,55,55,20
Q4-2,2025-05-11,0,82799.536332702803,86208.899595618917,3409.3632629161148,4.1176115397756563,0.31016022910798968,55,55,20
Q4-2,2025-05-12,0,81794.740774491802,85001.394464022189,3206.6536895303871,3.9203665897922901,0.29297902653640329,55,55,20
Q4-2,2025-05-13,0,86082.355658934976,89422.735358064689,3340.3796991297131,3.8804464324426302,0.28580735052446166,55,55,20
Q4-2,2025-05-14,0,85721.460207357595,89237.71847570673,3516.2582683491346,4.1019579692686214,0.29121151792291905,55,55,20
Q4-2,2025-05-15,0,54482.891887505604,56783.270727196403,2300.3788396907985,4.222203998349694,0.29376022875713415,55,55,20
Q4-2,2025-05-16,0,28332.532440999385,29942.779641890556,1610.2472008911718,5.6833860659805335,0.32546497987390077,55,55,20
Q4-2,2025-05-17,0,58832.720181552104,61678.105361459529,2845.3851799074255,4.8363991519121408,0.29090081813957452,55,55,20
Q4-2,2025-05-18,0,83534.891333155509,86718.746515368868,3183.8551822133595,3.8114075823902693,0.28952705508547644,55,55,20
Q4-2,2025-05-19,0,83750.581030741538,86995.602576265403,3245.0215455238649,3.874625710755053,0.28348060354194976,55,55,20
Q4-2,2025-05-20,0,82723.879242289899,85809.455198798227,3085.5759565083281,3.7299700942106329,0.29389773702792321,55,55,20
Q4-2,2025-05-21,0,80438.445261074434,83649.89871407747,3211.453453003036,3.9924360081548205,0.26523827978600639,55,55,20
Q4-2,2025-05-22,0,51763.256241641124,53792.463201649756,2029.2069600086324,3.9201686820780512,0.28755142080643831,55,55,20
Q4-2,2025-05-23,0,27195.4891550547,28695.805701471418,1500.3165464167178,5.5167845588754982,0.28437649109931296,55,55,20
Q4-2,2025-05-24,0,56230.355458314021,59091.781708813207,2861.4262504991857,5.0887571795993347,0.28508041452195321,55,55,20
Q4-2,2025-05-25,0,76039.530489781115,79138.305872213765,3098.7753824326501,4.0752163545369147,0.28471741396074907,55,55,20
Q4-2,2025-05-26,0,83702.21417098763,87083.295048869506,3381.0808778818755,4.0394162942630985,0.29134879610812453,55,55,20
Q4-2,2025-05-27,0,78538.740310359644,81719.129609636497,3180.3892992768524,4.0494529027445436,0.28304202948850143,55,55,20
Q4-2,2025-05-28,0,81598.093902965411,84769.806022917037,3171.7121199516259,3.8869929041766005,0.28439113079208544,55,55,20
Q4-2,2025-05-29,0,53096.668652238179,55317.266450105592,2220.5977978674127,4.1821791352136151,0.27952723497415594,55,55,20
Q4-2,2025-05-30,0,26720.277904738432,28215.188592955637,1494.9106882172055,5.5946674415092934,0.28150406457160254,55,55,20
Q4-2,2025-05-31,0,54338.558463255671,56990.725515222584,2652.1670519669133,4.880819673860759,0.27846388057429977,55,55,20
Q4-2,2025-06-01,0,90065.680322192027,93631.922693463188,3566.2423712711607,3.9596018799987309,0.27644445988767319,55,55,20
Q4-2,2025-06-02,0,94495.922199331821,98631.052169853909,4135.1299705220881,4.3759877402956615,0.27618334857390026,55,55,20
Q4-2,2025-06-03,0,95045.393665720199,99976.780376927229,4931.3867112070293,5.1884541912162296,0.28047901604571657,55,55,20
Q4-2,2025-06-04,0,106596.20839881702,111861.75684837723,5265.5484495602141,4.9397145814603416,0.28272635666525797,55,55,20
Q4-2,2025-06-05,0,65940.260714043383,68670.802376961074,2730.5416629176907,4.1409324642481593,0.27951133006949619,55,55,20
Q4-2,2025-06-06,0,32729.035955812276,34905.506740635545,2176.4707848232683,6.649969121491206,0.30270799165253637,55,55,20
Q4-2,2025-06-07,0,84260.325836659875,88801.94372801276,4541.6178913528856,5.3899837749938007,0.29522384771396165,55,55,20
Q4-2,2025-06-08,0,117261.13862305754,122670.16631647454,5409.027693416996,4.612805023840516,0.29591626509621755,55,55,20
Q4-2,2025-06-09,0,128601.2713239703,134060.50612865732,5459.2348046870175,4.2450861865386935,0.27997906394679728,55,55,20
Q4-2,2025-06-10,0,126090.71874905479,131501.8593851878,5411.140636133001,4.2914662473312104,0.27466194175174163,55,55,20
Q4-2,2025-06-11,0,131174.09122028266,136910.13537226478,5736.0441519821179,4.3728484021661629,0.28608987114966034,55,55,20
Q4-2,2025-06-12,0,91365.796224512233,95259.209699984145,3893.4134754719125,4.2613468457109116,0.27796182046797352,55,55,20
Q4-2,2025-06-13,0,51615.15558591146,54852.117233140183,3236.9616472287235,6.271339513528984,0.31175452256350666,55,55,20
Q4-2,2025-06-14,0,85391.071903777542,90210.6713917749,4819.5994879973587,5.6441491839197111,0.3018146085103427,55,55,20
Q4-2,2025-06-15,0,122667.45473468438,128407.94878889294,5740.4940542085678,4.6797205229574423,0.29980116988110644,55,55,20
Q4-2,2025-06-16,0,133175.20495792245,138914.23083218769,5739.0258742652368,4.3093801703391499,0.28609507765929909,55,55,20
Q4-2,2025-06-17,0,137105.71634335269,143445.56007759648,6339.8437342437974,4.6240550017382143,0.30254334146682077,55,55,20
Q4-2,2025-06-18,0,133760.25530565789,140239.73641435604,6479.4811086981499,4.8441004346857497,0.32213772401244162,55,55,20
Q4-2,2025-06-19,0,85503.52526812705,89319.018537936121,3815.4932698090706,4.4623812384860351,0.29363968372340055,55,55,20
Q4-2,2025-06-20,0,49256.515146852704,52276.646358813821,3020.1312119611175,6.1314350050078348,0.29471296585412216,55,55,20
Q4-2,2025-06-21,0,90228.576002612841,95071.734834717718,4843.1588321048766,5.367655178293651,0.29254153707074787,55,55,20
Q4-2,2025-06-22,0,123813.49557682521,129406.84404782328,5593.3484709980694,4.5175596124959139,0.28140975454981887,55,55,20
Q4-2,2025-06-23,0,133549.70513917378,139499.57703407842,5949.8718949046452,4.455174115662941,0.28507538765789986,55,55,20
Q4-2,2025-06-24,0,139633.29394184519,146163.41045182484,6530.116509979649,4.6766185381971415,0.31630251022184724,55,55,20
Q4-2,2025-06-25,0,126887.25779800143,132645.73779260641,5758.4799946049752,4.5382649877832471,0.30341464882425057,55,55,20
Q4-2,2025-06-26,0,81236.917062651977,84867.291569556255,3630.374506904278,4.4688728205976025,0.29597785631640455,55,55,20
Q4-2,2025-06-27,0,45457.959894966989,48288.31509293073,2830.3551979637414,6.2263137292202009,0.29465636225381814,55,55,20
Q4-2,2025-06-28,0,87069.820414536051,92082.372026683966,5012.5516121479159,5.7569334452320486,0.29243490756681012,55,55,20
Q4-2,2025-06-29,0,116915.88180393113,122387.02398079244,5471.1421768613072,4.6795543021575625,0.28721622714700612,55,55,20
Q4-2,2025-06-30,0,135853.36756435086,142286.58705809701,6433.2194937461463,4.7354140784908072,0.29917815569065603,55,55,20
Q4-2,2025-07-01,0,123091.12942791416,128991.69684862402,5900.5674207098637,4.7936577137066561,0.30755406485140652,55,55,20
Q4-2,2025-07-02,0,121051.84297182018,126770.07318883827,5718.2302170180919,4.7237861701529438,0.30415285654169089,55,55,20
Q4-2,2025-07-03,0,87575.39358467664,93416.739001700218,5841.3454170235782,6.6700761228958516,0.320187811160765,55,55,20
Q4-2,2025-07-04,0,46541.331842724197,50384.494961164295,3843.1631184400976,8.2575271619368174,0.30053527828705945,55,55,20
Q4-2,2025-07-05,0,97184.362130129579,102544.2383542717,5359.8762241421209,5.5151632491709623,0.31513480916969239,55,55,20
Q4-2,2025-07-06,0,131884.03625456017,138726.81501649402,6842.7787619338487,5.1884814540601676,0.30670037633593872,55,55,20
Q4-2,2025-07-07,0,147130.81706261422,154156.24564142391,7025.4285788096895,4.7749538261721902,0.30315680553314128,55,55,20
Q4-2,2025-07-08,0,153313.4733183193,160072.20720766726,6758.7338893479609,4.4084409172017391,0.30251924008997233,55,55,20
Q4-2,2025-07-09,0,156707.1835700158,163621.01622622478,6913.8326562089787,4.4119436637822806,0.30950091045417111,55,55,20
Q4-2,2025-07-10,0,103395.91471269136,108650.25303374915,5254.3383210577886,5.0817658856814107,0.30634348871687361,55,55,20
Q4-2,2025-07-11,0,65546.985922460386,69358.515771805221,3811.5298493448354,5.8149582253160137,0.29198086531209805,55,55,20
Q4-2,2025-07-12,0,111179.2155280633,116003.65974277562,4824.4442147123191,4.3393400392311321,0.2882429781320317,55,55,20
Q4-2,2025-07-13,0,146131.18102904203,153365.09708573925,7233.9160566972278,4.9502891893137946,0.31719725286014211,55,55,20
Q4-2,2025-07-14,0,150512.67133335155,157701.96420695999,7189.2928736084432,4.7765366263985642,0.29860874501235679,55,55,20
Q4-2,2025-07-15,0,154325.16281091335,161359.4393524297,7034.2765415163594,4.5580878797679247,0.29764725500914696,55,55,20
Q4-2,2025-07-16,0,149279.4038150759,155983.33389825397,6703.9300831780711,4.4908607027147163,0.28872314108518171,55,55,20
Q4-2,2025-07-17,0,103651.72879689845,108928.52723099348,5276.7984340950352,5.0908928344405302,0.28492727797079764,55,55,20
Q4-2,2025-07-18,0,67756.773336769344,72009.532737261732,4252.7594004923885,6.2765081497535791,0.26149658660281633,55,55,20
Q4-2,2025-07-19,0,106317.45124639325,111933.69505462042,5616.2438082271692,5.2825229935313134,0.29983073804668608,55,55,20
Q4-2,2025-07-20,0,143796.0204777497,151014.92088760401,7218.9004098543082,5.0202365725213749,0.28584785698283571,55,55,20
Q4-2,2025-07-21,0,152666.60652107003,160288.10997603426,7621.5034549642296,4.9922531381558999,0.30454406610009876,55,55,20
Q4-2,2025-07-22,0,149193.2462902228,156412.05750747398,7218.8112172511755,4.8385643430591818,0.29396707041756565,55,55,20
Q4-2,2025-07-23,0,155255.33643259644,162578.90995978488,7323.5735271884478,4.7171154921093139,0.26996803553659326,55,55,20
Q4-2,2025-07-24,0,111572.64462183508,117221.26917120347,5648.6245493683964,5.0627325080568664,0.2820385510997675,55,55,20
Q4-2,2025-07-25,0,61724.535938106572,65481.332973710574,3756.7970356040023,6.086391705514127,0.2944966330432971,55,55,20
Q4-2,2025-07-26,0,106714.68100672321,112447.34042685961,5732.6594201363914,5.3719501066354924,0.29387019324701574,55,55,20
Q4-2,2025-07-27,0,143747.5656596561,150782.95329848205,7035.3876388259523,4.8942655874140373,0.27494542501935071,55,55,20
Q4-2,2025-07-28,0,152193.89023148347,159774.95159941181,7581.0613679283415,4.9811864039993381,0.28952246846398316,55,55,20
Q4-2,2025-07-29,0,148197.38676136095,155584.92444117309,7387.5376798121433,4.9849311389735362,0.29108536427415893,55,55,20
Q4-2,2025-07-30,0,141582.60926914812,149325.00109061855,7742.3918214704318,5.4684624484862887,0.29793760622950982,55,55,20
Q4-2,2025-07-31,0,97638.313575804961,103518.74812056753,5880.4345447625674,6.0226711517268106,0.2962799408991203,55,55,20
Q4-2,2025-08-01,0,58764.150666334885,63126.477108546824,4362.3264422119391,7.4234484677254908,0.29489124456533256,55,55,20
Q4-2,2025-08-02,0,101313.84409564352,105963.55260864511,4649.7085130015912,4.5894108100489328,0.31809075102213274,55,55,20
Q4-2,2025-08-03,0,132467.69600832721,137523.9249129247,5056.2289045974903,3.816952401949858,0.29086887846558562,55,55,20
Q4-2,2025-08-04,0,140588.94928893168,145915.68465030711,5326.7353613754385,3.7888720189722669,0.31311416699738837,55,55,20
Q4-2,2025-08-05,0,136167.00107829482,141474.13159245689,5307.1305141620687,3.8975158974901003,0.3017998392430748,55,55,20
Q4-2,2025-08-06,0,141311.81287448405,146892.34596131882,5580.5330868347664,3.949091709545538,0.29547226004860355,55,55,20
Q4-2,2025-08-07,0,96140.512268184772,101176.23221836271,5035.7199501779396,5.2378750969526378,0.3053465238730389,55,55,20
Q4-2,2025-08-08,0,55938.004399324112,59030.20848153832,3092.204082214208,5.5279127588104826,0.33588224064934774,55,55,20
Q4-2,2025-08-09,0,87541.274643780431,91648.875114335955,4107.6004705555242,4.6921871851535402,0.29521752127078327,55,55,20
Q4-2,2025-08-10,0,122312.42495640638,127621.90429538528,5309.4793389788974,4.3409157662201991,0.29517440507795273,55,55,20
Q4-2,2025-08-11,0,125908.57192611427,131162.4463831817,5253.8744570674316,4.1727694760532286,0.29573193267364351,55,55,20
Q4-2,2025-08-12,0,133400.62142328933,138969.43746293429,5568.8160396449675,4.1745053210619831,0.29275314800637092,55,55,20
Q4-2,2025-08-13,0,123902.51749628765,129409.9292148005,5507.4117185128562,4.4449554616013964,0.31699140549348598,55,55,20
Q4-2,2025-08-14,0,88881.067205730011,93441.291258297308,4560.2240525672969,5.1307035299338777,0.30384225962424755,55,55,20
Q4-2,2025-08-15,0,55623.838752248252,58560.137035358406,2936.2982831101544,5.2788486896573117,0.31399240615041046,55,55,20
Q4-2,2025-08-16,0,91772.854107784093,95692.938164613501,3920.0840568294079,4.2715071847121644,0.30436278303549491,55,55,20
Q4-2,2025-08-17,0,122550.42452978561,127852.19181089273,5301.7672811071243,4.3261925052071382,0.30374625138843775,55,55,20
Q4-2,2025-08-18,0,128622.51281791026,133862.12224972702,5239.6094318167598,4.0736332365349126,0.29206946240008608,55,55,20
Q4-2,2025-08-19,0,128097.71861639258,133445.65124305745,5347.9326266648713,4.1748851458315528,0.30866335785971,55,55,20
Q4-2,2025-08-20,0,131032.11076326855,136319.20652521221,5287.0957619436667,4.0349619121191616,0.32137786622883646,55,55,20
Q4-2,2025-08-21,0,91240.281250882108,96223.958621539336,4983.6773706572276,5.462145997724055,0.32221117190201348,55,55,20
Q4-2,2025-08-22,0,55507.64300734274,58245.283691917037,2737.6406845742968,4.9320067224114528,0.31154083894209444,55,55,20
Q4-2,2025-08-23,0,88414.198373674561,92333.354252135759,3919.1558784611989,4.432722289577562,0.31543890307696576,55,55,20
Q4-2,2025-08-24,0,121593.68605139479,126641.91971104799,5048.2336596531968,4.1517235175512646,0.29208792431682784,55,55,20
Q4-2,2025-08-25,0,141771.65082419963,147520.12604780338,5748.4752236037457,4.0547423904458757,0.30786128626665776,55,55,20
Q4-2,2025-08-26,0,131670.28286714863,136795.94479080162,5125.6619236529805,3.89280087506505,0.3025685635682373,55,55,20
Q4-2,2025-08-27,0,127308.014929217,133051.65002417564,5743.6350949586486,4.511605257651774,0.32618814895897641,55,55,20
Q4-2,2025-08-28,0,88794.50262331561,93463.425743388332,4668.9231200727227,5.2581218230133508,0.30782368623449519,55,55,20
Q4-2,2025-08-29,0,55855.271053179633,58809.160163837034,2953.889110657401,5.2884697450398477,0.33572752813389206,55,55,20
Q4-2,2025-08-30,0,86618.831018903657,90427.463255962881,3808.6322370592243,4.3970025827617443,0.31348691569636677,55,55,20
Q4-2,2025-08-31,0,120381.03049790433,126518.93368970239,6137.903191798061,5.0987295642936914,0.32190684386885599,55,55,20
Q4-2,2025-09-01,0,121968.86689483923,125161.97324371427,3193.1063488750369,2.6179683637039153,0.28644380153085042,55,55,20
Q4-2,2025-09-02,0,110860.8635505921,113742.20399684948,2881.3404462573817,2.599060077628268,0.33535678458467305,55,55,20
Q4-2,2025-09-03,0,110649.59131168216,113856.45980897988,3206.8684972977208,2.8982199204554471,0.30947080521115139,55,55,20
Q4-2,2025-09-04,0,74050.956663824822,76062.917264394026,2011.960600569204,2.7169947441773923,0.31800724159018945,55,55,20
Q4-2,2025-09-05,0,44845.733469934319,46319.728318071167,1473.9948481368483,3.2868117746921222,0.33148293667268031,55,55,20
Q4-2,2025-09-06,0,72459.277597573629,74853.287763585409,2394.0101660117798,3.3039387713850843,0.31326866633098044,55,55,20
Q4-2,2025-09-07,0,92471.590418996202,95445.276950596075,2973.686531599873,3.2157839160393609,0.32159787016834157,55,55,20
Q4-2,2025-09-08,0,91247.019487734826,94249.938930640114,3002.9194429052877,3.2909781160675999,0.3112058061175228,55,55,20
Q4-2,2025-09-09,0,87467.378141536232,90627.685158915279,3160.3070173790475,3.6131264987332434,0.34230130094561095,55,55,20
Q4-2,2025-09-10,0,93996.093066558853,96886.1431521388,2890.0500855799473,3.0746491596554959,0.30420561147736647,55,55,20
Q4-2,2025-09-11,0,63939.09311995242,66129.252569406264,2190.159449453844,3.4253839749416093,0.30939460670681596,55,55,20
Q4-2,2025-09-12,0,32614.731596007568,33941.091664168518,1326.3600681609496,4.066751444072314,0.31285055877546164,55,55,20
Q4-2,2025-09-13,0,61343.654891676131,63509.575463144021,2165.9205714678901,3.5307980512289117,0.30377645423808264,55,55,20
Q4-2,2025-09-14,0,96129.009947008119,99390.469783423192,3261.4598364150734,3.3927945770095613,0.32021057283195697,55,55,20
Q4-2,2025-09-15,0,85155.851326359087,88109.788023418645,2953.9366970595584,3.468859333856722,0.31449949295585578,55,55,20
Q4-2,2025-09-16,0,97047.128602102282,100657.85960172827,3610.7309996259864,3.7205953969335459,0.29585485430700759,55,55,20
Q4-2,2025-09-17,0,90526.71897347708,93808.921898697183,3282.2029252201028,3.6256731299206146,0.31908930379002914,55,55,20
Q4-2,2025-09-18,0,56922.700870567787,58689.215842902238,1766.5149723344512,3.1033576153584042,0.29477396987881432,55,55,20
Q4-2,2025-09-19,0,31484.818446076286,32881.722544726843,1396.904098650557,4.4367544981814611,0.31412419397238783,55,55,20
Q4-2,2025-09-20,0,62053.915552681625,64638.04917313419,2584.1336204525651,4.1643361219627195,0.29617191512843161,55,55,20
Q4-2,2025-09-21,0,88608.514012824104,91901.073205669119,3292.5591928450158,3.7158496895326465,0.30308018583963053,55,55,20
Q4-2,2025-09-22,0,97993.728998775419,101722.67167605661,3728.9426772811858,3.8052870478352485,0.31289503673250696,55,55,20
Q4-2,2025-09-23,0,98509.108936237273,102243.86131597824,3734.7523797409667,3.7912761774734793,0.30511044340465165,55,55,20
Q4-2,2025-09-24,0,90204.364031998717,93354.86995453322,3150.505922534503,3.4926313780305529,0.28575232336290524,55,55,20
Q4-2,2025-09-25,0,62192.235830259022,64453.580016687651,2261.3441864286287,3.6360554597208994,0.28096829525130884,55,55,20
Q4-2,2025-09-26,0,33125.37462638841,34520.240174827501,1394.8655484390911,4.2108672405108738,0.3164900769998083,55,55,20
Q4-2,2025-09-27,0,61458.579243675296,63881.510349704055,2422.9311060287582,3.9423806014489138,0.2898503021478922,55,55,20
Q4-2,2025-09-28,0,92298.22769880126,95905.473711951345,3607.2460131500848,3.9082505732630946,0.31828562528385607,55,55,20
Q4-2,2025-09-29,0,100558.79243868947,103895.73054657807,3336.9381078885926,3.3183951666117206,0.2914275985781557,55,55,20
Q4-2,2025-09-30,0,99206.768239067867,102393.26225677101,3186.4940177031385,3.211972402955765,0.2758214792209166,55,55,20
Q4-2,2025-10-01,0,95898.003162255365,99024.799962366436,3126.7968001110712,3.2605442209476143,0.29208949186573108,55,55,20
Q4-2,2025-10-02,0,67475.823400445224,69869.903556573481,2394.0801561282569,3.5480562303334073,0.2964571590919633,55,55,20
Q4-2,2025-10-03,0,32145.02898859066,33356.192852513195,1211.1638639225348,3.7678107689758766,0.29499375675812278,55,55,20
Q4-2,2025-10-04,0,67594.918336293005,70145.501031540582,2550.5826952475763,3.7733349755052714,0.30876436006140418,55,55,20
Q4-2,2025-10-05,0,96331.734682885202,99502.744277976541,3171.0095950913383,3.2917600887495624,0.27924120321442131,55,55,20
Q4-2,2025-10-06,0,95081.023128446279,98231.136818775354,3150.1136903290753,3.3130835015032778,0.29115906329686303,55,55,20
Q4-2,2025-10-07,0,84647.213566988648,87708.74848398086,3061.5349169922119,3.6168171260231308,0.29597166096096322,55,55,20
Q4-2,2025-10-08,0,79688.903858414094,82612.546056746083,2923.6421983319888,3.6688196935504624,0.29222189351826067,55,55,20
Q4-2,2025-10-09,0,58904.619596986755,61045.739828208149,2141.1202312213936,3.6348935717953834,0.27221548891959607,55,55,20
Q4-2,2025-10-10,0,28288.324186437039,29653.338243415521,1365.0140569784817,4.8253620397667341,0.30249346477152078,55,55,20
Q4-2,2025-10-11,0,55479.095822196599,57848.881551812723,2369.7857296161237,4.2714930632809622,0.28812794021718063,55,55,20
Q4-2,2025-10-12,0,86227.167569855039,89322.850692769804,3095.6831229147647,3.590148221448719,0.27390467093815196,55,55,20
Q4-2,2025-10-13,0,91462.113497130078,94994.511457688292,3532.3979605582135,3.8621433788199599,0.28872689280090696,55,55,20
Q4-2,2025-10-14,0,91983.970324165653,95498.894344709741,3514.9240205440874,3.8212353828139367,0.30201063468286926,55,55,20
Q4-2,2025-10-15,0,91110.84750968669,94633.488733223145,3522.6412235364551,3.8663247240257936,0.30135493821872084,55,55,20
Q4-2,2025-10-16,0,58814.61651108825,61074.244327857086,2259.6278167688361,3.8419494180376601,0.30723491933003177,55,55,20
Q4-2,2025-10-17,0,27297.212605397137,28428.917138218661,1131.7045328215245,4.1458611513974342,0.29900926534684169,55,55,20
Q4-2,2025-10-18,0,57550.538752567038,60128.525828873593,2577.9870763065555,4.4795185799916926,0.30980159547415725,55,55,20
Q4-2,2025-10-19,0,88344.443503390634,91791.561041745736,3447.1175383551017,3.90190644895827,0.27480373199971891,55,55,20
Q4-2,2025-10-20,0,98201.625525644267,102182.46973674999,3980.8442111057229,4.0537457397445742,0.30153949783023376,55,55,20
Q4-2,2025-10-21,0,97094.378271807218,100926.02740401603,3831.6491322088114,3.9463140919265616,0.28924627292124133,55,55,20
Q4-2,2025-10-22,0,96602.768953764127,99976.559685302986,3373.7907315388584,3.4924368815490325,0.28497423555093432,55,55,20
Q4-2,2025-10-23,0,69366.418033456575,71597.683265398227,2231.265231941652,3.2166360829897211,0.30217353969867583,55,55,20
Q4-2,2025-10-24,0,29520.402769763867,30642.952274480551,1122.5495047166842,3.802622591133642,0.29155791199786885,55,55,20
Q4-2,2025-10-25,0,63337.825536223507,65647.877576760933,2310.0520405374264,3.6471918967541539,0.30057372417129075,55,55,20
Q4-2,2025-10-26,0,99545.343894474616,103206.11653354351,3660.7726390688913,3.6774925836306149,0.29681253520826323,55,55,20
Q4-2,2025-10-27,0,99758.846812048752,103376.35613805157,3617.5093260028225,3.6262541534971993,0.31053090530951355,55,55,20
Q4-2,2025-10-28,0,100003.13956395502,103476.94462263116,3473.8050586761383,3.4736959997686334,0.30369875735668767,55,55,20
Q4-2,2025-10-29,0,104138.09483692801,107696.76331647884,3558.6684795508336,3.4172590588712248,0.31279871312066487,55,55,20
Q4-2,2025-10-30,0,62190.253538841702,64252.363141483322,2062.1096026416199,3.315808322527114,0.30542322025219637,55,55,20
Q4-2,2025-10-31,0,32973.287546260304,34194.772304314232,1221.4847580539281,3.7044676128827891,0.30214066108906634,55,55,20
Q4-2,2025-11-01,0,65429.267506319724,67629.139224530954,2199.8717182112305,3.3622135812520826,0.29420048942016208,55,55,20
Q4-2,2025-11-02,0,101535.85101278865,104370.40096622042,2834.5499534317642,2.7916740000285767,0.30438326193096588,55,55,20
Q4-2,2025-11-03,0,111171.4353253455,114216.62658212068,3045.1912567751715,2.7391849784644373,0.30366706973542856,55,55,20
Q4-2,2025-11-04,0,108430.99593210746,111310.21627303572,2879.2203409282665,2.6553480544724062,0.27278061928095093,55,55,20
Q4-2,2025-11-05,0,112015.69995574435,114845.72542234973,2830.0254666053806,2.526454298570191,0.29730530094212837,55,55,20
Q4-2,2025-11-06,0,71017.715358984482,73316.502681907499,2298.7873229230172,3.2369209728910109,0.30140024973769725,55,55,20
Q4-2,2025-11-07,0,32772.569967128715,33899.278610141126,1126.7086430124109,3.4379624306013046,0.29528897726292019,55,55,20
Q4-2,2025-11-08,0,70440.019851562596,72708.487840952206,2268.46798938961,3.220424971727609,0.27414445893254619,55,55,20
Q4-2,2025-11-09,0,110357.28049405952,113423.35031823849,3066.0698241789651,2.778312233187008,0.29499188834596901,55,55,20
Q4-2,2025-11-10,0,115602.35542884628,118448.32788277409,2845.9724539278104,2.4618637253282616,0.28181230676868174,55,55,20
Q4-2,2025-11-11,0,118747.28178215152,121799.16953845236,3051.8877563008427,2.5700695716973865,0.28709453994440076,55,55,20
Q4-2,2025-11-12,0,116647.2113208404,119899.20158375369,3251.9902629132848,2.7878851333776211,0.28966548416509075,55,55,20
Q4-2,2025-11-13,0,72876.211797560085,75531.922398678449,2655.7106011183641,3.6441391993529582,0.28343935563820577,55,55,20
Q4-2,2025-11-14,0,33742.91513360411,35346.157211498969,1603.2420778948581,4.751344309010852,0.29862756789615563,55,55,20
Q4-2,2025-11-15,0,74209.318103257392,76652.464350614973,2443.1462473575812,3.2922364870111132,0.27666049648435187,55,55,20
Q4-2,2025-11-16,0,114417.04578040616,117421.85342075341,3004.8076403472514,2.6261887989261767,0.29323441707351749,55,55,20
Q4-2,2025-11-17,0,114868.36387429372,117956.47751556881,3088.113641275093,2.6883935115978197,0.29443852973726259,55,55,20
Q4-2,2025-11-18,0,116692.42467644298,119740.65042909607,3048.2257526530884,2.6121882042514866,0.28873094512322833,55,55,20
Q4-2,2025-11-19,0,117505.85559560783,120732.65950572134,3226.8039101135073,2.746079243249322,0.30288534817082136,55,55,20
Q4-2,2025-11-20,0,74815.535411108227,77059.449250557198,2243.913839448971,2.9992618874125077,0.28792466032482067,55,55,20
Q4-2,2025-11-21,0,36480.963500415048,37890.783742882631,1409.8202424675837,3.8645367533989283,0.28844455595223445,55,55,20
Q4-2,2025-11-22,0,77174.900568178651,79856.994490890705,2682.0939227120543,3.4753448374612583,0.29601033958105538,55,55,20
Q4-2,2025-11-23,0,114814.35174245412,117928.32905504848,3113.9773125943611,2.7121847272016053,0.29189255777269069,55,55,20
Q4-2,2025-11-24,0,118480.70853666367,121610.5743087888,3129.865772125122,2.6416669943838178,0.29288886618188092,55,55,20
Q4-2,2025-11-25,0,129534.26798015021,132872.19386658457,3337.9258864343574,2.5768670626570067,0.29164790002468133,55,55,20
Q4-2,2025-11-26,0,124319.33331663048,127548.51673287271,3229.183416242231,2.5974909373249089,0.29940920050564046,55,55,20
Q4-2,2025-11-27,0,79920.298839172261,81997.681592913956,2077.3827537416946,2.5993180505019309,0.30540445063407445,55,55,20
Q4-2,2025-11-28,0,38611.936497510425,39964.640059083249,1352.7035615728237,3.5033300172863324,0.28225379598781497,55,55,20
Q4-2,2025-11-29,0,82742.559789336665,85321.774538010228,2579.214748673563,3.1171560986755331,0.29498252833158317,55,55,20
Q4-2,2025-11-30,0,121256.39009009395,124266.01532099469,3009.6252309007396,2.482034331274896,0.29366352834323578,55,55,20
Q4-2,2025-12-01,0,130676.52465102922,133703.19571902938,3026.6710680001561,2.3161551595306529,0.28118571836101652,55,55,20
Q4-2,2025-12-02,0,142439.27612817276,146493.63422563311,4054.3580974603537,2.8463765105153138,0.32028279435743429,55,55,20
Q4-2,2025-12-03,0,134847.50399211189,139068.2602421827,4220.7562500708154,3.1300217839536071,0.31442467020788023,55,55,20
Q4-2,2025-12-04,0,95734.967652283347,98863.328861754824,3128.3612094714772,3.2677309933752952,0.31609169566489698,55,55,20
Q4-2,2025-12-05,0,48631.707576150351,50900.553603706408,2268.8460275560574,4.6653636909692375,0.30103280457573633,55,55,20
Q4-2,2025-12-06,0,96716.312529405273,99750.848245764006,3034.5357163587323,3.1375634957506504,0.30833843403507954,55,55,20
Q4-2,2025-12-07,0,147890.72577472383,151873.36455027221,3982.6387755483738,2.6929604643464833,0.30488184380221078,55,55,20
Q4-2,2025-12-08,0,160445.04599692253,164430.48954411715,3985.4435471946199,2.4839928976498671,0.29187671928844627,55,55,20
Q4-2,2025-12-09,0,158168.40498020616,161888.06197768409,3719.6569974779268,2.3517067128187907,0.31282946275511914,55,55,20
Q4-2,2025-12-10,0,152493.43989175704,156274.07830952154,3780.6384177645086,2.4792138077861514,0.3174255301250502,55,55,20
Q4-2,2025-12-11,0,103950.59567313947,107110.65415029462,3160.0584771551512,3.039961874861774,0.2927906299907822,55,55,20
Q4-2,2025-12-12,0,56520.617092711145,58924.561166196683,2403.944073485538,4.2532162547735952,0.29210097568611765,55,55,20
Q4-2,2025-12-13,0,101914.5494352885,104965.40391638171,3050.8544810932071,2.9935416464067943,0.29911526206360811,55,55,20
Q4-2,2025-12-14,0,148750.17630190117,152767.01920096588,4016.842899064708,2.7003953870361697,0.29128112475926887,55,55,20
Q4-2,2025-12-15,0,152889.19392658269,157145.76839646255,4256.5744698798517,2.7840911189078943,0.28661420159097467,55,55,20
Q4-2,2025-12-16,0,159631.06409459782,163746.87616426073,4115.8120696629048,2.5783277791244119,0.31078204818643601,55,55,20
Q4-2,2025-12-17,0,156843.21873971046,160722.03744389251,3878.8187041820493,2.4730547710954287,0.29440842905201176,55,55,20
Q4-2,2025-12-18,0,103309.63100736754,106268.86824834328,2959.2372409757372,2.8644350116444617,0.29603244927566696,55,55,20
Q4-2,2025-12-19,0,57558.627856850828,59889.043501558161,2330.4156447073328,4.0487685886173574,0.29571934506221909,55,55,20
Q4-2,2025-12-20,0,105333.91629108839,108409.91663658083,3076.0003454924445,2.9202373307681606,0.29705414954655363,55,55,20
Q4-2,2025-12-21,0,156186.06791893515,160193.73183398193,4007.6639150467818,2.565954805345938,0.30024894682505665,55,55,20
Q4-2,2025-12-22,0,158231.11545999747,162386.7711006942,4155.6556406967284,2.6263201321786278,0.29758964136718763,55,55,20
Q4-2,2025-12-23,0,158647.70967257352,163091.60936857373,4443.8996960002114,2.8011117873506075,0.27702580234738361,55,55,20
Q4-2,2025-12-24,0,154845.19155467799,159178.36457257546,4333.1730178974685,2.7983904274918148,0.29432639834457081,55,55,20
Q4-2,2025-12-25,0,101070.53376319337,104631.71774712298,3561.1839839296154,3.5234641109874953,0.30372127152474337,55,55,20
Q4-2,2025-12-26,0,56553.777416646255,59184.015968518215,2630.2385518719602,4.6508627222091814,0.3048048422598138,55,55,20
Q4-2,2025-12-27,0,102597.44856202943,106053.3016956241,3455.8531335946755,3.3683616717868903,0.28153613802774363,55,55,20
Q4-2,2025-12-28,0,153173.38956565189,157652.33243218067,4478.9428665287851,2.9240998578340172,0.26328216358219692,55,55,20
Q4-2,2025-12-29,0,155098.91460043506,159618.05963529984,4519.1450348647777,2.9137180273034025,0.29592271985189006,55,55,20
Q4-2,2025-12-30,0,153774.01825918077,158231.35012676657,4457.3318675858027,2.8986248249513347,0.29600158979060898,55,55,20
Q4-2,2025-12-31,0,154432.31286406351,158942.72206393388,4510.4091998703661,2.9206382500018391,0.29176838204438732,55,55,20
Q4-3,2025-02-01,0,22087.823303215948,22373.81909362545,285.99579040950266,1.2948120169354205,0.56216742525935381,17,17,17
Q4-3,2025-02-01,6,23902.566092289664,24081.127739083662,178.56164679399808,0.74703965300024766,0.62135646805281031,16.787332686963612,17,17
Q4-3,2025-02-01,12,48105.01292632526,48523.752225259668,418.739298934408,0.87046915375685874,0.59932996888223122,14.864120869534792,17,17
Q4-3,2025-02-01,18,52366.212438225892,53234.596519600811,868.38408137491933,1.6582907965690952,0.57421683523864409,15.699332576373415,17,17
Q4-3,2025-02-02,0,69167.947408519191,70187.169261792602,1019.2218532734114,1.4735464784775054,0.57741699601679308,18,18,18
Q4-3,2025-02-02,6,63263.206601098398,63827.097687037749,563.89108593935089,0.89134129652157501,0.59067935768874347,16.677925344939005,18,18
Q4-3,2025-02-02,12,68635.799312847332,69267.467538833676,631.66822598634462,0.92031888942847306,0.58115762032963847,16.17408425116087,18,18
Q4-3,2025-02-02,18,60703.355455320321,61990.022033516696,1286.6665781963748,2.1195971269551972,0.60046478184059437,16.7925961512349,18,18
Q4-3,2025-02-03,0,67684.264837310868,68860.050465412831,1175.7856281019631,1.737162442301976,0.5521548141308219,19,19,19
Q4-3,2025-02-03,6,61589.744293248281,62220.142228977937,630.39793572965573,1.0235436807922715,0.59669777675864732,18.586549081357365,19,19
Q4-3,2025-02-03,12,67231.030022766412,67972.263455335269,741.2334325688571,1.102516847232371,0.5743262928670072,17.460052340656151,19,19
Q4-3,2025-02-03,18,66215.370935774437,67597.426015536243,1382.0550797618052,2.0872118667164541,0.5965299129433328,18.447027525965542,19,19
Q4-3,2025-02-04,0,70036.719378057693,71855.193042531741,1818.4736644740478,2.596457516317896,0.5285776250984856,20,20,20
Q4-3,2025-02-04,6,63340.928585530288,64462.049456964785,1121.1208714344975,1.7699785848902305,0.55967150856611991,19.229740769847375,20,20
Q4-3,2025-02-04,12,63415.281683786481,64045.71904639338,630.43736260689911,0.99414107430841891,0.56640745113537638,17.777733308421123,20,20
Q4-3,2025-02-04,18,66535.634345489976,68153.465171353062,1617.8308258630859,2.4315253649832336,0.55079859594270408,18.783822957040673,20,20
Q4-3,2025-02-05,0,65658.224826273843,67307.373460445044,1649.1486341712007,2.5117167552651809,0.50852146698788736,21,21,20
Q4-3,2025-02-05,6,61125.6288892585,61954.564856368925,828.93596711042483,1.3561185090008809,0.5172061515904347,19.158879737253411,21,20
Q4-3,2025-02-05,12,67838.372341258742,68396.825274353439,558.45293309469707,0.82321098490603095,0.5660633679239816,18.43005748736628,21,20
Q4-3,2025-02-05,18,64093.059043002191,65623.374317511771,1530.3152745095795,2.3876458658071531,0.56556337855921168,20.458180875465338,21,20
Q4-3,2025-02-06,0,71575.589195722467,73464.600333859184,1889.0111381367169,2.6391834972831818,0.52171457715808656,22,22,20
Q4-3,2025-02-06,6,58829.800576270725,59517.833270116491,688.03269384576561,1.1695308960868456,0.51721289162490591,20.817151039547593,22,20
Q4-3,2025-02-06,12,50626.343068738104,51134.393791462026,508.05072272392135,1.0035303597459411,0.50876337573896624,19.660916370045509,22,20
Q4-3,2025-02-06,18,23427.745154714106,24075.924367056483,648.17921234237656,2.7667161652215277,0.51693405556180416,20.305072497447622,22,20
Q4-3,2025-02-07,0,22005.785377462696,22782.783910041333,776.99853257863651,3.530882989408779,0.4925793713416155,23,23,20
Q4-3,2025-02-07,6,17446.26400461328,17686.930400593566,240.66639598028632,1.3794723954460908,0.48664255426352743,20.616034366288574,23,20
Q4-3,2025-02-07,12,17648.062020330806,18042.474561167171,394.41254083636522,2.2348773501702057,0.50638700167403961,20.313218086474723,23,20
Q4-3,2025-02-07,18,15575.180302194301,16404.362357667327,829.18205547302568,5.3237396895893907,0.52236628759150872,21.579776297471867,23,20
Q4-3,2025-02-08,0,16375.629797546271,16818.219097609268,442.5893000629967,2.7027314706962624,0.4664253967209287,24,24,20
Q4-3,2025-02-08,6,19806.226437855625,20163.045368731404,356.81893087577919,1.8015492855004034,0.47385412140396971,19.631981675203651,24,20
Q4-3,2025-02-08,12,36366.816235007958,37184.56001503591,817.74378002795129,2.2485987630689541,0.49005436172263805,21.110668503013699,24,20
Q4-3,2025-02-08,18,54966.818383156307,56483.854631928465,1517.0362487721577,2.7599127862874884,0.49559443804970627,21.840644372533127,24,20
Q4-3,2025-02-09,0,66298.575249227026,68071.27646904721,1772.7012198201846,2.6738149547804291,0.4697453717365902,25,25,20
Q4-3,2025-02-09,6,60776.164448397496,61530.04852611346,753.88407771596394,1.2404272045763109,0.47786680200652559,21.22084459526814,25,20
Q4-3,2025-02-09,12,61674.827962153518,62344.413804700649,669.5858425471306,1.0856711962909937,0.5182133865419194,22.5381336077232,25,20
Q4-3,2025-02-09,18,56900.764505872023,58316.609267760403,1415.8447618883802,2.488270191417663,0.49618621125440848,23.544053889239908,25,20
Q4-3,2025-02-10,0,65067.78431450935,66715.931023622485,1648.1467091131344,2.5329688516005255,0.46122629280626665,26,26,20
Q4-3,2025-02-10,6,55796.898990400136,56301.302824592596,504.40383419246064,0.90399976220765232,0.45412024572495485,20.789373061017645,26,20
Q4-3,2025-02-10,12,58238.44923220326,59150.385707568646,911.93647536538629,1.5658666866787518,0.4692553826501345,22.215118267869741,26,20
Q4-3,2025-02-10,18,51339.174287944654,52682.080929268814,1342.9066413241599,2.615754265528758,0.46661054797976714,22.925727837690321,26,20
Q4-3,2025-02-11,0,63751.349436136006,65491.580870283338,1740.231434147332,2.7297170170345053,0.44228936269391933,27,27,20
Q4-3,2025-02-11,6,56096.215375073822,56596.90799320997,500.69261813614867,0.89256042459975315,0.45736205202723645,20.860300108972517,27,20
Q4-3,2025-02-11,12,54443.574964073108,55027.865687752834,584.29072367972549,1.0732041826152949,0.46068985978337429,22.217214845792316,27,20
Q4-3,2025-02-11,18,60089.163332654018,61800.682592299563,1711.5192596455454,2.8482993683412783,0.43561119254309871,25.937039731850991,27,20
Q4-3,2025-02-12,0,64046.556768058945,65715.047772279097,1668.4910042201518,2.6051220993229984,0.43244792514861163,28,28,20
Q4-3,2025-02-12,6,55327.780973420886,55768.714359876991,440.93338645610493,0.79694753467145496,0.46437151828905265,22.413920995846336,28,20
Q4-3,2025-02-12,12,54569.163953559953,55386.307244336,817.14329077604634,1.4974451348960693,0.42850511530885671,24.055940635993043,28,20
Q4-3,2025-02-12,18,58652.14716124718,60287.854205232084,1635.7070439849049,2.7888272180181195,0.43048438055670757,26.19941727764569,28,20
Q4-3,2025-02-13,0,58896.854295306082,60431.789985047413,1534.9356897413309,2.6061420564929216,0.40727077776069587,29,29,20
Q4-3,2025-02-13,6,46671.09559836072,47129.153214352496,458.0576159917764,0.98145888824574534,0.41743108124891576,23.815103332310603,29,20
Q4-3,2025-02-13,12,38806.127931879906,39590.39108394408,784.26315206417348,2.020977597767204,0.41229405404160191,23.927201562724406,29,20
Q4-3,2025-02-13,18,22971.030999162776,23663.455462035974,692.42446287319763,3.0143377669832772,0.44646053447230183,25.781627334018296,29,20
Q4-3,2025-02-14,0,16960.229187431476,17489.991852281997,529.76266485052111,3.1235584082973666,0.40065817953105576,30,30,20
Q4-3,2025-02-14,6,14261.571045854049,14491.204720197138,229.6336743430893,1.6101569287476636,0.4008752483728924,27.99832877418568,30,20
Q4-3,2025-02-14,12,16068.912028469233,16469.741061539818,400.82903307058587,2.494437908182201,0.41230294808424339,25.983647724423623,30,20
Q4-3,2025-02-14,18,12589.798177988068,13082.20284172209,492.4046637340216,3.911140248419076,0.44395687959387636,27.076426394106281,30,20
Q4-3,2025-02-15,0,17462.503186095018,18003.45753429698,540.95434820196169,3.0978052942187029,0.3981912534927205,31,31,20
Q4-3,2025-02-15,6,18916.226637935535,19197.210361148129,280.98372321259376,1.4854110631614903,0.40960725865088488,27.342007448312106,31,20
Q4-3,2025-02-15,12,32997.035215488489,33935.629436590512,938.59422110202286,2.8444804661161172,0.40006066646282101,28.198666265517435,31,20
Q4-3,2025-02-15,18,41439.184191023407,42970.663302130786,1531.4791111073791,3.6957269816116023,0.42331137639084115,28.469973676407726,31,20
Q4-3,2025-02-16,0,60908.92542152328,62792.451823837764,1883.5264023144846,3.0923651817519993,0.39665322559088312,32,32,20
Q4-3,2025-02-16,6,52847.299677266426,53478.99344064638,631.69376337995345,1.1953189041590484,0.36924165033498962,26.067564738499517,32,20
Q4-3,2025-02-16,12,52072.97623157721,53227.088709986943,1154.1124784097337,2.21633669117971,0.41081402484654139,28.589652884779706,32,20
Q4-3,2025-02-16,18,44178.927744864988,45941.189811527132,1762.2620666621442,3.9889199593962088,0.43552617223760132,29.065356007257996,32,20
Q4-3,2025-02-17,0,62032.890517674619,64185.432611022377,2152.5420933477581,3.4700012773618116,0.40446039580620374,33,33,20
Q4-3,2025-02-17,6,53281.712576269536,54128.968141663165,847.25556539362879,1.5901432676001859,0.37971023978645507,28.265079228151809,33,20
Q4-3,2025-02-17,12,50705.149603966187,51978.711860797222,1273.5622568310355,2.5117020002469737,0.36463634849498289,31.085279680341895,33,20
Q4-3,2025-02-17,18,45439.83274279577,47434.420779655607,1994.5880368598373,4.3895144776387118,0.39430175391482236,31.40133007329289,33,20
Q4-3,2025-02-18,0,55127.169690646333,57034.739684713502,1907.5699940671693,3.4603082377922867,0.37465883547814632,34,34,20
Q4-3,2025-02-18,6,49435.866673131059,50279.239506242273,843.37283311121428,1.7059938256723139,0.31921353345634229,26.633628975398231,34,20
Q4-3,2025-02-18,12,55627.350057645555,57031.552185124659,1404.2021274791041,2.5243016717926725,0.38772141303892405,29.729152809013804,34,20
Q4-3,2025-02-18,18,48309.088941329399,49975.186128479829,1666.0971871504298,3.4488275884769326,0.42469513635736728,30.224828655491287,34,20
Q4-3,2025-02-19,0,55945.335272523349,57745.966280092456,1800.6310075691072,3.2185543241412207,0.35206580186178821,35,35,20
Q4-3,2025-02-19,6,50383.840108304095,51201.434338001454,817.59422969735897,1.6227310739710843,0.35030012872272692,27.739367054304076,35,20
Q4-3,2025-02-19,12,50299.643648777987,51431.302991955614,1131.6593431776273,2.2498357067488373,0.38135471971947571,29.198718900654242,35,20
Q4-3,2025-02-19,18,44346.984893154273,45594.088917964822,1247.1040248105492,2.8121506519895645,0.39697040037625025,29.491099925221508,35,20
Q4-3,2025-02-20,0,57036.540176686773,58954.611248799396,1918.0710721126234,3.3628811743679599,0.35132338124716994,36,36,20
Q4-3,2025-02-20,6,47057.403991439016,47952.365871004222,894.96187956520589,1.9018513637684364,0.35368582593388187,29.419430692766678,36,20
Q4-3,2025-02-20,12,36906.013110300773,37832.544600287663,926.53148998688994,2.5105163411115905,0.33796767986633935,31.22495549760222,36,20
Q4-3,2025-02-20,18,21441.490422430055,22035.287742695269,593.79732026521378,2.769384537019115,0.36807181896201363,33.467478520929852,36,20
Q4-3,2025-02-21,0,15783.319825560742,16371.905659952752,588.58583439200993,3.7291637050831827,0.35299719791059153,37,37,20
Q4-3,2025-02-21,6,13409.045758720144,13743.720755179929,334.67499645978569,2.4958897335564778,0.34648984213315775,31.978812392364723,37,20
Q4-3,2025-02-21,12,17439.434423624218,18112.388692706576,672.95426908235822,3.8588078760785072,0.35489955896143027,32.765021946453501,37,20
Q4-3,2025-02-21,18,13580.759701554602,14076.272963955766,495.51326240116396,3.6486417055479059,0.36947079428350488,33.121437452797856,37,20
Q4-3,2025-02-22,0,17417.674797378371,18033.00684463455,615.33204725617907,3.5328024803218616,0.36254806582607008,38,38,20
Q4-3,2025-02-22,6,19553.324495033059,19946.914972715196,393.59047768213713,2.0129082283788513,0.32008539054668311,30.492796960702638,38,20
Q4-3,2025-02-22,12,29937.645993645463,30731.772293228678,794.12629958321486,2.6526010086156182,0.35376043204374957,32.347379009152583,38,20
Q4-3,2025-02-22,18,44446.854196445274,45838.778044820094,1391.9238483748195,3.131658862116149,0.35620126274405894,35.348954919840551,38,20
Q4-3,2025-02-23,0,57948.701143371443,59907.952086586185,1959.2509432147417,3.3810092453450125,0.35099463504641526,39,39,20
Q4-3,2025-02-23,6,52438.129998165321,53388.556112352118,950.42611418679735,1.8124714100599126,0.31434949672257034,32.352519780888599,39,20
Q4-3,2025-02-23,12,53975.877563199436,55285.63020725656,1309.7526440571237,2.4265518286822774,0.33396339993965124,32.938622979454315,39,20
Q4-3,2025-02-23,18,47154.475823326531,48512.559888557342,1358.0840652308107,2.8800745666628602,0.35201999620031549,35.864472883500895,39,20
Q4-3,2025-02-24,0,55214.528001847881,57020.757791899123,1806.2297900512422,3.2712944498788366,0.35887158823944726,40,40,20
Q4-3,2025-02-24,6,48529.290412375063,49599.93708479093,1070.6466724158672,2.2061865387235313,0.33961710431865899,36.585914600294558,40,20
Q4-3,2025-02-24,12,48700.878924862467,49793.706909869099,1092.8279850066319,2.2439594708191679,0.34613309693960997,34.855708657402744,40,20
Q4-3,2025-02-24,18,43766.91893590719,45093.714523743729,1326.7955878365392,3.0315032908291295,0.34386570952756929,36.948076184050372,40,20
Q4-3,2025-02-25,0,55550.357611656218,57412.402937245512,1862.0453255892935,3.3519952087555538,0.34201645929656543,41,41,20
Q4-3,2025-02-25,6,48751.58928457219,49671.383820813367,919.79453624117741,1.8866965154144211,0.32849653987701832,34.87834570326357,41,20
Q4-3,2025-02-25,12,48459.685809136572,49646.067538906085,1186.3817297695132,2.4481828760553714,0.33676247463301695,37.385326804001984,41,20
Q4-3,2025-02-25,18,44905.506434932191,46477.203834441752,1571.6973995095614,3.5000104091620576,0.35306341710542893,38.383510244650523,41,20
Q4-3,2025-02-26,0,50511.060330790402,52229.304868758998,1718.244537968596,3.4017193991098926,0.33235321251921568,42,42,20
Q4-3,2025-02-26,6,46123.995970502066,47231.690211489273,1107.6942409872063,2.401557405597754,0.31483176653588085,33.736237731559704,42,20
Q4-3,2025-02-26,12,58246.801469901373,59933.101109499388,1686.2996395980153,2.8950939743350501,0.33373849547783513,34.16403257331114,42,20
Q4-3,2025-02-26,18,52437.467456027545,54263.389266691265,1825.92181066372,3.4820938143034441,0.36341464841889604,37.315193970844206,42,20
Q4-3,2025-02-27,0,51746.61725425037,53410.477160511567,1663.8599062611975,3.2153984058243656,0.3539667988562456,43,43,20
Q4-3,2025-02-27,6,41746.97522673021,42584.882727493852,837.90750076364202,2.0071094880836693,0.32523790865091262,35.732322450124244,43,20
Q4-3,2025-02-27,12,35251.0391338388,36169.556825249805,918.51769141100522,2.6056471354607202,0.34306874326062248,39.603387685188196,43,20
Q4-3,2025-02-27,18,21861.264594650464,22433.835182229865,572.57058757940104,2.6191100935648137,0.34562952175050465,38.033043805836144,43,20
Q4-3,2025-02-28,0,15539.812824126842,15957.92571185646,418.1128877296178,2.6905915306808748,0.33313705636264285,44,44,20
Q4-3,2025-02-28,6,13388.346304647712,13710.763766054602,322.41746140689065,2.4081948141344789,0.29923716588893928,34.662316858453416,44,20
Q4-3,2025-02-28,12,15090.4300056787,15541.17116135327,450.74115567457011,2.9869338084133501,0.36514765968987511,36.037702567501093,44,20
Q4-3,2025-02-28,18,14738.109789786118,15407.974211113291,669.86442132717275,4.5451175956865653,0.34265418518467217,37.413505634044434,44,20
Q4-3,2025-03-01,0,18695.2114286621,19209.056436347666,513.84500768556609,2.7485380930101666,0.35898042864923346,45,45,20
Q4-3,2025-03-01,6,19106.722571156628,19555.254023636408,448.53145247977955,2.3475059671242526,0.34339626934924072,41.448134542149376,45,20
Q4-3,2025-03-01,12,26093.570182836324,26882.269803778196,788.69962094187213,3.0225822507824462,0.30492150731401169,41.132563742295467,45,20
Q4-3,2025-03-01,18,37754.966750837069,39390.343853282902,1635.3771024458329,4.331554873928134,0.33220598165995019,41.525178419579426,45,20
Q4-3,2025-03-02,0,58399.011677966046,60084.01117976298,1684.9995017969341,2.8853219487491533,0.32046721570158559,46,46,20
Q4-3,2025-03-02,6,53434.443025862151,54618.704675288405,1184.2616494262547,2.2162889371805994,0.30852364970689378,42.369963611110769,46,20
Q4-3,2025-03-02,12,59733.711995883896,61395.948682166912,1662.2366862830168,2.7827446692038071,0.3378650575748165,40.673741255970675,46,20
Q4-3,2025-03-02,18,49194.652598242028,51847.068319269485,2652.415721027457,5.3916748689922578,0.3564832296523256,41.734944500016937,46,20
Q4-3,2025-03-03,0,59862.354707279119,61671.207993052667,1808.8532857735481,3.0216874939495098,0.33807584160624743,47,47,20
Q4-3,2025-03-03,6,51977.366158538585,53115.141357689419,1137.7751991508339,2.1889820189819886,0.33201502252438125,43.470177120957011,47,20
Q4-3,2025-03-03,12,55487.005681315917,56979.124625603603,1492.1189442876857,2.689132213869172,0.32304477750043403,42.525857635723192,47,20
Q4-3,2025-03-03,18,45163.878674999876,47705.697189624123,2541.8185146242467,5.6279898653417648,0.33194572094897923,45.138572414627639,47,20
Q4-3,2025-03-04,0,51896.00008011359,53451.594465938513,1555.5943858249229,2.9975227058414822,0.33139712222521561,48,48,20
Q4-3,2025-03-04,6,47799.876610583255,48839.944117274121,1040.0675066908661,2.1758790617057544,0.31417145949425629,42.079746496472744,48,20
Q4-3,2025-03-04,12,47597.185065340629,48631.20807807133,1034.0230127307004,2.1724457261731223,0.34207308032868866,41.833720550383013,48,20
Q4-3,2025-03-04,18,48920.743457699078,51591.841092994546,2671.0976352954676,5.4600511899520088,0.31687988046669779,44.284117302022693,48,20
Q4-3,2025-03-05,0,54564.045704524498,56130.279909004406,1566.2342044799079,2.8704510163366281,0.32395968706622408,49,49,20
Q4-3,2025-03-05,6,47754.176523053204,48638.838565116588,884.66204206338443,1.8525333415315259,0.29652281295400268,44.392631465540539,49,20
Q4-3,2025-03-05,12,49753.960328217756,50892.305175798785,1138.3448475810292,2.2879482157230902,0.28301295894373818,43.295437542195359,49,20
Q4-3,2025-03-05,18,45212.408924694806,47844.114646373971,2631.7057216791654,5.8207597964145208,0.33055885969176407,45.268454666604434,49,20
Q4-3,2025-03-06,0,49792.643067658217,51274.39307944644,1481.7500117882228,2.9758412498304576,0.31659800267347804,50,50,20
Q4-3,2025-03-06,6,39863.753863390499,40659.547622573096,795.79375918259757,1.9962840476833055,0.27826532733910292,40.234003853760996,50,20
Q4-3,2025-03-06,12,35753.050382995149,36441.029692592274,687.97930959712539,1.9242534615293794,0.31313664409319475,40.710184063204444,50,20
Q4-3,2025-03-06,18,20767.537415109742,21303.493995536075,535.95658042633295,2.58074209625061,0.31879802274186864,44.775393262962538,50,20
Q4-3,2025-03-07,0,16036.149863677114,16557.561595281684,521.41173160457038,3.2514770442848118,0.31189802156838792,51,51,20
Q4-3,2025-03-07,6,13229.872522547426,13494.879989460471,265.00746691304448,2.0030991716768032,0.30611846005745685,47.52271075577211,51,20
Q4-3,2025-03-07,12,15338.334422425301,15793.277289981019,454.94286755571738,2.9660513001370736,0.30956480991109847,45.104427198627171,51,20
Q4-3,2025-03-07,18,10943.466802739276,11357.023122337094,413.55631959781749,3.7790247556130918,0.32416373514235092,46.911631672439249,51,20
Q4-3,2025-03-08,0,14515.064079635085,14947.562475609793,432.49839597470782,2.9796519919020659,0.30662274580942972,52,52,20
Q4-3,2025-03-08,6,17526.313386673923,17833.174123380391,306.86073670646874,1.7508572963198743,0.30431824660467882,41.601276906666897,52,20
Q4-3,2025-03-08,12,26587.752480790467,27286.639023381467,698.88654259100076,2.6286033131079467,0.30123036322735669,43.522890575568177,52,20
Q4-3,2025-03-08,18,29854.758194975857,31610.000558403146,1755.2423634272891,5.8792717461120469,0.31697428699942271,45.985006490677087,52,20
Q4-3,2025-03-09,0,52340.356381822654,53655.942811139044,1315.5864293163904,2.5135221084839232,0.27985542667376895,53,53,20
Q4-3,2025-03-09,6,43430.42505734173,44177.462721745178,747.03766440344771,1.7200790998870508,0.29253744685126293,45.671590335424192,53,20
Q4-3,2025-03-09,12,48708.458138321432,49779.27909248881,1070.8209541673787,2.1984291745110962,0.28669746094825405,50.135766328575741,53,20
Q4-3,2025-03-09,18,55047.292114629425,57993.492584593812,2946.2004699643876,5.3521260661274273,0.30461609408700735,47.874401189417618,53,20
Q4-3,2025-03-10,0,50079.750131314453,51379.706689841289,1299.9565585268356,2.5957728525366264,0.28333577636953972,54,54,20
Q4-3,2025-03-10,6,45096.338297217735,45971.441214469363,875.10291725162824,1.9405187877651331,0.29461119378183653,45.383426229823883,54,20
Q4-3,2025-03-10,12,45803.292387102607,46674.825362356074,871.53297525346716,1.9027736431865616,0.27515832847367816,46.201771627764899,54,20
Q4-3,2025-03-10,18,53572.311648861731,56403.858892634758,2831.5472437730277,5.2854677288005192,0.29644954107824933,47.426461776679588,54,20
Q4-3,2025-03-11,0,43894.689780431909,45105.439578519305,1210.7497980873959,2.7583058546347017,0.29324130340434301,55,55,20
Q4-3,2025-03-11,6,44711.559745647493,45835.491616817686,1123.9318711701926,2.5137389023419221,0.25378476307420639,44.639058006814928,55,20
Q4-3,2025-03-11,12,42508.66146881388,43506.704426808217,998.04295799433748,2.3478578800382621,0.26859942039203522,51.159425492736048,55,20
Q4-3,2025-03-11,18,39549.287644984077,41867.570113307287,2318.2824683232102,5.8617553093076591,0.29778858818718346,50.584926623174539,55,20
Q4-3,2025-03-12,0,50718.699436075229,52533.115321432255,1814.4158853570261,3.5774101180253703,0.29114192311817155,56,56,20
Q4-3,2025-03-12,6,42800.923192404676,43382.346414845175,581.42322244049865,1.3584361716377114,0.26742100765697757,44.035758860941172,56,20
Q4-3,2025-03-12,12,44245.746556343009,45158.945003182031,913.19844683902193,2.0639236941705663,0.28448436606310928,49.6015332095415,56,20
Q4-3,2025-03-12,18,49920.430514117674,52833.682773176253,2913.2522590585795,5.8357915367631019,0.29639188941420547,51.127281843577649,56,20
Q4-3,2025-03-13,0,50802.43767011755,52068.182455434944,1265.7447853173944,2.491504036748049,0.2840220156029109,56,56,20
Q4-3,2025-03-13,6,41086.580128703972,41947.137729746886,860.55760104291403,2.0944980048162032,0.25639997941802745,43.653416822717205,56,20
Q4-3,2025-03-13,12,34371.087838807398,35191.227584415217,820.13974560781935,2.3861326398922467,0.28463964598696245,51.349888895084256,56,20
Q4-3,2025-03-13,18,19429.067904113585,19956.18378933963,527.11588522604507,2.7130271396830219,0.29020567595157876,51.457357615774775,56,20
Q4-3,2025-03-14,0,12296.56912015528,12728.034824425768,431.46570427048755,3.5088299838307968,0.27684457678339874,56,56,20
Q4-3,2025-03-14,6,12171.67788635426,12497.596566648012,325.91868029375109,2.6776807876187858,0.278620134284081,49.232067798306083,56,20
Q4-3,2025-03-14,12,13215.41797164349,13662.875644903899,447.45767326040914,3.3858760594672521,0.27383582604550366,48.518108159785633,56,20
Q4-3,2025-03-14,18,11609.173037802873,12129.981912204687,520.80887440181323,4.4861840951625709,0.28899474082165078,48.131483433917047,56,20
Q4-3,2025-03-15,0,13847.952770530046,14337.022194311334,489.0694237812877,3.5317092128020589,0.29060275222997961,56,56,20
Q4-3,2025-03-15,6,17680.283902841114,18072.262112853459,391.97821001234479,2.2170357227655035,0.27549196176717,43.682634571959703,56,20
Q4-3,2025-03-15,12,23883.303543487622,24718.568805098963,835.26526161134097,3.4972769160282136,0.27829558819682498,49.035211750497936,56,20
Q4-3,2025-03-15,18,29705.26832474977,32010.045056834057,2304.7767320842868,7.7588147223164317,0.29857708586043347,51.689126659451162,56,20
Q4-3,2025-03-16,0,47693.229543303853,48904.233024849891,1211.0034815460385,2.5391517687987308,0.2802946437534668,56,56,20
Q4-3,2025-03-16,6,43668.377648598078,44432.966088663597,764.58844006551953,1.7508972882349871,0.24678067871496603,42.572178882269512,56,20
Q4-3,2025-03-16,12,43077.826575539999,44141.569513876464,1063.7429383364652,2.4693514573469022,0.27126496852711407,48.254629719895362,56,20
Q4-3,2025-03-16,18,37739.905316101751,40112.237542348943,2372.332226247192,6.286004711397708,0.28283511682942081,51.350005694610651,56,20
Q4-3,2025-03-17,0,46891.297218336273,48117.238515150282,1225.9412968140095,2.6144324630341442,0.27352215677335628,56,56,20
Q4-3,2025-03-17,6,39305.060203121044,39955.467334043395,650.40713092235092,1.654766911845873,0.26251592465286883,46.394540124873203,56,20
Q4-3,2025-03-17,12,48405.759065621358,49601.480401660738,1195.7213360393798,2.4702047010943362,0.27451609869804555,51.048562924322418,56,20
Q4-3,2025-03-17,18,37644.636324284205,39287.994016426397,1643.3576921421918,4.3654497761267397,0.30294762434292816,51.210630065672838,56,20
Q4-3,2025-03-18,0,52160.804968321958,53459.820051300398,1299.0150829784398,2.490404593578166,0.27693375795112674,56,56,20
Q4-3,2025-03-18,6,45575.438904031049,46369.22670788793,793.78780385688151,1.7417008435801851,0.26515788536481205,44.691231576508351,56,20
Q4-3,2025-03-18,12,43369.202071294741,44266.964506957789,897.76243566304765,2.0700460068119542,0.2850476255741049,49.877176570473708,56,20
Q4-3,2025-03-18,18,35343.333959304102,36358.113063095225,1014.7791037911229,2.8712036758037129,0.28890507149141537,50.707343578635587,56,20
Q4-3,2025-03-19,0,41996.686074823898,43084.761011329858,1088.0749365059601,2.5908590372282658,0.27920418724136425,56,56,20
Q4-3,2025-03-19,6,41431.040620606531,42443.880656433103,1012.8400358265717,2.4446405898933987,0.27623267904838467,46.051610430002846,56,20
Q4-3,2025-03-19,12,41644.760208018401,42615.50887331531,970.74866529690917,2.3310223433823385,0.27928835439745264,49.105936938369226,56,20
Q4-3,2025-03-19,18,38292.05630053785,39650.13898984134,1358.08268930349,3.5466434046907303,0.29160823666532204,50.828712778966505,56,20
Q4-3,2025-03-20,0,49156.115615696413,50415.035439650936,1258.9198239545221,2.5610644945926575,0.28766091082726619,56,56,20
Q4-3,2025-03-20,6,36678.658828584026,37221.290790532861,542.63196194883494,1.4794214927126959,0.26390826395098765,42.014004062000659,56,20
Q4-3,2025-03-20,12,34274.150598828623,34885.846699188354,611.69610035973164,1.7847155645649648,0.26439596410392818,50.084294039230997,56,20
Q4-3,2025-03-20,18,18105.126867523846,18624.816986178914,519.69011865506764,2.8704030767509492,0.30408893693634148,52.756521630959114,56,20
Q4-3,2025-03-21,0,12007.8796538921,12453.43072111436,445.55106722226083,3.7104891126872985,0.28194056767472903,56,56,20
Q4-3,2025-03-21,6,12078.586648492314,12357.845910658467,279.25926216615335,2.3120193636315234,0.27524911701544058,47.801828880756169,56,20
Q4-3,2025-03-21,12,13332.603229740769,13733.352083524664,400.74885378389445,3.0057809932418245,0.28060554346109218,50.549132579419599,56,20
Q4-3,2025-03-21,18,10721.59145903434,11098.170154160154,376.57869512581419,3.5123395306067007,0.29800276281646249,51.632250758296415,56,20
Q4-3,2025-03-22,0,14659.346630518135,15084.77045182134,425.42382130320402,2.9020653650248418,0.28367276135271535,56,56,20
Q4-3,2025-03-22,6,17184.317428444912,17601.718622868666,417.40119442375362,2.4289658065372866,0.31520458024561582,49.235186694756024,56,20
Q4-3,2025-03-22,12,25690.087845666756,26397.202713322076,707.11486765532027,2.752481314596178,0.27978888864748253,48.751456531200084,56,20
Q4-3,2025-03-22,18,34767.452565312014,36880.883535513123,2113.4309702011087,6.0787627918120979,0.29703778838131067,51.3855130676939,56,20
Q4-3,2025-03-23,0,49041.241792730994,50402.016115112056,1360.7743223810612,2.7747550278850452,0.30361790845983183,56,56,20
Q4-3,2025-03-23,6,42493.414798639227,43214.014958123327,720.6001594841,1.6957925431476006,0.27701017519298915,44.790804019161378,56,20
Q4-3,2025-03-23,12,44775.960784746778,45761.168331628083,985.20754688130546,2.2003046492235612,0.2960144077313881,49.477312800605247,56,20
Q4-3,2025-03-23,18,40295.660839234915,42655.910021529024,2360.2491822941083,5.8573283900483553,0.30324363916649277,51.650291455363075,56,20
Q4-3,2025-03-24,0,44449.470658046484,45836.422597717508,1386.9519396710239,3.120288991382969,0.29776658784105831,56,56,20
Q4-3,2025-03-24,6,40441.8429393388,41100.430514222593,658.58757488379342,1.6284806206078528,0.27386369956752526,46.325893016395675,56,20
Q4-3,2025-03-24,12,45066.349895240361,46144.795357543058,1078.4454623026977,2.393017106576445,0.26813921151584469,49.242183271680204,56,20
Q4-3,2025-03-24,18,42204.651040375145,44441.247302948257,2236.5962625731117,5.2994070734845522,0.29272081238491715,51.965921904918602,56,20
Q4-3,2025-03-25,0,50874.267856643048,52225.688322875503,1351.4204662324555,2.6563929529965558,0.29187407010562205,56,56,20
Q4-3,2025-03-25,6,42605.93035967031,43346.885176124582,740.95481645427208,1.7390884559949527,0.27929120933334356,44.233319431469845,56,20
Q4-3,2025-03-25,12,40663.900754155096,41498.061645056019,834.16089090092282,2.0513548268378701,0.27942696175927617,49.104508267654374,56,20
Q4-3,2025-03-25,18,32931.49599042975,34433.310449466429,1501.8144590366792,4.5604197861922824,0.31346368628215321,50.047866290438371,56,20
Q4-3,2025-03-26,0,43283.999434366175,44406.655312175695,1122.6558778095205,2.5936971917575713,0.29231865156458958,56,56,20
Q4-3,2025-03-26,6,39578.1993856677,40352.96531124381,774.76592557611002,1.9575572855814904,0.29262240700638115,44.22409791477056,56,20
Q4-3,2025-03-26,12,40186.909505103031,41026.740661828102,839.8311567250712,2.0898127451637549,0.27448274009580576,48.945691485213104,56,20
Q4-3,2025-03-26,18,36871.409311111827,38234.238157525448,1362.8288464136203,3.696166953951785,0.28115439114604229,51.576921623473865,56,20
Q4-3,2025-03-27,0,47508.633611175574,48695.183388179583,1186.5497770040092,2.4975455760632315,0.2804235289988023,56,56,20
Q4-3,2025-03-27,6,38018.59214237993,38676.730116991188,658.13797461125796,1.7310950709235273,0.28902904182065692,42.969955844594026,56,20
Q4-3,2025-03-27,12,31761.501605876347,32384.155140234681,622.65353435833458,1.9604033275401944,0.30300574275183917,50.607030775641448,56,20
Q4-3,2025-03-27,18,19607.715740351043,20071.981357712626,464.26561736158328,2.3677700325192008,0.30349836989067636,50.276570231663236,56,20
Q4-3,2025-03-28,0,12025.864622390134,12436.673754379244,410.80913198911003,3.4160465370968174,0.28836632785670308,56,56,20
Q4-3,2025-03-28,6,11459.270264948153,11781.584846206844,322.31458125869176,2.8126972643676362,0.30468224027557472,48.353205882287853,56,20
Q4-3,2025-03-28,12,12563.858583990377,12916.053960558507,352.19537656813009,2.8032421267214724,0.28756297505535722,50.312753910262309,56,20
Q4-3,2025-03-28,18,11062.726305868418,11463.334842156724,400.60853628830591,3.6212460221111575,0.29554311967333974,53.043093456920076,56,20
Q4-3,2025-03-29,0,12825.607653196656,13209.427938872401,383.82028567574525,2.9926089745937468,0.29531402232682297,56,56,20
Q4-3,2025-03-29,6,16629.985363493397,17046.500876050952,416.51551255755476,2.5046054067606072,0.27786575669943181,45.097783920261676,56,20
Q4-3,2025-03-29,12,20666.936880161375,21302.548148895447,635.61126873407193,3.0754981854336005,0.30295992380516645,48.776696472148799,56,20
Q4-3,2025-03-29,18,26353.006366073325,27369.213094754112,1016.2067286807869,3.856132065406559,0.29145013956869692,50.974604635433536,56,20
Q4-3,2025-03-30,0,45587.211278144066,46851.2914428441,1264.0801647000335,2.7728832917359725,0.29432066511160543,56,56,20
Q4-3,2025-03-30,6,37979.890881817853,38688.490261351355,708.59937953350163,1.8657225260031662,0.28039825426524323,46.761444634773362,56,20
Q4-3,2025-03-30,12,47857.880371555933,49085.620922971895,1227.7405514159618,2.5653884833262808,0.29103483627847121,49.0332455704526,56,20
Q4-3,2025-03-30,18,37357.995183493273,38824.069038808855,1466.0738553155825,3.9243911460306924,0.30194334574958559,50.694460669251924,56,20
Q4-3,2025-03-31,0,39126.581230896554,40070.497457213904,943.91622631734936,2.4124679351539724,0.29938399610726657,56,56,20
Q4-3,2025-03-31,6,41935.044378573657,43088.556283129903,1153.511904556246,2.7507110619528152,0.29240262596763583,45.20899676082356,56,20
Q4-3,2025-03-31,12,37373.45213281209,38094.301106542902,720.84897373081185,1.928772785476629,0.31413365986638708,48.009766050644757,56,20
Q4-3,2025-03-31,18,33346.926889678944,34387.961535783295,1041.0346461043519,3.1218308348124113,0.2689589106507867,52.097608238526682,56,20
Q4-3,2025-04-01,0,46957.958479048029,48162.078821013529,1204.1203419654994,2.5642518988613139,0.27578213297058901,56,56,20
Q4-3,2025-04-01,6,42337.063447711786,43348.199561704016,1011.1361139922301,2.3883000653577069,0.28655615973482085,50.733487630459628,56,20
Q4-3,2025-04-01,12,40726.365208079784,41636.720189265223,910.3549811854391,2.2352964143356191,0.2731227365622485,49.826063325328022,56,20
Q4-3,2025-04-01,18,48995.462479480368,50782.981977644027,1787.5194981636596,3.6483368208072076,0.29204243148447906,51.596292435544186,56,20
Q4-3,2025-04-02,0,43155.536365683867,44285.951854455212,1130.4154887713448,2.6193985383303531,0.2790310632705218,56,56,20
Q4-3,2025-04-02,6,41079.787949111495,42077.446085518255,997.6581364067606,2.428586383266218,0.29835474425423131,49.674109932638189,56,20
Q4-3,2025-04-02,12,37332.528797727013,38059.555484453158,727.02668672614527,1.9474348782138051,0.29410538449850032,52.119304640385806,56,20
Q4-3,2025-04-02,18,34386.280319277226,35364.799568780916,978.51924950368993,2.8456676337717202,0.29629462767163844,53.385121996440326,56,20
Q4-3,2025-04-03,0,45689.120396485392,46947.058759804131,1257.938363318739,2.7532558132056018,0.29334577014929719,56,56,20
Q4-3,2025-04-03,6,35066.860318723426,35597.904090849501,531.04377212607505,1.5143750176075388,0.29420829935927023,46.469146114849934,56,20
Q4-3,2025-04-03,12,30552.549239682579,31102.414701206748,549.8654615241685,1.7997367656967356,0.28596058602862245,47.858795702651271,56,20
Q4-3,2025-04-03,18,18012.329006476943,18366.10270498367,353.77369850672767,1.9640641606064158,0.30183189215720163,51.595127734625756,56,20
Q4-3,2025-04-04,0,11431.886604199677,11821.16734293865,389.28073873897301,3.4052186853914757,0.27259471170792243,56,56,20
Q4-3,2025-04-04,6,10838.933388527737,11125.971870547364,287.03848201962683,2.6482170498753899,0.29540145626146325,48.015508378309583,56,20
Q4-3,2025-04-04,12,12548.47220415327,13033.862786692835,485.390582539565,3.8681249369856507,0.30114764695785534,50.608500885184625,56,20
Q4-3,2025-04-04,18,10880.520683157336,11259.7229193494,379.20223619206445,3.4851478824819093,0.28332834184603167,52.397960659369836,56,20
Q4-3,2025-04-05,0,11805.16119906841,12195.692859797429,390.53166072901877,3.3081433971425822,0.28686059059803576,56,56,20
Q4-3,2025-04-05,6,15751.121109795864,16184.022437797192,432.90132800132778,2.7483842260097813,0.3016016092747838,46.054464795801017,56,20
Q4-3,2025-04-05,12,33676.447926292421,34865.832856142282,1189.3849298498608,3.5318004216271959,0.3004694331953861,48.617699749430543,56,20
Q4-3,2025-04-05,18,26942.974986820467,28000.864335287541,1057.8893484670734,3.9264014051327178,0.29599073343926474,50.300627052091137,56,20
Q4-3,2025-04-06,0,41465.101158544174,43267.935219899395,1802.8340613552209,4.3478347115613714,0.28035599698485342,56,56,20
Q4-3,2025-04-06,6,36646.315255132067,37288.747848954852,642.43259382278484,1.7530619090900812,0.29256784328767371,45.285489763275159,56,20
Q4-3,2025-04-06,12,37481.092066995247,38318.287060264513,837.19499326926598,2.2336462122630518,0.2823989149196075,47.50970051318491,56,20
Q4-3,2025-04-06,18,32627.968223209584,33569.150495755588,941.18227254600424,2.8845874377078307,0.29984052711237202,51.826062311132191,56,20
Q4-3,2025-04-07,0,37928.033322788382,39089.872868241131,1161.839545452749,3.0632738997164788,0.30527563327340401,56,56,20
Q4-3,2025-04-07,6,37751.75431120718,38536.848349282482,785.0940380753018,2.0796226623095881,0.29014299958880563,44.838589102333991,56,20
Q4-3,2025-04-07,12,44091.5959792879,45201.724780008866,1110.128800720966,2.5177786742907937,0.30694126352261886,49.543724099810248,56,20
Q4-3,2025-04-07,18,35229.612065929148,36162.873287860391,933.2612219312432,2.6490817445980586,0.29358202413095458,50.492764602344344,56,20
Q4-3,2025-04-08,0,45322.110770554122,47338.8528849582,2016.7421144040782,4.4497974170134125,0.28210506191147655,56,56,20
Q4-3,2025-04-08,6,39638.927959213164,40259.545326576415,620.61736736325111,1.5656764683490865,0.29309685085139314,46.081689967152784,56,20
Q4-3,2025-04-08,12,42587.732412028956,43415.765170857594,828.03275882863818,1.9442987732184669,0.27981670593821573,49.504634793199962,56,20
Q4-3,2025-04-08,18,38878.02857431033,40053.965978648164,1175.9374043378339,3.0246837287291495,0.29487479012695084,50.196811294551765,56,20
Q4-3,2025-04-09,0,43831.609230629299,45452.653745445772,1621.0445148164727,3.6983458815919912,0.28024417031818405,56,56,20
Q4-3,2025-04-09,6,39666.0831134705,40695.137468288842,1029.0543548183414,2.5942928417574951,0.29125479116857567,47.717156134625967,56,20
Q4-3,2025-04-09,12,52253.604238399872,53421.504559150417,1167.9003207505448,2.2350617488932745,0.29185662963013548,48.389475113631867,56,20
Q4-3,2025-04-09,18,35343.107231260161,36454.53659933219,1111.4293680720293,3.1446849333297777,0.2955560428285447,51.432999016231683,56,20
Q4-3,2025-04-10,0,41116.427543564372,42236.315557332382,1119.8880137680098,2.7236997002753949,0.29580517709969711,56,56,20
Q4-3,2025-04-10,6,33536.057813678548,34438.96604214776,902.90822846921219,2.6923505245775692,0.29205728059610048,44.991759047509333,56,20
Q4-3,2025-04-10,12,29728.003733661284,30098.194073402075,370.19033974079139,1.2452579832046506,0.27089553915764253,49.634842717641213,56,20
Q4-3,2025-04-10,18,17984.615145469706,18350.585933576866,365.97078810715902,2.0349103116579448,0.30548343977200204,53.580608063692431,56,20
Q4-3,2025-04-11,0,10684.773913322184,11022.50481266785,337.73089934566633,3.1608614471904772,0.28009274742993295,56,56,20
Q4-3,2025-04-11,6,11363.283826454623,11796.715993406797,433.43216695217416,3.8143214019094485,0.29427603053589085,48.053433419169842,56,20
Q4-3,2025-04-11,12,11809.730501945764,12115.478247540779,305.74774559501566,2.5889476948236956,0.2874984075693387,48.645979490532454,56,20
Q4-3,2025-04-11,18,10940.625558579733,11277.127294854825,336.50173627509139,3.0757083721890455,0.29852173323354003,51.663443288570626,56,20
Q4-3,2025-04-12,0,12498.3010755593,12977.553714637013,479.25263907771296,3.8345422804296314,0.29628762499022587,56,56,20
Q4-3,2025-04-12,6,16295.510662746861,16706.130178244468,410.6195154976067,2.5198321427037262,0.28310755200796356,48.041350889783239,56,20
Q4-3,2025-04-12,12,20977.499820419085,21424.562975753863,447.06315533477755,2.1311555674504934,0.30088996589221056,49.227341156971342,56,20
Q4-3,2025-04-12,18,33149.311903891234,34437.141994243982,1287.8300903527488,3.8849376243057954,0.29402739753771145,50.232129289971624,56,20
Q4-3,2025-04-13,0,38948.539327481296,39991.820871402524,1043.2815439212281,2.6786153266217916,0.28724458234168626,56,56,20
Q4-3,2025-04-13,6,34439.269046025423,35042.36120795006,603.09216192463646,1.7511758484729967,0.28665672712057982,45.946974241688395,56,20
Q4-3,2025-04-13,12,41558.191661206089,42486.37922221476,928.18756100867176,2.2334647488406523,0.3016880422282196,48.029270780010094,56,20
Q4-3,2025-04-13,18,33069.097827009653,34552.073776282676,1482.9759492730227,4.4844765860584834,0.27694748358797266,50.88248739396564,56,20
Q4-3,2025-04-14,0,41426.357373778868,42738.817537599192,1312.4601638203239,3.1681766078980766,0.27216477695491575,56,56,20
Q4-3,2025-04-14,6,34680.899684472563,35180.77168322065,499.87199874808721,1.4413466873579805,0.27842543524301561,49.432730903123392,56,20
Q4-3,2025-04-14,12,36508.219620939468,36947.63685876986,439.41723783039197,1.2036117958991399,0.28943183588533111,49.62087469781433,56,20
Q4-3,2025-04-14,18,32025.613398277703,33067.738885389525,1042.1254871118217,3.2540375547275735,0.29957137201148348,52.292881552541168,56,20
Q4-3,2025-04-15,0,36640.907360306832,37793.379376828743,1152.4720165219114,3.1453151669775137,0.28443781839361687,56,56,20
Q4-3,2025-04-15,6,36082.967265605897,36777.66494630646,694.69768070056307,1.9252786933704913,0.27718500859239409,47.758651037611749,56,20
Q4-3,2025-04-15,12,39597.990716622153,40524.15181112889,926.16109450673684,2.3389093177345499,0.27452574741287222,49.078775165640714,56,20
Q4-3,2025-04-15,18,37811.86572076258,39660.513231240693,1848.647510478113,4.8890671624886695,0.2847473287429414,50.704229294716164,56,20
Q4-3,2025-04-16,0,41168.083467518802,42448.069843664751,1279.9863761459492,3.1091716405886149,0.29014100454429331,56,56,20
Q4-3,2025-04-16,6,39554.471415996311,40378.801712136177,824.33029613986582,2.0840382051130035,0.29162751987060842,46.999778987857155,56,20
Q4-3,2025-04-16,12,35893.16324812411,36529.059287704789,635.89603958067892,1.7716355484882262,0.30346714593277196,48.081382260314484,56,20
Q4-3,2025-04-16,18,38328.116857527319,40191.054195200501,1862.9373376731819,4.8604979592346442,0.28785141966718569,50.364487681085954,56,20
Q4-3,2025-04-17,0,36586.106827373951,37535.625471679436,949.51864430548449,2.5952983977924893,0.27861378240948131,56,56,20
Q4-3,2025-04-17,6,31691.041873789567,32542.060626881848,851.01875309228126,2.6853606027895438,0.28237615699271035,45.803855547936053,56,20
Q4-3,2025-04-17,12,28388.774867428252,28670.972367535731,282.19750010747885,0.99404606724067257,0.28664830233667993,47.798977435876587,56,20
Q4-3,2025-04-17,18,18036.436879177796,18417.660740415529,381.22386123773322,2.1136317765613644,0.29834288542138498,51.914378223079815,56,20
Q4-3,2025-04-18,0,10662.123435769176,10985.932159345652,323.80872357647604,3.0370003266906975,0.2714326807125988,56,56,20
Q4-3,2025-04-18,6,10621.058221588377,10927.358669430305,306.30044784192796,2.8838976442040476,0.28559325147627151,46.514980609902388,56,20
Q4-3,2025-04-18,12,11425.856089819832,11721.817392965306,295.96130314547372,2.5902768319405745,0.2983871167826353,48.344294841870877,56,20
Q4-3,2025-04-18,18,10429.789540420346,10769.491330623288,339.70179020294199,3.2570339879480548,0.32783759222534814,51.613909984272865,56,20
Q4-3,2025-04-19,0,11046.776626055851,11402.346572144432,355.56994608858076,3.2187665065110727,0.28415883030457439,56,56,20
Q4-3,2025-04-19,6,15361.820081170112,15705.793757477999,343.97367630788722,2.2391466277457361,0.28516286640225458,45.904583757776329,56,20
Q4-3,2025-04-19,12,20982.274038185144,21409.336576969268,427.06253878412463,2.0353491619017339,0.27731500847405949,48.142455755747079,56,20
Q4-3,2025-04-19,18,22702.812188067255,23768.947137851254,1066.1349497839983,4.6960479651255049,0.27957240270695499,52.675528732350891,56,20
Q4-3,2025-04-20,0,38184.043641344178,39017.693749762242,833.65010841806361,2.1832420794622776,0.27669998258657669,56,56,20
Q4-3,2025-04-20,6,33910.354123054785,34620.970974798591,710.61685174380546,2.0955748476264802,0.28869995116893349,50.231050162638802,56,20
Q4-3,2025-04-20,12,35606.48854866653,36184.494465086798,578.00591642026848,1.6233162549299296,0.26523631635779948,48.123877818582727,56,20
Q4-3,2025-04-20,18,29076.731158329145,30096.529590625247,1019.798432296102,3.5072664349478533,0.28986645341952882,52.340505627149078,56,20
Q4-3,2025-04-21,0,39653.157385443701,40674.375919836246,1021.2185343925448,2.575377603518203,0.28250357002083532,56,56,20
Q4-3,2025-04-21,6,32858.379556177082,33356.345205056583,497.9656488795008,1.5154905859801726,0.28318790589193177,48.653663679370666,56,20
Q4-3,2025-04-21,12,34742.154256448594,35215.790016956569,473.63576050797565,1.3632884046620664,0.29207154711775424,48.184747885075652,56,20
Q4-3,2025-04-21,18,28596.592872516481,29432.973847422974,836.38097490649307,2.9247574304920754,0.29176573453037935,49.77497893001658,56,20
Q4-3,2025-04-22,0,35656.261091143664,36453.986147774063,797.72505663039919,2.2372650194345312,0.27983909247714256,56,56,20
Q4-3,2025-04-22,6,35641.484929617232,36551.537511485403,910.05258186817082,2.553352038124368,0.28944335565173762,46.803754175991251,56,20
Q4-3,2025-04-22,12,35923.260252743952,36538.589933255054,615.3296805111022,1.7129004332620434,0.30218226249503183,49.294128267055875,56,20
Q4-3,2025-04-22,18,31936.590848278574,32859.372890947263,922.78204266868852,2.8894193718188577,0.27904702066512288,49.352360252236224,56,20
Q4-3,2025-04-23,0,35272.290602252331,36188.576732188638,916.28612993630668,2.5977505693316028,0.29779305310011445,56,56,20
Q4-3,2025-04-23,6,34196.456488842043,35112.097215005342,915.64072616329941,2.6775894937010936,0.26884822449123991,47.592103872936164,56,20
Q4-3,2025-04-23,12,34233.412636206092,34895.148770141423,661.73613393533014,1.9330124664096893,0.28486542607912624,47.829358599812736,56,20
Q4-3,2025-04-23,18,31787.386120873489,33120.895033701709,1333.5089128282198,4.1950882899193687,0.27761283396063846,51.498236708538869,56,20
Q4-3,2025-04-24,0,35180.181960237896,36080.079333513037,899.89737327514013,2.5579667958859353,0.29782557191111753,56,56,20
Q4-3,2025-04-24,6,26761.354573278775,27304.121817539155,542.76724426037981,2.0281755274164315,0.2780431583900615,45.447499517458546,56,20
Q4-3,2025-04-24,12,27132.866357927298,27529.928720707358,397.06236278005963,1.4633999870937053,0.27081614427335426,48.949485433246814,56,20
Q4-3,2025-04-24,18,17725.918730915906,17984.352802166137,258.43407125023077,1.4579445791968793,0.27904951356484642,50.433309132447683,56,20
Q4-3,2025-04-25,0,10701.571765847235,11022.940404425563,321.36863857832759,3.0030040970611127,0.28406037437262072,56,56,20
Q4-3,2025-04-25,6,10697.441745110438,11058.595744299957,361.1539991895188,3.3760782044416793,0.28700168134371079,47.152598239127947,56,20
Q4-3,2025-04-25,12,10953.761963934348,11271.608679508725,317.8467155743765,2.901712823602498,0.2877077103829439,48.011625189774605,56,20
Q4-3,2025-04-25,18,10125.33373227047,10416.967866345409,291.63413407493863,2.8802421903929121,0.29963771241342912,53.41854637957838,56,20
Q4-3,2025-04-26,0,11207.03364669491,11539.77425436335,332.74060766844013,2.969033717201075,0.28301542535959018,56,56,20
Q4-3,2025-04-26,6,15478.009941365524,15910.264747674999,432.25480630947459,2.7927027308223717,0.2875641602572333,46.775397154412936,56,20
Q4-3,2025-04-26,12,22614.780565388857,23242.817336056378,628.03677066752061,2.7771075153773861,0.26758540233080791,50.456917862942944,56,20
Q4-3,2025-04-26,18,23784.733739157131,24877.959132033953,1093.2253928768223,4.596332272902548,0.29591151859854059,52.706853799563639,56,20
Q4-3,2025-04-27,0,35290.902931119032,36209.570811020567,918.66787990153534,2.6031294288349605,0.29308973401097682,56,56,20
Q4-3,2025-04-27,6,34209.829198952779,35219.724046925621,1009.8948479728424,2.9520604797516947,0.29018411146401607,48.227490153648198,56,20
Q4-3,2025-04-27,12,34649.387915748026,35331.950814277923,682.56289852989721,1.9699132930993901,0.27860616675462535,47.944944065213384,56,20
Q4-3,2025-04-27,18,38907.557322172448,40327.600114487941,1420.042792315493,3.6497865454695244,0.27605490422009255,50.547880333953536,56,20
Q4-3,2025-04-28,0,40895.656468382789,42022.832555154528,1127.1760867717385,2.756224460275325,0.26516801259203626,56,56,20
Q4-3,2025-04-28,6,37796.26437361064,38726.20148180925,929.93710819861008,2.4603942310444049,0.26943879178844576,45.564722397624763,56,20
Q4-3,2025-04-28,12,36681.225120509793,37261.905601256527,580.68048074673425,1.5830454921802906,0.31147390659037877,52.204516876208942,56,20
Q4-3,2025-04-28,18,33024.200784451867,34114.87695296693,1090.6761685150632,3.3026572713564795,0.29932104523676861,51.996400409930573,56,20
Q4-3,2025-04-29,0,35921.348453633807,36802.678383685889,881.32993005208118,2.4534990137958568,0.27437602100698755,56,56,20
Q4-3,2025-04-29,6,32927.509503241628,33591.740803727167,664.23130048553867,2.0172533863216824,0.28601255643216372,47.075287462932515,56,20
Q4-3,2025-04-29,12,37119.993731580922,37773.520907895916,653.52717631499399,1.7605799748801942,0.28354862677914894,50.049098874448191,56,20
Q4-3,2025-04-29,18,36599.158705869449,37790.559066661735,1191.4003607922859,3.2552670687515439,0.28503772834867358,51.984092332421802,56,20
Q4-3,2025-04-30,0,35137.463573017179,35874.058626555838,736.59505353865825,2.0963239193631189,0.28802596900457056,56,56,20
Q4-3,2025-04-30,6,31995.781886519853,32846.125899778475,850.344013258622,2.6576753656921248,0.31553019888566508,46.773028944875044,56,20
Q4-3,2025-04-30,12,35443.775500313299,36006.606287658382,562.83078734508308,1.5879538209469413,0.30720185512194931,46.770073949004527,56,20
Q4-3,2025-04-30,18,27721.716481375552,28362.67698339454,640.96050201898834,2.3121241516542046,0.28561126443254969,52.881002615301654,56,20
Q4-3,2025-05-01,0,35693.350417663765,36456.584979214633,763.23456155086751,2.1383102247895414,0.28034170880079945,56,56,20
Q4-3,2025-05-01,6,27703.416580694266,28437.498601072759,734.08202037849333,2.6497887660905217,0.27612211658357477,46.09654896139044,56,20
Q4-3,2025-05-01,12,26970.201192374272,27378.179987903077,407.97879552880477,1.5127020841214867,0.28459923146053973,47.287653361089617,56,20
Q4-3,2025-05-01,18,17893.293948756636,18100.079337557458,206.78538880082124,1.1556585913863548,0.2779823019274969,51.499358582881399,56,20
Q4-3,2025-05-02,0,12347.900752324369,12719.032847397943,371.13209507357351,3.0056290742676461,0.28517932128246265,56,56,20
Q4-3,2025-05-02,6,12258.166687483688,12696.247836527071,438.08114904338254,3.5737901124373694,0.29097162567477408,48.208076743128089,56,20
Q4-3,2025-05-02,12,12186.119316999084,12711.84848909669,525.72917209760635,4.3141639961151279,0.29230049052190027,48.304635671741238,56,20
Q4-3,2025-05-02,18,11058.606972007015,11529.826791035564,471.21981902854895,4.2611137209357608,0.29494161214083897,51.477813444318926,56,20
Q4-3,2025-05-03,0,11699.825458113759,12209.494807741252,509.66934962749292,4.3562132738829806,0.30473675291538732,56,56,20
Q4-3,2025-05-03,6,16000.751083412244,16646.339262125519,645.58817871327483,4.0347367154692337,0.29747250336714182,49.732449422051914,56,20
Q4-3,2025-05-03,12,20312.892011363092,21374.72679163768,1061.8347802745884,5.2273934193151517,0.30376114088042272,48.724681437878765,56,20
Q4-3,2025-05-03,18,19743.782900764258,21155.388785641731,1411.6058848774737,7.1496221973897045,0.30820216477334894,51.026628794009483,56,20
Q4-3,2025-05-04,0,38463.805187170154,39868.377426026673,1404.5722388565191,3.6516726101894381,0.28331783489052126,56,56,20
Q4-3,2025-05-04,6,34327.501556301126,35734.928378187644,1407.4268218865182,4.0999978386955238,0.27717575081672963,50.215507583727074,56,20
Q4-3,2025-05-04,12,37094.194431652388,38714.72842489912,1620.5339932467323,4.3686997873282785,0.29955292816903822,48.329320197255008,56,20
Q4-3,2025-05-04,18,41872.186341443805,43946.337711641798,2074.1513701979929,4.9535301388001773,0.28985835686350081,50.913973137482095,56,20
Q4-3,2025-05-05,0,41835.460225247283,43241.470942828382,1406.010717581099,3.3608109245385709,0.31322516321678673,56,56,20
Q4-3,2025-05-05,6,36460.578016709325,37757.012631191392,1296.4346144820665,3.5557160226256768,0.30902472672274894,47.913745116171874,56,20
Q4-3,2025-05-05,12,36743.410908097576,38009.893548981228,1266.4826408836525,3.4468292670252421,0.2823005352743802,49.471322532491456,56,20
Q4-3,2025-05-05,18,27910.934863674578,29427.737094362732,1516.8022306881539,5.4344372128582341,0.28329877635430822,52.271599482094651,56,20
Q4-3,2025-05-06,0,36399.012599721136,37681.485170645334,1282.4725709241975,3.5233718700765637,0.28531995811679545,56,56,20
Q4-3,2025-05-06,6,36208.62212732694,37836.065169476693,1627.4430421497527,4.4946284794458169,0.28125952604265664,50.326275950047886,56,20
Q4-3,2025-05-06,12,45282.189770536053,47471.030068706314,2188.8402981702602,4.8337774945558909,0.31229908360729186,48.77920519055926,56,20
Q4-3,2025-05-06,18,32913.814706318808,34812.372956089326,1898.5582497705182,5.7682716716699334,0.29854703317273185,51.025664522287201,56,20
Q4-3,2025-05-07,0,39542.40421497343,40951.934898584455,1409.5306836110249,3.5646054194076626,0.29704417023394825,56,56,20
Q4-3,2025-05-07,6,37642.538407497195,39443.803007129311,1801.2645996321153,4.7851836667671677,0.30729611362267195,48.656026076931177,56,20
Q4-3,2025-05-07,12,44387.831771431913,46084.957713977776,1697.1259425458629,3.8234035653846421,0.29485149443521552,47.790812830429005,56,20
Q4-3,2025-05-07,18,30424.084347130512,32005.351847880043,1581.2675007495309,5.1974201843108858,0.31033257687610583,51.282795818161873,56,20
Q4-3,2025-05-08,0,43085.804875146147,44674.501219274716,1588.6963441285698,3.6872848232318844,0.29029818578255301,56,56,20
Q4-3,2025-05-08,6,33716.477728277052,35466.623596672609,1750.145868395557,5.1907731362097698,0.3085196996846099,48.824525312148516,56,20
Q4-3,2025-05-08,12,33731.508920575696,35549.524121569142,1818.0152009934463,5.3896646167657325,0.31486314686132177,46.611697943827636,56,20
Q4-3,2025-05-08,18,22094.452876858923,23468.557686645025,1374.1048097861021,6.2192298557675496,0.28931724146201898,50.803691493138714,56,20
Q4-3,2025-05-09,0,13502.883161913956,14267.527487966987,764.64432605303045,5.6628226496825196,0.28659605869399235,56,56,20
Q4-3,2025-05-09,6,13650.208632011992,14640.690200509947,990.48156849795487,7.2561643209988258,0.29276656427280473,49.438712763272449,56,20
Q4-3,2025-05-09,12,13941.527459905485,15121.439524685733,1179.9120647802483,8.4632911865185854,0.30414594840321951,47.959785772560274,56,20
Q4-3,2025-05-09,18,11666.201479005125,12626.756657270809,960.55517826568394,8.2336584019599748,0.2989804906511942,51.338726117757489,56,20
Q4-3,2025-05-10,0,14214.115866935046,15025.862251090843,811.74638415579648,5.7108468212510255,0.29016846040361693,56,56,20
Q4-3,2025-05-10,6,18858.169655388272,19985.202791534321,1127.0331361460485,5.9763654519038978,0.30248450951719263,48.818727073922439,56,20
Q4-3,2025-05-10,12,22232.239723217644,23548.71504359322,1316.4753203755754,5.9214696169398895,0.30471218933638966,47.104360797158456,56,20
Q4-3,2025-05-10,18,36633.00709425081,38861.767371005422,2228.7602767546123,6.0840221798346361,0.29091196075071768,51.00212958157951,56,20
Q4-3,2025-05-11,0,42560.126802541141,43993.627564090362,1433.5007615492214,3.368177844488085,0.28214581442669612,56,56,20
Q4-3,2025-05-11,6,38480.430240919508,40112.072771658502,1631.6425307389945,4.2401878578891994,0.29696111559212973,51.082044090857629,56,20
Q4-3,2025-05-11,12,40682.603902125426,42561.046499858028,1878.4425977326027,4.6173116210844745,0.29388031695957295,48.83917402101936,56,20
Q4-3,2025-05-11,18,36992.205689739858,39025.36525735195,2033.1595676120924,5.4961836681612253,0.3149575304076368,49.93838025814604,56,20
Q4-3,2025-05-12,0,38224.359750825854,39556.412013609835,1332.0522627839819,3.4848255705713926,0.2841423971535772,56,56,20
Q4-3,2025-05-12,6,38399.859386345066,40178.188437210942,1778.3290508658756,4.6310821947911807,0.28634394321567419,48.973221030259488,56,20
Q4-3,2025-05-12,12,38614.083816712708,40221.034360281148,1606.9505435684405,4.161565897034003,0.29021459168259461,47.542728508205442,56,20
Q4-3,2025-05-12,18,38975.868995360433,41070.79992295953,2094.9309275990963,5.3749434755347547,0.2972807754655758,50.966591778130983,56,20
Q4-3,2025-05-13,0,43300.270967880148,45028.048778114629,1727.7778102344819,3.9902240138777412,0.288050792327395,56,56,20
Q4-3,2025-05-13,6,38324.858551755511,40260.395674867374,1935.5371231118625,5.0503438140496515,0.32739303605371178,49.281771844193656,56,20
Q4-3,2025-05-13,12,48290.159428109881,50500.365736647524,2210.2063085376431,4.5769289948773162,0.28518169760240125,48.272102508397552,56,20
Q4-3,2025-05-13,18,35064.283640200534,37223.490133223546,2159.2064930230117,6.1578514341799506,0.27846452142656336,51.315473616365779,56,20
Q4-3,2025-05-14,0,43601.343166266859,44905.605739644168,1304.2625733773093,2.9913357678081454,0.29894236913225486,56,56,20
Q4-3,2025-05-14,6,39134.145126592979,40629.675780349353,1495.5306537563738,3.8215493117801813,0.29530382245754783,48.148172316958842,56,20
Q4-3,2025-05-14,12,39832.989938275852,41100.848423187708,1267.8584849118561,3.1829357697639393,0.30383642508843955,46.224444209727437,56,20
Q4-3,2025-05-14,18,34157.624320095245,35879.747462774707,1722.123142679462,5.0416947225053965,0.25829722189434179,50.015685071479631,56,20
Q4-3,2025-05-15,0,43074.033499457932,44333.525177515665,1259.4916780577332,2.9240161083906369,0.30864279217426194,56,56,20
Q4-3,2025-05-15,6,36256.112138051481,37904.122052496787,1648.0099144453052,4.5454678322105257,0.29446911684628718,46.233177062186108,56,20
Q4-3,2025-05-15,12,32870.050905450669,34015.071978790394,1145.0210733397253,3.483478247823002,0.30228329160488698,45.975530642220733,56,20
Q4-3,2025-05-15,18,21756.684058628103,22673.89117308582,917.20711445771667,4.2157486498682673,0.29207216276533415,52.90714238326423,56,20
Q4-3,2025-05-16,0,13483.575182017465,14243.634022148668,760.0588401312034,5.6369236635759989,0.28560189307743405,56,56,20
Q4-3,2025-05-16,6,13408.537318852581,14105.229845887714,696.69252703513303,5.1958875936122695,0.29837852621015154,47.33262366193344,56,20
Q4-3,2025-05-16,12,13726.297211997186,14434.09577717052,707.79856517333428,5.1565149307323477,0.28609147308712118,49.244999225159106,56,20
Q4-3,2025-05-16,18,12027.322444659265,12714.127031860018,686.8045872007533,5.7103697881295989,0.28136053612479406,50.717351405098839,56,20
Q4-3,2025-05-17,0,14551.413956948165,15276.356381358588,724.94242441042297,4.9819380202861252,0.27344313775853546,56,56,20
Q4-3,2025-05-17,6,18555.030778714259,19397.23861087317,842.20783215891061,4.5389729728988915,0.28573729476778703,50.522243844522116,56,20
Q4-3,2025-05-17,12,24022.772133213788,25169.305236952161,1146.533103738373,4.7726927491152482,0.27443921111227143,51.445129968978335,56,20
Q4-3,2025-05-17,18,24308.916021754994,25827.965072621613,1519.0490508666189,6.2489378362538428,0.27163524573199327,50.332251681914599,56,20
Q4-3,2025-05-18,0,45043.769629355178,46462.344663682314,1418.5750343271357,3.1493257469344726,0.27984356426263718,56,56,20
Q4-3,2025-05-18,6,38898.797848795482,40577.203464552251,1678.4056157567684,4.3148007356961005,0.28984851482579843,52.066098067845644,56,20
Q4-3,2025-05-18,12,42460.269725052276,44253.038833358791,1792.7691083065147,4.222227319598848,0.29546608803350766,47.14000842531032,56,20
Q4-3,2025-05-18,18,35541.770289745706,37472.711018883674,1930.9407291379684,5.4328771847784729,0.29947673919484658,50.538371409629342,56,20
Q4-3,2025-05-19,0,40384.547799677173,41742.881965385313,1358.3341657081401,3.3634997535344491,0.30032214971274823,56,56,20
Q4-3,2025-05-19,6,35675.573503567401,37144.239488220963,1468.6659846535622,4.1167270499707698,0.29814013739658457,44.833229509818189,56,20
Q4-3,2025-05-19,12,42803.822789954742,44678.777004413569,1874.9542144588268,4.3803429045567555,0.28163182841604995,48.283102722071021,56,20
Q4-3,2025-05-19,18,34543.653587761415,36500.620002579737,1956.9664148183219,5.6651981234308701,0.28335570144674083,50.381590557486426,56,20
Q4-3,2025-05-20,0,41161.759938232768,42525.893100593967,1364.1331623611986,3.3140788061740256,0.27570346084970221,56,56,20
Q4-3,2025-05-20,6,38038.058396401102,39806.066234331091,1768.0078379299885,4.6479970652163027,0.29155810722124303,46.841502490740169,56,20
Q4-3,2025-05-20,12,38792.446305204867,40253.544906209027,1461.0986010041597,3.7664513073209394,0.29538589943806337,49.705761309606331,56,20
Q4-3,2025-05-20,18,40417.593269865145,42428.007174966784,2010.4139051016391,4.9741059337161886,0.26139052859698525,49.567308972166835,56,20
Q4-3,2025-05-21,0,38386.433679568108,39683.576038909043,1297.1423593409345,3.3791687192638697,0.29108154897081051,56,56,20
Q4-3,2025-05-21,6,37940.640927638859,39656.784659418197,1716.1437317793389,4.5232333714456896,0.27676779521171863,45.554869431199513,56,20
Q4-3,2025-05-21,12,41045.785193963173,42957.793773657853,1912.0085796946805,4.6582336545869962,0.30598058463833072,45.510122424031834,56,20
Q4-3,2025-05-21,18,37116.839715508198,39141.029864194454,2024.1901486862553,5.453562760733921,0.29512135258323902,49.565825021877089,56,20
Q4-3,2025-05-22,0,39853.06964204245,41270.207697506958,1417.1380554645075,3.555906905523587,0.28105413818507552,56,56,20
Q4-3,2025-05-22,6,30535.534409941571,32086.211659007713,1550.6772490661424,5.0782711979040496,0.29903957896884381,44.320215328525549,56,20
Q4-3,2025-05-22,12,30280.417485506408,31553.237508189613,1272.820022683205,4.2034427804452656,0.28887963978297393,48.478811839505603,56,20
Q4-3,2025-05-22,18,20995.192851112057,22182.969700229554,1187.7768491174975,5.657375274143206,0.30112238915593242,50.533717603419404,56,20
Q4-3,2025-05-23,0,12492.786348278649,13364.020428012089,871.23407973344001,6.9738972191218496,0.29393673301666151,56,56,20
Q4-3,2025-05-23,6,13012.052415669539,13959.191914384935,947.13949871539626,7.2789400815417959,0.3051684021691774,50.600413692439993,56,20
Q4-3,2025-05-23,12,13841.605949760047,14906.216098053585,1064.6101482935373,7.6913773745451275,0.28497882934001567,46.764901655564735,56,20
Q4-3,2025-05-23,18,11939.824687300639,12822.039988839995,882.21530153935601,7.3888463578338115,0.28969832620205405,50.684954662041015,56,20
Q4-3,2025-05-24,0,14041.038342637006,14936.445533628143,895.4071909911363,6.3770724724263594,0.30252498726407206,56,56,20
Q4-3,2025-05-24,6,18379.60367379542,19163.592794190477,783.9891203950574,4.2655387695482494,0.2872408074215852,48.637480860823764,56,20
Q4-3,2025-05-24,12,23157.497764983775,24289.800447071662,1132.3026820878877,4.889572671361897,0.28703565727886954,49.995795014940072,56,20
Q4-3,2025-05-24,18,26526.44441055047,28001.40888077112,1474.9644702206497,5.5603549702801791,0.29636864117689127,50.432673855940642,56,20
Q4-3,2025-05-25,0,40885.5174016987,42393.196811068839,1507.6794093701392,3.6875634825829451,0.27296729392489344,56,56,20
Q4-3,2025-05-25,6,35444.072965259984,37094.224915763712,1650.1519505037286,4.6556499082966551,0.30662326604902002,48.65243835961239,56,20
Q4-3,2025-05-25,12,47669.544991025279,49804.857438451341,2135.3124474260621,4.4794059767679251,0.27126611529926092,48.708653535021234,56,20
Q4-3,2025-05-25,18,42383.397993930404,44624.358780442744,2240.9607865123398,5.2873551734414104,0.303573474211082,50.98568198808772,56,20
Q4-3,2025-05-26,0,39273.723752517741,40638.776650380802,1365.0528978630609,3.475740946962147,0.27715725185570261,56,56,20
Q4-3,2025-05-26,6,37413.622365055046,39014.897851590125,1601.2754865350798,4.2799263618769512,0.29595683477718715,49.761288763665824,56,20
Q4-3,2025-05-26,12,39883.437238246697,41596.34675814322,1712.9095198965224,4.2947891117416148,0.29375934579979746,50.468491244989529,56,20
Q4-3,2025-05-26,18,41055.414573573828,43084.313820824696,2028.8992472508689,4.9418554612691956,0.30009806725081956,51.313499964875625,56,20
Q4-3,2025-05-27,0,37573.062432437728,39040.34306673961,1467.2806343018819,3.9051398510310031,0.28242745928877966,56,56,20
Q4-3,2025-05-27,6,38107.846769086667,39930.840553565271,1822.9937844786036,4.783775361344822,0.30056757886821572,49.127801148221884,56,20
Q4-3,2025-05-27,12,40970.834178251447,42788.710359448145,1817.8761811966979,4.437000655851131,0.2797170064161224,48.504198197081429,56,20
Q4-3,2025-05-27,18,35598.942938234664,37578.679223319428,1979.7362850847639,5.5612221085319158,0.27235412512167756,49.715644626165137,56,20
Q4-3,2025-05-28,0,41929.785969684046,43599.025673919248,1669.2397042352022,3.9810355947013099,0.29942853988962703,56,56,20
Q4-3,2025-05-28,6,36962.750116424708,38681.909774692846,1719.1596582681377,4.6510599261504026,0.28744491158176327,46.292515057132235,56,20
Q4-3,2025-05-28,12,45778.382612359914,47972.503423769878,2194.1208114099645,4.7929190290300072,0.27768677382691981,47.934563334527432,56,20
Q4-3,2025-05-28,18,35398.604646086162,37534.165505940531,2135.5608598543695,6.0328955935004203,0.29214017073411985,49.441851933249815,56,20
Q4-3,2025-05-29,0,40499.57442842528,42129.963857140712,1630.3894287154326,4.0256952121726863,0.27915694047929596,56,56,20
Q4-3,2025-05-29,6,34835.65982788831,36507.584723499487,1671.9248956111769,4.7994638364010189,0.26760493388046463,48.836011647840813,56,20
Q4-3,2025-05-29,12,29831.951529907223,31277.409878298717,1445.4583483914939,4.8453362058542782,0.28634845409287957,48.146137676820231,56,20
Q4-3,2025-05-29,18,21397.298012825748,22558.73607881305,1161.4380659873023,5.4279660230517113,0.28119285869046706,49.37063005657312,56,20
Q4-3,2025-05-30,0,13224.419700068966,14022.729927283151,798.31022721418594,6.0366371101336247,0.28556079749968494,56,56,20
Q4-3,2025-05-30,6,13596.964396291376,14572.627194669851,975.66279837847469,7.1755928010269088,0.28010234549115798,49.586744760409609,56,20
Q4-3,2025-05-30,12,13701.286522184517,14725.919436349774,1024.6329141652568,7.4783700968972244,0.29303303057844604,48.397495891734032,56,20
Q4-3,2025-05-30,18,12858.096601998983,13662.691548950761,804.59494695177818,6.2574965164493568,0.28098230572964,48.995326444711758,56,20
Q4-3,2025-05-31,0,15025.825366321498,15881.90959723408,856.08423091258192,5.6974190105482547,0.28120136320038669,56,56,20
Q4-3,2025-05-31,6,18298.436107421934,19130.701277090269,832.26516966833515,4.5482857921981923,0.26561132421894734,50.441239336156826,56,20
Q4-3,2025-05-31,12,24924.911309841507,26257.719256941287,1332.80794709978,5.3472926363975715,0.27847303901198833,50.369172199114971,56,20
Q4-3,2025-05-31,18,33276.039339289528,34970.596804956367,1694.5574656668396,5.0924253586455137,0.27712822370384266,51.531251297530936,56,20
Q4-3,2025-06-01,0,50947.223901562582,52732.498574746583,1785.2746731840016,3.5041647737930059,0.2799766635687348,56,56,20
Q4-3,2025-06-01,6,44958.141911563784,46513.69408973548,1555.5521781716961,3.4600010410385407,0.27668653393630338,54.888608455151456,56,20
Q4-3,2025-06-01,12,44426.318224755159,46003.859737319188,1577.5415125640284,3.5509166088964594,0.27868848572224819,54.136810642636433,56,20
Q4-3,2025-06-01,18,43914.398370740812,45975.797336238502,2061.3989654976904,4.6941300392974394,0.29486166435755162,53.031870952236844,56,20
Q4-3,2025-06-02,0,52012.156324056981,54341.888215536965,2329.7318914799835,4.4792065088876676,0.29121005726145188,56,56,20
Q4-3,2025-06-02,6,44923.991411910887,46841.103687443625,1917.1122755327378,4.2674575772989831,0.30199069431343623,53.619094212769859,56,20
Q4-3,2025-06-02,12,45252.014485999163,47900.239861579597,2648.225375580434,5.852171236265713,0.29569158270761575,49.937519041916801,56,20
Q4-3,2025-06-02,18,39034.657092984402,41220.220747598112,2185.5636546137102,5.5990338262930761,0.29644042248023339,53.758863565703614,56,20
Q4-3,2025-06-03,0,50464.665483629971,52891.789373118168,2427.1238894881972,4.8095511309304673,0.30214819127109205,56,56,20
Q4-3,2025-06-03,6,48955.76375514597,51301.841376442608,2346.0776212966375,4.7922398535760413,0.29979146375085047,52.19599565118498,56,20
Q4-3,2025-06-03,12,47252.970816632296,50368.533002522119,3115.562185889823,6.5933678497801296,0.30394810858387894,50.1628795144969,56,20
Q4-3,2025-06-03,18,37583.378037977935,39749.405350182395,2166.02731220446,5.7632587204260677,0.30728186903204707,51.804870547692609,56,20
Q4-3,2025-06-04,0,59424.432832898194,61819.500251713725,2395.0674188155317,4.0304422013592855,0.28094627290987201,56,56,20
Q4-3,2025-06-04,6,49254.337981514851,51447.743603713941,2193.4056221990904,4.4532232328902133,0.33421838707602142,52.61280178540359,56,20
Q4-3,2025-06-04,12,50147.736024790167,52729.73283249799,2581.9968077078229,5.1487804084145106,0.29644558147588174,50.165888905446813,56,20
Q4-3,2025-06-04,18,47906.253327871622,50270.828155869815,2364.5748279981926,4.9358375237883445,0.29166051862089776,53.276848500413472,56,20
Q4-3,2025-06-05,0,51510.113137869237,53734.952193166246,2224.8390552970086,4.3192276618420955,0.29802547242635208,56,56,20
Q4-3,2025-06-05,6,44375.908127453666,46921.512415893128,2545.6042884394628,5.7364556487005114,0.31130052603360941,51.842652204598352,56,20
Q4-3,2025-06-05,12,39185.913301341745,42209.783203454361,3023.8699021126158,7.7167268728915328,0.29661269567163367,49.913140859397423,56,20
Q4-3,2025-06-05,18,25500.051135200669,26933.833119874544,1433.7819846738748,5.6226631745638356,0.29405214722990725,51.907739508418231,56,20
Q4-3,2025-06-06,0,16898.880323610938,18099.374557379295,1200.4942337683569,7.1039868368736769,0.30229593999909649,56,56,20
Q4-3,2025-06-06,6,16083.737095766624,17077.932506404384,994.19541063775978,6.1813706896479914,0.28735548686344864,53.037211526783864,56,20
Q4-3,2025-06-06,12,16431.359504069005,17560.234002686157,1128.8744986171514,6.8702440497245609,0.30602305165392862,49.400018623694528,56,20
Q4-3,2025-06-06,18,15554.383163003482,16625.893400495355,1071.5102374918733,6.8887992938253539,0.30741491468803533,50.590830126805905,56,20
Q4-3,2025-06-07,0,19281.483480065166,20459.768823060389,1178.2853429952229,6.1109682987485536,0.28961323745565193,56,56,20
Q4-3,2025-06-07,6,23186.867502311812,24334.83278983651,1147.9652875246975,4.9509287419279069,0.31332863962069213,49.810941847547376,56,20
Q4-3,2025-06-07,12,27232.993140680788,28637.799986638067,1404.8068459572787,5.1584739095710042,0.29246247206039994,49.776803799901266,56,20
Q4-3,2025-06-07,18,34785.998279065985,36567.608522072609,1781.6102430066239,5.1216303430877463,0.30489099063282876,51.143124599089461,56,20
Q4-3,2025-06-08,0,56278.441972211658,58258.139891869367,1979.6979196577086,3.5176843037609595,0.28361555986742742,56,56,20
Q4-3,2025-06-08,6,50480.342556731732,53453.018671445956,2972.6761147142242,5.8887796004423176,0.24308176615576299,43.9288109280564,56,20
Q4-3,2025-06-08,12,51499.523162468264,54671.482744987967,3171.959582519703,6.159201848360718,0.28414519569329183,49.684151942416563,56,20
Q4-3,2025-06-08,18,54462.889112422636,56661.555402841594,2198.6662904189579,4.0369990028998659,0.28703634679189388,49.26101347407171,56,20
Q4-3,2025-06-09,0,62891.892760271716,64987.050502549064,2095.157742277348,3.3313637900254767,0.26522027494451617,56,56,20
Q4-3,2025-06-09,6,56054.186569365316,57973.642388885695,1919.455819520379,3.4242862790366368,0.27464295634899488,51.991953815060079,56,20
Q4-3,2025-06-09,12,66117.302819957389,68519.629711018802,2402.3268910614133,3.6334314749697727,0.30648063788177188,47.484850666440366,56,20
Q4-3,2025-06-09,18,54180.815205501305,56449.565154058379,2268.7499485570734,4.1873676871637677,0.29199568579775298,52.966485140345519,56,20
Q4-3,2025-06-10,0,59001.045935216644,61080.681837120137,2079.6359019034935,3.5247441277345137,0.27489602441007488,56,56,20
Q4-3,2025-06-10,6,52959.13810436194,55308.120672341,2348.9825679790592,4.4354622300501356,0.2505920134567482,45.33744840269437,56,20
Q4-3,2025-06-10,12,66656.562237995036,70183.355349327554,3526.7931113325176,5.2909916037076954,0.26984227016668283,48.636704550365103,56,20
Q4-3,2025-06-10,18,62155.983142091674,65474.812812566088,3318.8296704744134,5.3395176179377613,0.28199380816723507,51.283484755941387,56,20
Q4-3,2025-06-11,0,64339.829286152366,66695.402899090477,2355.5736129381112,3.661143710005299,0.28387958403604413,56,56,20
Q4-3,2025-06-11,6,58196.462756365814,60516.260240332216,2319.7974839664021,3.9861485975153155,0.26849038665351321,50.694902473540999,56,20
Q4-3,2025-06-11,12,62398.929043810254,64979.282321162769,2580.3532773525149,4.1352525065628143,0.27686765899183829,48.514246460353405,56,20
Q4-3,2025-06-11,18,59413.371291306721,62508.794099989987,3095.4228086832663,5.2099767129965668,0.26811476115842758,51.210692321351587,56,20
Q4-3,2025-06-12,0,62019.281460346952,64022.758651970646,2003.4771916236932,3.2304101957463915,0.28403376866029684,56,56,20
Q4-3,2025-06-12,6,51609.92205363245,54481.481097331613,2871.5590436991624,5.5639670230756666,0.26626753460358715,49.401185143931905,56,20
Q4-3,2025-06-12,12,48953.324605509144,51118.746709773739,2165.422104264595,4.4234423743732876,0.27742789106352295,47.817905158617648,56,20
Q4-3,2025-06-12,18,29873.088176957121,31404.325146094394,1531.2369691372733,5.1258074159149292,0.28217604829417892,50.591905886700452,56,20
Q4-3,2025-06-13,0,23114.014351686208,24301.910321981708,1187.8959702954999,5.139288884316362,0.28129522141986035,56,56,20
Q4-3,2025-06-13,6,20688.065385315374,21750.112751923763,1062.047366608389,5.1336234047396401,0.26352130095427095,49.22046977344646,56,20
Q4-3,2025-06-13,12,22063.675646955315,23583.154164526379,1519.478517571064,6.8867877768169938,0.28263489949298942,48.93952589504422,56,20
Q4-3,2025-06-13,18,19266.461061688162,20629.121307065707,1362.6602453775449,7.0727065080324003,0.24660029053463858,46.933212066827636,56,20
Q4-3,2025-06-14,0,23460.920620486315,24594.137951832738,1133.2173313464227,4.8302338585847648,0.29477072590998421,56,56,20
Q4-3,2025-06-14,6,25681.723449644134,26750.987894700025,1069.264445055891,4.1635229315994726,0.2541559550660214,47.185578491633109,56,20
Q4-3,2025-06-14,12,30981.835743148913,32551.532692578978,1569.6969494300647,5.0665072348954565,0.28452665482251693,48.143622904599049,56,20
Q4-3,2025-06-14,18,45858.348122481373,48929.724068235446,3071.3759457540727,6.6975285231618997,0.27952359810861238,50.211054727468195,56,20
Q4-3,2025-06-15,0,57528.599423667896,59419.755278955738,1891.1558552878414,3.2873316476218495,0.280649559342106,56,56,20
Q4-3,2025-06-15,6,54084.745559693241,57254.754705730775,3170.0091460375334,5.8611889789493388,0.24907983974305936,44.601606028608757,56,20
Q4-3,2025-06-15,12,62143.392629242822,65149.925854589914,3006.5332253470915,4.8380577534357316,0.27789738222390242,48.122408687418194,56,20
Q4-3,2025-06-15,18,63951.396153411639,67522.997199668098,3571.6010462564591,5.5848679795647005,0.27490431061707049,52.175921319685877,56,20
Q4-3,2025-06-16,0,62279.262500489094,64438.174183487572,2158.9116829984778,3.4665016834159346,0.29206976915060895,56,56,20
Q4-3,2025-06-16,6,56725.359326745143,59647.625776279107,2922.2664495339632,5.1516050038596495,0.25479613134522738,47.575154578331421,56,20
Q4-3,2025-06-16,12,62527.513422474542,65137.144635689299,2609.6312132147577,4.1735726728527878,0.2724751054038691,46.032825929816191,56,20
Q4-3,2025-06-16,18,63158.259841065155,66725.919980288949,3567.6601392237935,5.6487625659757734,0.2555520626810282,47.396972685737801,56,20
Q4-3,2025-06-17,0,63422.085093090194,65691.956695360524,2269.8716022703302,3.578992395060232,0.29404491369892627,56,56,20
Q4-3,2025-06-17,6,58889.999806020802,62503.699377745841,3613.6995717250393,6.1363552107799091,0.24123801109740439,43.487943305437028,56,20
Q4-3,2025-06-17,12,63731.383804678328,66855.452436365915,3124.0686316875872,4.9019312702547335,0.27185485465461656,44.92078698424838,56,20
Q4-3,2025-06-17,18,61031.016433428864,64333.577951274943,3302.5615178460794,5.4112838206593405,0.26391398080266965,47.958366406909001,56,20
Q4-3,2025-06-18,0,63371.030456321401,65414.35191722196,2043.321460900559,3.2243778366661147,0.29400168041001523,56,56,20
Q4-3,2025-06-18,6,58799.180367130641,62616.535664609757,3817.3552974791164,6.4921913428797717,0.24611073068492778,45.860074885202494,56,20
Q4-3,2025-06-18,12,63868.370624331743,66535.644384735875,2667.2737604041322,4.1762044879660509,0.27667903835678015,48.041217564205986,56,20
Q4-3,2025-06-18,18,60801.040401064492,64315.739099613624,3514.6986985491312,5.7806555206374233,0.27686165044462557,48.319372737050422,56,20
Q4-3,2025-06-19,0,58580.062116465197,60455.525998962548,1875.4638824973517,3.2015395934006818,0.28914166211772041,56,56,20
Q4-3,2025-06-19,6,47723.869262070832,50809.447221713584,3085.5779596427528,6.4654815448818903,0.25820633895546219,47.338459579669212,56,20
Q4-3,2025-06-19,12,45872.239984260319,48898.817159459963,3026.5771751996435,6.5978403850305067,0.28027470180129271,48.801173797362402,56,20
Q4-3,2025-06-19,18,27034.784168128812,28454.691535429756,1419.9073673009443,5.2521498173263348,0.27765487717172349,47.390234245754392,56,20
Q4-3,2025-06-20,0,22000.508125981574,23069.73144644994,1069.2233204683653,4.8599937526245585,0.27770416321215469,56,56,20
Q4-3,2025-06-20,6,20767.998307004134,21747.970710954265,979.97240395013068,4.7186656579205843,0.25891169270169345,47.885233551488845,56,20
Q4-3,2025-06-20,12,24204.985607789455,25478.067513948899,1273.0819061594448,5.2595854704815537,0.28889409489983375,48.877044740852995,56,20
Q4-3,2025-06-20,18,17060.352955278511,18021.431988699842,961.07903342133068,5.6334065065398953,0.28363928512799125,49.116030756289895,56,20
Q4-3,2025-06-21,0,22003.395401279744,23083.761872546769,1080.3664712670252,4.9099988959167229,0.27861154751918743,56,56,20
Q4-3,2025-06-21,6,25114.694937036387,26264.570410677599,1149.875473641212,4.5784966790319404,0.25998472713242121,47.797939133551218,56,20
Q4-3,2025-06-21,12,31199.224095894737,32803.97547712455,1604.751381229813,5.1435618280038176,0.27589270222186285,48.00823078231511,56,20
Q4-3,2025-06-21,18,40452.441249928699,43354.074906941081,2901.6336570123822,7.1729506733230863,0.2556173250850986,46.919534911118134,56,20
Q4-3,2025-06-22,0,55620.148511934545,57343.335412905741,1723.1869009711954,3.0981343039770071,0.26672238107762547,56,56,20
Q4-3,2025-06-22,6,52497.584940427754,56202.437706052631,3704.8527656248771,7.0571870493261857,0.25910254909555963,50.063264964735396,56,20
Q4-3,2025-06-22,12,56683.386798650921,60114.669799769115,3431.2830011181941,6.0534191672538817,0.27570846914626868,48.775189818287501,56,20
Q4-3,2025-06-22,18,59586.426214427745,62639.736210470423,3053.3099960426771,5.1241703690283913,0.27480195949101011,49.183144486036142,56,20
Q4-3,2025-06-23,0,59303.461823498321,61054.933558536854,1751.4717350385326,2.9534055537117521,0.26856915692311684,56,56,20
Q4-3,2025-06-23,6,53409.031336238564,56828.435265961903,3419.4039297233394,6.4022953500061597,0.26507122260336435,49.446032785427882,56,20
Q4-3,2025-06-23,12,55032.102854631026,57578.880186052767,2546.7773314217411,4.6278030446140317,0.2844211160890272,48.935056354781068,56,20
Q4-3,2025-06-23,18,59020.997819990174,62121.688361786415,3100.6905417962407,5.2535379887224565,0.25880707939532505,47.666560809440575,56,20
Q4-3,2025-06-24,0,68497.708988910264,70748.903237538994,2251.1942486287298,3.2865248806981162,0.30071375690820973,56,56,20
Q4-3,2025-06-24,6,60348.91543034021,62644.340790836482,2295.4253604962723,3.8035900796690392,0.27797084640999803,47.759724780259212,56,20
Q4-3,2025-06-24,12,59248.537997646563,61505.901071643428,2257.3630739968648,3.8099894955830438,0.27533406148121464,50.130531506331934,56,20
Q4-3,2025-06-24,18,63652.581222335444,66924.327152012382,3271.7459296769375,5.1400051134594005,0.26384543128715865,48.648935121467332,56,20
Q4-3,2025-06-25,0,60233.64092039039,62270.977508442185,2037.3365880517958,3.382389901922922,0.29578375603879559,56,56,20
Q4-3,2025-06-25,6,55125.92800570582,58701.422394286448,3575.4943885806279,6.4860484311675348,0.2561119323367837,46.393305439897034,56,20
Q4-3,2025-06-25,12,59112.21540349118,63150.108746050144,4037.8933425589639,6.830894959691336,0.30151886685454454,48.507166760486349,56,20
Q4-3,2025-06-25,18,50778.021408762084,53763.137988618451,2985.116579856367,5.8787571808405881,0.27073289451938803,48.116134098579622,56,20
Q4-3,2025-06-26,0,57042.018098707296,58824.413660720791,1782.3955620134948,3.1247063505522865,0.30299752208962943,56,56,20
Q4-3,2025-06-26,6,47375.763343605286,50669.797688454841,3294.0343448495551,6.9529947643454326,0.26889585696067547,47.624914652386714,56,20
Q4-3,2025-06-26,12,41724.013561136693,44731.054942237024,3007.0413811003309,7.2069801642984821,0.27931343113929741,48.0631986163459,56,20
Q4-3,2025-06-26,18,27537.159239268723,28940.927932495215,1403.7686932264915,5.0977251539609858,0.27466473536793667,47.287148893731363,56,20
Q4-3,2025-06-27,0,21724.512324075204,22815.246476732689,1090.7341526574855,5.0207532228409457,0.29243624811070057,56,56,20
Q4-3,2025-06-27,6,20188.311927871913,21225.591468544564,1037.2795406726509,5.1380201790947488,0.27520421343282669,48.375838774056767,56,20
Q4-3,2025-06-27,12,22191.678372169656,23236.192190900856,1044.5138187312004,4.7067815296075732,0.26573141858127958,49.813228288631862,56,20
Q4-3,2025-06-27,18,17268.75268629377,18138.74005513651,869.98736884273967,5.037928243267098,0.25617383835951457,49.306020601873229,56,20
Q4-3,2025-06-28,0,21102.400655825331,22146.155164928747,1043.7545091034153,4.9461410866317168,0.28915833320761836,56,56,20
Q4-3,2025-06-28,6,24487.817491986178,25913.158409175245,1425.3409171890671,5.8206123010166921,0.2634839473500456,46.720228411071666,56,20
Q4-3,2025-06-28,12,31727.158927022818,33273.302283918623,1546.1433568958055,4.8732486903481087,0.26391155442966291,46.44969929537929,56,20
Q4-3,2025-06-28,18,41662.956124537486,44846.075473823366,3183.1193492858802,7.6401668181465876,0.26255750067155037,49.186201773722964,56,20
Q4-3,2025-06-29,0,54171.362593300444,56199.366087510498,2028.0034942100538,3.7436818959781126,0.28008683247041144,56,56,20
Q4-3,2025-06-29,6,51623.598772180361,55137.516301944728,3513.9175297643669,6.8068046655786363,0.27389544863259813,48.273523317931748,56,20
Q4-3,2025-06-29,12,53200.244839645886,57223.349724348183,4023.1048847022976,7.562192423791636,0.29020143487862593,49.016899838134911,56,20
Q4-3,2025-06-29,18,56184.493519730429,59468.98949523145,3284.4959755010204,5.8459118695225021,0.28041380126819077,49.762653417091265,56,20
Q4-3,2025-06-30,0,60416.500963503073,62786.021413748887,2369.5204502458146,3.9219756398623851,0.30244936127211675,56,56,20
Q4-3,2025-06-30,6,53579.701614246645,56449.545730459475,2869.8441162128292,5.3562151892420085,0.25417142532797188,44.200334767766151,56,20
Q4-3,2025-06-30,12,52609.149882444995,55461.240655477741,2852.0907730327453,5.421282760519297,0.26784756105637864,47.763361853621682,56,20
Q4-3,2025-06-30,18,43806.352762959825,46883.95332635416,3077.600563394335,7.025466329158947,0.28239851372377128,46.101532314450026,56,20
Q4-3,2025-07-01,0,54333.732306970967,56369.067436536505,2035.3351295655375,3.745988068823336,0.29585965316169172,56,56,20
Q4-3,2025-07-01,6,50443.995339114132,53037.968323525027,2593.9729844108952,5.1422829753525301,0.31855652382651578,55.054173896032005,56,20
Q4-3,2025-07-01,12,49008.141781069506,52305.196144447837,3297.0543633783309,6.7275645302101506,0.27903542924893648,51.180346230051235,56,20
Q4-3,2025-07-01,18,42821.341881151238,45210.727548714392,2389.3856675631541,5.5798944231939096,0.29436730855679982,53.64417676330396,56,20
Q4-3,2025-07-02,0,55351.020149267344,58401.648336561062,3050.6281872937179,5.5114217932514364,0.29682219909873503,56,56,20
Q4-3,2025-07-02,6,51037.789040417963,53016.446584020479,1978.6575436025159,3.8768480782652492,0.32488188756756931,53.813931962362339,56,20
Q4-3,2025-07-02,12,51712.210095669019,53986.664902031887,2274.4548063628681,4.398293559983335,0.30061860721225792,50.224258845246666,56,20
Q4-3,2025-07-02,18,53522.109391820428,56588.542350842232,3066.432959021804,5.7292827092693566,0.29664601734626334,51.481119576944046,56,20
Q4-3,2025-07-03,0,64828.567487122622,67885.57617134387,3057.0086842212477,4.71552712440928,0.30719395735639382,56,56,20
Q4-3,2025-07-03,6,55830.120244035512,58287.229213829851,2457.1089697943389,4.4010454554892942,0.30951908481178236,51.56008581876511,56,20
Q4-3,2025-07-03,12,48546.896878996457,50502.329101257914,1955.4322222614574,4.0279242299160467,0.32038918549622697,50.585082572355731,56,20
Q4-3,2025-07-03,18,31048.985372516916,32325.947075370328,1276.9617028534121,4.1127324694600675,0.31561468667541892,50.804609006978275,56,20
Q4-3,2025-07-04,0,21485.421249201157,22648.929555636416,1163.5083064352584,5.4153385821025912,0.30332393509033218,56,56,20
Q4-3,2025-07-04,6,22607.10299768165,23862.320532390062,1255.2175347084121,5.5523148403275435,0.32601278966332192,52.361448370677856,56,20
Q4-3,2025-07-04,12,22943.537553092909,24382.55132610444,1439.0137730115312,6.2719786331186134,0.31947840868736316,50.872563796097779,56,20
Q4-3,2025-07-04,18,19586.861467038983,20628.773484825244,1041.9120177862605,5.3194434419194803,0.31943696246214781,51.706099509896909,56,20
Q4-3,2025-07-05,0,24479.864056790197,25828.058047464743,1348.1939906745465,5.5073589769408349,0.30672591801782745,56,56,20
Q4-3,2025-07-05,6,28619.060936257076,29897.534334572072,1278.4733983149963,4.4672094628210424,0.32803608426241948,54.027268305599087,56,20
Q4-3,2025-07-05,12,40436.015153347173,42748.441577969461,2312.4264246222883,5.7187297409321269,0.30458584539726075,48.637257881390099,56,20
Q4-3,2025-07-05,18,48893.802058087953,51212.399808305265,2318.5977502173118,4.7421097411543434,0.31048233628533267,50.532947057152732,56,20
Q4-3,2025-07-06,0,61667.304889818945,64677.977787862539,3010.6728980435946,4.8821217392632343,0.28600867051144041,56,56,20
Q4-3,2025-07-06,6,63063.338478845348,66142.253429328557,3078.9149504832094,4.8822580991585651,0.35034560481113897,51.904765578443815,56,20
Q4-3,2025-07-06,12,61519.360491322783,64215.048000947863,2695.6875096250806,4.3818522951084793,0.29508996162204076,52.089176871425273,56,20
Q4-3,2025-07-06,18,49676.211386556817,52060.33874740894,2384.1273608521224,4.799334116484788,0.33609801334187583,51.245224129720107,56,20
Q4-3,2025-07-07,0,68246.314253278877,71715.962751448023,3469.6484981691465,5.0840086180953703,0.29428111409660918,56,56,20
Q4-3,2025-07-07,6,62433.288489721686,64460.085041080907,2026.7965513592208,3.2463395736280765,0.30677828797795348,52.285832997328548,56,20
Q4-3,2025-07-07,12,68569.575751813085,71445.974126112967,2876.3983742998826,4.1948609755308564,0.30633266644669738,49.445472638673401,56,20
Q4-3,2025-07-07,18,57618.016716239115,60811.446716317674,3193.4300000785588,5.5424156923098655,0.24091461139307005,42.005187608108649,56,20
Q4-3,2025-07-08,0,77212.322703889004,80979.926799396941,3767.604095507937,4.8795373116241825,0.30828360831626717,56,56,20
Q4-3,2025-07-08,6,67232.264586410631,70103.515887506146,2871.2513010955154,4.2706449332897689,0.25988903763680765,45.549260000742535,56,20
Q4-3,2025-07-08,12,75870.669672286123,79066.370358192798,3195.7006859066751,4.2120370094400172,0.24216501135834845,47.573838778754237,56,20
Q4-3,2025-07-08,18,65743.347201111639,68600.69048193132,2857.3432808196812,4.3462090119612329,0.27870718512117071,48.165753013429644,56,20
Q4-3,2025-07-09,0,75756.386859144943,79203.41482993518,3447.0279707902373,4.5501483290106615,0.27168802484231303,56,56,20
Q4-3,2025-07-09,6,65719.121260759493,68586.329288761714,2867.2080280022201,4.3628216156843536,0.25570895793239662,44.757965476474489,56,20
Q4-3,2025-07-09,12,76533.867280533159,79984.438783011487,3450.5715024783276,4.5085550032776256,0.27013000489580119,46.581395166528132,56,20
Q4-3,2025-07-09,18,65795.938393624645,68873.201770117827,3077.2633764931816,4.6769807553825427,0.28435416726614193,47.732690410195367,56,20
Q4-3,2025-07-10,0,70210.164090499748,73634.039498867554,3423.8754083678068,4.8766093239071218,0.29534929059159437,56,56,20
Q4-3,2025-07-10,6,58757.248560222593,61584.119753893843,2826.8711936712498,4.8111020562405571,0.26610840520566298,48.991666039678407,56,20
Q4-3,2025-07-10,12,57292.812579909179,59727.613513507029,2434.8009335978495,4.2497493559107591,0.28289840150973095,47.806824222234994,56,20
Q4-3,2025-07-10,18,40355.967986847318,42126.64334779379,1770.6753609464722,4.3876419010034917,0.25895716046822442,47.53259302414461,56,20
Q4-3,2025-07-11,0,32500.442007798109,34321.521915767371,1821.0799079692624,5.6032465882535298,0.30003986308044645,56,56,20
Q4-3,2025-07-11,6,31130.515892990319,32391.932801736191,1261.4169087458722,4.0520269984664958,0.29040553681830666,52.152529084735711,56,20
Q4-3,2025-07-11,12,34083.959141023683,35713.751437059313,1629.79229603563,4.7816988903557345,0.28876600405692565,48.990274501938863,56,20
Q4-3,2025-07-11,18,28587.774966241181,30299.653924054292,1711.8789578131109,5.9881503888800092,0.27001982764822963,48.915865773288921,56,20
Q4-3,2025-07-12,0,30259.718561318572,31694.550247383315,1434.8316860647428,4.7417218476675016,0.28788291005079897,56,56,20
Q4-3,2025-07-12,6,32888.975960191499,35066.719502929918,2177.7435427384189,6.6214999985841461,0.2019323289232442,40.968374188841075,56,20
Q4-3,2025-07-12,12,46363.322451935703,48887.893421566354,2524.5709696306512,5.4451899391978253,0.28674451793733186,47.927426366625156,56,20
Q4-3,2025-07-12,18,49063.523246212208,51239.402523410186,2175.8792771979788,4.434820683950691,0.29388087434426002,50.096070028485848,56,20
Q4-3,2025-07-13,0,75474.727506302603,79035.026295071817,3560.2987887692143,4.7172065490026505,0.29228036261667767,56,56,20
Q4-3,2025-07-13,6,64506.512311989347,67059.58546853665,2553.0731565473034,3.9578533469601052,0.23322912349751029,44.661626468711219,56,20
Q4-3,2025-07-13,12,73639.67451550602,76603.831837645368,2964.1573221393483,4.0252178484509793,0.26183129304085018,46.65864542669123,56,20
Q4-3,2025-07-13,18,69532.194672309692,72504.259596933116,2972.0649246234243,4.2743723804924194,0.26606099404044492,48.283318608184409,56,20
Q4-3,2025-07-14,0,71002.183767454204,74689.279256762646,3687.0954893084418,5.192932517941129,0.30165087515502875,56,56,20
Q4-3,2025-07-14,6,61701.568243513226,64967.055337033104,3265.4870935198778,5.2923891344742069,0.22286105773282355,42.577768508427887,56,20
Q4-3,2025-07-14,12,66104.842017731062,69645.017118749514,3540.1751010184526,5.3553945413996829,0.26724175147449203,46.064911061954838,56,20
Q4-3,2025-07-14,18,67991.55259869108,70936.13767314225,2944.5850744511699,4.330810169656063,0.2608122367658593,47.582403633227891,56,20
Q4-3,2025-07-15,0,75182.929982693895,78888.546263496741,3705.6162808028457,4.9288000369975382,0.28883241891451594,56,56,20
Q4-3,2025-07-15,6,64921.620003122167,67926.671125139066,3005.0511220168992,4.6287371169610125,0.22283666106632319,42.730535954031545,56,20
Q4-3,2025-07-15,12,70800.530756090535,73851.439794492209,3050.9090384016745,4.3091612532003776,0.26547220512953262,46.757657010264808,56,20
Q4-3,2025-07-15,18,60065.07033062588,63117.166157391337,3052.0958267654569,5.0813156631055456,0.25510705515235765,46.009425031706911,56,20
Q4-3,2025-07-16,0,72455.616389608273,75942.517059322039,3486.9006697137665,4.8124642967137365,0.30242988766650236,56,56,20
Q4-3,2025-07-16,6,63166.386655515271,65690.574395539763,2524.1877400244921,3.9960932921340397,0.22940162231412994,47.346433526970365,56,20
Q4-3,2025-07-16,12,72239.538816738903,75268.11210267237,3028.5732859334676,4.1924039598543406,0.26281324074080287,46.092053309865292,56,20
Q4-3,2025-07-16,18,66961.938943463116,70185.54752779234,3223.608584329224,4.8140908629467294,0.24444794396128811,46.58180181494911,56,20
Q4-3,2025-07-17,0,69282.319166905902,72784.809630056843,3502.4904631509417,5.0553885973608992,0.28407593959397348,56,56,20
Q4-3,2025-07-17,6,58019.163586611336,62169.332666397073,4150.1690797857373,7.153100498579823,0.23959653885144655,44.826776609008327,56,20
Q4-3,2025-07-17,12,56488.189211819408,60049.454070836407,3561.2648590169993,6.3044415278793453,0.26137899648108476,46.30920994942322,56,20
Q4-3,2025-07-17,18,41072.56108710586,43152.54589383275,2079.9848067268904,5.0641711928206767,0.28024763067151343,46.199228754744574,56,20
Q4-3,2025-07-18,0,33599.794803067285,35773.00112783756,2173.2063247702754,6.4679154664714966,0.26672471817170373,56,56,20
Q4-3,2025-07-18,6,29916.409483699579,31826.848351726527,1910.4388680269476,6.3859229800550699,0.24348994727528933,45.174499752448142,56,20
Q4-3,2025-07-18,12,31293.86803536817,32807.537336687325,1513.6693013191543,4.8369517619503366,0.26764573659043117,47.67527226838866,56,20
Q4-3,2025-07-18,18,25422.941980201638,26998.26428051732,1575.3223003156818,6.1964594874286405,0.26416052754337432,46.242276034019582,56,20
Q4-3,2025-07-19,0,32826.239341185879,34903.64909469086,2077.4097535049805,6.3285036458578858,0.28653167910757271,56,56,20
Q4-3,2025-07-19,6,34336.820509321755,36330.564913457223,1993.7444041354684,5.8064327872005661,0.23883034341212384,43.215547008926919,56,20
Q4-3,2025-07-19,12,41322.388606735381,43230.981232011196,1908.5926252758145,4.6187858195707587,0.26738207290120303,46.442034379161576,56,20
Q4-3,2025-07-19,18,46859.080359876658,49551.90724300532,2692.8268831286623,5.7466490218071264,0.25888184069591258,45.419392412265296,56,20
Q4-3,2025-07-20,0,71630.934640057385,75201.881259713497,3570.9466196561116,4.9852017673648552,0.28619873560741915,56,56,20
Q4-3,2025-07-20,6,63178.102515369246,66227.373397142641,3049.2708817733946,4.8264679697077151,0.2270689692546396,41.169657488042397,56,20
Q4-3,2025-07-20,12,68725.395190908981,72062.924596848548,3337.5294059395674,4.8563262483517278,0.26903093875253264,46.853701001809235,56,20
Q4-3,2025-07-20,18,62087.384292341507,64859.843102176099,2772.4588098345921,4.4654140956886357,0.25038884116680354,48.212160918693499,56,20
Q4-3,2025-07-21,0,74624.905702374643,78301.077691481085,3676.1719891064422,4.9261998450866651,0.28096450285912272,56,56,20
Q4-3,2025-07-21,6,65635.329278556426,68298.381586088057,2663.0523075316305,4.0573458483458502,0.24056287010200486,46.889861694126154,56,20
Q4-3,2025-07-21,12,72876.562031043475,76171.907656076248,3295.3456250327727,4.5218181719783201,0.25964593563069377,44.97399772597371,56,20
Q4-3,2025-07-21,18,59437.379980538019,62266.751937890396,2829.3719573523776,4.7602568590318306,0.26730849973588183,49.750371160678519,56,20
Q4-3,2025-07-22,0,72032.945701523044,75817.566126586054,3784.6204250630108,5.2540131299711579,0.27800622023512944,56,56,20
Q4-3,2025-07-22,6,72150.389220772879,77151.429723141628,5001.040502368749,6.9314116755019528,0.27841538008510086,47.694337066691908,56,20
Q4-3,2025-07-22,12,68456.835753844993,71251.139465338172,2794.3037114931794,4.0818476061921016,0.26678096284879621,45.524894343358014,56,20
Q4-3,2025-07-22,18,62666.944473925592,65469.811096236066,2802.8666223104738,4.4726396760523146,0.27465139151875623,44.421392378770399,56,20
Q4-3,2025-07-23,0,79851.156567469574,83646.033610567116,3794.8770430975419,4.7524384194624458,0.28230056365333561,56,56,20
Q4-3,2025-07-23,6,67005.764721013446,69610.711470367401,2604.946749353956,3.887645727498179,0.20739923470509475,39.542195696689745,56,20
Q4-3,2025-07-23,12,71586.899693140818,74507.805085852073,2920.9053927112545,4.080223344259637,0.26394661894627963,48.189752780518177,56,20
Q4-3,2025-07-23,18,73142.003602271725,76173.907866166759,3031.9042638950341,4.1452299835560869,0.24512793849338996,47.757443227218964,56,20
Q4-3,2025-07-24,0,77872.775688369031,81627.424912022339,3754.6492236533086,4.8215171354346609,0.27175138127776927,56,56,20
Q4-3,2025-07-24,6,63223.813360756976,65549.486496964935,2325.673136207959,3.6784765305717837,0.25847305343821286,48.361690938299425,56,20
Q4-3,2025-07-24,12,59593.965395327716,61632.419919467487,2038.4545241397718,3.4205720505714021,0.24046375838289699,44.424657538641938,56,20
Q4-3,2025-07-24,18,36789.863029462264,38524.050982080065,1734.1879526178018,4.7137657219028517,0.24709555772370856,47.388088827072963,56,20
Q4-3,2025-07-25,0,29784.647044179896,31189.999064574858,1405.3520203949629,4.7183772844794358,0.27955844571148464,56,56,20
Q4-3,2025-07-25,6,27945.476105086276,29599.791989909205,1654.3158848229286,5.9197985341242099,0.23452305778323559,46.501699705241727,56,20
Q4-3,2025-07-25,12,31937.780408368159,33595.357351042054,1657.5769426738952,5.1900192232506637,0.29115781211735581,49.111333437374498,56,20
Q4-3,2025-07-25,18,24400.920965171481,25670.441174763477,1269.5202095919958,5.2027553033921814,0.2760223148812716,46.175385957161033,56,20
Q4-3,2025-07-26,0,31370.780131174062,33282.278155013177,1911.4980238391145,6.0932435082786007,0.29351477459423025,56,56,20
Q4-3,2025-07-26,6,34148.473410262304,36271.101300948925,2122.627890686621,6.2158793020853809,0.23654683575187499,43.838087506114093,56,20
Q4-3,2025-07-26,12,51603.863151993675,54039.142839409411,2435.2796874157357,4.7191809656631278,0.23896904951548029,46.553668724658579,56,20
Q4-3,2025-07-26,18,43925.232404087074,46515.625657968019,2590.3932538809458,5.8972784254180066,0.24037404568382678,43.684846706428495,56,20
Q4-3,2025-07-27,0,69890.586708719464,73568.0457486995,3677.4590399800363,5.2617372569877752,0.27708053919866726,56,56,20
Q4-3,2025-07-27,6,62851.899800451705,66690.463729725205,3838.5639292734995,6.1073156761538572,0.25026127236825646,47.235509734938482,56,20
Q4-3,2025-07-27,12,68996.056286060091,72870.686798626339,3874.6305125662475,5.6157275083982938,0.24601681399484437,45.693803813442827,56,20
Q4-3,2025-07-27,18,65097.071055278866,67907.312046502004,2810.2409912231378,4.3170006663383553,0.28086519320028436,49.296677462185997,56,20
Q4-3,2025-07-28,0,74867.535567554762,78628.368679523817,3760.8331119690556,5.0233162925144903,0.28089394589147748,56,56,20
Q4-3,2025-07-28,6,67586.543636742426,71167.857070666912,3581.3134339244862,5.2988557207082287,0.23184289296374719,44.553442867004506,56,20
Q4-3,2025-07-28,12,72582.153548815113,76174.342555670766,3592.1890068556531,4.9491353331638566,0.27225473939472572,48.573458743596504,56,20
Q4-3,2025-07-28,18,78396.455252600193,81384.508414008611,2988.0531614084175,3.8114646278083031,0.26047210952837729,48.014907098431429,56,20
Q4-3,2025-07-29,0,71897.856234053834,75481.786066259985,3583.9298322061513,4.9847520078194707,0.27430364192222023,56,56,20
Q4-3,2025-07-29,6,65232.662275164068,69859.091014915335,4626.4287397512671,7.0921967284365728,0.23565063736110245,42.947580272191715,56,20
Q4-3,2025-07-29,12,69517.942786380881,72943.786375537718,3425.843589156837,4.9279990918085437,0.27063009006201005,47.780573860438139,56,20
Q4-3,2025-07-29,18,60452.49978384639,63944.4366154897,3491.9368316433101,5.7763315729358666,0.25882327564854324,47.411046940613055,56,20
Q4-3,2025-07-30,0,66326.246534590071,69672.786832952639,3346.5402983625681,5.0455746755054154,0.27676399509498339,56,56,20
Q4-3,2025-07-30,6,62384.124569274267,67578.380622597091,5194.2560533228243,8.3262466039014207,0.21824831983153092,43.705287003600688,56,20
Q4-3,2025-07-30,12,68028.467990702207,71736.103247085164,3707.6352563829569,5.4501231115328119,0.29140174506797994,47.927855859785581,56,20
Q4-3,2025-07-30,18,73810.83575104535,76570.192721391839,2759.3569703464891,3.7384171880311179,0.29517305713732034,50.248536543501821,56,20
Q4-3,2025-07-31,0,68894.727831853961,72468.110809182341,3573.3829773283796,5.1867292168562784,0.28535115349665696,56,56,20
Q4-3,2025-07-31,6,55744.405439677015,59179.948106532698,3435.5426668556829,6.1630268360713059,0.22096926353530649,41.735971775293876,56,20
Q4-3,2025-07-31,12,54282.895784269378,57539.534526622236,3256.6387423528577,5.9993828540307881,0.26337747267032868,47.259753515612502,56,20
Q4-3,2025-07-31,18,36359.210237424966,38121.930752187676,1762.7205147627101,4.8480715154487042,0.28556958769515961,48.03095833597142,56,20
Q4-3,2025-08-01,0,28904.155948188585,30339.81948024864,1435.6635320600544,4.9669796088614993,0.31169251496211642,56,56,20
Q4-3,2025-08-01,6,28628.964566342311,29902.621727102665,1273.6571607603546,4.448841165068651,0.29909386655549058,50.698046192885677,56,20
Q4-3,2025-08-01,12,28852.028923126763,30241.144698672455,1389.1157755456916,4.8146207646153627,0.28381092364902166,48.178454703157129,56,20
Q4-3,2025-08-01,18,23759.796846465571,25147.087022110405,1387.2901756448337,5.8388132887222222,0.25370506492070666,44.851863283085194,56,20
Q4-3,2025-08-02,0,31448.052337500951,33607.572879705374,2159.5205422044237,6.8669452690691912,0.27616374601612631,56,56,20
Q4-3,2025-08-02,6,33182.62760619411,35460.051441347918,2277.4238351538079,6.8633016715309303,0.24543398832326926,45.104084677770388,56,20
Q4-3,2025-08-02,12,41048.562063711644,43154.650942961438,2106.0888792497935,5.1307251055004555,0.28748665588809513,50.200413898349161,56,20
Q4-3,2025-08-02,18,43510.516153298689,46056.288992199523,2545.7728389008334,5.8509368859965383,0.27016159990304245,48.721187588106091,56,20
Q4-3,2025-08-03,0,61584.158668561548,64804.532901471015,3220.3742329094675,5.229225019117556,0.27518920576952749,56,56,20
Q4-3,2025-08-03,6,55438.994908578803,59499.703409997579,4060.708501418776,7.3246430749963176,0.26002222281940129,47.96616096630062,56,20
Q4-3,2025-08-03,12,60083.592201070205,63228.529924722839,3144.9377236526343,5.2342704695952147,0.32104361659912445,49.82191084181747,56,20
Q4-3,2025-08-03,18,59349.706227793373,62531.635914944338,3181.929687150965,5.3613233988694553,0.29960299833067988,51.12594282011419,56,20
Q4-3,2025-08-04,0,67015.132555296208,70664.180321166248,3649.0477658700402,5.4451101217461551,0.30590560485100826,56,56,20
Q4-3,2025-08-04,6,59795.683482055698,63324.732046785626,3529.0485647299283,5.9018450149315171,0.23272248602577081,44.425089625253612,56,20
Q4-3,2025-08-04,12,64790.252582561225,67593.687892761838,2803.4353102006135,4.3269399307067635,0.28334845423451277,49.257180663587391,56,20
Q4-3,2025-08-04,18,57791.024247185982,60723.828931726806,2932.8046845408244,5.0748446194629038,0.28000330037048105,48.522215851244383,56,20
Q4-3,2025-08-05,0,64330.94628271024,67820.711970554752,3489.7656878445123,5.4247075311286475,0.28482294563713872,56,56,20
Q4-3,2025-08-05,6,57534.460907984532,61543.819486803186,4009.3585788186538,6.9686210934188919,0.22891297659478241,44.739300130021981,56,20
Q4-3,2025-08-05,12,71215.209302946285,74325.75574798249,3110.5464450362051,4.3678119821344286,0.30273868059205933,50.029602872782725,56,20
Q4-3,2025-08-05,18,67326.477981894597,70839.246462243857,3512.7684803492593,5.2175140979362045,0.27633015583686993,47.530190109115509,56,20
Q4-3,2025-08-06,0,70479.0611106664,74141.076224895805,3662.0151142294053,5.1958908880458843,0.30418406307982443,56,56,20
Q4-3,2025-08-06,6,61312.058020535922,64135.232518041557,2823.1744975056354,4.6045991419176202,0.25361280352011895,46.602380588277335,56,20
Q4-3,2025-08-06,12,68916.478830680047,71902.031908651436,2985.5530779713881,4.332132355900753,0.29256623640398716,48.286768084729182,56,20
Q4-3,2025-08-06,18,52301.154406109446,55356.160953539817,3055.0065474303701,5.8411837790592003,0.26088614205363758,47.037579310584,56,20
Q4-3,2025-08-07,0,68456.21784575675,72046.577116211454,3590.3592704547045,5.2447526074905104,0.30203226685957357,56,56,20
Q4-3,2025-08-07,6,54406.407427275204,57354.204134166182,2947.7967068909784,5.4181057825427814,0.24188030492008916,46.075639767230392,56,20
Q4-3,2025-08-07,12,52245.518484215565,55041.715139680258,2796.1966554646933,5.3520315935030593,0.29865774289436137,50.487735800619298,56,20
Q4-3,2025-08-07,18,35853.361806632682,37758.784322462823,1905.4225158301415,5.3144877350877806,0.27328556462647929,49.540306342189169,56,20
Q4-3,2025-08-08,0,28030.16847001532,29446.894102381666,1416.725632366346,5.0542886814321397,0.31113635570161746,56,56,20
Q4-3,2025-08-08,6,25523.054340895396,27337.167457042437,1814.1131161470403,7.1077430307402434,0.24968614940868866,46.826649306055366,56,20
Q4-3,2025-08-08,12,28359.101648155389,29906.415686636003,1547.3140384806138,5.4561461702058445,0.27780453066774768,47.322791687813968,56,20
Q4-3,2025-08-08,18,23175.496065797495,24571.039435139603,1395.5433693421073,6.0216332171705078,0.26958522951106162,45.39370156277333,56,20
Q4-3,2025-08-09,0,28412.738471604691,29835.610008416203,1422.8715368115118,5.0078648287756877,0.30234332152716314,56,56,20
Q4-3,2025-08-09,6,30973.711374971019,33030.062837408783,2056.351462437764,6.6390218386920274,0.23784683945867527,44.550178054487191,56,20
Q4-3,2025-08-09,12,36702.636888713736,38986.529286589153,2283.8923978754174,6.2226929492843253,0.27382272692344967,45.182994870617669,56,20
Q4-3,2025-08-09,18,44162.343339121056,47327.58240458506,3165.2390654640039,7.1672805973139742,0.25855988238921063,46.813931701305179,56,20
Q4-3,2025-08-10,0,63873.612151565794,67063.256641124826,3189.6444895590321,4.9936810869413817,0.29107021437167363,56,56,20
Q4-3,2025-08-10,6,56773.07521738427,59495.922599266793,2722.8473818825223,4.7960188371983126,0.2389826467958083,43.814268462922463,56,20
Q4-3,2025-08-10,12,62250.536610792493,64951.368453907897,2700.8318431154039,4.3386482915026781,0.29499119489705616,48.309682221492018,56,20
Q4-3,2025-08-10,18,67329.118509337888,70206.490836703131,2877.3723273652431,4.273592750165256,0.29943753291436853,51.315042146858765,56,20
Q4-3,2025-08-11,0,63148.437598121694,66303.353752692172,3154.9161545704774,4.996032007392559,0.27484383825571723,56,56,20
Q4-3,2025-08-11,6,55765.031034620144,59298.078041040935,3533.0470064207911,6.3355958758946951,0.23845618505829422,44.342529901116734,56,20
Q4-3,2025-08-11,12,59806.319645892785,63522.378848928842,3716.0592030360567,6.2134891848193874,0.26881373308966472,45.645646618045816,56,20
Q4-3,2025-08-11,18,57718.018239741723,60775.569616568639,3057.5513768269157,5.2973949384867103,0.26004176191692102,47.727156062726607,56,20
Q4-3,2025-08-12,0,67306.468628498784,70742.242178499,3435.7735500002163,5.1046706505494033,0.29317322933870144,56,56,20
Q4-3,2025-08-12,6,60061.118768237429,63654.669146690125,3593.5503784526954,5.9831559120958389,0.26252947126974607,47.840181015926746,56,20
Q4-3,2025-08-12,12,71888.122879454924,75631.760985215064,3743.6381057601393,5.2075891758053494,0.25548152584542849,45.585587705222508,56,20
Q4-3,2025-08-12,18,58288.022274461648,61082.383360068852,2794.3610856072046,4.7940571262640397,0.28235893439905679,49.101236948091596,56,20
Q4-3,2025-08-13,0,62419.979256627259,65717.34375218366,3297.3644955564014,5.2825466057909942,0.29252008389386608,56,56,20
Q4-3,2025-08-13,6,55168.112832352075,58480.54495113244,3312.4321187803653,6.0042512761789846,0.22805699737327292,44.663786794224066,56,20
Q4-3,2025-08-13,12,62284.515343936546,65453.61338159669,3169.0980376601437,5.0880993777671968,0.26727024309656061,46.153804321344111,56,20
Q4-3,2025-08-13,18,60150.968949163624,63236.017710477812,3085.0487613141886,5.1288430015508313,0.27681020356438518,48.862274396214495,56,20
Q4-3,2025-08-14,0,63089.245381828572,66369.011959487281,3279.7665776587091,5.198614372083421,0.31734588078484682,56,56,20
Q4-3,2025-08-14,6,52185.585260948341,55257.020640279559,3071.4353793312184,5.8856010984122076,0.27722444068331453,49.575221158097854,56,20
Q4-3,2025-08-14,12,50687.297453785039,52665.021129365079,1977.7236755800404,3.9018132252627291,0.27835852577497072,48.713662771132888,56,20
Q4-3,2025-08-14,18,34792.256044783804,36521.29524027271,1729.0391954889055,4.9696093097938876,0.29434837875286668,48.355732294734345,56,20
Q4-3,2025-08-15,0,27971.093351404183,29659.535809178808,1688.4424577746249,6.0363834783378811,0.31800414644263519,56,56,20
Q4-3,2025-08-15,6,26927.331571663759,28276.764847730286,1349.4332760665275,5.0113887908840082,0.3153400351686918,51.224636961936987,56,20
Q4-3,2025-08-15,12,26923.897390149992,28320.313638641645,1396.4162484916524,5.1865308660793197,0.26822860481605004,48.75833251979671,56,20
Q4-3,2025-08-15,18,22573.894525662683,23793.668860395876,1219.7743347331925,5.4034731727239826,0.29987463723892654,50.024821426936469,56,20
Q4-3,2025-08-16,0,30392.097035463121,31800.17859356085,1408.0815580977287,4.6330516662101529,0.29103138412010876,56,56,20
Q4-3,2025-08-16,6,33425.749001713542,35211.306038370843,1785.5570366573011,5.3418609604403144,0.27377634814242396,48.64130558215588,56,20
Q4-3,2025-08-16,12,40912.659512916514,43048.763997532616,2136.1044846161021,5.2211332874650074,0.26129488668452189,46.137392456740557,56,20
Q4-3,2025-08-16,18,43089.24673461233,45746.614051561533,2657.3673169492031,6.1671240932012372,0.27771321134302474,49.918628755945548,56,20
Q4-3,2025-08-17,0,65350.795168864614,68656.401134618573,3305.605965753959,5.0582490346328113,0.32124833357652999,56,56,20
Q4-3,2025-08-17,6,56391.129461329496,59141.691843183158,2750.5623818536624,4.8776508080758951,0.25786380145084342,47.265077647023887,56,20
Q4-3,2025-08-17,12,58491.914026893966,61550.052888267775,3058.138861373809,5.2283104635073352,0.2696333894644955,45.862993849224956,56,20
Q4-3,2025-08-17,18,56460.471348891035,59431.771712241738,2971.3003633507033,5.2626205420601035,0.28360079007395245,48.766969507851385,56,20
Q4-3,2025-08-18,0,63719.667672098411,67078.301431388172,3358.6337592897617,5.2709530385081527,0.3064754482387409,56,56,20
Q4-3,2025-08-18,6,59172.20167440021,61553.151032729322,2380.9493583291114,4.0237633398034989,0.30601764716366786,49.185559658400464,56,20
Q4-3,2025-08-18,12,60466.163086813031,63194.692550279244,2728.5294634662132,4.5124898359248933,0.27669933068766012,46.734354937651624,56,20
Q4-3,2025-08-18,18,64250.389128972914,67377.556606032405,3127.1674770594909,4.8671572568723009,0.29053434893513042,48.490396931756656,56,20
Q4-3,2025-08-19,0,64582.33732684092,67841.788287236996,3259.450960396076,5.0469696441931333,0.30998268085671482,56,56,20
Q4-3,2025-08-19,6,56336.283090166617,59035.342586275059,2699.0594961084425,4.7909790068836777,0.23516222828218408,43.618799983700875,56,20
Q4-3,2025-08-19,12,69876.32471510896,73141.162132691054,3264.8374175820936,4.6723084405098314,0.25896303419355027,47.318997107780845,56,20
Q4-3,2025-08-19,18,64310.76152797851,67948.500199400587,3637.7386714220775,5.6565006928731121,0.26007233018962,46.216210076380207,56,20
Q4-3,2025-08-20,0,68055.563590736798,71717.659563825786,3662.0959730889881,5.3810383455371813,0.32063978174032615,56,56,20
Q4-3,2025-08-20,6,59126.675807536943,62218.009525489295,3091.3337179523514,5.2283232157595672,0.24557110661230011,45.103736882067956,56,20
Q4-3,2025-08-20,12,64932.611838914207,68105.433298818796,3172.8214599045896,4.8863296424541902,0.26857726077580718,48.208070331237728,56,20
Q4-3,2025-08-20,18,58737.441288612928,61569.974097285231,2832.5328086723021,4.8223632942305805,0.29284207406181756,48.85192671049851,56,20
Q4-3,2025-08-21,0,65297.373910573966,68664.891914455846,3367.5180038818798,5.1572028126181113,0.30631080634752683,56,56,20
Q4-3,2025-08-21,6,51483.122985077483,54224.067387630741,2740.9444025532575,5.3239668528805684,0.26032419461323547,44.536754480419496,56,20
Q4-3,2025-08-21,12,50157.926232387006,52506.611607152205,2348.6853747651985,4.6825807029650557,0.27105900365683966,45.214475514573103,56,20
Q4-3,2025-08-21,18,34349.200362309726,36410.223757644453,2061.023395334727,6.0002077882320037,0.26558926662100224,46.773796986213554,56,20
Q4-3,2025-08-22,0,27520.932813581232,28977.652461661761,1456.7196480805287,5.2931332595007596,0.29803477127914041,56,56,20
Q4-3,2025-08-22,6,26754.631980455102,28089.74608560271,1335.1141051476079,4.9902166702309403,0.31146870100494001,50.403181572865279,56,20
Q4-3,2025-08-22,12,27711.120080720229,29312.598057723262,1601.4779770030327,5.7791889044472411,0.30925371969467669,48.674512127054776,56,20
Q4-3,2025-08-22,18,22875.84087548111,24128.419748484856,1252.5788730037457,5.4755533570190584,0.27812088493201009,49.276635821986119,56,20
Q4-3,2025-08-23,0,27556.860227526362,28999.360088614074,1442.4998610877119,5.2346306842562917,0.31362236592428694,56,56,20
Q4-3,2025-08-23,6,30286.356073428073,32639.632216731261,2353.2761433031883,7.7700867598524015,0.24312378915135802,42.86806772421491,56,20
Q4-3,2025-08-23,12,45352.634891053109,47695.531886091863,2342.8969950387545,5.1659556289660014,0.28432286744932422,48.776026927715179,56,20
Q4-3,2025-08-23,18,41518.556301747885,43848.12008704443,2329.5637852965447,5.610897855806396,0.28059111527752317,46.978702314469274,56,20
Q4-3,2025-08-24,0,63360.188638520063,66655.619705539895,3295.431067019832,5.2011067798752864,0.30803012243748412,56,56,20
Q4-3,2025-08-24,6,54827.978963014539,57476.276924814098,2648.2979617995588,4.8301943859466956,0.24363318898370698,44.705179865222817,56,20
Q4-3,2025-08-24,12,63535.742789411401,66580.270458311032,3044.527668899631,4.7918345410561836,0.26629865187519053,45.536664443656299,56,20
Q4-3,2025-08-24,18,59867.77842951499,63004.321062689749,3136.5426331747585,5.2391164587267003,0.28242009278702029,47.906549621345981,56,20
Q4-3,2025-08-25,0,76705.814455641608,80839.32293662148,4133.5084809798718,5.3887811638715366,0.30562041018778174,56,56,20
Q4-3,2025-08-25,6,65175.999548586653,68294.964926008863,3118.9653774222097,4.7854507779310884,0.26120383662380098,42.540437158786467,56,20
Q4-3,2025-08-25,12,67521.799348249129,70402.002340122912,2880.2029918737826,4.2655898090317557,0.28309438925467523,52.508433427263739,56,20
Q4-3,2025-08-25,18,54870.521650354494,58039.602057315613,3169.0804069611186,5.7755609235047967,0.29002796161875682,50.860760952493358,56,20
Q4-3,2025-08-26,0,65533.116905128489,68833.138682772798,3300.0217776443096,5.0356551519161075,0.31237750049540064,56,56,20
Q4-3,2025-08-26,6,57969.197221603383,61476.502515983288,3507.3052943799048,6.0502912968973144,0.26727382911624264,42.214003724025574,56,20
Q4-3,2025-08-26,12,67386.851227144754,70928.748104656668,3541.8968775119138,5.2560652605254443,0.29298105301075267,46.603265306344205,56,20
Q4-3,2025-08-26,18,57736.286363006941,61419.263244057292,3682.9768810503519,6.3789639290173117,0.27112817664709293,49.202428653220906,56,20
Q4-3,2025-08-27,0,64886.880377490415,68237.20757425866,3350.3271967682449,5.1633352956362621,0.29845521756018067,56,56,20
Q4-3,2025-08-27,6,60982.67760930334,64802.416364548895,3819.7387552455548,6.2636455219585718,0.26648368232153768,46.705725003954029,56,20
Q4-3,2025-08-27,12,64120.879818540692,68689.717845031497,4568.8380264908046,7.1253514290827269,0.2799824544705995,47.830165948832033,56,20
Q4-3,2025-08-27,18,57194.254774462519,60482.81966439102,3288.5648899285006,5.7498168354435109,0.32563406859284749,48.523192540149012,56,20
Q4-3,2025-08-28,0,61942.645084736199,65176.220515081382,3233.5754303451831,5.220273409250975,0.30714867155264025,56,56,20
Q4-3,2025-08-28,6,53393.993328129029,56738.226954221056,3344.2336260920274,6.2633143124176449,0.29516238212438267,43.499978732089033,56,20
Q4-3,2025-08-28,12,50786.223357065923,53872.530041971178,3086.3066849052557,6.0770549194141932,0.28806308705662659,50.5682136519506,56,20
Q4-3,2025-08-28,18,35539.458912932299,37605.16673307406,2065.7078201417607,5.8124346383621406,0.30305501619456421,49.026264411287592,56,20
Q4-3,2025-08-29,0,29228.224116030458,30717.533681206354,1489.3095651758958,5.0954500665645108,0.3120064747915991,56,56,20
Q4-3,2025-08-29,6,25883.502262963033,27650.531219877455,1767.0289569144225,6.8268541828780283,0.28774733598770985,49.459059326428736,56,20
Q4-3,2025-08-29,12,27271.535548018659,28901.431020174925,1629.8954721562659,5.9765445524195382,0.27947838832295724,47.721922672925082,56,20
Q4-3,2025-08-29,18,22751.651752584679,24107.166211068172,1355.5144584834925,5.9578727435888323,0.31664502040775305,49.121306371994805,56,20
Q4-3,2025-08-30,0,27384.565697714483,28788.621437173289,1404.0557394588068,5.1271791379039033,0.3052603648623069,56,56,20
Q4-3,2025-08-30,6,30707.766399128355,32653.324216816109,1945.5578176877534,6.3357190894319793,0.28812543684626291,49.111151989036536,56,20
Q4-3,2025-08-30,12,35367.906325579817,37430.765964476086,2062.8596388962687,5.832574933632162,0.28193435060590277,47.820999652430373,56,20
Q4-3,2025-08-30,18,39887.288518379843,42232.391866519894,2345.1033481400518,5.8793250563006882,0.29697925628230004,49.715525427396408,56,20
Q4-3,2025-08-31,0,60599.261074903363,63425.485878104017,2826.2248032006537,4.6637941669079419,0.30647849947792677,56,56,20
Q4-3,2025-08-31,6,54899.3546480195,57312.024065742822,2412.6694177233221,4.3947136231233586,0.28081603748420153,46.238615182664368,56,20
Q4-3,2025-08-31,12,58330.192976558152,60972.528406905367,2642.3354303472152,4.5299617496707523,0.29585295305728632,50.203184742235791,56,20
Q4-3,2025-08-31,18,58575.17353896526,61516.629933914614,2941.4563949493531,5.0216776446981193,0.28725430274663882,48.858734676961696,56,20
Q4-3,2025-09-01,0,64787.087513219303,66573.487934751858,1786.4004215325549,2.7573402202530684,0.29860725956014089,56,56,20
Q4-3,2025-09-01,6,55800.775187665073,56992.839102474114,1192.0639148090413,2.1362855816966286,0.31967573065298643,54.39792604767019,56,20
Q4-3,2025-09-01,12,60752.926943100218,61948.033706153088,1195.1067630528705,1.9671591529609511,0.3079064061803729,53.406472806216897,56,20
Q4-3,2025-09-01,18,56440.024886103653,58281.197697075921,1841.1728109722681,3.262175760354058,0.29980608979666068,53.77871722345337,56,20
Q4-3,2025-09-02,0,52562.594713811923,54086.725380209442,1524.1306663975192,2.8996488371549445,0.30683183184267332,56,56,20
Q4-3,2025-09-02,6,51741.316375047172,53293.761564384615,1552.4451893374426,3.0003975509330649,0.31789002459117566,53.958184313465274,56,20
Q4-3,2025-09-02,12,50443.08459766602,51503.167639129417,1060.0830414633965,2.1015428574969519,0.29717841738625095,48.415270598935486,56,20
Q4-3,2025-09-02,18,45505.228480310514,46626.936095014018,1121.7076147035041,2.465008202714225,0.28877495301156864,49.323104002476221,56,20
Q4-3,2025-09-03,0,54439.056746487397,55934.892944815052,1495.8361983276554,2.7477261505346906,0.31122609917760369,56,56,20
Q4-3,2025-09-03,6,49266.656340686794,50515.950473916891,1249.2941332300979,2.5357802335742585,0.32345719973362858,51.981398872683961,56,20
Q4-3,2025-09-03,12,56696.562673394088,58164.651253694334,1468.0885803002457,2.5893784580157231,0.32589297991554855,49.701782078338383,56,20
Q4-3,2025-09-03,18,43401.405627159853,44352.115372631233,950.7097454713803,2.1905045049426697,0.30944527125255317,50.429828600229129,56,20
Q4-3,2025-09-04,0,53011.625607187554,54534.851054771483,1523.2254475839291,2.8733799994569598,0.3096798684916941,56,56,20
Q4-3,2025-09-04,6,42929.617958757641,44058.446835458351,1128.8288767007107,2.6294873571555577,0.32435833245512558,52.54427213566251,56,20
Q4-3,2025-09-04,12,42713.546590641752,43609.405412090186,895.85882144843345,2.0973646371118981,0.32889621056881546,51.332505239109629,56,20
Q4-3,2025-09-04,18,28285.72359061594,29068.681812737981,782.95822212204075,2.7680332080378234,0.31936763798572182,49.989042128575221,56,20
Q4-3,2025-09-05,0,22462.289482450615,23142.569996674705,680.28051422409044,3.0285448629605805,0.33901550167333955,56,56,20
Q4-3,2025-09-05,6,21697.269307865143,22320.287397587537,623.01808972239451,2.8714124385069706,0.3584280234293144,51.867012674544533,56,20
Q4-3,2025-09-05,12,22691.601891133487,23284.384868182977,592.78297704949,2.6123452187001073,0.33767893008188138,49.744796396354772,56,20
Q4-3,2025-09-05,18,18576.934997658667,19186.792359346393,609.85736168772564,3.282873960449284,0.31917360182165533,52.631112514808216,56,20
Q4-3,2025-09-06,0,21483.120439788814,22261.031067997585,777.9106282087705,3.6210318253767415,0.32346054891657522,56,56,20
Q4-3,2025-09-06,6,25383.814208610813,26047.127740956767,663.31353234595372,2.6131357836717051,0.32567807045825709,52.506437490206253,56,20
Q4-3,2025-09-06,12,29605.038533092295,30387.3989156026,782.3603825103055,2.6426595649784002,0.28173554168039266,47.429070457401885,56,20
Q4-3,2025-09-06,18,38381.509182467023,39665.3510851397,1283.841902672677,3.3449489872043436,0.32916983922031468,49.318145494639381,56,20
Q4-3,2025-09-07,0,48458.834652352911,49871.970201909833,1413.1355495569223,2.9161566919527759,0.31544144726415441,56,56,20
Q4-3,2025-09-07,6,47581.189619103323,49214.690130848358,1633.5005117450346,3.4330804354021582,0.33002177341199285,51.334781726452,56,20
Q4-3,2025-09-07,12,47396.2300552487,48405.980971117227,1009.750915868528,2.1304456381688652,0.29909476593014167,49.419976197139846,56,20
Q4-3,2025-09-07,18,44712.694323435586,46041.039927387406,1328.3456039518205,2.9708467003644268,0.29478517593071829,49.414746940366783,56,20
Q4-3,2025-09-08,0,47661.583599195248,49179.639565841106,1518.0559666458576,3.1850724462111346,0.31346930632853759,56,56,20
Q4-3,2025-09-08,6,43325.591447374056,44281.672677127812,956.08122975375591,2.2067355523930354,0.26633785991193798,46.052237626668528,56,20
Q4-3,2025-09-08,12,44194.773741997327,45287.150452442453,1092.3767104451254,2.4717327818494228,0.32005254073974648,47.260085779806168,56,20
Q4-3,2025-09-08,18,39758.352159398142,40980.26567330175,1221.913513903608,3.0733504975375858,0.30104150763503823,47.563297229606526,56,20
Q4-3,2025-09-09,0,42221.14152477037,43546.353773596667,1325.2122488262976,3.1387409268620159,0.3320669872708828,56,56,20
Q4-3,2025-09-09,6,43380.421601514165,44725.542886117364,1345.1212846031995,3.1007565969719542,0.29563037562531658,44.273503005586079,56,20
Q4-3,2025-09-09,12,42502.710250651333,43646.766879996321,1144.0566293449883,2.6917262983892964,0.30980882535100068,48.117150074137164,56,20
Q4-3,2025-09-09,18,44950.61479514862,46669.189071648623,1718.5742765000032,3.8232497694013379,0.29696236444680135,48.912031121637973,56,20
Q4-3,2025-09-10,0,49771.786885004825,51314.672076384035,1542.8851913792096,3.0999192272199716,0.29203652450885165,56,56,20
Q4-3,2025-09-10,6,43193.614038757529,44065.78637976342,872.17234100589121,2.0192159429477163,0.30424885950605768,44.359065839278863,56,20
Q4-3,2025-09-10,12,52185.469085699937,53397.381821361138,1211.9127356612007,2.3223183711752693,0.3144449760639107,47.745017211326761,56,20
Q4-3,2025-09-10,18,41445.324844918498,42746.90607317895,1301.5812282604529,3.1404778057133154,0.29803432514216738,48.763509764589564,56,20
Q4-3,2025-09-11,0,48115.073007061801,49780.769383424413,1665.6963763626118,3.4619013798818044,0.31489046602014392,56,56,20
Q4-3,2025-09-11,6,37365.678005879236,38093.670722915485,727.99271703624981,1.9482925398053963,0.27878323968007768,45.419382342889683,56,20
Q4-3,2025-09-11,12,36416.061824507997,37147.561204956102,731.49938044810551,2.0087273137146422,0.3000962966247806,49.411205595204734,56,20
Q4-3,2025-09-11,18,22711.332743980041,23468.237427030384,756.90468305034301,3.3327180380947619,0.34007731152385073,48.490625383354342,56,20
Q4-3,2025-09-12,0,16539.098329329998,17324.982506238237,785.88417690823917,4.7516748571146294,0.32293695817322554,56,56,20
Q4-3,2025-09-12,6,15445.943715196485,15930.9816089245,485.03789372801475,3.1402282869308351,0.27404933751000965,45.656173115656756,56,20
Q4-3,2025-09-12,12,17945.921913586637,18571.482892797234,625.560979210597,3.485811329296995,0.28692420246939371,48.382030644276291,56,20
Q4-3,2025-09-12,18,14169.239500438607,14753.477445544817,584.23794510620974,4.1232837167310521,0.30310574237232418,50.043614231125332,56,20
Q4-3,2025-09-13,0,16167.250886400414,16899.321593025688,732.0707066252744,4.5281087784756258,0.31761614656829523,56,56,20
Q4-3,2025-09-13,6,19943.270047855975,20580.827488992734,637.55744113675973,3.1968550774615911,0.28343305335187652,44.393764998491712,56,20
Q4-3,2025-09-13,12,27407.389030836854,28347.012630892335,939.6236000554818,3.428358677283283,0.30572237641842021,48.100199697454606,56,20
Q4-3,2025-09-13,18,45779.028045743762,47533.511463586998,1754.4834178432357,3.8325047357713693,0.29493196324093862,46.769190639499207,56,20
Q4-3,2025-09-14,0,52437.753902515513,54163.906349339974,1726.1524468244606,3.2918123267321242,0.32740236505438464,56,56,20
Q4-3,2025-09-14,6,44959.362770885302,46040.86303504766,1081.5002641623578,2.4055062116287607,0.29022073742622662,43.840637718226638,56,20
Q4-3,2025-09-14,12,45119.07952054793,46305.591259407141,1186.5117388592116,2.6297339206994508,0.29151198856328614,51.064757077786915,56,20
Q4-3,2025-09-14,18,39689.292736270305,41217.376099954679,1528.0833636843745,3.8501148756624914,0.30839867133593946,49.471637747224996,56,20
Q4-3,2025-09-15,0,42757.535784994063,44301.843434489288,1544.3076494952256,3.6117788856232513,0.33239341260453076,56,56,20
Q4-3,2025-09-15,6,38737.224314762825,40122.457577554349,1385.2332627915239,3.5759744981614716,0.28753704692491572,46.499347374456669,56,20
Q4-3,2025-09-15,12,42056.136597062665,43209.212079966572,1153.075482903907,2.7417532284323975,0.31162902484568716,46.923325725249995,56,20
Q4-3,2025-09-15,18,45857.644126237807,47529.808342034579,1672.1642157967726,3.6464241625531635,0.29809428249353237,47.452170669148813,56,20
Q4-3,2025-09-16,0,49542.058516090219,51340.983075209959,1798.9245591197396,3.6311057977848948,0.31109173658245393,56,56,20
Q4-3,2025-09-16,6,43925.119300441533,45008.517021398868,1083.397720957335,2.4664650619319772,0.27249194155865913,48.311174139940888,56,20
Q4-3,2025-09-16,12,45822.969470609714,46992.901849695729,1169.9323790860144,2.5531570576987406,0.29659813134871355,49.615741283637298,56,20
Q4-3,2025-09-16,18,46502.378467814211,48455.428914381802,1953.0504465675913,4.1998936633302675,0.30554514179784459,49.906536079083494,56,20
Q4-3,2025-09-17,0,49343.927651202292,51022.627424832128,1678.6997736298363,3.4020392245547759,0.3116911500789224,56,56,20
Q4-3,2025-09-17,6,43613.914698509245,44612.605099230655,998.6904007214107,2.2898435227038938,0.27126108757019607,44.984607941177238,56,20
Q4-3,2025-09-17,12,52441.706604515421,53767.517730851636,1325.8111263362152,2.5281616716532618,0.31080561507749616,46.126874232591028,56,20
Q4-3,2025-09-17,18,38931.151995060267,40393.736002506477,1462.5840074462103,3.7568474922904604,0.28209657113563397,50.58586193457181,56,20
Q4-3,2025-09-18,0,42537.404351161611,43907.366798982002,1369.9624478203914,3.2206065901691172,0.31021049407843515,56,56,20
Q4-3,2025-09-18,6,39232.226864865901,41168.668939213545,1936.4420743476439,4.93584542375749,0.27092872500214915,47.110595663262153,56,20
Q4-3,2025-09-18,12,34229.299332897557,35077.109168766408,847.80983586885122,2.4768541933139376,0.28640897339008659,48.467180913274085,56,20
Q4-3,2025-09-18,18,21854.204738723874,22526.190719601254,671.98598087737992,3.0748589981253183,0.27657629082744634,47.457793321110266,56,20
Q4-3,2025-09-19,0,16375.130670112314,17205.586472649971,830.45580253765729,5.0714453476294663,0.32185955919237208,56,56,20
Q4-3,2025-09-19,6,15913.942624828775,16620.393626419449,706.45100159067442,4.4391953536924156,0.286368797612782,49.674252636535492,56,20
Q4-3,2025-09-19,12,16222.285372479279,16873.147277021024,650.86190454174539,4.0121468066756982,0.30160450591154037,46.826339732835478,56,20
Q4-3,2025-09-19,18,13738.773357155245,14319.83362600008,581.06026884483435,4.2293460539707839,0.30487463563619538,49.396136885246896,56,20
Q4-3,2025-09-20,0,15795.765564300715,16542.958933242135,747.19336894141998,4.7303396970522105,0.3003962539091854,56,56,20
Q4-3,2025-09-20,6,19704.715960446298,20296.135021502283,591.41906105598537,3.0014087096873254,0.28707915630864195,47.949107798998192,56,20
Q4-3,2025-09-20,12,26179.034666242758,27145.272539683763,966.23787344100492,3.6908842734638458,0.30940696278554963,49.208092276262533,56,20
Q4-3,2025-09-20,18,26896.200768603452,28070.367076294424,1174.1663076909717,4.3655470815104902,0.30029667081468292,48.737062845818429,56,20
Q4-3,2025-09-21,0,47410.359599498792,49142.463742455962,1732.1041429571706,3.6534296672482647,0.29927102942648687,56,56,20
Q4-3,2025-09-21,6,43835.994648018008,45048.535466155794,1212.5408181377861,2.766084875851238,0.24607533747227073,42.066611047965651,56,20
Q4-3,2025-09-21,12,43404.217979010973,44508.241414663993,1104.02343565302,2.5435855938860552,0.29937179094898736,49.348294329418486,56,20
Q4-3,2025-09-21,18,39088.38920799052,40564.703430670539,1476.3142226800192,3.7768612434360138,0.29388797233588981,48.141316642198468,56,20
Q4-3,2025-09-22,0,51336.925171966534,53239.615221645407,1902.690049678873,3.7062797261528946,0.3102138371930751,56,56,20
Q4-3,2025-09-22,6,44867.148484297439,45951.619381951648,1084.4708976542097,2.4170711406670931,0.25402372995295752,43.19249494267946,56,20
Q4-3,2025-09-22,12,49001.690603874558,50196.708754007341,1195.0181501327825,2.4387284099914197,0.2875034277393187,47.786496821357758,56,20
Q4-3,2025-09-22,18,42411.551917430181,44251.552162032218,1840.0002446020371,4.338441206264454,0.29485764161372191,51.056384787874656,56,20
Q4-3,2025-09-23,0,51495.430276711959,53563.877498381669,2068.4472216697104,4.0167587891874357,0.30425935797378106,56,56,20
Q4-3,2025-09-23,6,46331.975009210189,47516.237115546362,1184.262106336173,2.5560363142317133,0.27036473049207715,46.467798204296805,56,20
Q4-3,2025-09-23,12,49014.452011974179,50193.004389758811,1178.552377784632,2.4044997534537593,0.28493665049596617,48.670809733459834,56,20
Q4-3,2025-09-23,18,44009.380558799894,45603.235706723572,1593.8551479236776,3.6216259526629102,0.28407617336269564,48.320434807281011,56,20
Q4-3,2025-09-24,0,44612.007334985392,46397.712920052538,1785.7055850671459,4.0027465513007066,0.30690415581520442,56,56,20
Q4-3,2025-09-24,6,41846.569487227374,43540.591825700641,1694.0223384732672,4.0481749381877652,0.27295321949686591,44.478883589772728,56,20
Q4-3,2025-09-24,12,46775.363546696877,48034.573625359713,1259.2100786628362,2.6920369681482814,0.28282839633582613,49.736908705334379,56,20
Q4-3,2025-09-24,18,44397.327866799846,46656.099947199691,2258.7720803998454,5.0876306951998851,0.28940365775567228,48.638478671636435,56,20
Q4-3,2025-09-25,0,46482.4222292833,48387.22114850548,1904.7989192221794,4.0978908324234897,0.30462681597283059,56,56,20
Q4-3,2025-09-25,6,40266.037977589847,41872.758684297165,1606.7207067073177,3.9902627310924865,0.27501797775101694,49.737799421793476,56,20
Q4-3,2025-09-25,12,40399.743832619119,41533.844657685026,1134.100825065907,2.8071980598803226,0.29956878980309498,47.087988588504118,56,20
Q4-3,2025-09-25,18,23517.537017187795,24206.350287215442,688.81327002764738,2.9289345628508157,0.28489401482675808,46.097718024513604,56,20
Q4-3,2025-09-26,0,17541.917752320773,18316.706424265256,774.78867194448321,4.4167843156257991,0.2859575671868963,56,56,20
Q4-3,2025-09-26,6,15557.592689332179,16077.946689641589,520.35400030940946,3.3446948425781553,0.24247778315476859,46.648642136571439,56,20
Q4-3,2025-09-26,12,16875.963994723206,17499.152966992635,623.18897226942863,3.6927607363009818,0.28533993096741467,47.42159782615358,56,20
Q4-3,2025-09-26,18,13264.247023298505,13870.2753425874,606.02831928889464,4.568885955036972,0.2984557524128848,49.993840676425123,56,20
Q4-3,2025-09-27,0,15834.274361229367,16592.644306481772,758.36994525240516,4.7894202661366903,0.2975491817202609,56,56,20
Q4-3,2025-09-27,6,21197.548740203234,21948.505905610044,750.95716540680951,3.5426604019668906,0.28081260043233142,47.571959044564743,56,20
Q4-3,2025-09-27,12,28131.532282865675,29054.137681508342,922.60539864266684,3.2796130312624516,0.30111143465022355,48.124223105871316,56,20
Q4-3,2025-09-27,18,27614.522207925795,28828.720761332021,1214.198553406226,4.3969565877831185,0.28828298105717393,46.960617163167669,56,20
Q4-3,2025-09-28,0,47840.941167461497,49926.269561233152,2085.3283937716551,4.3588782805760617,0.30660301157779807,56,56,20
Q4-3,2025-09-28,6,49211.060518138729,51171.908633645166,1960.8481155064364,3.9845678895371162,0.25538201760331375,44.808108195554226,56,20
Q4-3,2025-09-28,12,47272.30248261099,48502.291274057592,1229.9887914466017,2.6019227472557471,0.29190144016551595,46.766638878086496,56,20
Q4-3,2025-09-28,18,44208.52089718412,46022.475252728465,1813.9543555443452,4.1031781175467685,0.27704994404379385,46.373208355276439,56,20
Q4-3,2025-09-29,0,51794.607278078183,53962.888822929643,2168.2815448514593,4.1863075304543695,0.31663178249806773,56,56,20
Q4-3,2025-09-29,6,45361.739839427712,46253.995280300616,892.25544087290473,1.9669779951812405,0.25483401406520995,43.509603949588559,56,20
Q4-3,2025-09-29,12,47626.581229605414,48773.323008103784,1146.74177849837,2.407776810537765,0.28471101916806535,45.951755457492069,56,20
Q4-3,2025-09-29,18,44273.654887008517,46469.771570481193,2196.1166834726755,4.9603238970837626,0.28861000950987714,49.437055784910648,56,20
Q4-3,2025-09-30,0,50821.449393257368,52963.258029733239,2141.808636475871,4.2143792867899377,0.29824970499075659,56,56,20
Q4-3,2025-09-30,6,47366.063810737731,48579.320560520959,1213.2567497832279,2.5614472729485804,0.24086815966725839,46.773332280131186,56,20
Q4-3,2025-09-30,12,50483.247880245464,51757.348558733021,1274.1006784875572,2.5238088514232038,0.28766221665786612,49.544083640836028,56,20
Q4-3,2025-09-30,18,39746.325945508273,41287.692621814916,1541.3666763066431,3.8780104566641826,0.28061318562927157,46.278405374967512,56,20
Q4-3,2025-10-01,0,48218.223468845521,50093.963352805411,1875.73988395989,3.8901057505194681,0.31798645778499601,56,56,20
Q4-3,2025-10-01,6,43893.716421400786,45045.694845579863,1151.9784241790767,2.6244722891985983,0.24342296087912021,46.060077324628317,56,20
Q4-3,2025-10-01,12,45528.129837687877,46895.066104419719,1366.9362667318419,3.0023993333464283,0.33748346365246346,51.104997383100795,56,20
Q4-3,2025-10-01,18,39326.151700999908,41022.016741109503,1695.8650401095947,4.3123086464279536,0.31268961391686467,50.297413326412709,56,20
Q4-3,2025-10-02,0,51531.627511650004,53679.600684466131,2147.9731728161278,4.1682618549754302,0.30778093867866479,56,56,20
Q4-3,2025-10-02,6,40313.947814048872,41135.651470410638,821.70365636176575,2.0382614477548522,0.25205349746125305,45.533847341825229,56,20
Q4-3,2025-10-02,12,35279.539208834787,36248.200049274732,968.66084043994488,2.7456731640003174,0.32156191454159988,49.27013165252923,56,20
Q4-3,2025-10-02,18,22219.659502560629,23086.642270595396,866.9827680347662,3.9018724293900853,0.28424560187293157,51.495206109674328,56,20
Q4-3,2025-10-03,0,15167.521639018347,16033.096156341428,865.57451732308073,5.7067630290791538,0.27525022203422234,56,56,20
Q4-3,2025-10-03,6,14522.774106741097,15244.62150094434,721.84739420324331,4.9704511610366486,0.2417978440668809,43.865613818185196,56,20
Q4-3,2025-10-03,12,16447.995523298719,17181.466905185651,733.47138188693134,4.4593359771284202,0.30663393105166281,49.933019446202536,56,20
Q4-3,2025-10-03,18,13074.785487978748,13671.318989410101,596.53350143135322,4.5624725696633339,0.28084739466059611,51.514454541030851,56,20
Q4-3,2025-10-04,0,17516.20937236285,18524.203268439611,1007.9938960767613,5.754634890738286,0.29144711535597245,56,56,20
Q4-3,2025-10-04,6,20394.280269383798,20985.396292112193,591.11602272839446,2.8984402240258778,0.24584467235644861,43.816012577330085,56,20
Q4-3,2025-10-04,12,34145.342342122072,35284.119476637286,1138.7771345152141,3.3350877642553511,0.32192427872689211,50.005931340043965,56,20
Q4-3,2025-10-04,18,31542.512529930649,33263.324560119254,1720.8120301886047,5.4555325247338082,0.31955273788193012,49.463721990152131,56,20
Q4-3,2025-10-05,0,50989.092430927187,53081.212773483552,2092.1203425563654,4.1030742906249529,0.29913960241845633,56,56,20
Q4-3,2025-10-05,6,43965.768590311483,45108.444737962418,1142.6761476509346,2.599013242094772,0.25684153730122083,43.561270589641332,56,20
Q4-3,2025-10-05,12,48146.248354929456,49620.621905662039,1474.3735507325837,3.0622812807005184,0.31852133081829559,49.117969033353653,56,20
Q4-3,2025-10-05,18,47855.026496926766,50212.193301805542,2357.166804878776,4.9256409982975313,0.29664743680484285,50.517475252852122,56,20
Q4-3,2025-10-06,0,43784.004030540847,45497.566604538515,1713.5625739976676,3.9136726115829745,0.28408868428231204,56,56,20
Q4-3,2025-10-06,6,41096.892745809608,42793.09863977378,1696.205893964172,4.1273336757001511,0.24316227139321928,45.855749587886528,56,20
Q4-3,2025-10-06,12,46607.702377854061,47878.889683043904,1271.1873051898438,2.7274189465170018,0.28929237039827049,47.714762810902165,56,20
Q4-3,2025-10-06,18,37691.762504406397,39462.16540314108,1770.4028987346828,4.6970552213569494,0.29323541745973719,48.791657511113492,56,20
Q4-3,2025-10-07,0,45615.703353035031,47474.589082290498,1858.8857292554676,4.0751004426456738,0.28649800748817011,56,56,20
Q4-3,2025-10-07,6,41813.567276064423,42994.542640060463,1180.97536399604,2.8243831869185554,0.24998025645052896,45.299574281366759,56,20
Q4-3,2025-10-07,12,47137.305869337826,48579.225867589877,1441.9199982520513,3.0589783859285014,0.29484383976165074,46.444408889573332,56,20
Q4-3,2025-10-07,18,36669.103504003542,38843.023555334716,2173.9200513311735,5.9284788653036546,0.27593320023116547,49.192067214432271,56,20
Q4-3,2025-10-08,0,41431.599140195714,43116.99082043158,1685.3916802358654,4.067889522035717,0.30805464739128252,56,56,20
Q4-3,2025-10-08,6,37023.250955698291,37976.999401586232,953.74844588794076,2.576079683086685,0.25297965593073074,43.977774073615841,56,20
Q4-3,2025-10-08,12,39306.817250229513,40426.453626034243,1119.6363758047301,2.8484534086722357,0.28146228160851833,46.477383177975142,56,20
Q4-3,2025-10-08,18,40131.439913545291,42150.45315971924,2019.0132461739486,5.0310012561809003,0.29853749863212103,45.401604117973555,56,20
Q4-3,2025-10-09,0,48426.074237394554,50459.740763365575,2033.6665259710207,4.199527956781246,0.29493511066490191,56,56,20
Q4-3,2025-10-09,6,35665.683348394523,36464.505081138923,798.82173274439992,2.2397488502918561,0.2508406247962166,46.768105710138336,56,20
Q4-3,2025-10-09,12,32836.856108443317,33664.778542601613,827.9224341582958,2.521320650868919,0.29026219006806769,48.692293218048725,56,20
Q4-3,2025-10-09,18,19632.826164047467,20339.252917900623,706.4267538531567,3.5981918647392641,0.27029977871196686,50.399977686101586,56,20
Q4-3,2025-10-10,0,14328.407692012945,15079.957427032878,751.549735019933,5.2451727447626162,0.29938059484512602,56,56,20
Q4-3,2025-10-10,6,13311.681292047788,13670.145545144826,358.46425309703773,2.692854833530145,0.23893122874842837,43.440936232317966,56,20
Q4-3,2025-10-10,12,14481.230799794565,15092.368987227694,611.13818743312913,4.2202088750757261,0.29973228009653285,47.414731562905338,56,20
Q4-3,2025-10-10,18,11691.153524084892,12237.437083772673,546.28355968778123,4.6726232664927814,0.28688271371657531,49.787546675885508,56,20
Q4-3,2025-10-11,0,15207.671367211977,16044.404761049869,836.73339383789244,5.5020481021302636,0.29297511590082587,56,56,20
Q4-3,2025-10-11,6,18293.308238704354,19041.562202782232,748.25396407787775,4.0903151814538852,0.24473345812614472,43.645465222391842,56,20
Q4-3,2025-10-11,12,26989.567460418442,28019.511777735981,1029.9443173175387,3.8160830803531942,0.29665581212077008,47.126077089496263,56,20
Q4-3,2025-10-11,18,25877.467739133175,27577.044020198759,1699.5762810655833,6.5677843682339976,0.28787441699170241,50.102802598369493,56,20
Q4-3,2025-10-12,0,44710.13754087039,46668.582686009599,1958.4451451392088,4.3803156350144423,0.27807697452158309,56,56,20
Q4-3,2025-10-12,6,40434.884657755123,41723.240699438924,1288.3560416838009,3.1862488358469943,0.264316214502891,48.430085524919264,56,20
Q4-3,2025-10-12,12,42192.419601034897,43361.974515136593,1169.5549141016963,2.7719550695618489,0.27921593381015347,47.521575329931615,56,20
Q4-3,2025-10-12,18,43017.873339769816,45101.96010232906,2084.0867625592437,4.8446996579733614,0.27533924106399965,46.097949129037318,56,20
Q4-3,2025-10-13,0,48562.181484981586,50500.610748420353,1938.4292634387675,3.9916437115541159,0.30410602455701519,56,56,20
Q4-3,2025-10-13,6,41405.72463189088,42358.89610019057,953.17146829968988,2.3020282262263603,0.24093334877852968,44.420659817490964,56,20
Q4-3,2025-10-13,12,43647.773624634145,44870.772973260173,1222.9993486260282,2.8019741834799605,0.30946637123504717,48.744341302091478,56,20
Q4-3,2025-10-13,18,43847.272079747032,46197.712934732794,2350.4408549857617,5.3605178691867206,0.29695548362715601,50.030123757330692,56,20
Q4-3,2025-10-14,0,50096.501842129968,52228.131027449417,2131.6291853194489,4.2550459751399261,0.29237538597161328,56,56,20
Q4-3,2025-10-14,6,42751.7814981181,43722.63176492638,970.85026680828014,2.2709001421403086,0.25519098201273677,44.085017327531546,56,20
Q4-3,2025-10-14,12,50205.698884408033,51421.759137088236,1216.0602526802031,2.4221558103991736,0.28233057366600317,46.237734891152009,56,20
Q4-3,2025-10-14,18,50489.949472002627,53120.320715220005,2630.3712432173779,5.2096927620732814,0.27969896298118185,48.857780582371475,56,20
Q4-3,2025-10-15,0,51384.807432021931,53611.627199552386,2226.8197675304546,4.3336150874484947,0.2951250062127217,56,56,20
Q4-3,2025-10-15,6,43816.635073699035,44682.089727280458,865.45465358142246,1.9751737031511896,0.24381224039849844,44.409938815046353,56,20
Q4-3,2025-10-15,12,49173.668520691441,50334.162823263367,1160.4943025719258,2.3599913073062861,0.26934374280785017,44.675144782405731,56,20
Q4-3,2025-10-15,18,37106.459728689006,39272.874704185539,2166.4149754965329,5.8383769061685964,0.28102058710713368,50.986918433123293,56,20
Q4-3,2025-10-16,0,48194.74882006491,50238.354667806285,2043.6058477413753,4.2403081202293968,0.29318051420722979,56,56,20
Q4-3,2025-10-16,6,38824.326305381655,39948.366742690821,1124.040437309166,2.8951962449206947,0.25704288735296094,44.715425995036099,56,20
Q4-3,2025-10-16,12,35864.422335895135,36746.536319047118,882.11398315198312,2.4595795099956685,0.27432611353233888,44.955819646108132,56,20
Q4-3,2025-10-16,18,19399.212224936899,20134.617245867332,735.40502093043324,3.7909014675611363,0.302455973612753,47.503705789871432,56,20
Q4-3,2025-10-17,0,13319.009717219513,14036.673513420765,717.6637962012519,5.388266931537844,0.30488765259819911,56,56,20
Q4-3,2025-10-17,6,13765.665854901094,14336.514689554991,570.84883465389794,4.1469031768677889,0.24775731486650743,48.179985611514873,56,20
Q4-3,2025-10-17,12,14968.413187941622,15396.565511002056,428.15232306043436,2.8603721562506568,0.28281091655436735,45.854756441858946,56,20
Q4-3,2025-10-17,18,12581.10949997012,13301.017661929471,719.90816195935076,5.7221357302474907,0.27743815786256709,49.218595979660513,56,20
Q4-3,2025-10-18,0,15563.603443798231,16192.07781804739,628.47437424915915,4.0381032356590518,0.29346302044149636,56,56,20
Q4-3,2025-10-18,6,18451.011106997474,18891.193070433019,440.18196343554519,2.3856793586157776,0.24334195946154755,44.845984453865448,56,20
Q4-3,2025-10-18,12,32288.032336131073,33123.482275179304,835.44993904823059,2.5874910256248107,0.30438312619780317,46.664101914555857,56,20
Q4-3,2025-10-18,18,36370.786293590121,39411.090379364061,3040.3040857739397,8.3591926257303726,0.29132731251951749,48.823466856606395,56,20
Q4-3,2025-10-19,0,49333.351941455388,51273.408535979979,1940.0565945245908,3.9325456677399284,0.27968777512747017,56,56,20
Q4-3,2025-10-19,6,44545.770976281521,45586.13636035817,1040.3653840766492,2.3354975371973952,0.2624480755530782,45.560281327838602,56,20
Q4-3,2025-10-19,12,50711.211517982432,51823.090735389611,1111.8792174071787,2.1925708026377944,0.26824732810843338,45.482718763870636,56,20
Q4-3,2025-10-19,18,42171.507713450745,45225.522363783602,3054.0146503328579,7.241891067979922,0.28377109962512598,50.093564581774231,56,20
Q4-3,2025-10-20,0,55061.781244055135,56939.630613340356,1877.8493692852207,3.4104406484088523,0.30602419678625553,56,56,20
Q4-3,2025-10-20,6,47747.990363372432,48639.799247071613,891.80888369918102,1.8677411905973829,0.25798033717349483,44.741858195937567,56,20
Q4-3,2025-10-20,12,54325.341060423139,55537.830573936888,1212.4895135137485,2.2319040982460958,0.27232290252110924,47.133712740599357,56,20
Q4-3,2025-10-20,18,47862.31488354336,50889.40263184267,3027.0877482993092,6.3245744708852802,0.27698750319991794,47.849058326070562,56,20
Q4-3,2025-10-21,0,53462.553058807171,55308.72415863417,1846.1710998269991,3.4532041479505615,0.30627862613392365,56,56,20
Q4-3,2025-10-21,6,47383.850241329113,48303.375610028554,919.52536869944015,1.9405881202482211,0.25756894021281335,47.24189041894536,56,20
Q4-3,2025-10-21,12,52600.232925617165,53686.332584658929,1086.0996590417635,2.0648191056066967,0.25996879663080619,45.175419952615883,56,20
Q4-3,2025-10-21,18,37087.124179826256,39598.021693142458,2510.8975133162021,6.7702674953751707,0.28242970210244983,48.447251020180154,56,20
Q4-3,2025-10-22,0,50930.383438569057,52792.04759957645,1861.664161007393,3.6553114964329447,0.30495822099048026,56,56,20
Q4-3,2025-10-22,6,44536.850318809695,45314.813543439901,777.96322463020624,1.7467854575734076,0.241900926097458,44.855810487827014,56,20
Q4-3,2025-10-22,12,46310.4647138242,47392.958365994418,1082.4936521702184,2.3374709341819289,0.2855746148621171,44.93654493749905,56,20
Q4-3,2025-10-22,18,41874.102770481622,44422.130031543915,2548.0272610622924,6.0849715993400944,0.26329642144218335,47.735904793220776,56,20
Q4-3,2025-10-23,0,57920.632096055298,60003.813319108755,2083.1812230534561,3.5966134133320837,0.29144233282393822,56,56,20
Q4-3,2025-10-23,6,42646.988371696316,43496.455871445527,849.46749974921113,1.9918581174960037,0.23965788809473343,45.875315533230342,56,20
Q4-3,2025-10-23,12,35847.364173519301,36773.44028513298,926.07611161367822,2.583386904350915,0.28751521224873111,51.846619034223536,56,20
Q4-3,2025-10-23,18,20451.660285787271,21182.527929652853,730.86764386558207,3.5736347741581298,0.27824880181918948,52.691543520098968,56,20
Q4-3,2025-10-24,0,14911.561308180078,15521.763812889429,610.20250470935025,4.0921436199615746,0.31498179646976748,56,56,20
Q4-3,2025-10-24,6,13674.950544020587,14188.576535685954,513.62599166536711,3.7559623342839243,0.23482022428316221,46.137642550238873,56,20
Q4-3,2025-10-24,12,16201.374123811738,16806.174700218726,604.8005764069876,3.7330202474498142,0.28530821733869366,46.645335594929996,56,20
Q4-3,2025-10-24,18,11600.081119023947,12086.573609982666,486.49249095871892,4.1938714563028334,0.26742642335136868,48.271185677607868,56,20
Q4-3,2025-10-25,0,15738.027892081325,16469.680352934967,731.65246085364197,4.6489462712273832,0.29009543611288047,56,56,20
Q4-3,2025-10-25,6,17831.219428052707,18150.682917946033,319.46348989332546,1.7915964254846983,0.23566301624562852,46.133562095794019,56,20
Q4-3,2025-10-25,12,27145.989775359252,28036.226882637147,890.23710727789512,3.2794424319940507,0.30895534174519068,48.612899874592848,56,20
Q4-3,2025-10-25,18,36391.999476537952,38775.632788082483,2383.6333115445304,6.5498827924562519,0.26939102102341383,50.258482239686231,56,20
Q4-3,2025-10-26,0,52978.207652890065,54959.192372789505,1980.9847198994394,3.7392445076261049,0.31462140866693067,56,56,20
Q4-3,2025-10-26,6,44706.857509607471,45694.030462804396,987.17295319692494,2.2081018621914694,0.25500470941723496,45.488787037916829,56,20
Q4-3,2025-10-26,12,48362.509539240651,49599.500810305086,1236.9912710644348,2.5577483113459198,0.29782468599128553,48.919306688715693,56,20
Q4-3,2025-10-26,18,42365.146455790222,44924.195126332299,2559.0486705420772,6.0404575096006052,0.28535639168783927,49.014430984981217,56,20
Q4-3,2025-10-27,0,50151.268731337463,51888.421580208866,1737.152848871403,3.4638263254662682,0.30432300891220043,56,56,20
Q4-3,2025-10-27,6,46914.884451706326,48082.573648424106,1167.6891967177799,2.4889525155279646,0.23581698518378211,43.965570805062896,56,20
Q4-3,2025-10-27,12,49920.560423317023,51240.116298382462,1319.5558750654382,2.6433114209372777,0.28420575927439229,46.741643602802128,56,20
Q4-3,2025-10-27,18,47079.35611175641,49648.011599936886,2568.6554881804768,5.4560123593938581,0.26504683563595388,46.671550886996279,56,20
Q4-3,2025-10-28,0,51398.321399707202,53329.146790512168,1930.8253908049664,3.7565923131800183,0.28605156680245658,56,56,20
Q4-3,2025-10-28,6,48143.141978319669,49408.630628006358,1265.4886496866893,2.6285958865264192,0.27780228291384512,46.085913828327449,56,20
Q4-3,2025-10-28,12,49481.838578983443,50850.817099024192,1368.9785200407496,2.766628240491853,0.29922780753820799,48.72457471854684,56,20
Q4-3,2025-10-28,18,50819.584109840886,53529.941793782084,2710.357683941198,5.3332937122882784,0.28242807884033011,48.312916838123733,56,20
Q4-3,2025-10-29,0,56386.47547261577,58500.941019019585,2114.4655464038151,3.7499516128308263,0.29825978241119389,56,56,20
Q4-3,2025-10-29,6,50047.208729000122,51074.739310263234,1027.5305812631123,2.0531226563045069,0.2411436112576347,45.960343098119957,56,20
Q4-3,2025-10-29,12,54086.756622851972,55392.842856347073,1306.0862334951016,2.4147985848041564,0.28747124943764241,45.984831246473881,56,20
Q4-3,2025-10-29,18,49084.21502329348,51591.671503839869,2507.4564805463888,5.1084783149866864,0.27306058669117367,47.365512151116029,56,20
Q4-3,2025-10-30,0,48940.712480262511,50930.608378500649,1989.8958982381373,4.0659316086594677,0.29672144627795433,56,56,20
Q4-3,2025-10-30,6,40548.787707776602,41527.133713371964,978.34600559536193,2.4127626518603229,0.25893121346062359,47.766493261229847,56,20
Q4-3,2025-10-30,12,36232.375577760249,37277.979005696048,1045.6034279357991,2.885826312138362,0.28795152503657995,44.919646220985882,56,20
Q4-3,2025-10-30,18,20277.868260014173,20703.200125449737,425.3318654355644,2.0975176482149083,0.27675847004362736,47.730971612927597,56,20
Q4-3,2025-10-31,0,17365.272277443742,18201.230643659939,835.95836621619674,4.8139663626354245,0.28231523514393547,56,56,20
Q4-3,2025-10-31,6,15058.318324329828,15439.620086976352,381.30176264652437,2.5321669686743986,0.26042795033373267,47.139721931193385,56,20
Q4-3,2025-10-31,12,17095.468370422775,17578.614618212676,483.14624778990037,2.8261656090440956,0.28308207495714716,43.801218170636929,56,20
Q4-3,2025-10-31,18,14857.636990049965,15710.307920317549,852.67093026758448,5.7389403903097769,0.28449548161733662,50.180931355046582,56,20
Q4-3,2025-11-01,0,15826.932468669133,16425.313578081197,598.38110941206469,3.7807775486286666,0.29279455136064642,56,56,20
Q4-3,2025-11-01,6,18006.301576942602,18359.108682439251,352.80710549664946,1.9593535295911346,0.24869362512151161,47.880177751001746,56,20
Q4-3,2025-11-01,12,27792.810771825607,28467.481781402163,674.67100957655566,2.4275019000974618,0.29837524866374887,46.156151456682402,56,20
Q4-3,2025-11-01,18,38520.193459655689,41010.219251843198,2490.0257921875091,6.4642089474328479,0.27974144647271487,48.087254204718725,56,20
Q4-3,2025-11-02,0,53315.326068834242,55416.598756544678,2101.272687710436,3.9412169870208125,0.27453838950236792,56,56,20
Q4-3,2025-11-02,6,50196.247926061813,51540.108923360385,1343.8609972985723,2.6772140405355804,0.25950947813619124,49.180066924744935,56,20
Q4-3,2025-11-02,12,50586.644916945472,51439.086089527758,852.44117258228653,1.6851111078464376,0.26586455285446614,44.825923282574202,56,20
Q4-3,2025-11-02,18,48318.443682051264,50905.520639966795,2587.0769579155312,5.3542224475175759,0.29582735127195409,48.290239623326244,56,20
Q4-3,2025-11-03,0,57365.649020426557,59650.336968779353,2284.6879483527955,3.982676021915621,0.29012604296936684,56,56,20
Q4-3,2025-11-03,6,50313.880186485825,51170.115291768772,856.23510528294719,1.7017870657348499,0.28473753764089221,49.747420269033107,56,20
Q4-3,2025-11-03,12,53919.315545904836,54797.373537297608,878.05799139277224,1.6284665012953115,0.26148331343368686,49.833286606692859,56,20
Q4-3,2025-11-03,18,48791.907573710123,51410.474096634804,2618.5665229246806,5.3668049747159552,0.27936396812050512,48.494288452935443,56,20
Q4-3,2025-11-04,0,54355.321178579907,56627.251870436652,2271.9306918567454,4.1797760414155283,0.27529768131352444,56,56,20
Q4-3,2025-11-04,6,49851.136806586423,50975.944490519541,1124.8076839331188,2.2563330667807469,0.2765273695018397,49.760219290235391,56,20
Q4-3,2025-11-04,12,52250.248776975393,53203.388175466389,953.13939849099552,1.8241815509039361,0.28238490938542815,47.510563663141163,56,20
Q4-3,2025-11-04,18,61338.141126513758,64533.355657070249,3195.2145305564918,5.2091805716220962,0.28551850436573772,49.357527496648515,56,20
Q4-3,2025-11-05,0,60666.738214613091,62997.166785294758,2330.4285706816663,3.841361245494368,0.26201844432657356,56,56,20
Q4-3,2025-11-05,6,51327.547528504867,52292.349209130232,964.80168062536541,1.8796956548324584,0.28231332547030863,51.308958087282889,56,20
Q4-3,2025-11-05,12,60188.80847871743,61143.010403307853,954.201924590423,1.5853477560165086,0.27483071139649307,47.338292203470573,56,20
Q4-3,2025-11-05,18,53130.034054409844,55845.920687043195,2715.8866326333518,5.1117728060404488,0.28461805912585014,49.328618680357948,56,20
Q4-3,2025-11-06,0,55857.911092637427,58105.91003059347,2247.9989379560429,4.0244951771072346,0.27756793368491728,56,56,20
Q4-3,2025-11-06,6,46467.247007942235,47613.896165835678,1146.6491578934438,2.4676502950507384,0.28185090399620677,50.599686323985566,56,20
Q4-3,2025-11-06,12,38948.837160422336,39683.571389509547,734.73422908721113,1.8864086392643475,0.26297968034449815,46.427350914508843,56,20
Q4-3,2025-11-06,18,23301.079125862248,24099.538403235172,798.45927737292368,3.4267051455428188,0.29064197228102695,49.038121065658416,56,20
Q4-3,2025-11-07,0,16383.416103956923,17098.596403150594,715.18029919367109,4.3652697011152597,0.27472570728377238,56,56,20
Q4-3,2025-11-07,6,14300.679531922362,14772.703154220897,472.02362229853497,3.3007076429121485,0.29025646371182418,50.907340415784034,56,20
Q4-3,2025-11-07,12,16819.063004363437,17374.127295475151,555.06429111171383,3.3002093574874714,0.27308177648925208,47.170885993611485,56,20
Q4-3,2025-11-07,18,12127.873501289121,12551.378490743209,423.50498945408799,3.4919970876103879,0.28829091138064361,51.253623559079699,56,20
Q4-3,2025-11-08,0,17415.041531366238,18193.348342809601,778.30681144336268,4.4691642568956969,0.2863653915035303,56,56,20
Q4-3,2025-11-08,6,18763.861119372508,19260.253090213937,496.3919708414287,2.6454681564922478,0.28713174420844134,49.517958641389846,56,20
Q4-3,2025-11-08,12,29489.271174312384,30302.770654038788,813.49947972640439,2.7586286379130076,0.2814364558008392,48.342898170289217,56,20
Q4-3,2025-11-08,18,44183.382683764197,46533.728908266203,2350.3462245020055,5.3195253096039563,0.29979074353837748,50.227318722161826,56,20
Q4-3,2025-11-09,0,56094.881093890319,58300.10400216467,2205.2229082743506,3.9312373344428719,0.26751235347047408,56,56,20
Q4-3,2025-11-09,6,50004.202257536053,51053.300713370008,1049.0984558339551,2.0980205832117793,0.26895147855483026,50.245989471126336,56,20
Q4-3,2025-11-09,12,57086.584312331921,58557.731049326547,1471.1467369946258,2.5770445976338152,0.27464081021063069,45.756936476846143,56,20
Q4-3,2025-11-09,18,57478.85407257863,60344.026428427853,2865.1723558492231,4.984741609899479,0.29212170895625578,49.247017743662198,56,20
Q4-3,2025-11-10,0,59603.97087180987,61830.383110281939,2226.4122384720686,3.7353421356110861,0.2672798720960457,56,56,20
Q4-3,2025-11-10,6,55163.396120357822,56457.501530503054,1294.1054101452319,2.3459494903498967,0.28577306569712035,50.571105647382041,56,20
Q4-3,2025-11-10,12,53491.649075759662,54659.222800115109,1167.5737243554468,2.1827214986433141,0.28010717060507551,44.822453606333589,56,20
Q4-3,2025-11-10,18,51618.730792292867,54377.860817239954,2759.1300249470878,5.3452109003793158,0.27433802713032912,48.185741069493623,56,20
Q4-3,2025-11-11,0,61530.348952215041,64025.692474533447,2495.343522318406,4.0554678541743883,0.30512629335789088,56,56,20
Q4-3,2025-11-11,6,54213.910525397827,55384.996298502767,1171.08577310494,2.1601204594092538,0.30210749438098805,49.878228975628446,56,20
Q4-3,2025-11-11,12,59522.298137836988,61142.707060144712,1620.4089223077244,2.7223561135951257,0.29005465558618743,48.06955072563936,56,20
Q4-3,2025-11-11,18,52163.420924017759,55097.551827508971,2934.1309034912119,5.6248820562691204,0.28653653932252426,49.299303427811353,56,20
Q4-3,2025-11-12,0,59074.383987882436,61416.302668211632,2341.9186803291959,3.9643556516976597,0.28131855265300021,56,56,20
Q4-3,2025-11-12,6,55079.058061020689,56517.359349846127,1438.301288825438,2.611339662403056,0.2884091609030271,50.800875658157693,56,20
Q4-3,2025-11-12,12,54457.329586619264,55474.504132217342,1017.1745455980781,1.8678377241766242,0.27546102714701159,46.708373224648859,56,20
Q4-3,2025-11-12,18,54819.111589868822,57808.943200278147,2989.8316104093246,5.4539950095832568,0.2771067856697022,49.230922658941132,56,20
Q4-3,2025-11-13,0,57673.213826745632,60013.092662197341,2339.8788354517092,4.0571327314632866,0.29604887584784639,56,56,20
Q4-3,2025-11-13,6,46950.657962363388,47949.678737635346,999.02077527195797,2.1278099575788634,0.27225910818099203,50.9787499693483,56,20
Q4-3,2025-11-13,12,38894.842369459075,39748.028481830246,853.18611237117148,2.1935713333578244,0.27498707299593206,47.878432749796566,56,20
Q4-3,2025-11-13,18,23065.46055417565,23917.412517174103,851.95196299845338,3.6936264983628009,0.27881108906800445,48.822385665029287,56,20
Q4-3,2025-11-14,0,17529.054635937595,18365.871959462205,836.8173235246104,4.7738873596125941,0.29450787888856905,56,56,20
Q4-3,2025-11-14,6,14379.780040035475,14750.84046688283,371.06042684735439,2.580431869015154,0.29857164997961905,49.690007509866284,56,20
Q4-3,2025-11-14,12,16966.650076744951,17313.868711199768,347.21863445481722,2.04647725322471,0.27363086360622935,44.394643655850267,56,20
Q4-3,2025-11-14,18,14605.649229175517,15463.581979584904,857.93275040938715,5.8739788758970235,0.27692355893425519,52.39270372676804,56,20
Q4-3,2025-11-15,0,19431.641290503132,20503.508914303668,1071.8676238005355,5.516094125947002,0.30258952886100426,56,56,20
Q4-3,2025-11-15,6,19414.169403574408,19857.897480923632,443.72807734922389,2.2855887786140672,0.31696930775013188,50.887096155689925,56,20
Q4-3,2025-11-15,12,31492.702066476581,32160.78350165029,668.08143517370991,2.1213849283668429,0.28276553322893,47.846504095221917,56,20
Q4-3,2025-11-15,18,43632.420248627313,46407.195476401299,2774.7752277739855,6.359434594649338,0.29452623887418311,48.015477417297014,56,20
Q4-3,2025-11-16,0,56801.071294696681,58661.795375832131,1860.7240811354495,3.2758608926257704,0.28776545689933736,56,56,20
Q4-3,2025-11-16,6,53805.966349738861,54724.801433289758,918.83508355089725,1.7076825227493764,0.282421783061447,51.017006760719255,56,20
Q4-3,2025-11-16,12,59583.464265945717,60482.279272324566,898.81500637884892,1.5084973951280611,0.25952742080182117,45.668907414876081,56,20
Q4-3,2025-11-16,18,49569.835170058846,52346.589541761947,2776.7543717031003,5.6017018458441648,0.263979185140294,49.270030975377011,56,20
Q4-3,2025-11-17,0,58646.920291757662,60420.260386543712,1773.34009478605,3.0237565518598464,0.29855186870623113,56,56,20
Q4-3,2025-11-17,6,58533.656570796782,59897.213883450735,1363.557312653953,2.3295269636960381,0.2832467206062238,48.927332502211421,56,20
Q4-3,2025-11-17,12,60365.694916149718,61425.167696133372,1059.4727799836546,1.7550908367000462,0.28076267531001053,48.063160956565852,56,20
Q4-3,2025-11-17,18,57708.8214190117,60902.210330820759,3193.3889118090592,5.5336235141981716,0.30401827238834361,50.709910449766795,56,20
Q4-3,2025-11-18,0,60754.050399963184,62526.956430495768,1772.9060305325838,2.9181692724369546,0.32621685855381494,56,56,20
Q4-3,2025-11-18,6,53341.205913476268,54276.115052567344,934.90913909107621,1.7526959188128854,0.28458270108426936,48.583285445014468,56,20
Q4-3,2025-11-18,12,63171.892224837604,64257.700947132587,1085.8087222949835,1.7188162077375058,0.29357643449134702,45.507481105496531,56,20
Q4-3,2025-11-18,18,57286.025826641002,60442.956133572137,3156.9303069311354,5.5108209399699737,0.3064283801937861,48.327054052866401,56,20
Q4-3,2025-11-19,0,59115.830425932239,61036.376539954079,1920.5461140218395,3.2487848012693332,0.28644494340687543,56,56,20
Q4-3,2025-11-19,6,57783.162874470625,59326.986499945051,1543.8236254744261,2.6717534116785124,0.3119229231478306,51.149668554042883,56,20
Q4-3,2025-11-19,12,63037.859037192356,64169.036637190744,1131.1775999983874,1.7944416534371621,0.27368770853055435,44.937901075702399,56,20
Q4-3,2025-11-19,18,58969.039739115455,62084.078979796868,3115.0392406814135,5.2824995191758983,0.28142698087113316,48.796897411547846,56,20
Q4-3,2025-11-20,0,59804.552939186775,61661.774342037999,1857.2214028512244,3.1054849699148734,0.28265433400397783,56,56,20
Q4-3,2025-11-20,6,49941.396388927169,50941.447643821462,1000.0512548942934,2.0024495252520147,0.28867004256964657,49.460610876899032,56,20
Q4-3,2025-11-20,12,41520.441224000679,42270.898054307821,750.45683030714281,1.8074394399097748,0.27723311186248362,46.886409889163943,56,20
Q4-3,2025-11-20,18,25844.156189330566,27253.756968695991,1409.6007793654244,5.4542340985671567,0.27172610899414884,47.879619699849577,56,20
Q4-3,2025-11-21,0,18208.32261667736,18912.871944853505,704.54932817614463,3.8693807387333745,0.27944771409844243,56,56,20
Q4-3,2025-11-21,6,15629.096768845215,16174.886654460675,545.78988561546066,3.492139652647297,0.30689950633908475,50.788061404525969,56,20
Q4-3,2025-11-21,12,17482.135509705644,17815.378493286807,333.24298358116357,1.9061915141668884,0.26889086049224403,46.976257984974147,56,20
Q4-3,2025-11-21,18,13866.649805223122,14525.982083160459,659.33227793733749,4.7548058629777179,0.28804938373405009,50.057237945348206,56,20
Q4-3,2025-11-22,0,20606.16804217036,21590.77906052674,984.61101835637965,4.7782344409760258,0.28602366698834797,56,56,20
Q4-3,2025-11-22,6,20026.947229024434,20445.013055843199,418.06582681876534,2.0875164948398917,0.30993272289624096,50.62208627380857,56,20
Q4-3,2025-11-22,12,32995.9592478782,33798.011232488992,802.05198461079272,2.4307581985584248,0.27470263802164302,48.219707830021179,56,20
Q4-3,2025-11-22,18,47717.788376023607,50774.06905328729,3056.2806772636832,6.4049084864950423,0.28686150654622244,50.549268434976021,56,20
Q4-3,2025-11-23,0,59060.463628233178,60606.876792744879,1546.4131645117013,2.6183559517004129,0.2822265470681512,56,56,20
Q4-3,2025-11-23,6,55318.151130859827,57022.770958179906,1704.6198273200789,3.0814837308782428,0.29407015518078999,49.157431498827258,56,20
Q4-3,2025-11-23,12,57689.84970610743,58654.251945119926,964.40223901249556,1.6717017706329607,0.27547843790253462,45.044485468591738,56,20
Q4-3,2025-11-23,18,59325.460976308088,61750.733967315755,2425.2729910076669,4.0880811562108432,0.26526133414139158,47.916118783489225,56,20
Q4-3,2025-11-24,0,59787.44244593483,61478.980283149955,1691.5378372151245,2.8292527126323685,0.30340358705478815,56,56,20
Q4-3,2025-11-24,6,54149.9668384342,55137.449106262247,987.48226782804704,1.8236064128614782,0.28913800478447887,49.525616667498426,56,20
Q4-3,2025-11-24,12,58090.481993916408,59113.113164175273,1022.6311702588646,1.7604108885961089,0.28575253328471351,48.0422197549697,56,20
Q4-3,2025-11-24,18,58604.286850539283,61258.015448278347,2653.7285977390638,4.5282158359967184,0.28673462360314572,48.657850053486015,56,20
Q4-3,2025-11-25,0,69775.56021651093,71496.864918667328,1721.304702156398,2.466916348382231,0.28302779939975981,56,56,20
Q4-3,2025-11-25,6,61155.174703442695,62154.391017228678,999.21631378598249,1.6339031302444074,0.3011376899311593,50.578247443188737,56,20
Q4-3,2025-11-25,12,61514.432972170631,62436.230069654404,921.79709748377354,1.4985053961251715,0.27887172660797949,47.856118236276906,56,20
Q4-3,2025-11-25,18,61104.556013660716,63950.156799528057,2845.6007858673402,4.6569371770431855,0.29256274526384729,50.047736080214676,56,20
Q4-3,2025-11-26,0,65997.486888095882,67026.905934787093,1029.4190466912114,1.5597852209686014,0.27699928571924942,56,56,20
Q4-3,2025-11-26,6,59169.324755881433,60313.105723718494,1143.7809678370613,1.9330640877786465,0.30737966894770757,52.313463021697096,56,20
Q4-3,2025-11-26,12,64037.488854929601,64883.959610114311,846.47075518470956,1.3218362717224874,0.26288065978953179,47.469943762698556,56,20
Q4-3,2025-11-26,18,56859.292734798175,59309.700878711817,2450.4081439136426,4.3096001129363071,0.26919437247885991,51.258588226881095,56,20
Q4-3,2025-11-27,0,63105.963826460415,63995.650560120695,889.68673366028088,1.4098298793231212,0.28282172099112229,56,56,20
Q4-3,2025-11-27,6,53980.401493311583,55068.836356464104,1088.4348631525208,2.0163519222571535,0.28462297691269278,50.251715111113576,56,20
Q4-3,2025-11-27,12,45246.52174733553,45904.941749756355,658.42000242082577,1.4551836848311961,0.24965532761509449,46.401504348972665,56,20
Q4-3,2025-11-27,18,22081.517351637594,22575.950914937435,494.4335632998409,2.2391285681424122,0.27454664478045548,49.815189829576958,56,20
Q4-3,2025-11-28,0,19464.891705549213,19992.655089877077,527.7633843278636,2.7113604961768401,0.28153824370750896,56,56,20
Q4-3,2025-11-28,6,16165.961969822469,16607.460346213287,441.49837639081852,2.7310368366260995,0.30279544403414044,47.974626308002492,56,20
Q4-3,2025-11-28,12,17832.411180389179,18127.174523683418,294.76334329423844,1.6529640344901786,0.2623925820949492,46.062681195468684,56,20
Q4-3,2025-11-28,18,14810.331890099747,15495.095522232437,684.76363213268996,4.6235535922759086,0.27979588319836057,49.189099029879792,56,20
Q4-3,2025-11-29,0,23600.180850017685,24305.680293408226,705.49944339054127,2.9893815131082357,0.27858514916382443,56,56,20
Q4-3,2025-11-29,6,22673.413310355951,23158.660855400121,485.24754504417069,2.1401609823896051,0.30302319308972986,48.007126053555943,56,20
Q4-3,2025-11-29,12,38005.535270120294,38621.198768062794,615.66349794249982,1.6199311325751253,0.27504954111393365,50.498452110782978,56,20
Q4-3,2025-11-29,18,45636.730304974481,48081.650661634187,2444.9203566597062,5.3573521598088814,0.288830127650821,50.124580194286246,56,20
Q4-3,2025-11-30,0,64134.291132408543,65026.403728009733,892.11259560118924,1.3910071817265113,0.28415519215705304,56,56,20
Q4-3,2025-11-30,6,59662.772118665278,61172.36524946172,1509.593130796442,2.5302095045030226,0.29525863474766412,50.071466536929648,56,20
Q4-3,2025-11-30,12,62402.023911327226,63241.90640940491,839.88249807768443,1.3459218875194745,0.27971600786137218,47.325886376393349,56,20
Q4-3,2025-11-30,18,55106.891967045623,57531.08852395985,2424.1965569142267,4.3990805330917926,0.28215770981432853,49.993841789128588,56,20
Q4-3,2025-12-01,0,69973.800256506598,70936.45269629205,962.65243978545186,1.3757326831708605,0.27450648934975264,56,56,20
Q4-3,2025-12-01,6,62838.893798553938,64400.890045950655,1561.9962473967171,2.4857156976761718,0.29906749070864375,55.727802556296361,56,20
Q4-3,2025-12-01,12,70370.027484001461,72105.201417417033,1735.1739334155718,2.4657854991033901,0.29509495766669103,52.563196738778124,56,20
Q4-3,2025-12-01,18,62660.159665117026,65846.766719739535,3186.6070546225092,5.0855393150178951,0.30549598593161631,52.255910486423474,56,20
Q4-3,2025-12-02,0,76301.467972693048,78462.624080062698,2161.1561073696503,2.8323912564081954,0.32428313113619023,56,56,20
Q4-3,2025-12-02,6,68518.479474381282,70484.67631586091,1966.1968414796283,2.8695862146426832,0.28981475665601508,54.567627942560243,56,20
Q4-3,2025-12-02,12,77147.426728806284,78867.264559548988,1719.8378307427047,2.2292873575529448,0.30428127578240427,51.830948899449268,56,20
Q4-3,2025-12-02,18,62375.18196994983,65519.612733273301,3144.4307633234712,5.0411568576077981,0.29488651294842416,51.248226806710157,56,20
Q4-3,2025-12-03,0,68546.204282227438,70495.053071828064,1948.8487896006263,2.8431170040817522,0.29467339375547907,56,56,20
Q4-3,2025-12-03,6,65965.72738175471,69223.467267475877,3257.7398857211665,4.9385340161082203,0.30896675131896656,53.92270057314056,56,20
Q4-3,2025-12-03,12,65086.628456094346,66785.899775253274,1699.2713191589282,2.6107840572894503,0.30513561954556612,49.204512687765373,56,20
Q4-3,2025-12-03,18,63028.426859854138,66024.901611486159,2996.4747516320203,4.7541639557255433,0.30295935621155723,52.56729012576568,56,20
Q4-3,2025-12-04,0,76062.133258762944,78057.221249218768,1995.0879904558242,2.6229713853390679,0.28999484291114735,56,56,20
Q4-3,2025-12-04,6,63218.322197773712,65656.519902806598,2438.197705032886,3.8567896462123219,0.30002364644703894,52.45816369417787,56,20
Q4-3,2025-12-04,12,50207.603428613475,51109.44903937621,901.8456107627353,1.7962331383632124,0.30721090011779273,48.354712116689953,56,20
Q4-3,2025-12-04,18,34525.07627776303,36600.727396341303,2075.6511185782729,6.012010232444176,0.29636283661303825,50.724952065204533,56,20
Q4-3,2025-12-05,0,24113.638504511397,25387.870994633577,1274.23249012218,5.2842812994968957,0.29630618653937396,56,56,20
Q4-3,2025-12-05,6,20609.405842084161,21923.260650224736,1313.8548081405752,6.3750251618496456,0.32863451655730047,51.94284851397115,56,20
Q4-3,2025-12-05,12,21626.332076297938,22444.554698326756,818.22262202881757,3.7834553688629091,0.29670532919254533,49.105465772345219,56,20
Q4-3,2025-12-05,18,20248.654151870804,21968.314887342032,1719.6607354712287,8.4927162199189823,0.30556562038195101,51.121145285893228,56,20
Q4-3,2025-12-06,0,26501.120422886346,27851.328323510766,1350.2079006244203,5.0949087400032456,0.31958766871662386,56,56,20
Q4-3,2025-12-06,6,26171.797229345546,27507.889405604739,1336.0921762591934,5.1050837837039342,0.28796089251972257,53.211169426397284,56,20
Q4-3,2025-12-06,12,44560.857670620433,45968.392092579896,1407.5344219594626,3.15867892930497,0.30520282769374196,47.278099850926175,56,20
Q4-3,2025-12-06,18,59534.913900857537,62871.744637210875,3336.8307363533386,5.6048300362206094,0.32281507722807218,50.735735920922977,56,20
Q4-3,2025-12-07,0,76437.019640650513,78533.320753637701,2096.3011129871884,2.7425207351652769,0.29324120368987866,56,56,20
Q4-3,2025-12-07,6,69387.446595978603,71009.849561964744,1622.4029659861408,2.3381793762103475,0.33801311064726008,52.146621007669559,56,20
Q4-3,2025-12-07,12,75430.069405882969,77048.079950818472,1618.0105449355033,2.1450471379379499,0.29092834053561473,52.775938162632997,56,20
Q4-3,2025-12-07,18,65900.913550060184,68804.903313917952,2903.9897638577677,4.4066001629124774,0.30375832288416665,50.42051175903925,56,20
Q4-3,2025-12-08,0,82992.519707007319,84858.917638751518,1866.397931744199,2.2488748845477025,0.29258903764150129,56,56,20
Q4-3,2025-12-08,6,75574.331167916826,77384.117982597003,1809.7868146801775,2.3947109907715314,0.25156986266671216,44.968113548440634,56,20
Q4-3,2025-12-08,12,82112.77000455033,83830.356809088698,1717.5868045383686,2.0917413995937384,0.28164105229027342,48.871443498478911,56,20
Q4-3,2025-12-08,18,78566.990962325639,81987.853317829984,3420.862355504345,4.3540707281824131,0.2916384110057989,50.780632931242117,56,20
Q4-3,2025-12-09,0,81880.028523871981,83881.485229551574,2001.4567056795931,2.4443771475923137,0.32168411494184962,56,56,20
Q4-3,2025-12-09,6,72810.283463297746,74682.198468740113,1871.9150054423662,2.570948657803207,0.25688307783638598,44.122504435632976,56,20
Q4-3,2025-12-09,12,75680.300201195249,77226.820452007669,1546.5202508124203,2.043491168376721,0.26746446817358482,48.052869899256507,56,20
Q4-3,2025-12-09,18,66253.38883865255,69763.940504603917,3510.5516659513669,5.2986748715611265,0.27547374472025021,51.142242805782089,56,20
Q4-3,2025-12-10,0,77867.536050102208,79909.826396702556,2042.2903466003481,2.622775100121677,0.29875403941752054,56,56,20
Q4-3,2025-12-10,6,71211.030586842287,74120.512069322664,2909.4814824803761,4.0857174211686775,0.254155597647165,43.232949340465133,56,20
Q4-3,2025-12-10,12,77371.80956388815,78901.321572430548,1529.5120085423987,1.9768337035977357,0.29137095999652979,45.955052117186611,56,20
Q4-3,2025-12-10,18,72439.958318554141,75551.195242691465,3111.2369241373235,4.2949181589195362,0.29838985385738814,50.959342723687733,56,20
Q4-3,2025-12-11,0,79610.176383695391,81693.923077392654,2083.7466936972633,2.6174376045271952,0.30423435064923388,56,56,20
Q4-3,2025-12-11,6,66166.902929697433,68038.477804702808,1871.5748750053754,2.8285665372519198,0.25876745603841378,47.456065235081525,56,20
Q4-3,2025-12-11,12,53145.716871999888,54225.679186510642,1079.9623145107544,2.0320778005719964,0.28625079250896995,49.489531079710154,56,20
Q4-3,2025-12-11,18,33707.209258844567,35418.653010638591,1711.4437517940241,5.0773819293418621,0.2851102436565135,49.19873994772832,56,20
Q4-3,2025-12-12,0,27388.268069492311,28612.934744158265,1224.6666746659539,4.471500978297005,0.28261648406921286,56,56,20
Q4-3,2025-12-12,6,23686.394021627271,25495.533682018904,1809.1396603916328,7.637885525081467,0.27097982414302374,46.171037390308442,56,20
Q4-3,2025-12-12,12,28222.68236371666,29229.083332090227,1006.4009683735676,3.5659295434915972,0.27593355615072374,48.022094546266359,56,20
Q4-3,2025-12-12,18,20651.865306662883,21589.573893942845,937.70858727996165,4.5405515354461912,0.28649562753854196,51.190678535909697,56,20
Q4-3,2025-12-13,0,28344.866063918627,29707.082124443197,1362.2160605245699,4.8058652224805876,0.32027956330710883,56,56,20
Q4-3,2025-12-13,6,28546.350672258275,30046.431534279945,1500.0808620216703,5.2548953778511098,0.28947628522718621,47.369927386777775,56,20
Q4-3,2025-12-13,12,42342.887276266563,44163.612289651799,1820.7250133852358,4.2999547987975006,0.27428271845094598,48.964926458809458,56,20
Q4-3,2025-12-13,18,62223.832214668444,64076.571559072887,1852.7393444044428,2.9775397600273257,0.28846152753122223,51.935942881419528,56,20
Q4-3,2025-12-14,0,72810.802166064983,74611.226793651062,1800.4246275860787,2.4727438429804849,0.29151335931742284,56,56,20
Q4-3,2025-12-14,6,68129.335191049351,71497.02631143789,3367.6911203885393,4.9430852524023683,0.25937006780488381,47.012481045377861,56,20
Q4-3,2025-12-14,12,79255.91759460223,80772.866633703685,1516.9490391014551,1.9139883621822618,0.29678949255744103,47.660199052548819,56,20
Q4-3,2025-12-14,18,71006.146036886203,72884.665010657714,1878.5189737715118,2.6455723604484227,0.30901698176402947,51.594638974617176,56,20
Q4-3,2025-12-15,0,77529.118389552343,79326.451180888049,1797.3327913357061,2.3182680632389374,0.28863436731467201,56,56,20
Q4-3,2025-12-15,6,73201.296481321027,76724.455678354861,3523.1591970338341,4.812973767387918,0.25198368323248377,47.898028211538659,56,20
Q4-3,2025-12-15,12,78206.03113319102,79583.775483132675,1377.7443499416549,1.7616855503065354,0.29397472587913026,50.346457108659273,56,20
Q4-3,2025-12-15,18,73005.748656827142,75344.399836652738,2338.651179825596,3.2033794911394242,0.28602056410240717,50.366927729837926,56,20
Q4-3,2025-12-16,0,80972.352788505435,82806.108975907526,1833.7561874020903,2.2646695128048844,0.28838877426917758,56,56,20
Q4-3,2025-12-16,6,73107.850435711967,75511.189265944413,2403.3388302324456,3.2873881750166367,0.25498159274367255,44.686577971525956,56,20
Q4-3,2025-12-16,12,80685.855366255739,82501.787443306297,1815.9320770505583,2.2506200979186985,0.2948226785858008,45.987321966770068,56,20
Q4-3,2025-12-16,18,75849.855889229977,78022.951578773238,2173.095689543261,2.8649964644848147,0.2896164583621636,49.817297961762414,56,20
Q4-3,2025-12-17,0,81765.83008448295,83858.254251068851,2092.4241665859008,2.5590447310617881,0.30433937112219051,56,56,20
Q4-3,2025-12-17,6,73143.76909946691,74786.199285965966,1642.4301864990557,2.2454820235822792,0.26025438877133839,48.538240142034276,56,20
Q4-3,2025-12-17,12,72127.820949202578,73871.438802762335,1743.6178535597574,2.4173998751296555,0.24976758607517979,45.409112106495968,56,20
Q4-3,2025-12-17,18,69591.370882539544,71101.692775110074,1510.3218925705296,2.1702717929206194,0.29443021215739429,50.015994864973891,56,20
Q4-3,2025-12-18,0,75203.281039963797,77156.104247599113,1952.8232076353161,2.5967260744881093,0.30089101539398533,56,56,20
Q4-3,2025-12-18,6,65353.561592425787,67795.600338449905,2442.0387460241182,3.7366574774512884,0.27059021953643103,48.217051371976858,56,20
Q4-3,2025-12-18,12,53436.382983763993,54500.736071314772,1064.3530875507786,1.9918134950753785,0.25571224838751516,48.539290260691558,56,20
Q4-3,2025-12-18,18,30641.296956450082,31593.724868327681,952.4279118775994,3.1083146161576147,0.28372563828170172,50.154579912180367,56,20
Q4-3,2025-12-19,0,26955.119642778485,28108.510263136719,1153.3906203582337,4.2789297010864313,0.27637798595550922,56,56,20
Q4-3,2025-12-19,6,23413.332458910165,25074.793304766314,1661.4608458561488,7.0962168617900723,0.24748168268231818,43.894228299301368,56,20
Q4-3,2025-12-19,12,28364.630611221175,29450.598382547771,1085.9677713265955,3.8285983209560337,0.27158024850993295,46.838222572021046,56,20
Q4-3,2025-12-19,18,24785.045510965469,25785.285257868483,1000.2397469030147,4.0356583023439807,0.29546574325927089,50.488620721620428,56,20
Q4-3,2025-12-20,0,28422.461640642898,29555.168212175529,1132.7065715326316,3.9852514741823386,0.26257160440326155,56,56,20
Q4-3,2025-12-20,6,27464.879369084891,28869.507351999702,1404.6279829148116,5.1142696242674646,0.26496457949964192,46.113109626369976,56,20
Q4-3,2025-12-20,12,47582.457046860392,49093.558643668592,1511.1015968081992,3.1757536087722915,0.26983214243295217,45.441046390787186,56,20
Q4-3,2025-12-20,18,63080.762102150846,64965.89869552404,1885.136593373194,2.9884492998363932,0.27564901867630798,50.456196014393342,56,20
Q4-3,2025-12-21,0,77276.371992653876,78998.719193494078,1722.3472008402023,2.2288147805437086,0.26588353306325607,56,56,20
Q4-3,2025-12-21,6,70147.088321516261,71980.934537946727,1833.8462164304656,2.6142870079298275,0.27059753905962353,47.8533290566197,56,20
Q4-3,2025-12-21,12,76721.957964444766,78238.213553907495,1516.2555894627294,1.9762993928875039,0.28430729802503779,47.231797527002129,56,20
Q4-3,2025-12-21,18,76122.5855922763,78328.688543589291,2206.1029513129906,2.8980925097962462,0.30455129753151938,50.428810950676109,56,20
Q4-3,2025-12-22,0,78849.623397880612,80760.407710242172,1910.7843123615603,2.4233271257614097,0.2931657627423358,56,56,20
Q4-3,2025-12-22,6,71742.64174435797,74498.09628739144,2755.4545430334692,3.8407486482753717,0.26844028197337638,48.713630965934506,56,20
Q4-3,2025-12-22,12,76969.957631263416,78660.972615712846,1691.0149844494299,2.1969805317426649,0.27080396712029475,46.513142018049059,56,20
Q4-3,2025-12-22,18,76629.818845887639,78866.480050506201,2236.6612046185619,2.9187870182973752,0.29451185277214187,50.393911547833305,56,20
Q4-3,2025-12-23,0,80313.493687236536,82115.21181762591,1801.718130389374,2.2433566859957343,0.26849955119080465,56,56,20
Q4-3,2025-12-23,6,72537.331736050255,74241.062755184612,1703.7310191343568,2.3487643925667268,0.26212338432155147,46.70628049686777,56,20
Q4-3,2025-12-23,12,74679.987929693394,76460.581069040258,1780.5931393468636,2.3842975724944981,0.26853632660505239,45.972712774613854,56,20
Q4-3,2025-12-23,18,69355.969102638497,71421.047658135081,2065.0785554965842,2.977506597075319,0.29712002366489892,50.313305960724925,56,20
Q4-3,2025-12-24,0,79439.018040308234,81351.091157603922,1912.0731172956876,2.4069697290637126,0.27072032238067401,56,56,20
Q4-3,2025-12-24,6,71911.743096355931,74508.817005404228,2597.0739090482966,3.6114740058079686,0.25386424513389488,46.134830576723601,56,20
Q4-3,2025-12-24,12,73079.776385035657,74819.264275372188,1739.4878903365316,2.3802589120849094,0.25770128581435237,45.547966528944123,56,20
Q4-3,2025-12-24,18,73397.342799985607,75461.705778278352,2064.3629782927455,2.8125854418440177,0.28398734487693283,50.214124923835307,56,20
Q4-3,2025-12-25,0,74178.492702240866,76041.699148854517,1863.2064466136508,2.5117879573163249,0.28169537871704009,56,56,20
Q4-3,2025-12-25,6,62810.091582597321,65011.597126219283,2201.5055436219627,3.5050188403672466,0.25144176475746266,45.253343056975474,56,20
Q4-3,2025-12-25,12,53476.504741332144,54609.994717716443,1133.4899763842986,2.1196037060893014,0.29413138551520396,48.122585345786177,56,20
Q4-3,2025-12-25,18,33451.218996957257,34572.58800300413,1121.3690060468725,3.3522515461958946,0.29627851329646143,49.414397061068478,56,20
Q4-3,2025-12-26,0,27063.26559916095,28329.103433306831,1265.8378341458811,4.6773284972125628,0.27322878687000901,56,56,20
Q4-3,2025-12-26,6,22680.84931362631,24646.411913118016,1965.5625994917064,8.6661772331022355,0.24732270282704039,47.688260898029583,56,20
Q4-3,2025-12-26,12,25787.745794908427,26810.310978029156,1022.5651831207288,3.9653143444690953,0.28468241284571455,49.015219847815253,56,20
Q4-3,2025-12-26,18,24432.833872061907,25573.94299134456,1141.1091192826534,4.6703920030638502,0.28371164759241352,49.235823992363322,56,20
Q4-3,2025-12-27,0,27215.490849373102,28457.624847265826,1242.1339978927244,4.56406979674715,0.27506574645016246,56,56,20
Q4-3,2025-12-27,6,26618.489282638417,28847.042760795324,2228.5534781569077,8.3722011962957374,0.24708452141891557,46.300627997642884,56,20
Q4-3,2025-12-27,12,46044.419435160307,47646.72550165416,1602.306066493853,3.4799137140825831,0.29179834472682681,45.91662468942539,56,20
Q4-3,2025-12-27,18,57975.059028574091,59844.432174254587,1869.3731456804962,3.2244437125267034,0.29228976291781722,50.18076661786683,56,20
Q4-3,2025-12-28,0,76090.111321487173,77954.707277175534,1864.5959556883608,2.4505102217688757,0.27557202333751274,56,56,20
Q4-3,2025-12-28,6,69676.380150052661,72284.556823873572,2608.1766738209117,3.7432723516980015,0.26380300152575253,47.500063570428978,56,20
Q4-3,2025-12-28,12,72680.577360281168,74187.155125103323,1506.5777648221556,2.0728753396577648,0.26293591996373866,47.582721769707994,56,20
Q4-3,2025-12-28,18,69732.833086956889,71756.341986646978,2023.5088996900886,2.9018022215830053,0.29365047400755617,50.229197238585499,56,20
Q4-3,2025-12-29,0,78241.087873642275,80194.692155765792,1953.6042821235169,2.4969032706684047,0.2866313678381483,56,56,20
Q4-3,2025-12-29,6,71547.186187630636,74443.180786709854,2895.9945990792185,4.0476708496747227,0.24282237381779956,43.502848192268431,56,20
Q4-3,2025-12-29,12,76466.572780490198,78352.218021653491,1885.6452411632927,2.4659732646529653,0.26929239927296472,46.625233934346035,56,20
Q4-3,2025-12-29,18,70021.513081195444,72087.657479539514,2066.1443983440695,2.950728008331116,0.29404867945865631,48.789679588483352,56,20
Q4-3,2025-12-30,0,77773.0640466927,79698.608150659857,1925.5441039671568,2.475849611391312,0.27990649520586947,56,56,20
Q4-3,2025-12-30,6,70699.785944449031,73294.953684885346,2595.1677404363145,3.6706868426382711,0.25107783978599885,46.25084982820767,56,20
Q4-3,2025-12-30,12,73360.613324248174,75206.526269878334,1845.9129456301598,2.5162179839900878,0.26888478446697345,45.09534137297792,56,20
Q4-3,2025-12-30,18,72389.92309249824,74429.627480144889,2039.7043876466487,2.8176634267732981,0.2905581207152565,49.835286425343142,56,20
Q4-3,2025-12-31,0,78848.567073280676,80918.500458821945,2069.9333855412697,2.6252010180698671,0.29069392929437582,56,56,20
Q4-3,2025-12-31,6,71450.339674250034,73361.426393642323,1911.0867193922895,2.6747062758625706,0.24670097534516716,44.538585072719762,56,20
Q4-3,2025-12-31,12,73975.631544339398,75856.223284864245,1880.5917405248474,2.5421773376786305,0.27505596256068221,47.645793241747491,56,20
Q4-3,2025-12-31,18,68270.966426180414,69884.58599825445,1613.6195720740361,2.3635516772987142,0.29057584663726432,49.690173135701343,56,20
