model,slot0,soc_low,soc_high,count,probability
Q2,0,1200,1600,0,0
Q2,0,1600,2000,2,0.0059880239520958087
Q2,0,2000,2400,4,0.011976047904191617
Q2,0,2400,2800,4,0.011976047904191617
Q2,0,2800,3200,4,0.011976047904191617
Q2,0,3200,3600,4,0.011976047904191617
Q2,0,3600,4000,7,0.020958083832335328
Q2,0,4000,4400,9,0.026946107784431138
Q2,0,4400,4800,6,0.017964071856287425
Q2,0,4800,5200,5,0.014970059880239521
Q2,0,5200,5600,5,0.014970059880239521
Q2,0,5600,6000,6,0.017964071856287425
Q2,0,6000,6400,5,0.014970059880239521
Q2,0,6400,6800,8,0.023952095808383235
Q2,0,6800,7200,4,0.011976047904191617
Q2,0,7200,7600,3,0.0089820359281437123
Q2,0,7600,8000,7,0.020958083832335328
Q2,0,8000,8400,17,0.05089820359281437
Q2,0,8400,8800,107,0.32035928143712578
Q2,0,8800,9200,59,0.17664670658682635
Q2,0,9200,9600,19,0.056886227544910177
Q2,0,9600,10000,12,0.035928143712574849
Q2,0,10000,10400,17,0.05089820359281437
Q2,0,10400,10800,20,0.059880239520958084
Q2,1,1200,1600,0,0
Q2,1,1600,2000,1,0.0029940119760479044
Q2,1,2000,2400,1,0.0029940119760479044
Q2,1,2400,2800,6,0.017964071856287425
Q2,1,2800,3200,2,0.0059880239520958087
Q2,1,3200,3600,5,0.014970059880239521
Q2,1,3600,4000,8,0.023952095808383235
Q2,1,4000,4400,8,0.023952095808383235
Q2,1,4400,4800,3,0.0089820359281437123
Q2,1,4800,5200,7,0.020958083832335328
Q2,1,5200,5600,4,0.011976047904191617
Q2,1,5600,6000,8,0.023952095808383235
Q2,1,6000,6400,4,0.011976047904191617
Q2,1,6400,6800,3,0.0089820359281437123
Q2,1,6800,7200,6,0.017964071856287425
Q2,1,7200,7600,6,0.017964071856287425
Q2,1,7600,8000,5,0.014970059880239521
Q2,1,8000,8400,5,0.014970059880239521
Q2,1,8400,8800,14,0.041916167664670656
Q2,1,8800,9200,33,0.09880239520958084
Q2,1,9200,9600,133,0.39820359281437123
Q2,1,9600,10000,31,0.092814371257485026
Q2,1,10000,10400,19,0.056886227544910177
Q2,1,10400,10800,22,0.065868263473053898
Q2,2,1200,1600,0,0
Q2,2,1600,2000,0,0
Q2,2,2000,2400,2,0.0059880239520958087
Q2,2,2400,2800,5,0.014970059880239521
Q2,2,2800,3200,2,0.0059880239520958087
Q2,2,3200,3600,5,0.014970059880239521
Q2,2,3600,4000,9,0.026946107784431138
Q2,2,4000,4400,8,0.023952095808383235
Q2,2,4400,4800,3,0.0089820359281437123
Q2,2,4800,5200,5,0.014970059880239521
Q2,2,5200,5600,3,0.0089820359281437123
Q2,2,5600,6000,7,0.020958083832335328
Q2,2,6000,6400,5,0.014970059880239521
Q2,2,6400,6800,5,0.014970059880239521
Q2,2,6800,7200,3,0.0089820359281437123
Q2,2,7200,7600,5,0.014970059880239521
Q2,2,7600,8000,5,0.014970059880239521
Q2,2,8000,8400,7,0.020958083832335328
Q2,2,8400,8800,7,0.020958083832335328
Q2,2,8800,9200,29,0.086826347305389226
Q2,2,9200,9600,124,0.3712574850299401
Q2,2,9600,10000,51,0.15269461077844312
Q2,2,10000,10400,18,0.053892215568862277
Q2,2,10400,10800,26,0.077844311377245512
Q2,3,1200,1600,0,0
Q2,3,1600,2000,0,0
Q2,3,2000,2400,2,0.0059880239520958087
Q2,3,2400,2800,4,0.011976047904191617
Q2,3,2800,3200,3,0.0089820359281437123
Q2,3,3200,3600,5,0.014970059880239521
Q2,3,3600,4000,9,0.026946107784431138
Q2,3,4000,4400,8,0.023952095808383235
Q2,3,4400,4800,3,0.0089820359281437123
Q2,3,4800,5200,5,0.014970059880239521
Q2,3,5200,5600,1,0.0029940119760479044
Q2,3,5600,6000,6,0.017964071856287425
Q2,3,6000,6400,5,0.014970059880239521
Q2,3,6400,6800,4,0.011976047904191617
Q2,3,6800,7200,5,0.014970059880239521
Q2,3,7200,7600,6,0.017964071856287425
Q2,3,7600,8000,5,0.014970059880239521
Q2,3,8000,8400,4,0.011976047904191617
Q2,3,8400,8800,9,0.026946107784431138
Q2,3,8800,9200,25,0.074850299401197598
Q2,3,9200,9600,115,0.34431137724550898
Q2,3,9600,10000,62,0.18562874251497005
Q2,3,10000,10400,20,0.059880239520958084
Q2,3,10400,10800,28,0.083832335329341312
Q2,4,1200,1600,0,0
Q2,4,1600,2000,0,0
Q2,4,2000,2400,2,0.0059880239520958087
Q2,4,2400,2800,2,0.0059880239520958087
Q2,4,2800,3200,5,0.014970059880239521
Q2,4,3200,3600,4,0.011976047904191617
Q2,4,3600,4000,9,0.026946107784431138
Q2,4,4000,4400,6,0.017964071856287425
Q2,4,4400,4800,4,0.011976047904191617
Q2,4,4800,5200,7,0.020958083832335328
Q2,4,5200,5600,0,0
Q2,4,5600,6000,3,0.0089820359281437123
Q2,4,6000,6400,8,0.023952095808383235
Q2,4,6400,6800,3,0.0089820359281437123
Q2,4,6800,7200,4,0.011976047904191617
Q2,4,7200,7600,6,0.017964071856287425
Q2,4,7600,8000,7,0.020958083832335328
Q2,4,8000,8400,1,0.0029940119760479044
Q2,4,8400,8800,11,0.032934131736526949
Q2,4,8800,9200,20,0.059880239520958084
Q2,4,9200,9600,110,0.32934131736526945
Q2,4,9600,10000,73,0.21856287425149701
Q2,4,10000,10400,17,0.05089820359281437
Q2,4,10400,10800,32,0.09580838323353294
Q2,5,1200,1600,0,0
Q2,5,1600,2000,0,0
Q2,5,2000,2400,2,0.0059880239520958087
Q2,5,2400,2800,2,0.0059880239520958087
Q2,5,2800,3200,4,0.011976047904191617
Q2,5,3200,3600,4,0.011976047904191617
Q2,5,3600,4000,8,0.023952095808383235
Q2,5,4000,4400,6,0.017964071856287425
Q2,5,4400,4800,6,0.017964071856287425
Q2,5,4800,5200,6,0.017964071856287425
Q2,5,5200,5600,1,0.0029940119760479044
Q2,5,5600,6000,3,0.0089820359281437123
Q2,5,6000,6400,5,0.014970059880239521
Q2,5,6400,6800,2,0.0059880239520958087
Q2,5,6800,7200,7,0.020958083832335328
Q2,5,7200,7600,4,0.011976047904191617
Q2,5,7600,8000,9,0.026946107784431138
Q2,5,8000,8400,1,0.0029940119760479044
Q2,5,8400,8800,12,0.035928143712574849
Q2,5,8800,9200,16,0.04790419161676647
Q2,5,9200,9600,102,0.30538922155688625
Q2,5,9600,10000,83,0.24850299401197604
Q2,5,10000,10400,12,0.035928143712574849
Q2,5,10400,10800,39,0.11676646706586827
Q2,6,1200,1600,0,0
Q2,6,1600,2000,0,0
Q2,6,2000,2400,2,0.0059880239520958087
Q2,6,2400,2800,2,0.0059880239520958087
Q2,6,2800,3200,4,0.011976047904191617
Q2,6,3200,3600,3,0.0089820359281437123
Q2,6,3600,4000,9,0.026946107784431138
Q2,6,4000,4400,6,0.017964071856287425
Q2,6,4400,4800,6,0.017964071856287425
Q2,6,4800,5200,5,0.014970059880239521
Q2,6,5200,5600,2,0.0059880239520958087
Q2,6,5600,6000,2,0.0059880239520958087
Q2,6,6000,6400,6,0.017964071856287425
Q2,6,6400,6800,2,0.0059880239520958087
Q2,6,6800,7200,7,0.020958083832335328
Q2,6,7200,7600,2,0.0059880239520958087
Q2,6,7600,8000,8,0.023952095808383235
Q2,6,8000,8400,4,0.011976047904191617
Q2,6,8400,8800,10,0.029940119760479042
Q2,6,8800,9200,12,0.035928143712574849
Q2,6,9200,9600,100,0.29940119760479039
Q2,6,9600,10000,86,0.25748502994011974
Q2,6,10000,10400,16,0.04790419161676647
Q2,6,10400,10800,40,0.11976047904191617
Q2,7,1200,1600,0,0
Q2,7,1600,2000,0,0
Q2,7,2000,2400,1,0.0029940119760479044
Q2,7,2400,2800,3,0.0089820359281437123
Q2,7,2800,3200,4,0.011976047904191617
Q2,7,3200,3600,3,0.0089820359281437123
Q2,7,3600,4000,7,0.020958083832335328
Q2,7,4000,4400,8,0.023952095808383235
Q2,7,4400,4800,5,0.014970059880239521
Q2,7,4800,5200,6,0.017964071856287425
Q2,7,5200,5600,2,0.0059880239520958087
Q2,7,5600,6000,2,0.0059880239520958087
Q2,7,6000,6400,5,0.014970059880239521
Q2,7,6400,6800,3,0.0089820359281437123
Q2,7,6800,7200,6,0.017964071856287425
Q2,7,7200,7600,2,0.0059880239520958087
Q2,7,7600,8000,7,0.020958083832335328
Q2,7,8000,8400,6,0.017964071856287425
Q2,7,8400,8800,8,0.023952095808383235
Q2,7,8800,9200,13,0.038922155688622756
Q2,7,9200,9600,82,0.24550898203592814
Q2,7,9600,10000,103,0.30838323353293412
Q2,7,10000,10400,18,0.053892215568862277
Q2,7,10400,10800,40,0.11976047904191617
Q2,8,1200,1600,0,0
Q2,8,1600,2000,0,0
Q2,8,2000,2400,1,0.0029940119760479044
Q2,8,2400,2800,3,0.0089820359281437123
Q2,8,2800,3200,4,0.011976047904191617
Q2,8,3200,3600,2,0.0059880239520958087
Q2,8,3600,4000,8,0.023952095808383235
Q2,8,4000,4400,8,0.023952095808383235
Q2,8,4400,4800,5,0.014970059880239521
Q2,8,4800,5200,4,0.011976047904191617
Q2,8,5200,5600,3,0.0089820359281437123
Q2,8,5600,6000,3,0.0089820359281437123
Q2,8,6000,6400,4,0.011976047904191617
Q2,8,6400,6800,2,0.0059880239520958087
Q2,8,6800,7200,4,0.011976047904191617
Q2,8,7200,7600,3,0.0089820359281437123
Q2,8,7600,8000,8,0.023952095808383235
Q2,8,8000,8400,8,0.023952095808383235
Q2,8,8400,8800,6,0.017964071856287425
Q2,8,8800,9200,14,0.041916167664670656
Q2,8,9200,9600,71,0.21257485029940121
Q2,8,9600,10000,108,0.32335329341317365
Q2,8,10000,10400,21,0.062874251497005984
Q2,8,10400,10800,44,0.1317365269461078
Q2,9,1200,1600,0,0
Q2,9,1600,2000,0,0
Q2,9,2000,2400,1,0.0029940119760479044
Q2,9,2400,2800,2,0.0059880239520958087
Q2,9,2800,3200,5,0.014970059880239521
Q2,9,3200,3600,2,0.0059880239520958087
Q2,9,3600,4000,8,0.023952095808383235
Q2,9,4000,4400,7,0.020958083832335328
Q2,9,4400,4800,5,0.014970059880239521
Q2,9,4800,5200,5,0.014970059880239521
Q2,9,5200,5600,2,0.0059880239520958087
Q2,9,5600,6000,2,0.0059880239520958087
Q2,9,6000,6400,5,0.014970059880239521
Q2,9,6400,6800,3,0.0089820359281437123
Q2,9,6800,7200,4,0.011976047904191617
Q2,9,7200,7600,3,0.0089820359281437123
Q2,9,7600,8000,4,0.011976047904191617
Q2,9,8000,8400,11,0.032934131736526949
Q2,9,8400,8800,5,0.014970059880239521
Q2,9,8800,9200,13,0.038922155688622756
Q2,9,9200,9600,64,0.19161676646706588
Q2,9,9600,10000,112,0.33532934131736525
Q2,9,10000,10400,26,0.077844311377245512
Q2,9,10400,10800,45,0.1347305389221557
Q2,10,1200,1600,0,0
Q2,10,1600,2000,0,0
Q2,10,2000,2400,1,0.0029940119760479044
Q2,10,2400,2800,1,0.0029940119760479044
Q2,10,2800,3200,6,0.017964071856287425
Q2,10,3200,3600,2,0.0059880239520958087
Q2,10,3600,4000,6,0.017964071856287425
Q2,10,4000,4400,9,0.026946107784431138
Q2,10,4400,4800,5,0.014970059880239521
Q2,10,4800,5200,5,0.014970059880239521
Q2,10,5200,5600,2,0.0059880239520958087
Q2,10,5600,6000,1,0.0029940119760479044
Q2,10,6000,6400,5,0.014970059880239521
Q2,10,6400,6800,4,0.011976047904191617
Q2,10,6800,7200,2,0.0059880239520958087
Q2,10,7200,7600,5,0.014970059880239521
Q2,10,7600,8000,3,0.0089820359281437123
Q2,10,8000,8400,9,0.026946107784431138
Q2,10,8400,8800,8,0.023952095808383235
Q2,10,8800,9200,11,0.032934131736526949
Q2,10,9200,9600,60,0.17964071856287425
Q2,10,9600,10000,112,0.33532934131736525
Q2,10,10000,10400,31,0.092814371257485026
Q2,10,10400,10800,46,0.1377245508982036
Q2,11,1200,1600,0,0
Q2,11,1600,2000,0,0
Q2,11,2000,2400,1,0.0029940119760479044
Q2,11,2400,2800,1,0.0029940119760479044
Q2,11,2800,3200,6,0.017964071856287425
Q2,11,3200,3600,2,0.0059880239520958087
Q2,11,3600,4000,5,0.014970059880239521
Q2,11,4000,4400,8,0.023952095808383235
Q2,11,4400,4800,7,0.020958083832335328
Q2,11,4800,5200,5,0.014970059880239521
Q2,11,5200,5600,2,0.0059880239520958087
Q2,11,5600,6000,1,0.0029940119760479044
Q2,11,6000,6400,5,0.014970059880239521
Q2,11,6400,6800,3,0.0089820359281437123
Q2,11,6800,7200,3,0.0089820359281437123
Q2,11,7200,7600,2,0.0059880239520958087
Q2,11,7600,8000,4,0.011976047904191617
Q2,11,8000,8400,9,0.026946107784431138
Q2,11,8400,8800,9,0.026946107784431138
Q2,11,8800,9200,9,0.026946107784431138
Q2,11,9200,9600,53,0.15868263473053892
Q2,11,9600,10000,110,0.32934131736526945
Q2,11,10000,10400,42,0.12574850299401197
Q2,11,10400,10800,47,0.1407185628742515
Q2,12,1200,1600,0,0
Q2,12,1600,2000,0,0
Q2,12,2000,2400,1,0.0029940119760479044
Q2,12,2400,2800,1,0.0029940119760479044
Q2,12,2800,3200,4,0.011976047904191617
Q2,12,3200,3600,3,0.0089820359281437123
Q2,12,3600,4000,6,0.017964071856287425
Q2,12,4000,4400,5,0.014970059880239521
Q2,12,4400,4800,9,0.026946107784431138
Q2,12,4800,5200,6,0.017964071856287425
Q2,12,5200,5600,2,0.0059880239520958087
Q2,12,5600,6000,1,0.0029940119760479044
Q2,12,6000,6400,5,0.014970059880239521
Q2,12,6400,6800,3,0.0089820359281437123
Q2,12,6800,7200,2,0.0059880239520958087
Q2,12,7200,7600,3,0.0089820359281437123
Q2,12,7600,8000,4,0.011976047904191617
Q2,12,8000,8400,7,0.020958083832335328
Q2,12,8400,8800,11,0.032934131736526949
Q2,12,8800,9200,9,0.026946107784431138
Q2,12,9200,9600,45,0.1347305389221557
Q2,12,9600,10000,114,0.3413173652694611
Q2,12,10000,10400,45,0.1347305389221557
Q2,12,10400,10800,48,0.1437125748502994
Q2,13,1200,1600,0,0
Q2,13,1600,2000,0,0
Q2,13,2000,2400,1,0.0029940119760479044
Q2,13,2400,2800,1,0.0029940119760479044
Q2,13,2800,3200,4,0.011976047904191617
Q2,13,3200,3600,3,0.0089820359281437123
Q2,13,3600,4000,5,0.014970059880239521
Q2,13,4000,4400,6,0.017964071856287425
Q2,13,4400,4800,9,0.026946107784431138
Q2,13,4800,5200,6,0.017964071856287425
Q2,13,5200,5600,2,0.0059880239520958087
Q2,13,5600,6000,0,0
Q2,13,6000,6400,5,0.014970059880239521
Q2,13,6400,6800,4,0.011976047904191617
Q2,13,6800,7200,2,0.0059880239520958087
Q2,13,7200,7600,2,0.0059880239520958087
Q2,13,7600,8000,2,0.0059880239520958087
Q2,13,8000,8400,8,0.023952095808383235
Q2,13,8400,8800,11,0.032934131736526949
Q2,13,8800,9200,8,0.023952095808383235
Q2,13,9200,9600,42,0.12574850299401197
Q2,13,9600,10000,113,0.33832335329341318
Q2,13,10000,10400,49,0.1467065868263473
Q2,13,10400,10800,51,0.15269461077844312
Q2,14,1200,1600,0,0
Q2,14,1600,2000,0,0
Q2,14,2000,2400,1,0.0029940119760479044
Q2,14,2400,2800,0,0
Q2,14,2800,3200,4,0.011976047904191617
Q2,14,3200,3600,4,0.011976047904191617
Q2,14,3600,4000,5,0.014970059880239521
Q2,14,4000,4400,6,0.017964071856287425
Q2,14,4400,4800,7,0.020958083832335328
Q2,14,4800,5200,8,0.023952095808383235
Q2,14,5200,5600,2,0.0059880239520958087
Q2,14,5600,6000,0,0
Q2,14,6000,6400,3,0.0089820359281437123
Q2,14,6400,6800,6,0.017964071856287425
Q2,14,6800,7200,2,0.0059880239520958087
Q2,14,7200,7600,2,0.0059880239520958087
Q2,14,7600,8000,1,0.0029940119760479044
Q2,14,8000,8400,9,0.026946107784431138
Q2,14,8400,8800,12,0.035928143712574849
Q2,14,8800,9200,7,0.020958083832335328
Q2,14,9200,9600,34,0.10179640718562874
Q2,14,9600,10000,114,0.3413173652694611
Q2,14,10000,10400,52,0.15568862275449102
Q2,14,10400,10800,55,0.16467065868263472
Q2,15,1200,1600,0,0
Q2,15,1600,2000,0,0
Q2,15,2000,2400,1,0.0029940119760479044
Q2,15,2400,2800,0,0
Q2,15,2800,3200,4,0.011976047904191617
Q2,15,3200,3600,4,0.011976047904191617
Q2,15,3600,4000,5,0.014970059880239521
Q2,15,4000,4400,7,0.020958083832335328
Q2,15,4400,4800,6,0.017964071856287425
Q2,15,4800,5200,8,0.023952095808383235
Q2,15,5200,5600,1,0.0029940119760479044
Q2,15,5600,6000,1,0.0029940119760479044
Q2,15,6000,6400,1,0.0029940119760479044
Q2,15,6400,6800,7,0.020958083832335328
Q2,15,6800,7200,2,0.0059880239520958087
Q2,15,7200,7600,2,0.0059880239520958087
Q2,15,7600,8000,2,0.0059880239520958087
Q2,15,8000,8400,9,0.026946107784431138
Q2,15,8400,8800,10,0.029940119760479042
Q2,15,8800,9200,8,0.023952095808383235
Q2,15,9200,9600,28,0.083832335329341312
Q2,15,9600,10000,115,0.34431137724550898
Q2,15,10000,10400,55,0.16467065868263472
Q2,15,10400,10800,58,0.17365269461077845
Q2,16,1200,1600,0,0
Q2,16,1600,2000,0,0
Q2,16,2000,2400,1,0.0029940119760479044
Q2,16,2400,2800,0,0
Q2,16,2800,3200,2,0.0059880239520958087
Q2,16,3200,3600,6,0.017964071856287425
Q2,16,3600,4000,4,0.011976047904191617
Q2,16,4000,4400,6,0.017964071856287425
Q2,16,4400,4800,7,0.020958083832335328
Q2,16,4800,5200,9,0.026946107784431138
Q2,16,5200,5600,1,0.0029940119760479044
Q2,16,5600,6000,1,0.0029940119760479044
Q2,16,6000,6400,1,0.0029940119760479044
Q2,16,6400,6800,6,0.017964071856287425
Q2,16,6800,7200,3,0.0089820359281437123
Q2,16,7200,7600,2,0.0059880239520958087
Q2,16,7600,8000,1,0.0029940119760479044
Q2,16,8000,8400,7,0.020958083832335328
Q2,16,8400,8800,12,0.035928143712574849
Q2,16,8800,9200,8,0.023952095808383235
Q2,16,9200,9600,29,0.086826347305389226
Q2,16,9600,10000,104,0.31137724550898205
Q2,16,10000,10400,65,0.19461077844311378
Q2,16,10400,10800,59,0.17664670658682635
Q2,17,1200,1600,0,0
Q2,17,1600,2000,0,0
Q2,17,2000,2400,1,0.0029940119760479044
Q2,17,2400,2800,0,0
Q2,17,2800,3200,2,0.0059880239520958087
Q2,17,3200,3600,5,0.014970059880239521
Q2,17,3600,4000,4,0.011976047904191617
Q2,17,4000,4400,6,0.017964071856287425
Q2,17,4400,4800,6,0.017964071856287425
Q2,17,4800,5200,11,0.032934131736526949
Q2,17,5200,5600,1,0.0029940119760479044
Q2,17,5600,6000,1,0.0029940119760479044
Q2,17,6000,6400,1,0.0029940119760479044
Q2,17,6400,6800,6,0.017964071856287425
Q2,17,6800,7200,3,0.0089820359281437123
Q2,17,7200,7600,2,0.0059880239520958087
Q2,17,7600,8000,1,0.0029940119760479044
Q2,17,8000,8400,4,0.011976047904191617
Q2,17,8400,8800,13,0.038922155688622756
Q2,17,8800,9200,8,0.023952095808383235
Q2,17,9200,9600,29,0.086826347305389226
Q2,17,9600,10000,96,0.28742514970059879
Q2,17,10000,10400,69,0.20658682634730538
Q2,17,10400,10800,65,0.19461077844311378
Q2,18,1200,1600,0,0
Q2,18,1600,2000,0,0
Q2,18,2000,2400,1,0.0029940119760479044
Q2,18,2400,2800,0,0
Q2,18,2800,3200,2,0.0059880239520958087
Q2,18,3200,3600,4,0.011976047904191617
Q2,18,3600,4000,4,0.011976047904191617
Q2,18,4000,4400,6,0.017964071856287425
Q2,18,4400,4800,6,0.017964071856287425
Q2,18,4800,5200,12,0.035928143712574849
Q2,18,5200,5600,1,0.0029940119760479044
Q2,18,5600,6000,1,0.0029940119760479044
Q2,18,6000,6400,1,0.0029940119760479044
Q2,18,6400,6800,6,0.017964071856287425
Q2,18,6800,7200,3,0.0089820359281437123
Q2,18,7200,7600,1,0.0029940119760479044
Q2,18,7600,8000,1,0.0029940119760479044
Q2,18,8000,8400,5,0.014970059880239521
Q2,18,8400,8800,9,0.026946107784431138
Q2,18,8800,9200,12,0.035928143712574849
Q2,18,9200,9600,29,0.086826347305389226
Q2,18,9600,10000,88,0.26347305389221559
Q2,18,10000,10400,69,0.20658682634730538
Q2,18,10400,10800,73,0.21856287425149701
Q2,19,1200,1600,0,0
Q2,19,1600,2000,0,0
Q2,19,2000,2400,1,0.0029940119760479044
Q2,19,2400,2800,0,0
Q2,19,2800,3200,2,0.0059880239520958087
Q2,19,3200,3600,4,0.011976047904191617
Q2,19,3600,4000,4,0.011976047904191617
Q2,19,4000,4400,6,0.017964071856287425
Q2,19,4400,4800,5,0.014970059880239521
Q2,19,4800,5200,12,0.035928143712574849
Q2,19,5200,5600,2,0.0059880239520958087
Q2,19,5600,6000,0,0
Q2,19,6000,6400,2,0.0059880239520958087
Q2,19,6400,6800,5,0.014970059880239521
Q2,19,6800,7200,3,0.0089820359281437123
Q2,19,7200,7600,2,0.0059880239520958087
Q2,19,7600,8000,1,0.0029940119760479044
Q2,19,8000,8400,4,0.011976047904191617
Q2,19,8400,8800,8,0.023952095808383235
Q2,19,8800,9200,14,0.041916167664670656
Q2,19,9200,9600,27,0.080838323353293412
Q2,19,9600,10000,86,0.25748502994011974
Q2,19,10000,10400,69,0.20658682634730538
Q2,19,10400,10800,77,0.23053892215568864
Q2,20,1200,1600,0,0
Q2,20,1600,2000,0,0
Q2,20,2000,2400,1,0.0029940119760479044
Q2,20,2400,2800,0,0
Q2,20,2800,3200,2,0.0059880239520958087
Q2,20,3200,3600,3,0.0089820359281437123
Q2,20,3600,4000,4,0.011976047904191617
Q2,20,4000,4400,7,0.020958083832335328
Q2,20,4400,4800,5,0.014970059880239521
Q2,20,4800,5200,8,0.023952095808383235
Q2,20,5200,5600,6,0.017964071856287425
Q2,20,5600,6000,0,0
Q2,20,6000,6400,2,0.0059880239520958087
Q2,20,6400,6800,5,0.014970059880239521
Q2,20,6800,7200,3,0.0089820359281437123
Q2,20,7200,7600,1,0.0029940119760479044
Q2,20,7600,8000,2,0.0059880239520958087
Q2,20,8000,8400,4,0.011976047904191617
Q2,20,8400,8800,8,0.023952095808383235
Q2,20,8800,9200,14,0.041916167664670656
Q2,20,9200,9600,23,0.068862275449101798
Q2,20,9600,10000,82,0.24550898203592814
Q2,20,10000,10400,73,0.21856287425149701
Q2,20,10400,10800,81,0.24251497005988024
Q2,21,1200,1600,0,0
Q2,21,1600,2000,0,0
Q2,21,2000,2400,1,0.0029940119760479044
Q2,21,2400,2800,0,0
Q2,21,2800,3200,2,0.0059880239520958087
Q2,21,3200,3600,3,0.0089820359281437123
Q2,21,3600,4000,4,0.011976047904191617
Q2,21,4000,4400,6,0.017964071856287425
Q2,21,4400,4800,6,0.017964071856287425
Q2,21,4800,5200,7,0.020958083832335328
Q2,21,5200,5600,7,0.020958083832335328
Q2,21,5600,6000,0,0
Q2,21,6000,6400,2,0.0059880239520958087
Q2,21,6400,6800,4,0.011976047904191617
Q2,21,6800,7200,3,0.0089820359281437123
Q2,21,7200,7600,2,0.0059880239520958087
Q2,21,7600,8000,2,0.0059880239520958087
Q2,21,8000,8400,4,0.011976047904191617
Q2,21,8400,8800,6,0.017964071856287425
Q2,21,8800,9200,16,0.04790419161676647
Q2,21,9200,9600,20,0.059880239520958084
Q2,21,9600,10000,76,0.22754491017964071
Q2,21,10000,10400,79,0.23652694610778444
Q2,21,10400,10800,84,0.25149700598802394
Q2,22,1200,1600,0,0
Q2,22,1600,2000,0,0
Q2,22,2000,2400,1,0.0029940119760479044
Q2,22,2400,2800,0,0
Q2,22,2800,3200,1,0.0029940119760479044
Q2,22,3200,3600,4,0.011976047904191617
Q2,22,3600,4000,3,0.0089820359281437123
Q2,22,4000,4400,6,0.017964071856287425
Q2,22,4400,4800,7,0.020958083832335328
Q2,22,4800,5200,7,0.020958083832335328
Q2,22,5200,5600,6,0.017964071856287425
Q2,22,5600,6000,1,0.0029940119760479044
Q2,22,6000,6400,2,0.0059880239520958087
Q2,22,6400,6800,3,0.0089820359281437123
Q2,22,6800,7200,4,0.011976047904191617
Q2,22,7200,7600,2,0.0059880239520958087
Q2,22,7600,8000,3,0.0089820359281437123
Q2,22,8000,8400,3,0.0089820359281437123
Q2,22,8400,8800,4,0.011976047904191617
Q2,22,8800,9200,16,0.04790419161676647
Q2,22,9200,9600,21,0.062874251497005984
Q2,22,9600,10000,71,0.21257485029940121
Q2,22,10000,10400,85,0.25449101796407186
Q2,22,10400,10800,84,0.25149700598802394
Q2,23,1200,1600,0,0
Q2,23,1600,2000,0,0
Q2,23,2000,2400,1,0.0029940119760479044
Q2,23,2400,2800,0,0
Q2,23,2800,3200,0,0
Q2,23,3200,3600,4,0.011976047904191617
Q2,23,3600,4000,4,0.011976047904191617
Q2,23,4000,4400,6,0.017964071856287425
Q2,23,4400,4800,7,0.020958083832335328
Q2,23,4800,5200,6,0.017964071856287425
Q2,23,5200,5600,7,0.020958083832335328
Q2,23,5600,6000,1,0.0029940119760479044
Q2,23,6000,6400,2,0.0059880239520958087
Q2,23,6400,6800,3,0.0089820359281437123
Q2,23,6800,7200,4,0.011976047904191617
Q2,23,7200,7600,2,0.0059880239520958087
Q2,23,7600,8000,3,0.0089820359281437123
Q2,23,8000,8400,2,0.0059880239520958087
Q2,23,8400,8800,5,0.014970059880239521
Q2,23,8800,9200,16,0.04790419161676647
Q2,23,9200,9600,18,0.053892215568862277
Q2,23,9600,10000,74,0.22155688622754491
Q2,23,10000,10400,80,0.23952095808383234
Q2,23,10400,10800,89,0.26646706586826346
Q2,24,1200,1600,0,0
Q2,24,1600,2000,0,0
Q2,24,2000,2400,1,0.0029940119760479044
Q2,24,2400,2800,0,0
Q2,24,2800,3200,0,0
Q2,24,3200,3600,4,0.011976047904191617
Q2,24,3600,4000,4,0.011976047904191617
Q2,24,4000,4400,6,0.017964071856287425
Q2,24,4400,4800,6,0.017964071856287425
Q2,24,4800,5200,7,0.020958083832335328
Q2,24,5200,5600,7,0.020958083832335328
Q2,24,5600,6000,1,0.0029940119760479044
Q2,24,6000,6400,2,0.0059880239520958087
Q2,24,6400,6800,3,0.0089820359281437123
Q2,24,6800,7200,4,0.011976047904191617
Q2,24,7200,7600,2,0.0059880239520958087
Q2,24,7600,8000,1,0.0029940119760479044
Q2,24,8000,8400,4,0.011976047904191617
Q2,24,8400,8800,7,0.020958083832335328
Q2,24,8800,9200,14,0.041916167664670656
Q2,24,9200,9600,17,0.05089820359281437
Q2,24,9600,10000,70,0.20958083832335328
Q2,24,10000,10400,83,0.24850299401197604
Q2,24,10400,10800,91,0.27245508982035926
Q2,25,1200,1600,0,0
Q2,25,1600,2000,0,0
Q2,25,2000,2400,1,0.0029940119760479044
Q2,25,2400,2800,0,0
Q2,25,2800,3200,0,0
Q2,25,3200,3600,4,0.011976047904191617
Q2,25,3600,4000,4,0.011976047904191617
Q2,25,4000,4400,5,0.014970059880239521
Q2,25,4400,4800,8,0.023952095808383235
Q2,25,4800,5200,5,0.014970059880239521
Q2,25,5200,5600,8,0.023952095808383235
Q2,25,5600,6000,1,0.0029940119760479044
Q2,25,6000,6400,2,0.0059880239520958087
Q2,25,6400,6800,3,0.0089820359281437123
Q2,25,6800,7200,4,0.011976047904191617
Q2,25,7200,7600,1,0.0029940119760479044
Q2,25,7600,8000,2,0.0059880239520958087
Q2,25,8000,8400,4,0.011976047904191617
Q2,25,8400,8800,7,0.020958083832335328
Q2,25,8800,9200,14,0.041916167664670656
Q2,25,9200,9600,17,0.05089820359281437
Q2,25,9600,10000,62,0.18562874251497005
Q2,25,10000,10400,86,0.25748502994011974
Q2,25,10400,10800,96,0.28742514970059879
Q2,26,1200,1600,0,0
Q2,26,1600,2000,0,0
Q2,26,2000,2400,1,0.0029940119760479044
Q2,26,2400,2800,0,0
Q2,26,2800,3200,0,0
Q2,26,3200,3600,3,0.0089820359281437123
Q2,26,3600,4000,5,0.014970059880239521
Q2,26,4000,4400,4,0.011976047904191617
Q2,26,4400,4800,8,0.023952095808383235
Q2,26,4800,5200,5,0.014970059880239521
Q2,26,5200,5600,9,0.026946107784431138
Q2,26,5600,6000,1,0.0029940119760479044
Q2,26,6000,6400,1,0.0029940119760479044
Q2,26,6400,6800,2,0.0059880239520958087
Q2,26,6800,7200,6,0.017964071856287425
Q2,26,7200,7600,2,0.0059880239520958087
Q2,26,7600,8000,1,0.0029940119760479044
Q2,26,8000,8400,4,0.011976047904191617
Q2,26,8400,8800,7,0.020958083832335328
Q2,26,8800,9200,13,0.038922155688622756
Q2,26,9200,9600,16,0.04790419161676647
Q2,26,9600,10000,57,0.17065868263473055
Q2,26,10000,10400,92,0.27544910179640719
Q2,26,10400,10800,97,0.29041916167664672
Q2,27,1200,1600,0,0
Q2,27,1600,2000,0,0
Q2,27,2000,2400,1,0.0029940119760479044
Q2,27,2400,2800,0,0
Q2,27,2800,3200,0,0
Q2,27,3200,3600,3,0.0089820359281437123
Q2,27,3600,4000,4,0.011976047904191617
Q2,27,4000,4400,5,0.014970059880239521
Q2,27,4400,4800,7,0.020958083832335328
Q2,27,4800,5200,6,0.017964071856287425
Q2,27,5200,5600,8,0.023952095808383235
Q2,27,5600,6000,2,0.0059880239520958087
Q2,27,6000,6400,1,0.0029940119760479044
Q2,27,6400,6800,2,0.0059880239520958087
Q2,27,6800,7200,6,0.017964071856287425
Q2,27,7200,7600,1,0.0029940119760479044
Q2,27,7600,8000,2,0.0059880239520958087
Q2,27,8000,8400,3,0.0089820359281437123
Q2,27,8400,8800,11,0.032934131736526949
Q2,27,8800,9200,10,0.029940119760479042
Q2,27,9200,9600,17,0.05089820359281437
Q2,27,9600,10000,53,0.15868263473053892
Q2,27,10000,10400,94,0.28143712574850299
Q2,27,10400,10800,98,0.29341317365269459
Q2,28,1200,1600,0,0
Q2,28,1600,2000,0,0
Q2,28,2000,2400,1,0.0029940119760479044
Q2,28,2400,2800,0,0
Q2,28,2800,3200,0,0
Q2,28,3200,3600,2,0.0059880239520958087
Q2,28,3600,4000,5,0.014970059880239521
Q2,28,4000,4400,4,0.011976047904191617
Q2,28,4400,4800,6,0.017964071856287425
Q2,28,4800,5200,7,0.020958083832335328
Q2,28,5200,5600,9,0.026946107784431138
Q2,28,5600,6000,2,0.0059880239520958087
Q2,28,6000,6400,1,0.0029940119760479044
Q2,28,6400,6800,1,0.0029940119760479044
Q2,28,6800,7200,6,0.017964071856287425
Q2,28,7200,7600,2,0.0059880239520958087
Q2,28,7600,8000,3,0.0089820359281437123
Q2,28,8000,8400,5,0.014970059880239521
Q2,28,8400,8800,9,0.026946107784431138
Q2,28,8800,9200,10,0.029940119760479042
Q2,28,9200,9600,15,0.044910179640718563
Q2,28,9600,10000,55,0.16467065868263472
Q2,28,10000,10400,89,0.26646706586826346
Q2,28,10400,10800,102,0.30538922155688625
Q2,29,1200,1600,0,0
Q2,29,1600,2000,0,0
Q2,29,2000,2400,1,0.0029940119760479044
Q2,29,2400,2800,0,0
Q2,29,2800,3200,0,0
Q2,29,3200,3600,2,0.0059880239520958087
Q2,29,3600,4000,5,0.014970059880239521
Q2,29,4000,4400,3,0.0089820359281437123
Q2,29,4400,4800,7,0.020958083832335328
Q2,29,4800,5200,6,0.017964071856287425
Q2,29,5200,5600,9,0.026946107784431138
Q2,29,5600,6000,3,0.0089820359281437123
Q2,29,6000,6400,0,0
Q2,29,6400,6800,2,0.0059880239520958087
Q2,29,6800,7200,6,0.017964071856287425
Q2,29,7200,7600,3,0.0089820359281437123
Q2,29,7600,8000,5,0.014970059880239521
Q2,29,8000,8400,2,0.0059880239520958087
Q2,29,8400,8800,9,0.026946107784431138
Q2,29,8800,9200,9,0.026946107784431138
Q2,29,9200,9600,17,0.05089820359281437
Q2,29,9600,10000,53,0.15868263473053892
Q2,29,10000,10400,86,0.25748502994011974
Q2,29,10400,10800,106,0.31736526946107785
Q2,30,1200,1600,0,0
Q2,30,1600,2000,0,0
Q2,30,2000,2400,0,0
Q2,30,2400,2800,1,0.0029940119760479044
Q2,30,2800,3200,0,0
Q2,30,3200,3600,2,0.0059880239520958087
Q2,30,3600,4000,5,0.014970059880239521
Q2,30,4000,4400,3,0.0089820359281437123
Q2,30,4400,4800,5,0.014970059880239521
Q2,30,4800,5200,7,0.020958083832335328
Q2,30,5200,5600,9,0.026946107784431138
Q2,30,5600,6000,3,0.0089820359281437123
Q2,30,6000,6400,0,0
Q2,30,6400,6800,3,0.0089820359281437123
Q2,30,6800,7200,7,0.020958083832335328
Q2,30,7200,7600,2,0.0059880239520958087
Q2,30,7600,8000,5,0.014970059880239521
Q2,30,8000,8400,2,0.0059880239520958087
Q2,30,8400,8800,9,0.026946107784431138
Q2,30,8800,9200,8,0.023952095808383235
Q2,30,9200,9600,16,0.04790419161676647
Q2,30,9600,10000,51,0.15269461077844312
Q2,30,10000,10400,87,0.26047904191616766
Q2,30,10400,10800,109,0.32634730538922158
Q2,31,1200,1600,0,0
Q2,31,1600,2000,0,0
Q2,31,2000,2400,0,0
Q2,31,2400,2800,1,0.0029940119760479044
Q2,31,2800,3200,0,0
Q2,31,3200,3600,2,0.0059880239520958087
Q2,31,3600,4000,5,0.014970059880239521
Q2,31,4000,4400,3,0.0089820359281437123
Q2,31,4400,4800,7,0.020958083832335328
Q2,31,4800,5200,7,0.020958083832335328
Q2,31,5200,5600,6,0.017964071856287425
Q2,31,5600,6000,4,0.011976047904191617
Q2,31,6000,6400,0,0
Q2,31,6400,6800,3,0.0089820359281437123
Q2,31,6800,7200,8,0.023952095808383235
Q2,31,7200,7600,3,0.0089820359281437123
Q2,31,7600,8000,4,0.011976047904191617
Q2,31,8000,8400,1,0.0029940119760479044
Q2,31,8400,8800,9,0.026946107784431138
Q2,31,8800,9200,9,0.026946107784431138
Q2,31,9200,9600,16,0.04790419161676647
Q2,31,9600,10000,44,0.1317365269461078
Q2,31,10000,10400,84,0.25149700598802394
Q2,31,10400,10800,118,0.3532934131736527
Q2,32,1200,1600,0,0
Q2,32,1600,2000,0,0
Q2,32,2000,2400,0,0
Q2,32,2400,2800,1,0.0029940119760479044
Q2,32,2800,3200,0,0
Q2,32,3200,3600,2,0.0059880239520958087
Q2,32,3600,4000,3,0.0089820359281437123
Q2,32,4000,4400,5,0.014970059880239521
Q2,32,4400,4800,5,0.014970059880239521
Q2,32,4800,5200,5,0.014970059880239521
Q2,32,5200,5600,7,0.020958083832335328
Q2,32,5600,6000,4,0.011976047904191617
Q2,32,6000,6400,2,0.0059880239520958087
Q2,32,6400,6800,3,0.0089820359281437123
Q2,32,6800,7200,6,0.017964071856287425
Q2,32,7200,7600,6,0.017964071856287425
Q2,32,7600,8000,3,0.0089820359281437123
Q2,32,8000,8400,2,0.0059880239520958087
Q2,32,8400,8800,7,0.020958083832335328
Q2,32,8800,9200,9,0.026946107784431138
Q2,32,9200,9600,16,0.04790419161676647
Q2,32,9600,10000,39,0.11676646706586827
Q2,32,10000,10400,88,0.26347305389221559
Q2,32,10400,10800,121,0.36227544910179643
Q2,33,1200,1600,0,0
Q2,33,1600,2000,0,0
Q2,33,2000,2400,0,0
Q2,33,2400,2800,0,0
Q2,33,2800,3200,1,0.0029940119760479044
Q2,33,3200,3600,0,0
Q2,33,3600,4000,1,0.0029940119760479044
Q2,33,4000,4400,2,0.0059880239520958087
Q2,33,4400,4800,7,0.020958083832335328
Q2,33,4800,5200,4,0.011976047904191617
Q2,33,5200,5600,4,0.011976047904191617
Q2,33,5600,6000,3,0.0089820359281437123
Q2,33,6000,6400,8,0.023952095808383235
Q2,33,6400,6800,2,0.0059880239520958087
Q2,33,6800,7200,2,0.0059880239520958087
Q2,33,7200,7600,4,0.011976047904191617
Q2,33,7600,8000,13,0.038922155688622756
Q2,33,8000,8400,1,0.0029940119760479044
Q2,33,8400,8800,0,0
Q2,33,8800,9200,3,0.0089820359281437123
Q2,33,9200,9600,10,0.029940119760479042
Q2,33,9600,10000,11,0.032934131736526949
Q2,33,10000,10400,17,0.05089820359281437
Q2,33,10400,10800,241,0.72155688622754488
Q2,34,1200,1600,0,0
Q2,34,1600,2000,0,0
Q2,34,2000,2400,0,0
Q2,34,2400,2800,0,0
Q2,34,2800,3200,1,0.0029940119760479044
Q2,34,3200,3600,0,0
Q2,34,3600,4000,3,0.0089820359281437123
Q2,34,4000,4400,5,0.014970059880239521
Q2,34,4400,4800,5,0.014970059880239521
Q2,34,4800,5200,5,0.014970059880239521
Q2,34,5200,5600,3,0.0089820359281437123
Q2,34,5600,6000,7,0.020958083832335328
Q2,34,6000,6400,4,0.011976047904191617
Q2,34,6400,6800,2,0.0059880239520958087
Q2,34,6800,7200,4,0.011976047904191617
Q2,34,7200,7600,9,0.026946107784431138
Q2,34,7600,8000,4,0.011976047904191617
Q2,34,8000,8400,1,0.0029940119760479044
Q2,34,8400,8800,3,0.0089820359281437123
Q2,34,8800,9200,7,0.020958083832335328
Q2,34,9200,9600,10,0.029940119760479042
Q2,34,9600,10000,13,0.038922155688622756
Q2,34,10000,10400,18,0.053892215568862277
Q2,34,10400,10800,230,0.68862275449101795
Q2,35,1200,1600,0,0
Q2,35,1600,2000,0,0
Q2,35,2000,2400,0,0
Q2,35,2400,2800,0,0
Q2,35,2800,3200,1,0.0029940119760479044
Q2,35,3200,3600,1,0.0029940119760479044
Q2,35,3600,4000,6,0.017964071856287425
Q2,35,4000,4400,5,0.014970059880239521
Q2,35,4400,4800,5,0.014970059880239521
Q2,35,4800,5200,6,0.017964071856287425
Q2,35,5200,5600,7,0.020958083832335328
Q2,35,5600,6000,2,0.0059880239520958087
Q2,35,6000,6400,2,0.0059880239520958087
Q2,35,6400,6800,6,0.017964071856287425
Q2,35,6800,7200,7,0.020958083832335328
Q2,35,7200,7600,4,0.011976047904191617
Q2,35,7600,8000,2,0.0059880239520958087
Q2,35,8000,8400,2,0.0059880239520958087
Q2,35,8400,8800,11,0.032934131736526949
Q2,35,8800,9200,11,0.032934131736526949
Q2,35,9200,9600,17,0.05089820359281437
Q2,35,9600,10000,101,0.30239520958083832
Q2,35,10000,10400,99,0.29640718562874252
Q2,35,10400,10800,39,0.11676646706586827
Q2,36,1200,1600,0,0
Q2,36,1600,2000,0,0
Q2,36,2000,2400,0,0
Q2,36,2400,2800,0,0
Q2,36,2800,3200,2,0.0059880239520958087
Q2,36,3200,3600,2,0.0059880239520958087
Q2,36,3600,4000,8,0.023952095808383235
Q2,36,4000,4400,4,0.011976047904191617
Q2,36,4400,4800,9,0.026946107784431138
Q2,36,4800,5200,6,0.017964071856287425
Q2,36,5200,5600,2,0.0059880239520958087
Q2,36,5600,6000,2,0.0059880239520958087
Q2,36,6000,6400,6,0.017964071856287425
Q2,36,6400,6800,6,0.017964071856287425
Q2,36,6800,7200,3,0.0089820359281437123
Q2,36,7200,7600,6,0.017964071856287425
Q2,36,7600,8000,2,0.0059880239520958087
Q2,36,8000,8400,11,0.032934131736526949
Q2,36,8400,8800,24,0.071856287425149698
Q2,36,8800,9200,82,0.24550898203592814
Q2,36,9200,9600,94,0.28143712574850299
Q2,36,9600,10000,53,0.15868263473053892
Q2,36,10000,10400,12,0.035928143712574849
Q2,36,10400,10800,0,0
Q2,37,1200,1600,0,0
Q2,37,1600,2000,0,0
Q2,37,2000,2400,0,0
Q2,37,2400,2800,0,0
Q2,37,2800,3200,3,0.0089820359281437123
Q2,37,3200,3600,5,0.014970059880239521
Q2,37,3600,4000,7,0.020958083832335328
Q2,37,4000,4400,6,0.017964071856287425
Q2,37,4400,4800,9,0.026946107784431138
Q2,37,4800,5200,2,0.0059880239520958087
Q2,37,5200,5600,3,0.0089820359281437123
Q2,37,5600,6000,6,0.017964071856287425
Q2,37,6000,6400,5,0.014970059880239521
Q2,37,6400,6800,2,0.0059880239520958087
Q2,37,6800,7200,8,0.023952095808383235
Q2,37,7200,7600,6,0.017964071856287425
Q2,37,7600,8000,16,0.04790419161676647
Q2,37,8000,8400,49,0.1467065868263473
Q2,37,8400,8800,88,0.26347305389221559
Q2,37,8800,9200,53,0.15868263473053892
Q2,37,9200,9600,25,0.074850299401197598
Q2,37,9600,10000,27,0.080838323353293412
Q2,37,10000,10400,14,0.041916167664670656
Q2,37,10400,10800,0,0
Q2,38,1200,1600,0,0
Q2,38,1600,2000,0,0
Q2,38,2000,2400,0,0
Q2,38,2400,2800,1,0.0029940119760479044
Q2,38,2800,3200,4,0.011976047904191617
Q2,38,3200,3600,4,0.011976047904191617
Q2,38,3600,4000,10,0.029940119760479042
Q2,38,4000,4400,9,0.026946107784431138
Q2,38,4400,4800,3,0.0089820359281437123
Q2,38,4800,5200,4,0.011976047904191617
Q2,38,5200,5600,4,0.011976047904191617
Q2,38,5600,6000,5,0.014970059880239521
Q2,38,6000,6400,5,0.014970059880239521
Q2,38,6400,6800,4,0.011976047904191617
Q2,38,6800,7200,17,0.05089820359281437
Q2,38,7200,7600,43,0.12874251497005987
Q2,38,7600,8000,63,0.18862275449101795
Q2,38,8000,8400,52,0.15568862275449102
Q2,38,8400,8800,45,0.1347305389221557
Q2,38,8800,9200,15,0.044910179640718563
Q2,38,9200,9600,9,0.026946107784431138
Q2,38,9600,10000,22,0.065868263473053898
Q2,38,10000,10400,15,0.044910179640718563
Q2,38,10400,10800,0,0
Q2,39,1200,1600,0,0
Q2,39,1600,2000,0,0
Q2,39,2000,2400,0,0
Q2,39,2400,2800,1,0.0029940119760479044
Q2,39,2800,3200,4,0.011976047904191617
Q2,39,3200,3600,5,0.014970059880239521
Q2,39,3600,4000,15,0.044910179640718563
Q2,39,4000,4400,6,0.017964071856287425
Q2,39,4400,4800,3,0.0089820359281437123
Q2,39,4800,5200,4,0.011976047904191617
Q2,39,5200,5600,6,0.017964071856287425
Q2,39,5600,6000,5,0.014970059880239521
Q2,39,6000,6400,4,0.011976047904191617
Q2,39,6400,6800,19,0.056886227544910177
Q2,39,6800,7200,46,0.1377245508982036
Q2,39,7200,7600,65,0.19461077844311378
Q2,39,7600,8000,45,0.1347305389221557
Q2,39,8000,8400,35,0.10479041916167664
Q2,39,8400,8800,16,0.04790419161676647
Q2,39,8800,9200,13,0.038922155688622756
Q2,39,9200,9600,5,0.014970059880239521
Q2,39,9600,10000,21,0.062874251497005984
Q2,39,10000,10400,16,0.04790419161676647
Q2,39,10400,10800,0,0
Q2,40,1200,1600,0,0
Q2,40,1600,2000,0,0
Q2,40,2000,2400,1,0.0029940119760479044
Q2,40,2400,2800,1,0.0029940119760479044
Q2,40,2800,3200,5,0.014970059880239521
Q2,40,3200,3600,8,0.023952095808383235
Q2,40,3600,4000,13,0.038922155688622756
Q2,40,4000,4400,4,0.011976047904191617
Q2,40,4400,4800,3,0.0089820359281437123
Q2,40,4800,5200,7,0.020958083832335328
Q2,40,5200,5600,7,0.020958083832335328
Q2,40,5600,6000,3,0.0089820359281437123
Q2,40,6000,6400,15,0.044910179640718563
Q2,40,6400,6800,43,0.12874251497005987
Q2,40,6800,7200,53,0.15868263473053892
Q2,40,7200,7600,45,0.1347305389221557
Q2,40,7600,8000,32,0.09580838323353294
Q2,40,8000,8400,28,0.083832335329341312
Q2,40,8400,8800,17,0.05089820359281437
Q2,40,8800,9200,7,0.020958083832335328
Q2,40,9200,9600,5,0.014970059880239521
Q2,40,9600,10000,20,0.059880239520958084
Q2,40,10000,10400,17,0.05089820359281437
Q2,40,10400,10800,0,0
Q2,41,1200,1600,0,0
Q2,41,1600,2000,0,0
Q2,41,2000,2400,1,0.0029940119760479044
Q2,41,2400,2800,2,0.0059880239520958087
Q2,41,2800,3200,7,0.020958083832335328
Q2,41,3200,3600,11,0.032934131736526949
Q2,41,3600,4000,10,0.029940119760479042
Q2,41,4000,4400,2,0.0059880239520958087
Q2,41,4400,4800,5,0.014970059880239521
Q2,41,4800,5200,10,0.029940119760479042
Q2,41,5200,5600,2,0.0059880239520958087
Q2,41,5600,6000,11,0.032934131736526949
Q2,41,6000,6400,31,0.092814371257485026
Q2,41,6400,6800,55,0.16467065868263472
Q2,41,6800,7200,43,0.12874251497005987
Q2,41,7200,7600,32,0.09580838323353294
Q2,41,7600,8000,25,0.074850299401197598
Q2,41,8000,8400,22,0.065868263473053898
Q2,41,8400,8800,15,0.044910179640718563
Q2,41,8800,9200,8,0.023952095808383235
Q2,41,9200,9600,5,0.014970059880239521
Q2,41,9600,10000,17,0.05089820359281437
Q2,41,10000,10400,20,0.059880239520958084
Q2,41,10400,10800,0,0
Q2,42,1200,1600,0,0
Q2,42,1600,2000,0,0
Q2,42,2000,2400,1,0.0029940119760479044
Q2,42,2400,2800,4,0.011976047904191617
Q2,42,2800,3200,9,0.026946107784431138
Q2,42,3200,3600,9,0.026946107784431138
Q2,42,3600,4000,9,0.026946107784431138
Q2,42,4000,4400,2,0.0059880239520958087
Q2,42,4400,4800,11,0.032934131736526949
Q2,42,4800,5200,5,0.014970059880239521
Q2,42,5200,5600,5,0.014970059880239521
Q2,42,5600,6000,28,0.083832335329341312
Q2,42,6000,6400,34,0.10179640718562874
Q2,42,6400,6800,48,0.1437125748502994
Q2,42,6800,7200,29,0.086826347305389226
Q2,42,7200,7600,29,0.086826347305389226
Q2,42,7600,8000,22,0.065868263473053898
Q2,42,8000,8400,21,0.062874251497005984
Q2,42,8400,8800,15,0.044910179640718563
Q2,42,8800,9200,11,0.032934131736526949
Q2,42,9200,9600,5,0.014970059880239521
Q2,42,9600,10000,16,0.04790419161676647
Q2,42,10000,10400,21,0.062874251497005984
Q2,42,10400,10800,0,0
Q2,43,1200,1600,0,0
Q2,43,1600,2000,0,0
Q2,43,2000,2400,1,0.0029940119760479044
Q2,43,2400,2800,7,0.020958083832335328
Q2,43,2800,3200,8,0.023952095808383235
Q2,43,3200,3600,8,0.023952095808383235
Q2,43,3600,4000,8,0.023952095808383235
Q2,43,4000,4400,8,0.023952095808383235
Q2,43,4400,4800,7,0.020958083832335328
Q2,43,4800,5200,7,0.020958083832335328
Q2,43,5200,5600,18,0.053892215568862277
Q2,43,5600,6000,22,0.065868263473053898
Q2,43,6000,6400,39,0.11676646706586827
Q2,43,6400,6800,32,0.09580838323353294
Q2,43,6800,7200,23,0.068862275449101798
Q2,43,7200,7600,30,0.089820359281437126
Q2,43,7600,8000,26,0.077844311377245512
Q2,43,8000,8400,20,0.059880239520958084
Q2,43,8400,8800,16,0.04790419161676647
Q2,43,8800,9200,11,0.032934131736526949
Q2,43,9200,9600,5,0.014970059880239521
Q2,43,9600,10000,14,0.041916167664670656
Q2,43,10000,10400,24,0.071856287425149698
Q2,43,10400,10800,0,0
Q2,44,1200,1600,0,0
Q2,44,1600,2000,0,0
Q2,44,2000,2400,2,0.0059880239520958087
Q2,44,2400,2800,7,0.020958083832335328
Q2,44,2800,3200,6,0.017964071856287425
Q2,44,3200,3600,9,0.026946107784431138
Q2,44,3600,4000,12,0.035928143712574849
Q2,44,4000,4400,5,0.014970059880239521
Q2,44,4400,4800,8,0.023952095808383235
Q2,44,4800,5200,12,0.035928143712574849
Q2,44,5200,5600,24,0.071856287425149698
Q2,44,5600,6000,17,0.05089820359281437
Q2,44,6000,6400,37,0.11077844311377245
Q2,44,6400,6800,25,0.074850299401197598
Q2,44,6800,7200,22,0.065868263473053898
Q2,44,7200,7600,30,0.089820359281437126
Q2,44,7600,8000,25,0.074850299401197598
Q2,44,8000,8400,19,0.056886227544910177
Q2,44,8400,8800,19,0.056886227544910177
Q2,44,8800,9200,9,0.026946107784431138
Q2,44,9200,9600,8,0.023952095808383235
Q2,44,9600,10000,8,0.023952095808383235
Q2,44,10000,10400,24,0.071856287425149698
Q2,44,10400,10800,6,0.017964071856287425
Q2,45,1200,1600,0,0
Q2,45,1600,2000,0,0
Q2,45,2000,2400,4,0.011976047904191617
Q2,45,2400,2800,6,0.017964071856287425
Q2,45,2800,3200,5,0.014970059880239521
Q2,45,3200,3600,12,0.035928143712574849
Q2,45,3600,4000,7,0.020958083832335328
Q2,45,4000,4400,6,0.017964071856287425
Q2,45,4400,4800,11,0.032934131736526949
Q2,45,4800,5200,14,0.041916167664670656
Q2,45,5200,5600,20,0.059880239520958084
Q2,45,5600,6000,18,0.053892215568862277
Q2,45,6000,6400,29,0.086826347305389226
Q2,45,6400,6800,18,0.053892215568862277
Q2,45,6800,7200,18,0.053892215568862277
Q2,45,7200,7600,25,0.074850299401197598
Q2,45,7600,8000,19,0.056886227544910177
Q2,45,8000,8400,18,0.053892215568862277
Q2,45,8400,8800,21,0.062874251497005984
Q2,45,8800,9200,18,0.053892215568862277
Q2,45,9200,9600,15,0.044910179640718563
Q2,45,9600,10000,7,0.020958083832335328
Q2,45,10000,10400,5,0.014970059880239521
Q2,45,10400,10800,38,0.11377245508982035
Q2,46,1200,1600,0,0
Q2,46,1600,2000,0,0
Q2,46,2000,2400,3,0.0089820359281437123
Q2,46,2400,2800,7,0.020958083832335328
Q2,46,2800,3200,5,0.014970059880239521
Q2,46,3200,3600,9,0.026946107784431138
Q2,46,3600,4000,8,0.023952095808383235
Q2,46,4000,4400,12,0.035928143712574849
Q2,46,4400,4800,13,0.038922155688622756
Q2,46,4800,5200,18,0.053892215568862277
Q2,46,5200,5600,22,0.065868263473053898
Q2,46,5600,6000,24,0.071856287425149698
Q2,46,6000,6400,23,0.068862275449101798
Q2,46,6400,6800,16,0.04790419161676647
Q2,46,6800,7200,14,0.041916167664670656
Q2,46,7200,7600,24,0.071856287425149698
Q2,46,7600,8000,18,0.053892215568862277
Q2,46,8000,8400,19,0.056886227544910177
Q2,46,8400,8800,19,0.056886227544910177
Q2,46,8800,9200,13,0.038922155688622756
Q2,46,9200,9600,17,0.05089820359281437
Q2,46,9600,10000,6,0.017964071856287425
Q2,46,10000,10400,6,0.017964071856287425
Q2,46,10400,10800,38,0.11377245508982035
Q2,47,1200,1600,0,0
Q2,47,1600,2000,0,0
Q2,47,2000,2400,2,0.0059880239520958087
Q2,47,2400,2800,7,0.020958083832335328
Q2,47,2800,3200,5,0.014970059880239521
Q2,47,3200,3600,9,0.026946107784431138
Q2,47,3600,4000,10,0.029940119760479042
Q2,47,4000,4400,16,0.04790419161676647
Q2,47,4400,4800,20,0.059880239520958084
Q2,47,4800,5200,21,0.062874251497005984
Q2,47,5200,5600,28,0.083832335329341312
Q2,47,5600,6000,20,0.059880239520958084
Q2,47,6000,6400,21,0.062874251497005984
Q2,47,6400,6800,14,0.041916167664670656
Q2,47,6800,7200,22,0.065868263473053898
Q2,47,7200,7600,23,0.068862275449101798
Q2,47,7600,8000,22,0.065868263473053898
Q2,47,8000,8400,18,0.053892215568862277
Q2,47,8400,8800,19,0.056886227544910177
Q2,47,8800,9200,9,0.026946107784431138
Q2,47,9200,9600,10,0.029940119760479042
Q2,47,9600,10000,12,0.035928143712574849
Q2,47,10000,10400,26,0.077844311377245512
Q2,47,10400,10800,0,0
Q2,48,1200,1600,0,0
Q2,48,1600,2000,0,0
Q2,48,2000,2400,2,0.0059880239520958087
Q2,48,2400,2800,6,0.017964071856287425
Q2,48,2800,3200,5,0.014970059880239521
Q2,48,3200,3600,12,0.035928143712574849
Q2,48,3600,4000,14,0.041916167664670656
Q2,48,4000,4400,19,0.056886227544910177
Q2,48,4400,4800,23,0.068862275449101798
Q2,48,4800,5200,26,0.077844311377245512
Q2,48,5200,5600,30,0.089820359281437126
Q2,48,5600,6000,20,0.059880239520958084
Q2,48,6000,6400,17,0.05089820359281437
Q2,48,6400,6800,24,0.071856287425149698
Q2,48,6800,7200,22,0.065868263473053898
Q2,48,7200,7600,21,0.062874251497005984
Q2,48,7600,8000,19,0.056886227544910177
Q2,48,8000,8400,19,0.056886227544910177
Q2,48,8400,8800,13,0.038922155688622756
Q2,48,8800,9200,14,0.041916167664670656
Q2,48,9200,9600,20,0.059880239520958084
Q2,48,9600,10000,8,0.023952095808383235
Q2,48,10000,10400,0,0
Q2,48,10400,10800,0,0
Q2,49,1200,1600,0,0
Q2,49,1600,2000,0,0
Q2,49,2000,2400,2,0.0059880239520958087
Q2,49,2400,2800,4,0.011976047904191617
Q2,49,2800,3200,11,0.032934131736526949
Q2,49,3200,3600,12,0.035928143712574849
Q2,49,3600,4000,16,0.04790419161676647
Q2,49,4000,4400,22,0.065868263473053898
Q2,49,4400,4800,27,0.080838323353293412
Q2,49,4800,5200,28,0.083832335329341312
Q2,49,5200,5600,26,0.077844311377245512
Q2,49,5600,6000,23,0.068862275449101798
Q2,49,6000,6400,21,0.062874251497005984
Q2,49,6400,6800,23,0.068862275449101798
Q2,49,6800,7200,24,0.071856287425149698
Q2,49,7200,7600,21,0.062874251497005984
Q2,49,7600,8000,20,0.059880239520958084
Q2,49,8000,8400,19,0.056886227544910177
Q2,49,8400,8800,24,0.071856287425149698
Q2,49,8800,9200,9,0.026946107784431138
Q2,49,9200,9600,1,0.0029940119760479044
Q2,49,9600,10000,1,0.0029940119760479044
Q2,49,10000,10400,0,0
Q2,49,10400,10800,0,0
Q2,50,1200,1600,0,0
Q2,50,1600,2000,0,0
Q2,50,2000,2400,2,0.0059880239520958087
Q2,50,2400,2800,5,0.014970059880239521
Q2,50,2800,3200,11,0.032934131736526949
Q2,50,3200,3600,15,0.044910179640718563
Q2,50,3600,4000,17,0.05089820359281437
Q2,50,4000,4400,30,0.089820359281437126
Q2,50,4400,4800,25,0.074850299401197598
Q2,50,4800,5200,23,0.068862275449101798
Q2,50,5200,5600,27,0.080838323353293412
Q2,50,5600,6000,36,0.10778443113772455
Q2,50,6000,6400,18,0.053892215568862277
Q2,50,6400,6800,23,0.068862275449101798
Q2,50,6800,7200,29,0.086826347305389226
Q2,50,7200,7600,20,0.059880239520958084
Q2,50,7600,8000,28,0.083832335329341312
Q2,50,8000,8400,18,0.053892215568862277
Q2,50,8400,8800,4,0.011976047904191617
Q2,50,8800,9200,2,0.0059880239520958087
Q2,50,9200,9600,0,0
Q2,50,9600,10000,0,0
Q2,50,10000,10400,1,0.0029940119760479044
Q2,50,10400,10800,0,0
Q2,51,1200,1600,0,0
Q2,51,1600,2000,0,0
Q2,51,2000,2400,2,0.0059880239520958087
Q2,51,2400,2800,6,0.017964071856287425
Q2,51,2800,3200,12,0.035928143712574849
Q2,51,3200,3600,17,0.05089820359281437
Q2,51,3600,4000,21,0.062874251497005984
Q2,51,4000,4400,27,0.080838323353293412
Q2,51,4400,4800,30,0.089820359281437126
Q2,51,4800,5200,19,0.056886227544910177
Q2,51,5200,5600,34,0.10179640718562874
Q2,51,5600,6000,28,0.083832335329341312
Q2,51,6000,6400,27,0.080838323353293412
Q2,51,6400,6800,35,0.10479041916167664
Q2,51,6800,7200,24,0.071856287425149698
Q2,51,7200,7600,25,0.074850299401197598
Q2,51,7600,8000,15,0.044910179640718563
Q2,51,8000,8400,4,0.011976047904191617
Q2,51,8400,8800,5,0.014970059880239521
Q2,51,8800,9200,1,0.0029940119760479044
Q2,51,9200,9600,1,0.0029940119760479044
Q2,51,9600,10000,0,0
Q2,51,10000,10400,0,0
Q2,51,10400,10800,1,0.0029940119760479044
Q2,52,1200,1600,0,0
Q2,52,1600,2000,0,0
Q2,52,2000,2400,1,0.0029940119760479044
Q2,52,2400,2800,10,0.029940119760479042
Q2,52,2800,3200,10,0.029940119760479042
Q2,52,3200,3600,22,0.065868263473053898
Q2,52,3600,4000,26,0.077844311377245512
Q2,52,4000,4400,24,0.071856287425149698
Q2,52,4400,4800,22,0.065868263473053898
Q2,52,4800,5200,32,0.09580838323353294
Q2,52,5200,5600,28,0.083832335329341312
Q2,52,5600,6000,30,0.089820359281437126
Q2,52,6000,6400,35,0.10479041916167664
Q2,52,6400,6800,42,0.12574850299401197
Q2,52,6800,7200,22,0.065868263473053898
Q2,52,7200,7600,11,0.032934131736526949
Q2,52,7600,8000,7,0.020958083832335328
Q2,52,8000,8400,3,0.0089820359281437123
Q2,52,8400,8800,4,0.011976047904191617
Q2,52,8800,9200,2,0.0059880239520958087
Q2,52,9200,9600,1,0.0029940119760479044
Q2,52,9600,10000,1,0.0029940119760479044
Q2,52,10000,10400,0,0
Q2,52,10400,10800,1,0.0029940119760479044
Q2,53,1200,1600,0,0
Q2,53,1600,2000,0,0
Q2,53,2000,2400,1,0.0029940119760479044
Q2,53,2400,2800,12,0.035928143712574849
Q2,53,2800,3200,15,0.044910179640718563
Q2,53,3200,3600,22,0.065868263473053898
Q2,53,3600,4000,25,0.074850299401197598
Q2,53,4000,4400,23,0.068862275449101798
Q2,53,4400,4800,19,0.056886227544910177
Q2,53,4800,5200,36,0.10778443113772455
Q2,53,5200,5600,35,0.10479041916167664
Q2,53,5600,6000,33,0.09880239520958084
Q2,53,6000,6400,38,0.11377245508982035
Q2,53,6400,6800,32,0.09580838323353294
Q2,53,6800,7200,16,0.04790419161676647
Q2,53,7200,7600,7,0.020958083832335328
Q2,53,7600,8000,6,0.017964071856287425
Q2,53,8000,8400,3,0.0089820359281437123
Q2,53,8400,8800,3,0.0089820359281437123
Q2,53,8800,9200,5,0.014970059880239521
Q2,53,9200,9600,1,0.0029940119760479044
Q2,53,9600,10000,0,0
Q2,53,10000,10400,1,0.0029940119760479044
Q2,53,10400,10800,1,0.0029940119760479044
Q2,54,1200,1600,0,0
Q2,54,1600,2000,0,0
Q2,54,2000,2400,1,0.0029940119760479044
Q2,54,2400,2800,17,0.05089820359281437
Q2,54,2800,3200,15,0.044910179640718563
Q2,54,3200,3600,26,0.077844311377245512
Q2,54,3600,4000,19,0.056886227544910177
Q2,54,4000,4400,23,0.068862275449101798
Q2,54,4400,4800,27,0.080838323353293412
Q2,54,4800,5200,33,0.09880239520958084
Q2,54,5200,5600,44,0.1317365269461078
Q2,54,5600,6000,30,0.089820359281437126
Q2,54,6000,6400,28,0.083832335329341312
Q2,54,6400,6800,27,0.080838323353293412
Q2,54,6800,7200,14,0.041916167664670656
Q2,54,7200,7600,8,0.023952095808383235
Q2,54,7600,8000,5,0.014970059880239521
Q2,54,8000,8400,5,0.014970059880239521
Q2,54,8400,8800,3,0.0089820359281437123
Q2,54,8800,9200,3,0.0089820359281437123
Q2,54,9200,9600,3,0.0089820359281437123
Q2,54,9600,10000,1,0.0029940119760479044
Q2,54,10000,10400,0,0
Q2,54,10400,10800,2,0.0059880239520958087
Q2,55,1200,1600,0,0
Q2,55,1600,2000,0,0
Q2,55,2000,2400,2,0.0059880239520958087
Q2,55,2400,2800,17,0.05089820359281437
Q2,55,2800,3200,21,0.062874251497005984
Q2,55,3200,3600,17,0.05089820359281437
Q2,55,3600,4000,17,0.05089820359281437
Q2,55,4000,4400,30,0.089820359281437126
Q2,55,4400,4800,34,0.10179640718562874
Q2,55,4800,5200,29,0.086826347305389226
Q2,55,5200,5600,46,0.1377245508982036
Q2,55,5600,6000,27,0.080838323353293412
Q2,55,6000,6400,25,0.074850299401197598
Q2,55,6400,6800,19,0.056886227544910177
Q2,55,6800,7200,12,0.035928143712574849
Q2,55,7200,7600,12,0.035928143712574849
Q2,55,7600,8000,6,0.017964071856287425
Q2,55,8000,8400,4,0.011976047904191617
Q2,55,8400,8800,4,0.011976047904191617
Q2,55,8800,9200,3,0.0089820359281437123
Q2,55,9200,9600,3,0.0089820359281437123
Q2,55,9600,10000,3,0.0089820359281437123
Q2,55,10000,10400,1,0.0029940119760479044
Q2,55,10400,10800,2,0.0059880239520958087
Q2,56,1200,1600,0,0
Q2,56,1600,2000,0,0
Q2,56,2000,2400,3,0.0089820359281437123
Q2,56,2400,2800,20,0.059880239520958084
Q2,56,2800,3200,19,0.056886227544910177
Q2,56,3200,3600,16,0.04790419161676647
Q2,56,3600,4000,18,0.053892215568862277
Q2,56,4000,4400,33,0.09880239520958084
Q2,56,4400,4800,28,0.083832335329341312
Q2,56,4800,5200,31,0.092814371257485026
Q2,56,5200,5600,39,0.11676646706586827
Q2,56,5600,6000,22,0.065868263473053898
Q2,56,6000,6400,33,0.09880239520958084
Q2,56,6400,6800,17,0.05089820359281437
Q2,56,6800,7200,11,0.032934131736526949
Q2,56,7200,7600,11,0.032934131736526949
Q2,56,7600,8000,8,0.023952095808383235
Q2,56,8000,8400,5,0.014970059880239521
Q2,56,8400,8800,3,0.0089820359281437123
Q2,56,8800,9200,5,0.014970059880239521
Q2,56,9200,9600,4,0.011976047904191617
Q2,56,9600,10000,4,0.011976047904191617
Q2,56,10000,10400,2,0.0059880239520958087
Q2,56,10400,10800,2,0.0059880239520958087
Q2,57,1200,1600,0,0
Q2,57,1600,2000,0,0
Q2,57,2000,2400,4,0.011976047904191617
Q2,57,2400,2800,17,0.05089820359281437
Q2,57,2800,3200,21,0.062874251497005984
Q2,57,3200,3600,15,0.044910179640718563
Q2,57,3600,4000,25,0.074850299401197598
Q2,57,4000,4400,25,0.074850299401197598
Q2,57,4400,4800,26,0.077844311377245512
Q2,57,4800,5200,34,0.10179640718562874
Q2,57,5200,5600,36,0.10778443113772455
Q2,57,5600,6000,21,0.062874251497005984
Q2,57,6000,6400,25,0.074850299401197598
Q2,57,6400,6800,26,0.077844311377245512
Q2,57,6800,7200,9,0.026946107784431138
Q2,57,7200,7600,11,0.032934131736526949
Q2,57,7600,8000,6,0.017964071856287425
Q2,57,8000,8400,8,0.023952095808383235
Q2,57,8400,8800,3,0.0089820359281437123
Q2,57,8800,9200,5,0.014970059880239521
Q2,57,9200,9600,4,0.011976047904191617
Q2,57,9600,10000,5,0.014970059880239521
Q2,57,10000,10400,3,0.0089820359281437123
Q2,57,10400,10800,5,0.014970059880239521
Q2,58,1200,1600,0,0
Q2,58,1600,2000,0,0
Q2,58,2000,2400,6,0.017964071856287425
Q2,58,2400,2800,16,0.04790419161676647
Q2,58,2800,3200,18,0.053892215568862277
Q2,58,3200,3600,21,0.062874251497005984
Q2,58,3600,4000,18,0.053892215568862277
Q2,58,4000,4400,25,0.074850299401197598
Q2,58,4400,4800,24,0.071856287425149698
Q2,58,4800,5200,35,0.10479041916167664
Q2,58,5200,5600,30,0.089820359281437126
Q2,58,5600,6000,22,0.065868263473053898
Q2,58,6000,6400,29,0.086826347305389226
Q2,58,6400,6800,19,0.056886227544910177
Q2,58,6800,7200,15,0.044910179640718563
Q2,58,7200,7600,12,0.035928143712574849
Q2,58,7600,8000,6,0.017964071856287425
Q2,58,8000,8400,5,0.014970059880239521
Q2,58,8400,8800,5,0.014970059880239521
Q2,58,8800,9200,5,0.014970059880239521
Q2,58,9200,9600,5,0.014970059880239521
Q2,58,9600,10000,5,0.014970059880239521
Q2,58,10000,10400,4,0.011976047904191617
Q2,58,10400,10800,9,0.026946107784431138
Q2,59,1200,1600,0,0
Q2,59,1600,2000,0,0
Q2,59,2000,2400,9,0.026946107784431138
Q2,59,2400,2800,12,0.035928143712574849
Q2,59,2800,3200,15,0.044910179640718563
Q2,59,3200,3600,26,0.077844311377245512
Q2,59,3600,4000,18,0.053892215568862277
Q2,59,4000,4400,25,0.074850299401197598
Q2,59,4400,4800,25,0.074850299401197598
Q2,59,4800,5200,28,0.083832335329341312
Q2,59,5200,5600,27,0.080838323353293412
Q2,59,5600,6000,26,0.077844311377245512
Q2,59,6000,6400,31,0.092814371257485026
Q2,59,6400,6800,15,0.044910179640718563
Q2,59,6800,7200,9,0.026946107784431138
Q2,59,7200,7600,17,0.05089820359281437
Q2,59,7600,8000,7,0.020958083832335328
Q2,59,8000,8400,5,0.014970059880239521
Q2,59,8400,8800,4,0.011976047904191617
Q2,59,8800,9200,7,0.020958083832335328
Q2,59,9200,9600,6,0.017964071856287425
Q2,59,9600,10000,3,0.0089820359281437123
Q2,59,10000,10400,5,0.014970059880239521
Q2,59,10400,10800,14,0.041916167664670656
Q2,60,1200,1600,0,0
Q2,60,1600,2000,0,0
Q2,60,2000,2400,9,0.026946107784431138
Q2,60,2400,2800,10,0.029940119760479042
Q2,60,2800,3200,17,0.05089820359281437
Q2,60,3200,3600,25,0.074850299401197598
Q2,60,3600,4000,18,0.053892215568862277
Q2,60,4000,4400,20,0.059880239520958084
Q2,60,4400,4800,27,0.080838323353293412
Q2,60,4800,5200,27,0.080838323353293412
Q2,60,5200,5600,26,0.077844311377245512
Q2,60,5600,6000,28,0.083832335329341312
Q2,60,6000,6400,28,0.083832335329341312
Q2,60,6400,6800,15,0.044910179640718563
Q2,60,6800,7200,13,0.038922155688622756
Q2,60,7200,7600,9,0.026946107784431138
Q2,60,7600,8000,11,0.032934131736526949
Q2,60,8000,8400,7,0.020958083832335328
Q2,60,8400,8800,3,0.0089820359281437123
Q2,60,8800,9200,4,0.011976047904191617
Q2,60,9200,9600,7,0.020958083832335328
Q2,60,9600,10000,6,0.017964071856287425
Q2,60,10000,10400,2,0.0059880239520958087
Q2,60,10400,10800,22,0.065868263473053898
Q2,61,1200,1600,0,0
Q2,61,1600,2000,0,0
Q2,61,2000,2400,11,0.032934131736526949
Q2,61,2400,2800,9,0.026946107784431138
Q2,61,2800,3200,12,0.035928143712574849
Q2,61,3200,3600,22,0.065868263473053898
Q2,61,3600,4000,22,0.065868263473053898
Q2,61,4000,4400,20,0.059880239520958084
Q2,61,4400,4800,21,0.062874251497005984
Q2,61,4800,5200,27,0.080838323353293412
Q2,61,5200,5600,26,0.077844311377245512
Q2,61,5600,6000,24,0.071856287425149698
Q2,61,6000,6400,33,0.09880239520958084
Q2,61,6400,6800,16,0.04790419161676647
Q2,61,6800,7200,10,0.029940119760479042
Q2,61,7200,7600,14,0.041916167664670656
Q2,61,7600,8000,7,0.020958083832335328
Q2,61,8000,8400,9,0.026946107784431138
Q2,61,8400,8800,5,0.014970059880239521
Q2,61,8800,9200,4,0.011976047904191617
Q2,61,9200,9600,3,0.0089820359281437123
Q2,61,9600,10000,7,0.020958083832335328
Q2,61,10000,10400,8,0.023952095808383235
Q2,61,10400,10800,24,0.071856287425149698
Q2,62,1200,1600,0,0
Q2,62,1600,2000,0,0
Q2,62,2000,2400,10,0.029940119760479042
Q2,62,2400,2800,8,0.023952095808383235
Q2,62,2800,3200,15,0.044910179640718563
Q2,62,3200,3600,16,0.04790419161676647
Q2,62,3600,4000,20,0.059880239520958084
Q2,62,4000,4400,23,0.068862275449101798
Q2,62,4400,4800,15,0.044910179640718563
Q2,62,4800,5200,30,0.089820359281437126
Q2,62,5200,5600,21,0.062874251497005984
Q2,62,5600,6000,23,0.068862275449101798
Q2,62,6000,6400,34,0.10179640718562874
Q2,62,6400,6800,19,0.056886227544910177
Q2,62,6800,7200,13,0.038922155688622756
Q2,62,7200,7600,14,0.041916167664670656
Q2,62,7600,8000,8,0.023952095808383235
Q2,62,8000,8400,6,0.017964071856287425
Q2,62,8400,8800,5,0.014970059880239521
Q2,62,8800,9200,6,0.017964071856287425
Q2,62,9200,9600,5,0.014970059880239521
Q2,62,9600,10000,3,0.0089820359281437123
Q2,62,10000,10400,3,0.0089820359281437123
Q2,62,10400,10800,37,0.11077844311377245
Q2,63,1200,1600,0,0
Q2,63,1600,2000,0,0
Q2,63,2000,2400,10,0.029940119760479042
Q2,63,2400,2800,8,0.023952095808383235
Q2,63,2800,3200,13,0.038922155688622756
Q2,63,3200,3600,13,0.038922155688622756
Q2,63,3600,4000,23,0.068862275449101798
Q2,63,4000,4400,17,0.05089820359281437
Q2,63,4400,4800,20,0.059880239520958084
Q2,63,4800,5200,26,0.077844311377245512
Q2,63,5200,5600,21,0.062874251497005984
Q2,63,5600,6000,25,0.074850299401197598
Q2,63,6000,6400,25,0.074850299401197598
Q2,63,6400,6800,23,0.068862275449101798
Q2,63,6800,7200,17,0.05089820359281437
Q2,63,7200,7600,12,0.035928143712574849
Q2,63,7600,8000,10,0.029940119760479042
Q2,63,8000,8400,7,0.020958083832335328
Q2,63,8400,8800,4,0.011976047904191617
Q2,63,8800,9200,5,0.014970059880239521
Q2,63,9200,9600,5,0.014970059880239521
Q2,63,9600,10000,5,0.014970059880239521
Q2,63,10000,10400,3,0.0089820359281437123
Q2,63,10400,10800,42,0.12574850299401197
Q2,64,1200,1600,0,0
Q2,64,1600,2000,0,0
Q2,64,2000,2400,8,0.023952095808383235
Q2,64,2400,2800,9,0.026946107784431138
Q2,64,2800,3200,12,0.035928143712574849
Q2,64,3200,3600,10,0.029940119760479042
Q2,64,3600,4000,22,0.065868263473053898
Q2,64,4000,4400,19,0.056886227544910177
Q2,64,4400,4800,19,0.056886227544910177
Q2,64,4800,5200,17,0.05089820359281437
Q2,64,5200,5600,24,0.071856287425149698
Q2,64,5600,6000,20,0.059880239520958084
Q2,64,6000,6400,32,0.09580838323353294
Q2,64,6400,6800,18,0.053892215568862277
Q2,64,6800,7200,21,0.062874251497005984
Q2,64,7200,7600,17,0.05089820359281437
Q2,64,7600,8000,7,0.020958083832335328
Q2,64,8000,8400,5,0.014970059880239521
Q2,64,8400,8800,9,0.026946107784431138
Q2,64,8800,9200,5,0.014970059880239521
Q2,64,9200,9600,3,0.0089820359281437123
Q2,64,9600,10000,4,0.011976047904191617
Q2,64,10000,10400,5,0.014970059880239521
Q2,64,10400,10800,48,0.1437125748502994
Q2,65,1200,1600,0,0
Q2,65,1600,2000,0,0
Q2,65,2000,2400,1,0.0029940119760479044
Q2,65,2400,2800,1,0.0029940119760479044
Q2,65,2800,3200,10,0.029940119760479042
Q2,65,3200,3600,13,0.038922155688622756
Q2,65,3600,4000,18,0.053892215568862277
Q2,65,4000,4400,15,0.044910179640718563
Q2,65,4400,4800,26,0.077844311377245512
Q2,65,4800,5200,14,0.041916167664670656
Q2,65,5200,5600,25,0.074850299401197598
Q2,65,5600,6000,14,0.041916167664670656
Q2,65,6000,6400,25,0.074850299401197598
Q2,65,6400,6800,25,0.074850299401197598
Q2,65,6800,7200,27,0.080838323353293412
Q2,65,7200,7600,14,0.041916167664670656
Q2,65,7600,8000,19,0.056886227544910177
Q2,65,8000,8400,7,0.020958083832335328
Q2,65,8400,8800,5,0.014970059880239521
Q2,65,8800,9200,7,0.020958083832335328
Q2,65,9200,9600,7,0.020958083832335328
Q2,65,9600,10000,3,0.0089820359281437123
Q2,65,10000,10400,4,0.011976047904191617
Q2,65,10400,10800,54,0.16167664670658682
Q2,66,1200,1600,0,0
Q2,66,1600,2000,0,0
Q2,66,2000,2400,0,0
Q2,66,2400,2800,0,0
Q2,66,2800,3200,3,0.0089820359281437123
Q2,66,3200,3600,6,0.017964071856287425
Q2,66,3600,4000,11,0.032934131736526949
Q2,66,4000,4400,13,0.038922155688622756
Q2,66,4400,4800,19,0.056886227544910177
Q2,66,4800,5200,23,0.068862275449101798
Q2,66,5200,5600,20,0.059880239520958084
Q2,66,5600,6000,27,0.080838323353293412
Q2,66,6000,6400,15,0.044910179640718563
Q2,66,6400,6800,19,0.056886227544910177
Q2,66,6800,7200,27,0.080838323353293412
Q2,66,7200,7600,20,0.059880239520958084
Q2,66,7600,8000,22,0.065868263473053898
Q2,66,8000,8400,15,0.044910179640718563
Q2,66,8400,8800,12,0.035928143712574849
Q2,66,8800,9200,6,0.017964071856287425
Q2,66,9200,9600,6,0.017964071856287425
Q2,66,9600,10000,7,0.020958083832335328
Q2,66,10000,10400,5,0.014970059880239521
Q2,66,10400,10800,58,0.17365269461077845
Q2,67,1200,1600,0,0
Q2,67,1600,2000,0,0
Q2,67,2000,2400,0,0
Q2,67,2400,2800,0,0
Q2,67,2800,3200,2,0.0059880239520958087
Q2,67,3200,3600,1,0.0029940119760479044
Q2,67,3600,4000,4,0.011976047904191617
Q2,67,4000,4400,11,0.032934131736526949
Q2,67,4400,4800,12,0.035928143712574849
Q2,67,4800,5200,20,0.059880239520958084
Q2,67,5200,5600,19,0.056886227544910177
Q2,67,5600,6000,25,0.074850299401197598
Q2,67,6000,6400,21,0.062874251497005984
Q2,67,6400,6800,21,0.062874251497005984
Q2,67,6800,7200,20,0.059880239520958084
Q2,67,7200,7600,22,0.065868263473053898
Q2,67,7600,8000,24,0.071856287425149698
Q2,67,8000,8400,17,0.05089820359281437
Q2,67,8400,8800,16,0.04790419161676647
Q2,67,8800,9200,18,0.053892215568862277
Q2,67,9200,9600,3,0.0089820359281437123
Q2,67,9600,10000,6,0.017964071856287425
Q2,67,10000,10400,7,0.020958083832335328
Q2,67,10400,10800,65,0.19461077844311378
Q2,68,1200,1600,0,0
Q2,68,1600,2000,0,0
Q2,68,2000,2400,0,0
Q2,68,2400,2800,0,0
Q2,68,2800,3200,1,0.0029940119760479044
Q2,68,3200,3600,1,0.0029940119760479044
Q2,68,3600,4000,2,0.0059880239520958087
Q2,68,4000,4400,4,0.011976047904191617
Q2,68,4400,4800,7,0.020958083832335328
Q2,68,4800,5200,13,0.038922155688622756
Q2,68,5200,5600,17,0.05089820359281437
Q2,68,5600,6000,16,0.04790419161676647
Q2,68,6000,6400,29,0.086826347305389226
Q2,68,6400,6800,20,0.059880239520958084
Q2,68,6800,7200,20,0.059880239520958084
Q2,68,7200,7600,28,0.083832335329341312
Q2,68,7600,8000,16,0.04790419161676647
Q2,68,8000,8400,25,0.074850299401197598
Q2,68,8400,8800,14,0.041916167664670656
Q2,68,8800,9200,14,0.041916167664670656
Q2,68,9200,9600,17,0.05089820359281437
Q2,68,9600,10000,11,0.032934131736526949
Q2,68,10000,10400,6,0.017964071856287425
Q2,68,10400,10800,73,0.21856287425149701
Q2,69,1200,1600,0,0
Q2,69,1600,2000,0,0
Q2,69,2000,2400,0,0
Q2,69,2400,2800,0,0
Q2,69,2800,3200,1,0.0029940119760479044
Q2,69,3200,3600,1,0.0029940119760479044
Q2,69,3600,4000,2,0.0059880239520958087
Q2,69,4000,4400,1,0.0029940119760479044
Q2,69,4400,4800,4,0.011976047904191617
Q2,69,4800,5200,6,0.017964071856287425
Q2,69,5200,5600,9,0.026946107784431138
Q2,69,5600,6000,18,0.053892215568862277
Q2,69,6000,6400,9,0.026946107784431138
Q2,69,6400,6800,30,0.089820359281437126
Q2,69,6800,7200,24,0.071856287425149698
Q2,69,7200,7600,18,0.053892215568862277
Q2,69,7600,8000,29,0.086826347305389226
Q2,69,8000,8400,20,0.059880239520958084
Q2,69,8400,8800,16,0.04790419161676647
Q2,69,8800,9200,18,0.053892215568862277
Q2,69,9200,9600,16,0.04790419161676647
Q2,69,9600,10000,14,0.041916167664670656
Q2,69,10000,10400,17,0.05089820359281437
Q2,69,10400,10800,81,0.24251497005988024
Q2,70,1200,1600,0,0
Q2,70,1600,2000,0,0
Q2,70,2000,2400,0,0
Q2,70,2400,2800,0,0
Q2,70,2800,3200,0,0
Q2,70,3200,3600,1,0.0029940119760479044
Q2,70,3600,4000,1,0.0029940119760479044
Q2,70,4000,4400,1,0.0029940119760479044
Q2,70,4400,4800,4,0.011976047904191617
Q2,70,4800,5200,2,0.0059880239520958087
Q2,70,5200,5600,5,0.014970059880239521
Q2,70,5600,6000,7,0.020958083832335328
Q2,70,6000,6400,11,0.032934131736526949
Q2,70,6400,6800,17,0.05089820359281437
Q2,70,6800,7200,20,0.059880239520958084
Q2,70,7200,7600,25,0.074850299401197598
Q2,70,7600,8000,26,0.077844311377245512
Q2,70,8000,8400,23,0.068862275449101798
Q2,70,8400,8800,21,0.062874251497005984
Q2,70,8800,9200,18,0.053892215568862277
Q2,70,9200,9600,16,0.04790419161676647
Q2,70,9600,10000,14,0.041916167664670656
Q2,70,10000,10400,14,0.041916167664670656
Q2,70,10400,10800,108,0.32335329341317365
Q2,71,1200,1600,0,0
Q2,71,1600,2000,0,0
Q2,71,2000,2400,0,0
Q2,71,2400,2800,0,0
Q2,71,2800,3200,0,0
Q2,71,3200,3600,1,0.0029940119760479044
Q2,71,3600,4000,0,0
Q2,71,4000,4400,1,0.0029940119760479044
Q2,71,4400,4800,1,0.0029940119760479044
Q2,71,4800,5200,2,0.0059880239520958087
Q2,71,5200,5600,3,0.0089820359281437123
Q2,71,5600,6000,4,0.011976047904191617
Q2,71,6000,6400,4,0.011976047904191617
Q2,71,6400,6800,8,0.023952095808383235
Q2,71,6800,7200,15,0.044910179640718563
Q2,71,7200,7600,20,0.059880239520958084
Q2,71,7600,8000,16,0.04790419161676647
Q2,71,8000,8400,28,0.083832335329341312
Q2,71,8400,8800,26,0.077844311377245512
Q2,71,8800,9200,23,0.068862275449101798
Q2,71,9200,9600,16,0.04790419161676647
Q2,71,9600,10000,22,0.065868263473053898
Q2,71,10000,10400,10,0.029940119760479042
Q2,71,10400,10800,134,0.40119760479041916
Q2,72,1200,1600,0,0
Q2,72,1600,2000,0,0
Q2,72,2000,2400,0,0
Q2,72,2400,2800,0,0
Q2,72,2800,3200,0,0
Q2,72,3200,3600,0,0
Q2,72,3600,4000,1,0.0029940119760479044
Q2,72,4000,4400,0,0
Q2,72,4400,4800,1,0.0029940119760479044
Q2,72,4800,5200,1,0.0029940119760479044
Q2,72,5200,5600,1,0.0029940119760479044
Q2,72,5600,6000,5,0.014970059880239521
Q2,72,6000,6400,1,0.0029940119760479044
Q2,72,6400,6800,5,0.014970059880239521
Q2,72,6800,7200,4,0.011976047904191617
Q2,72,7200,7600,11,0.032934131736526949
Q2,72,7600,8000,14,0.041916167664670656
Q2,72,8000,8400,19,0.056886227544910177
Q2,72,8400,8800,17,0.05089820359281437
Q2,72,8800,9200,31,0.092814371257485026
Q2,72,9200,9600,26,0.077844311377245512
Q2,72,9600,10000,20,0.059880239520958084
Q2,72,10000,10400,21,0.062874251497005984
Q2,72,10400,10800,156,0.46706586826347307
Q2,73,1200,1600,0,0
Q2,73,1600,2000,0,0
Q2,73,2000,2400,0,0
Q2,73,2400,2800,0,0
Q2,73,2800,3200,0,0
Q2,73,3200,3600,0,0
Q2,73,3600,4000,0,0
Q2,73,4000,4400,1,0.0029940119760479044
Q2,73,4400,4800,0,0
Q2,73,4800,5200,1,0.0029940119760479044
Q2,73,5200,5600,0,0
Q2,73,5600,6000,3,0.0089820359281437123
Q2,73,6000,6400,3,0.0089820359281437123
Q2,73,6400,6800,1,0.0029940119760479044
Q2,73,6800,7200,4,0.011976047904191617
Q2,73,7200,7600,6,0.017964071856287425
Q2,73,7600,8000,4,0.011976047904191617
Q2,73,8000,8400,18,0.053892215568862277
Q2,73,8400,8800,15,0.044910179640718563
Q2,73,8800,9200,14,0.041916167664670656
Q2,73,9200,9600,20,0.059880239520958084
Q2,73,9600,10000,38,0.11377245508982035
Q2,73,10000,10400,17,0.05089820359281437
Q2,73,10400,10800,189,0.56586826347305386
Q2,74,1200,1600,0,0
Q2,74,1600,2000,0,0
Q2,74,2000,2400,0,0
Q2,74,2400,2800,0,0
Q2,74,2800,3200,0,0
Q2,74,3200,3600,0,0
Q2,74,3600,4000,0,0
Q2,74,4000,4400,0,0
Q2,74,4400,4800,1,0.0029940119760479044
Q2,74,4800,5200,0,0
Q2,74,5200,5600,1,0.0029940119760479044
Q2,74,5600,6000,1,0.0029940119760479044
Q2,74,6000,6400,2,0.0059880239520958087
Q2,74,6400,6800,2,0.0059880239520958087
Q2,74,6800,7200,2,0.0059880239520958087
Q2,74,7200,7600,2,0.0059880239520958087
Q2,74,7600,8000,5,0.014970059880239521
Q2,74,8000,8400,6,0.017964071856287425
Q2,74,8400,8800,13,0.038922155688622756
Q2,74,8800,9200,16,0.04790419161676647
Q2,74,9200,9600,12,0.035928143712574849
Q2,74,9600,10000,19,0.056886227544910177
Q2,74,10000,10400,25,0.074850299401197598
Q2,74,10400,10800,227,0.67964071856287422
Q2,75,1200,1600,0,0
Q2,75,1600,2000,0,0
Q2,75,2000,2400,0,0
Q2,75,2400,2800,0,0
Q2,75,2800,3200,0,0
Q2,75,3200,3600,0,0
Q2,75,3600,4000,0,0
Q2,75,4000,4400,0,0
Q2,75,4400,4800,0,0
Q2,75,4800,5200,1,0.0029940119760479044
Q2,75,5200,5600,0,0
Q2,75,5600,6000,1,0.0029940119760479044
Q2,75,6000,6400,0,0
Q2,75,6400,6800,2,0.0059880239520958087
Q2,75,6800,7200,2,0.0059880239520958087
Q2,75,7200,7600,1,0.0029940119760479044
Q2,75,7600,8000,4,0.011976047904191617
Q2,75,8000,8400,1,0.0029940119760479044
Q2,75,8400,8800,4,0.011976047904191617
Q2,75,8800,9200,12,0.035928143712574849
Q2,75,9200,9600,13,0.038922155688622756
Q2,75,9600,10000,12,0.035928143712574849
Q2,75,10000,10400,15,0.044910179640718563
Q2,75,10400,10800,266,0.79640718562874246
Q2,76,1200,1600,0,0
Q2,76,1600,2000,0,0
Q2,76,2000,2400,0,0
Q2,76,2400,2800,0,0
Q2,76,2800,3200,0,0
Q2,76,3200,3600,0,0
Q2,76,3600,4000,0,0
Q2,76,4000,4400,0,0
Q2,76,4400,4800,0,0
Q2,76,4800,5200,1,0.0029940119760479044
Q2,76,5200,5600,0,0
Q2,76,5600,6000,0,0
Q2,76,6000,6400,1,0.0029940119760479044
Q2,76,6400,6800,1,0.0029940119760479044
Q2,76,6800,7200,2,0.0059880239520958087
Q2,76,7200,7600,1,0.0029940119760479044
Q2,76,7600,8000,2,0.0059880239520958087
Q2,76,8000,8400,3,0.0089820359281437123
Q2,76,8400,8800,4,0.011976047904191617
Q2,76,8800,9200,5,0.014970059880239521
Q2,76,9200,9600,12,0.035928143712574849
Q2,76,9600,10000,9,0.026946107784431138
Q2,76,10000,10400,13,0.038922155688622756
Q2,76,10400,10800,280,0.83832335329341312
Q2,77,1200,1600,0,0
Q2,77,1600,2000,0,0
Q2,77,2000,2400,0,0
Q2,77,2400,2800,0,0
Q2,77,2800,3200,0,0
Q2,77,3200,3600,0,0
Q2,77,3600,4000,0,0
Q2,77,4000,4400,0,0
Q2,77,4400,4800,0,0
Q2,77,4800,5200,1,0.0029940119760479044
Q2,77,5200,5600,0,0
Q2,77,5600,6000,0,0
Q2,77,6000,6400,0,0
Q2,77,6400,6800,1,0.0029940119760479044
Q2,77,6800,7200,2,0.0059880239520958087
Q2,77,7200,7600,1,0.0029940119760479044
Q2,77,7600,8000,1,0.0029940119760479044
Q2,77,8000,8400,5,0.014970059880239521
Q2,77,8400,8800,1,0.0029940119760479044
Q2,77,8800,9200,7,0.020958083832335328
Q2,77,9200,9600,7,0.020958083832335328
Q2,77,9600,10000,7,0.020958083832335328
Q2,77,10000,10400,15,0.044910179640718563
Q2,77,10400,10800,286,0.85628742514970058
Q2,78,1200,1600,0,0
Q2,78,1600,2000,0,0
Q2,78,2000,2400,0,0
Q2,78,2400,2800,0,0
Q2,78,2800,3200,0,0
Q2,78,3200,3600,0,0
Q2,78,3600,4000,0,0
Q2,78,4000,4400,0,0
Q2,78,4400,4800,0,0
Q2,78,4800,5200,1,0.0029940119760479044
Q2,78,5200,5600,0,0
Q2,78,5600,6000,0,0
Q2,78,6000,6400,0,0
Q2,78,6400,6800,1,0.0029940119760479044
Q2,78,6800,7200,1,0.0029940119760479044
Q2,78,7200,7600,1,0.0029940119760479044
Q2,78,7600,8000,1,0.0029940119760479044
Q2,78,8000,8400,3,0.0089820359281437123
Q2,78,8400,8800,4,0.011976047904191617
Q2,78,8800,9200,5,0.014970059880239521
Q2,78,9200,9600,8,0.023952095808383235
Q2,78,9600,10000,6,0.017964071856287425
Q2,78,10000,10400,12,0.035928143712574849
Q2,78,10400,10800,291,0.87125748502994016
Q2,79,1200,1600,0,0
Q2,79,1600,2000,0,0
Q2,79,2000,2400,0,0
Q2,79,2400,2800,0,0
Q2,79,2800,3200,0,0
Q2,79,3200,3600,0,0
Q2,79,3600,4000,0,0
Q2,79,4000,4400,0,0
Q2,79,4400,4800,0,0
Q2,79,4800,5200,1,0.0029940119760479044
Q2,79,5200,5600,0,0
Q2,79,5600,6000,0,0
Q2,79,6000,6400,0,0
Q2,79,6400,6800,0,0
Q2,79,6800,7200,1,0.0029940119760479044
Q2,79,7200,7600,2,0.0059880239520958087
Q2,79,7600,8000,0,0
Q2,79,8000,8400,2,0.0059880239520958087
Q2,79,8400,8800,6,0.017964071856287425
Q2,79,8800,9200,4,0.011976047904191617
Q2,79,9200,9600,5,0.014970059880239521
Q2,79,9600,10000,6,0.017964071856287425
Q2,79,10000,10400,11,0.032934131736526949
Q2,79,10400,10800,296,0.88622754491017963
Q2,80,1200,1600,0,0
Q2,80,1600,2000,0,0
Q2,80,2000,2400,0,0
Q2,80,2400,2800,0,0
Q2,80,2800,3200,0,0
Q2,80,3200,3600,0,0
Q2,80,3600,4000,0,0
Q2,80,4000,4400,0,0
Q2,80,4400,4800,0,0
Q2,80,4800,5200,1,0.0029940119760479044
Q2,80,5200,5600,0,0
Q2,80,5600,6000,0,0
Q2,80,6000,6400,0,0
Q2,80,6400,6800,0,0
Q2,80,6800,7200,1,0.0029940119760479044
Q2,80,7200,7600,0,0
Q2,80,7600,8000,2,0.0059880239520958087
Q2,80,8000,8400,1,0.0029940119760479044
Q2,80,8400,8800,5,0.014970059880239521
Q2,80,8800,9200,6,0.017964071856287425
Q2,80,9200,9600,4,0.011976047904191617
Q2,80,9600,10000,6,0.017964071856287425
Q2,80,10000,10400,7,0.020958083832335328
Q2,80,10400,10800,301,0.90119760479041922
Q2,81,1200,1600,0,0
Q2,81,1600,2000,0,0
Q2,81,2000,2400,0,0
Q2,81,2400,2800,0,0
Q2,81,2800,3200,0,0
Q2,81,3200,3600,0,0
Q2,81,3600,4000,0,0
Q2,81,4000,4400,0,0
Q2,81,4400,4800,0,0
Q2,81,4800,5200,1,0.0029940119760479044
Q2,81,5200,5600,0,0
Q2,81,5600,6000,0,0
Q2,81,6000,6400,0,0
Q2,81,6400,6800,0,0
Q2,81,6800,7200,1,0.0029940119760479044
Q2,81,7200,7600,0,0
Q2,81,7600,8000,2,0.0059880239520958087
Q2,81,8000,8400,1,0.0029940119760479044
Q2,81,8400,8800,4,0.011976047904191617
Q2,81,8800,9200,7,0.020958083832335328
Q2,81,9200,9600,3,0.0089820359281437123
Q2,81,9600,10000,5,0.014970059880239521
Q2,81,10000,10400,10,0.029940119760479042
Q2,81,10400,10800,300,0.89820359281437123
Q2,82,1200,1600,0,0
Q2,82,1600,2000,0,0
Q2,82,2000,2400,0,0
Q2,82,2400,2800,0,0
Q2,82,2800,3200,0,0
Q2,82,3200,3600,0,0
Q2,82,3600,4000,0,0
Q2,82,4000,4400,0,0
Q2,82,4400,4800,0,0
Q2,82,4800,5200,1,0.0029940119760479044
Q2,82,5200,5600,0,0
Q2,82,5600,6000,0,0
Q2,82,6000,6400,0,0
Q2,82,6400,6800,0,0
Q2,82,6800,7200,0,0
Q2,82,7200,7600,1,0.0029940119760479044
Q2,82,7600,8000,2,0.0059880239520958087
Q2,82,8000,8400,1,0.0029940119760479044
Q2,82,8400,8800,4,0.011976047904191617
Q2,82,8800,9200,6,0.017964071856287425
Q2,82,9200,9600,4,0.011976047904191617
Q2,82,9600,10000,5,0.014970059880239521
Q2,82,10000,10400,11,0.032934131736526949
Q2,82,10400,10800,299,0.89520958083832336
Q2,83,1200,1600,0,0
Q2,83,1600,2000,0,0
Q2,83,2000,2400,0,0
Q2,83,2400,2800,0,0
Q2,83,2800,3200,0,0
Q2,83,3200,3600,0,0
Q2,83,3600,4000,0,0
Q2,83,4000,4400,0,0
Q2,83,4400,4800,0,0
Q2,83,4800,5200,1,0.0029940119760479044
Q2,83,5200,5600,0,0
Q2,83,5600,6000,0,0
Q2,83,6000,6400,0,0
Q2,83,6400,6800,0,0
Q2,83,6800,7200,0,0
Q2,83,7200,7600,1,0.0029940119760479044
Q2,83,7600,8000,0,0
Q2,83,8000,8400,3,0.0089820359281437123
Q2,83,8400,8800,4,0.011976047904191617
Q2,83,8800,9200,5,0.014970059880239521
Q2,83,9200,9600,5,0.014970059880239521
Q2,83,9600,10000,8,0.023952095808383235
Q2,83,10000,10400,20,0.059880239520958084
Q2,83,10400,10800,287,0.85928143712574845
Q2,84,1200,1600,0,0
Q2,84,1600,2000,0,0
Q2,84,2000,2400,0,0
Q2,84,2400,2800,0,0
Q2,84,2800,3200,0,0
Q2,84,3200,3600,0,0
Q2,84,3600,4000,0,0
Q2,84,4000,4400,0,0
Q2,84,4400,4800,0,0
Q2,84,4800,5200,1,0.0029940119760479044
Q2,84,5200,5600,0,0
Q2,84,5600,6000,0,0
Q2,84,6000,6400,0,0
Q2,84,6400,6800,0,0
Q2,84,6800,7200,0,0
Q2,84,7200,7600,1,0.0029940119760479044
Q2,84,7600,8000,0,0
Q2,84,8000,8400,3,0.0089820359281437123
Q2,84,8400,8800,3,0.0089820359281437123
Q2,84,8800,9200,7,0.020958083832335328
Q2,84,9200,9600,5,0.014970059880239521
Q2,84,9600,10000,18,0.053892215568862277
Q2,84,10000,10400,37,0.11077844311377245
Q2,84,10400,10800,259,0.77544910179640714
Q2,85,1200,1600,0,0
Q2,85,1600,2000,0,0
Q2,85,2000,2400,0,0
Q2,85,2400,2800,0,0
Q2,85,2800,3200,0,0
Q2,85,3200,3600,0,0
Q2,85,3600,4000,0,0
Q2,85,4000,4400,0,0
Q2,85,4400,4800,0,0
Q2,85,4800,5200,1,0.0029940119760479044
Q2,85,5200,5600,0,0
Q2,85,5600,6000,0,0
Q2,85,6000,6400,0,0
Q2,85,6400,6800,0,0
Q2,85,6800,7200,0,0
Q2,85,7200,7600,1,0.0029940119760479044
Q2,85,7600,8000,1,0.0029940119760479044
Q2,85,8000,8400,1,0.0029940119760479044
Q2,85,8400,8800,6,0.017964071856287425
Q2,85,8800,9200,9,0.026946107784431138
Q2,85,9200,9600,10,0.029940119760479042
Q2,85,9600,10000,29,0.086826347305389226
Q2,85,10000,10400,33,0.09880239520958084
Q2,85,10400,10800,243,0.72754491017964074
Q2,86,1200,1600,0,0
Q2,86,1600,2000,0,0
Q2,86,2000,2400,0,0
Q2,86,2400,2800,0,0
Q2,86,2800,3200,0,0
Q2,86,3200,3600,0,0
Q2,86,3600,4000,0,0
Q2,86,4000,4400,0,0
Q2,86,4400,4800,0,0
Q2,86,4800,5200,1,0.0029940119760479044
Q2,86,5200,5600,0,0
Q2,86,5600,6000,0,0
Q2,86,6000,6400,0,0
Q2,86,6400,6800,0,0
Q2,86,6800,7200,0,0
Q2,86,7200,7600,1,0.0029940119760479044
Q2,86,7600,8000,1,0.0029940119760479044
Q2,86,8000,8400,3,0.0089820359281437123
Q2,86,8400,8800,9,0.026946107784431138
Q2,86,8800,9200,14,0.041916167664670656
Q2,86,9200,9600,18,0.053892215568862277
Q2,86,9600,10000,25,0.074850299401197598
Q2,86,10000,10400,31,0.092814371257485026
Q2,86,10400,10800,231,0.69161676646706582
Q2,87,1200,1600,0,0
Q2,87,1600,2000,0,0
Q2,87,2000,2400,0,0
Q2,87,2400,2800,0,0
Q2,87,2800,3200,0,0
Q2,87,3200,3600,0,0
Q2,87,3600,4000,0,0
Q2,87,4000,4400,0,0
Q2,87,4400,4800,1,0.0029940119760479044
Q2,87,4800,5200,0,0
Q2,87,5200,5600,0,0
Q2,87,5600,6000,0,0
Q2,87,6000,6400,0,0
Q2,87,6400,6800,0,0
Q2,87,6800,7200,1,0.0029940119760479044
Q2,87,7200,7600,1,0.0029940119760479044
Q2,87,7600,8000,1,0.0029940119760479044
Q2,87,8000,8400,6,0.017964071856287425
Q2,87,8400,8800,22,0.065868263473053898
Q2,87,8800,9200,14,0.041916167664670656
Q2,87,9200,9600,17,0.05089820359281437
Q2,87,9600,10000,28,0.083832335329341312
Q2,87,10000,10400,33,0.09880239520958084
Q2,87,10400,10800,210,0.62874251497005984
Q2,88,1200,1600,0,0
Q2,88,1600,2000,0,0
Q2,88,2000,2400,0,0
Q2,88,2400,2800,0,0
Q2,88,2800,3200,0,0
Q2,88,3200,3600,0,0
Q2,88,3600,4000,0,0
Q2,88,4000,4400,0,0
Q2,88,4400,4800,1,0.0029940119760479044
Q2,88,4800,5200,0,0
Q2,88,5200,5600,0,0
Q2,88,5600,6000,0,0
Q2,88,6000,6400,0,0
Q2,88,6400,6800,0,0
Q2,88,6800,7200,3,0.0089820359281437123
Q2,88,7200,7600,1,0.0029940119760479044
Q2,88,7600,8000,7,0.020958083832335328
Q2,88,8000,8400,21,0.062874251497005984
Q2,88,8400,8800,11,0.032934131736526949
Q2,88,8800,9200,16,0.04790419161676647
Q2,88,9200,9600,17,0.05089820359281437
Q2,88,9600,10000,26,0.077844311377245512
Q2,88,10000,10400,36,0.10778443113772455
Q2,88,10400,10800,195,0.58383233532934131
Q2,89,1200,1600,0,0
Q2,89,1600,2000,0,0
Q2,89,2000,2400,0,0
Q2,89,2400,2800,0,0
Q2,89,2800,3200,0,0
Q2,89,3200,3600,0,0
Q2,89,3600,4000,0,0
Q2,89,4000,4400,0,0
Q2,89,4400,4800,1,0.0029940119760479044
Q2,89,4800,5200,0,0
Q2,89,5200,5600,0,0
Q2,89,5600,6000,0,0
Q2,89,6000,6400,0,0
Q2,89,6400,6800,0,0
Q2,89,6800,7200,2,0.0059880239520958087
Q2,89,7200,7600,0,0
Q2,89,7600,8000,2,0.0059880239520958087
Q2,89,8000,8400,6,0.017964071856287425
Q2,89,8400,8800,11,0.032934131736526949
Q2,89,8800,9200,19,0.056886227544910177
Q2,89,9200,9600,9,0.026946107784431138
Q2,89,9600,10000,19,0.056886227544910177
Q2,89,10000,10400,33,0.09880239520958084
Q2,89,10400,10800,232,0.69461077844311381
Q2,90,1200,1600,0,0
Q2,90,1600,2000,0,0
Q2,90,2000,2400,0,0
Q2,90,2400,2800,0,0
Q2,90,2800,3200,0,0
Q2,90,3200,3600,0,0
Q2,90,3600,4000,0,0
Q2,90,4000,4400,0,0
Q2,90,4400,4800,1,0.0029940119760479044
Q2,90,4800,5200,0,0
Q2,90,5200,5600,0,0
Q2,90,5600,6000,0,0
Q2,90,6000,6400,0,0
Q2,90,6400,6800,0,0
Q2,90,6800,7200,1,0.0029940119760479044
Q2,90,7200,7600,0,0
Q2,90,7600,8000,1,0.0029940119760479044
Q2,90,8000,8400,2,0.0059880239520958087
Q2,90,8400,8800,6,0.017964071856287425
Q2,90,8800,9200,5,0.014970059880239521
Q2,90,9200,9600,9,0.026946107784431138
Q2,90,9600,10000,17,0.05089820359281437
Q2,90,10000,10400,19,0.056886227544910177
Q2,90,10400,10800,273,0.81736526946107779
Q2,91,1200,1600,0,0
Q2,91,1600,2000,0,0
Q2,91,2000,2400,0,0
Q2,91,2400,2800,0,0
Q2,91,2800,3200,0,0
Q2,91,3200,3600,0,0
Q2,91,3600,4000,0,0
Q2,91,4000,4400,1,0.0029940119760479044
Q2,91,4400,4800,0,0
Q2,91,4800,5200,0,0
Q2,91,5200,5600,0,0
Q2,91,5600,6000,0,0
Q2,91,6000,6400,0,0
Q2,91,6400,6800,0,0
Q2,91,6800,7200,1,0.0029940119760479044
Q2,91,7200,7600,0,0
Q2,91,7600,8000,1,0.0029940119760479044
Q2,91,8000,8400,2,0.0059880239520958087
Q2,91,8400,8800,5,0.014970059880239521
Q2,91,8800,9200,3,0.0089820359281437123
Q2,91,9200,9600,3,0.0089820359281437123
Q2,91,9600,10000,6,0.017964071856287425
Q2,91,10000,10400,19,0.056886227544910177
Q2,91,10400,10800,293,0.8772455089820359
Q2,92,1200,1600,0,0
Q2,92,1600,2000,0,0
Q2,92,2000,2400,0,0
Q2,92,2400,2800,0,0
Q2,92,2800,3200,0,0
Q2,92,3200,3600,0,0
Q2,92,3600,4000,0,0
Q2,92,4000,4400,1,0.0029940119760479044
Q2,92,4400,4800,0,0
Q2,92,4800,5200,0,0
Q2,92,5200,5600,0,0
Q2,92,5600,6000,0,0
Q2,92,6000,6400,0,0
Q2,92,6400,6800,0,0
Q2,92,6800,7200,1,0.0029940119760479044
Q2,92,7200,7600,0,0
Q2,92,7600,8000,1,0.0029940119760479044
Q2,92,8000,8400,2,0.0059880239520958087
Q2,92,8400,8800,6,0.017964071856287425
Q2,92,8800,9200,2,0.0059880239520958087
Q2,92,9200,9600,2,0.0059880239520958087
Q2,92,9600,10000,5,0.014970059880239521
Q2,92,10000,10400,10,0.029940119760479042
Q2,92,10400,10800,304,0.91017964071856283
Q2,93,1200,1600,0,0
Q2,93,1600,2000,0,0
Q2,93,2000,2400,0,0
Q2,93,2400,2800,0,0
Q2,93,2800,3200,0,0
Q2,93,3200,3600,0,0
Q2,93,3600,4000,0,0
Q2,93,4000,4400,1,0.0029940119760479044
Q2,93,4400,4800,0,0
Q2,93,4800,5200,0,0
Q2,93,5200,5600,0,0
Q2,93,5600,6000,0,0
Q2,93,6000,6400,0,0
Q2,93,6400,6800,0,0
Q2,93,6800,7200,1,0.0029940119760479044
Q2,93,7200,7600,0,0
Q2,93,7600,8000,1,0.0029940119760479044
Q2,93,8000,8400,2,0.0059880239520958087
Q2,93,8400,8800,5,0.014970059880239521
Q2,93,8800,9200,3,0.0089820359281437123
Q2,93,9200,9600,2,0.0059880239520958087
Q2,93,9600,10000,5,0.014970059880239521
Q2,93,10000,10400,11,0.032934131736526949
Q2,93,10400,10800,303,0.90718562874251496
Q2,94,1200,1600,0,0
Q2,94,1600,2000,0,0
Q2,94,2000,2400,0,0
Q2,94,2400,2800,0,0
Q2,94,2800,3200,0,0
Q2,94,3200,3600,0,0
Q2,94,3600,4000,0,0
Q2,94,4000,4400,1,0.0029940119760479044
Q2,94,4400,4800,0,0
Q2,94,4800,5200,0,0
Q2,94,5200,5600,0,0
Q2,94,5600,6000,0,0
Q2,94,6000,6400,0,0
Q2,94,6400,6800,1,0.0029940119760479044
Q2,94,6800,7200,0,0
Q2,94,7200,7600,0,0
Q2,94,7600,8000,1,0.0029940119760479044
Q2,94,8000,8400,2,0.0059880239520958087
Q2,94,8400,8800,4,0.011976047904191617
Q2,94,8800,9200,4,0.011976047904191617
Q2,94,9200,9600,1,0.0029940119760479044
Q2,94,9600,10000,6,0.017964071856287425
Q2,94,10000,10400,11,0.032934131736526949
Q2,94,10400,10800,303,0.90718562874251496
Q2,95,1200,1600,0,0
Q2,95,1600,2000,0,0
Q2,95,2000,2400,0,0
Q2,95,2400,2800,0,0
Q2,95,2800,3200,0,0
Q2,95,3200,3600,0,0
Q2,95,3600,4000,1,0.0029940119760479044
Q2,95,4000,4400,0,0
Q2,95,4400,4800,0,0
Q2,95,4800,5200,0,0
Q2,95,5200,5600,0,0
Q2,95,5600,6000,0,0
Q2,95,6000,6400,0,0
Q2,95,6400,6800,1,0.0029940119760479044
Q2,95,6800,7200,0,0
Q2,95,7200,7600,0,0
Q2,95,7600,8000,2,0.0059880239520958087
Q2,95,8000,8400,1,0.0029940119760479044
Q2,95,8400,8800,3,0.0089820359281437123
Q2,95,8800,9200,5,0.014970059880239521
Q2,95,9200,9600,2,0.0059880239520958087
Q2,95,9600,10000,5,0.014970059880239521
Q2,95,10000,10400,10,0.029940119760479042
Q2,95,10400,10800,304,0.91017964071856283
Q2,96,1200,1600,0,0
Q2,96,1600,2000,0,0
Q2,96,2000,2400,0,0
Q2,96,2400,2800,0,0
Q2,96,2800,3200,0,0
Q2,96,3200,3600,0,0
Q2,96,3600,4000,1,0.0029940119760479044
Q2,96,4000,4400,0,0
Q2,96,4400,4800,0,0
Q2,96,4800,5200,0,0
Q2,96,5200,5600,0,0
Q2,96,5600,6000,0,0
Q2,96,6000,6400,0,0
Q2,96,6400,6800,1,0.0029940119760479044
Q2,96,6800,7200,0,0
Q2,96,7200,7600,0,0
Q2,96,7600,8000,3,0.0089820359281437123
Q2,96,8000,8400,0,0
Q2,96,8400,8800,3,0.0089820359281437123
Q2,96,8800,9200,5,0.014970059880239521
Q2,96,9200,9600,2,0.0059880239520958087
Q2,96,9600,10000,5,0.014970059880239521
Q2,96,10000,10400,8,0.023952095808383235
Q2,96,10400,10800,306,0.91616766467065869
Q2,97,1200,1600,0,0
Q2,97,1600,2000,0,0
Q2,97,2000,2400,0,0
Q2,97,2400,2800,0,0
Q2,97,2800,3200,0,0
Q2,97,3200,3600,0,0
Q2,97,3600,4000,1,0.0029940119760479044
Q2,97,4000,4400,0,0
Q2,97,4400,4800,0,0
Q2,97,4800,5200,0,0
Q2,97,5200,5600,0,0
Q2,97,5600,6000,0,0
Q2,97,6000,6400,0,0
Q2,97,6400,6800,1,0.0029940119760479044
Q2,97,6800,7200,0,0
Q2,97,7200,7600,0,0
Q2,97,7600,8000,3,0.0089820359281437123
Q2,97,8000,8400,0,0
Q2,97,8400,8800,3,0.0089820359281437123
Q2,97,8800,9200,4,0.011976047904191617
Q2,97,9200,9600,3,0.0089820359281437123
Q2,97,9600,10000,6,0.017964071856287425
Q2,97,10000,10400,7,0.020958083832335328
Q2,97,10400,10800,306,0.91616766467065869
Q2,98,1200,1600,0,0
Q2,98,1600,2000,0,0
Q2,98,2000,2400,0,0
Q2,98,2400,2800,0,0
Q2,98,2800,3200,0,0
Q2,98,3200,3600,0,0
Q2,98,3600,4000,1,0.0029940119760479044
Q2,98,4000,4400,0,0
Q2,98,4400,4800,0,0
Q2,98,4800,5200,0,0
Q2,98,5200,5600,0,0
Q2,98,5600,6000,0,0
Q2,98,6000,6400,0,0
Q2,98,6400,6800,1,0.0029940119760479044
Q2,98,6800,7200,0,0
Q2,98,7200,7600,0,0
Q2,98,7600,8000,3,0.0089820359281437123
Q2,98,8000,8400,1,0.0029940119760479044
Q2,98,8400,8800,1,0.0029940119760479044
Q2,98,8800,9200,6,0.017964071856287425
Q2,98,9200,9600,2,0.0059880239520958087
Q2,98,9600,10000,6,0.017964071856287425
Q2,98,10000,10400,7,0.020958083832335328
Q2,98,10400,10800,306,0.91616766467065869
Q2,99,1200,1600,0,0
Q2,99,1600,2000,0,0
Q2,99,2000,2400,0,0
Q2,99,2400,2800,0,0
Q2,99,2800,3200,0,0
Q2,99,3200,3600,0,0
Q2,99,3600,4000,1,0.0029940119760479044
Q2,99,4000,4400,0,0
Q2,99,4400,4800,0,0
Q2,99,4800,5200,0,0
Q2,99,5200,5600,0,0
Q2,99,5600,6000,0,0
Q2,99,6000,6400,0,0
Q2,99,6400,6800,1,0.0029940119760479044
Q2,99,6800,7200,0,0
Q2,99,7200,7600,0,0
Q2,99,7600,8000,3,0.0089820359281437123
Q2,99,8000,8400,1,0.0029940119760479044
Q2,99,8400,8800,1,0.0029940119760479044
Q2,99,8800,9200,6,0.017964071856287425
Q2,99,9200,9600,3,0.0089820359281437123
Q2,99,9600,10000,5,0.014970059880239521
Q2,99,10000,10400,9,0.026946107784431138
Q2,99,10400,10800,304,0.91017964071856283
Q2,100,1200,1600,0,0
Q2,100,1600,2000,0,0
Q2,100,2000,2400,0,0
Q2,100,2400,2800,0,0
Q2,100,2800,3200,0,0
Q2,100,3200,3600,1,0.0029940119760479044
Q2,100,3600,4000,0,0
Q2,100,4000,4400,0,0
Q2,100,4400,4800,0,0
Q2,100,4800,5200,0,0
Q2,100,5200,5600,0,0
Q2,100,5600,6000,0,0
Q2,100,6000,6400,0,0
Q2,100,6400,6800,1,0.0029940119760479044
Q2,100,6800,7200,0,0
Q2,100,7200,7600,0,0
Q2,100,7600,8000,3,0.0089820359281437123
Q2,100,8000,8400,1,0.0029940119760479044
Q2,100,8400,8800,1,0.0029940119760479044
Q2,100,8800,9200,6,0.017964071856287425
Q2,100,9200,9600,2,0.0059880239520958087
Q2,100,9600,10000,6,0.017964071856287425
Q2,100,10000,10400,9,0.026946107784431138
Q2,100,10400,10800,304,0.91017964071856283
Q2,101,1200,1600,0,0
Q2,101,1600,2000,0,0
Q2,101,2000,2400,0,0
Q2,101,2400,2800,0,0
Q2,101,2800,3200,0,0
Q2,101,3200,3600,1,0.0029940119760479044
Q2,101,3600,4000,0,0
Q2,101,4000,4400,0,0
Q2,101,4400,4800,0,0
Q2,101,4800,5200,0,0
Q2,101,5200,5600,0,0
Q2,101,5600,6000,0,0
Q2,101,6000,6400,0,0
Q2,101,6400,6800,1,0.0029940119760479044
Q2,101,6800,7200,0,0
Q2,101,7200,7600,1,0.0029940119760479044
Q2,101,7600,8000,2,0.0059880239520958087
Q2,101,8000,8400,1,0.0029940119760479044
Q2,101,8400,8800,1,0.0029940119760479044
Q2,101,8800,9200,5,0.014970059880239521
Q2,101,9200,9600,2,0.0059880239520958087
Q2,101,9600,10000,7,0.020958083832335328
Q2,101,10000,10400,10,0.029940119760479042
Q2,101,10400,10800,303,0.90718562874251496
Q2,102,1200,1600,0,0
Q2,102,1600,2000,0,0
Q2,102,2000,2400,0,0
Q2,102,2400,2800,0,0
Q2,102,2800,3200,0,0
Q2,102,3200,3600,1,0.0029940119760479044
Q2,102,3600,4000,0,0
Q2,102,4000,4400,0,0
Q2,102,4400,4800,0,0
Q2,102,4800,5200,0,0
Q2,102,5200,5600,0,0
Q2,102,5600,6000,0,0
Q2,102,6000,6400,0,0
Q2,102,6400,6800,1,0.0029940119760479044
Q2,102,6800,7200,0,0
Q2,102,7200,7600,1,0.0029940119760479044
Q2,102,7600,8000,2,0.0059880239520958087
Q2,102,8000,8400,1,0.0029940119760479044
Q2,102,8400,8800,2,0.0059880239520958087
Q2,102,8800,9200,4,0.011976047904191617
Q2,102,9200,9600,2,0.0059880239520958087
Q2,102,9600,10000,7,0.020958083832335328
Q2,102,10000,10400,10,0.029940119760479042
Q2,102,10400,10800,303,0.90718562874251496
Q2,103,1200,1600,0,0
Q2,103,1600,2000,0,0
Q2,103,2000,2400,0,0
Q2,103,2400,2800,0,0
Q2,103,2800,3200,0,0
Q2,103,3200,3600,1,0.0029940119760479044
Q2,103,3600,4000,0,0
Q2,103,4000,4400,0,0
Q2,103,4400,4800,0,0
Q2,103,4800,5200,0,0
Q2,103,5200,5600,0,0
Q2,103,5600,6000,0,0
Q2,103,6000,6400,0,0
Q2,103,6400,6800,0,0
Q2,103,6800,7200,1,0.0029940119760479044
Q2,103,7200,7600,1,0.0029940119760479044
Q2,103,7600,8000,2,0.0059880239520958087
Q2,103,8000,8400,1,0.0029940119760479044
Q2,103,8400,8800,1,0.0029940119760479044
Q2,103,8800,9200,5,0.014970059880239521
Q2,103,9200,9600,2,0.0059880239520958087
Q2,103,9600,10000,5,0.014970059880239521
Q2,103,10000,10400,13,0.038922155688622756
Q2,103,10400,10800,302,0.90419161676646709
Q2,104,1200,1600,0,0
Q2,104,1600,2000,0,0
Q2,104,2000,2400,0,0
Q2,104,2400,2800,0,0
Q2,104,2800,3200,0,0
Q2,104,3200,3600,1,0.0029940119760479044
Q2,104,3600,4000,0,0
Q2,104,4000,4400,0,0
Q2,104,4400,4800,0,0
Q2,104,4800,5200,0,0
Q2,104,5200,5600,0,0
Q2,104,5600,6000,0,0
Q2,104,6000,6400,0,0
Q2,104,6400,6800,0,0
Q2,104,6800,7200,1,0.0029940119760479044
Q2,104,7200,7600,1,0.0029940119760479044
Q2,104,7600,8000,2,0.0059880239520958087
Q2,104,8000,8400,1,0.0029940119760479044
Q2,104,8400,8800,2,0.0059880239520958087
Q2,104,8800,9200,4,0.011976047904191617
Q2,104,9200,9600,1,0.0029940119760479044
Q2,104,9600,10000,6,0.017964071856287425
Q2,104,10000,10400,13,0.038922155688622756
Q2,104,10400,10800,302,0.90419161676646709
Q2,105,1200,1600,0,0
Q2,105,1600,2000,0,0
Q2,105,2000,2400,0,0
Q2,105,2400,2800,0,0
Q2,105,2800,3200,0,0
Q2,105,3200,3600,1,0.0029940119760479044
Q2,105,3600,4000,0,0
Q2,105,4000,4400,0,0
Q2,105,4400,4800,0,0
Q2,105,4800,5200,0,0
Q2,105,5200,5600,0,0
Q2,105,5600,6000,0,0
Q2,105,6000,6400,0,0
Q2,105,6400,6800,0,0
Q2,105,6800,7200,1,0.0029940119760479044
Q2,105,7200,7600,2,0.0059880239520958087
Q2,105,7600,8000,1,0.0029940119760479044
Q2,105,8000,8400,1,0.0029940119760479044
Q2,105,8400,8800,2,0.0059880239520958087
Q2,105,8800,9200,4,0.011976047904191617
Q2,105,9200,9600,1,0.0029940119760479044
Q2,105,9600,10000,6,0.017964071856287425
Q2,105,10000,10400,13,0.038922155688622756
Q2,105,10400,10800,302,0.90419161676646709
Q2,106,1200,1600,0,0
Q2,106,1600,2000,0,0
Q2,106,2000,2400,0,0
Q2,106,2400,2800,0,0
Q2,106,2800,3200,0,0
Q2,106,3200,3600,1,0.0029940119760479044
Q2,106,3600,4000,0,0
Q2,106,4000,4400,0,0
Q2,106,4400,4800,0,0
Q2,106,4800,5200,0,0
Q2,106,5200,5600,0,0
Q2,106,5600,6000,0,0
Q2,106,6000,6400,0,0
Q2,106,6400,6800,0,0
Q2,106,6800,7200,1,0.0029940119760479044
Q2,106,7200,7600,2,0.0059880239520958087
Q2,106,7600,8000,1,0.0029940119760479044
Q2,106,8000,8400,1,0.0029940119760479044
Q2,106,8400,8800,2,0.0059880239520958087
Q2,106,8800,9200,4,0.011976047904191617
Q2,106,9200,9600,1,0.0029940119760479044
Q2,106,9600,10000,7,0.020958083832335328
Q2,106,10000,10400,15,0.044910179640718563
Q2,106,10400,10800,299,0.89520958083832336
Q2,107,1200,1600,0,0
Q2,107,1600,2000,0,0
Q2,107,2000,2400,0,0
Q2,107,2400,2800,0,0
Q2,107,2800,3200,1,0.0029940119760479044
Q2,107,3200,3600,0,0
Q2,107,3600,4000,0,0
Q2,107,4000,4400,0,0
Q2,107,4400,4800,0,0
Q2,107,4800,5200,0,0
Q2,107,5200,5600,0,0
Q2,107,5600,6000,0,0
Q2,107,6000,6400,0,0
Q2,107,6400,6800,1,0.0029940119760479044
Q2,107,6800,7200,1,0.0029940119760479044
Q2,107,7200,7600,2,0.0059880239520958087
Q2,107,7600,8000,0,0
Q2,107,8000,8400,1,0.0029940119760479044
Q2,107,8400,8800,2,0.0059880239520958087
Q2,107,8800,9200,4,0.011976047904191617
Q2,107,9200,9600,2,0.0059880239520958087
Q2,107,9600,10000,12,0.035928143712574849
Q2,107,10000,10400,44,0.1317365269461078
Q2,107,10400,10800,264,0.79041916167664672
Q2,108,1200,1600,0,0
Q2,108,1600,2000,0,0
Q2,108,2000,2400,0,0
Q2,108,2400,2800,0,0
Q2,108,2800,3200,1,0.0029940119760479044
Q2,108,3200,3600,0,0
Q2,108,3600,4000,0,0
Q2,108,4000,4400,0,0
Q2,108,4400,4800,0,0
Q2,108,4800,5200,0,0
Q2,108,5200,5600,0,0
Q2,108,5600,6000,0,0
Q2,108,6000,6400,0,0
Q2,108,6400,6800,1,0.0029940119760479044
Q2,108,6800,7200,1,0.0029940119760479044
Q2,108,7200,7600,2,0.0059880239520958087
Q2,108,7600,8000,0,0
Q2,108,8000,8400,1,0.0029940119760479044
Q2,108,8400,8800,2,0.0059880239520958087
Q2,108,8800,9200,5,0.014970059880239521
Q2,108,9200,9600,11,0.032934131736526949
Q2,108,9600,10000,41,0.12275449101796407
Q2,108,10000,10400,33,0.09880239520958084
Q2,108,10400,10800,236,0.70658682634730541
Q2,109,1200,1600,0,0
Q2,109,1600,2000,0,0
Q2,109,2000,2400,0,0
Q2,109,2400,2800,0,0
Q2,109,2800,3200,1,0.0029940119760479044
Q2,109,3200,3600,0,0
Q2,109,3600,4000,0,0
Q2,109,4000,4400,0,0
Q2,109,4400,4800,0,0
Q2,109,4800,5200,0,0
Q2,109,5200,5600,0,0
Q2,109,5600,6000,0,0
Q2,109,6000,6400,0,0
Q2,109,6400,6800,1,0.0029940119760479044
Q2,109,6800,7200,2,0.0059880239520958087
Q2,109,7200,7600,1,0.0029940119760479044
Q2,109,7600,8000,0,0
Q2,109,8000,8400,1,0.0029940119760479044
Q2,109,8400,8800,3,0.0089820359281437123
Q2,109,8800,9200,15,0.044910179640718563
Q2,109,9200,9600,37,0.11077844311377245
Q2,109,9600,10000,13,0.038922155688622756
Q2,109,10000,10400,24,0.071856287425149698
Q2,109,10400,10800,236,0.70658682634730541
Q2,110,1200,1600,0,0
Q2,110,1600,2000,0,0
Q2,110,2000,2400,0,0
Q2,110,2400,2800,0,0
Q2,110,2800,3200,1,0.0029940119760479044
Q2,110,3200,3600,0,0
Q2,110,3600,4000,0,0
Q2,110,4000,4400,0,0
Q2,110,4400,4800,0,0
Q2,110,4800,5200,0,0
Q2,110,5200,5600,0,0
Q2,110,5600,6000,0,0
Q2,110,6000,6400,0,0
Q2,110,6400,6800,1,0.0029940119760479044
Q2,110,6800,7200,2,0.0059880239520958087
Q2,110,7200,7600,1,0.0029940119760479044
Q2,110,7600,8000,0,0
Q2,110,8000,8400,1,0.0029940119760479044
Q2,110,8400,8800,25,0.074850299401197598
Q2,110,8800,9200,28,0.083832335329341312
Q2,110,9200,9600,11,0.032934131736526949
Q2,110,9600,10000,19,0.056886227544910177
Q2,110,10000,10400,10,0.029940119760479042
Q2,110,10400,10800,235,0.70359281437125754
Q2,111,1200,1600,0,0
Q2,111,1600,2000,0,0
Q2,111,2000,2400,0,0
Q2,111,2400,2800,0,0
Q2,111,2800,3200,1,0.0029940119760479044
Q2,111,3200,3600,0,0
Q2,111,3600,4000,0,0
Q2,111,4000,4400,0,0
Q2,111,4400,4800,0,0
Q2,111,4800,5200,0,0
Q2,111,5200,5600,0,0
Q2,111,5600,6000,0,0
Q2,111,6000,6400,0,0
Q2,111,6400,6800,2,0.0059880239520958087
Q2,111,6800,7200,1,0.0029940119760479044
Q2,111,7200,7600,2,0.0059880239520958087
Q2,111,7600,8000,2,0.0059880239520958087
Q2,111,8000,8400,36,0.10778443113772455
Q2,111,8400,8800,14,0.041916167664670656
Q2,111,8800,9200,7,0.020958083832335328
Q2,111,9200,9600,14,0.041916167664670656
Q2,111,9600,10000,10,0.029940119760479042
Q2,111,10000,10400,10,0.029940119760479042
Q2,111,10400,10800,235,0.70359281437125754
Q2,112,1200,1600,0,0
Q2,112,1600,2000,0,0
Q2,112,2000,2400,0,0
Q2,112,2400,2800,0,0
Q2,112,2800,3200,1,0.0029940119760479044
Q2,112,3200,3600,0,0
Q2,112,3600,4000,0,0
Q2,112,4000,4400,0,0
Q2,112,4400,4800,0,0
Q2,112,4800,5200,0,0
Q2,112,5200,5600,0,0
Q2,112,5600,6000,0,0
Q2,112,6000,6400,1,0.0029940119760479044
Q2,112,6400,6800,1,0.0029940119760479044
Q2,112,6800,7200,3,0.0089820359281437123
Q2,112,7200,7600,7,0.020958083832335328
Q2,112,7600,8000,37,0.11077844311377245
Q2,112,8000,8400,8,0.023952095808383235
Q2,112,8400,8800,8,0.023952095808383235
Q2,112,8800,9200,12,0.035928143712574849
Q2,112,9200,9600,8,0.023952095808383235
Q2,112,9600,10000,8,0.023952095808383235
Q2,112,10000,10400,66,0.19760479041916168
Q2,112,10400,10800,174,0.52095808383233533
Q2,113,1200,1600,0,0
Q2,113,1600,2000,0,0
Q2,113,2000,2400,1,0.0029940119760479044
Q2,113,2400,2800,0,0
Q2,113,2800,3200,0,0
Q2,113,3200,3600,0,0
Q2,113,3600,4000,0,0
Q2,113,4000,4400,0,0
Q2,113,4400,4800,0,0
Q2,113,4800,5200,0,0
Q2,113,5200,5600,1,0.0029940119760479044
Q2,113,5600,6000,2,0.0059880239520958087
Q2,113,6000,6400,1,0.0029940119760479044
Q2,113,6400,6800,1,0.0029940119760479044
Q2,113,6800,7200,11,0.032934131736526949
Q2,113,7200,7600,35,0.10479041916167664
Q2,113,7600,8000,11,0.032934131736526949
Q2,113,8000,8400,10,0.029940119760479042
Q2,113,8400,8800,12,0.035928143712574849
Q2,113,8800,9200,9,0.026946107784431138
Q2,113,9200,9600,62,0.18562874251497005
Q2,113,9600,10000,121,0.36227544910179643
Q2,113,10000,10400,57,0.17065868263473055
Q2,113,10400,10800,0,0
Q2,114,1200,1600,1,0.0029940119760479044
Q2,114,1600,2000,0,0
Q2,114,2000,2400,0,0
Q2,114,2400,2800,0,0
Q2,114,2800,3200,0,0
Q2,114,3200,3600,0,0
Q2,114,3600,4000,0,0
Q2,114,4000,4400,0,0
Q2,114,4400,4800,1,0.0029940119760479044
Q2,114,4800,5200,2,0.0059880239520958087
Q2,114,5200,5600,1,0.0029940119760479044
Q2,114,5600,6000,1,0.0029940119760479044
Q2,114,6000,6400,2,0.0059880239520958087
Q2,114,6400,6800,23,0.068862275449101798
Q2,114,6800,7200,26,0.077844311377245512
Q2,114,7200,7600,12,0.035928143712574849
Q2,114,7600,8000,13,0.038922155688622756
Q2,114,8000,8400,14,0.041916167664670656
Q2,114,8400,8800,54,0.16167664670658682
Q2,114,8800,9200,126,0.3772455089820359
Q2,114,9200,9600,58,0.17365269461077845
Q2,114,9600,10000,0,0
Q2,114,10000,10400,0,0
Q2,114,10400,10800,0,0
Q2,115,1200,1600,1,0.0029940119760479044
Q2,115,1600,2000,0,0
Q2,115,2000,2400,0,0
Q2,115,2400,2800,0,0
Q2,115,2800,3200,0,0
Q2,115,3200,3600,0,0
Q2,115,3600,4000,1,0.0029940119760479044
Q2,115,4000,4400,2,0.0059880239520958087
Q2,115,4400,4800,1,0.0029940119760479044
Q2,115,4800,5200,0,0
Q2,115,5200,5600,2,0.0059880239520958087
Q2,115,5600,6000,7,0.020958083832335328
Q2,115,6000,6400,29,0.086826347305389226
Q2,115,6400,6800,19,0.056886227544910177
Q2,115,6800,7200,16,0.04790419161676647
Q2,115,7200,7600,14,0.041916167664670656
Q2,115,7600,8000,53,0.15868263473053892
Q2,115,8000,8400,123,0.36826347305389223
Q2,115,8400,8800,65,0.19461077844311378
Q2,115,8800,9200,1,0.0029940119760479044
Q2,115,9200,9600,0,0
Q2,115,9600,10000,0,0
Q2,115,10000,10400,0,0
Q2,115,10400,10800,0,0
Q2,116,1200,1600,1,0.0029940119760479044
Q2,116,1600,2000,0,0
Q2,116,2000,2400,0,0
Q2,116,2400,2800,0,0
Q2,116,2800,3200,1,0.0029940119760479044
Q2,116,3200,3600,2,0.0059880239520958087
Q2,116,3600,4000,1,0.0029940119760479044
Q2,116,4000,4400,0,0
Q2,116,4400,4800,1,0.0029940119760479044
Q2,116,4800,5200,6,0.017964071856287425
Q2,116,5200,5600,6,0.017964071856287425
Q2,116,5600,6000,38,0.11377245508982035
Q2,116,6000,6400,15,0.044910179640718563
Q2,116,6400,6800,20,0.059880239520958084
Q2,116,6800,7200,54,0.16167664670658682
Q2,116,7200,7600,122,0.3652694610778443
Q2,116,7600,8000,63,0.18862275449101795
Q2,116,8000,8400,4,0.011976047904191617
Q2,116,8400,8800,0,0
Q2,116,8800,9200,0,0
Q2,116,9200,9600,0,0
Q2,116,9600,10000,0,0
Q2,116,10000,10400,0,0
Q2,116,10400,10800,0,0
Q2,117,1200,1600,1,0.0029940119760479044
Q2,117,1600,2000,0,0
Q2,117,2000,2400,1,0.0029940119760479044
Q2,117,2400,2800,2,0.0059880239520958087
Q2,117,2800,3200,1,0.0029940119760479044
Q2,117,3200,3600,0,0
Q2,117,3600,4000,0,0
Q2,117,4000,4400,5,0.014970059880239521
Q2,117,4400,4800,3,0.0089820359281437123
Q2,117,4800,5200,12,0.035928143712574849
Q2,117,5200,5600,38,0.11377245508982035
Q2,117,5600,6000,22,0.065868263473053898
Q2,117,6000,6400,58,0.17365269461077845
Q2,117,6400,6800,122,0.3652694610778443
Q2,117,6800,7200,60,0.17964071856287425
Q2,117,7200,7600,9,0.026946107784431138
Q2,117,7600,8000,0,0
Q2,117,8000,8400,0,0
Q2,117,8400,8800,0,0
Q2,117,8800,9200,0,0
Q2,117,9200,9600,0,0
Q2,117,9600,10000,0,0
Q2,117,10000,10400,0,0
Q2,117,10400,10800,0,0
Q2,118,1200,1600,2,0.0059880239520958087
Q2,118,1600,2000,2,0.0059880239520958087
Q2,118,2000,2400,1,0.0029940119760479044
Q2,118,2400,2800,0,0
Q2,118,2800,3200,1,0.0029940119760479044
Q2,118,3200,3600,2,0.0059880239520958087
Q2,118,3600,4000,6,0.017964071856287425
Q2,118,4000,4400,3,0.0089820359281437123
Q2,118,4400,4800,28,0.083832335329341312
Q2,118,4800,5200,31,0.092814371257485026
Q2,118,5200,5600,69,0.20658682634730538
Q2,118,5600,6000,116,0.3473053892215569
Q2,118,6000,6400,57,0.17065868263473055
Q2,118,6400,6800,15,0.044910179640718563
Q2,118,6800,7200,1,0.0029940119760479044
Q2,118,7200,7600,0,0
Q2,118,7600,8000,0,0
Q2,118,8000,8400,0,0
Q2,118,8400,8800,0,0
Q2,118,8800,9200,0,0
Q2,118,9200,9600,0,0
Q2,118,9600,10000,0,0
Q2,118,10000,10400,0,0
Q2,118,10400,10800,0,0
Q2,119,1200,1600,5,0.014970059880239521
Q2,119,1600,2000,0,0
Q2,119,2000,2400,1,0.0029940119760479044
Q2,119,2400,2800,2,0.0059880239520958087
Q2,119,2800,3200,5,0.014970059880239521
Q2,119,3200,3600,3,0.0089820359281437123
Q2,119,3600,4000,10,0.029940119760479042
Q2,119,4000,4400,40,0.11976047904191617
Q2,119,4400,4800,76,0.22754491017964071
Q2,119,4800,5200,110,0.32934131736526945
Q2,119,5200,5600,51,0.15269461077844312
Q2,119,5600,6000,29,0.086826347305389226
Q2,119,6000,6400,2,0.0059880239520958087
Q2,119,6400,6800,0,0
Q2,119,6800,7200,0,0
Q2,119,7200,7600,0,0
Q2,119,7600,8000,0,0
Q2,119,8000,8400,0,0
Q2,119,8400,8800,0,0
Q2,119,8800,9200,0,0
Q2,119,9200,9600,0,0
Q2,119,9600,10000,0,0
Q2,119,10000,10400,0,0
Q2,119,10400,10800,0,0
Q2,120,1200,1600,7,0.020958083832335328
Q2,120,1600,2000,1,0.0029940119760479044
Q2,120,2000,2400,4,0.011976047904191617
Q2,120,2400,2800,4,0.011976047904191617
Q2,120,2800,3200,7,0.020958083832335328
Q2,120,3200,3600,17,0.05089820359281437
Q2,120,3600,4000,95,0.28443113772455092
Q2,120,4000,4400,110,0.32934131736526945
Q2,120,4400,4800,51,0.15269461077844312
Q2,120,4800,5200,33,0.09880239520958084
Q2,120,5200,5600,4,0.011976047904191617
Q2,120,5600,6000,1,0.0029940119760479044
Q2,120,6000,6400,0,0
Q2,120,6400,6800,0,0
Q2,120,6800,7200,0,0
Q2,120,7200,7600,0,0
Q2,120,7600,8000,0,0
Q2,120,8000,8400,0,0
Q2,120,8400,8800,0,0
Q2,120,8800,9200,0,0
Q2,120,9200,9600,0,0
Q2,120,9600,10000,0,0
Q2,120,10000,10400,0,0
Q2,120,10400,10800,0,0
Q2,121,1200,1600,9,0.026946107784431138
Q2,121,1600,2000,4,0.011976047904191617
Q2,121,2000,2400,8,0.023952095808383235
Q2,121,2400,2800,6,0.017964071856287425
Q2,121,2800,3200,51,0.15269461077844312
Q2,121,3200,3600,121,0.36227544910179643
Q2,121,3600,4000,53,0.15868263473053892
Q2,121,4000,4400,44,0.1317365269461078
Q2,121,4400,4800,28,0.083832335329341312
Q2,121,4800,5200,10,0.029940119760479042
Q2,121,5200,5600,0,0
Q2,121,5600,6000,0,0
Q2,121,6000,6400,0,0
Q2,121,6400,6800,0,0
Q2,121,6800,7200,0,0
Q2,121,7200,7600,0,0
Q2,121,7600,8000,0,0
Q2,121,8000,8400,0,0
Q2,121,8400,8800,0,0
Q2,121,8800,9200,0,0
Q2,121,9200,9600,0,0
Q2,121,9600,10000,0,0
Q2,121,10000,10400,0,0
Q2,121,10400,10800,0,0
Q2,122,1200,1600,20,0.059880239520958084
Q2,122,1600,2000,8,0.023952095808383235
Q2,122,2000,2400,40,0.11976047904191617
Q2,122,2400,2800,114,0.3413173652694611
Q2,122,2800,3200,64,0.19161676646706588
Q2,122,3200,3600,47,0.1407185628742515
Q2,122,3600,4000,23,0.068862275449101798
Q2,122,4000,4400,17,0.05089820359281437
Q2,122,4400,4800,1,0.0029940119760479044
Q2,122,4800,5200,0,0
Q2,122,5200,5600,0,0
Q2,122,5600,6000,0,0
Q2,122,6000,6400,0,0
Q2,122,6400,6800,0,0
Q2,122,6800,7200,0,0
Q2,122,7200,7600,0,0
Q2,122,7600,8000,0,0
Q2,122,8000,8400,0,0
Q2,122,8400,8800,0,0
Q2,122,8800,9200,0,0
Q2,122,9200,9600,0,0
Q2,122,9600,10000,0,0
Q2,122,10000,10400,0,0
Q2,122,10400,10800,0,0
Q2,123,1200,1600,73,0.21856287425149701
Q2,123,1600,2000,87,0.26047904191616766
Q2,123,2000,2400,72,0.21556886227544911
Q2,123,2400,2800,52,0.15568862275449102
Q2,123,2800,3200,29,0.086826347305389226
Q2,123,3200,3600,17,0.05089820359281437
Q2,123,3600,4000,4,0.011976047904191617
Q2,123,4000,4400,0,0
Q2,123,4400,4800,0,0
Q2,123,4800,5200,0,0
Q2,123,5200,5600,0,0
Q2,123,5600,6000,0,0
Q2,123,6000,6400,0,0
Q2,123,6400,6800,0,0
Q2,123,6800,7200,0,0
Q2,123,7200,7600,0,0
Q2,123,7600,8000,0,0
Q2,123,8000,8400,0,0
Q2,123,8400,8800,0,0
Q2,123,8800,9200,0,0
Q2,123,9200,9600,0,0
Q2,123,9600,10000,0,0
Q2,123,10000,10400,0,0
Q2,123,10400,10800,0,0
Q2,124,1200,1600,94,0.28143712574850299
Q2,124,1600,2000,122,0.3652694610778443
Q2,124,2000,2400,36,0.10778443113772455
Q2,124,2400,2800,35,0.10479041916167664
Q2,124,2800,3200,24,0.071856287425149698
Q2,124,3200,3600,22,0.065868263473053898
Q2,124,3600,4000,1,0.0029940119760479044
Q2,124,4000,4400,0,0
Q2,124,4400,4800,0,0
Q2,124,4800,5200,0,0
Q2,124,5200,5600,0,0
Q2,124,5600,6000,0,0
Q2,124,6000,6400,0,0
Q2,124,6400,6800,0,0
Q2,124,6800,7200,0,0
Q2,124,7200,7600,0,0
Q2,124,7600,8000,0,0
Q2,124,8000,8400,0,0
Q2,124,8400,8800,0,0
Q2,124,8800,9200,0,0
Q2,124,9200,9600,0,0
Q2,124,9600,10000,0,0
Q2,124,10000,10400,0,0
Q2,124,10400,10800,0,0
Q2,125,1200,1600,95,0.28443113772455092
Q2,125,1600,2000,119,0.35628742514970058
Q2,125,2000,2400,39,0.11676646706586827
Q2,125,2400,2800,34,0.10179640718562874
Q2,125,2800,3200,22,0.065868263473053898
Q2,125,3200,3600,20,0.059880239520958084
Q2,125,3600,4000,5,0.014970059880239521
Q2,125,4000,4400,0,0
Q2,125,4400,4800,0,0
Q2,125,4800,5200,0,0
Q2,125,5200,5600,0,0
Q2,125,5600,6000,0,0
Q2,125,6000,6400,0,0
Q2,125,6400,6800,0,0
Q2,125,6800,7200,0,0
Q2,125,7200,7600,0,0
Q2,125,7600,8000,0,0
Q2,125,8000,8400,0,0
Q2,125,8400,8800,0,0
Q2,125,8800,9200,0,0
Q2,125,9200,9600,0,0
Q2,125,9600,10000,0,0
Q2,125,10000,10400,0,0
Q2,125,10400,10800,0,0
Q2,126,1200,1600,96,0.28742514970059879
Q2,126,1600,2000,117,0.35029940119760478
Q2,126,2000,2400,37,0.11077844311377245
Q2,126,2400,2800,28,0.083832335329341312
Q2,126,2800,3200,24,0.071856287425149698
Q2,126,3200,3600,24,0.071856287425149698
Q2,126,3600,4000,8,0.023952095808383235
Q2,126,4000,4400,0,0
Q2,126,4400,4800,0,0
Q2,126,4800,5200,0,0
Q2,126,5200,5600,0,0
Q2,126,5600,6000,0,0
Q2,126,6000,6400,0,0
Q2,126,6400,6800,0,0
Q2,126,6800,7200,0,0
Q2,126,7200,7600,0,0
Q2,126,7600,8000,0,0
Q2,126,8000,8400,0,0
Q2,126,8400,8800,0,0
Q2,126,8800,9200,0,0
Q2,126,9200,9600,0,0
Q2,126,9600,10000,0,0
Q2,126,10000,10400,0,0
Q2,126,10400,10800,0,0
Q2,127,1200,1600,99,0.29640718562874252
Q2,127,1600,2000,114,0.3413173652694611
Q2,127,2000,2400,34,0.10179640718562874
Q2,127,2400,2800,28,0.083832335329341312
Q2,127,2800,3200,26,0.077844311377245512
Q2,127,3200,3600,24,0.071856287425149698
Q2,127,3600,4000,9,0.026946107784431138
Q2,127,4000,4400,0,0
Q2,127,4400,4800,0,0
Q2,127,4800,5200,0,0
Q2,127,5200,5600,0,0
Q2,127,5600,6000,0,0
Q2,127,6000,6400,0,0
Q2,127,6400,6800,0,0
Q2,127,6800,7200,0,0
Q2,127,7200,7600,0,0
Q2,127,7600,8000,0,0
Q2,127,8000,8400,0,0
Q2,127,8400,8800,0,0
Q2,127,8800,9200,0,0
Q2,127,9200,9600,0,0
Q2,127,9600,10000,0,0
Q2,127,10000,10400,0,0
Q2,127,10400,10800,0,0
Q2,128,1200,1600,103,0.30838323353293412
Q2,128,1600,2000,109,0.32634730538922158
Q2,128,2000,2400,35,0.10479041916167664
Q2,128,2400,2800,26,0.077844311377245512
Q2,128,2800,3200,24,0.071856287425149698
Q2,128,3200,3600,26,0.077844311377245512
Q2,128,3600,4000,9,0.026946107784431138
Q2,128,4000,4400,2,0.0059880239520958087
Q2,128,4400,4800,0,0
Q2,128,4800,5200,0,0
Q2,128,5200,5600,0,0
Q2,128,5600,6000,0,0
Q2,128,6000,6400,0,0
Q2,128,6400,6800,0,0
Q2,128,6800,7200,0,0
Q2,128,7200,7600,0,0
Q2,128,7600,8000,0,0
Q2,128,8000,8400,0,0
Q2,128,8400,8800,0,0
Q2,128,8800,9200,0,0
Q2,128,9200,9600,0,0
Q2,128,9600,10000,0,0
Q2,128,10000,10400,0,0
Q2,128,10400,10800,0,0
Q2,129,1200,1600,111,0.33233532934131738
Q2,129,1600,2000,108,0.32335329341317365
Q2,129,2000,2400,28,0.083832335329341312
Q2,129,2400,2800,26,0.077844311377245512
Q2,129,2800,3200,23,0.068862275449101798
Q2,129,3200,3600,23,0.068862275449101798
Q2,129,3600,4000,13,0.038922155688622756
Q2,129,4000,4400,2,0.0059880239520958087
Q2,129,4400,4800,0,0
Q2,129,4800,5200,0,0
Q2,129,5200,5600,0,0
Q2,129,5600,6000,0,0
Q2,129,6000,6400,0,0
Q2,129,6400,6800,0,0
Q2,129,6800,7200,0,0
Q2,129,7200,7600,0,0
Q2,129,7600,8000,0,0
Q2,129,8000,8400,0,0
Q2,129,8400,8800,0,0
Q2,129,8800,9200,0,0
Q2,129,9200,9600,0,0
Q2,129,9600,10000,0,0
Q2,129,10000,10400,0,0
Q2,129,10400,10800,0,0
Q2,130,1200,1600,112,0.33532934131736525
Q2,130,1600,2000,108,0.32335329341317365
Q2,130,2000,2400,27,0.080838323353293412
Q2,130,2400,2800,22,0.065868263473053898
Q2,130,2800,3200,24,0.071856287425149698
Q2,130,3200,3600,21,0.062874251497005984
Q2,130,3600,4000,16,0.04790419161676647
Q2,130,4000,4400,4,0.011976047904191617
Q2,130,4400,4800,0,0
Q2,130,4800,5200,0,0
Q2,130,5200,5600,0,0
Q2,130,5600,6000,0,0
Q2,130,6000,6400,0,0
Q2,130,6400,6800,0,0
Q2,130,6800,7200,0,0
Q2,130,7200,7600,0,0
Q2,130,7600,8000,0,0
Q2,130,8000,8400,0,0
Q2,130,8400,8800,0,0
Q2,130,8800,9200,0,0
Q2,130,9200,9600,0,0
Q2,130,9600,10000,0,0
Q2,130,10000,10400,0,0
Q2,130,10400,10800,0,0
Q2,131,1200,1600,12,0.035928143712574849
Q2,131,1600,2000,23,0.068862275449101798
Q2,131,2000,2400,111,0.33233532934131738
Q2,131,2400,2800,92,0.27544910179640719
Q2,131,2800,3200,19,0.056886227544910177
Q2,131,3200,3600,25,0.074850299401197598
Q2,131,3600,4000,24,0.071856287425149698
Q2,131,4000,4400,13,0.038922155688622756
Q2,131,4400,4800,11,0.032934131736526949
Q2,131,4800,5200,4,0.011976047904191617
Q2,131,5200,5600,0,0
Q2,131,5600,6000,0,0
Q2,131,6000,6400,0,0
Q2,131,6400,6800,0,0
Q2,131,6800,7200,0,0
Q2,131,7200,7600,0,0
Q2,131,7600,8000,0,0
Q2,131,8000,8400,0,0
Q2,131,8400,8800,0,0
Q2,131,8800,9200,0,0
Q2,131,9200,9600,0,0
Q2,131,9600,10000,0,0
Q2,131,10000,10400,0,0
Q2,131,10400,10800,0,0
Q2,132,1200,1600,0,0
Q2,132,1600,2000,4,0.011976047904191617
Q2,132,2000,2400,11,0.032934131736526949
Q2,132,2400,2800,41,0.12275449101796407
Q2,132,2800,3200,109,0.32634730538922158
Q2,132,3200,3600,79,0.23652694610778444
Q2,132,3600,4000,16,0.04790419161676647
Q2,132,4000,4400,26,0.077844311377245512
Q2,132,4400,4800,22,0.065868263473053898
Q2,132,4800,5200,16,0.04790419161676647
Q2,132,5200,5600,8,0.023952095808383235
Q2,132,5600,6000,2,0.0059880239520958087
Q2,132,6000,6400,0,0
Q2,132,6400,6800,0,0
Q2,132,6800,7200,0,0
Q2,132,7200,7600,0,0
Q2,132,7600,8000,0,0
Q2,132,8000,8400,0,0
Q2,132,8400,8800,0,0
Q2,132,8800,9200,0,0
Q2,132,9200,9600,0,0
Q2,132,9600,10000,0,0
Q2,132,10000,10400,0,0
Q2,132,10400,10800,0,0
Q2,133,1200,1600,0,0
Q2,133,1600,2000,4,0.011976047904191617
Q2,133,2000,2400,11,0.032934131736526949
Q2,133,2400,2800,41,0.12275449101796407
Q2,133,2800,3200,102,0.30538922155688625
Q2,133,3200,3600,80,0.23952095808383234
Q2,133,3600,4000,20,0.059880239520958084
Q2,133,4000,4400,24,0.071856287425149698
Q2,133,4400,4800,23,0.068862275449101798
Q2,133,4800,5200,13,0.038922155688622756
Q2,133,5200,5600,12,0.035928143712574849
Q2,133,5600,6000,3,0.0089820359281437123
Q2,133,6000,6400,1,0.0029940119760479044
Q2,133,6400,6800,0,0
Q2,133,6800,7200,0,0
Q2,133,7200,7600,0,0
Q2,133,7600,8000,0,0
Q2,133,8000,8400,0,0
Q2,133,8400,8800,0,0
Q2,133,8800,9200,0,0
Q2,133,9200,9600,0,0
Q2,133,9600,10000,0,0
Q2,133,10000,10400,0,0
Q2,133,10400,10800,0,0
Q2,134,1200,1600,0,0
Q2,134,1600,2000,4,0.011976047904191617
Q2,134,2000,2400,7,0.020958083832335328
Q2,134,2400,2800,9,0.026946107784431138
Q2,134,2800,3200,9,0.026946107784431138
Q2,134,3200,3600,51,0.15269461077844312
Q2,134,3600,4000,105,0.31437125748502992
Q2,134,4000,4400,68,0.20359281437125748
Q2,134,4400,4800,12,0.035928143712574849
Q2,134,4800,5200,22,0.065868263473053898
Q2,134,5200,5600,20,0.059880239520958084
Q2,134,5600,6000,13,0.038922155688622756
Q2,134,6000,6400,10,0.029940119760479042
Q2,134,6400,6800,4,0.011976047904191617
Q2,134,6800,7200,0,0
Q2,134,7200,7600,0,0
Q2,134,7600,8000,0,0
Q2,134,8000,8400,0,0
Q2,134,8400,8800,0,0
Q2,134,8800,9200,0,0
Q2,134,9200,9600,0,0
Q2,134,9600,10000,0,0
Q2,134,10000,10400,0,0
Q2,134,10400,10800,0,0
Q2,135,1200,1600,0,0
Q2,135,1600,2000,3,0.0089820359281437123
Q2,135,2000,2400,5,0.014970059880239521
Q2,135,2400,2800,4,0.011976047904191617
Q2,135,2800,3200,9,0.026946107784431138
Q2,135,3200,3600,4,0.011976047904191617
Q2,135,3600,4000,15,0.044910179640718563
Q2,135,4000,4400,60,0.17964071856287425
Q2,135,4400,4800,104,0.31137724550898205
Q2,135,4800,5200,54,0.16167664670658682
Q2,135,5200,5600,10,0.029940119760479042
Q2,135,5600,6000,24,0.071856287425149698
Q2,135,6000,6400,17,0.05089820359281437
Q2,135,6400,6800,16,0.04790419161676647
Q2,135,6800,7200,6,0.017964071856287425
Q2,135,7200,7600,3,0.0089820359281437123
Q2,135,7600,8000,0,0
Q2,135,8000,8400,0,0
Q2,135,8400,8800,0,0
Q2,135,8800,9200,0,0
Q2,135,9200,9600,0,0
Q2,135,9600,10000,0,0
Q2,135,10000,10400,0,0
Q2,135,10400,10800,0,0
Q2,136,1200,1600,0,0
Q2,136,1600,2000,3,0.0089820359281437123
Q2,136,2000,2400,5,0.014970059880239521
Q2,136,2400,2800,5,0.014970059880239521
Q2,136,2800,3200,8,0.023952095808383235
Q2,136,3200,3600,4,0.011976047904191617
Q2,136,3600,4000,9,0.026946107784431138
Q2,136,4000,4400,8,0.023952095808383235
Q2,136,4400,4800,25,0.074850299401197598
Q2,136,4800,5200,67,0.20059880239520958
Q2,136,5200,5600,88,0.26347305389221559
Q2,136,5600,6000,42,0.12574850299401197
Q2,136,6000,6400,13,0.038922155688622756
Q2,136,6400,6800,26,0.077844311377245512
Q2,136,6800,7200,12,0.035928143712574849
Q2,136,7200,7600,12,0.035928143712574849
Q2,136,7600,8000,5,0.014970059880239521
Q2,136,8000,8400,2,0.0059880239520958087
Q2,136,8400,8800,0,0
Q2,136,8800,9200,0,0
Q2,136,9200,9600,0,0
Q2,136,9600,10000,0,0
Q2,136,10000,10400,0,0
Q2,136,10400,10800,0,0
Q2,137,1200,1600,0,0
Q2,137,1600,2000,3,0.0089820359281437123
Q2,137,2000,2400,6,0.017964071856287425
Q2,137,2400,2800,4,0.011976047904191617
Q2,137,2800,3200,6,0.017964071856287425
Q2,137,3200,3600,6,0.017964071856287425
Q2,137,3600,4000,7,0.020958083832335328
Q2,137,4000,4400,8,0.023952095808383235
Q2,137,4400,4800,11,0.032934131736526949
Q2,137,4800,5200,12,0.035928143712574849
Q2,137,5200,5600,21,0.062874251497005984
Q2,137,5600,6000,66,0.19760479041916168
Q2,137,6000,6400,93,0.27844311377245506
Q2,137,6400,6800,25,0.074850299401197598
Q2,137,6800,7200,17,0.05089820359281437
Q2,137,7200,7600,20,0.059880239520958084
Q2,137,7600,8000,13,0.038922155688622756
Q2,137,8000,8400,9,0.026946107784431138
Q2,137,8400,8800,5,0.014970059880239521
Q2,137,8800,9200,2,0.0059880239520958087
Q2,137,9200,9600,0,0
Q2,137,9600,10000,0,0
Q2,137,10000,10400,0,0
Q2,137,10400,10800,0,0
Q2,138,1200,1600,0,0
Q2,138,1600,2000,3,0.0089820359281437123
Q2,138,2000,2400,4,0.011976047904191617
Q2,138,2400,2800,6,0.017964071856287425
Q2,138,2800,3200,6,0.017964071856287425
Q2,138,3200,3600,5,0.014970059880239521
Q2,138,3600,4000,8,0.023952095808383235
Q2,138,4000,4400,7,0.020958083832335328
Q2,138,4400,4800,10,0.029940119760479042
Q2,138,4800,5200,13,0.038922155688622756
Q2,138,5200,5600,17,0.05089820359281437
Q2,138,5600,6000,50,0.1497005988023952
Q2,138,6000,6400,97,0.29041916167664672
Q2,138,6400,6800,41,0.12275449101796407
Q2,138,6800,7200,13,0.038922155688622756
Q2,138,7200,7600,21,0.062874251497005984
Q2,138,7600,8000,16,0.04790419161676647
Q2,138,8000,8400,9,0.026946107784431138
Q2,138,8400,8800,5,0.014970059880239521
Q2,138,8800,9200,3,0.0089820359281437123
Q2,138,9200,9600,0,0
Q2,138,9600,10000,0,0
Q2,138,10000,10400,0,0
Q2,138,10400,10800,0,0
Q2,139,1200,1600,0,0
Q2,139,1600,2000,3,0.0089820359281437123
Q2,139,2000,2400,4,0.011976047904191617
Q2,139,2400,2800,5,0.014970059880239521
Q2,139,2800,3200,6,0.017964071856287425
Q2,139,3200,3600,5,0.014970059880239521
Q2,139,3600,4000,9,0.026946107784431138
Q2,139,4000,4400,7,0.020958083832335328
Q2,139,4400,4800,7,0.020958083832335328
Q2,139,4800,5200,12,0.035928143712574849
Q2,139,5200,5600,7,0.020958083832335328
Q2,139,5600,6000,6,0.017964071856287425
Q2,139,6000,6400,20,0.059880239520958084
Q2,139,6400,6800,49,0.1467065868263473
Q2,139,6800,7200,99,0.29640718562874252
Q2,139,7200,7600,31,0.092814371257485026
Q2,139,7600,8000,16,0.04790419161676647
Q2,139,8000,8400,19,0.056886227544910177
Q2,139,8400,8800,13,0.038922155688622756
Q2,139,8800,9200,9,0.026946107784431138
Q2,139,9200,9600,5,0.014970059880239521
Q2,139,9600,10000,2,0.0059880239520958087
Q2,139,10000,10400,0,0
Q2,139,10400,10800,0,0
Q2,140,1200,1600,0,0
Q2,140,1600,2000,4,0.011976047904191617
Q2,140,2000,2400,3,0.0089820359281437123
Q2,140,2400,2800,5,0.014970059880239521
Q2,140,2800,3200,4,0.011976047904191617
Q2,140,3200,3600,6,0.017964071856287425
Q2,140,3600,4000,8,0.023952095808383235
Q2,140,4000,4400,9,0.026946107784431138
Q2,140,4400,4800,4,0.011976047904191617
Q2,140,4800,5200,8,0.023952095808383235
Q2,140,5200,5600,5,0.014970059880239521
Q2,140,5600,6000,7,0.020958083832335328
Q2,140,6000,6400,8,0.023952095808383235
Q2,140,6400,6800,8,0.023952095808383235
Q2,140,6800,7200,23,0.068862275449101798
Q2,140,7200,7600,61,0.18263473053892215
Q2,140,7600,8000,82,0.24550898203592814
Q2,140,8000,8400,25,0.074850299401197598
Q2,140,8400,8800,18,0.053892215568862277
Q2,140,8800,9200,18,0.053892215568862277
Q2,140,9200,9600,13,0.038922155688622756
Q2,140,9600,10000,8,0.023952095808383235
Q2,140,10000,10400,5,0.014970059880239521
Q2,140,10400,10800,2,0.0059880239520958087
Q2,141,1200,1600,0,0
Q2,141,1600,2000,4,0.011976047904191617
Q2,141,2000,2400,3,0.0089820359281437123
Q2,141,2400,2800,5,0.014970059880239521
Q2,141,2800,3200,3,0.0089820359281437123
Q2,141,3200,3600,6,0.017964071856287425
Q2,141,3600,4000,9,0.026946107784431138
Q2,141,4000,4400,9,0.026946107784431138
Q2,141,4400,4800,4,0.011976047904191617
Q2,141,4800,5200,5,0.014970059880239521
Q2,141,5200,5600,8,0.023952095808383235
Q2,141,5600,6000,6,0.017964071856287425
Q2,141,6000,6400,4,0.011976047904191617
Q2,141,6400,6800,6,0.017964071856287425
Q2,141,6800,7200,3,0.0089820359281437123
Q2,141,7200,7600,10,0.029940119760479042
Q2,141,7600,8000,30,0.089820359281437126
Q2,141,8000,8400,64,0.19161676646706588
Q2,141,8400,8800,72,0.21556886227544911
Q2,141,8800,9200,19,0.056886227544910177
Q2,141,9200,9600,18,0.053892215568862277
Q2,141,9600,10000,20,0.059880239520958084
Q2,141,10000,10400,11,0.032934131736526949
Q2,141,10400,10800,15,0.044910179640718563
Q2,142,1200,1600,0,0
Q2,142,1600,2000,4,0.011976047904191617
Q2,142,2000,2400,3,0.0089820359281437123
Q2,142,2400,2800,6,0.017964071856287425
Q2,142,2800,3200,3,0.0089820359281437123
Q2,142,3200,3600,5,0.014970059880239521
Q2,142,3600,4000,6,0.017964071856287425
Q2,142,4000,4400,11,0.032934131736526949
Q2,142,4400,4800,3,0.0089820359281437123
Q2,142,4800,5200,6,0.017964071856287425
Q2,142,5200,5600,8,0.023952095808383235
Q2,142,5600,6000,5,0.014970059880239521
Q2,142,6000,6400,3,0.0089820359281437123
Q2,142,6400,6800,8,0.023952095808383235
Q2,142,6800,7200,4,0.011976047904191617
Q2,142,7200,7600,7,0.020958083832335328
Q2,142,7600,8000,31,0.092814371257485026
Q2,142,8000,8400,60,0.17964071856287425
Q2,142,8400,8800,75,0.22455089820359281
Q2,142,8800,9200,22,0.065868263473053898
Q2,142,9200,9600,18,0.053892215568862277
Q2,142,9600,10000,16,0.04790419161676647
Q2,142,10000,10400,13,0.038922155688622756
Q2,142,10400,10800,17,0.05089820359281437
Q2,143,1200,1600,0,0
Q2,143,1600,2000,3,0.0089820359281437123
Q2,143,2000,2400,5,0.014970059880239521
Q2,143,2400,2800,4,0.011976047904191617
Q2,143,2800,3200,3,0.0089820359281437123
Q2,143,3200,3600,6,0.017964071856287425
Q2,143,3600,4000,6,0.017964071856287425
Q2,143,4000,4400,11,0.032934131736526949
Q2,143,4400,4800,3,0.0089820359281437123
Q2,143,4800,5200,6,0.017964071856287425
Q2,143,5200,5600,6,0.017964071856287425
Q2,143,5600,6000,7,0.020958083832335328
Q2,143,6000,6400,3,0.0089820359281437123
Q2,143,6400,6800,8,0.023952095808383235
Q2,143,6800,7200,4,0.011976047904191617
Q2,143,7200,7600,7,0.020958083832335328
Q2,143,7600,8000,28,0.083832335329341312
Q2,143,8000,8400,59,0.17664670658682635
Q2,143,8400,8800,77,0.23053892215568864
Q2,143,8800,9200,23,0.068862275449101798
Q2,143,9200,9600,15,0.044910179640718563
Q2,143,9600,10000,16,0.04790419161676647
Q2,143,10000,10400,14,0.041916167664670656
Q2,143,10400,10800,20,0.059880239520958084
Q3,0,1200,1600,0,0
Q3,0,1600,2000,0,0
Q3,0,2000,2400,0,0
Q3,0,2400,2800,0,0
Q3,0,2800,3200,0,0
Q3,0,3200,3600,0,0
Q3,0,3600,4000,0,0
Q3,0,4000,4400,0,0
Q3,0,4400,4800,0,0
Q3,0,4800,5200,0,0
Q3,0,5200,5600,1,0.0029940119760479044
Q3,0,5600,6000,4,0.011976047904191617
Q3,0,6000,6400,8,0.023952095808383235
Q3,0,6400,6800,7,0.020958083832335328
Q3,0,6800,7200,6,0.017964071856287425
Q3,0,7200,7600,4,0.011976047904191617
Q3,0,7600,8000,5,0.014970059880239521
Q3,0,8000,8400,10,0.029940119760479042
Q3,0,8400,8800,15,0.044910179640718563
Q3,0,8800,9200,17,0.05089820359281437
Q3,0,9200,9600,33,0.09880239520958084
Q3,0,9600,10000,114,0.3413173652694611
Q3,0,10000,10400,91,0.27245508982035926
Q3,0,10400,10800,19,0.056886227544910177
Q3,1,1200,1600,0,0
Q3,1,1600,2000,0,0
Q3,1,2000,2400,0,0
Q3,1,2400,2800,0,0
Q3,1,2800,3200,0,0
Q3,1,3200,3600,0,0
Q3,1,3600,4000,0,0
Q3,1,4000,4400,0,0
Q3,1,4400,4800,0,0
Q3,1,4800,5200,0,0
Q3,1,5200,5600,1,0.0029940119760479044
Q3,1,5600,6000,4,0.011976047904191617
Q3,1,6000,6400,2,0.0059880239520958087
Q3,1,6400,6800,2,0.0059880239520958087
Q3,1,6800,7200,6,0.017964071856287425
Q3,1,7200,7600,9,0.026946107784431138
Q3,1,7600,8000,5,0.014970059880239521
Q3,1,8000,8400,10,0.029940119760479042
Q3,1,8400,8800,7,0.020958083832335328
Q3,1,8800,9200,7,0.020958083832335328
Q3,1,9200,9600,39,0.11676646706586827
Q3,1,9600,10000,128,0.38323353293413176
Q3,1,10000,10400,94,0.28143712574850299
Q3,1,10400,10800,20,0.059880239520958084
Q3,2,1200,1600,0,0
Q3,2,1600,2000,0,0
Q3,2,2000,2400,0,0
Q3,2,2400,2800,0,0
Q3,2,2800,3200,0,0
Q3,2,3200,3600,0,0
Q3,2,3600,4000,0,0
Q3,2,4000,4400,0,0
Q3,2,4400,4800,0,0
Q3,2,4800,5200,0,0
Q3,2,5200,5600,1,0.0029940119760479044
Q3,2,5600,6000,5,0.014970059880239521
Q3,2,6000,6400,1,0.0029940119760479044
Q3,2,6400,6800,0,0
Q3,2,6800,7200,3,0.0089820359281437123
Q3,2,7200,7600,3,0.0089820359281437123
Q3,2,7600,8000,5,0.014970059880239521
Q3,2,8000,8400,17,0.05089820359281437
Q3,2,8400,8800,9,0.026946107784431138
Q3,2,8800,9200,7,0.020958083832335328
Q3,2,9200,9600,38,0.11377245508982035
Q3,2,9600,10000,132,0.39520958083832336
Q3,2,10000,10400,92,0.27544910179640719
Q3,2,10400,10800,21,0.062874251497005984
Q3,3,1200,1600,0,0
Q3,3,1600,2000,0,0
Q3,3,2000,2400,0,0
Q3,3,2400,2800,0,0
Q3,3,2800,3200,0,0
Q3,3,3200,3600,0,0
Q3,3,3600,4000,0,0
Q3,3,4000,4400,0,0
Q3,3,4400,4800,0,0
Q3,3,4800,5200,0,0
Q3,3,5200,5600,1,0.0029940119760479044
Q3,3,5600,6000,6,0.017964071856287425
Q3,3,6000,6400,0,0
Q3,3,6400,6800,0,0
Q3,3,6800,7200,2,0.0059880239520958087
Q3,3,7200,7600,1,0.0029940119760479044
Q3,3,7600,8000,1,0.0029940119760479044
Q3,3,8000,8400,13,0.038922155688622756
Q3,3,8400,8800,17,0.05089820359281437
Q3,3,8800,9200,9,0.026946107784431138
Q3,3,9200,9600,40,0.11976047904191617
Q3,3,9600,10000,127,0.38023952095808383
Q3,3,10000,10400,96,0.28742514970059879
Q3,3,10400,10800,21,0.062874251497005984
Q3,4,1200,1600,0,0
Q3,4,1600,2000,0,0
Q3,4,2000,2400,0,0
Q3,4,2400,2800,0,0
Q3,4,2800,3200,0,0
Q3,4,3200,3600,0,0
Q3,4,3600,4000,0,0
Q3,4,4000,4400,0,0
Q3,4,4400,4800,0,0
Q3,4,4800,5200,0,0
Q3,4,5200,5600,1,0.0029940119760479044
Q3,4,5600,6000,6,0.017964071856287425
Q3,4,6000,6400,0,0
Q3,4,6400,6800,1,0.0029940119760479044
Q3,4,6800,7200,1,0.0029940119760479044
Q3,4,7200,7600,1,0.0029940119760479044
Q3,4,7600,8000,0,0
Q3,4,8000,8400,8,0.023952095808383235
Q3,4,8400,8800,11,0.032934131736526949
Q3,4,8800,9200,10,0.029940119760479042
Q3,4,9200,9600,50,0.1497005988023952
Q3,4,9600,10000,121,0.36227544910179643
Q3,4,10000,10400,97,0.29041916167664672
Q3,4,10400,10800,27,0.080838323353293412
Q3,5,1200,1600,0,0
Q3,5,1600,2000,0,0
Q3,5,2000,2400,0,0
Q3,5,2400,2800,0,0
Q3,5,2800,3200,0,0
Q3,5,3200,3600,0,0
Q3,5,3600,4000,0,0
Q3,5,4000,4400,0,0
Q3,5,4400,4800,0,0
Q3,5,4800,5200,0,0
Q3,5,5200,5600,1,0.0029940119760479044
Q3,5,5600,6000,6,0.017964071856287425
Q3,5,6000,6400,0,0
Q3,5,6400,6800,1,0.0029940119760479044
Q3,5,6800,7200,2,0.0059880239520958087
Q3,5,7200,7600,0,0
Q3,5,7600,8000,0,0
Q3,5,8000,8400,8,0.023952095808383235
Q3,5,8400,8800,8,0.023952095808383235
Q3,5,8800,9200,13,0.038922155688622756
Q3,5,9200,9600,49,0.1467065868263473
Q3,5,9600,10000,120,0.3592814371257485
Q3,5,10000,10400,95,0.28443113772455092
Q3,5,10400,10800,31,0.092814371257485026
Q3,6,1200,1600,0,0
Q3,6,1600,2000,0,0
Q3,6,2000,2400,0,0
Q3,6,2400,2800,0,0
Q3,6,2800,3200,0,0
Q3,6,3200,3600,0,0
Q3,6,3600,4000,0,0
Q3,6,4000,4400,0,0
Q3,6,4400,4800,0,0
Q3,6,4800,5200,0,0
Q3,6,5200,5600,1,0.0029940119760479044
Q3,6,5600,6000,6,0.017964071856287425
Q3,6,6000,6400,0,0
Q3,6,6400,6800,1,0.0029940119760479044
Q3,6,6800,7200,2,0.0059880239520958087
Q3,6,7200,7600,0,0
Q3,6,7600,8000,0,0
Q3,6,8000,8400,8,0.023952095808383235
Q3,6,8400,8800,8,0.023952095808383235
Q3,6,8800,9200,12,0.035928143712574849
Q3,6,9200,9600,36,0.10778443113772455
Q3,6,9600,10000,132,0.39520958083832336
Q3,6,10000,10400,94,0.28143712574850299
Q3,6,10400,10800,34,0.10179640718562874
Q3,7,1200,1600,0,0
Q3,7,1600,2000,0,0
Q3,7,2000,2400,0,0
Q3,7,2400,2800,0,0
Q3,7,2800,3200,0,0
Q3,7,3200,3600,0,0
Q3,7,3600,4000,0,0
Q3,7,4000,4400,0,0
Q3,7,4400,4800,0,0
Q3,7,4800,5200,0,0
Q3,7,5200,5600,3,0.0089820359281437123
Q3,7,5600,6000,3,0.0089820359281437123
Q3,7,6000,6400,1,0.0029940119760479044
Q3,7,6400,6800,2,0.0059880239520958087
Q3,7,6800,7200,1,0.0029940119760479044
Q3,7,7200,7600,0,0
Q3,7,7600,8000,0,0
Q3,7,8000,8400,8,0.023952095808383235
Q3,7,8400,8800,8,0.023952095808383235
Q3,7,8800,9200,11,0.032934131736526949
Q3,7,9200,9600,38,0.11377245508982035
Q3,7,9600,10000,132,0.39520958083832336
Q3,7,10000,10400,92,0.27544910179640719
Q3,7,10400,10800,35,0.10479041916167664
Q3,8,1200,1600,0,0
Q3,8,1600,2000,0,0
Q3,8,2000,2400,0,0
Q3,8,2400,2800,0,0
Q3,8,2800,3200,0,0
Q3,8,3200,3600,0,0
Q3,8,3600,4000,0,0
Q3,8,4000,4400,0,0
Q3,8,4400,4800,0,0
Q3,8,4800,5200,0,0
Q3,8,5200,5600,3,0.0089820359281437123
Q3,8,5600,6000,3,0.0089820359281437123
Q3,8,6000,6400,1,0.0029940119760479044
Q3,8,6400,6800,2,0.0059880239520958087
Q3,8,6800,7200,1,0.0029940119760479044
Q3,8,7200,7600,0,0
Q3,8,7600,8000,1,0.0029940119760479044
Q3,8,8000,8400,8,0.023952095808383235
Q3,8,8400,8800,7,0.020958083832335328
Q3,8,8800,9200,6,0.017964071856287425
Q3,8,9200,9600,45,0.1347305389221557
Q3,8,9600,10000,131,0.39221556886227543
Q3,8,10000,10400,89,0.26646706586826346
Q3,8,10400,10800,37,0.11077844311377245
Q3,9,1200,1600,0,0
Q3,9,1600,2000,0,0
Q3,9,2000,2400,0,0
Q3,9,2400,2800,0,0
Q3,9,2800,3200,0,0
Q3,9,3200,3600,0,0
Q3,9,3600,4000,0,0
Q3,9,4000,4400,0,0
Q3,9,4400,4800,0,0
Q3,9,4800,5200,0,0
Q3,9,5200,5600,4,0.011976047904191617
Q3,9,5600,6000,2,0.0059880239520958087
Q3,9,6000,6400,1,0.0029940119760479044
Q3,9,6400,6800,2,0.0059880239520958087
Q3,9,6800,7200,1,0.0029940119760479044
Q3,9,7200,7600,0,0
Q3,9,7600,8000,2,0.0059880239520958087
Q3,9,8000,8400,8,0.023952095808383235
Q3,9,8400,8800,5,0.014970059880239521
Q3,9,8800,9200,8,0.023952095808383235
Q3,9,9200,9600,41,0.12275449101796407
Q3,9,9600,10000,131,0.39221556886227543
Q3,9,10000,10400,90,0.26946107784431139
Q3,9,10400,10800,39,0.11676646706586827
Q3,10,1200,1600,0,0
Q3,10,1600,2000,0,0
Q3,10,2000,2400,0,0
Q3,10,2400,2800,0,0
Q3,10,2800,3200,0,0
Q3,10,3200,3600,0,0
Q3,10,3600,4000,0,0
Q3,10,4000,4400,0,0
Q3,10,4400,4800,0,0
Q3,10,4800,5200,0,0
Q3,10,5200,5600,4,0.011976047904191617
Q3,10,5600,6000,2,0.0059880239520958087
Q3,10,6000,6400,3,0.0089820359281437123
Q3,10,6400,6800,0,0
Q3,10,6800,7200,1,0.0029940119760479044
Q3,10,7200,7600,0,0
Q3,10,7600,8000,2,0.0059880239520958087
Q3,10,8000,8400,9,0.026946107784431138
Q3,10,8400,8800,5,0.014970059880239521
Q3,10,8800,9200,9,0.026946107784431138
Q3,10,9200,9600,40,0.11976047904191617
Q3,10,9600,10000,131,0.39221556886227543
Q3,10,10000,10400,87,0.26047904191616766
Q3,10,10400,10800,41,0.12275449101796407
Q3,11,1200,1600,0,0
Q3,11,1600,2000,0,0
Q3,11,2000,2400,0,0
Q3,11,2400,2800,0,0
Q3,11,2800,3200,0,0
Q3,11,3200,3600,0,0
Q3,11,3600,4000,0,0
Q3,11,4000,4400,0,0
Q3,11,4400,4800,0,0
Q3,11,4800,5200,0,0
Q3,11,5200,5600,4,0.011976047904191617
Q3,11,5600,6000,2,0.0059880239520958087
Q3,11,6000,6400,3,0.0089820359281437123
Q3,11,6400,6800,0,0
Q3,11,6800,7200,1,0.0029940119760479044
Q3,11,7200,7600,0,0
Q3,11,7600,8000,3,0.0089820359281437123
Q3,11,8000,8400,8,0.023952095808383235
Q3,11,8400,8800,6,0.017964071856287425
Q3,11,8800,9200,8,0.023952095808383235
Q3,11,9200,9600,40,0.11976047904191617
Q3,11,9600,10000,135,0.40419161676646709
Q3,11,10000,10400,78,0.23353293413173654
Q3,11,10400,10800,46,0.1377245508982036
Q3,12,1200,1600,0,0
Q3,12,1600,2000,0,0
Q3,12,2000,2400,0,0
Q3,12,2400,2800,0,0
Q3,12,2800,3200,0,0
Q3,12,3200,3600,0,0
Q3,12,3600,4000,0,0
Q3,12,4000,4400,0,0
Q3,12,4400,4800,0,0
Q3,12,4800,5200,0,0
Q3,12,5200,5600,4,0.011976047904191617
Q3,12,5600,6000,3,0.0089820359281437123
Q3,12,6000,6400,2,0.0059880239520958087
Q3,12,6400,6800,0,0
Q3,12,6800,7200,1,0.0029940119760479044
Q3,12,7200,7600,0,0
Q3,12,7600,8000,3,0.0089820359281437123
Q3,12,8000,8400,8,0.023952095808383235
Q3,12,8400,8800,6,0.017964071856287425
Q3,12,8800,9200,8,0.023952095808383235
Q3,12,9200,9600,36,0.10778443113772455
Q3,12,9600,10000,138,0.41317365269461076
Q3,12,10000,10400,78,0.23353293413173654
Q3,12,10400,10800,47,0.1407185628742515
Q3,13,1200,1600,0,0
Q3,13,1600,2000,0,0
Q3,13,2000,2400,0,0
Q3,13,2400,2800,0,0
Q3,13,2800,3200,0,0
Q3,13,3200,3600,0,0
Q3,13,3600,4000,0,0
Q3,13,4000,4400,0,0
Q3,13,4400,4800,0,0
Q3,13,4800,5200,0,0
Q3,13,5200,5600,4,0.011976047904191617
Q3,13,5600,6000,3,0.0089820359281437123
Q3,13,6000,6400,2,0.0059880239520958087
Q3,13,6400,6800,0,0
Q3,13,6800,7200,1,0.0029940119760479044
Q3,13,7200,7600,0,0
Q3,13,7600,8000,3,0.0089820359281437123
Q3,13,8000,8400,9,0.026946107784431138
Q3,13,8400,8800,5,0.014970059880239521
Q3,13,8800,9200,9,0.026946107784431138
Q3,13,9200,9600,35,0.10479041916167664
Q3,13,9600,10000,138,0.41317365269461076
Q3,13,10000,10400,80,0.23952095808383234
Q3,13,10400,10800,45,0.1347305389221557
Q3,14,1200,1600,0,0
Q3,14,1600,2000,0,0
Q3,14,2000,2400,0,0
Q3,14,2400,2800,0,0
Q3,14,2800,3200,0,0
Q3,14,3200,3600,0,0
Q3,14,3600,4000,0,0
Q3,14,4000,4400,0,0
Q3,14,4400,4800,0,0
Q3,14,4800,5200,1,0.0029940119760479044
Q3,14,5200,5600,3,0.0089820359281437123
Q3,14,5600,6000,4,0.011976047904191617
Q3,14,6000,6400,1,0.0029940119760479044
Q3,14,6400,6800,0,0
Q3,14,6800,7200,1,0.0029940119760479044
Q3,14,7200,7600,0,0
Q3,14,7600,8000,3,0.0089820359281437123
Q3,14,8000,8400,9,0.026946107784431138
Q3,14,8400,8800,6,0.017964071856287425
Q3,14,8800,9200,20,0.059880239520958084
Q3,14,9200,9600,36,0.10778443113772455
Q3,14,9600,10000,129,0.38622754491017963
Q3,14,10000,10400,78,0.23353293413173654
Q3,14,10400,10800,43,0.12874251497005987
Q3,15,1200,1600,0,0
Q3,15,1600,2000,0,0
Q3,15,2000,2400,0,0
Q3,15,2400,2800,0,0
Q3,15,2800,3200,0,0
Q3,15,3200,3600,0,0
Q3,15,3600,4000,0,0
Q3,15,4000,4400,0,0
Q3,15,4400,4800,0,0
Q3,15,4800,5200,1,0.0029940119760479044
Q3,15,5200,5600,4,0.011976047904191617
Q3,15,5600,6000,3,0.0089820359281437123
Q3,15,6000,6400,1,0.0029940119760479044
Q3,15,6400,6800,0,0
Q3,15,6800,7200,1,0.0029940119760479044
Q3,15,7200,7600,0,0
Q3,15,7600,8000,3,0.0089820359281437123
Q3,15,8000,8400,9,0.026946107784431138
Q3,15,8400,8800,6,0.017964071856287425
Q3,15,8800,9200,20,0.059880239520958084
Q3,15,9200,9600,38,0.11377245508982035
Q3,15,9600,10000,128,0.38323353293413176
Q3,15,10000,10400,76,0.22754491017964071
Q3,15,10400,10800,44,0.1317365269461078
Q3,16,1200,1600,0,0
Q3,16,1600,2000,0,0
Q3,16,2000,2400,0,0
Q3,16,2400,2800,0,0
Q3,16,2800,3200,0,0
Q3,16,3200,3600,0,0
Q3,16,3600,4000,0,0
Q3,16,4000,4400,0,0
Q3,16,4400,4800,0,0
Q3,16,4800,5200,2,0.0059880239520958087
Q3,16,5200,5600,3,0.0089820359281437123
Q3,16,5600,6000,4,0.011976047904191617
Q3,16,6000,6400,0,0
Q3,16,6400,6800,0,0
Q3,16,6800,7200,1,0.0029940119760479044
Q3,16,7200,7600,0,0
Q3,16,7600,8000,3,0.0089820359281437123
Q3,16,8000,8400,9,0.026946107784431138
Q3,16,8400,8800,6,0.017964071856287425
Q3,16,8800,9200,21,0.062874251497005984
Q3,16,9200,9600,36,0.10778443113772455
Q3,16,9600,10000,128,0.38323353293413176
Q3,16,10000,10400,77,0.23053892215568864
Q3,16,10400,10800,44,0.1317365269461078
Q3,17,1200,1600,0,0
Q3,17,1600,2000,0,0
Q3,17,2000,2400,0,0
Q3,17,2400,2800,0,0
Q3,17,2800,3200,0,0
Q3,17,3200,3600,0,0
Q3,17,3600,4000,0,0
Q3,17,4000,4400,0,0
Q3,17,4400,4800,0,0
Q3,17,4800,5200,2,0.0059880239520958087
Q3,17,5200,5600,3,0.0089820359281437123
Q3,17,5600,6000,4,0.011976047904191617
Q3,17,6000,6400,0,0
Q3,17,6400,6800,0,0
Q3,17,6800,7200,1,0.0029940119760479044
Q3,17,7200,7600,0,0
Q3,17,7600,8000,5,0.014970059880239521
Q3,17,8000,8400,9,0.026946107784431138
Q3,17,8400,8800,8,0.023952095808383235
Q3,17,8800,9200,20,0.059880239520958084
Q3,17,9200,9600,37,0.11077844311377245
Q3,17,9600,10000,123,0.36826347305389223
Q3,17,10000,10400,73,0.21856287425149701
Q3,17,10400,10800,49,0.1467065868263473
Q3,18,1200,1600,0,0
Q3,18,1600,2000,0,0
Q3,18,2000,2400,0,0
Q3,18,2400,2800,0,0
Q3,18,2800,3200,0,0
Q3,18,3200,3600,0,0
Q3,18,3600,4000,0,0
Q3,18,4000,4400,0,0
Q3,18,4400,4800,0,0
Q3,18,4800,5200,2,0.0059880239520958087
Q3,18,5200,5600,4,0.011976047904191617
Q3,18,5600,6000,3,0.0089820359281437123
Q3,18,6000,6400,0,0
Q3,18,6400,6800,0,0
Q3,18,6800,7200,1,0.0029940119760479044
Q3,18,7200,7600,1,0.0029940119760479044
Q3,18,7600,8000,10,0.029940119760479042
Q3,18,8000,8400,16,0.04790419161676647
Q3,18,8400,8800,12,0.035928143712574849
Q3,18,8800,9200,16,0.04790419161676647
Q3,18,9200,9600,32,0.09580838323353294
Q3,18,9600,10000,112,0.33532934131736525
Q3,18,10000,10400,82,0.24550898203592814
Q3,18,10400,10800,43,0.12874251497005987
Q3,19,1200,1600,0,0
Q3,19,1600,2000,0,0
Q3,19,2000,2400,0,0
Q3,19,2400,2800,0,0
Q3,19,2800,3200,0,0
Q3,19,3200,3600,0,0
Q3,19,3600,4000,0,0
Q3,19,4000,4400,0,0
Q3,19,4400,4800,0,0
Q3,19,4800,5200,3,0.0089820359281437123
Q3,19,5200,5600,3,0.0089820359281437123
Q3,19,5600,6000,3,0.0089820359281437123
Q3,19,6000,6400,0,0
Q3,19,6400,6800,0,0
Q3,19,6800,7200,2,0.0059880239520958087
Q3,19,7200,7600,5,0.014970059880239521
Q3,19,7600,8000,17,0.05089820359281437
Q3,19,8000,8400,14,0.041916167664670656
Q3,19,8400,8800,12,0.035928143712574849
Q3,19,8800,9200,9,0.026946107784431138
Q3,19,9200,9600,30,0.089820359281437126
Q3,19,9600,10000,116,0.3473053892215569
Q3,19,10000,10400,76,0.22754491017964071
Q3,19,10400,10800,44,0.1317365269461078
Q3,20,1200,1600,0,0
Q3,20,1600,2000,0,0
Q3,20,2000,2400,0,0
Q3,20,2400,2800,0,0
Q3,20,2800,3200,0,0
Q3,20,3200,3600,0,0
Q3,20,3600,4000,0,0
Q3,20,4000,4400,0,0
Q3,20,4400,4800,0,0
Q3,20,4800,5200,3,0.0089820359281437123
Q3,20,5200,5600,4,0.011976047904191617
Q3,20,5600,6000,2,0.0059880239520958087
Q3,20,6000,6400,0,0
Q3,20,6400,6800,0,0
Q3,20,6800,7200,3,0.0089820359281437123
Q3,20,7200,7600,5,0.014970059880239521
Q3,20,7600,8000,19,0.056886227544910177
Q3,20,8000,8400,13,0.038922155688622756
Q3,20,8400,8800,9,0.026946107784431138
Q3,20,8800,9200,10,0.029940119760479042
Q3,20,9200,9600,31,0.092814371257485026
Q3,20,9600,10000,111,0.33233532934131738
Q3,20,10000,10400,80,0.23952095808383234
Q3,20,10400,10800,44,0.1317365269461078
Q3,21,1200,1600,0,0
Q3,21,1600,2000,0,0
Q3,21,2000,2400,0,0
Q3,21,2400,2800,0,0
Q3,21,2800,3200,0,0
Q3,21,3200,3600,0,0
Q3,21,3600,4000,0,0
Q3,21,4000,4400,0,0
Q3,21,4400,4800,0,0
Q3,21,4800,5200,3,0.0089820359281437123
Q3,21,5200,5600,4,0.011976047904191617
Q3,21,5600,6000,2,0.0059880239520958087
Q3,21,6000,6400,0,0
Q3,21,6400,6800,0,0
Q3,21,6800,7200,3,0.0089820359281437123
Q3,21,7200,7600,7,0.020958083832335328
Q3,21,7600,8000,18,0.053892215568862277
Q3,21,8000,8400,12,0.035928143712574849
Q3,21,8400,8800,10,0.029940119760479042
Q3,21,8800,9200,10,0.029940119760479042
Q3,21,9200,9600,33,0.09880239520958084
Q3,21,9600,10000,106,0.31736526946107785
Q3,21,10000,10400,83,0.24850299401197604
Q3,21,10400,10800,43,0.12874251497005987
Q3,22,1200,1600,0,0
Q3,22,1600,2000,0,0
Q3,22,2000,2400,0,0
Q3,22,2400,2800,0,0
Q3,22,2800,3200,0,0
Q3,22,3200,3600,0,0
Q3,22,3600,4000,0,0
Q3,22,4000,4400,0,0
Q3,22,4400,4800,0,0
Q3,22,4800,5200,4,0.011976047904191617
Q3,22,5200,5600,3,0.0089820359281437123
Q3,22,5600,6000,2,0.0059880239520958087
Q3,22,6000,6400,0,0
Q3,22,6400,6800,3,0.0089820359281437123
Q3,22,6800,7200,4,0.011976047904191617
Q3,22,7200,7600,9,0.026946107784431138
Q3,22,7600,8000,15,0.044910179640718563
Q3,22,8000,8400,10,0.029940119760479042
Q3,22,8400,8800,9,0.026946107784431138
Q3,22,8800,9200,10,0.029940119760479042
Q3,22,9200,9600,32,0.09580838323353294
Q3,22,9600,10000,104,0.31137724550898205
Q3,22,10000,10400,83,0.24850299401197604
Q3,22,10400,10800,46,0.1377245508982036
Q3,23,1200,1600,0,0
Q3,23,1600,2000,0,0
Q3,23,2000,2400,0,0
Q3,23,2400,2800,0,0
Q3,23,2800,3200,0,0
Q3,23,3200,3600,0,0
Q3,23,3600,4000,0,0
Q3,23,4000,4400,0,0
Q3,23,4400,4800,2,0.0059880239520958087
Q3,23,4800,5200,2,0.0059880239520958087
Q3,23,5200,5600,3,0.0089820359281437123
Q3,23,5600,6000,3,0.0089820359281437123
Q3,23,6000,6400,4,0.011976047904191617
Q3,23,6400,6800,4,0.011976047904191617
Q3,23,6800,7200,12,0.035928143712574849
Q3,23,7200,7600,7,0.020958083832335328
Q3,23,7600,8000,8,0.023952095808383235
Q3,23,8000,8400,13,0.038922155688622756
Q3,23,8400,8800,2,0.0059880239520958087
Q3,23,8800,9200,16,0.04790419161676647
Q3,23,9200,9600,27,0.080838323353293412
Q3,23,9600,10000,103,0.30838323353293412
Q3,23,10000,10400,82,0.24550898203592814
Q3,23,10400,10800,46,0.1377245508982036
Q3,24,1200,1600,0,0
Q3,24,1600,2000,0,0
Q3,24,2000,2400,0,0
Q3,24,2400,2800,0,0
Q3,24,2800,3200,0,0
Q3,24,3200,3600,0,0
Q3,24,3600,4000,1,0.0029940119760479044
Q3,24,4000,4400,1,0.0029940119760479044
Q3,24,4400,4800,0,0
Q3,24,4800,5200,3,0.0089820359281437123
Q3,24,5200,5600,4,0.011976047904191617
Q3,24,5600,6000,5,0.014970059880239521
Q3,24,6000,6400,6,0.017964071856287425
Q3,24,6400,6800,13,0.038922155688622756
Q3,24,6800,7200,4,0.011976047904191617
Q3,24,7200,7600,10,0.029940119760479042
Q3,24,7600,8000,7,0.020958083832335328
Q3,24,8000,8400,7,0.020958083832335328
Q3,24,8400,8800,9,0.026946107784431138
Q3,24,8800,9200,12,0.035928143712574849
Q3,24,9200,9600,25,0.074850299401197598
Q3,24,9600,10000,100,0.29940119760479039
Q3,24,10000,10400,81,0.24251497005988024
Q3,24,10400,10800,46,0.1377245508982036
Q3,25,1200,1600,0,0
Q3,25,1600,2000,0,0
Q3,25,2000,2400,0,0
Q3,25,2400,2800,0,0
Q3,25,2800,3200,0,0
Q3,25,3200,3600,1,0.0029940119760479044
Q3,25,3600,4000,0,0
Q3,25,4000,4400,1,0.0029940119760479044
Q3,25,4400,4800,0,0
Q3,25,4800,5200,4,0.011976047904191617
Q3,25,5200,5600,8,0.023952095808383235
Q3,25,5600,6000,11,0.032934131736526949
Q3,25,6000,6400,8,0.023952095808383235
Q3,25,6400,6800,3,0.0089820359281437123
Q3,25,6800,7200,10,0.029940119760479042
Q3,25,7200,7600,5,0.014970059880239521
Q3,25,7600,8000,9,0.026946107784431138
Q3,25,8000,8400,7,0.020958083832335328
Q3,25,8400,8800,6,0.017964071856287425
Q3,25,8800,9200,15,0.044910179640718563
Q3,25,9200,9600,22,0.065868263473053898
Q3,25,9600,10000,94,0.28143712574850299
Q3,25,10000,10400,82,0.24550898203592814
Q3,25,10400,10800,48,0.1437125748502994
Q3,26,1200,1600,0,0
Q3,26,1600,2000,0,0
Q3,26,2000,2400,0,0
Q3,26,2400,2800,0,0
Q3,26,2800,3200,0,0
Q3,26,3200,3600,1,0.0029940119760479044
Q3,26,3600,4000,1,0.0029940119760479044
Q3,26,4000,4400,0,0
Q3,26,4400,4800,3,0.0089820359281437123
Q3,26,4800,5200,4,0.011976047904191617
Q3,26,5200,5600,13,0.038922155688622756
Q3,26,5600,6000,9,0.026946107784431138
Q3,26,6000,6400,5,0.014970059880239521
Q3,26,6400,6800,3,0.0089820359281437123
Q3,26,6800,7200,7,0.020958083832335328
Q3,26,7200,7600,5,0.014970059880239521
Q3,26,7600,8000,9,0.026946107784431138
Q3,26,8000,8400,6,0.017964071856287425
Q3,26,8400,8800,7,0.020958083832335328
Q3,26,8800,9200,15,0.044910179640718563
Q3,26,9200,9600,23,0.068862275449101798
Q3,26,9600,10000,93,0.27844311377245506
Q3,26,10000,10400,83,0.24850299401197604
Q3,26,10400,10800,47,0.1407185628742515
Q3,27,1200,1600,0,0
Q3,27,1600,2000,0,0
Q3,27,2000,2400,0,0
Q3,27,2400,2800,1,0.0029940119760479044
Q3,27,2800,3200,0,0
Q3,27,3200,3600,1,0.0029940119760479044
Q3,27,3600,4000,1,0.0029940119760479044
Q3,27,4000,4400,3,0.0089820359281437123
Q3,27,4400,4800,4,0.011976047904191617
Q3,27,4800,5200,12,0.035928143712574849
Q3,27,5200,5600,11,0.032934131736526949
Q3,27,5600,6000,3,0.0089820359281437123
Q3,27,6000,6400,6,0.017964071856287425
Q3,27,6400,6800,2,0.0059880239520958087
Q3,27,6800,7200,4,0.011976047904191617
Q3,27,7200,7600,9,0.026946107784431138
Q3,27,7600,8000,5,0.014970059880239521
Q3,27,8000,8400,8,0.023952095808383235
Q3,27,8400,8800,8,0.023952095808383235
Q3,27,8800,9200,10,0.029940119760479042
Q3,27,9200,9600,21,0.062874251497005984
Q3,27,9600,10000,96,0.28742514970059879
Q3,27,10000,10400,82,0.24550898203592814
Q3,27,10400,10800,47,0.1407185628742515
Q3,28,1200,1600,0,0
Q3,28,1600,2000,0,0
Q3,28,2000,2400,1,0.0029940119760479044
Q3,28,2400,2800,0,0
Q3,28,2800,3200,1,0.0029940119760479044
Q3,28,3200,3600,1,0.0029940119760479044
Q3,28,3600,4000,3,0.0089820359281437123
Q3,28,4000,4400,5,0.014970059880239521
Q3,28,4400,4800,14,0.041916167664670656
Q3,28,4800,5200,7,0.020958083832335328
Q3,28,5200,5600,7,0.020958083832335328
Q3,28,5600,6000,4,0.011976047904191617
Q3,28,6000,6400,2,0.0059880239520958087
Q3,28,6400,6800,5,0.014970059880239521
Q3,28,6800,7200,8,0.023952095808383235
Q3,28,7200,7600,3,0.0089820359281437123
Q3,28,7600,8000,9,0.026946107784431138
Q3,28,8000,8400,5,0.014970059880239521
Q3,28,8400,8800,7,0.020958083832335328
Q3,28,8800,9200,8,0.023952095808383235
Q3,28,9200,9600,22,0.065868263473053898
Q3,28,9600,10000,92,0.27544910179640719
Q3,28,10000,10400,84,0.25149700598802394
Q3,28,10400,10800,46,0.1377245508982036
Q3,29,1200,1600,1,0.0029940119760479044
Q3,29,1600,2000,0,0
Q3,29,2000,2400,1,0.0029940119760479044
Q3,29,2400,2800,0,0
Q3,29,2800,3200,1,0.0029940119760479044
Q3,29,3200,3600,5,0.014970059880239521
Q3,29,3600,4000,6,0.017964071856287425
Q3,29,4000,4400,11,0.032934131736526949
Q3,29,4400,4800,5,0.014970059880239521
Q3,29,4800,5200,9,0.026946107784431138
Q3,29,5200,5600,4,0.011976047904191617
Q3,29,5600,6000,2,0.0059880239520958087
Q3,29,6000,6400,5,0.014970059880239521
Q3,29,6400,6800,7,0.020958083832335328
Q3,29,6800,7200,3,0.0089820359281437123
Q3,29,7200,7600,6,0.017964071856287425
Q3,29,7600,8000,8,0.023952095808383235
Q3,29,8000,8400,2,0.0059880239520958087
Q3,29,8400,8800,6,0.017964071856287425
Q3,29,8800,9200,8,0.023952095808383235
Q3,29,9200,9600,22,0.065868263473053898
Q3,29,9600,10000,91,0.27245508982035926
Q3,29,10000,10400,84,0.25149700598802394
Q3,29,10400,10800,47,0.1407185628742515
Q3,30,1200,1600,1,0.0029940119760479044
Q3,30,1600,2000,0,0
Q3,30,2000,2400,1,0.0029940119760479044
Q3,30,2400,2800,0,0
Q3,30,2800,3200,1,0.0029940119760479044
Q3,30,3200,3600,5,0.014970059880239521
Q3,30,3600,4000,6,0.017964071856287425
Q3,30,4000,4400,11,0.032934131736526949
Q3,30,4400,4800,6,0.017964071856287425
Q3,30,4800,5200,7,0.020958083832335328
Q3,30,5200,5600,5,0.014970059880239521
Q3,30,5600,6000,2,0.0059880239520958087
Q3,30,6000,6400,5,0.014970059880239521
Q3,30,6400,6800,7,0.020958083832335328
Q3,30,6800,7200,3,0.0089820359281437123
Q3,30,7200,7600,7,0.020958083832335328
Q3,30,7600,8000,7,0.020958083832335328
Q3,30,8000,8400,3,0.0089820359281437123
Q3,30,8400,8800,4,0.011976047904191617
Q3,30,8800,9200,8,0.023952095808383235
Q3,30,9200,9600,23,0.068862275449101798
Q3,30,9600,10000,86,0.25748502994011974
Q3,30,10000,10400,87,0.26047904191616766
Q3,30,10400,10800,49,0.1467065868263473
Q3,31,1200,1600,2,0.0059880239520958087
Q3,31,1600,2000,0,0
Q3,31,2000,2400,0,0
Q3,31,2400,2800,4,0.011976047904191617
Q3,31,2800,3200,2,0.0059880239520958087
Q3,31,3200,3600,9,0.026946107784431138
Q3,31,3600,4000,10,0.029940119760479042
Q3,31,4000,4400,4,0.011976047904191617
Q3,31,4400,4800,8,0.023952095808383235
Q3,31,4800,5200,4,0.011976047904191617
Q3,31,5200,5600,3,0.0089820359281437123
Q3,31,5600,6000,6,0.017964071856287425
Q3,31,6000,6400,4,0.011976047904191617
Q3,31,6400,6800,4,0.011976047904191617
Q3,31,6800,7200,9,0.026946107784431138
Q3,31,7200,7600,4,0.011976047904191617
Q3,31,7600,8000,1,0.0029940119760479044
Q3,31,8000,8400,7,0.020958083832335328
Q3,31,8400,8800,2,0.0059880239520958087
Q3,31,8800,9200,10,0.029940119760479042
Q3,31,9200,9600,21,0.062874251497005984
Q3,31,9600,10000,84,0.25149700598802394
Q3,31,10000,10400,85,0.25449101796407186
Q3,31,10400,10800,51,0.15269461077844312
Q3,32,1200,1600,2,0.0059880239520958087
Q3,32,1600,2000,0,0
Q3,32,2000,2400,0,0
Q3,32,2400,2800,4,0.011976047904191617
Q3,32,2800,3200,2,0.0059880239520958087
Q3,32,3200,3600,9,0.026946107784431138
Q3,32,3600,4000,11,0.032934131736526949
Q3,32,4000,4400,3,0.0089820359281437123
Q3,32,4400,4800,8,0.023952095808383235
Q3,32,4800,5200,4,0.011976047904191617
Q3,32,5200,5600,3,0.0089820359281437123
Q3,32,5600,6000,6,0.017964071856287425
Q3,32,6000,6400,4,0.011976047904191617
Q3,32,6400,6800,4,0.011976047904191617
Q3,32,6800,7200,8,0.023952095808383235
Q3,32,7200,7600,6,0.017964071856287425
Q3,32,7600,8000,1,0.0029940119760479044
Q3,32,8000,8400,6,0.017964071856287425
Q3,32,8400,8800,3,0.0089820359281437123
Q3,32,8800,9200,9,0.026946107784431138
Q3,32,9200,9600,20,0.059880239520958084
Q3,32,9600,10000,85,0.25449101796407186
Q3,32,10000,10400,85,0.25449101796407186
Q3,32,10400,10800,51,0.15269461077844312
Q3,33,1200,1600,2,0.0059880239520958087
Q3,33,1600,2000,0,0
Q3,33,2000,2400,0,0
Q3,33,2400,2800,4,0.011976047904191617
Q3,33,2800,3200,2,0.0059880239520958087
Q3,33,3200,3600,9,0.026946107784431138
Q3,33,3600,4000,11,0.032934131736526949
Q3,33,4000,4400,3,0.0089820359281437123
Q3,33,4400,4800,9,0.026946107784431138
Q3,33,4800,5200,3,0.0089820359281437123
Q3,33,5200,5600,4,0.011976047904191617
Q3,33,5600,6000,4,0.011976047904191617
Q3,33,6000,6400,5,0.014970059880239521
Q3,33,6400,6800,3,0.0089820359281437123
Q3,33,6800,7200,8,0.023952095808383235
Q3,33,7200,7600,6,0.017964071856287425
Q3,33,7600,8000,1,0.0029940119760479044
Q3,33,8000,8400,4,0.011976047904191617
Q3,33,8400,8800,3,0.0089820359281437123
Q3,33,8800,9200,5,0.014970059880239521
Q3,33,9200,9600,12,0.035928143712574849
Q3,33,9600,10000,5,0.014970059880239521
Q3,33,10000,10400,22,0.065868263473053898
Q3,33,10400,10800,209,0.62574850299401197
Q3,34,1200,1600,2,0.0059880239520958087
Q3,34,1600,2000,0,0
Q3,34,2000,2400,4,0.011976047904191617
Q3,34,2400,2800,2,0.0059880239520958087
Q3,34,2800,3200,7,0.020958083832335328
Q3,34,3200,3600,13,0.038922155688622756
Q3,34,3600,4000,4,0.011976047904191617
Q3,34,4000,4400,7,0.020958083832335328
Q3,34,4400,4800,5,0.014970059880239521
Q3,34,4800,5200,5,0.014970059880239521
Q3,34,5200,5600,3,0.0089820359281437123
Q3,34,5600,6000,4,0.011976047904191617
Q3,34,6000,6400,3,0.0089820359281437123
Q3,34,6400,6800,8,0.023952095808383235
Q3,34,6800,7200,6,0.017964071856287425
Q3,34,7200,7600,3,0.0089820359281437123
Q3,34,7600,8000,3,0.0089820359281437123
Q3,34,8000,8400,3,0.0089820359281437123
Q3,34,8400,8800,5,0.014970059880239521
Q3,34,8800,9200,8,0.023952095808383235
Q3,34,9200,9600,7,0.020958083832335328
Q3,34,9600,10000,8,0.023952095808383235
Q3,34,10000,10400,37,0.11077844311377245
Q3,34,10400,10800,187,0.55988023952095811
Q3,35,1200,1600,2,0.0059880239520958087
Q3,35,1600,2000,3,0.0089820359281437123
Q3,35,2000,2400,3,0.0089820359281437123
Q3,35,2400,2800,7,0.020958083832335328
Q3,35,2800,3200,13,0.038922155688622756
Q3,35,3200,3600,5,0.014970059880239521
Q3,35,3600,4000,7,0.020958083832335328
Q3,35,4000,4400,5,0.014970059880239521
Q3,35,4400,4800,4,0.011976047904191617
Q3,35,4800,5200,6,0.017964071856287425
Q3,35,5200,5600,2,0.0059880239520958087
Q3,35,5600,6000,4,0.011976047904191617
Q3,35,6000,6400,7,0.020958083832335328
Q3,35,6400,6800,5,0.014970059880239521
Q3,35,6800,7200,4,0.011976047904191617
Q3,35,7200,7600,4,0.011976047904191617
Q3,35,7600,8000,4,0.011976047904191617
Q3,35,8000,8400,8,0.023952095808383235
Q3,35,8400,8800,7,0.020958083832335328
Q3,35,8800,9200,7,0.020958083832335328
Q3,35,9200,9600,39,0.11676646706586827
Q3,35,9600,10000,115,0.34431137724550898
Q3,35,10000,10400,46,0.1377245508982036
Q3,35,10400,10800,27,0.080838323353293412
Q3,36,1200,1600,3,0.0089820359281437123
Q3,36,1600,2000,5,0.014970059880239521
Q3,36,2000,2400,5,0.014970059880239521
Q3,36,2400,2800,12,0.035928143712574849
Q3,36,2800,3200,8,0.023952095808383235
Q3,36,3200,3600,5,0.014970059880239521
Q3,36,3600,4000,7,0.020958083832335328
Q3,36,4000,4400,5,0.014970059880239521
Q3,36,4400,4800,5,0.014970059880239521
Q3,36,4800,5200,1,0.0029940119760479044
Q3,36,5200,5600,8,0.023952095808383235
Q3,36,5600,6000,4,0.011976047904191617
Q3,36,6000,6400,7,0.020958083832335328
Q3,36,6400,6800,4,0.011976047904191617
Q3,36,6800,7200,5,0.014970059880239521
Q3,36,7200,7600,6,0.017964071856287425
Q3,36,7600,8000,8,0.023952095808383235
Q3,36,8000,8400,9,0.026946107784431138
Q3,36,8400,8800,41,0.12275449101796407
Q3,36,8800,9200,109,0.32634730538922158
Q3,36,9200,9600,52,0.15568862275449102
Q3,36,9600,10000,23,0.068862275449101798
Q3,36,10000,10400,2,0.0059880239520958087
Q3,36,10400,10800,0,0
Q3,37,1200,1600,4,0.011976047904191617
Q3,37,1600,2000,6,0.017964071856287425
Q3,37,2000,2400,10,0.029940119760479042
Q3,37,2400,2800,12,0.035928143712574849
Q3,37,2800,3200,6,0.017964071856287425
Q3,37,3200,3600,7,0.020958083832335328
Q3,37,3600,4000,7,0.020958083832335328
Q3,37,4000,4400,3,0.0089820359281437123
Q3,37,4400,4800,3,0.0089820359281437123
Q3,37,4800,5200,7,0.020958083832335328
Q3,37,5200,5600,4,0.011976047904191617
Q3,37,5600,6000,6,0.017964071856287425
Q3,37,6000,6400,5,0.014970059880239521
Q3,37,6400,6800,7,0.020958083832335328
Q3,37,6800,7200,7,0.020958083832335328
Q3,37,7200,7600,9,0.026946107784431138
Q3,37,7600,8000,34,0.10179640718562874
Q3,37,8000,8400,81,0.24251497005988024
Q3,37,8400,8800,54,0.16167664670658682
Q3,37,8800,9200,30,0.089820359281437126
Q3,37,9200,9600,13,0.038922155688622756
Q3,37,9600,10000,17,0.05089820359281437
Q3,37,10000,10400,2,0.0059880239520958087
Q3,37,10400,10800,0,0
Q3,38,1200,1600,6,0.017964071856287425
Q3,38,1600,2000,10,0.029940119760479042
Q3,38,2000,2400,8,0.023952095808383235
Q3,38,2400,2800,14,0.041916167664670656
Q3,38,2800,3200,5,0.014970059880239521
Q3,38,3200,3600,8,0.023952095808383235
Q3,38,3600,4000,4,0.011976047904191617
Q3,38,4000,4400,2,0.0059880239520958087
Q3,38,4400,4800,6,0.017964071856287425
Q3,38,4800,5200,7,0.020958083832335328
Q3,38,5200,5600,4,0.011976047904191617
Q3,38,5600,6000,9,0.026946107784431138
Q3,38,6000,6400,7,0.020958083832335328
Q3,38,6400,6800,9,0.026946107784431138
Q3,38,6800,7200,28,0.083832335329341312
Q3,38,7200,7600,68,0.20359281437125748
Q3,38,7600,8000,53,0.15868263473053892
Q3,38,8000,8400,41,0.12275449101796407
Q3,38,8400,8800,10,0.029940119760479042
Q3,38,8800,9200,6,0.017964071856287425
Q3,38,9200,9600,9,0.026946107784431138
Q3,38,9600,10000,18,0.053892215568862277
Q3,38,10000,10400,2,0.0059880239520958087
Q3,38,10400,10800,0,0
Q3,39,1200,1600,10,0.029940119760479042
Q3,39,1600,2000,11,0.032934131736526949
Q3,39,2000,2400,15,0.044910179640718563
Q3,39,2400,2800,5,0.014970059880239521
Q3,39,2800,3200,9,0.026946107784431138
Q3,39,3200,3600,4,0.011976047904191617
Q3,39,3600,4000,4,0.011976047904191617
Q3,39,4000,4400,6,0.017964071856287425
Q3,39,4400,4800,5,0.014970059880239521
Q3,39,4800,5200,8,0.023952095808383235
Q3,39,5200,5600,8,0.023952095808383235
Q3,39,5600,6000,10,0.029940119760479042
Q3,39,6000,6400,15,0.044910179640718563
Q3,39,6400,6800,53,0.15868263473053892
Q3,39,6800,7200,46,0.1377245508982036
Q3,39,7200,7600,46,0.1377245508982036
Q3,39,7600,8000,31,0.092814371257485026
Q3,39,8000,8400,9,0.026946107784431138
Q3,39,8400,8800,7,0.020958083832335328
Q3,39,8800,9200,3,0.0089820359281437123
Q3,39,9200,9600,7,0.020958083832335328
Q3,39,9600,10000,20,0.059880239520958084
Q3,39,10000,10400,2,0.0059880239520958087
Q3,39,10400,10800,0,0
Q3,40,1200,1600,12,0.035928143712574849
Q3,40,1600,2000,11,0.032934131736526949
Q3,40,2000,2400,15,0.044910179640718563
Q3,40,2400,2800,9,0.026946107784431138
Q3,40,2800,3200,7,0.020958083832335328
Q3,40,3200,3600,4,0.011976047904191617
Q3,40,3600,4000,4,0.011976047904191617
Q3,40,4000,4400,6,0.017964071856287425
Q3,40,4400,4800,8,0.023952095808383235
Q3,40,4800,5200,10,0.029940119760479042
Q3,40,5200,5600,10,0.029940119760479042
Q3,40,5600,6000,23,0.068862275449101798
Q3,40,6000,6400,47,0.1407185628742515
Q3,40,6400,6800,41,0.12275449101796407
Q3,40,6800,7200,46,0.1377245508982036
Q3,40,7200,7600,24,0.071856287425149698
Q3,40,7600,8000,11,0.032934131736526949
Q3,40,8000,8400,7,0.020958083832335328
Q3,40,8400,8800,7,0.020958083832335328
Q3,40,8800,9200,3,0.0089820359281437123
Q3,40,9200,9600,5,0.014970059880239521
Q3,40,9600,10000,22,0.065868263473053898
Q3,40,10000,10400,2,0.0059880239520958087
Q3,40,10400,10800,0,0
Q3,41,1200,1600,17,0.05089820359281437
Q3,41,1600,2000,14,0.041916167664670656
Q3,41,2000,2400,14,0.041916167664670656
Q3,41,2400,2800,6,0.017964071856287425
Q3,41,2800,3200,6,0.017964071856287425
Q3,41,3200,3600,5,0.014970059880239521
Q3,41,3600,4000,5,0.014970059880239521
Q3,41,4000,4400,7,0.020958083832335328
Q3,41,4400,4800,12,0.035928143712574849
Q3,41,4800,5200,9,0.026946107784431138
Q3,41,5200,5600,29,0.086826347305389226
Q3,41,5600,6000,32,0.09580838323353294
Q3,41,6000,6400,50,0.1497005988023952
Q3,41,6400,6800,42,0.12574850299401197
Q3,41,6800,7200,18,0.053892215568862277
Q3,41,7200,7600,11,0.032934131736526949
Q3,41,7600,8000,10,0.029940119760479042
Q3,41,8000,8400,9,0.026946107784431138
Q3,41,8400,8800,7,0.020958083832335328
Q3,41,8800,9200,2,0.0059880239520958087
Q3,41,9200,9600,5,0.014970059880239521
Q3,41,9600,10000,21,0.062874251497005984
Q3,41,10000,10400,3,0.0089820359281437123
Q3,41,10400,10800,0,0
Q3,42,1200,1600,20,0.059880239520958084
Q3,42,1600,2000,18,0.053892215568862277
Q3,42,2000,2400,12,0.035928143712574849
Q3,42,2400,2800,5,0.014970059880239521
Q3,42,2800,3200,6,0.017964071856287425
Q3,42,3200,3600,4,0.011976047904191617
Q3,42,3600,4000,7,0.020958083832335328
Q3,42,4000,4400,14,0.041916167664670656
Q3,42,4400,4800,7,0.020958083832335328
Q3,42,4800,5200,22,0.065868263473053898
Q3,42,5200,5600,30,0.089820359281437126
Q3,42,5600,6000,38,0.11377245508982035
Q3,42,6000,6400,41,0.12275449101796407
Q3,42,6400,6800,32,0.09580838323353294
Q3,42,6800,7200,11,0.032934131736526949
Q3,42,7200,7600,11,0.032934131736526949
Q3,42,7600,8000,10,0.029940119760479042
Q3,42,8000,8400,8,0.023952095808383235
Q3,42,8400,8800,7,0.020958083832335328
Q3,42,8800,9200,2,0.0059880239520958087
Q3,42,9200,9600,3,0.0089820359281437123
Q3,42,9600,10000,21,0.062874251497005984
Q3,42,10000,10400,5,0.014970059880239521
Q3,42,10400,10800,0,0
Q3,43,1200,1600,22,0.065868263473053898
Q3,43,1600,2000,22,0.065868263473053898
Q3,43,2000,2400,9,0.026946107784431138
Q3,43,2400,2800,7,0.020958083832335328
Q3,43,2800,3200,6,0.017964071856287425
Q3,43,3200,3600,4,0.011976047904191617
Q3,43,3600,4000,10,0.029940119760479042
Q3,43,4000,4400,10,0.029940119760479042
Q3,43,4400,4800,13,0.038922155688622756
Q3,43,4800,5200,31,0.092814371257485026
Q3,43,5200,5600,32,0.09580838323353294
Q3,43,5600,6000,30,0.089820359281437126
Q3,43,6000,6400,43,0.12874251497005987
Q3,43,6400,6800,16,0.04790419161676647
Q3,43,6800,7200,11,0.032934131736526949
Q3,43,7200,7600,12,0.035928143712574849
Q3,43,7600,8000,10,0.029940119760479042
Q3,43,8000,8400,8,0.023952095808383235
Q3,43,8400,8800,6,0.017964071856287425
Q3,43,8800,9200,4,0.011976047904191617
Q3,43,9200,9600,2,0.0059880239520958087
Q3,43,9600,10000,20,0.059880239520958084
Q3,43,10000,10400,6,0.017964071856287425
Q3,43,10400,10800,0,0
Q3,44,1200,1600,22,0.065868263473053898
Q3,44,1600,2000,23,0.068862275449101798
Q3,44,2000,2400,11,0.032934131736526949
Q3,44,2400,2800,5,0.014970059880239521
Q3,44,2800,3200,8,0.023952095808383235
Q3,44,3200,3600,8,0.023952095808383235
Q3,44,3600,4000,7,0.020958083832335328
Q3,44,4000,4400,12,0.035928143712574849
Q3,44,4400,4800,16,0.04790419161676647
Q3,44,4800,5200,32,0.09580838323353294
Q3,44,5200,5600,35,0.10479041916167664
Q3,44,5600,6000,26,0.077844311377245512
Q3,44,6000,6400,32,0.09580838323353294
Q3,44,6400,6800,17,0.05089820359281437
Q3,44,6800,7200,11,0.032934131736526949
Q3,44,7200,7600,13,0.038922155688622756
Q3,44,7600,8000,8,0.023952095808383235
Q3,44,8000,8400,10,0.029940119760479042
Q3,44,8400,8800,5,0.014970059880239521
Q3,44,8800,9200,5,0.014970059880239521
Q3,44,9200,9600,2,0.0059880239520958087
Q3,44,9600,10000,16,0.04790419161676647
Q3,44,10000,10400,10,0.029940119760479042
Q3,44,10400,10800,0,0
Q3,45,1200,1600,23,0.068862275449101798
Q3,45,1600,2000,23,0.068862275449101798
Q3,45,2000,2400,12,0.035928143712574849
Q3,45,2400,2800,8,0.023952095808383235
Q3,45,2800,3200,9,0.026946107784431138
Q3,45,3200,3600,3,0.0089820359281437123
Q3,45,3600,4000,7,0.020958083832335328
Q3,45,4000,4400,14,0.041916167664670656
Q3,45,4400,4800,16,0.04790419161676647
Q3,45,4800,5200,33,0.09880239520958084
Q3,45,5200,5600,32,0.09580838323353294
Q3,45,5600,6000,25,0.074850299401197598
Q3,45,6000,6400,22,0.065868263473053898
Q3,45,6400,6800,14,0.041916167664670656
Q3,45,6800,7200,13,0.038922155688622756
Q3,45,7200,7600,6,0.017964071856287425
Q3,45,7600,8000,11,0.032934131736526949
Q3,45,8000,8400,8,0.023952095808383235
Q3,45,8400,8800,12,0.035928143712574849
Q3,45,8800,9200,6,0.017964071856287425
Q3,45,9200,9600,7,0.020958083832335328
Q3,45,9600,10000,2,0.0059880239520958087
Q3,45,10000,10400,3,0.0089820359281437123
Q3,45,10400,10800,25,0.074850299401197598
Q3,46,1200,1600,18,0.053892215568862277
Q3,46,1600,2000,25,0.074850299401197598
Q3,46,2000,2400,18,0.053892215568862277
Q3,46,2400,2800,5,0.014970059880239521
Q3,46,2800,3200,10,0.029940119760479042
Q3,46,3200,3600,6,0.017964071856287425
Q3,46,3600,4000,12,0.035928143712574849
Q3,46,4000,4400,16,0.04790419161676647
Q3,46,4400,4800,27,0.080838323353293412
Q3,46,4800,5200,38,0.11377245508982035
Q3,46,5200,5600,24,0.071856287425149698
Q3,46,5600,6000,30,0.089820359281437126
Q3,46,6000,6400,9,0.026946107784431138
Q3,46,6400,6800,13,0.038922155688622756
Q3,46,6800,7200,8,0.023952095808383235
Q3,46,7200,7600,6,0.017964071856287425
Q3,46,7600,8000,6,0.017964071856287425
Q3,46,8000,8400,9,0.026946107784431138
Q3,46,8400,8800,12,0.035928143712574849
Q3,46,8800,9200,5,0.014970059880239521
Q3,46,9200,9600,7,0.020958083832335328
Q3,46,9600,10000,2,0.0059880239520958087
Q3,46,10000,10400,4,0.011976047904191617
Q3,46,10400,10800,24,0.071856287425149698
Q3,47,1200,1600,15,0.044910179640718563
Q3,47,1600,2000,24,0.071856287425149698
Q3,47,2000,2400,20,0.059880239520958084
Q3,47,2400,2800,14,0.041916167664670656
Q3,47,2800,3200,8,0.023952095808383235
Q3,47,3200,3600,11,0.032934131736526949
Q3,47,3600,4000,19,0.056886227544910177
Q3,47,4000,4400,33,0.09880239520958084
Q3,47,4400,4800,29,0.086826347305389226
Q3,47,4800,5200,31,0.092814371257485026
Q3,47,5200,5600,27,0.080838323353293412
Q3,47,5600,6000,15,0.044910179640718563
Q3,47,6000,6400,9,0.026946107784431138
Q3,47,6400,6800,6,0.017964071856287425
Q3,47,6800,7200,9,0.026946107784431138
Q3,47,7200,7600,9,0.026946107784431138
Q3,47,7600,8000,13,0.038922155688622756
Q3,47,8000,8400,5,0.014970059880239521
Q3,47,8400,8800,6,0.017964071856287425
Q3,47,8800,9200,3,0.0089820359281437123
Q3,47,9200,9600,6,0.017964071856287425
Q3,47,9600,10000,22,0.065868263473053898
Q3,47,10000,10400,0,0
Q3,47,10400,10800,0,0
Q3,48,1200,1600,13,0.038922155688622756
Q3,48,1600,2000,19,0.056886227544910177
Q3,48,2000,2400,22,0.065868263473053898
Q3,48,2400,2800,24,0.071856287425149698
Q3,48,2800,3200,12,0.035928143712574849
Q3,48,3200,3600,21,0.062874251497005984
Q3,48,3600,4000,32,0.09580838323353294
Q3,48,4000,4400,32,0.09580838323353294
Q3,48,4400,4800,29,0.086826347305389226
Q3,48,4800,5200,23,0.068862275449101798
Q3,48,5200,5600,25,0.074850299401197598
Q3,48,5600,6000,7,0.020958083832335328
Q3,48,6000,6400,6,0.017964071856287425
Q3,48,6400,6800,14,0.041916167664670656
Q3,48,6800,7200,11,0.032934131736526949
Q3,48,7200,7600,6,0.017964071856287425
Q3,48,7600,8000,5,0.014970059880239521
Q3,48,8000,8400,6,0.017964071856287425
Q3,48,8400,8800,5,0.014970059880239521
Q3,48,8800,9200,22,0.065868263473053898
Q3,48,9200,9600,0,0
Q3,48,9600,10000,0,0
Q3,48,10000,10400,0,0
Q3,48,10400,10800,0,0
Q3,49,1200,1600,10,0.029940119760479042
Q3,49,1600,2000,17,0.05089820359281437
Q3,49,2000,2400,25,0.074850299401197598
Q3,49,2400,2800,24,0.071856287425149698
Q3,49,2800,3200,33,0.09880239520958084
Q3,49,3200,3600,29,0.086826347305389226
Q3,49,3600,4000,28,0.083832335329341312
Q3,49,4000,4400,32,0.09580838323353294
Q3,49,4400,4800,31,0.092814371257485026
Q3,49,4800,5200,19,0.056886227544910177
Q3,49,5200,5600,14,0.041916167664670656
Q3,49,5600,6000,12,0.035928143712574849
Q3,49,6000,6400,14,0.041916167664670656
Q3,49,6400,6800,5,0.014970059880239521
Q3,49,6800,7200,7,0.020958083832335328
Q3,49,7200,7600,4,0.011976047904191617
Q3,49,7600,8000,6,0.017964071856287425
Q3,49,8000,8400,24,0.071856287425149698
Q3,49,8400,8800,0,0
Q3,49,8800,9200,0,0
Q3,49,9200,9600,0,0
Q3,49,9600,10000,0,0
Q3,49,10000,10400,0,0
Q3,49,10400,10800,0,0
Q3,50,1200,1600,8,0.023952095808383235
Q3,50,1600,2000,18,0.053892215568862277
Q3,50,2000,2400,19,0.056886227544910177
Q3,50,2400,2800,42,0.12574850299401197
Q3,50,2800,3200,32,0.09580838323353294
Q3,50,3200,3600,42,0.12574850299401197
Q3,50,3600,4000,29,0.086826347305389226
Q3,50,4000,4400,32,0.09580838323353294
Q3,50,4400,4800,28,0.083832335329341312
Q3,50,4800,5200,9,0.026946107784431138
Q3,50,5200,5600,18,0.053892215568862277
Q3,50,5600,6000,14,0.041916167664670656
Q3,50,6000,6400,8,0.023952095808383235
Q3,50,6400,6800,3,0.0089820359281437123
Q3,50,6800,7200,8,0.023952095808383235
Q3,50,7200,7600,24,0.071856287425149698
Q3,50,7600,8000,0,0
Q3,50,8000,8400,0,0
Q3,50,8400,8800,0,0
Q3,50,8800,9200,0,0
Q3,50,9200,9600,0,0
Q3,50,9600,10000,0,0
Q3,50,10000,10400,0,0
Q3,50,10400,10800,0,0
Q3,51,1200,1600,6,0.017964071856287425
Q3,51,1600,2000,11,0.032934131736526949
Q3,51,2000,2400,31,0.092814371257485026
Q3,51,2400,2800,41,0.12275449101796407
Q3,51,2800,3200,42,0.12574850299401197
Q3,51,3200,3600,46,0.1377245508982036
Q3,51,3600,4000,33,0.09880239520958084
Q3,51,4000,4400,35,0.10479041916167664
Q3,51,4400,4800,14,0.041916167664670656
Q3,51,4800,5200,23,0.068862275449101798
Q3,51,5200,5600,7,0.020958083832335328
Q3,51,5600,6000,9,0.026946107784431138
Q3,51,6000,6400,10,0.029940119760479042
Q3,51,6400,6800,23,0.068862275449101798
Q3,51,6800,7200,2,0.0059880239520958087
Q3,51,7200,7600,1,0.0029940119760479044
Q3,51,7600,8000,0,0
Q3,51,8000,8400,0,0
Q3,51,8400,8800,0,0
Q3,51,8800,9200,0,0
Q3,51,9200,9600,0,0
Q3,51,9600,10000,0,0
Q3,51,10000,10400,0,0
Q3,51,10400,10800,0,0
Q3,52,1200,1600,8,0.023952095808383235
Q3,52,1600,2000,18,0.053892215568862277
Q3,52,2000,2400,37,0.11077844311377245
Q3,52,2400,2800,25,0.074850299401197598
Q3,52,2800,3200,51,0.15269461077844312
Q3,52,3200,3600,44,0.1317365269461078
Q3,52,3600,4000,41,0.12275449101796407
Q3,52,4000,4400,33,0.09880239520958084
Q3,52,4400,4800,19,0.056886227544910177
Q3,52,4800,5200,13,0.038922155688622756
Q3,52,5200,5600,10,0.029940119760479042
Q3,52,5600,6000,26,0.077844311377245512
Q3,52,6000,6400,6,0.017964071856287425
Q3,52,6400,6800,2,0.0059880239520958087
Q3,52,6800,7200,1,0.0029940119760479044
Q3,52,7200,7600,0,0
Q3,52,7600,8000,0,0
Q3,52,8000,8400,0,0
Q3,52,8400,8800,0,0
Q3,52,8800,9200,0,0
Q3,52,9200,9600,0,0
Q3,52,9600,10000,0,0
Q3,52,10000,10400,0,0
Q3,52,10400,10800,0,0
Q3,53,1200,1600,9,0.026946107784431138
Q3,53,1600,2000,23,0.068862275449101798
Q3,53,2000,2400,35,0.10479041916167664
Q3,53,2400,2800,29,0.086826347305389226
Q3,53,2800,3200,50,0.1497005988023952
Q3,53,3200,3600,51,0.15269461077844312
Q3,53,3600,4000,38,0.11377245508982035
Q3,53,4000,4400,33,0.09880239520958084
Q3,53,4400,4800,19,0.056886227544910177
Q3,53,4800,5200,20,0.059880239520958084
Q3,53,5200,5600,18,0.053892215568862277
Q3,53,5600,6000,4,0.011976047904191617
Q3,53,6000,6400,2,0.0059880239520958087
Q3,53,6400,6800,2,0.0059880239520958087
Q3,53,6800,7200,1,0.0029940119760479044
Q3,53,7200,7600,0,0
Q3,53,7600,8000,0,0
Q3,53,8000,8400,0,0
Q3,53,8400,8800,0,0
Q3,53,8800,9200,0,0
Q3,53,9200,9600,0,0
Q3,53,9600,10000,0,0
Q3,53,10000,10400,0,0
Q3,53,10400,10800,0,0
Q3,54,1200,1600,13,0.038922155688622756
Q3,54,1600,2000,27,0.080838323353293412
Q3,54,2000,2400,35,0.10479041916167664
Q3,54,2400,2800,35,0.10479041916167664
Q3,54,2800,3200,43,0.12874251497005987
Q3,54,3200,3600,48,0.1437125748502994
Q3,54,3600,4000,39,0.11676646706586827
Q3,54,4000,4400,39,0.11676646706586827
Q3,54,4400,4800,26,0.077844311377245512
Q3,54,4800,5200,17,0.05089820359281437
Q3,54,5200,5600,2,0.0059880239520958087
Q3,54,5600,6000,6,0.017964071856287425
Q3,54,6000,6400,1,0.0029940119760479044
Q3,54,6400,6800,2,0.0059880239520958087
Q3,54,6800,7200,0,0
Q3,54,7200,7600,1,0.0029940119760479044
Q3,54,7600,8000,0,0
Q3,54,8000,8400,0,0
Q3,54,8400,8800,0,0
Q3,54,8800,9200,0,0
Q3,54,9200,9600,0,0
Q3,54,9600,10000,0,0
Q3,54,10000,10400,0,0
Q3,54,10400,10800,0,0
Q3,55,1200,1600,19,0.056886227544910177
Q3,55,1600,2000,26,0.077844311377245512
Q3,55,2000,2400,29,0.086826347305389226
Q3,55,2400,2800,41,0.12275449101796407
Q3,55,2800,3200,43,0.12874251497005987
Q3,55,3200,3600,48,0.1437125748502994
Q3,55,3600,4000,49,0.1467065868263473
Q3,55,4000,4400,31,0.092814371257485026
Q3,55,4400,4800,21,0.062874251497005984
Q3,55,4800,5200,9,0.026946107784431138
Q3,55,5200,5600,7,0.020958083832335328
Q3,55,5600,6000,6,0.017964071856287425
Q3,55,6000,6400,2,0.0059880239520958087
Q3,55,6400,6800,1,0.0029940119760479044
Q3,55,6800,7200,1,0.0029940119760479044
Q3,55,7200,7600,0,0
Q3,55,7600,8000,1,0.0029940119760479044
Q3,55,8000,8400,0,0
Q3,55,8400,8800,0,0
Q3,55,8800,9200,0,0
Q3,55,9200,9600,0,0
Q3,55,9600,10000,0,0
Q3,55,10000,10400,0,0
Q3,55,10400,10800,0,0
Q3,56,1200,1600,22,0.065868263473053898
Q3,56,1600,2000,25,0.074850299401197598
Q3,56,2000,2400,33,0.09880239520958084
Q3,56,2400,2800,40,0.11976047904191617
Q3,56,2800,3200,42,0.12574850299401197
Q3,56,3200,3600,46,0.1377245508982036
Q3,56,3600,4000,45,0.1347305389221557
Q3,56,4000,4400,29,0.086826347305389226
Q3,56,4400,4800,17,0.05089820359281437
Q3,56,4800,5200,9,0.026946107784431138
Q3,56,5200,5600,8,0.023952095808383235
Q3,56,5600,6000,5,0.014970059880239521
Q3,56,6000,6400,9,0.026946107784431138
Q3,56,6400,6800,2,0.0059880239520958087
Q3,56,6800,7200,0,0
Q3,56,7200,7600,1,0.0029940119760479044
Q3,56,7600,8000,0,0
Q3,56,8000,8400,0,0
Q3,56,8400,8800,1,0.0029940119760479044
Q3,56,8800,9200,0,0
Q3,56,9200,9600,0,0
Q3,56,9600,10000,0,0
Q3,56,10000,10400,0,0
Q3,56,10400,10800,0,0
Q3,57,1200,1600,22,0.065868263473053898
Q3,57,1600,2000,26,0.077844311377245512
Q3,57,2000,2400,36,0.10778443113772455
Q3,57,2400,2800,36,0.10778443113772455
Q3,57,2800,3200,48,0.1437125748502994
Q3,57,3200,3600,33,0.09880239520958084
Q3,57,3600,4000,44,0.1317365269461078
Q3,57,4000,4400,27,0.080838323353293412
Q3,57,4400,4800,15,0.044910179640718563
Q3,57,4800,5200,13,0.038922155688622756
Q3,57,5200,5600,8,0.023952095808383235
Q3,57,5600,6000,6,0.017964071856287425
Q3,57,6000,6400,9,0.026946107784431138
Q3,57,6400,6800,7,0.020958083832335328
Q3,57,6800,7200,2,0.0059880239520958087
Q3,57,7200,7600,0,0
Q3,57,7600,8000,1,0.0029940119760479044
Q3,57,8000,8400,0,0
Q3,57,8400,8800,0,0
Q3,57,8800,9200,1,0.0029940119760479044
Q3,57,9200,9600,0,0
Q3,57,9600,10000,0,0
Q3,57,10000,10400,0,0
Q3,57,10400,10800,0,0
Q3,58,1200,1600,19,0.056886227544910177
Q3,58,1600,2000,24,0.071856287425149698
Q3,58,2000,2400,38,0.11377245508982035
Q3,58,2400,2800,38,0.11377245508982035
Q3,58,2800,3200,45,0.1347305389221557
Q3,58,3200,3600,34,0.10179640718562874
Q3,58,3600,4000,45,0.1347305389221557
Q3,58,4000,4400,20,0.059880239520958084
Q3,58,4400,4800,16,0.04790419161676647
Q3,58,4800,5200,11,0.032934131736526949
Q3,58,5200,5600,8,0.023952095808383235
Q3,58,5600,6000,10,0.029940119760479042
Q3,58,6000,6400,6,0.017964071856287425
Q3,58,6400,6800,11,0.032934131736526949
Q3,58,6800,7200,2,0.0059880239520958087
Q3,58,7200,7600,5,0.014970059880239521
Q3,58,7600,8000,0,0
Q3,58,8000,8400,0,0
Q3,58,8400,8800,1,0.0029940119760479044
Q3,58,8800,9200,0,0
Q3,58,9200,9600,1,0.0029940119760479044
Q3,58,9600,10000,0,0
Q3,58,10000,10400,0,0
Q3,58,10400,10800,0,0
Q3,59,1200,1600,19,0.056886227544910177
Q3,59,1600,2000,25,0.074850299401197598
Q3,59,2000,2400,40,0.11976047904191617
Q3,59,2400,2800,36,0.10778443113772455
Q3,59,2800,3200,42,0.12574850299401197
Q3,59,3200,3600,42,0.12574850299401197
Q3,59,3600,4000,34,0.10179640718562874
Q3,59,4000,4400,22,0.065868263473053898
Q3,59,4400,4800,8,0.023952095808383235
Q3,59,4800,5200,13,0.038922155688622756
Q3,59,5200,5600,8,0.023952095808383235
Q3,59,5600,6000,9,0.026946107784431138
Q3,59,6000,6400,9,0.026946107784431138
Q3,59,6400,6800,7,0.020958083832335328
Q3,59,6800,7200,7,0.020958083832335328
Q3,59,7200,7600,6,0.017964071856287425
Q3,59,7600,8000,5,0.014970059880239521
Q3,59,8000,8400,0,0
Q3,59,8400,8800,0,0
Q3,59,8800,9200,1,0.0029940119760479044
Q3,59,9200,9600,0,0
Q3,59,9600,10000,0,0
Q3,59,10000,10400,1,0.0029940119760479044
Q3,59,10400,10800,0,0
Q3,60,1200,1600,20,0.059880239520958084
Q3,60,1600,2000,21,0.062874251497005984
Q3,60,2000,2400,36,0.10778443113772455
Q3,60,2400,2800,41,0.12275449101796407
Q3,60,2800,3200,44,0.1317365269461078
Q3,60,3200,3600,35,0.10479041916167664
Q3,60,3600,4000,29,0.086826347305389226
Q3,60,4000,4400,22,0.065868263473053898
Q3,60,4400,4800,15,0.044910179640718563
Q3,60,4800,5200,8,0.023952095808383235
Q3,60,5200,5600,10,0.029940119760479042
Q3,60,5600,6000,8,0.023952095808383235
Q3,60,6000,6400,5,0.014970059880239521
Q3,60,6400,6800,9,0.026946107784431138
Q3,60,6800,7200,9,0.026946107784431138
Q3,60,7200,7600,7,0.020958083832335328
Q3,60,7600,8000,6,0.017964071856287425
Q3,60,8000,8400,3,0.0089820359281437123
Q3,60,8400,8800,4,0.011976047904191617
Q3,60,8800,9200,0,0
Q3,60,9200,9600,1,0.0029940119760479044
Q3,60,9600,10000,0,0
Q3,60,10000,10400,0,0
Q3,60,10400,10800,1,0.0029940119760479044
Q3,61,1200,1600,23,0.068862275449101798
Q3,61,1600,2000,17,0.05089820359281437
Q3,61,2000,2400,34,0.10179640718562874
Q3,61,2400,2800,41,0.12275449101796407
Q3,61,2800,3200,40,0.11976047904191617
Q3,61,3200,3600,35,0.10479041916167664
Q3,61,3600,4000,25,0.074850299401197598
Q3,61,4000,4400,20,0.059880239520958084
Q3,61,4400,4800,21,0.062874251497005984
Q3,61,4800,5200,8,0.023952095808383235
Q3,61,5200,5600,8,0.023952095808383235
Q3,61,5600,6000,8,0.023952095808383235
Q3,61,6000,6400,6,0.017964071856287425
Q3,61,6400,6800,8,0.023952095808383235
Q3,61,6800,7200,6,0.017964071856287425
Q3,61,7200,7600,11,0.032934131736526949
Q3,61,7600,8000,6,0.017964071856287425
Q3,61,8000,8400,5,0.014970059880239521
Q3,61,8400,8800,5,0.014970059880239521
Q3,61,8800,9200,3,0.0089820359281437123
Q3,61,9200,9600,2,0.0059880239520958087
Q3,61,9600,10000,0,0
Q3,61,10000,10400,1,0.0029940119760479044
Q3,61,10400,10800,1,0.0029940119760479044
Q3,62,1200,1600,21,0.062874251497005984
Q3,62,1600,2000,13,0.038922155688622756
Q3,62,2000,2400,39,0.11676646706586827
Q3,62,2400,2800,33,0.09880239520958084
Q3,62,2800,3200,40,0.11976047904191617
Q3,62,3200,3600,30,0.089820359281437126
Q3,62,3600,4000,28,0.083832335329341312
Q3,62,4000,4400,22,0.065868263473053898
Q3,62,4400,4800,18,0.053892215568862277
Q3,62,4800,5200,14,0.041916167664670656
Q3,62,5200,5600,10,0.029940119760479042
Q3,62,5600,6000,5,0.014970059880239521
Q3,62,6000,6400,6,0.017964071856287425
Q3,62,6400,6800,5,0.014970059880239521
Q3,62,6800,7200,9,0.026946107784431138
Q3,62,7200,7600,4,0.011976047904191617
Q3,62,7600,8000,12,0.035928143712574849
Q3,62,8000,8400,4,0.011976047904191617
Q3,62,8400,8800,6,0.017964071856287425
Q3,62,8800,9200,6,0.017964071856287425
Q3,62,9200,9600,3,0.0089820359281437123
Q3,62,9600,10000,2,0.0059880239520958087
Q3,62,10000,10400,2,0.0059880239520958087
Q3,62,10400,10800,2,0.0059880239520958087
Q3,63,1200,1600,21,0.062874251497005984
Q3,63,1600,2000,15,0.044910179640718563
Q3,63,2000,2400,36,0.10778443113772455
Q3,63,2400,2800,21,0.062874251497005984
Q3,63,2800,3200,39,0.11676646706586827
Q3,63,3200,3600,38,0.11377245508982035
Q3,63,3600,4000,20,0.059880239520958084
Q3,63,4000,4400,28,0.083832335329341312
Q3,63,4400,4800,18,0.053892215568862277
Q3,63,4800,5200,13,0.038922155688622756
Q3,63,5200,5600,13,0.038922155688622756
Q3,63,5600,6000,5,0.014970059880239521
Q3,63,6000,6400,3,0.0089820359281437123
Q3,63,6400,6800,6,0.017964071856287425
Q3,63,6800,7200,5,0.014970059880239521
Q3,63,7200,7600,8,0.023952095808383235
Q3,63,7600,8000,8,0.023952095808383235
Q3,63,8000,8400,6,0.017964071856287425
Q3,63,8400,8800,9,0.026946107784431138
Q3,63,8800,9200,4,0.011976047904191617
Q3,63,9200,9600,4,0.011976047904191617
Q3,63,9600,10000,7,0.020958083832335328
Q3,63,10000,10400,1,0.0029940119760479044
Q3,63,10400,10800,6,0.017964071856287425
Q3,64,1200,1600,19,0.056886227544910177
Q3,64,1600,2000,14,0.041916167664670656
Q3,64,2000,2400,27,0.080838323353293412
Q3,64,2400,2800,24,0.071856287425149698
Q3,64,2800,3200,35,0.10479041916167664
Q3,64,3200,3600,34,0.10179640718562874
Q3,64,3600,4000,28,0.083832335329341312
Q3,64,4000,4400,22,0.065868263473053898
Q3,64,4400,4800,21,0.062874251497005984
Q3,64,4800,5200,16,0.04790419161676647
Q3,64,5200,5600,10,0.029940119760479042
Q3,64,5600,6000,12,0.035928143712574849
Q3,64,6000,6400,4,0.011976047904191617
Q3,64,6400,6800,4,0.011976047904191617
Q3,64,6800,7200,4,0.011976047904191617
Q3,64,7200,7600,6,0.017964071856287425
Q3,64,7600,8000,8,0.023952095808383235
Q3,64,8000,8400,6,0.017964071856287425
Q3,64,8400,8800,6,0.017964071856287425
Q3,64,8800,9200,8,0.023952095808383235
Q3,64,9200,9600,5,0.014970059880239521
Q3,64,9600,10000,5,0.014970059880239521
Q3,64,10000,10400,7,0.020958083832335328
Q3,64,10400,10800,9,0.026946107784431138
Q3,65,1200,1600,3,0.0089820359281437123
Q3,65,1600,2000,12,0.035928143712574849
Q3,65,2000,2400,14,0.041916167664670656
Q3,65,2400,2800,24,0.071856287425149698
Q3,65,2800,3200,27,0.080838323353293412
Q3,65,3200,3600,28,0.083832335329341312
Q3,65,3600,4000,41,0.12275449101796407
Q3,65,4000,4400,33,0.09880239520958084
Q3,65,4400,4800,28,0.083832335329341312
Q3,65,4800,5200,15,0.044910179640718563
Q3,65,5200,5600,15,0.044910179640718563
Q3,65,5600,6000,13,0.038922155688622756
Q3,65,6000,6400,8,0.023952095808383235
Q3,65,6400,6800,5,0.014970059880239521
Q3,65,6800,7200,3,0.0089820359281437123
Q3,65,7200,7600,3,0.0089820359281437123
Q3,65,7600,8000,5,0.014970059880239521
Q3,65,8000,8400,6,0.017964071856287425
Q3,65,8400,8800,9,0.026946107784431138
Q3,65,8800,9200,5,0.014970059880239521
Q3,65,9200,9600,7,0.020958083832335328
Q3,65,9600,10000,5,0.014970059880239521
Q3,65,10000,10400,5,0.014970059880239521
Q3,65,10400,10800,20,0.059880239520958084
Q3,66,1200,1600,0,0
Q3,66,1600,2000,1,0.0029940119760479044
Q3,66,2000,2400,5,0.014970059880239521
Q3,66,2400,2800,13,0.038922155688622756
Q3,66,2800,3200,15,0.044910179640718563
Q3,66,3200,3600,28,0.083832335329341312
Q3,66,3600,4000,29,0.086826347305389226
Q3,66,4000,4400,34,0.10179640718562874
Q3,66,4400,4800,43,0.12874251497005987
Q3,66,4800,5200,27,0.080838323353293412
Q3,66,5200,5600,32,0.09580838323353294
Q3,66,5600,6000,8,0.023952095808383235
Q3,66,6000,6400,16,0.04790419161676647
Q3,66,6400,6800,11,0.032934131736526949
Q3,66,6800,7200,3,0.0089820359281437123
Q3,66,7200,7600,3,0.0089820359281437123
Q3,66,7600,8000,3,0.0089820359281437123
Q3,66,8000,8400,2,0.0059880239520958087
Q3,66,8400,8800,8,0.023952095808383235
Q3,66,8800,9200,7,0.020958083832335328
Q3,66,9200,9600,4,0.011976047904191617
Q3,66,9600,10000,10,0.029940119760479042
Q3,66,10000,10400,4,0.011976047904191617
Q3,66,10400,10800,28,0.083832335329341312
Q3,67,1200,1600,0,0
Q3,67,1600,2000,0,0
Q3,67,2000,2400,2,0.0059880239520958087
Q3,67,2400,2800,4,0.011976047904191617
Q3,67,2800,3200,11,0.032934131736526949
Q3,67,3200,3600,13,0.038922155688622756
Q3,67,3600,4000,20,0.059880239520958084
Q3,67,4000,4400,34,0.10179640718562874
Q3,67,4400,4800,32,0.09580838323353294
Q3,67,4800,5200,36,0.10778443113772455
Q3,67,5200,5600,41,0.12275449101796407
Q3,67,5600,6000,30,0.089820359281437126
Q3,67,6000,6400,13,0.038922155688622756
Q3,67,6400,6800,13,0.038922155688622756
Q3,67,6800,7200,10,0.029940119760479042
Q3,67,7200,7600,6,0.017964071856287425
Q3,67,7600,8000,3,0.0089820359281437123
Q3,67,8000,8400,2,0.0059880239520958087
Q3,67,8400,8800,1,0.0029940119760479044
Q3,67,8800,9200,7,0.020958083832335328
Q3,67,9200,9600,7,0.020958083832335328
Q3,67,9600,10000,6,0.017964071856287425
Q3,67,10000,10400,3,0.0089820359281437123
Q3,67,10400,10800,40,0.11976047904191617
Q3,68,1200,1600,0,0
Q3,68,1600,2000,0,0
Q3,68,2000,2400,1,0.0029940119760479044
Q3,68,2400,2800,1,0.0029940119760479044
Q3,68,2800,3200,4,0.011976047904191617
Q3,68,3200,3600,8,0.023952095808383235
Q3,68,3600,4000,9,0.026946107784431138
Q3,68,4000,4400,20,0.059880239520958084
Q3,68,4400,4800,21,0.062874251497005984
Q3,68,4800,5200,36,0.10778443113772455
Q3,68,5200,5600,31,0.092814371257485026
Q3,68,5600,6000,45,0.1347305389221557
Q3,68,6000,6400,35,0.10479041916167664
Q3,68,6400,6800,21,0.062874251497005984
Q3,68,6800,7200,19,0.056886227544910177
Q3,68,7200,7600,6,0.017964071856287425
Q3,68,7600,8000,5,0.014970059880239521
Q3,68,8000,8400,7,0.020958083832335328
Q3,68,8400,8800,0,0
Q3,68,8800,9200,2,0.0059880239520958087
Q3,68,9200,9600,1,0.0029940119760479044
Q3,68,9600,10000,10,0.029940119760479042
Q3,68,10000,10400,6,0.017964071856287425
Q3,68,10400,10800,46,0.1377245508982036
Q3,69,1200,1600,0,0
Q3,69,1600,2000,0,0
Q3,69,2000,2400,0,0
Q3,69,2400,2800,1,0.0029940119760479044
Q3,69,2800,3200,1,0.0029940119760479044
Q3,69,3200,3600,0,0
Q3,69,3600,4000,8,0.023952095808383235
Q3,69,4000,4400,8,0.023952095808383235
Q3,69,4400,4800,15,0.044910179640718563
Q3,69,4800,5200,18,0.053892215568862277
Q3,69,5200,5600,32,0.09580838323353294
Q3,69,5600,6000,32,0.09580838323353294
Q3,69,6000,6400,34,0.10179640718562874
Q3,69,6400,6800,43,0.12874251497005987
Q3,69,6800,7200,29,0.086826347305389226
Q3,69,7200,7600,25,0.074850299401197598
Q3,69,7600,8000,8,0.023952095808383235
Q3,69,8000,8400,7,0.020958083832335328
Q3,69,8400,8800,5,0.014970059880239521
Q3,69,8800,9200,3,0.0089820359281437123
Q3,69,9200,9600,2,0.0059880239520958087
Q3,69,9600,10000,1,0.0029940119760479044
Q3,69,10000,10400,6,0.017964071856287425
Q3,69,10400,10800,56,0.16766467065868262
Q3,70,1200,1600,0,0
Q3,70,1600,2000,0,0
Q3,70,2000,2400,0,0
Q3,70,2400,2800,0,0
Q3,70,2800,3200,1,0.0029940119760479044
Q3,70,3200,3600,1,0.0029940119760479044
Q3,70,3600,4000,0,0
Q3,70,4000,4400,4,0.011976047904191617
Q3,70,4400,4800,7,0.020958083832335328
Q3,70,4800,5200,13,0.038922155688622756
Q3,70,5200,5600,13,0.038922155688622756
Q3,70,5600,6000,26,0.077844311377245512
Q3,70,6000,6400,26,0.077844311377245512
Q3,70,6400,6800,40,0.11976047904191617
Q3,70,6800,7200,32,0.09580838323353294
Q3,70,7200,7600,40,0.11976047904191617
Q3,70,7600,8000,29,0.086826347305389226
Q3,70,8000,8400,19,0.056886227544910177
Q3,70,8400,8800,9,0.026946107784431138
Q3,70,8800,9200,3,0.0089820359281437123
Q3,70,9200,9600,5,0.014970059880239521
Q3,70,9600,10000,1,0.0029940119760479044
Q3,70,10000,10400,4,0.011976047904191617
Q3,70,10400,10800,61,0.18263473053892215
Q3,71,1200,1600,0,0
Q3,71,1600,2000,0,0
Q3,71,2000,2400,0,0
Q3,71,2400,2800,0,0
Q3,71,2800,3200,0,0
Q3,71,3200,3600,1,0.0029940119760479044
Q3,71,3600,4000,0,0
Q3,71,4000,4400,1,0.0029940119760479044
Q3,71,4400,4800,1,0.0029940119760479044
Q3,71,4800,5200,5,0.014970059880239521
Q3,71,5200,5600,7,0.020958083832335328
Q3,71,5600,6000,14,0.041916167664670656
Q3,71,6000,6400,15,0.044910179640718563
Q3,71,6400,6800,28,0.083832335329341312
Q3,71,6800,7200,31,0.092814371257485026
Q3,71,7200,7600,34,0.10179640718562874
Q3,71,7600,8000,40,0.11976047904191617
Q3,71,8000,8400,33,0.09880239520958084
Q3,71,8400,8800,29,0.086826347305389226
Q3,71,8800,9200,16,0.04790419161676647
Q3,71,9200,9600,7,0.020958083832335328
Q3,71,9600,10000,3,0.0089820359281437123
Q3,71,10000,10400,4,0.011976047904191617
Q3,71,10400,10800,65,0.19461077844311378
Q3,72,1200,1600,0,0
Q3,72,1600,2000,0,0
Q3,72,2000,2400,0,0
Q3,72,2400,2800,0,0
Q3,72,2800,3200,0,0
Q3,72,3200,3600,0,0
Q3,72,3600,4000,0,0
Q3,72,4000,4400,1,0.0029940119760479044
Q3,72,4400,4800,1,0.0029940119760479044
Q3,72,4800,5200,1,0.0029940119760479044
Q3,72,5200,5600,0,0
Q3,72,5600,6000,7,0.020958083832335328
Q3,72,6000,6400,13,0.038922155688622756
Q3,72,6400,6800,11,0.032934131736526949
Q3,72,6800,7200,17,0.05089820359281437
Q3,72,7200,7600,32,0.09580838323353294
Q3,72,7600,8000,37,0.11077844311377245
Q3,72,8000,8400,39,0.11676646706586827
Q3,72,8400,8800,38,0.11377245508982035
Q3,72,8800,9200,36,0.10778443113772455
Q3,72,9200,9600,18,0.053892215568862277
Q3,72,9600,10000,11,0.032934131736526949
Q3,72,10000,10400,2,0.0059880239520958087
Q3,72,10400,10800,70,0.20958083832335328
Q3,73,1200,1600,0,0
Q3,73,1600,2000,0,0
Q3,73,2000,2400,0,0
Q3,73,2400,2800,0,0
Q3,73,2800,3200,0,0
Q3,73,3200,3600,0,0
Q3,73,3600,4000,0,0
Q3,73,4000,4400,1,0.0029940119760479044
Q3,73,4400,4800,0,0
Q3,73,4800,5200,0,0
Q3,73,5200,5600,1,0.0029940119760479044
Q3,73,5600,6000,1,0.0029940119760479044
Q3,73,6000,6400,3,0.0089820359281437123
Q3,73,6400,6800,9,0.026946107784431138
Q3,73,6800,7200,16,0.04790419161676647
Q3,73,7200,7600,13,0.038922155688622756
Q3,73,7600,8000,30,0.089820359281437126
Q3,73,8000,8400,35,0.10479041916167664
Q3,73,8400,8800,45,0.1347305389221557
Q3,73,8800,9200,37,0.11077844311377245
Q3,73,9200,9600,45,0.1347305389221557
Q3,73,9600,10000,19,0.056886227544910177
Q3,73,10000,10400,7,0.020958083832335328
Q3,73,10400,10800,72,0.21556886227544911
Q3,74,1200,1600,0,0
Q3,74,1600,2000,0,0
Q3,74,2000,2400,0,0
Q3,74,2400,2800,0,0
Q3,74,2800,3200,0,0
Q3,74,3200,3600,0,0
Q3,74,3600,4000,0,0
Q3,74,4000,4400,0,0
Q3,74,4400,4800,0,0
Q3,74,4800,5200,1,0.0029940119760479044
Q3,74,5200,5600,0,0
Q3,74,5600,6000,0,0
Q3,74,6000,6400,1,0.0029940119760479044
Q3,74,6400,6800,4,0.011976047904191617
Q3,74,6800,7200,4,0.011976047904191617
Q3,74,7200,7600,14,0.041916167664670656
Q3,74,7600,8000,10,0.029940119760479042
Q3,74,8000,8400,30,0.089820359281437126
Q3,74,8400,8800,34,0.10179640718562874
Q3,74,8800,9200,43,0.12874251497005987
Q3,74,9200,9600,38,0.11377245508982035
Q3,74,9600,10000,39,0.11676646706586827
Q3,74,10000,10400,38,0.11377245508982035
Q3,74,10400,10800,78,0.23353293413173654
Q3,75,1200,1600,0,0
Q3,75,1600,2000,0,0
Q3,75,2000,2400,0,0
Q3,75,2400,2800,0,0
Q3,75,2800,3200,0,0
Q3,75,3200,3600,0,0
Q3,75,3600,4000,0,0
Q3,75,4000,4400,0,0
Q3,75,4400,4800,0,0
Q3,75,4800,5200,0,0
Q3,75,5200,5600,0,0
Q3,75,5600,6000,1,0.0029940119760479044
Q3,75,6000,6400,0,0
Q3,75,6400,6800,0,0
Q3,75,6800,7200,4,0.011976047904191617
Q3,75,7200,7600,2,0.0059880239520958087
Q3,75,7600,8000,9,0.026946107784431138
Q3,75,8000,8400,13,0.038922155688622756
Q3,75,8400,8800,19,0.056886227544910177
Q3,75,8800,9200,40,0.11976047904191617
Q3,75,9200,9600,30,0.089820359281437126
Q3,75,9600,10000,39,0.11676646706586827
Q3,75,10000,10400,41,0.12275449101796407
Q3,75,10400,10800,136,0.40718562874251496
Q3,76,1200,1600,0,0
Q3,76,1600,2000,0,0
Q3,76,2000,2400,0,0
Q3,76,2400,2800,0,0
Q3,76,2800,3200,0,0
Q3,76,3200,3600,0,0
Q3,76,3600,4000,0,0
Q3,76,4000,4400,0,0
Q3,76,4400,4800,0,0
Q3,76,4800,5200,0,0
Q3,76,5200,5600,0,0
Q3,76,5600,6000,1,0.0029940119760479044
Q3,76,6000,6400,0,0
Q3,76,6400,6800,0,0
Q3,76,6800,7200,0,0
Q3,76,7200,7600,4,0.011976047904191617
Q3,76,7600,8000,4,0.011976047904191617
Q3,76,8000,8400,10,0.029940119760479042
Q3,76,8400,8800,11,0.032934131736526949
Q3,76,8800,9200,22,0.065868263473053898
Q3,76,9200,9600,42,0.12574850299401197
Q3,76,9600,10000,32,0.09580838323353294
Q3,76,10000,10400,41,0.12275449101796407
Q3,76,10400,10800,167,0.5
Q3,77,1200,1600,0,0
Q3,77,1600,2000,0,0
Q3,77,2000,2400,0,0
Q3,77,2400,2800,0,0
Q3,77,2800,3200,0,0
Q3,77,3200,3600,0,0
Q3,77,3600,4000,0,0
Q3,77,4000,4400,0,0
Q3,77,4400,4800,0,0
Q3,77,4800,5200,0,0
Q3,77,5200,5600,0,0
Q3,77,5600,6000,0,0
Q3,77,6000,6400,1,0.0029940119760479044
Q3,77,6400,6800,0,0
Q3,77,6800,7200,0,0
Q3,77,7200,7600,3,0.0089820359281437123
Q3,77,7600,8000,1,0.0029940119760479044
Q3,77,8000,8400,9,0.026946107784431138
Q3,77,8400,8800,9,0.026946107784431138
Q3,77,8800,9200,13,0.038922155688622756
Q3,77,9200,9600,32,0.09580838323353294
Q3,77,9600,10000,39,0.11676646706586827
Q3,77,10000,10400,48,0.1437125748502994
Q3,77,10400,10800,179,0.5359281437125748
Q3,78,1200,1600,0,0
Q3,78,1600,2000,0,0
Q3,78,2000,2400,0,0
Q3,78,2400,2800,0,0
Q3,78,2800,3200,0,0
Q3,78,3200,3600,0,0
Q3,78,3600,4000,0,0
Q3,78,4000,4400,0,0
Q3,78,4400,4800,0,0
Q3,78,4800,5200,0,0
Q3,78,5200,5600,0,0
Q3,78,5600,6000,0,0
Q3,78,6000,6400,1,0.0029940119760479044
Q3,78,6400,6800,0,0
Q3,78,6800,7200,0,0
Q3,78,7200,7600,0,0
Q3,78,7600,8000,3,0.0089820359281437123
Q3,78,8000,8400,5,0.014970059880239521
Q3,78,8400,8800,13,0.038922155688622756
Q3,78,8800,9200,8,0.023952095808383235
Q3,78,9200,9600,23,0.068862275449101798
Q3,78,9600,10000,33,0.09880239520958084
Q3,78,10000,10400,53,0.15868263473053892
Q3,78,10400,10800,195,0.58383233532934131
Q3,79,1200,1600,0,0
Q3,79,1600,2000,0,0
Q3,79,2000,2400,0,0
Q3,79,2400,2800,0,0
Q3,79,2800,3200,0,0
Q3,79,3200,3600,0,0
Q3,79,3600,4000,0,0
Q3,79,4000,4400,0,0
Q3,79,4400,4800,0,0
Q3,79,4800,5200,0,0
Q3,79,5200,5600,0,0
Q3,79,5600,6000,0,0
Q3,79,6000,6400,1,0.0029940119760479044
Q3,79,6400,6800,0,0
Q3,79,6800,7200,0,0
Q3,79,7200,7600,0,0
Q3,79,7600,8000,1,0.0029940119760479044
Q3,79,8000,8400,5,0.014970059880239521
Q3,79,8400,8800,11,0.032934131736526949
Q3,79,8800,9200,6,0.017964071856287425
Q3,79,9200,9600,15,0.044910179640718563
Q3,79,9600,10000,26,0.077844311377245512
Q3,79,10000,10400,48,0.1437125748502994
Q3,79,10400,10800,221,0.66167664670658688
Q3,80,1200,1600,0,0
Q3,80,1600,2000,0,0
Q3,80,2000,2400,0,0
Q3,80,2400,2800,0,0
Q3,80,2800,3200,0,0
Q3,80,3200,3600,0,0
Q3,80,3600,4000,0,0
Q3,80,4000,4400,0,0
Q3,80,4400,4800,0,0
Q3,80,4800,5200,0,0
Q3,80,5200,5600,0,0
Q3,80,5600,6000,0,0
Q3,80,6000,6400,1,0.0029940119760479044
Q3,80,6400,6800,0,0
Q3,80,6800,7200,0,0
Q3,80,7200,7600,0,0
Q3,80,7600,8000,1,0.0029940119760479044
Q3,80,8000,8400,4,0.011976047904191617
Q3,80,8400,8800,8,0.023952095808383235
Q3,80,8800,9200,7,0.020958083832335328
Q3,80,9200,9600,10,0.029940119760479042
Q3,80,9600,10000,29,0.086826347305389226
Q3,80,10000,10400,38,0.11377245508982035
Q3,80,10400,10800,236,0.70658682634730541
Q3,81,1200,1600,0,0
Q3,81,1600,2000,0,0
Q3,81,2000,2400,0,0
Q3,81,2400,2800,0,0
Q3,81,2800,3200,0,0
Q3,81,3200,3600,0,0
Q3,81,3600,4000,0,0
Q3,81,4000,4400,0,0
Q3,81,4400,4800,0,0
Q3,81,4800,5200,0,0
Q3,81,5200,5600,0,0
Q3,81,5600,6000,0,0
Q3,81,6000,6400,0,0
Q3,81,6400,6800,1,0.0029940119760479044
Q3,81,6800,7200,0,0
Q3,81,7200,7600,0,0
Q3,81,7600,8000,1,0.0029940119760479044
Q3,81,8000,8400,2,0.0059880239520958087
Q3,81,8400,8800,8,0.023952095808383235
Q3,81,8800,9200,5,0.014970059880239521
Q3,81,9200,9600,11,0.032934131736526949
Q3,81,9600,10000,19,0.056886227544910177
Q3,81,10000,10400,40,0.11976047904191617
Q3,81,10400,10800,247,0.73952095808383234
Q3,82,1200,1600,0,0
Q3,82,1600,2000,0,0
Q3,82,2000,2400,0,0
Q3,82,2400,2800,0,0
Q3,82,2800,3200,0,0
Q3,82,3200,3600,0,0
Q3,82,3600,4000,0,0
Q3,82,4000,4400,0,0
Q3,82,4400,4800,0,0
Q3,82,4800,5200,0,0
Q3,82,5200,5600,0,0
Q3,82,5600,6000,0,0
Q3,82,6000,6400,0,0
Q3,82,6400,6800,1,0.0029940119760479044
Q3,82,6800,7200,0,0
Q3,82,7200,7600,0,0
Q3,82,7600,8000,1,0.0029940119760479044
Q3,82,8000,8400,2,0.0059880239520958087
Q3,82,8400,8800,6,0.017964071856287425
Q3,82,8800,9200,7,0.020958083832335328
Q3,82,9200,9600,8,0.023952095808383235
Q3,82,9600,10000,20,0.059880239520958084
Q3,82,10000,10400,43,0.12874251497005987
Q3,82,10400,10800,246,0.73652694610778446
Q3,83,1200,1600,0,0
Q3,83,1600,2000,0,0
Q3,83,2000,2400,0,0
Q3,83,2400,2800,0,0
Q3,83,2800,3200,0,0
Q3,83,3200,3600,0,0
Q3,83,3600,4000,0,0
Q3,83,4000,4400,0,0
Q3,83,4400,4800,0,0
Q3,83,4800,5200,0,0
Q3,83,5200,5600,0,0
Q3,83,5600,6000,0,0
Q3,83,6000,6400,0,0
Q3,83,6400,6800,1,0.0029940119760479044
Q3,83,6800,7200,0,0
Q3,83,7200,7600,0,0
Q3,83,7600,8000,3,0.0089820359281437123
Q3,83,8000,8400,3,0.0089820359281437123
Q3,83,8400,8800,3,0.0089820359281437123
Q3,83,8800,9200,7,0.020958083832335328
Q3,83,9200,9600,9,0.026946107784431138
Q3,83,9600,10000,18,0.053892215568862277
Q3,83,10000,10400,61,0.18263473053892215
Q3,83,10400,10800,229,0.68562874251497008
Q3,84,1200,1600,0,0
Q3,84,1600,2000,0,0
Q3,84,2000,2400,0,0
Q3,84,2400,2800,0,0
Q3,84,2800,3200,0,0
Q3,84,3200,3600,0,0
Q3,84,3600,4000,0,0
Q3,84,4000,4400,0,0
Q3,84,4400,4800,0,0
Q3,84,4800,5200,0,0
Q3,84,5200,5600,0,0
Q3,84,5600,6000,0,0
Q3,84,6000,6400,0,0
Q3,84,6400,6800,1,0.0029940119760479044
Q3,84,6800,7200,0,0
Q3,84,7200,7600,2,0.0059880239520958087
Q3,84,7600,8000,1,0.0029940119760479044
Q3,84,8000,8400,4,0.011976047904191617
Q3,84,8400,8800,2,0.0059880239520958087
Q3,84,8800,9200,10,0.029940119760479042
Q3,84,9200,9600,10,0.029940119760479042
Q3,84,9600,10000,33,0.09880239520958084
Q3,84,10000,10400,44,0.1317365269461078
Q3,84,10400,10800,227,0.67964071856287422
Q3,85,1200,1600,0,0
Q3,85,1600,2000,0,0
Q3,85,2000,2400,0,0
Q3,85,2400,2800,0,0
Q3,85,2800,3200,0,0
Q3,85,3200,3600,0,0
Q3,85,3600,4000,0,0
Q3,85,4000,4400,0,0
Q3,85,4400,4800,0,0
Q3,85,4800,5200,0,0
Q3,85,5200,5600,0,0
Q3,85,5600,6000,0,0
Q3,85,6000,6400,0,0
Q3,85,6400,6800,1,0.0029940119760479044
Q3,85,6800,7200,1,0.0029940119760479044
Q3,85,7200,7600,1,0.0029940119760479044
Q3,85,7600,8000,5,0.014970059880239521
Q3,85,8000,8400,2,0.0059880239520958087
Q3,85,8400,8800,5,0.014970059880239521
Q3,85,8800,9200,8,0.023952095808383235
Q3,85,9200,9600,30,0.089820359281437126
Q3,85,9600,10000,24,0.071856287425149698
Q3,85,10000,10400,39,0.11676646706586827
Q3,85,10400,10800,218,0.65269461077844315
Q3,86,1200,1600,0,0
Q3,86,1600,2000,0,0
Q3,86,2000,2400,0,0
Q3,86,2400,2800,0,0
Q3,86,2800,3200,0,0
Q3,86,3200,3600,0,0
Q3,86,3600,4000,0,0
Q3,86,4000,4400,0,0
Q3,86,4400,4800,0,0
Q3,86,4800,5200,0,0
Q3,86,5200,5600,0,0
Q3,86,5600,6000,0,0
Q3,86,6000,6400,0,0
Q3,86,6400,6800,1,0.0029940119760479044
Q3,86,6800,7200,1,0.0029940119760479044
Q3,86,7200,7600,4,0.011976047904191617
Q3,86,7600,8000,3,0.0089820359281437123
Q3,86,8000,8400,5,0.014970059880239521
Q3,86,8400,8800,2,0.0059880239520958087
Q3,86,8800,9200,30,0.089820359281437126
Q3,86,9200,9600,15,0.044910179640718563
Q3,86,9600,10000,26,0.077844311377245512
Q3,86,10000,10400,40,0.11976047904191617
Q3,86,10400,10800,207,0.61976047904191611
Q3,87,1200,1600,0,0
Q3,87,1600,2000,0,0
Q3,87,2000,2400,0,0
Q3,87,2400,2800,0,0
Q3,87,2800,3200,0,0
Q3,87,3200,3600,0,0
Q3,87,3600,4000,0,0
Q3,87,4000,4400,0,0
Q3,87,4400,4800,0,0
Q3,87,4800,5200,0,0
Q3,87,5200,5600,0,0
Q3,87,5600,6000,0,0
Q3,87,6000,6400,0,0
Q3,87,6400,6800,2,0.0059880239520958087
Q3,87,6800,7200,3,0.0089820359281437123
Q3,87,7200,7600,4,0.011976047904191617
Q3,87,7600,8000,5,0.014970059880239521
Q3,87,8000,8400,5,0.014970059880239521
Q3,87,8400,8800,20,0.059880239520958084
Q3,87,8800,9200,15,0.044910179640718563
Q3,87,9200,9600,19,0.056886227544910177
Q3,87,9600,10000,25,0.074850299401197598
Q3,87,10000,10400,43,0.12874251497005987
Q3,87,10400,10800,193,0.57784431137724546
Q3,88,1200,1600,0,0
Q3,88,1600,2000,0,0
Q3,88,2000,2400,0,0
Q3,88,2400,2800,0,0
Q3,88,2800,3200,0,0
Q3,88,3200,3600,0,0
Q3,88,3600,4000,0,0
Q3,88,4000,4400,0,0
Q3,88,4400,4800,0,0
Q3,88,4800,5200,0,0
Q3,88,5200,5600,0,0
Q3,88,5600,6000,0,0
Q3,88,6000,6400,1,0.0029940119760479044
Q3,88,6400,6800,4,0.011976047904191617
Q3,88,6800,7200,5,0.014970059880239521
Q3,88,7200,7600,3,0.0089820359281437123
Q3,88,7600,8000,12,0.035928143712574849
Q3,88,8000,8400,14,0.041916167664670656
Q3,88,8400,8800,14,0.041916167664670656
Q3,88,8800,9200,15,0.044910179640718563
Q3,88,9200,9600,17,0.05089820359281437
Q3,88,9600,10000,29,0.086826347305389226
Q3,88,10000,10400,40,0.11976047904191617
Q3,88,10400,10800,180,0.53892215568862278
Q3,89,1200,1600,0,0
Q3,89,1600,2000,0,0
Q3,89,2000,2400,0,0
Q3,89,2400,2800,0,0
Q3,89,2800,3200,0,0
Q3,89,3200,3600,0,0
Q3,89,3600,4000,0,0
Q3,89,4000,4400,0,0
Q3,89,4400,4800,0,0
Q3,89,4800,5200,0,0
Q3,89,5200,5600,0,0
Q3,89,5600,6000,0,0
Q3,89,6000,6400,0,0
Q3,89,6400,6800,1,0.0029940119760479044
Q3,89,6800,7200,2,0.0059880239520958087
Q3,89,7200,7600,3,0.0089820359281437123
Q3,89,7600,8000,6,0.017964071856287425
Q3,89,8000,8400,1,0.0029940119760479044
Q3,89,8400,8800,15,0.044910179640718563
Q3,89,8800,9200,17,0.05089820359281437
Q3,89,9200,9600,15,0.044910179640718563
Q3,89,9600,10000,26,0.077844311377245512
Q3,89,10000,10400,51,0.15269461077844312
Q3,89,10400,10800,197,0.58982035928143717
Q3,90,1200,1600,0,0
Q3,90,1600,2000,0,0
Q3,90,2000,2400,0,0
Q3,90,2400,2800,0,0
Q3,90,2800,3200,0,0
Q3,90,3200,3600,0,0
Q3,90,3600,4000,0,0
Q3,90,4000,4400,0,0
Q3,90,4400,4800,0,0
Q3,90,4800,5200,0,0
Q3,90,5200,5600,0,0
Q3,90,5600,6000,0,0
Q3,90,6000,6400,0,0
Q3,90,6400,6800,1,0.0029940119760479044
Q3,90,6800,7200,1,0.0029940119760479044
Q3,90,7200,7600,0,0
Q3,90,7600,8000,2,0.0059880239520958087
Q3,90,8000,8400,3,0.0089820359281437123
Q3,90,8400,8800,6,0.017964071856287425
Q3,90,8800,9200,0,0
Q3,90,9200,9600,22,0.065868263473053898
Q3,90,9600,10000,19,0.056886227544910177
Q3,90,10000,10400,27,0.080838323353293412
Q3,90,10400,10800,253,0.75748502994011979
Q3,91,1200,1600,0,0
Q3,91,1600,2000,0,0
Q3,91,2000,2400,0,0
Q3,91,2400,2800,0,0
Q3,91,2800,3200,0,0
Q3,91,3200,3600,0,0
Q3,91,3600,4000,0,0
Q3,91,4000,4400,0,0
Q3,91,4400,4800,0,0
Q3,91,4800,5200,0,0
Q3,91,5200,5600,0,0
Q3,91,5600,6000,0,0
Q3,91,6000,6400,0,0
Q3,91,6400,6800,2,0.0059880239520958087
Q3,91,6800,7200,0,0
Q3,91,7200,7600,0,0
Q3,91,7600,8000,0,0
Q3,91,8000,8400,0,0
Q3,91,8400,8800,4,0.011976047904191617
Q3,91,8800,9200,3,0.0089820359281437123
Q3,91,9200,9600,8,0.023952095808383235
Q3,91,9600,10000,14,0.041916167664670656
Q3,91,10000,10400,37,0.11077844311377245
Q3,91,10400,10800,266,0.79640718562874246
Q3,92,1200,1600,0,0
Q3,92,1600,2000,0,0
Q3,92,2000,2400,0,0
Q3,92,2400,2800,0,0
Q3,92,2800,3200,0,0
Q3,92,3200,3600,0,0
Q3,92,3600,4000,0,0
Q3,92,4000,4400,0,0
Q3,92,4400,4800,0,0
Q3,92,4800,5200,0,0
Q3,92,5200,5600,0,0
Q3,92,5600,6000,0,0
Q3,92,6000,6400,0,0
Q3,92,6400,6800,2,0.0059880239520958087
Q3,92,6800,7200,0,0
Q3,92,7200,7600,0,0
Q3,92,7600,8000,0,0
Q3,92,8000,8400,0,0
Q3,92,8400,8800,1,0.0029940119760479044
Q3,92,8800,9200,2,0.0059880239520958087
Q3,92,9200,9600,7,0.020958083832335328
Q3,92,9600,10000,9,0.026946107784431138
Q3,92,10000,10400,28,0.083832335329341312
Q3,92,10400,10800,285,0.8532934131736527
Q3,93,1200,1600,0,0
Q3,93,1600,2000,0,0
Q3,93,2000,2400,0,0
Q3,93,2400,2800,0,0
Q3,93,2800,3200,0,0
Q3,93,3200,3600,0,0
Q3,93,3600,4000,0,0
Q3,93,4000,4400,0,0
Q3,93,4400,4800,0,0
Q3,93,4800,5200,0,0
Q3,93,5200,5600,0,0
Q3,93,5600,6000,0,0
Q3,93,6000,6400,0,0
Q3,93,6400,6800,2,0.0059880239520958087
Q3,93,6800,7200,0,0
Q3,93,7200,7600,0,0
Q3,93,7600,8000,0,0
Q3,93,8000,8400,0,0
Q3,93,8400,8800,1,0.0029940119760479044
Q3,93,8800,9200,1,0.0029940119760479044
Q3,93,9200,9600,7,0.020958083832335328
Q3,93,9600,10000,10,0.029940119760479042
Q3,93,10000,10400,24,0.071856287425149698
Q3,93,10400,10800,289,0.8652694610778443
Q3,94,1200,1600,0,0
Q3,94,1600,2000,0,0
Q3,94,2000,2400,0,0
Q3,94,2400,2800,0,0
Q3,94,2800,3200,0,0
Q3,94,3200,3600,0,0
Q3,94,3600,4000,0,0
Q3,94,4000,4400,0,0
Q3,94,4400,4800,0,0
Q3,94,4800,5200,0,0
Q3,94,5200,5600,0,0
Q3,94,5600,6000,0,0
Q3,94,6000,6400,0,0
Q3,94,6400,6800,2,0.0059880239520958087
Q3,94,6800,7200,0,0
Q3,94,7200,7600,0,0
Q3,94,7600,8000,0,0
Q3,94,8000,8400,0,0
Q3,94,8400,8800,0,0
Q3,94,8800,9200,1,0.0029940119760479044
Q3,94,9200,9600,8,0.023952095808383235
Q3,94,9600,10000,9,0.026946107784431138
Q3,94,10000,10400,26,0.077844311377245512
Q3,94,10400,10800,288,0.86227544910179643
Q3,95,1200,1600,0,0
Q3,95,1600,2000,0,0
Q3,95,2000,2400,0,0
Q3,95,2400,2800,0,0
Q3,95,2800,3200,0,0
Q3,95,3200,3600,0,0
Q3,95,3600,4000,0,0
Q3,95,4000,4400,0,0
Q3,95,4400,4800,0,0
Q3,95,4800,5200,0,0
Q3,95,5200,5600,0,0
Q3,95,5600,6000,0,0
Q3,95,6000,6400,1,0.0029940119760479044
Q3,95,6400,6800,1,0.0029940119760479044
Q3,95,6800,7200,0,0
Q3,95,7200,7600,0,0
Q3,95,7600,8000,0,0
Q3,95,8000,8400,0,0
Q3,95,8400,8800,0,0
Q3,95,8800,9200,3,0.0089820359281437123
Q3,95,9200,9600,6,0.017964071856287425
Q3,95,9600,10000,8,0.023952095808383235
Q3,95,10000,10400,29,0.086826347305389226
Q3,95,10400,10800,286,0.85628742514970058
Q3,96,1200,1600,0,0
Q3,96,1600,2000,0,0
Q3,96,2000,2400,0,0
Q3,96,2400,2800,0,0
Q3,96,2800,3200,0,0
Q3,96,3200,3600,0,0
Q3,96,3600,4000,0,0
Q3,96,4000,4400,0,0
Q3,96,4400,4800,0,0
Q3,96,4800,5200,0,0
Q3,96,5200,5600,0,0
Q3,96,5600,6000,0,0
Q3,96,6000,6400,1,0.0029940119760479044
Q3,96,6400,6800,1,0.0029940119760479044
Q3,96,6800,7200,0,0
Q3,96,7200,7600,0,0
Q3,96,7600,8000,0,0
Q3,96,8000,8400,0,0
Q3,96,8400,8800,0,0
Q3,96,8800,9200,3,0.0089820359281437123
Q3,96,9200,9600,4,0.011976047904191617
Q3,96,9600,10000,11,0.032934131736526949
Q3,96,10000,10400,30,0.089820359281437126
Q3,96,10400,10800,284,0.85029940119760483
Q3,97,1200,1600,0,0
Q3,97,1600,2000,0,0
Q3,97,2000,2400,0,0
Q3,97,2400,2800,0,0
Q3,97,2800,3200,0,0
Q3,97,3200,3600,0,0
Q3,97,3600,4000,0,0
Q3,97,4000,4400,0,0
Q3,97,4400,4800,0,0
Q3,97,4800,5200,0,0
Q3,97,5200,5600,0,0
Q3,97,5600,6000,0,0
Q3,97,6000,6400,1,0.0029940119760479044
Q3,97,6400,6800,1,0.0029940119760479044
Q3,97,6800,7200,0,0
Q3,97,7200,7600,0,0
Q3,97,7600,8000,0,0
Q3,97,8000,8400,0,0
Q3,97,8400,8800,0,0
Q3,97,8800,9200,2,0.0059880239520958087
Q3,97,9200,9600,5,0.014970059880239521
Q3,97,9600,10000,12,0.035928143712574849
Q3,97,10000,10400,32,0.09580838323353294
Q3,97,10400,10800,281,0.8413173652694611
Q3,98,1200,1600,0,0
Q3,98,1600,2000,0,0
Q3,98,2000,2400,0,0
Q3,98,2400,2800,0,0
Q3,98,2800,3200,0,0
Q3,98,3200,3600,0,0
Q3,98,3600,4000,0,0
Q3,98,4000,4400,0,0
Q3,98,4400,4800,0,0
Q3,98,4800,5200,0,0
Q3,98,5200,5600,0,0
Q3,98,5600,6000,0,0
Q3,98,6000,6400,1,0.0029940119760479044
Q3,98,6400,6800,1,0.0029940119760479044
Q3,98,6800,7200,0,0
Q3,98,7200,7600,0,0
Q3,98,7600,8000,0,0
Q3,98,8000,8400,0,0
Q3,98,8400,8800,0,0
Q3,98,8800,9200,2,0.0059880239520958087
Q3,98,9200,9600,4,0.011976047904191617
Q3,98,9600,10000,14,0.041916167664670656
Q3,98,10000,10400,30,0.089820359281437126
Q3,98,10400,10800,282,0.84431137724550898
Q3,99,1200,1600,0,0
Q3,99,1600,2000,0,0
Q3,99,2000,2400,0,0
Q3,99,2400,2800,0,0
Q3,99,2800,3200,0,0
Q3,99,3200,3600,0,0
Q3,99,3600,4000,0,0
Q3,99,4000,4400,0,0
Q3,99,4400,4800,0,0
Q3,99,4800,5200,0,0
Q3,99,5200,5600,0,0
Q3,99,5600,6000,0,0
Q3,99,6000,6400,1,0.0029940119760479044
Q3,99,6400,6800,1,0.0029940119760479044
Q3,99,6800,7200,0,0
Q3,99,7200,7600,0,0
Q3,99,7600,8000,0,0
Q3,99,8000,8400,0,0
Q3,99,8400,8800,0,0
Q3,99,8800,9200,3,0.0089820359281437123
Q3,99,9200,9600,3,0.0089820359281437123
Q3,99,9600,10000,15,0.044910179640718563
Q3,99,10000,10400,29,0.086826347305389226
Q3,99,10400,10800,282,0.84431137724550898
Q3,100,1200,1600,0,0
Q3,100,1600,2000,0,0
Q3,100,2000,2400,0,0
Q3,100,2400,2800,0,0
Q3,100,2800,3200,0,0
Q3,100,3200,3600,0,0
Q3,100,3600,4000,0,0
Q3,100,4000,4400,0,0
Q3,100,4400,4800,0,0
Q3,100,4800,5200,0,0
Q3,100,5200,5600,0,0
Q3,100,5600,6000,0,0
Q3,100,6000,6400,1,0.0029940119760479044
Q3,100,6400,6800,1,0.0029940119760479044
Q3,100,6800,7200,0,0
Q3,100,7200,7600,0,0
Q3,100,7600,8000,0,0
Q3,100,8000,8400,0,0
Q3,100,8400,8800,0,0
Q3,100,8800,9200,4,0.011976047904191617
Q3,100,9200,9600,2,0.0059880239520958087
Q3,100,9600,10000,15,0.044910179640718563
Q3,100,10000,10400,32,0.09580838323353294
Q3,100,10400,10800,279,0.83532934131736525
Q3,101,1200,1600,0,0
Q3,101,1600,2000,0,0
Q3,101,2000,2400,0,0
Q3,101,2400,2800,0,0
Q3,101,2800,3200,0,0
Q3,101,3200,3600,0,0
Q3,101,3600,4000,0,0
Q3,101,4000,4400,0,0
Q3,101,4400,4800,0,0
Q3,101,4800,5200,0,0
Q3,101,5200,5600,0,0
Q3,101,5600,6000,0,0
Q3,101,6000,6400,1,0.0029940119760479044
Q3,101,6400,6800,1,0.0029940119760479044
Q3,101,6800,7200,0,0
Q3,101,7200,7600,0,0
Q3,101,7600,8000,0,0
Q3,101,8000,8400,0,0
Q3,101,8400,8800,1,0.0029940119760479044
Q3,101,8800,9200,3,0.0089820359281437123
Q3,101,9200,9600,2,0.0059880239520958087
Q3,101,9600,10000,15,0.044910179640718563
Q3,101,10000,10400,32,0.09580838323353294
Q3,101,10400,10800,279,0.83532934131736525
Q3,102,1200,1600,0,0
Q3,102,1600,2000,0,0
Q3,102,2000,2400,0,0
Q3,102,2400,2800,0,0
Q3,102,2800,3200,0,0
Q3,102,3200,3600,0,0
Q3,102,3600,4000,0,0
Q3,102,4000,4400,0,0
Q3,102,4400,4800,0,0
Q3,102,4800,5200,0,0
Q3,102,5200,5600,0,0
Q3,102,5600,6000,0,0
Q3,102,6000,6400,1,0.0029940119760479044
Q3,102,6400,6800,1,0.0029940119760479044
Q3,102,6800,7200,0,0
Q3,102,7200,7600,0,0
Q3,102,7600,8000,0,0
Q3,102,8000,8400,0,0
Q3,102,8400,8800,1,0.0029940119760479044
Q3,102,8800,9200,3,0.0089820359281437123
Q3,102,9200,9600,3,0.0089820359281437123
Q3,102,9600,10000,12,0.035928143712574849
Q3,102,10000,10400,39,0.11676646706586827
Q3,102,10400,10800,274,0.82035928143712578
Q3,103,1200,1600,0,0
Q3,103,1600,2000,0,0
Q3,103,2000,2400,0,0
Q3,103,2400,2800,0,0
Q3,103,2800,3200,0,0
Q3,103,3200,3600,0,0
Q3,103,3600,4000,0,0
Q3,103,4000,4400,0,0
Q3,103,4400,4800,0,0
Q3,103,4800,5200,0,0
Q3,103,5200,5600,0,0
Q3,103,5600,6000,0,0
Q3,103,6000,6400,1,0.0029940119760479044
Q3,103,6400,6800,1,0.0029940119760479044
Q3,103,6800,7200,0,0
Q3,103,7200,7600,0,0
Q3,103,7600,8000,0,0
Q3,103,8000,8400,0,0
Q3,103,8400,8800,2,0.0059880239520958087
Q3,103,8800,9200,2,0.0059880239520958087
Q3,103,9200,9600,3,0.0089820359281437123
Q3,103,9600,10000,13,0.038922155688622756
Q3,103,10000,10400,40,0.11976047904191617
Q3,103,10400,10800,272,0.81437125748502992
Q3,104,1200,1600,0,0
Q3,104,1600,2000,0,0
Q3,104,2000,2400,0,0
Q3,104,2400,2800,0,0
Q3,104,2800,3200,0,0
Q3,104,3200,3600,0,0
Q3,104,3600,4000,0,0
Q3,104,4000,4400,0,0
Q3,104,4400,4800,0,0
Q3,104,4800,5200,0,0
Q3,104,5200,5600,0,0
Q3,104,5600,6000,1,0.0029940119760479044
Q3,104,6000,6400,0,0
Q3,104,6400,6800,1,0.0029940119760479044
Q3,104,6800,7200,0,0
Q3,104,7200,7600,0,0
Q3,104,7600,8000,0,0
Q3,104,8000,8400,1,0.0029940119760479044
Q3,104,8400,8800,2,0.0059880239520958087
Q3,104,8800,9200,1,0.0029940119760479044
Q3,104,9200,9600,2,0.0059880239520958087
Q3,104,9600,10000,13,0.038922155688622756
Q3,104,10000,10400,43,0.12874251497005987
Q3,104,10400,10800,270,0.80838323353293418
Q3,105,1200,1600,0,0
Q3,105,1600,2000,0,0
Q3,105,2000,2400,0,0
Q3,105,2400,2800,0,0
Q3,105,2800,3200,0,0
Q3,105,3200,3600,0,0
Q3,105,3600,4000,0,0
Q3,105,4000,4400,0,0
Q3,105,4400,4800,0,0
Q3,105,4800,5200,0,0
Q3,105,5200,5600,0,0
Q3,105,5600,6000,1,0.0029940119760479044
Q3,105,6000,6400,0,0
Q3,105,6400,6800,1,0.0029940119760479044
Q3,105,6800,7200,0,0
Q3,105,7200,7600,0,0
Q3,105,7600,8000,0,0
Q3,105,8000,8400,1,0.0029940119760479044
Q3,105,8400,8800,2,0.0059880239520958087
Q3,105,8800,9200,1,0.0029940119760479044
Q3,105,9200,9600,1,0.0029940119760479044
Q3,105,9600,10000,13,0.038922155688622756
Q3,105,10000,10400,45,0.1347305389221557
Q3,105,10400,10800,269,0.80538922155688619
Q3,106,1200,1600,0,0
Q3,106,1600,2000,0,0
Q3,106,2000,2400,0,0
Q3,106,2400,2800,0,0
Q3,106,2800,3200,0,0
Q3,106,3200,3600,0,0
Q3,106,3600,4000,0,0
Q3,106,4000,4400,0,0
Q3,106,4400,4800,0,0
Q3,106,4800,5200,0,0
Q3,106,5200,5600,0,0
Q3,106,5600,6000,1,0.0029940119760479044
Q3,106,6000,6400,0,0
Q3,106,6400,6800,1,0.0029940119760479044
Q3,106,6800,7200,0,0
Q3,106,7200,7600,0,0
Q3,106,7600,8000,0,0
Q3,106,8000,8400,1,0.0029940119760479044
Q3,106,8400,8800,3,0.0089820359281437123
Q3,106,8800,9200,1,0.0029940119760479044
Q3,106,9200,9600,1,0.0029940119760479044
Q3,106,9600,10000,15,0.044910179640718563
Q3,106,10000,10400,45,0.1347305389221557
Q3,106,10400,10800,266,0.79640718562874246
Q3,107,1200,1600,0,0
Q3,107,1600,2000,0,0
Q3,107,2000,2400,0,0
Q3,107,2400,2800,0,0
Q3,107,2800,3200,0,0
Q3,107,3200,3600,0,0
Q3,107,3600,4000,0,0
Q3,107,4000,4400,0,0
Q3,107,4400,4800,0,0
Q3,107,4800,5200,0,0
Q3,107,5200,5600,0,0
Q3,107,5600,6000,1,0.0029940119760479044
Q3,107,6000,6400,0,0
Q3,107,6400,6800,1,0.0029940119760479044
Q3,107,6800,7200,0,0
Q3,107,7200,7600,0,0
Q3,107,7600,8000,0,0
Q3,107,8000,8400,3,0.0089820359281437123
Q3,107,8400,8800,1,0.0029940119760479044
Q3,107,8800,9200,1,0.0029940119760479044
Q3,107,9200,9600,4,0.011976047904191617
Q3,107,9600,10000,24,0.071856287425149698
Q3,107,10000,10400,82,0.24550898203592814
Q3,107,10400,10800,217,0.64970059880239517
Q3,108,1200,1600,0,0
Q3,108,1600,2000,0,0
Q3,108,2000,2400,0,0
Q3,108,2400,2800,0,0
Q3,108,2800,3200,0,0
Q3,108,3200,3600,0,0
Q3,108,3600,4000,0,0
Q3,108,4000,4400,0,0
Q3,108,4400,4800,0,0
Q3,108,4800,5200,0,0
Q3,108,5200,5600,0,0
Q3,108,5600,6000,1,0.0029940119760479044
Q3,108,6000,6400,0,0
Q3,108,6400,6800,1,0.0029940119760479044
Q3,108,6800,7200,0,0
Q3,108,7200,7600,0,0
Q3,108,7600,8000,0,0
Q3,108,8000,8400,3,0.0089820359281437123
Q3,108,8400,8800,1,0.0029940119760479044
Q3,108,8800,9200,2,0.0059880239520958087
Q3,108,9200,9600,22,0.065868263473053898
Q3,108,9600,10000,52,0.15568862275449102
Q3,108,10000,10400,54,0.16167664670658682
Q3,108,10400,10800,198,0.59281437125748504
Q3,109,1200,1600,0,0
Q3,109,1600,2000,0,0
Q3,109,2000,2400,0,0
Q3,109,2400,2800,0,0
Q3,109,2800,3200,0,0
Q3,109,3200,3600,0,0
Q3,109,3600,4000,0,0
Q3,109,4000,4400,0,0
Q3,109,4400,4800,0,0
Q3,109,4800,5200,0,0
Q3,109,5200,5600,0,0
Q3,109,5600,6000,1,0.0029940119760479044
Q3,109,6000,6400,0,0
Q3,109,6400,6800,1,0.0029940119760479044
Q3,109,6800,7200,0,0
Q3,109,7200,7600,0,0
Q3,109,7600,8000,0,0
Q3,109,8000,8400,3,0.0089820359281437123
Q3,109,8400,8800,3,0.0089820359281437123
Q3,109,8800,9200,23,0.068862275449101798
Q3,109,9200,9600,37,0.11077844311377245
Q3,109,9600,10000,23,0.068862275449101798
Q3,109,10000,10400,53,0.15868263473053892
Q3,109,10400,10800,190,0.56886227544910184
Q3,110,1200,1600,0,0
Q3,110,1600,2000,0,0
Q3,110,2000,2400,0,0
Q3,110,2400,2800,0,0
Q3,110,2800,3200,0,0
Q3,110,3200,3600,0,0
Q3,110,3600,4000,0,0
Q3,110,4000,4400,0,0
Q3,110,4400,4800,0,0
Q3,110,4800,5200,0,0
Q3,110,5200,5600,1,0.0029940119760479044
Q3,110,5600,6000,0,0
Q3,110,6000,6400,1,0.0029940119760479044
Q3,110,6400,6800,0,0
Q3,110,6800,7200,0,0
Q3,110,7200,7600,0,0
Q3,110,7600,8000,1,0.0029940119760479044
Q3,110,8000,8400,8,0.023952095808383235
Q3,110,8400,8800,38,0.11377245508982035
Q3,110,8800,9200,14,0.041916167664670656
Q3,110,9200,9600,14,0.041916167664670656
Q3,110,9600,10000,21,0.062874251497005984
Q3,110,10000,10400,63,0.18862275449101795
Q3,110,10400,10800,173,0.51796407185628746
Q3,111,1200,1600,0,0
Q3,111,1600,2000,0,0
Q3,111,2000,2400,0,0
Q3,111,2400,2800,0,0
Q3,111,2800,3200,0,0
Q3,111,3200,3600,0,0
Q3,111,3600,4000,0,0
Q3,111,4000,4400,0,0
Q3,111,4400,4800,0,0
Q3,111,4800,5200,0,0
Q3,111,5200,5600,1,0.0029940119760479044
Q3,111,5600,6000,0,0
Q3,111,6000,6400,1,0.0029940119760479044
Q3,111,6400,6800,0,0
Q3,111,6800,7200,0,0
Q3,111,7200,7600,0,0
Q3,111,7600,8000,10,0.029940119760479042
Q3,111,8000,8400,46,0.1377245508982036
Q3,111,8400,8800,7,0.020958083832335328
Q3,111,8800,9200,6,0.017964071856287425
Q3,111,9200,9600,13,0.038922155688622756
Q3,111,9600,10000,16,0.04790419161676647
Q3,111,10000,10400,70,0.20958083832335328
Q3,111,10400,10800,164,0.49101796407185627
Q3,112,1200,1600,0,0
Q3,112,1600,2000,0,0
Q3,112,2000,2400,0,0
Q3,112,2400,2800,0,0
Q3,112,2800,3200,0,0
Q3,112,3200,3600,0,0
Q3,112,3600,4000,0,0
Q3,112,4000,4400,0,0
Q3,112,4400,4800,0,0
Q3,112,4800,5200,0,0
Q3,112,5200,5600,1,0.0029940119760479044
Q3,112,5600,6000,0,0
Q3,112,6000,6400,1,0.0029940119760479044
Q3,112,6400,6800,0,0
Q3,112,6800,7200,1,0.0029940119760479044
Q3,112,7200,7600,13,0.038922155688622756
Q3,112,7600,8000,40,0.11976047904191617
Q3,112,8000,8400,9,0.026946107784431138
Q3,112,8400,8800,7,0.020958083832335328
Q3,112,8800,9200,4,0.011976047904191617
Q3,112,9200,9600,11,0.032934131736526949
Q3,112,9600,10000,24,0.071856287425149698
Q3,112,10000,10400,144,0.43113772455089822
Q3,112,10400,10800,79,0.23652694610778444
Q3,113,1200,1600,0,0
Q3,113,1600,2000,0,0
Q3,113,2000,2400,0,0
Q3,113,2400,2800,0,0
Q3,113,2800,3200,0,0
Q3,113,3200,3600,0,0
Q3,113,3600,4000,0,0
Q3,113,4000,4400,0,0
Q3,113,4400,4800,0,0
Q3,113,4800,5200,0,0
Q3,113,5200,5600,1,0.0029940119760479044
Q3,113,5600,6000,0,0
Q3,113,6000,6400,1,0.0029940119760479044
Q3,113,6400,6800,3,0.0089820359281437123
Q3,113,6800,7200,26,0.077844311377245512
Q3,113,7200,7600,31,0.092814371257485026
Q3,113,7600,8000,7,0.020958083832335328
Q3,113,8000,8400,7,0.020958083832335328
Q3,113,8400,8800,13,0.038922155688622756
Q3,113,8800,9200,21,0.062874251497005984
Q3,113,9200,9600,136,0.40718562874251496
Q3,113,9600,10000,75,0.22455089820359281
Q3,113,10000,10400,13,0.038922155688622756
Q3,113,10400,10800,0,0
Q3,114,1200,1600,0,0
Q3,114,1600,2000,0,0
Q3,114,2000,2400,0,0
Q3,114,2400,2800,0,0
Q3,114,2800,3200,0,0
Q3,114,3200,3600,0,0
Q3,114,3600,4000,0,0
Q3,114,4000,4400,0,0
Q3,114,4400,4800,1,0.0029940119760479044
Q3,114,4800,5200,0,0
Q3,114,5200,5600,1,0.0029940119760479044
Q3,114,5600,6000,0,0
Q3,114,6000,6400,8,0.023952095808383235
Q3,114,6400,6800,37,0.11077844311377245
Q3,114,6800,7200,18,0.053892215568862277
Q3,114,7200,7600,8,0.023952095808383235
Q3,114,7600,8000,15,0.044910179640718563
Q3,114,8000,8400,26,0.077844311377245512
Q3,114,8400,8800,134,0.40119760479041916
Q3,114,8800,9200,69,0.20658682634730538
Q3,114,9200,9600,17,0.05089820359281437
Q3,114,9600,10000,0,0
Q3,114,10000,10400,0,0
Q3,114,10400,10800,0,0
Q3,115,1200,1600,0,0
Q3,115,1600,2000,0,0
Q3,115,2000,2400,0,0
Q3,115,2400,2800,0,0
Q3,115,2800,3200,0,0
Q3,115,3200,3600,0,0
Q3,115,3600,4000,0,0
Q3,115,4000,4400,1,0.0029940119760479044
Q3,115,4400,4800,0,0
Q3,115,4800,5200,1,0.0029940119760479044
Q3,115,5200,5600,2,0.0059880239520958087
Q3,115,5600,6000,10,0.029940119760479042
Q3,115,6000,6400,42,0.12574850299401197
Q3,115,6400,6800,10,0.029940119760479042
Q3,115,6800,7200,18,0.053892215568862277
Q3,115,7200,7600,24,0.071856287425149698
Q3,115,7600,8000,129,0.38622754491017963
Q3,115,8000,8400,44,0.1317365269461078
Q3,115,8400,8800,32,0.09580838323353294
Q3,115,8800,9200,18,0.053892215568862277
Q3,115,9200,9600,3,0.0089820359281437123
Q3,115,9600,10000,0,0
Q3,115,10000,10400,0,0
Q3,115,10400,10800,0,0
Q3,116,1200,1600,0,0
Q3,116,1600,2000,0,0
Q3,116,2000,2400,0,0
Q3,116,2400,2800,0,0
Q3,116,2800,3200,0,0
Q3,116,3200,3600,0,0
Q3,116,3600,4000,0,0
Q3,116,4000,4400,2,0.0059880239520958087
Q3,116,4400,4800,0,0
Q3,116,4800,5200,3,0.0089820359281437123
Q3,116,5200,5600,17,0.05089820359281437
Q3,116,5600,6000,43,0.12874251497005987
Q3,116,6000,6400,14,0.041916167664670656
Q3,116,6400,6800,33,0.09880239520958084
Q3,116,6800,7200,124,0.3712574850299401
Q3,116,7200,7600,42,0.12574850299401197
Q3,116,7600,8000,30,0.089820359281437126
Q3,116,8000,8400,23,0.068862275449101798
Q3,116,8400,8800,3,0.0089820359281437123
Q3,116,8800,9200,0,0
Q3,116,9200,9600,0,0
Q3,116,9600,10000,0,0
Q3,116,10000,10400,0,0
Q3,116,10400,10800,0,0
Q3,117,1200,1600,0,0
Q3,117,1600,2000,0,0
Q3,117,2000,2400,0,0
Q3,117,2400,2800,0,0
Q3,117,2800,3200,0,0
Q3,117,3200,3600,2,0.0059880239520958087
Q3,117,3600,4000,0,0
Q3,117,4000,4400,0,0
Q3,117,4400,4800,8,0.023952095808383235
Q3,117,4800,5200,29,0.086826347305389226
Q3,117,5200,5600,37,0.11077844311377245
Q3,117,5600,6000,36,0.10778443113772455
Q3,117,6000,6400,124,0.3712574850299401
Q3,117,6400,6800,42,0.12574850299401197
Q3,117,6800,7200,28,0.083832335329341312
Q3,117,7200,7600,25,0.074850299401197598
Q3,117,7600,8000,3,0.0089820359281437123
Q3,117,8000,8400,0,0
Q3,117,8400,8800,0,0
Q3,117,8800,9200,0,0
Q3,117,9200,9600,0,0
Q3,117,9600,10000,0,0
Q3,117,10000,10400,0,0
Q3,117,10400,10800,0,0
Q3,118,1200,1600,0,0
Q3,118,1600,2000,0,0
Q3,118,2000,2400,0,0
Q3,118,2400,2800,0,0
Q3,118,2800,3200,2,0.0059880239520958087
Q3,118,3200,3600,0,0
Q3,118,3600,4000,4,0.011976047904191617
Q3,118,4000,4400,12,0.035928143712574849
Q3,118,4400,4800,48,0.1437125748502994
Q3,118,4800,5200,46,0.1377245508982036
Q3,118,5200,5600,122,0.3652694610778443
Q3,118,5600,6000,42,0.12574850299401197
Q3,118,6000,6400,28,0.083832335329341312
Q3,118,6400,6800,27,0.080838323353293412
Q3,118,6800,7200,3,0.0089820359281437123
Q3,118,7200,7600,0,0
Q3,118,7600,8000,0,0
Q3,118,8000,8400,0,0
Q3,118,8400,8800,0,0
Q3,118,8800,9200,0,0
Q3,118,9200,9600,0,0
Q3,118,9600,10000,0,0
Q3,118,10000,10400,0,0
Q3,118,10400,10800,0,0
Q3,119,1200,1600,0,0
Q3,119,1600,2000,0,0
Q3,119,2000,2400,0,0
Q3,119,2400,2800,0,0
Q3,119,2800,3200,5,0.014970059880239521
Q3,119,3200,3600,9,0.026946107784431138
Q3,119,3600,4000,24,0.071856287425149698
Q3,119,4000,4400,73,0.21856287425149701
Q3,119,4400,4800,120,0.3592814371257485
Q3,119,4800,5200,45,0.1347305389221557
Q3,119,5200,5600,22,0.065868263473053898
Q3,119,5600,6000,25,0.074850299401197598
Q3,119,6000,6400,11,0.032934131736526949
Q3,119,6400,6800,0,0
Q3,119,6800,7200,0,0
Q3,119,7200,7600,0,0
Q3,119,7600,8000,0,0
Q3,119,8000,8400,0,0
Q3,119,8400,8800,0,0
Q3,119,8800,9200,0,0
Q3,119,9200,9600,0,0
Q3,119,9600,10000,0,0
Q3,119,10000,10400,0,0
Q3,119,10400,10800,0,0
Q3,120,1200,1600,0,0
Q3,120,1600,2000,1,0.0029940119760479044
Q3,120,2000,2400,4,0.011976047904191617
Q3,120,2400,2800,7,0.020958083832335328
Q3,120,2800,3200,17,0.05089820359281437
Q3,120,3200,3600,54,0.16167664670658682
Q3,120,3600,4000,143,0.42814371257485029
Q3,120,4000,4400,47,0.1407185628742515
Q3,120,4400,4800,24,0.071856287425149698
Q3,120,4800,5200,20,0.059880239520958084
Q3,120,5200,5600,17,0.05089820359281437
Q3,120,5600,6000,0,0
Q3,120,6000,6400,0,0
Q3,120,6400,6800,0,0
Q3,120,6800,7200,0,0
Q3,120,7200,7600,0,0
Q3,120,7600,8000,0,0
Q3,120,8000,8400,0,0
Q3,120,8400,8800,0,0
Q3,120,8800,9200,0,0
Q3,120,9200,9600,0,0
Q3,120,9600,10000,0,0
Q3,120,10000,10400,0,0
Q3,120,10400,10800,0,0
Q3,121,1200,1600,0,0
Q3,121,1600,2000,2,0.0059880239520958087
Q3,121,2000,2400,11,0.032934131736526949
Q3,121,2400,2800,22,0.065868263473053898
Q3,121,2800,3200,133,0.39820359281437123
Q3,121,3200,3600,83,0.24850299401197604
Q3,121,3600,4000,12,0.035928143712574849
Q3,121,4000,4400,21,0.062874251497005984
Q3,121,4400,4800,25,0.074850299401197598
Q3,121,4800,5200,19,0.056886227544910177
Q3,121,5200,5600,6,0.017964071856287425
Q3,121,5600,6000,0,0
Q3,121,6000,6400,0,0
Q3,121,6400,6800,0,0
Q3,121,6800,7200,0,0
Q3,121,7200,7600,0,0
Q3,121,7600,8000,0,0
Q3,121,8000,8400,0,0
Q3,121,8400,8800,0,0
Q3,121,8800,9200,0,0
Q3,121,9200,9600,0,0
Q3,121,9600,10000,0,0
Q3,121,10000,10400,0,0
Q3,121,10400,10800,0,0
Q3,122,1200,1600,11,0.032934131736526949
Q3,122,1600,2000,18,0.053892215568862277
Q3,122,2000,2400,113,0.33832335329341318
Q3,122,2400,2800,97,0.29041916167664672
Q3,122,2800,3200,22,0.065868263473053898
Q3,122,3200,3600,23,0.068862275449101798
Q3,122,3600,4000,19,0.056886227544910177
Q3,122,4000,4400,22,0.065868263473053898
Q3,122,4400,4800,9,0.026946107784431138
Q3,122,4800,5200,0,0
Q3,122,5200,5600,0,0
Q3,122,5600,6000,0,0
Q3,122,6000,6400,0,0
Q3,122,6400,6800,0,0
Q3,122,6800,7200,0,0
Q3,122,7200,7600,0,0
Q3,122,7600,8000,0,0
Q3,122,8000,8400,0,0
Q3,122,8400,8800,0,0
Q3,122,8800,9200,0,0
Q3,122,9200,9600,0,0
Q3,122,9600,10000,0,0
Q3,122,10000,10400,0,0
Q3,122,10400,10800,0,0
Q3,123,1200,1600,139,0.41616766467065869
Q3,123,1600,2000,74,0.22155688622754491
Q3,123,2000,2400,44,0.1317365269461078
Q3,123,2400,2800,24,0.071856287425149698
Q3,123,2800,3200,22,0.065868263473053898
Q3,123,3200,3600,23,0.068862275449101798
Q3,123,3600,4000,8,0.023952095808383235
Q3,123,4000,4400,0,0
Q3,123,4400,4800,0,0
Q3,123,4800,5200,0,0
Q3,123,5200,5600,0,0
Q3,123,5600,6000,0,0
Q3,123,6000,6400,0,0
Q3,123,6400,6800,0,0
Q3,123,6800,7200,0,0
Q3,123,7200,7600,0,0
Q3,123,7600,8000,0,0
Q3,123,8000,8400,0,0
Q3,123,8400,8800,0,0
Q3,123,8800,9200,0,0
Q3,123,9200,9600,0,0
Q3,123,9600,10000,0,0
Q3,123,10000,10400,0,0
Q3,123,10400,10800,0,0
Q3,124,1200,1600,170,0.50898203592814373
Q3,124,1600,2000,79,0.23652694610778444
Q3,124,2000,2400,13,0.038922155688622756
Q3,124,2400,2800,19,0.056886227544910177
Q3,124,2800,3200,21,0.062874251497005984
Q3,124,3200,3600,22,0.065868263473053898
Q3,124,3600,4000,10,0.029940119760479042
Q3,124,4000,4400,0,0
Q3,124,4400,4800,0,0
Q3,124,4800,5200,0,0
Q3,124,5200,5600,0,0
Q3,124,5600,6000,0,0
Q3,124,6000,6400,0,0
Q3,124,6400,6800,0,0
Q3,124,6800,7200,0,0
Q3,124,7200,7600,0,0
Q3,124,7600,8000,0,0
Q3,124,8000,8400,0,0
Q3,124,8400,8800,0,0
Q3,124,8800,9200,0,0
Q3,124,9200,9600,0,0
Q3,124,9600,10000,0,0
Q3,124,10000,10400,0,0
Q3,124,10400,10800,0,0
Q3,125,1200,1600,172,0.51497005988023947
Q3,125,1600,2000,74,0.22155688622754491
Q3,125,2000,2400,15,0.044910179640718563
Q3,125,2400,2800,19,0.056886227544910177
Q3,125,2800,3200,17,0.05089820359281437
Q3,125,3200,3600,22,0.065868263473053898
Q3,125,3600,4000,15,0.044910179640718563
Q3,125,4000,4400,0,0
Q3,125,4400,4800,0,0
Q3,125,4800,5200,0,0
Q3,125,5200,5600,0,0
Q3,125,5600,6000,0,0
Q3,125,6000,6400,0,0
Q3,125,6400,6800,0,0
Q3,125,6800,7200,0,0
Q3,125,7200,7600,0,0
Q3,125,7600,8000,0,0
Q3,125,8000,8400,0,0
Q3,125,8400,8800,0,0
Q3,125,8800,9200,0,0
Q3,125,9200,9600,0,0
Q3,125,9600,10000,0,0
Q3,125,10000,10400,0,0
Q3,125,10400,10800,0,0
Q3,126,1200,1600,170,0.50898203592814373
Q3,126,1600,2000,76,0.22754491017964071
Q3,126,2000,2400,14,0.041916167664670656
Q3,126,2400,2800,17,0.05089820359281437
Q3,126,2800,3200,15,0.044910179640718563
Q3,126,3200,3600,26,0.077844311377245512
Q3,126,3600,4000,15,0.044910179640718563
Q3,126,4000,4400,1,0.0029940119760479044
Q3,126,4400,4800,0,0
Q3,126,4800,5200,0,0
Q3,126,5200,5600,0,0
Q3,126,5600,6000,0,0
Q3,126,6000,6400,0,0
Q3,126,6400,6800,0,0
Q3,126,6800,7200,0,0
Q3,126,7200,7600,0,0
Q3,126,7600,8000,0,0
Q3,126,8000,8400,0,0
Q3,126,8400,8800,0,0
Q3,126,8800,9200,0,0
Q3,126,9200,9600,0,0
Q3,126,9600,10000,0,0
Q3,126,10000,10400,0,0
Q3,126,10400,10800,0,0
Q3,127,1200,1600,173,0.51796407185628746
Q3,127,1600,2000,73,0.21856287425149701
Q3,127,2000,2400,11,0.032934131736526949
Q3,127,2400,2800,19,0.056886227544910177
Q3,127,2800,3200,14,0.041916167664670656
Q3,127,3200,3600,25,0.074850299401197598
Q3,127,3600,4000,18,0.053892215568862277
Q3,127,4000,4400,1,0.0029940119760479044
Q3,127,4400,4800,0,0
Q3,127,4800,5200,0,0
Q3,127,5200,5600,0,0
Q3,127,5600,6000,0,0
Q3,127,6000,6400,0,0
Q3,127,6400,6800,0,0
Q3,127,6800,7200,0,0
Q3,127,7200,7600,0,0
Q3,127,7600,8000,0,0
Q3,127,8000,8400,0,0
Q3,127,8400,8800,0,0
Q3,127,8800,9200,0,0
Q3,127,9200,9600,0,0
Q3,127,9600,10000,0,0
Q3,127,10000,10400,0,0
Q3,127,10400,10800,0,0
Q3,128,1200,1600,172,0.51497005988023947
Q3,128,1600,2000,74,0.22155688622754491
Q3,128,2000,2400,10,0.029940119760479042
Q3,128,2400,2800,17,0.05089820359281437
Q3,128,2800,3200,17,0.05089820359281437
Q3,128,3200,3600,23,0.068862275449101798
Q3,128,3600,4000,17,0.05089820359281437
Q3,128,4000,4400,4,0.011976047904191617
Q3,128,4400,4800,0,0
Q3,128,4800,5200,0,0
Q3,128,5200,5600,0,0
Q3,128,5600,6000,0,0
Q3,128,6000,6400,0,0
Q3,128,6400,6800,0,0
Q3,128,6800,7200,0,0
Q3,128,7200,7600,0,0
Q3,128,7600,8000,0,0
Q3,128,8000,8400,0,0
Q3,128,8400,8800,0,0
Q3,128,8800,9200,0,0
Q3,128,9200,9600,0,0
Q3,128,9600,10000,0,0
Q3,128,10000,10400,0,0
Q3,128,10400,10800,0,0
Q3,129,1200,1600,192,0.57485029940119758
Q3,129,1600,2000,55,0.16467065868263472
Q3,129,2000,2400,8,0.023952095808383235
Q3,129,2400,2800,17,0.05089820359281437
Q3,129,2800,3200,17,0.05089820359281437
Q3,129,3200,3600,23,0.068862275449101798
Q3,129,3600,4000,16,0.04790419161676647
Q3,129,4000,4400,6,0.017964071856287425
Q3,129,4400,4800,0,0
Q3,129,4800,5200,0,0
Q3,129,5200,5600,0,0
Q3,129,5600,6000,0,0
Q3,129,6000,6400,0,0
Q3,129,6400,6800,0,0
Q3,129,6800,7200,0,0
Q3,129,7200,7600,0,0
Q3,129,7600,8000,0,0
Q3,129,8000,8400,0,0
Q3,129,8400,8800,0,0
Q3,129,8800,9200,0,0
Q3,129,9200,9600,0,0
Q3,129,9600,10000,0,0
Q3,129,10000,10400,0,0
Q3,129,10400,10800,0,0
Q3,130,1200,1600,192,0.57485029940119758
Q3,130,1600,2000,54,0.16167664670658682
Q3,130,2000,2400,9,0.026946107784431138
Q3,130,2400,2800,16,0.04790419161676647
Q3,130,2800,3200,16,0.04790419161676647
Q3,130,3200,3600,21,0.062874251497005984
Q3,130,3600,4000,18,0.053892215568862277
Q3,130,4000,4400,8,0.023952095808383235
Q3,130,4400,4800,0,0
Q3,130,4800,5200,0,0
Q3,130,5200,5600,0,0
Q3,130,5600,6000,0,0
Q3,130,6000,6400,0,0
Q3,130,6400,6800,0,0
Q3,130,6800,7200,0,0
Q3,130,7200,7600,0,0
Q3,130,7600,8000,0,0
Q3,130,8000,8400,0,0
Q3,130,8400,8800,0,0
Q3,130,8800,9200,0,0
Q3,130,9200,9600,0,0
Q3,130,9600,10000,0,0
Q3,130,10000,10400,0,0
Q3,130,10400,10800,0,0
Q3,131,1200,1600,0,0
Q3,131,1600,2000,87,0.26047904191616766
Q3,131,2000,2400,135,0.40419161676646709
Q3,131,2400,2800,26,0.077844311377245512
Q3,131,2800,3200,11,0.032934131736526949
Q3,131,3200,3600,17,0.05089820359281437
Q3,131,3600,4000,16,0.04790419161676647
Q3,131,4000,4400,21,0.062874251497005984
Q3,131,4400,4800,17,0.05089820359281437
Q3,131,4800,5200,4,0.011976047904191617
Q3,131,5200,5600,0,0
Q3,131,5600,6000,0,0
Q3,131,6000,6400,0,0
Q3,131,6400,6800,0,0
Q3,131,6800,7200,0,0
Q3,131,7200,7600,0,0
Q3,131,7600,8000,0,0
Q3,131,8000,8400,0,0
Q3,131,8400,8800,0,0
Q3,131,8800,9200,0,0
Q3,131,9200,9600,0,0
Q3,131,9600,10000,0,0
Q3,131,10000,10400,0,0
Q3,131,10400,10800,0,0
Q3,132,1200,1600,0,0
Q3,132,1600,2000,0,0
Q3,132,2000,2400,4,0.011976047904191617
Q3,132,2400,2800,123,0.36826347305389223
Q3,132,2800,3200,106,0.31736526946107785
Q3,132,3200,3600,15,0.044910179640718563
Q3,132,3600,4000,12,0.035928143712574849
Q3,132,4000,4400,16,0.04790419161676647
Q3,132,4400,4800,19,0.056886227544910177
Q3,132,4800,5200,23,0.068862275449101798
Q3,132,5200,5600,13,0.038922155688622756
Q3,132,5600,6000,3,0.0089820359281437123
Q3,132,6000,6400,0,0
Q3,132,6400,6800,0,0
Q3,132,6800,7200,0,0
Q3,132,7200,7600,0,0
Q3,132,7600,8000,0,0
Q3,132,8000,8400,0,0
Q3,132,8400,8800,0,0
Q3,132,8800,9200,0,0
Q3,132,9200,9600,0,0
Q3,132,9600,10000,0,0
Q3,132,10000,10400,0,0
Q3,132,10400,10800,0,0
Q3,133,1200,1600,0,0
Q3,133,1600,2000,0,0
Q3,133,2000,2400,6,0.017964071856287425
Q3,133,2400,2800,108,0.32335329341317365
Q3,133,2800,3200,114,0.3413173652694611
Q3,133,3200,3600,20,0.059880239520958084
Q3,133,3600,4000,10,0.029940119760479042
Q3,133,4000,4400,18,0.053892215568862277
Q3,133,4400,4800,17,0.05089820359281437
Q3,133,4800,5200,19,0.056886227544910177
Q3,133,5200,5600,17,0.05089820359281437
Q3,133,5600,6000,5,0.014970059880239521
Q3,133,6000,6400,0,0
Q3,133,6400,6800,0,0
Q3,133,6800,7200,0,0
Q3,133,7200,7600,0,0
Q3,133,7600,8000,0,0
Q3,133,8000,8400,0,0
Q3,133,8400,8800,0,0
Q3,133,8800,9200,0,0
Q3,133,9200,9600,0,0
Q3,133,9600,10000,0,0
Q3,133,10000,10400,0,0
Q3,133,10400,10800,0,0
Q3,134,1200,1600,0,0
Q3,134,1600,2000,0,0
Q3,134,2000,2400,0,0
Q3,134,2400,2800,0,0
Q3,134,2800,3200,24,0.071856287425149698
Q3,134,3200,3600,121,0.36227544910179643
Q3,134,3600,4000,92,0.27544910179640719
Q3,134,4000,4400,12,0.035928143712574849
Q3,134,4400,4800,13,0.038922155688622756
Q3,134,4800,5200,17,0.05089820359281437
Q3,134,5200,5600,21,0.062874251497005984
Q3,134,5600,6000,16,0.04790419161676647
Q3,134,6000,6400,14,0.041916167664670656
Q3,134,6400,6800,4,0.011976047904191617
Q3,134,6800,7200,0,0
Q3,134,7200,7600,0,0
Q3,134,7600,8000,0,0
Q3,134,8000,8400,0,0
Q3,134,8400,8800,0,0
Q3,134,8800,9200,0,0
Q3,134,9200,9600,0,0
Q3,134,9600,10000,0,0
Q3,134,10000,10400,0,0
Q3,134,10400,10800,0,0
Q3,135,1200,1600,0,0
Q3,135,1600,2000,0,0
Q3,135,2000,2400,0,0
Q3,135,2400,2800,0,0
Q3,135,2800,3200,0,0
Q3,135,3200,3600,6,0.017964071856287425
Q3,135,3600,4000,37,0.11077844311377245
Q3,135,4000,4400,133,0.39820359281437123
Q3,135,4400,4800,69,0.20658682634730538
Q3,135,4800,5200,6,0.017964071856287425
Q3,135,5200,5600,16,0.04790419161676647
Q3,135,5600,6000,15,0.044910179640718563
Q3,135,6000,6400,24,0.071856287425149698
Q3,135,6400,6800,15,0.044910179640718563
Q3,135,6800,7200,10,0.029940119760479042
Q3,135,7200,7600,3,0.0089820359281437123
Q3,135,7600,8000,0,0
Q3,135,8000,8400,0,0
Q3,135,8400,8800,0,0
Q3,135,8800,9200,0,0
Q3,135,9200,9600,0,0
Q3,135,9600,10000,0,0
Q3,135,10000,10400,0,0
Q3,135,10400,10800,0,0
Q3,136,1200,1600,0,0
Q3,136,1600,2000,0,0
Q3,136,2000,2400,0,0
Q3,136,2400,2800,0,0
Q3,136,2800,3200,0,0
Q3,136,3200,3600,0,0
Q3,136,3600,4000,16,0.04790419161676647
Q3,136,4000,4400,18,0.053892215568862277
Q3,136,4400,4800,43,0.12874251497005987
Q3,136,4800,5200,126,0.3772455089820359
Q3,136,5200,5600,44,0.1317365269461078
Q3,136,5600,6000,9,0.026946107784431138
Q3,136,6000,6400,25,0.074850299401197598
Q3,136,6400,6800,22,0.065868263473053898
Q3,136,6800,7200,19,0.056886227544910177
Q3,136,7200,7600,11,0.032934131736526949
Q3,136,7600,8000,1,0.0029940119760479044
Q3,136,8000,8400,0,0
Q3,136,8400,8800,0,0
Q3,136,8800,9200,0,0
Q3,136,9200,9600,0,0
Q3,136,9600,10000,0,0
Q3,136,10000,10400,0,0
Q3,136,10400,10800,0,0
Q3,137,1200,1600,0,0
Q3,137,1600,2000,0,0
Q3,137,2000,2400,0,0
Q3,137,2400,2800,0,0
Q3,137,2800,3200,0,0
Q3,137,3200,3600,0,0
Q3,137,3600,4000,0,0
Q3,137,4000,4400,6,0.017964071856287425
Q3,137,4400,4800,17,0.05089820359281437
Q3,137,4800,5200,15,0.044910179640718563
Q3,137,5200,5600,72,0.21556886227544911
Q3,137,5600,6000,114,0.3413173652694611
Q3,137,6000,6400,25,0.074850299401197598
Q3,137,6400,6800,13,0.038922155688622756
Q3,137,6800,7200,26,0.077844311377245512
Q3,137,7200,7600,22,0.065868263473053898
Q3,137,7600,8000,17,0.05089820359281437
Q3,137,8000,8400,6,0.017964071856287425
Q3,137,8400,8800,1,0.0029940119760479044
Q3,137,8800,9200,0,0
Q3,137,9200,9600,0,0
Q3,137,9600,10000,0,0
Q3,137,10000,10400,0,0
Q3,137,10400,10800,0,0
Q3,138,1200,1600,0,0
Q3,138,1600,2000,0,0
Q3,138,2000,2400,0,0
Q3,138,2400,2800,0,0
Q3,138,2800,3200,0,0
Q3,138,3200,3600,0,0
Q3,138,3600,4000,0,0
Q3,138,4000,4400,3,0.0089820359281437123
Q3,138,4400,4800,19,0.056886227544910177
Q3,138,4800,5200,10,0.029940119760479042
Q3,138,5200,5600,3,0.0089820359281437123
Q3,138,5600,6000,17,0.05089820359281437
Q3,138,6000,6400,97,0.29041916167664672
Q3,138,6400,6800,86,0.25748502994011974
Q3,138,6800,7200,32,0.09580838323353294
Q3,138,7200,7600,24,0.071856287425149698
Q3,138,7600,8000,27,0.080838323353293412
Q3,138,8000,8400,15,0.044910179640718563
Q3,138,8400,8800,0,0
Q3,138,8800,9200,0,0
Q3,138,9200,9600,1,0.0029940119760479044
Q3,138,9600,10000,0,0
Q3,138,10000,10400,0,0
Q3,138,10400,10800,0,0
Q3,139,1200,1600,0,0
Q3,139,1600,2000,0,0
Q3,139,2000,2400,0,0
Q3,139,2400,2800,0,0
Q3,139,2800,3200,0,0
Q3,139,3200,3600,0,0
Q3,139,3600,4000,0,0
Q3,139,4000,4400,1,0.0029940119760479044
Q3,139,4400,4800,11,0.032934131736526949
Q3,139,4800,5200,9,0.026946107784431138
Q3,139,5200,5600,6,0.017964071856287425
Q3,139,5600,6000,6,0.017964071856287425
Q3,139,6000,6400,4,0.011976047904191617
Q3,139,6400,6800,30,0.089820359281437126
Q3,139,6800,7200,102,0.30538922155688625
Q3,139,7200,7600,77,0.23053892215568864
Q3,139,7600,8000,23,0.068862275449101798
Q3,139,8000,8400,30,0.089820359281437126
Q3,139,8400,8800,27,0.080838323353293412
Q3,139,8800,9200,7,0.020958083832335328
Q3,139,9200,9600,0,0
Q3,139,9600,10000,0,0
Q3,139,10000,10400,1,0.0029940119760479044
Q3,139,10400,10800,0,0
Q3,140,1200,1600,0,0
Q3,140,1600,2000,0,0
Q3,140,2000,2400,0,0
Q3,140,2400,2800,0,0
Q3,140,2800,3200,0,0
Q3,140,3200,3600,0,0
Q3,140,3600,4000,0,0
Q3,140,4000,4400,0,0
Q3,140,4400,4800,0,0
Q3,140,4800,5200,5,0.014970059880239521
Q3,140,5200,5600,9,0.026946107784431138
Q3,140,5600,6000,9,0.026946107784431138
Q3,140,6000,6400,8,0.023952095808383235
Q3,140,6400,6800,4,0.011976047904191617
Q3,140,6800,7200,6,0.017964071856287425
Q3,140,7200,7600,39,0.11676646706586827
Q3,140,7600,8000,115,0.34431137724550898
Q3,140,8000,8400,57,0.17065868263473055
Q3,140,8400,8800,26,0.077844311377245512
Q3,140,8800,9200,30,0.089820359281437126
Q3,140,9200,9600,22,0.065868263473053898
Q3,140,9600,10000,3,0.0089820359281437123
Q3,140,10000,10400,0,0
Q3,140,10400,10800,1,0.0029940119760479044
Q3,141,1200,1600,0,0
Q3,141,1600,2000,0,0
Q3,141,2000,2400,0,0
Q3,141,2400,2800,0,0
Q3,141,2800,3200,0,0
Q3,141,3200,3600,0,0
Q3,141,3600,4000,0,0
Q3,141,4000,4400,0,0
Q3,141,4400,4800,0,0
Q3,141,4800,5200,2,0.0059880239520958087
Q3,141,5200,5600,5,0.014970059880239521
Q3,141,5600,6000,11,0.032934131736526949
Q3,141,6000,6400,6,0.017964071856287425
Q3,141,6400,6800,3,0.0089820359281437123
Q3,141,6800,7200,5,0.014970059880239521
Q3,141,7200,7600,4,0.011976047904191617
Q3,141,7600,8000,12,0.035928143712574849
Q3,141,8000,8400,61,0.18263473053892215
Q3,141,8400,8800,114,0.3413173652694611
Q3,141,8800,9200,36,0.10778443113772455
Q3,141,9200,9600,27,0.080838323353293412
Q3,141,9600,10000,30,0.089820359281437126
Q3,141,10000,10400,16,0.04790419161676647
Q3,141,10400,10800,2,0.0059880239520958087
Q3,142,1200,1600,0,0
Q3,142,1600,2000,0,0
Q3,142,2000,2400,0,0
Q3,142,2400,2800,0,0
Q3,142,2800,3200,0,0
Q3,142,3200,3600,0,0
Q3,142,3600,4000,0,0
Q3,142,4000,4400,0,0
Q3,142,4400,4800,0,0
Q3,142,4800,5200,1,0.0029940119760479044
Q3,142,5200,5600,6,0.017964071856287425
Q3,142,5600,6000,9,0.026946107784431138
Q3,142,6000,6400,8,0.023952095808383235
Q3,142,6400,6800,3,0.0089820359281437123
Q3,142,6800,7200,5,0.014970059880239521
Q3,142,7200,7600,4,0.011976047904191617
Q3,142,7600,8000,5,0.014970059880239521
Q3,142,8000,8400,18,0.053892215568862277
Q3,142,8400,8800,20,0.059880239520958084
Q3,142,8800,9200,78,0.23353293413173654
Q3,142,9200,9600,107,0.32035928143712578
Q3,142,9600,10000,48,0.1437125748502994
Q3,142,10000,10400,17,0.05089820359281437
Q3,142,10400,10800,5,0.014970059880239521
Q3,143,1200,1600,0,0
Q3,143,1600,2000,0,0
Q3,143,2000,2400,0,0
Q3,143,2400,2800,0,0
Q3,143,2800,3200,0,0
Q3,143,3200,3600,0,0
Q3,143,3600,4000,0,0
Q3,143,4000,4400,0,0
Q3,143,4400,4800,0,0
Q3,143,4800,5200,1,0.0029940119760479044
Q3,143,5200,5600,6,0.017964071856287425
Q3,143,5600,6000,5,0.014970059880239521
Q3,143,6000,6400,12,0.035928143712574849
Q3,143,6400,6800,3,0.0089820359281437123
Q3,143,6800,7200,3,0.0089820359281437123
Q3,143,7200,7600,6,0.017964071856287425
Q3,143,7600,8000,4,0.011976047904191617
Q3,143,8000,8400,15,0.044910179640718563
Q3,143,8400,8800,15,0.044910179640718563
Q3,143,8800,9200,9,0.026946107784431138
Q3,143,9200,9600,37,0.11077844311377245
Q3,143,9600,10000,112,0.33532934131736525
Q3,143,10000,10400,88,0.26347305389221559
Q3,143,10400,10800,18,0.053892215568862277
Q4-2,0,1200,1600,68,0.20359281437125748
Q4-2,0,1600,2000,39,0.11676646706586827
Q4-2,0,2000,2400,2,0.0059880239520958087
Q4-2,0,2400,2800,21,0.062874251497005984
Q4-2,0,2800,3200,0,0
Q4-2,0,3200,3600,20,0.059880239520958084
Q4-2,0,3600,4000,2,0.0059880239520958087
Q4-2,0,4000,4400,11,0.032934131736526949
Q4-2,0,4400,4800,2,0.0059880239520958087
Q4-2,0,4800,5200,16,0.04790419161676647
Q4-2,0,5200,5600,6,0.017964071856287425
Q4-2,0,5600,6000,12,0.035928143712574849
Q4-2,0,6000,6400,12,0.035928143712574849
Q4-2,0,6400,6800,14,0.041916167664670656
Q4-2,0,6800,7200,10,0.029940119760479042
Q4-2,0,7200,7600,8,0.023952095808383235
Q4-2,0,7600,8000,21,0.062874251497005984
Q4-2,0,8000,8400,0,0
Q4-2,0,8400,8800,16,0.04790419161676647
Q4-2,0,8800,9200,0,0
Q4-2,0,9200,9600,6,0.017964071856287425
Q4-2,0,9600,10000,1,0.0029940119760479044
Q4-2,0,10000,10400,20,0.059880239520958084
Q4-2,0,10400,10800,27,0.080838323353293412
Q4-2,1,1200,1600,65,0.19461077844311378
Q4-2,1,1600,2000,23,0.068862275449101798
Q4-2,1,2000,2400,2,0.0059880239520958087
Q4-2,1,2400,2800,34,0.10179640718562874
Q4-2,1,2800,3200,1,0.0029940119760479044
Q4-2,1,3200,3600,14,0.041916167664670656
Q4-2,1,3600,4000,1,0.0029940119760479044
Q4-2,1,4000,4400,20,0.059880239520958084
Q4-2,1,4400,4800,3,0.0089820359281437123
Q4-2,1,4800,5200,9,0.026946107784431138
Q4-2,1,5200,5600,7,0.020958083832335328
Q4-2,1,5600,6000,11,0.032934131736526949
Q4-2,1,6000,6400,12,0.035928143712574849
Q4-2,1,6400,6800,15,0.044910179640718563
Q4-2,1,6800,7200,13,0.038922155688622756
Q4-2,1,7200,7600,6,0.017964071856287425
Q4-2,1,7600,8000,22,0.065868263473053898
Q4-2,1,8000,8400,1,0.0029940119760479044
Q4-2,1,8400,8800,15,0.044910179640718563
Q4-2,1,8800,9200,0,0
Q4-2,1,9200,9600,12,0.035928143712574849
Q4-2,1,9600,10000,2,0.0059880239520958087
Q4-2,1,10000,10400,12,0.035928143712574849
Q4-2,1,10400,10800,34,0.10179640718562874
Q4-2,2,1200,1600,64,0.19161676646706588
Q4-2,2,1600,2000,22,0.065868263473053898
Q4-2,2,2000,2400,1,0.0029940119760479044
Q4-2,2,2400,2800,22,0.065868263473053898
Q4-2,2,2800,3200,1,0.0029940119760479044
Q4-2,2,3200,3600,22,0.065868263473053898
Q4-2,2,3600,4000,3,0.0089820359281437123
Q4-2,2,4000,4400,15,0.044910179640718563
Q4-2,2,4400,4800,2,0.0059880239520958087
Q4-2,2,4800,5200,14,0.041916167664670656
Q4-2,2,5200,5600,7,0.020958083832335328
Q4-2,2,5600,6000,7,0.020958083832335328
Q4-2,2,6000,6400,16,0.04790419161676647
Q4-2,2,6400,6800,17,0.05089820359281437
Q4-2,2,6800,7200,8,0.023952095808383235
Q4-2,2,7200,7600,8,0.023952095808383235
Q4-2,2,7600,8000,20,0.059880239520958084
Q4-2,2,8000,8400,1,0.0029940119760479044
Q4-2,2,8400,8800,20,0.059880239520958084
Q4-2,2,8800,9200,1,0.0029940119760479044
Q4-2,2,9200,9600,14,0.041916167664670656
Q4-2,2,9600,10000,2,0.0059880239520958087
Q4-2,2,10000,10400,13,0.038922155688622756
Q4-2,2,10400,10800,34,0.10179640718562874
Q4-2,3,1200,1600,61,0.18263473053892215
Q4-2,3,1600,2000,20,0.059880239520958084
Q4-2,3,2000,2400,2,0.0059880239520958087
Q4-2,3,2400,2800,18,0.053892215568862277
Q4-2,3,2800,3200,0,0
Q4-2,3,3200,3600,21,0.062874251497005984
Q4-2,3,3600,4000,3,0.0089820359281437123
Q4-2,3,4000,4400,20,0.059880239520958084
Q4-2,3,4400,4800,2,0.0059880239520958087
Q4-2,3,4800,5200,12,0.035928143712574849
Q4-2,3,5200,5600,8,0.023952095808383235
Q4-2,3,5600,6000,8,0.023952095808383235
Q4-2,3,6000,6400,14,0.041916167664670656
Q4-2,3,6400,6800,14,0.041916167664670656
Q4-2,3,6800,7200,15,0.044910179640718563
Q4-2,3,7200,7600,6,0.017964071856287425
Q4-2,3,7600,8000,23,0.068862275449101798
Q4-2,3,8000,8400,0,0
Q4-2,3,8400,8800,17,0.05089820359281437
Q4-2,3,8800,9200,2,0.0059880239520958087
Q4-2,3,9200,9600,16,0.04790419161676647
Q4-2,3,9600,10000,2,0.0059880239520958087
Q4-2,3,10000,10400,17,0.05089820359281437
Q4-2,3,10400,10800,33,0.09880239520958084
Q4-2,4,1200,1600,55,0.16467065868263472
Q4-2,4,1600,2000,23,0.068862275449101798
Q4-2,4,2000,2400,3,0.0089820359281437123
Q4-2,4,2400,2800,15,0.044910179640718563
Q4-2,4,2800,3200,1,0.0029940119760479044
Q4-2,4,3200,3600,13,0.038922155688622756
Q4-2,4,3600,4000,2,0.0059880239520958087
Q4-2,4,4000,4400,22,0.065868263473053898
Q4-2,4,4400,4800,1,0.0029940119760479044
Q4-2,4,4800,5200,19,0.056886227544910177
Q4-2,4,5200,5600,6,0.017964071856287425
Q4-2,4,5600,6000,9,0.026946107784431138
Q4-2,4,6000,6400,15,0.044910179640718563
Q4-2,4,6400,6800,11,0.032934131736526949
Q4-2,4,6800,7200,16,0.04790419161676647
Q4-2,4,7200,7600,5,0.014970059880239521
Q4-2,4,7600,8000,28,0.083832335329341312
Q4-2,4,8000,8400,0,0
Q4-2,4,8400,8800,17,0.05089820359281437
Q4-2,4,8800,9200,2,0.0059880239520958087
Q4-2,4,9200,9600,14,0.041916167664670656
Q4-2,4,9600,10000,1,0.0029940119760479044
Q4-2,4,10000,10400,22,0.065868263473053898
Q4-2,4,10400,10800,34,0.10179640718562874
Q4-2,5,1200,1600,54,0.16167664670658682
Q4-2,5,1600,2000,20,0.059880239520958084
Q4-2,5,2000,2400,3,0.0089820359281437123
Q4-2,5,2400,2800,19,0.056886227544910177
Q4-2,5,2800,3200,0,0
Q4-2,5,3200,3600,9,0.026946107784431138
Q4-2,5,3600,4000,2,0.0059880239520958087
Q4-2,5,4000,4400,18,0.053892215568862277
Q4-2,5,4400,4800,1,0.0029940119760479044
Q4-2,5,4800,5200,17,0.05089820359281437
Q4-2,5,5200,5600,7,0.020958083832335328
Q4-2,5,5600,6000,13,0.038922155688622756
Q4-2,5,6000,6400,12,0.035928143712574849
Q4-2,5,6400,6800,13,0.038922155688622756
Q4-2,5,6800,7200,19,0.056886227544910177
Q4-2,5,7200,7600,2,0.0059880239520958087
Q4-2,5,7600,8000,26,0.077844311377245512
Q4-2,5,8000,8400,0,0
Q4-2,5,8400,8800,23,0.068862275449101798
Q4-2,5,8800,9200,3,0.0089820359281437123
Q4-2,5,9200,9600,15,0.044910179640718563
Q4-2,5,9600,10000,1,0.0029940119760479044
Q4-2,5,10000,10400,20,0.059880239520958084
Q4-2,5,10400,10800,37,0.11077844311377245
Q4-2,6,1200,1600,54,0.16167664670658682
Q4-2,6,1600,2000,18,0.053892215568862277
Q4-2,6,2000,2400,3,0.0089820359281437123
Q4-2,6,2400,2800,18,0.053892215568862277
Q4-2,6,2800,3200,0,0
Q4-2,6,3200,3600,10,0.029940119760479042
Q4-2,6,3600,4000,3,0.0089820359281437123
Q4-2,6,4000,4400,12,0.035928143712574849
Q4-2,6,4400,4800,1,0.0029940119760479044
Q4-2,6,4800,5200,17,0.05089820359281437
Q4-2,6,5200,5600,8,0.023952095808383235
Q4-2,6,5600,6000,10,0.029940119760479042
Q4-2,6,6000,6400,12,0.035928143712574849
Q4-2,6,6400,6800,17,0.05089820359281437
Q4-2,6,6800,7200,20,0.059880239520958084
Q4-2,6,7200,7600,4,0.011976047904191617
Q4-2,6,7600,8000,26,0.077844311377245512
Q4-2,6,8000,8400,1,0.0029940119760479044
Q4-2,6,8400,8800,18,0.053892215568862277
Q4-2,6,8800,9200,1,0.0029940119760479044
Q4-2,6,9200,9600,21,0.062874251497005984
Q4-2,6,9600,10000,2,0.0059880239520958087
Q4-2,6,10000,10400,20,0.059880239520958084
Q4-2,6,10400,10800,38,0.11377245508982035
Q4-2,7,1200,1600,45,0.1347305389221557
Q4-2,7,1600,2000,26,0.077844311377245512
Q4-2,7,2000,2400,2,0.0059880239520958087
Q4-2,7,2400,2800,11,0.032934131736526949
Q4-2,7,2800,3200,2,0.0059880239520958087
Q4-2,7,3200,3600,15,0.044910179640718563
Q4-2,7,3600,4000,4,0.011976047904191617
Q4-2,7,4000,4400,11,0.032934131736526949
Q4-2,7,4400,4800,1,0.0029940119760479044
Q4-2,7,4800,5200,14,0.041916167664670656
Q4-2,7,5200,5600,8,0.023952095808383235
Q4-2,7,5600,6000,7,0.020958083832335328
Q4-2,7,6000,6400,15,0.044910179640718563
Q4-2,7,6400,6800,11,0.032934131736526949
Q4-2,7,6800,7200,26,0.077844311377245512
Q4-2,7,7200,7600,5,0.014970059880239521
Q4-2,7,7600,8000,28,0.083832335329341312
Q4-2,7,8000,8400,1,0.0029940119760479044
Q4-2,7,8400,8800,20,0.059880239520958084
Q4-2,7,8800,9200,1,0.0029940119760479044
Q4-2,7,9200,9600,20,0.059880239520958084
Q4-2,7,9600,10000,3,0.0089820359281437123
Q4-2,7,10000,10400,19,0.056886227544910177
Q4-2,7,10400,10800,39,0.11676646706586827
Q4-2,8,1200,1600,42,0.12574850299401197
Q4-2,8,1600,2000,22,0.065868263473053898
Q4-2,8,2000,2400,3,0.0089820359281437123
Q4-2,8,2400,2800,14,0.041916167664670656
Q4-2,8,2800,3200,3,0.0089820359281437123
Q4-2,8,3200,3600,11,0.032934131736526949
Q4-2,8,3600,4000,3,0.0089820359281437123
Q4-2,8,4000,4400,14,0.041916167664670656
Q4-2,8,4400,4800,2,0.0059880239520958087
Q4-2,8,4800,5200,10,0.029940119760479042
Q4-2,8,5200,5600,8,0.023952095808383235
Q4-2,8,5600,6000,11,0.032934131736526949
Q4-2,8,6000,6400,14,0.041916167664670656
Q4-2,8,6400,6800,6,0.017964071856287425
Q4-2,8,6800,7200,20,0.059880239520958084
Q4-2,8,7200,7600,7,0.020958083832335328
Q4-2,8,7600,8000,33,0.09880239520958084
Q4-2,8,8000,8400,1,0.0029940119760479044
Q4-2,8,8400,8800,22,0.065868263473053898
Q4-2,8,8800,9200,1,0.0029940119760479044
Q4-2,8,9200,9600,24,0.071856287425149698
Q4-2,8,9600,10000,3,0.0089820359281437123
Q4-2,8,10000,10400,20,0.059880239520958084
Q4-2,8,10400,10800,40,0.11976047904191617
Q4-2,9,1200,1600,41,0.12275449101796407
Q4-2,9,1600,2000,22,0.065868263473053898
Q4-2,9,2000,2400,2,0.0059880239520958087
Q4-2,9,2400,2800,10,0.029940119760479042
Q4-2,9,2800,3200,4,0.011976047904191617
Q4-2,9,3200,3600,13,0.038922155688622756
Q4-2,9,3600,4000,1,0.0029940119760479044
Q4-2,9,4000,4400,13,0.038922155688622756
Q4-2,9,4400,4800,5,0.014970059880239521
Q4-2,9,4800,5200,10,0.029940119760479042
Q4-2,9,5200,5600,8,0.023952095808383235
Q4-2,9,5600,6000,8,0.023952095808383235
Q4-2,9,6000,6400,11,0.032934131736526949
Q4-2,9,6400,6800,9,0.026946107784431138
Q4-2,9,6800,7200,20,0.059880239520958084
Q4-2,9,7200,7600,5,0.014970059880239521
Q4-2,9,7600,8000,28,0.083832335329341312
Q4-2,9,8000,8400,3,0.0089820359281437123
Q4-2,9,8400,8800,31,0.092814371257485026
Q4-2,9,8800,9200,1,0.0029940119760479044
Q4-2,9,9200,9600,24,0.071856287425149698
Q4-2,9,9600,10000,2,0.0059880239520958087
Q4-2,9,10000,10400,20,0.059880239520958084
Q4-2,9,10400,10800,43,0.12874251497005987
Q4-2,10,1200,1600,39,0.11676646706586827
Q4-2,10,1600,2000,22,0.065868263473053898
Q4-2,10,2000,2400,3,0.0089820359281437123
Q4-2,10,2400,2800,11,0.032934131736526949
Q4-2,10,2800,3200,4,0.011976047904191617
Q4-2,10,3200,3600,9,0.026946107784431138
Q4-2,10,3600,4000,1,0.0029940119760479044
Q4-2,10,4000,4400,14,0.041916167664670656
Q4-2,10,4400,4800,3,0.0089820359281437123
Q4-2,10,4800,5200,9,0.026946107784431138
Q4-2,10,5200,5600,9,0.026946107784431138
Q4-2,10,5600,6000,8,0.023952095808383235
Q4-2,10,6000,6400,8,0.023952095808383235
Q4-2,10,6400,6800,7,0.020958083832335328
Q4-2,10,6800,7200,20,0.059880239520958084
Q4-2,10,7200,7600,7,0.020958083832335328
Q4-2,10,7600,8000,30,0.089820359281437126
Q4-2,10,8000,8400,3,0.0089820359281437123
Q4-2,10,8400,8800,29,0.086826347305389226
Q4-2,10,8800,9200,2,0.0059880239520958087
Q4-2,10,9200,9600,31,0.092814371257485026
Q4-2,10,9600,10000,2,0.0059880239520958087
Q4-2,10,10000,10400,18,0.053892215568862277
Q4-2,10,10400,10800,45,0.1347305389221557
Q4-2,11,1200,1600,37,0.11077844311377245
Q4-2,11,1600,2000,23,0.068862275449101798
Q4-2,11,2000,2400,3,0.0089820359281437123
Q4-2,11,2400,2800,12,0.035928143712574849
Q4-2,11,2800,3200,5,0.014970059880239521
Q4-2,11,3200,3600,8,0.023952095808383235
Q4-2,11,3600,4000,3,0.0089820359281437123
Q4-2,11,4000,4400,8,0.023952095808383235
Q4-2,11,4400,4800,3,0.0089820359281437123
Q4-2,11,4800,5200,11,0.032934131736526949
Q4-2,11,5200,5600,8,0.023952095808383235
Q4-2,11,5600,6000,7,0.020958083832335328
Q4-2,11,6000,6400,8,0.023952095808383235
Q4-2,11,6400,6800,8,0.023952095808383235
Q4-2,11,6800,7200,15,0.044910179640718563
Q4-2,11,7200,7600,6,0.017964071856287425
Q4-2,11,7600,8000,26,0.077844311377245512
Q4-2,11,8000,8400,3,0.0089820359281437123
Q4-2,11,8400,8800,38,0.11377245508982035
Q4-2,11,8800,9200,2,0.0059880239520958087
Q4-2,11,9200,9600,28,0.083832335329341312
Q4-2,11,9600,10000,2,0.0059880239520958087
Q4-2,11,10000,10400,24,0.071856287425149698
Q4-2,11,10400,10800,46,0.1377245508982036
Q4-2,12,1200,1600,36,0.10778443113772455
Q4-2,12,1600,2000,20,0.059880239520958084
Q4-2,12,2000,2400,2,0.0059880239520958087
Q4-2,12,2400,2800,16,0.04790419161676647
Q4-2,12,2800,3200,5,0.014970059880239521
Q4-2,12,3200,3600,10,0.029940119760479042
Q4-2,12,3600,4000,2,0.0059880239520958087
Q4-2,12,4000,4400,8,0.023952095808383235
Q4-2,12,4400,4800,1,0.0029940119760479044
Q4-2,12,4800,5200,8,0.023952095808383235
Q4-2,12,5200,5600,11,0.032934131736526949
Q4-2,12,5600,6000,7,0.020958083832335328
Q4-2,12,6000,6400,5,0.014970059880239521
Q4-2,12,6400,6800,8,0.023952095808383235
Q4-2,12,6800,7200,17,0.05089820359281437
Q4-2,12,7200,7600,4,0.011976047904191617
Q4-2,12,7600,8000,22,0.065868263473053898
Q4-2,12,8000,8400,4,0.011976047904191617
Q4-2,12,8400,8800,36,0.10778443113772455
Q4-2,12,8800,9200,2,0.0059880239520958087
Q4-2,12,9200,9600,32,0.09580838323353294
Q4-2,12,9600,10000,2,0.0059880239520958087
Q4-2,12,10000,10400,27,0.080838323353293412
Q4-2,12,10400,10800,49,0.1467065868263473
Q4-2,13,1200,1600,34,0.10179640718562874
Q4-2,13,1600,2000,20,0.059880239520958084
Q4-2,13,2000,2400,2,0.0059880239520958087
Q4-2,13,2400,2800,14,0.041916167664670656
Q4-2,13,2800,3200,6,0.017964071856287425
Q4-2,13,3200,3600,11,0.032934131736526949
Q4-2,13,3600,4000,2,0.0059880239520958087
Q4-2,13,4000,4400,9,0.026946107784431138
Q4-2,13,4400,4800,1,0.0029940119760479044
Q4-2,13,4800,5200,9,0.026946107784431138
Q4-2,13,5200,5600,9,0.026946107784431138
Q4-2,13,5600,6000,6,0.017964071856287425
Q4-2,13,6000,6400,4,0.011976047904191617
Q4-2,13,6400,6800,8,0.023952095808383235
Q4-2,13,6800,7200,15,0.044910179640718563
Q4-2,13,7200,7600,6,0.017964071856287425
Q4-2,13,7600,8000,24,0.071856287425149698
Q4-2,13,8000,8400,3,0.0089820359281437123
Q4-2,13,8400,8800,32,0.09580838323353294
Q4-2,13,8800,9200,2,0.0059880239520958087
Q4-2,13,9200,9600,31,0.092814371257485026
Q4-2,13,9600,10000,3,0.0089820359281437123
Q4-2,13,10000,10400,31,0.092814371257485026
Q4-2,13,10400,10800,52,0.15568862275449102
Q4-2,14,1200,1600,28,0.083832335329341312
Q4-2,14,1600,2000,18,0.053892215568862277
Q4-2,14,2000,2400,3,0.0089820359281437123
Q4-2,14,2400,2800,17,0.05089820359281437
Q4-2,14,2800,3200,6,0.017964071856287425
Q4-2,14,3200,3600,10,0.029940119760479042
Q4-2,14,3600,4000,3,0.0089820359281437123
Q4-2,14,4000,4400,9,0.026946107784431138
Q4-2,14,4400,4800,1,0.0029940119760479044
Q4-2,14,4800,5200,11,0.032934131736526949
Q4-2,14,5200,5600,9,0.026946107784431138
Q4-2,14,5600,6000,7,0.020958083832335328
Q4-2,14,6000,6400,4,0.011976047904191617
Q4-2,14,6400,6800,9,0.026946107784431138
Q4-2,14,6800,7200,14,0.041916167664670656
Q4-2,14,7200,7600,6,0.017964071856287425
Q4-2,14,7600,8000,19,0.056886227544910177
Q4-2,14,8000,8400,3,0.0089820359281437123
Q4-2,14,8400,8800,34,0.10179640718562874
Q4-2,14,8800,9200,2,0.0059880239520958087
Q4-2,14,9200,9600,31,0.092814371257485026
Q4-2,14,9600,10000,2,0.0059880239520958087
Q4-2,14,10000,10400,34,0.10179640718562874
Q4-2,14,10400,10800,54,0.16167664670658682
Q4-2,15,1200,1600,25,0.074850299401197598
Q4-2,15,1600,2000,15,0.044910179640718563
Q4-2,15,2000,2400,3,0.0089820359281437123
Q4-2,15,2400,2800,18,0.053892215568862277
Q4-2,15,2800,3200,6,0.017964071856287425
Q4-2,15,3200,3600,11,0.032934131736526949
Q4-2,15,3600,4000,2,0.0059880239520958087
Q4-2,15,4000,4400,13,0.038922155688622756
Q4-2,15,4400,4800,4,0.011976047904191617
Q4-2,15,4800,5200,6,0.017964071856287425
Q4-2,15,5200,5600,9,0.026946107784431138
Q4-2,15,5600,6000,8,0.023952095808383235
Q4-2,15,6000,6400,5,0.014970059880239521
Q4-2,15,6400,6800,8,0.023952095808383235
Q4-2,15,6800,7200,12,0.035928143712574849
Q4-2,15,7200,7600,6,0.017964071856287425
Q4-2,15,7600,8000,22,0.065868263473053898
Q4-2,15,8000,8400,2,0.0059880239520958087
Q4-2,15,8400,8800,33,0.09880239520958084
Q4-2,15,8800,9200,4,0.011976047904191617
Q4-2,15,9200,9600,30,0.089820359281437126
Q4-2,15,9600,10000,2,0.0059880239520958087
Q4-2,15,10000,10400,36,0.10778443113772455
Q4-2,15,10400,10800,54,0.16167664670658682
Q4-2,16,1200,1600,25,0.074850299401197598
Q4-2,16,1600,2000,12,0.035928143712574849
Q4-2,16,2000,2400,4,0.011976047904191617
Q4-2,16,2400,2800,17,0.05089820359281437
Q4-2,16,2800,3200,3,0.0089820359281437123
Q4-2,16,3200,3600,12,0.035928143712574849
Q4-2,16,3600,4000,3,0.0089820359281437123
Q4-2,16,4000,4400,16,0.04790419161676647
Q4-2,16,4400,4800,3,0.0089820359281437123
Q4-2,16,4800,5200,7,0.020958083832335328
Q4-2,16,5200,5600,10,0.029940119760479042
Q4-2,16,5600,6000,6,0.017964071856287425
Q4-2,16,6000,6400,1,0.0029940119760479044
Q4-2,16,6400,6800,7,0.020958083832335328
Q4-2,16,6800,7200,14,0.041916167664670656
Q4-2,16,7200,7600,7,0.020958083832335328
Q4-2,16,7600,8000,22,0.065868263473053898
Q4-2,16,8000,8400,2,0.0059880239520958087
Q4-2,16,8400,8800,37,0.11077844311377245
Q4-2,16,8800,9200,4,0.011976047904191617
Q4-2,16,9200,9600,27,0.080838323353293412
Q4-2,16,9600,10000,2,0.0059880239520958087
Q4-2,16,10000,10400,39,0.11676646706586827
Q4-2,16,10400,10800,54,0.16167664670658682
Q4-2,17,1200,1600,25,0.074850299401197598
Q4-2,17,1600,2000,10,0.029940119760479042
Q4-2,17,2000,2400,4,0.011976047904191617
Q4-2,17,2400,2800,15,0.044910179640718563
Q4-2,17,2800,3200,4,0.011976047904191617
Q4-2,17,3200,3600,11,0.032934131736526949
Q4-2,17,3600,4000,3,0.0089820359281437123
Q4-2,17,4000,4400,16,0.04790419161676647
Q4-2,17,4400,4800,4,0.011976047904191617
Q4-2,17,4800,5200,9,0.026946107784431138
Q4-2,17,5200,5600,7,0.020958083832335328
Q4-2,17,5600,6000,7,0.020958083832335328
Q4-2,17,6000,6400,2,0.0059880239520958087
Q4-2,17,6400,6800,5,0.014970059880239521
Q4-2,17,6800,7200,12,0.035928143712574849
Q4-2,17,7200,7600,3,0.0089820359281437123
Q4-2,17,7600,8000,26,0.077844311377245512
Q4-2,17,8000,8400,0,0
Q4-2,17,8400,8800,37,0.11077844311377245
Q4-2,17,8800,9200,6,0.017964071856287425
Q4-2,17,9200,9600,29,0.086826347305389226
Q4-2,17,9600,10000,3,0.0089820359281437123
Q4-2,17,10000,10400,41,0.12275449101796407
Q4-2,17,10400,10800,55,0.16467065868263472
Q4-2,18,1200,1600,25,0.074850299401197598
Q4-2,18,1600,2000,9,0.026946107784431138
Q4-2,18,2000,2400,5,0.014970059880239521
Q4-2,18,2400,2800,13,0.038922155688622756
Q4-2,18,2800,3200,3,0.0089820359281437123
Q4-2,18,3200,3600,12,0.035928143712574849
Q4-2,18,3600,4000,1,0.0029940119760479044
Q4-2,18,4000,4400,15,0.044910179640718563
Q4-2,18,4400,4800,5,0.014970059880239521
Q4-2,18,4800,5200,11,0.032934131736526949
Q4-2,18,5200,5600,7,0.020958083832335328
Q4-2,18,5600,6000,7,0.020958083832335328
Q4-2,18,6000,6400,0,0
Q4-2,18,6400,6800,5,0.014970059880239521
Q4-2,18,6800,7200,13,0.038922155688622756
Q4-2,18,7200,7600,4,0.011976047904191617
Q4-2,18,7600,8000,24,0.071856287425149698
Q4-2,18,8000,8400,1,0.0029940119760479044
Q4-2,18,8400,8800,37,0.11077844311377245
Q4-2,18,8800,9200,6,0.017964071856287425
Q4-2,18,9200,9600,31,0.092814371257485026
Q4-2,18,9600,10000,3,0.0089820359281437123
Q4-2,18,10000,10400,41,0.12275449101796407
Q4-2,18,10400,10800,56,0.16766467065868262
Q4-2,19,1200,1600,24,0.071856287425149698
Q4-2,19,1600,2000,9,0.026946107784431138
Q4-2,19,2000,2400,4,0.011976047904191617
Q4-2,19,2400,2800,13,0.038922155688622756
Q4-2,19,2800,3200,2,0.0059880239520958087
Q4-2,19,3200,3600,11,0.032934131736526949
Q4-2,19,3600,4000,3,0.0089820359281437123
Q4-2,19,4000,4400,15,0.044910179640718563
Q4-2,19,4400,4800,3,0.0089820359281437123
Q4-2,19,4800,5200,11,0.032934131736526949
Q4-2,19,5200,5600,8,0.023952095808383235
Q4-2,19,5600,6000,6,0.017964071856287425
Q4-2,19,6000,6400,2,0.0059880239520958087
Q4-2,19,6400,6800,7,0.020958083832335328
Q4-2,19,6800,7200,11,0.032934131736526949
Q4-2,19,7200,7600,4,0.011976047904191617
Q4-2,19,7600,8000,22,0.065868263473053898
Q4-2,19,8000,8400,1,0.0029940119760479044
Q4-2,19,8400,8800,36,0.10778443113772455
Q4-2,19,8800,9200,6,0.017964071856287425
Q4-2,19,9200,9600,34,0.10179640718562874
Q4-2,19,9600,10000,3,0.0089820359281437123
Q4-2,19,10000,10400,43,0.12874251497005987
Q4-2,19,10400,10800,56,0.16766467065868262
Q4-2,20,1200,1600,20,0.059880239520958084
Q4-2,20,1600,2000,9,0.026946107784431138
Q4-2,20,2000,2400,5,0.014970059880239521
Q4-2,20,2400,2800,8,0.023952095808383235
Q4-2,20,2800,3200,3,0.0089820359281437123
Q4-2,20,3200,3600,16,0.04790419161676647
Q4-2,20,3600,4000,2,0.0059880239520958087
Q4-2,20,4000,4400,11,0.032934131736526949
Q4-2,20,4400,4800,4,0.011976047904191617
Q4-2,20,4800,5200,17,0.05089820359281437
Q4-2,20,5200,5600,3,0.0089820359281437123
Q4-2,20,5600,6000,8,0.023952095808383235
Q4-2,20,6000,6400,3,0.0089820359281437123
Q4-2,20,6400,6800,5,0.014970059880239521
Q4-2,20,6800,7200,12,0.035928143712574849
Q4-2,20,7200,7600,4,0.011976047904191617
Q4-2,20,7600,8000,21,0.062874251497005984
Q4-2,20,8000,8400,3,0.0089820359281437123
Q4-2,20,8400,8800,30,0.089820359281437126
Q4-2,20,8800,9200,5,0.014970059880239521
Q4-2,20,9200,9600,34,0.10179640718562874
Q4-2,20,9600,10000,3,0.0089820359281437123
Q4-2,20,10000,10400,50,0.1497005988023952
Q4-2,20,10400,10800,58,0.17365269461077845
Q4-2,21,1200,1600,19,0.056886227544910177
Q4-2,21,1600,2000,6,0.017964071856287425
Q4-2,21,2000,2400,4,0.011976047904191617
Q4-2,21,2400,2800,9,0.026946107784431138
Q4-2,21,2800,3200,2,0.0059880239520958087
Q4-2,21,3200,3600,11,0.032934131736526949
Q4-2,21,3600,4000,3,0.0089820359281437123
Q4-2,21,4000,4400,15,0.044910179640718563
Q4-2,21,4400,4800,4,0.011976047904191617
Q4-2,21,4800,5200,18,0.053892215568862277
Q4-2,21,5200,5600,5,0.014970059880239521
Q4-2,21,5600,6000,6,0.017964071856287425
Q4-2,21,6000,6400,3,0.0089820359281437123
Q4-2,21,6400,6800,8,0.023952095808383235
Q4-2,21,6800,7200,8,0.023952095808383235
Q4-2,21,7200,7600,3,0.0089820359281437123
Q4-2,21,7600,8000,22,0.065868263473053898
Q4-2,21,8000,8400,4,0.011976047904191617
Q4-2,21,8400,8800,30,0.089820359281437126
Q4-2,21,8800,9200,6,0.017964071856287425
Q4-2,21,9200,9600,32,0.09580838323353294
Q4-2,21,9600,10000,3,0.0089820359281437123
Q4-2,21,10000,10400,52,0.15568862275449102
Q4-2,21,10400,10800,61,0.18263473053892215
Q4-2,22,1200,1600,16,0.04790419161676647
Q4-2,22,1600,2000,7,0.020958083832335328
Q4-2,22,2000,2400,3,0.0089820359281437123
Q4-2,22,2400,2800,8,0.023952095808383235
Q4-2,22,2800,3200,2,0.0059880239520958087
Q4-2,22,3200,3600,9,0.026946107784431138
Q4-2,22,3600,4000,3,0.0089820359281437123
Q4-2,22,4000,4400,10,0.029940119760479042
Q4-2,22,4400,4800,5,0.014970059880239521
Q4-2,22,4800,5200,23,0.068862275449101798
Q4-2,22,5200,5600,7,0.020958083832335328
Q4-2,22,5600,6000,5,0.014970059880239521
Q4-2,22,6000,6400,6,0.017964071856287425
Q4-2,22,6400,6800,8,0.023952095808383235
Q4-2,22,6800,7200,8,0.023952095808383235
Q4-2,22,7200,7600,4,0.011976047904191617
Q4-2,22,7600,8000,17,0.05089820359281437
Q4-2,22,8000,8400,1,0.0029940119760479044
Q4-2,22,8400,8800,32,0.09580838323353294
Q4-2,22,8800,9200,8,0.023952095808383235
Q4-2,22,9200,9600,35,0.10479041916167664
Q4-2,22,9600,10000,3,0.0089820359281437123
Q4-2,22,10000,10400,53,0.15868263473053892
Q4-2,22,10400,10800,61,0.18263473053892215
Q4-2,23,1200,1600,13,0.038922155688622756
Q4-2,23,1600,2000,8,0.023952095808383235
Q4-2,23,2000,2400,3,0.0089820359281437123
Q4-2,23,2400,2800,9,0.026946107784431138
Q4-2,23,2800,3200,2,0.0059880239520958087
Q4-2,23,3200,3600,8,0.023952095808383235
Q4-2,23,3600,4000,3,0.0089820359281437123
Q4-2,23,4000,4400,9,0.026946107784431138
Q4-2,23,4400,4800,3,0.0089820359281437123
Q4-2,23,4800,5200,17,0.05089820359281437
Q4-2,23,5200,5600,9,0.026946107784431138
Q4-2,23,5600,6000,9,0.026946107784431138
Q4-2,23,6000,6400,7,0.020958083832335328
Q4-2,23,6400,6800,9,0.026946107784431138
Q4-2,23,6800,7200,11,0.032934131736526949
Q4-2,23,7200,7600,1,0.0029940119760479044
Q4-2,23,7600,8000,19,0.056886227544910177
Q4-2,23,8000,8400,2,0.0059880239520958087
Q4-2,23,8400,8800,25,0.074850299401197598
Q4-2,23,8800,9200,6,0.017964071856287425
Q4-2,23,9200,9600,39,0.11676646706586827
Q4-2,23,9600,10000,4,0.011976047904191617
Q4-2,23,10000,10400,57,0.17065868263473055
Q4-2,23,10400,10800,61,0.18263473053892215
Q4-2,24,1200,1600,13,0.038922155688622756
Q4-2,24,1600,2000,6,0.017964071856287425
Q4-2,24,2000,2400,3,0.0089820359281437123
Q4-2,24,2400,2800,10,0.029940119760479042
Q4-2,24,2800,3200,2,0.0059880239520958087
Q4-2,24,3200,3600,2,0.0059880239520958087
Q4-2,24,3600,4000,5,0.014970059880239521
Q4-2,24,4000,4400,11,0.032934131736526949
Q4-2,24,4400,4800,3,0.0089820359281437123
Q4-2,24,4800,5200,12,0.035928143712574849
Q4-2,24,5200,5600,11,0.032934131736526949
Q4-2,24,5600,6000,6,0.017964071856287425
Q4-2,24,6000,6400,12,0.035928143712574849
Q4-2,24,6400,6800,9,0.026946107784431138
Q4-2,24,6800,7200,10,0.029940119760479042
Q4-2,24,7200,7600,4,0.011976047904191617
Q4-2,24,7600,8000,18,0.053892215568862277
Q4-2,24,8000,8400,1,0.0029940119760479044
Q4-2,24,8400,8800,23,0.068862275449101798
Q4-2,24,8800,9200,6,0.017964071856287425
Q4-2,24,9200,9600,36,0.10778443113772455
Q4-2,24,9600,10000,3,0.0089820359281437123
Q4-2,24,10000,10400,64,0.19161676646706588
Q4-2,24,10400,10800,64,0.19161676646706588
Q4-2,25,1200,1600,12,0.035928143712574849
Q4-2,25,1600,2000,6,0.017964071856287425
Q4-2,25,2000,2400,5,0.014970059880239521
Q4-2,25,2400,2800,9,0.026946107784431138
Q4-2,25,2800,3200,3,0.0089820359281437123
Q4-2,25,3200,3600,2,0.0059880239520958087
Q4-2,25,3600,4000,5,0.014970059880239521
Q4-2,25,4000,4400,4,0.011976047904191617
Q4-2,25,4400,4800,3,0.0089820359281437123
Q4-2,25,4800,5200,12,0.035928143712574849
Q4-2,25,5200,5600,8,0.023952095808383235
Q4-2,25,5600,6000,8,0.023952095808383235
Q4-2,25,6000,6400,13,0.038922155688622756
Q4-2,25,6400,6800,8,0.023952095808383235
Q4-2,25,6800,7200,16,0.04790419161676647
Q4-2,25,7200,7600,2,0.0059880239520958087
Q4-2,25,7600,8000,18,0.053892215568862277
Q4-2,25,8000,8400,2,0.0059880239520958087
Q4-2,25,8400,8800,23,0.068862275449101798
Q4-2,25,8800,9200,6,0.017964071856287425
Q4-2,25,9200,9600,31,0.092814371257485026
Q4-2,25,9600,10000,3,0.0089820359281437123
Q4-2,25,10000,10400,74,0.22155688622754491
Q4-2,25,10400,10800,61,0.18263473053892215
Q4-2,26,1200,1600,10,0.029940119760479042
Q4-2,26,1600,2000,7,0.020958083832335328
Q4-2,26,2000,2400,8,0.023952095808383235
Q4-2,26,2400,2800,8,0.023952095808383235
Q4-2,26,2800,3200,2,0.0059880239520958087
Q4-2,26,3200,3600,4,0.011976047904191617
Q4-2,26,3600,4000,3,0.0089820359281437123
Q4-2,26,4000,4400,5,0.014970059880239521
Q4-2,26,4400,4800,3,0.0089820359281437123
Q4-2,26,4800,5200,5,0.014970059880239521
Q4-2,26,5200,5600,8,0.023952095808383235
Q4-2,26,5600,6000,5,0.014970059880239521
Q4-2,26,6000,6400,10,0.029940119760479042
Q4-2,26,6400,6800,9,0.026946107784431138
Q4-2,26,6800,7200,18,0.053892215568862277
Q4-2,26,7200,7600,5,0.014970059880239521
Q4-2,26,7600,8000,22,0.065868263473053898
Q4-2,26,8000,8400,1,0.0029940119760479044
Q4-2,26,8400,8800,19,0.056886227544910177
Q4-2,26,8800,9200,8,0.023952095808383235
Q4-2,26,9200,9600,36,0.10778443113772455
Q4-2,26,9600,10000,2,0.0059880239520958087
Q4-2,26,10000,10400,80,0.23952095808383234
Q4-2,26,10400,10800,56,0.16766467065868262
Q4-2,27,1200,1600,9,0.026946107784431138
Q4-2,27,1600,2000,9,0.026946107784431138
Q4-2,27,2000,2400,6,0.017964071856287425
Q4-2,27,2400,2800,7,0.020958083832335328
Q4-2,27,2800,3200,3,0.0089820359281437123
Q4-2,27,3200,3600,5,0.014970059880239521
Q4-2,27,3600,4000,3,0.0089820359281437123
Q4-2,27,4000,4400,5,0.014970059880239521
Q4-2,27,4400,4800,4,0.011976047904191617
Q4-2,27,4800,5200,4,0.011976047904191617
Q4-2,27,5200,5600,1,0.0029940119760479044
Q4-2,27,5600,6000,3,0.0089820359281437123
Q4-2,27,6000,6400,11,0.032934131736526949
Q4-2,27,6400,6800,6,0.017964071856287425
Q4-2,27,6800,7200,17,0.05089820359281437
Q4-2,27,7200,7600,10,0.029940119760479042
Q4-2,27,7600,8000,19,0.056886227544910177
Q4-2,27,8000,8400,1,0.0029940119760479044
Q4-2,27,8400,8800,25,0.074850299401197598
Q4-2,27,8800,9200,7,0.020958083832335328
Q4-2,27,9200,9600,35,0.10479041916167664
Q4-2,27,9600,10000,4,0.011976047904191617
Q4-2,27,10000,10400,88,0.26347305389221559
Q4-2,27,10400,10800,52,0.15568862275449102
Q4-2,28,1200,1600,9,0.026946107784431138
Q4-2,28,1600,2000,8,0.023952095808383235
Q4-2,28,2000,2400,4,0.011976047904191617
Q4-2,28,2400,2800,9,0.026946107784431138
Q4-2,28,2800,3200,3,0.0089820359281437123
Q4-2,28,3200,3600,5,0.014970059880239521
Q4-2,28,3600,4000,4,0.011976047904191617
Q4-2,28,4000,4400,5,0.014970059880239521
Q4-2,28,4400,4800,4,0.011976047904191617
Q4-2,28,4800,5200,4,0.011976047904191617
Q4-2,28,5200,5600,2,0.0059880239520958087
Q4-2,28,5600,6000,2,0.0059880239520958087
Q4-2,28,6000,6400,1,0.0029940119760479044
Q4-2,28,6400,6800,7,0.020958083832335328
Q4-2,28,6800,7200,16,0.04790419161676647
Q4-2,28,7200,7600,5,0.014970059880239521
Q4-2,28,7600,8000,26,0.077844311377245512
Q4-2,28,8000,8400,1,0.0029940119760479044
Q4-2,28,8400,8800,24,0.071856287425149698
Q4-2,28,8800,9200,7,0.020958083832335328
Q4-2,28,9200,9600,41,0.12275449101796407
Q4-2,28,9600,10000,2,0.0059880239520958087
Q4-2,28,10000,10400,94,0.28143712574850299
Q4-2,28,10400,10800,51,0.15269461077844312
Q4-2,29,1200,1600,8,0.023952095808383235
Q4-2,29,1600,2000,8,0.023952095808383235
Q4-2,29,2000,2400,5,0.014970059880239521
Q4-2,29,2400,2800,9,0.026946107784431138
Q4-2,29,2800,3200,2,0.0059880239520958087
Q4-2,29,3200,3600,5,0.014970059880239521
Q4-2,29,3600,4000,4,0.011976047904191617
Q4-2,29,4000,4400,6,0.017964071856287425
Q4-2,29,4400,4800,5,0.014970059880239521
Q4-2,29,4800,5200,3,0.0089820359281437123
Q4-2,29,5200,5600,2,0.0059880239520958087
Q4-2,29,5600,6000,2,0.0059880239520958087
Q4-2,29,6000,6400,2,0.0059880239520958087
Q4-2,29,6400,6800,6,0.017964071856287425
Q4-2,29,6800,7200,0,0
Q4-2,29,7200,7600,4,0.011976047904191617
Q4-2,29,7600,8000,33,0.09880239520958084
Q4-2,29,8000,8400,0,0
Q4-2,29,8400,8800,25,0.074850299401197598
Q4-2,29,8800,9200,6,0.017964071856287425
Q4-2,29,9200,9600,41,0.12275449101796407
Q4-2,29,9600,10000,2,0.0059880239520958087
Q4-2,29,10000,10400,103,0.30838323353293412
Q4-2,29,10400,10800,53,0.15868263473053892
Q4-2,30,1200,1600,3,0.0089820359281437123
Q4-2,30,1600,2000,10,0.029940119760479042
Q4-2,30,2000,2400,5,0.014970059880239521
Q4-2,30,2400,2800,6,0.017964071856287425
Q4-2,30,2800,3200,4,0.011976047904191617
Q4-2,30,3200,3600,9,0.026946107784431138
Q4-2,30,3600,4000,3,0.0089820359281437123
Q4-2,30,4000,4400,7,0.020958083832335328
Q4-2,30,4400,4800,3,0.0089820359281437123
Q4-2,30,4800,5200,3,0.0089820359281437123
Q4-2,30,5200,5600,4,0.011976047904191617
Q4-2,30,5600,6000,2,0.0059880239520958087
Q4-2,30,6000,6400,2,0.0059880239520958087
Q4-2,30,6400,6800,6,0.017964071856287425
Q4-2,30,6800,7200,0,0
Q4-2,30,7200,7600,4,0.011976047904191617
Q4-2,30,7600,8000,3,0.0089820359281437123
Q4-2,30,8000,8400,0,0
Q4-2,30,8400,8800,41,0.12275449101796407
Q4-2,30,8800,9200,5,0.014970059880239521
Q4-2,30,9200,9600,38,0.11377245508982035
Q4-2,30,9600,10000,2,0.0059880239520958087
Q4-2,30,10000,10400,120,0.3592814371257485
Q4-2,30,10400,10800,54,0.16167664670658682
Q4-2,31,1200,1600,2,0.0059880239520958087
Q4-2,31,1600,2000,6,0.017964071856287425
Q4-2,31,2000,2400,5,0.014970059880239521
Q4-2,31,2400,2800,7,0.020958083832335328
Q4-2,31,2800,3200,7,0.020958083832335328
Q4-2,31,3200,3600,8,0.023952095808383235
Q4-2,31,3600,4000,4,0.011976047904191617
Q4-2,31,4000,4400,8,0.023952095808383235
Q4-2,31,4400,4800,3,0.0089820359281437123
Q4-2,31,4800,5200,3,0.0089820359281437123
Q4-2,31,5200,5600,4,0.011976047904191617
Q4-2,31,5600,6000,3,0.0089820359281437123
Q4-2,31,6000,6400,3,0.0089820359281437123
Q4-2,31,6400,6800,4,0.011976047904191617
Q4-2,31,6800,7200,1,0.0029940119760479044
Q4-2,31,7200,7600,3,0.0089820359281437123
Q4-2,31,7600,8000,2,0.0059880239520958087
Q4-2,31,8000,8400,0,0
Q4-2,31,8400,8800,5,0.014970059880239521
Q4-2,31,8800,9200,5,0.014970059880239521
Q4-2,31,9200,9600,74,0.22155688622754491
Q4-2,31,9600,10000,1,0.0029940119760479044
Q4-2,31,10000,10400,124,0.3712574850299401
Q4-2,31,10400,10800,52,0.15568862275449102
Q4-2,32,1200,1600,0,0
Q4-2,32,1600,2000,3,0.0089820359281437123
Q4-2,32,2000,2400,4,0.011976047904191617
Q4-2,32,2400,2800,6,0.017964071856287425
Q4-2,32,2800,3200,7,0.020958083832335328
Q4-2,32,3200,3600,11,0.032934131736526949
Q4-2,32,3600,4000,7,0.020958083832335328
Q4-2,32,4000,4400,7,0.020958083832335328
Q4-2,32,4400,4800,4,0.011976047904191617
Q4-2,32,4800,5200,4,0.011976047904191617
Q4-2,32,5200,5600,6,0.017964071856287425
Q4-2,32,5600,6000,2,0.0059880239520958087
Q4-2,32,6000,6400,4,0.011976047904191617
Q4-2,32,6400,6800,3,0.0089820359281437123
Q4-2,32,6800,7200,0,0
Q4-2,32,7200,7600,3,0.0089820359281437123
Q4-2,32,7600,8000,2,0.0059880239520958087
Q4-2,32,8000,8400,0,0
Q4-2,32,8400,8800,3,0.0089820359281437123
Q4-2,32,8800,9200,4,0.011976047904191617
Q4-2,32,9200,9600,4,0.011976047904191617
Q4-2,32,9600,10000,4,0.011976047904191617
Q4-2,32,10000,10400,196,0.58682634730538918
Q4-2,32,10400,10800,50,0.1497005988023952
Q4-2,33,1200,1600,0,0
Q4-2,33,1600,2000,0,0
Q4-2,33,2000,2400,0,0
Q4-2,33,2400,2800,3,0.0089820359281437123
Q4-2,33,2800,3200,4,0.011976047904191617
Q4-2,33,3200,3600,9,0.026946107784431138
Q4-2,33,3600,4000,9,0.026946107784431138
Q4-2,33,4000,4400,9,0.026946107784431138
Q4-2,33,4400,4800,8,0.023952095808383235
Q4-2,33,4800,5200,4,0.011976047904191617
Q4-2,33,5200,5600,8,0.023952095808383235
Q4-2,33,5600,6000,2,0.0059880239520958087
Q4-2,33,6000,6400,5,0.014970059880239521
Q4-2,33,6400,6800,3,0.0089820359281437123
Q4-2,33,6800,7200,2,0.0059880239520958087
Q4-2,33,7200,7600,4,0.011976047904191617
Q4-2,33,7600,8000,1,0.0029940119760479044
Q4-2,33,8000,8400,1,0.0029940119760479044
Q4-2,33,8400,8800,3,0.0089820359281437123
Q4-2,33,8800,9200,2,0.0059880239520958087
Q4-2,33,9200,9600,4,0.011976047904191617
Q4-2,33,9600,10000,1,0.0029940119760479044
Q4-2,33,10000,10400,3,0.0089820359281437123
Q4-2,33,10400,10800,249,0.74550898203592819
Q4-2,34,1200,1600,0,0
Q4-2,34,1600,2000,0,0
Q4-2,34,2000,2400,3,0.0089820359281437123
Q4-2,34,2400,2800,2,0.0059880239520958087
Q4-2,34,2800,3200,9,0.026946107784431138
Q4-2,34,3200,3600,9,0.026946107784431138
Q4-2,34,3600,4000,11,0.032934131736526949
Q4-2,34,4000,4400,7,0.020958083832335328
Q4-2,34,4400,4800,6,0.017964071856287425
Q4-2,34,4800,5200,9,0.026946107784431138
Q4-2,34,5200,5600,2,0.0059880239520958087
Q4-2,34,5600,6000,6,0.017964071856287425
Q4-2,34,6000,6400,0,0
Q4-2,34,6400,6800,3,0.0089820359281437123
Q4-2,34,6800,7200,3,0.0089820359281437123
Q4-2,34,7200,7600,2,0.0059880239520958087
Q4-2,34,7600,8000,0,0
Q4-2,34,8000,8400,5,0.014970059880239521
Q4-2,34,8400,8800,2,0.0059880239520958087
Q4-2,34,8800,9200,2,0.0059880239520958087
Q4-2,34,9200,9600,1,0.0029940119760479044
Q4-2,34,9600,10000,3,0.0089820359281437123
Q4-2,34,10000,10400,15,0.044910179640718563
Q4-2,34,10400,10800,234,0.70059880239520955
Q4-2,35,1200,1600,0,0
Q4-2,35,1600,2000,3,0.0089820359281437123
Q4-2,35,2000,2400,2,0.0059880239520958087
Q4-2,35,2400,2800,9,0.026946107784431138
Q4-2,35,2800,3200,12,0.035928143712574849
Q4-2,35,3200,3600,9,0.026946107784431138
Q4-2,35,3600,4000,9,0.026946107784431138
Q4-2,35,4000,4400,5,0.014970059880239521
Q4-2,35,4400,4800,6,0.017964071856287425
Q4-2,35,4800,5200,6,0.017964071856287425
Q4-2,35,5200,5600,3,0.0089820359281437123
Q4-2,35,5600,6000,1,0.0029940119760479044
Q4-2,35,6000,6400,5,0.014970059880239521
Q4-2,35,6400,6800,1,0.0029940119760479044
Q4-2,35,6800,7200,1,0.0029940119760479044
Q4-2,35,7200,7600,1,0.0029940119760479044
Q4-2,35,7600,8000,4,0.011976047904191617
Q4-2,35,8000,8400,3,0.0089820359281437123
Q4-2,35,8400,8800,2,0.0059880239520958087
Q4-2,35,8800,9200,3,0.0089820359281437123
Q4-2,35,9200,9600,10,0.029940119760479042
Q4-2,35,9600,10000,123,0.36826347305389223
Q4-2,35,10000,10400,52,0.15568862275449102
Q4-2,35,10400,10800,64,0.19161676646706588
Q4-2,36,1200,1600,1,0.0029940119760479044
Q4-2,36,1600,2000,4,0.011976047904191617
Q4-2,36,2000,2400,9,0.026946107784431138
Q4-2,36,2400,2800,12,0.035928143712574849
Q4-2,36,2800,3200,9,0.026946107784431138
Q4-2,36,3200,3600,12,0.035928143712574849
Q4-2,36,3600,4000,4,0.011976047904191617
Q4-2,36,4000,4400,4,0.011976047904191617
Q4-2,36,4400,4800,6,0.017964071856287425
Q4-2,36,4800,5200,3,0.0089820359281437123
Q4-2,36,5200,5600,3,0.0089820359281437123
Q4-2,36,5600,6000,3,0.0089820359281437123
Q4-2,36,6000,6400,2,0.0059880239520958087
Q4-2,36,6400,6800,0,0
Q4-2,36,6800,7200,5,0.014970059880239521
Q4-2,36,7200,7600,2,0.0059880239520958087
Q4-2,36,7600,8000,2,0.0059880239520958087
Q4-2,36,8000,8400,3,0.0089820359281437123
Q4-2,36,8400,8800,13,0.038922155688622756
Q4-2,36,8800,9200,115,0.34431137724550898
Q4-2,36,9200,9600,57,0.17065868263473055
Q4-2,36,9600,10000,28,0.083832335329341312
Q4-2,36,10000,10400,11,0.032934131736526949
Q4-2,36,10400,10800,26,0.077844311377245512
Q4-2,37,1200,1600,3,0.0089820359281437123
Q4-2,37,1600,2000,5,0.014970059880239521
Q4-2,37,2000,2400,16,0.04790419161676647
Q4-2,37,2400,2800,11,0.032934131736526949
Q4-2,37,2800,3200,12,0.035928143712574849
Q4-2,37,3200,3600,5,0.014970059880239521
Q4-2,37,3600,4000,5,0.014970059880239521
Q4-2,37,4000,4400,7,0.020958083832335328
Q4-2,37,4400,4800,1,0.0029940119760479044
Q4-2,37,4800,5200,3,0.0089820359281437123
Q4-2,37,5200,5600,3,0.0089820359281437123
Q4-2,37,5600,6000,1,0.0029940119760479044
Q4-2,37,6000,6400,0,0
Q4-2,37,6400,6800,5,0.014970059880239521
Q4-2,37,6800,7200,3,0.0089820359281437123
Q4-2,37,7200,7600,3,0.0089820359281437123
Q4-2,37,7600,8000,12,0.035928143712574849
Q4-2,37,8000,8400,92,0.27544910179640719
Q4-2,37,8400,8800,53,0.15868263473053892
Q4-2,37,8800,9200,31,0.092814371257485026
Q4-2,37,9200,9600,12,0.035928143712574849
Q4-2,37,9600,10000,16,0.04790419161676647
Q4-2,37,10000,10400,9,0.026946107784431138
Q4-2,37,10400,10800,26,0.077844311377245512
Q4-2,38,1200,1600,6,0.017964071856287425
Q4-2,38,1600,2000,12,0.035928143712574849
Q4-2,38,2000,2400,16,0.04790419161676647
Q4-2,38,2400,2800,12,0.035928143712574849
Q4-2,38,2800,3200,7,0.020958083832335328
Q4-2,38,3200,3600,5,0.014970059880239521
Q4-2,38,3600,4000,5,0.014970059880239521
Q4-2,38,4000,4400,2,0.0059880239520958087
Q4-2,38,4400,4800,5,0.014970059880239521
Q4-2,38,4800,5200,1,0.0029940119760479044
Q4-2,38,5200,5600,1,0.0029940119760479044
Q4-2,38,5600,6000,4,0.011976047904191617
Q4-2,38,6000,6400,2,0.0059880239520958087
Q4-2,38,6400,6800,4,0.011976047904191617
Q4-2,38,6800,7200,19,0.056886227544910177
Q4-2,38,7200,7600,67,0.20059880239520958
Q4-2,38,7600,8000,47,0.1407185628742515
Q4-2,38,8000,8400,43,0.12874251497005987
Q4-2,38,8400,8800,15,0.044910179640718563
Q4-2,38,8800,9200,10,0.029940119760479042
Q4-2,38,9200,9600,6,0.017964071856287425
Q4-2,38,9600,10000,15,0.044910179640718563
Q4-2,38,10000,10400,8,0.023952095808383235
Q4-2,38,10400,10800,22,0.065868263473053898
Q4-2,39,1200,1600,7,0.020958083832335328
Q4-2,39,1600,2000,23,0.068862275449101798
Q4-2,39,2000,2400,13,0.038922155688622756
Q4-2,39,2400,2800,10,0.029940119760479042
Q4-2,39,2800,3200,6,0.017964071856287425
Q4-2,39,3200,3600,4,0.011976047904191617
Q4-2,39,3600,4000,4,0.011976047904191617
Q4-2,39,4000,4400,4,0.011976047904191617
Q4-2,39,4400,4800,1,0.0029940119760479044
Q4-2,39,4800,5200,0,0
Q4-2,39,5200,5600,5,0.014970059880239521
Q4-2,39,5600,6000,3,0.0089820359281437123
Q4-2,39,6000,6400,13,0.038922155688622756
Q4-2,39,6400,6800,52,0.15568862275449102
Q4-2,39,6800,7200,53,0.15868263473053892
Q4-2,39,7200,7600,31,0.092814371257485026
Q4-2,39,7600,8000,29,0.086826347305389226
Q4-2,39,8000,8400,18,0.053892215568862277
Q4-2,39,8400,8800,9,0.026946107784431138
Q4-2,39,8800,9200,4,0.011976047904191617
Q4-2,39,9200,9600,1,0.0029940119760479044
Q4-2,39,9600,10000,14,0.041916167664670656
Q4-2,39,10000,10400,8,0.023952095808383235
Q4-2,39,10400,10800,22,0.065868263473053898
Q4-2,40,1200,1600,16,0.04790419161676647
Q4-2,40,1600,2000,23,0.068862275449101798
Q4-2,40,2000,2400,13,0.038922155688622756
Q4-2,40,2400,2800,7,0.020958083832335328
Q4-2,40,2800,3200,3,0.0089820359281437123
Q4-2,40,3200,3600,5,0.014970059880239521
Q4-2,40,3600,4000,4,0.011976047904191617
Q4-2,40,4000,4400,1,0.0029940119760479044
Q4-2,40,4400,4800,2,0.0059880239520958087
Q4-2,40,4800,5200,3,0.0089820359281437123
Q4-2,40,5200,5600,9,0.026946107784431138
Q4-2,40,5600,6000,28,0.083832335329341312
Q4-2,40,6000,6400,42,0.12574850299401197
Q4-2,40,6400,6800,40,0.11976047904191617
Q4-2,40,6800,7200,30,0.089820359281437126
Q4-2,40,7200,7600,27,0.080838323353293412
Q4-2,40,7600,8000,13,0.038922155688622756
Q4-2,40,8000,8400,15,0.044910179640718563
Q4-2,40,8400,8800,5,0.014970059880239521
Q4-2,40,8800,9200,3,0.0089820359281437123
Q4-2,40,9200,9600,1,0.0029940119760479044
Q4-2,40,9600,10000,14,0.041916167664670656
Q4-2,40,10000,10400,8,0.023952095808383235
Q4-2,40,10400,10800,22,0.065868263473053898
Q4-2,41,1200,1600,30,0.089820359281437126
Q4-2,41,1600,2000,19,0.056886227544910177
Q4-2,41,2000,2400,10,0.029940119760479042
Q4-2,41,2400,2800,3,0.0089820359281437123
Q4-2,41,2800,3200,6,0.017964071856287425
Q4-2,41,3200,3600,2,0.0059880239520958087
Q4-2,41,3600,4000,2,0.0059880239520958087
Q4-2,41,4000,4400,4,0.011976047904191617
Q4-2,41,4400,4800,2,0.0059880239520958087
Q4-2,41,4800,5200,11,0.032934131736526949
Q4-2,41,5200,5600,27,0.080838323353293412
Q4-2,41,5600,6000,43,0.12874251497005987
Q4-2,41,6000,6400,32,0.09580838323353294
Q4-2,41,6400,6800,27,0.080838323353293412
Q4-2,41,6800,7200,24,0.071856287425149698
Q4-2,41,7200,7600,15,0.044910179640718563
Q4-2,41,7600,8000,13,0.038922155688622756
Q4-2,41,8000,8400,11,0.032934131736526949
Q4-2,41,8400,8800,5,0.014970059880239521
Q4-2,41,8800,9200,4,0.011976047904191617
Q4-2,41,9200,9600,1,0.0029940119760479044
Q4-2,41,9600,10000,13,0.038922155688622756
Q4-2,41,10000,10400,8,0.023952095808383235
Q4-2,41,10400,10800,22,0.065868263473053898
Q4-2,42,1200,1600,43,0.12874251497005987
Q4-2,42,1600,2000,16,0.04790419161676647
Q4-2,42,2000,2400,3,0.0089820359281437123
Q4-2,42,2400,2800,5,0.014970059880239521
Q4-2,42,2800,3200,4,0.011976047904191617
Q4-2,42,3200,3600,1,0.0029940119760479044
Q4-2,42,3600,4000,5,0.014970059880239521
Q4-2,42,4000,4400,2,0.0059880239520958087
Q4-2,42,4400,4800,10,0.029940119760479042
Q4-2,42,4800,5200,18,0.053892215568862277
Q4-2,42,5200,5600,38,0.11377245508982035
Q4-2,42,5600,6000,31,0.092814371257485026
Q4-2,42,6000,6400,29,0.086826347305389226
Q4-2,42,6400,6800,24,0.071856287425149698
Q4-2,42,6800,7200,16,0.04790419161676647
Q4-2,42,7200,7600,16,0.04790419161676647
Q4-2,42,7600,8000,10,0.029940119760479042
Q4-2,42,8000,8400,10,0.029940119760479042
Q4-2,42,8400,8800,5,0.014970059880239521
Q4-2,42,8800,9200,4,0.011976047904191617
Q4-2,42,9200,9600,1,0.0029940119760479044
Q4-2,42,9600,10000,13,0.038922155688622756
Q4-2,42,10000,10400,8,0.023952095808383235
Q4-2,42,10400,10800,22,0.065868263473053898
Q4-2,43,1200,1600,53,0.15868263473053892
Q4-2,43,1600,2000,8,0.023952095808383235
Q4-2,43,2000,2400,6,0.017964071856287425
Q4-2,43,2400,2800,4,0.011976047904191617
Q4-2,43,2800,3200,1,0.0029940119760479044
Q4-2,43,3200,3600,6,0.017964071856287425
Q4-2,43,3600,4000,2,0.0059880239520958087
Q4-2,43,4000,4400,8,0.023952095808383235
Q4-2,43,4400,4800,12,0.035928143712574849
Q4-2,43,4800,5200,30,0.089820359281437126
Q4-2,43,5200,5600,29,0.086826347305389226
Q4-2,43,5600,6000,31,0.092814371257485026
Q4-2,43,6000,6400,26,0.077844311377245512
Q4-2,43,6400,6800,15,0.044910179640718563
Q4-2,43,6800,7200,16,0.04790419161676647
Q4-2,43,7200,7600,14,0.041916167664670656
Q4-2,43,7600,8000,10,0.029940119760479042
Q4-2,43,8000,8400,10,0.029940119760479042
Q4-2,43,8400,8800,5,0.014970059880239521
Q4-2,43,8800,9200,4,0.011976047904191617
Q4-2,43,9200,9600,1,0.0029940119760479044
Q4-2,43,9600,10000,13,0.038922155688622756
Q4-2,43,10000,10400,8,0.023952095808383235
Q4-2,43,10400,10800,22,0.065868263473053898
Q4-2,44,1200,1600,60,0.17964071856287425
Q4-2,44,1600,2000,6,0.017964071856287425
Q4-2,44,2000,2400,3,0.0089820359281437123
Q4-2,44,2400,2800,3,0.0089820359281437123
Q4-2,44,2800,3200,5,0.014970059880239521
Q4-2,44,3200,3600,3,0.0089820359281437123
Q4-2,44,3600,4000,5,0.014970059880239521
Q4-2,44,4000,4400,9,0.026946107784431138
Q4-2,44,4400,4800,22,0.065868263473053898
Q4-2,44,4800,5200,29,0.086826347305389226
Q4-2,44,5200,5600,28,0.083832335329341312
Q4-2,44,5600,6000,25,0.074850299401197598
Q4-2,44,6000,6400,19,0.056886227544910177
Q4-2,44,6400,6800,14,0.041916167664670656
Q4-2,44,6800,7200,16,0.04790419161676647
Q4-2,44,7200,7600,14,0.041916167664670656
Q4-2,44,7600,8000,10,0.029940119760479042
Q4-2,44,8000,8400,10,0.029940119760479042
Q4-2,44,8400,8800,5,0.014970059880239521
Q4-2,44,8800,9200,4,0.011976047904191617
Q4-2,44,9200,9600,1,0.0029940119760479044
Q4-2,44,9600,10000,11,0.032934131736526949
Q4-2,44,10000,10400,10,0.029940119760479042
Q4-2,44,10400,10800,22,0.065868263473053898
Q4-2,45,1200,1600,63,0.18862275449101795
Q4-2,45,1600,2000,6,0.017964071856287425
Q4-2,45,2000,2400,2,0.0059880239520958087
Q4-2,45,2400,2800,6,0.017964071856287425
Q4-2,45,2800,3200,1,0.0029940119760479044
Q4-2,45,3200,3600,5,0.014970059880239521
Q4-2,45,3600,4000,4,0.011976047904191617
Q4-2,45,4000,4400,17,0.05089820359281437
Q4-2,45,4400,4800,17,0.05089820359281437
Q4-2,45,4800,5200,22,0.065868263473053898
Q4-2,45,5200,5600,19,0.056886227544910177
Q4-2,45,5600,6000,26,0.077844311377245512
Q4-2,45,6000,6400,14,0.041916167664670656
Q4-2,45,6400,6800,11,0.032934131736526949
Q4-2,45,6800,7200,17,0.05089820359281437
Q4-2,45,7200,7600,14,0.041916167664670656
Q4-2,45,7600,8000,15,0.044910179640718563
Q4-2,45,8000,8400,11,0.032934131736526949
Q4-2,45,8400,8800,5,0.014970059880239521
Q4-2,45,8800,9200,9,0.026946107784431138
Q4-2,45,9200,9600,5,0.014970059880239521
Q4-2,45,9600,10000,10,0.029940119760479042
Q4-2,45,10000,10400,1,0.0029940119760479044
Q4-2,45,10400,10800,34,0.10179640718562874
Q4-2,46,1200,1600,66,0.19760479041916168
Q4-2,46,1600,2000,5,0.014970059880239521
Q4-2,46,2000,2400,5,0.014970059880239521
Q4-2,46,2400,2800,2,0.0059880239520958087
Q4-2,46,2800,3200,2,0.0059880239520958087
Q4-2,46,3200,3600,6,0.017964071856287425
Q4-2,46,3600,4000,14,0.041916167664670656
Q4-2,46,4000,4400,17,0.05089820359281437
Q4-2,46,4400,4800,22,0.065868263473053898
Q4-2,46,4800,5200,23,0.068862275449101798
Q4-2,46,5200,5600,21,0.062874251497005984
Q4-2,46,5600,6000,17,0.05089820359281437
Q4-2,46,6000,6400,10,0.029940119760479042
Q4-2,46,6400,6800,15,0.044910179640718563
Q4-2,46,6800,7200,14,0.041916167664670656
Q4-2,46,7200,7600,10,0.029940119760479042
Q4-2,46,7600,8000,14,0.041916167664670656
Q4-2,46,8000,8400,11,0.032934131736526949
Q4-2,46,8400,8800,4,0.011976047904191617
Q4-2,46,8800,9200,7,0.020958083832335328
Q4-2,46,9200,9600,7,0.020958083832335328
Q4-2,46,9600,10000,8,0.023952095808383235
Q4-2,46,10000,10400,2,0.0059880239520958087
Q4-2,46,10400,10800,32,0.09580838323353294
Q4-2,47,1200,1600,70,0.20958083832335328
Q4-2,47,1600,2000,4,0.011976047904191617
Q4-2,47,2000,2400,3,0.0089820359281437123
Q4-2,47,2400,2800,2,0.0059880239520958087
Q4-2,47,2800,3200,7,0.020958083832335328
Q4-2,47,3200,3600,15,0.044910179640718563
Q4-2,47,3600,4000,24,0.071856287425149698
Q4-2,47,4000,4400,21,0.062874251497005984
Q4-2,47,4400,4800,25,0.074850299401197598
Q4-2,47,4800,5200,20,0.059880239520958084
Q4-2,47,5200,5600,13,0.038922155688622756
Q4-2,47,5600,6000,14,0.041916167664670656
Q4-2,47,6000,6400,14,0.041916167664670656
Q4-2,47,6400,6800,14,0.041916167664670656
Q4-2,47,6800,7200,15,0.044910179640718563
Q4-2,47,7200,7600,11,0.032934131736526949
Q4-2,47,7600,8000,6,0.017964071856287425
Q4-2,47,8000,8400,10,0.029940119760479042
Q4-2,47,8400,8800,7,0.020958083832335328
Q4-2,47,8800,9200,5,0.014970059880239521
Q4-2,47,9200,9600,1,0.0029940119760479044
Q4-2,47,9600,10000,33,0.09880239520958084
Q4-2,47,10000,10400,0,0
Q4-2,47,10400,10800,0,0
Q4-2,48,1200,1600,70,0.20958083832335328
Q4-2,48,1600,2000,6,0.017964071856287425
Q4-2,48,2000,2400,3,0.0089820359281437123
Q4-2,48,2400,2800,10,0.029940119760479042
Q4-2,48,2800,3200,13,0.038922155688622756
Q4-2,48,3200,3600,27,0.080838323353293412
Q4-2,48,3600,4000,23,0.068862275449101798
Q4-2,48,4000,4400,26,0.077844311377245512
Q4-2,48,4400,4800,16,0.04790419161676647
Q4-2,48,4800,5200,15,0.044910179640718563
Q4-2,48,5200,5600,16,0.04790419161676647
Q4-2,48,5600,6000,16,0.04790419161676647
Q4-2,48,6000,6400,17,0.05089820359281437
Q4-2,48,6400,6800,9,0.026946107784431138
Q4-2,48,6800,7200,11,0.032934131736526949
Q4-2,48,7200,7600,9,0.026946107784431138
Q4-2,48,7600,8000,9,0.026946107784431138
Q4-2,48,8000,8400,4,0.011976047904191617
Q4-2,48,8400,8800,2,0.0059880239520958087
Q4-2,48,8800,9200,32,0.09580838323353294
Q4-2,48,9200,9600,0,0
Q4-2,48,9600,10000,0,0
Q4-2,48,10000,10400,0,0
Q4-2,48,10400,10800,0,0
Q4-2,49,1200,1600,69,0.20658682634730538
Q4-2,49,1600,2000,9,0.026946107784431138
Q4-2,49,2000,2400,10,0.029940119760479042
Q4-2,49,2400,2800,12,0.035928143712574849
Q4-2,49,2800,3200,24,0.071856287425149698
Q4-2,49,3200,3600,29,0.086826347305389226
Q4-2,49,3600,4000,26,0.077844311377245512
Q4-2,49,4000,4400,18,0.053892215568862277
Q4-2,49,4400,4800,16,0.04790419161676647
Q4-2,49,4800,5200,16,0.04790419161676647
Q4-2,49,5200,5600,23,0.068862275449101798
Q4-2,49,5600,6000,14,0.041916167664670656
Q4-2,49,6000,6400,6,0.017964071856287425
Q4-2,49,6400,6800,12,0.035928143712574849
Q4-2,49,6800,7200,11,0.032934131736526949
Q4-2,49,7200,7600,4,0.011976047904191617
Q4-2,49,7600,8000,2,0.0059880239520958087
Q4-2,49,8000,8400,32,0.09580838323353294
Q4-2,49,8400,8800,1,0.0029940119760479044
Q4-2,49,8800,9200,0,0
Q4-2,49,9200,9600,0,0
Q4-2,49,9600,10000,0,0
Q4-2,49,10000,10400,0,0
Q4-2,49,10400,10800,0,0
Q4-2,50,1200,1600,68,0.20359281437125748
Q4-2,50,1600,2000,17,0.05089820359281437
Q4-2,50,2000,2400,12,0.035928143712574849
Q4-2,50,2400,2800,24,0.071856287425149698
Q4-2,50,2800,3200,28,0.083832335329341312
Q4-2,50,3200,3600,29,0.086826347305389226
Q4-2,50,3600,4000,17,0.05089820359281437
Q4-2,50,4000,4400,18,0.053892215568862277
Q4-2,50,4400,4800,21,0.062874251497005984
Q4-2,50,4800,5200,27,0.080838323353293412
Q4-2,50,5200,5600,7,0.020958083832335328
Q4-2,50,5600,6000,13,0.038922155688622756
Q4-2,50,6000,6400,10,0.029940119760479042
Q4-2,50,6400,6800,7,0.020958083832335328
Q4-2,50,6800,7200,24,0.071856287425149698
Q4-2,50,7200,7600,10,0.029940119760479042
Q4-2,50,7600,8000,1,0.0029940119760479044
Q4-2,50,8000,8400,1,0.0029940119760479044
Q4-2,50,8400,8800,0,0
Q4-2,50,8800,9200,0,0
Q4-2,50,9200,9600,0,0
Q4-2,50,9600,10000,0,0
Q4-2,50,10000,10400,0,0
Q4-2,50,10400,10800,0,0
Q4-2,51,1200,1600,65,0.19461077844311378
Q4-2,51,1600,2000,23,0.068862275449101798
Q4-2,51,2000,2400,26,0.077844311377245512
Q4-2,51,2400,2800,28,0.083832335329341312
Q4-2,51,2800,3200,33,0.09880239520958084
Q4-2,51,3200,3600,20,0.059880239520958084
Q4-2,51,3600,4000,17,0.05089820359281437
Q4-2,51,4000,4400,33,0.09880239520958084
Q4-2,51,4400,4800,15,0.044910179640718563
Q4-2,51,4800,5200,10,0.029940119760479042
Q4-2,51,5200,5600,15,0.044910179640718563
Q4-2,51,5600,6000,12,0.035928143712574849
Q4-2,51,6000,6400,24,0.071856287425149698
Q4-2,51,6400,6800,10,0.029940119760479042
Q4-2,51,6800,7200,2,0.0059880239520958087
Q4-2,51,7200,7600,1,0.0029940119760479044
Q4-2,51,7600,8000,0,0
Q4-2,51,8000,8400,0,0
Q4-2,51,8400,8800,0,0
Q4-2,51,8800,9200,0,0
Q4-2,51,9200,9600,0,0
Q4-2,51,9600,10000,0,0
Q4-2,51,10000,10400,0,0
Q4-2,51,10400,10800,0,0
Q4-2,52,1200,1600,71,0.21257485029940121
Q4-2,52,1600,2000,28,0.083832335329341312
Q4-2,52,2000,2400,35,0.10479041916167664
Q4-2,52,2400,2800,33,0.09880239520958084
Q4-2,52,2800,3200,29,0.086826347305389226
Q4-2,52,3200,3600,19,0.056886227544910177
Q4-2,52,3600,4000,27,0.080838323353293412
Q4-2,52,4000,4400,18,0.053892215568862277
Q4-2,52,4400,4800,16,0.04790419161676647
Q4-2,52,4800,5200,14,0.041916167664670656
Q4-2,52,5200,5600,23,0.068862275449101798
Q4-2,52,5600,6000,14,0.041916167664670656
Q4-2,52,6000,6400,5,0.014970059880239521
Q4-2,52,6400,6800,1,0.0029940119760479044
Q4-2,52,6800,7200,1,0.0029940119760479044
Q4-2,52,7200,7600,0,0
Q4-2,52,7600,8000,0,0
Q4-2,52,8000,8400,0,0
Q4-2,52,8400,8800,0,0
Q4-2,52,8800,9200,0,0
Q4-2,52,9200,9600,0,0
Q4-2,52,9600,10000,0,0
Q4-2,52,10000,10400,0,0
Q4-2,52,10400,10800,0,0
Q4-2,53,1200,1600,81,0.24251497005988024
Q4-2,53,1600,2000,36,0.10778443113772455
Q4-2,53,2000,2400,33,0.09880239520958084
Q4-2,53,2400,2800,39,0.11676646706586827
Q4-2,53,2800,3200,23,0.068862275449101798
Q4-2,53,3200,3600,28,0.083832335329341312
Q4-2,53,3600,4000,20,0.059880239520958084
Q4-2,53,4000,4400,16,0.04790419161676647
Q4-2,53,4400,4800,27,0.080838323353293412
Q4-2,53,4800,5200,21,0.062874251497005984
Q4-2,53,5200,5600,6,0.017964071856287425
Q4-2,53,5600,6000,2,0.0059880239520958087
Q4-2,53,6000,6400,1,0.0029940119760479044
Q4-2,53,6400,6800,1,0.0029940119760479044
Q4-2,53,6800,7200,0,0
Q4-2,53,7200,7600,0,0
Q4-2,53,7600,8000,0,0
Q4-2,53,8000,8400,0,0
Q4-2,53,8400,8800,0,0
Q4-2,53,8800,9200,0,0
Q4-2,53,9200,9600,0,0
Q4-2,53,9600,10000,0,0
Q4-2,53,10000,10400,0,0
Q4-2,53,10400,10800,0,0
Q4-2,54,1200,1600,88,0.26347305389221559
Q4-2,54,1600,2000,37,0.11077844311377245
Q4-2,54,2000,2400,40,0.11976047904191617
Q4-2,54,2400,2800,40,0.11976047904191617
Q4-2,54,2800,3200,28,0.083832335329341312
Q4-2,54,3200,3600,20,0.059880239520958084
Q4-2,54,3600,4000,26,0.077844311377245512
Q4-2,54,4000,4400,28,0.083832335329341312
Q4-2,54,4400,4800,20,0.059880239520958084
Q4-2,54,4800,5200,4,0.011976047904191617
Q4-2,54,5200,5600,1,0.0029940119760479044
Q4-2,54,5600,6000,1,0.0029940119760479044
Q4-2,54,6000,6400,1,0.0029940119760479044
Q4-2,54,6400,6800,0,0
Q4-2,54,6800,7200,0,0
Q4-2,54,7200,7600,0,0
Q4-2,54,7600,8000,0,0
Q4-2,54,8000,8400,0,0
Q4-2,54,8400,8800,0,0
Q4-2,54,8800,9200,0,0
Q4-2,54,9200,9600,0,0
Q4-2,54,9600,10000,0,0
Q4-2,54,10000,10400,0,0
Q4-2,54,10400,10800,0,0
Q4-2,55,1200,1600,95,0.28443113772455092
Q4-2,55,1600,2000,47,0.1407185628742515
Q4-2,55,2000,2400,39,0.11676646706586827
Q4-2,55,2400,2800,39,0.11676646706586827
Q4-2,55,2800,3200,26,0.077844311377245512
Q4-2,55,3200,3600,29,0.086826347305389226
Q4-2,55,3600,4000,33,0.09880239520958084
Q4-2,55,4000,4400,12,0.035928143712574849
Q4-2,55,4400,4800,10,0.029940119760479042
Q4-2,55,4800,5200,0,0
Q4-2,55,5200,5600,3,0.0089820359281437123
Q4-2,55,5600,6000,1,0.0029940119760479044
Q4-2,55,6000,6400,0,0
Q4-2,55,6400,6800,0,0
Q4-2,55,6800,7200,0,0
Q4-2,55,7200,7600,0,0
Q4-2,55,7600,8000,0,0
Q4-2,55,8000,8400,0,0
Q4-2,55,8400,8800,0,0
Q4-2,55,8800,9200,0,0
Q4-2,55,9200,9600,0,0
Q4-2,55,9600,10000,0,0
Q4-2,55,10000,10400,0,0
Q4-2,55,10400,10800,0,0
Q4-2,56,1200,1600,105,0.31437125748502992
Q4-2,56,1600,2000,44,0.1317365269461078
Q4-2,56,2000,2400,45,0.1347305389221557
Q4-2,56,2400,2800,37,0.11077844311377245
Q4-2,56,2800,3200,26,0.077844311377245512
Q4-2,56,3200,3600,34,0.10179640718562874
Q4-2,56,3600,4000,23,0.068862275449101798
Q4-2,56,4000,4400,9,0.026946107784431138
Q4-2,56,4400,4800,7,0.020958083832335328
Q4-2,56,4800,5200,2,0.0059880239520958087
Q4-2,56,5200,5600,2,0.0059880239520958087
Q4-2,56,5600,6000,0,0
Q4-2,56,6000,6400,0,0
Q4-2,56,6400,6800,0,0
Q4-2,56,6800,7200,0,0
Q4-2,56,7200,7600,0,0
Q4-2,56,7600,8000,0,0
Q4-2,56,8000,8400,0,0
Q4-2,56,8400,8800,0,0
Q4-2,56,8800,9200,0,0
Q4-2,56,9200,9600,0,0
Q4-2,56,9600,10000,0,0
Q4-2,56,10000,10400,0,0
Q4-2,56,10400,10800,0,0
Q4-2,57,1200,1600,114,0.3413173652694611
Q4-2,57,1600,2000,46,0.1377245508982036
Q4-2,57,2000,2400,41,0.12275449101796407
Q4-2,57,2400,2800,43,0.12874251497005987
Q4-2,57,2800,3200,20,0.059880239520958084
Q4-2,57,3200,3600,29,0.086826347305389226
Q4-2,57,3600,4000,24,0.071856287425149698
Q4-2,57,4000,4400,5,0.014970059880239521
Q4-2,57,4400,4800,9,0.026946107784431138
Q4-2,57,4800,5200,2,0.0059880239520958087
Q4-2,57,5200,5600,0,0
Q4-2,57,5600,6000,1,0.0029940119760479044
Q4-2,57,6000,6400,0,0
Q4-2,57,6400,6800,0,0
Q4-2,57,6800,7200,0,0
Q4-2,57,7200,7600,0,0
Q4-2,57,7600,8000,0,0
Q4-2,57,8000,8400,0,0
Q4-2,57,8400,8800,0,0
Q4-2,57,8800,9200,0,0
Q4-2,57,9200,9600,0,0
Q4-2,57,9600,10000,0,0
Q4-2,57,10000,10400,0,0
Q4-2,57,10400,10800,0,0
Q4-2,58,1200,1600,114,0.3413173652694611
Q4-2,58,1600,2000,53,0.15868263473053892
Q4-2,58,2000,2400,44,0.1317365269461078
Q4-2,58,2400,2800,34,0.10179640718562874
Q4-2,58,2800,3200,36,0.10778443113772455
Q4-2,58,3200,3600,19,0.056886227544910177
Q4-2,58,3600,4000,21,0.062874251497005984
Q4-2,58,4000,4400,7,0.020958083832335328
Q4-2,58,4400,4800,4,0.011976047904191617
Q4-2,58,4800,5200,1,0.0029940119760479044
Q4-2,58,5200,5600,0,0
Q4-2,58,5600,6000,1,0.0029940119760479044
Q4-2,58,6000,6400,0,0
Q4-2,58,6400,6800,0,0
Q4-2,58,6800,7200,0,0
Q4-2,58,7200,7600,0,0
Q4-2,58,7600,8000,0,0
Q4-2,58,8000,8400,0,0
Q4-2,58,8400,8800,0,0
Q4-2,58,8800,9200,0,0
Q4-2,58,9200,9600,0,0
Q4-2,58,9600,10000,0,0
Q4-2,58,10000,10400,0,0
Q4-2,58,10400,10800,0,0
Q4-2,59,1200,1600,116,0.3473053892215569
Q4-2,59,1600,2000,50,0.1497005988023952
Q4-2,59,2000,2400,51,0.15269461077844312
Q4-2,59,2400,2800,37,0.11077844311377245
Q4-2,59,2800,3200,35,0.10479041916167664
Q4-2,59,3200,3600,21,0.062874251497005984
Q4-2,59,3600,4000,8,0.023952095808383235
Q4-2,59,4000,4400,10,0.029940119760479042
Q4-2,59,4400,4800,3,0.0089820359281437123
Q4-2,59,4800,5200,1,0.0029940119760479044
Q4-2,59,5200,5600,0,0
Q4-2,59,5600,6000,1,0.0029940119760479044
Q4-2,59,6000,6400,1,0.0029940119760479044
Q4-2,59,6400,6800,0,0
Q4-2,59,6800,7200,0,0
Q4-2,59,7200,7600,0,0
Q4-2,59,7600,8000,0,0
Q4-2,59,8000,8400,0,0
Q4-2,59,8400,8800,0,0
Q4-2,59,8800,9200,0,0
Q4-2,59,9200,9600,0,0
Q4-2,59,9600,10000,0,0
Q4-2,59,10000,10400,0,0
Q4-2,59,10400,10800,0,0
Q4-2,60,1200,1600,115,0.34431137724550898
Q4-2,60,1600,2000,51,0.15269461077844312
Q4-2,60,2000,2400,62,0.18562874251497005
Q4-2,60,2400,2800,38,0.11377245508982035
Q4-2,60,2800,3200,27,0.080838323353293412
Q4-2,60,3200,3600,16,0.04790419161676647
Q4-2,60,3600,4000,8,0.023952095808383235
Q4-2,60,4000,4400,6,0.017964071856287425
Q4-2,60,4400,4800,6,0.017964071856287425
Q4-2,60,4800,5200,2,0.0059880239520958087
Q4-2,60,5200,5600,1,0.0029940119760479044
Q4-2,60,5600,6000,1,0.0029940119760479044
Q4-2,60,6000,6400,0,0
Q4-2,60,6400,6800,1,0.0029940119760479044
Q4-2,60,6800,7200,0,0
Q4-2,60,7200,7600,0,0
Q4-2,60,7600,8000,0,0
Q4-2,60,8000,8400,0,0
Q4-2,60,8400,8800,0,0
Q4-2,60,8800,9200,0,0
Q4-2,60,9200,9600,0,0
Q4-2,60,9600,10000,0,0
Q4-2,60,10000,10400,0,0
Q4-2,60,10400,10800,0,0
Q4-2,61,1200,1600,107,0.32035928143712578
Q4-2,61,1600,2000,64,0.19161676646706588
Q4-2,61,2000,2400,59,0.17664670658682635
Q4-2,61,2400,2800,35,0.10479041916167664
Q4-2,61,2800,3200,22,0.065868263473053898
Q4-2,61,3200,3600,16,0.04790419161676647
Q4-2,61,3600,4000,10,0.029940119760479042
Q4-2,61,4000,4400,6,0.017964071856287425
Q4-2,61,4400,4800,5,0.014970059880239521
Q4-2,61,4800,5200,4,0.011976047904191617
Q4-2,61,5200,5600,3,0.0089820359281437123
Q4-2,61,5600,6000,1,0.0029940119760479044
Q4-2,61,6000,6400,1,0.0029940119760479044
Q4-2,61,6400,6800,1,0.0029940119760479044
Q4-2,61,6800,7200,0,0
Q4-2,61,7200,7600,0,0
Q4-2,61,7600,8000,0,0
Q4-2,61,8000,8400,0,0
Q4-2,61,8400,8800,0,0
Q4-2,61,8800,9200,0,0
Q4-2,61,9200,9600,0,0
Q4-2,61,9600,10000,0,0
Q4-2,61,10000,10400,0,0
Q4-2,61,10400,10800,0,0
Q4-2,62,1200,1600,113,0.33832335329341318
Q4-2,62,1600,2000,69,0.20658682634730538
Q4-2,62,2000,2400,42,0.12574850299401197
Q4-2,62,2400,2800,37,0.11077844311377245
Q4-2,62,2800,3200,17,0.05089820359281437
Q4-2,62,3200,3600,20,0.059880239520958084
Q4-2,62,3600,4000,9,0.026946107784431138
Q4-2,62,4000,4400,11,0.032934131736526949
Q4-2,62,4400,4800,4,0.011976047904191617
Q4-2,62,4800,5200,2,0.0059880239520958087
Q4-2,62,5200,5600,4,0.011976047904191617
Q4-2,62,5600,6000,3,0.0089820359281437123
Q4-2,62,6000,6400,1,0.0029940119760479044
Q4-2,62,6400,6800,0,0
Q4-2,62,6800,7200,2,0.0059880239520958087
Q4-2,62,7200,7600,0,0
Q4-2,62,7600,8000,0,0
Q4-2,62,8000,8400,0,0
Q4-2,62,8400,8800,0,0
Q4-2,62,8800,9200,0,0
Q4-2,62,9200,9600,0,0
Q4-2,62,9600,10000,0,0
Q4-2,62,10000,10400,0,0
Q4-2,62,10400,10800,0,0
Q4-2,63,1200,1600,109,0.32634730538922158
Q4-2,63,1600,2000,73,0.21856287425149701
Q4-2,63,2000,2400,34,0.10179640718562874
Q4-2,63,2400,2800,35,0.10479041916167664
Q4-2,63,2800,3200,19,0.056886227544910177
Q4-2,63,3200,3600,16,0.04790419161676647
Q4-2,63,3600,4000,17,0.05089820359281437
Q4-2,63,4000,4400,9,0.026946107784431138
Q4-2,63,4400,4800,5,0.014970059880239521
Q4-2,63,4800,5200,5,0.014970059880239521
Q4-2,63,5200,5600,3,0.0089820359281437123
Q4-2,63,5600,6000,2,0.0059880239520958087
Q4-2,63,6000,6400,1,0.0029940119760479044
Q4-2,63,6400,6800,4,0.011976047904191617
Q4-2,63,6800,7200,1,0.0029940119760479044
Q4-2,63,7200,7600,1,0.0029940119760479044
Q4-2,63,7600,8000,0,0
Q4-2,63,8000,8400,0,0
Q4-2,63,8400,8800,0,0
Q4-2,63,8800,9200,0,0
Q4-2,63,9200,9600,0,0
Q4-2,63,9600,10000,0,0
Q4-2,63,10000,10400,0,0
Q4-2,63,10400,10800,0,0
Q4-2,64,1200,1600,89,0.26646706586826346
Q4-2,64,1600,2000,84,0.25149700598802394
Q4-2,64,2000,2400,30,0.089820359281437126
Q4-2,64,2400,2800,38,0.11377245508982035
Q4-2,64,2800,3200,17,0.05089820359281437
Q4-2,64,3200,3600,22,0.065868263473053898
Q4-2,64,3600,4000,11,0.032934131736526949
Q4-2,64,4000,4400,14,0.041916167664670656
Q4-2,64,4400,4800,6,0.017964071856287425
Q4-2,64,4800,5200,8,0.023952095808383235
Q4-2,64,5200,5600,4,0.011976047904191617
Q4-2,64,5600,6000,2,0.0059880239520958087
Q4-2,64,6000,6400,2,0.0059880239520958087
Q4-2,64,6400,6800,3,0.0089820359281437123
Q4-2,64,6800,7200,2,0.0059880239520958087
Q4-2,64,7200,7600,2,0.0059880239520958087
Q4-2,64,7600,8000,0,0
Q4-2,64,8000,8400,0,0
Q4-2,64,8400,8800,0,0
Q4-2,64,8800,9200,0,0
Q4-2,64,9200,9600,0,0
Q4-2,64,9600,10000,0,0
Q4-2,64,10000,10400,0,0
Q4-2,64,10400,10800,0,0
Q4-2,65,1200,1600,6,0.017964071856287425
Q4-2,65,1600,2000,52,0.15568862275449102
Q4-2,65,2000,2400,45,0.1347305389221557
Q4-2,65,2400,2800,89,0.26646706586826346
Q4-2,65,2800,3200,37,0.11077844311377245
Q4-2,65,3200,3600,27,0.080838323353293412
Q4-2,65,3600,4000,27,0.080838323353293412
Q4-2,65,4000,4400,15,0.044910179640718563
Q4-2,65,4400,4800,5,0.014970059880239521
Q4-2,65,4800,5200,9,0.026946107784431138
Q4-2,65,5200,5600,9,0.026946107784431138
Q4-2,65,5600,6000,2,0.0059880239520958087
Q4-2,65,6000,6400,3,0.0089820359281437123
Q4-2,65,6400,6800,4,0.011976047904191617
Q4-2,65,6800,7200,2,0.0059880239520958087
Q4-2,65,7200,7600,2,0.0059880239520958087
Q4-2,65,7600,8000,0,0
Q4-2,65,8000,8400,0,0
Q4-2,65,8400,8800,0,0
Q4-2,65,8800,9200,0,0
Q4-2,65,9200,9600,0,0
Q4-2,65,9600,10000,0,0
Q4-2,65,10000,10400,0,0
Q4-2,65,10400,10800,0,0
Q4-2,66,1200,1600,2,0.0059880239520958087
Q4-2,66,1600,2000,3,0.0089820359281437123
Q4-2,66,2000,2400,6,0.017964071856287425
Q4-2,66,2400,2800,60,0.17964071856287425
Q4-2,66,2800,3200,53,0.15868263473053892
Q4-2,66,3200,3600,78,0.23353293413173654
Q4-2,66,3600,4000,44,0.1317365269461078
Q4-2,66,4000,4400,32,0.09580838323353294
Q4-2,66,4400,4800,15,0.044910179640718563
Q4-2,66,4800,5200,11,0.032934131736526949
Q4-2,66,5200,5600,9,0.026946107784431138
Q4-2,66,5600,6000,7,0.020958083832335328
Q4-2,66,6000,6400,4,0.011976047904191617
Q4-2,66,6400,6800,5,0.014970059880239521
Q4-2,66,6800,7200,2,0.0059880239520958087
Q4-2,66,7200,7600,2,0.0059880239520958087
Q4-2,66,7600,8000,1,0.0029940119760479044
Q4-2,66,8000,8400,0,0
Q4-2,66,8400,8800,0,0
Q4-2,66,8800,9200,0,0
Q4-2,66,9200,9600,0,0
Q4-2,66,9600,10000,0,0
Q4-2,66,10000,10400,0,0
Q4-2,66,10400,10800,0,0
Q4-2,67,1200,1600,2,0.0059880239520958087
Q4-2,67,1600,2000,0,0
Q4-2,67,2000,2400,4,0.011976047904191617
Q4-2,67,2400,2800,10,0.029940119760479042
Q4-2,67,2800,3200,7,0.020958083832335328
Q4-2,67,3200,3600,64,0.19161676646706588
Q4-2,67,3600,4000,60,0.17964071856287425
Q4-2,67,4000,4400,83,0.24850299401197604
Q4-2,67,4400,4800,45,0.1347305389221557
Q4-2,67,4800,5200,18,0.053892215568862277
Q4-2,67,5200,5600,13,0.038922155688622756
Q4-2,67,5600,6000,10,0.029940119760479042
Q4-2,67,6000,6400,3,0.0089820359281437123
Q4-2,67,6400,6800,8,0.023952095808383235
Q4-2,67,6800,7200,2,0.0059880239520958087
Q4-2,67,7200,7600,3,0.0089820359281437123
Q4-2,67,7600,8000,2,0.0059880239520958087
Q4-2,67,8000,8400,0,0
Q4-2,67,8400,8800,0,0
Q4-2,67,8800,9200,0,0
Q4-2,67,9200,9600,0,0
Q4-2,67,9600,10000,0,0
Q4-2,67,10000,10400,0,0
Q4-2,67,10400,10800,0,0
Q4-2,68,1200,1600,2,0.0059880239520958087
Q4-2,68,1600,2000,0,0
Q4-2,68,2000,2400,1,0.0029940119760479044
Q4-2,68,2400,2800,8,0.023952095808383235
Q4-2,68,2800,3200,4,0.011976047904191617
Q4-2,68,3200,3600,5,0.014970059880239521
Q4-2,68,3600,4000,13,0.038922155688622756
Q4-2,68,4000,4400,71,0.21257485029940121
Q4-2,68,4400,4800,86,0.25748502994011974
Q4-2,68,4800,5200,63,0.18862275449101795
Q4-2,68,5200,5600,42,0.12574850299401197
Q4-2,68,5600,6000,13,0.038922155688622756
Q4-2,68,6000,6400,8,0.023952095808383235
Q4-2,68,6400,6800,8,0.023952095808383235
Q4-2,68,6800,7200,4,0.011976047904191617
Q4-2,68,7200,7600,3,0.0089820359281437123
Q4-2,68,7600,8000,3,0.0089820359281437123
Q4-2,68,8000,8400,0,0
Q4-2,68,8400,8800,0,0
Q4-2,68,8800,9200,0,0
Q4-2,68,9200,9600,0,0
Q4-2,68,9600,10000,0,0
Q4-2,68,10000,10400,0,0
Q4-2,68,10400,10800,0,0
Q4-2,69,1200,1600,2,0.0059880239520958087
Q4-2,69,1600,2000,0,0
Q4-2,69,2000,2400,1,0.0029940119760479044
Q4-2,69,2400,2800,5,0.014970059880239521
Q4-2,69,2800,3200,3,0.0089820359281437123
Q4-2,69,3200,3600,3,0.0089820359281437123
Q4-2,69,3600,4000,10,0.029940119760479042
Q4-2,69,4000,4400,6,0.017964071856287425
Q4-2,69,4400,4800,10,0.029940119760479042
Q4-2,69,4800,5200,82,0.24550898203592814
Q4-2,69,5200,5600,116,0.3473053892215569
Q4-2,69,5600,6000,37,0.11077844311377245
Q4-2,69,6000,6400,32,0.09580838323353294
Q4-2,69,6400,6800,11,0.032934131736526949
Q4-2,69,6800,7200,6,0.017964071856287425
Q4-2,69,7200,7600,6,0.017964071856287425
Q4-2,69,7600,8000,2,0.0059880239520958087
Q4-2,69,8000,8400,2,0.0059880239520958087
Q4-2,69,8400,8800,0,0
Q4-2,69,8800,9200,0,0
Q4-2,69,9200,9600,0,0
Q4-2,69,9600,10000,0,0
Q4-2,69,10000,10400,0,0
Q4-2,69,10400,10800,0,0
Q4-2,70,1200,1600,2,0.0059880239520958087
Q4-2,70,1600,2000,0,0
Q4-2,70,2000,2400,1,0.0029940119760479044
Q4-2,70,2400,2800,5,0.014970059880239521
Q4-2,70,2800,3200,1,0.0029940119760479044
Q4-2,70,3200,3600,3,0.0089820359281437123
Q4-2,70,3600,4000,5,0.014970059880239521
Q4-2,70,4000,4400,4,0.011976047904191617
Q4-2,70,4400,4800,6,0.017964071856287425
Q4-2,70,4800,5200,7,0.020958083832335328
Q4-2,70,5200,5600,16,0.04790419161676647
Q4-2,70,5600,6000,101,0.30239520958083832
Q4-2,70,6000,6400,105,0.31437125748502992
Q4-2,70,6400,6800,33,0.09880239520958084
Q4-2,70,6800,7200,30,0.089820359281437126
Q4-2,70,7200,7600,9,0.026946107784431138
Q4-2,70,7600,8000,2,0.0059880239520958087
Q4-2,70,8000,8400,3,0.0089820359281437123
Q4-2,70,8400,8800,1,0.0029940119760479044
Q4-2,70,8800,9200,0,0
Q4-2,70,9200,9600,0,0
Q4-2,70,9600,10000,0,0
Q4-2,70,10000,10400,0,0
Q4-2,70,10400,10800,0,0
Q4-2,71,1200,1600,2,0.0059880239520958087
Q4-2,71,1600,2000,0,0
Q4-2,71,2000,2400,1,0.0029940119760479044
Q4-2,71,2400,2800,4,0.011976047904191617
Q4-2,71,2800,3200,1,0.0029940119760479044
Q4-2,71,3200,3600,2,0.0059880239520958087
Q4-2,71,3600,4000,3,0.0089820359281437123
Q4-2,71,4000,4400,3,0.0089820359281437123
Q4-2,71,4400,4800,5,0.014970059880239521
Q4-2,71,4800,5200,2,0.0059880239520958087
Q4-2,71,5200,5600,8,0.023952095808383235
Q4-2,71,5600,6000,19,0.056886227544910177
Q4-2,71,6000,6400,15,0.044910179640718563
Q4-2,71,6400,6800,106,0.31736526946107785
Q4-2,71,6800,7200,97,0.29041916167664672
Q4-2,71,7200,7600,31,0.092814371257485026
Q4-2,71,7600,8000,26,0.077844311377245512
Q4-2,71,8000,8400,7,0.020958083832335328
Q4-2,71,8400,8800,1,0.0029940119760479044
Q4-2,71,8800,9200,1,0.0029940119760479044
Q4-2,71,9200,9600,0,0
Q4-2,71,9600,10000,0,0
Q4-2,71,10000,10400,0,0
Q4-2,71,10400,10800,0,0
Q4-2,72,1200,1600,2,0.0059880239520958087
Q4-2,72,1600,2000,0,0
Q4-2,72,2000,2400,1,0.0029940119760479044
Q4-2,72,2400,2800,3,0.0089820359281437123
Q4-2,72,2800,3200,0,0
Q4-2,72,3200,3600,3,0.0089820359281437123
Q4-2,72,3600,4000,4,0.011976047904191617
Q4-2,72,4000,4400,0,0
Q4-2,72,4400,4800,2,0.0059880239520958087
Q4-2,72,4800,5200,5,0.014970059880239521
Q4-2,72,5200,5600,4,0.011976047904191617
Q4-2,72,5600,6000,7,0.020958083832335328
Q4-2,72,6000,6400,12,0.035928143712574849
Q4-2,72,6400,6800,20,0.059880239520958084
Q4-2,72,6800,7200,36,0.10778443113772455
Q4-2,72,7200,7600,81,0.24251497005988024
Q4-2,72,7600,8000,97,0.29041916167664672
Q4-2,72,8000,8400,29,0.086826347305389226
Q4-2,72,8400,8800,24,0.071856287425149698
Q4-2,72,8800,9200,3,0.0089820359281437123
Q4-2,72,9200,9600,1,0.0029940119760479044
Q4-2,72,9600,10000,0,0
Q4-2,72,10000,10400,0,0
Q4-2,72,10400,10800,0,0
Q4-2,73,1200,1600,1,0.0029940119760479044
Q4-2,73,1600,2000,1,0.0029940119760479044
Q4-2,73,2000,2400,0,0
Q4-2,73,2400,2800,3,0.0089820359281437123
Q4-2,73,2800,3200,1,0.0029940119760479044
Q4-2,73,3200,3600,1,0.0029940119760479044
Q4-2,73,3600,4000,6,0.017964071856287425
Q4-2,73,4000,4400,0,0
Q4-2,73,4400,4800,0,0
Q4-2,73,4800,5200,4,0.011976047904191617
Q4-2,73,5200,5600,4,0.011976047904191617
Q4-2,73,5600,6000,4,0.011976047904191617
Q4-2,73,6000,6400,9,0.026946107784431138
Q4-2,73,6400,6800,9,0.026946107784431138
Q4-2,73,6800,7200,8,0.023952095808383235
Q4-2,73,7200,7600,26,0.077844311377245512
Q4-2,73,7600,8000,62,0.18562874251497005
Q4-2,73,8000,8400,54,0.16167664670658682
Q4-2,73,8400,8800,96,0.28742514970059879
Q4-2,73,8800,9200,27,0.080838323353293412
Q4-2,73,9200,9600,17,0.05089820359281437
Q4-2,73,9600,10000,1,0.0029940119760479044
Q4-2,73,10000,10400,0,0
Q4-2,73,10400,10800,0,0
Q4-2,74,1200,1600,1,0.0029940119760479044
Q4-2,74,1600,2000,0,0
Q4-2,74,2000,2400,0,0
Q4-2,74,2400,2800,3,0.0089820359281437123
Q4-2,74,2800,3200,0,0
Q4-2,74,3200,3600,1,0.0029940119760479044
Q4-2,74,3600,4000,6,0.017964071856287425
Q4-2,74,4000,4400,1,0.0029940119760479044
Q4-2,74,4400,4800,1,0.0029940119760479044
Q4-2,74,4800,5200,1,0.0029940119760479044
Q4-2,74,5200,5600,2,0.0059880239520958087
Q4-2,74,5600,6000,6,0.017964071856287425
Q4-2,74,6000,6400,4,0.011976047904191617
Q4-2,74,6400,6800,9,0.026946107784431138
Q4-2,74,6800,7200,6,0.017964071856287425
Q4-2,74,7200,7600,7,0.020958083832335328
Q4-2,74,7600,8000,21,0.062874251497005984
Q4-2,74,8000,8400,18,0.053892215568862277
Q4-2,74,8400,8800,62,0.18562874251497005
Q4-2,74,8800,9200,66,0.19760479041916168
Q4-2,74,9200,9600,81,0.24251497005988024
Q4-2,74,9600,10000,24,0.071856287425149698
Q4-2,74,10000,10400,14,0.041916167664670656
Q4-2,74,10400,10800,0,0
Q4-2,75,1200,1600,1,0.0029940119760479044
Q4-2,75,1600,2000,0,0
Q4-2,75,2000,2400,0,0
Q4-2,75,2400,2800,0,0
Q4-2,75,2800,3200,0,0
Q4-2,75,3200,3600,3,0.0089820359281437123
Q4-2,75,3600,4000,4,0.011976047904191617
Q4-2,75,4000,4400,2,0.0059880239520958087
Q4-2,75,4400,4800,1,0.0029940119760479044
Q4-2,75,4800,5200,2,0.0059880239520958087
Q4-2,75,5200,5600,1,0.0029940119760479044
Q4-2,75,5600,6000,4,0.011976047904191617
Q4-2,75,6000,6400,3,0.0089820359281437123
Q4-2,75,6400,6800,7,0.020958083832335328
Q4-2,75,6800,7200,5,0.014970059880239521
Q4-2,75,7200,7600,10,0.029940119760479042
Q4-2,75,7600,8000,2,0.0059880239520958087
Q4-2,75,8000,8400,13,0.038922155688622756
Q4-2,75,8400,8800,18,0.053892215568862277
Q4-2,75,8800,9200,14,0.041916167664670656
Q4-2,75,9200,9600,74,0.22155688622754491
Q4-2,75,9600,10000,60,0.17964071856287425
Q4-2,75,10000,10400,77,0.23053892215568864
Q4-2,75,10400,10800,33,0.09880239520958084
Q4-2,76,1200,1600,0,0
Q4-2,76,1600,2000,1,0.0029940119760479044
Q4-2,76,2000,2400,0,0
Q4-2,76,2400,2800,0,0
Q4-2,76,2800,3200,0,0
Q4-2,76,3200,3600,0,0
Q4-2,76,3600,4000,3,0.0089820359281437123
Q4-2,76,4000,4400,2,0.0059880239520958087
Q4-2,76,4400,4800,3,0.0089820359281437123
Q4-2,76,4800,5200,3,0.0089820359281437123
Q4-2,76,5200,5600,1,0.0029940119760479044
Q4-2,76,5600,6000,1,0.0029940119760479044
Q4-2,76,6000,6400,4,0.011976047904191617
Q4-2,76,6400,6800,3,0.0089820359281437123
Q4-2,76,6800,7200,6,0.017964071856287425
Q4-2,76,7200,7600,9,0.026946107784431138
Q4-2,76,7600,8000,7,0.020958083832335328
Q4-2,76,8000,8400,2,0.0059880239520958087
Q4-2,76,8400,8800,17,0.05089820359281437
Q4-2,76,8800,9200,18,0.053892215568862277
Q4-2,76,9200,9600,12,0.035928143712574849
Q4-2,76,9600,10000,28,0.083832335329341312
Q4-2,76,10000,10400,78,0.23353293413173654
Q4-2,76,10400,10800,136,0.40718562874251496
Q4-2,77,1200,1600,0,0
Q4-2,77,1600,2000,0,0
Q4-2,77,2000,2400,0,0
Q4-2,77,2400,2800,1,0.0029940119760479044
Q4-2,77,2800,3200,0,0
Q4-2,77,3200,3600,0,0
Q4-2,77,3600,4000,0,0
Q4-2,77,4000,4400,3,0.0089820359281437123
Q4-2,77,4400,4800,2,0.0059880239520958087
Q4-2,77,4800,5200,4,0.011976047904191617
Q4-2,77,5200,5600,1,0.0029940119760479044
Q4-2,77,5600,6000,1,0.0029940119760479044
Q4-2,77,6000,6400,3,0.0089820359281437123
Q4-2,77,6400,6800,5,0.014970059880239521
Q4-2,77,6800,7200,2,0.0059880239520958087
Q4-2,77,7200,7600,6,0.017964071856287425
Q4-2,77,7600,8000,9,0.026946107784431138
Q4-2,77,8000,8400,8,0.023952095808383235
Q4-2,77,8400,8800,4,0.011976047904191617
Q4-2,77,8800,9200,19,0.056886227544910177
Q4-2,77,9200,9600,17,0.05089820359281437
Q4-2,77,9600,10000,23,0.068862275449101798
Q4-2,77,10000,10400,79,0.23652694610778444
Q4-2,77,10400,10800,147,0.44011976047904194
Q4-2,78,1200,1600,0,0
Q4-2,78,1600,2000,0,0
Q4-2,78,2000,2400,0,0
Q4-2,78,2400,2800,0,0
Q4-2,78,2800,3200,1,0.0029940119760479044
Q4-2,78,3200,3600,0,0
Q4-2,78,3600,4000,0,0
Q4-2,78,4000,4400,2,0.0059880239520958087
Q4-2,78,4400,4800,1,0.0029940119760479044
Q4-2,78,4800,5200,4,0.011976047904191617
Q4-2,78,5200,5600,1,0.0029940119760479044
Q4-2,78,5600,6000,1,0.0029940119760479044
Q4-2,78,6000,6400,1,0.0029940119760479044
Q4-2,78,6400,6800,4,0.011976047904191617
Q4-2,78,6800,7200,5,0.014970059880239521
Q4-2,78,7200,7600,4,0.011976047904191617
Q4-2,78,7600,8000,4,0.011976047904191617
Q4-2,78,8000,8400,9,0.026946107784431138
Q4-2,78,8400,8800,7,0.020958083832335328
Q4-2,78,8800,9200,9,0.026946107784431138
Q4-2,78,9200,9600,19,0.056886227544910177
Q4-2,78,9600,10000,24,0.071856287425149698
Q4-2,78,10000,10400,82,0.24550898203592814
Q4-2,78,10400,10800,156,0.46706586826347307
Q4-2,79,1200,1600,0,0
Q4-2,79,1600,2000,0,0
Q4-2,79,2000,2400,0,0
Q4-2,79,2400,2800,0,0
Q4-2,79,2800,3200,0,0
Q4-2,79,3200,3600,0,0
Q4-2,79,3600,4000,1,0.0029940119760479044
Q4-2,79,4000,4400,0,0
Q4-2,79,4400,4800,0,0
Q4-2,79,4800,5200,2,0.0059880239520958087
Q4-2,79,5200,5600,3,0.0089820359281437123
Q4-2,79,5600,6000,3,0.0089820359281437123
Q4-2,79,6000,6400,0,0
Q4-2,79,6400,6800,2,0.0059880239520958087
Q4-2,79,6800,7200,3,0.0089820359281437123
Q4-2,79,7200,7600,6,0.017964071856287425
Q4-2,79,7600,8000,5,0.014970059880239521
Q4-2,79,8000,8400,4,0.011976047904191617
Q4-2,79,8400,8800,7,0.020958083832335328
Q4-2,79,8800,9200,9,0.026946107784431138
Q4-2,79,9200,9600,17,0.05089820359281437
Q4-2,79,9600,10000,27,0.080838323353293412
Q4-2,79,10000,10400,71,0.21257485029940121
Q4-2,79,10400,10800,174,0.52095808383233533
Q4-2,80,1200,1600,0,0
Q4-2,80,1600,2000,0,0
Q4-2,80,2000,2400,0,0
Q4-2,80,2400,2800,0,0
Q4-2,80,2800,3200,0,0
Q4-2,80,3200,3600,0,0
Q4-2,80,3600,4000,0,0
Q4-2,80,4000,4400,0,0
Q4-2,80,4400,4800,1,0.0029940119760479044
Q4-2,80,4800,5200,0,0
Q4-2,80,5200,5600,2,0.0059880239520958087
Q4-2,80,5600,6000,2,0.0059880239520958087
Q4-2,80,6000,6400,3,0.0089820359281437123
Q4-2,80,6400,6800,1,0.0029940119760479044
Q4-2,80,6800,7200,2,0.0059880239520958087
Q4-2,80,7200,7600,2,0.0059880239520958087
Q4-2,80,7600,8000,6,0.017964071856287425
Q4-2,80,8000,8400,6,0.017964071856287425
Q4-2,80,8400,8800,6,0.017964071856287425
Q4-2,80,8800,9200,9,0.026946107784431138
Q4-2,80,9200,9600,10,0.029940119760479042
Q4-2,80,9600,10000,24,0.071856287425149698
Q4-2,80,10000,10400,71,0.21257485029940121
Q4-2,80,10400,10800,189,0.56586826347305386
Q4-2,81,1200,1600,0,0
Q4-2,81,1600,2000,0,0
Q4-2,81,2000,2400,0,0
Q4-2,81,2400,2800,0,0
Q4-2,81,2800,3200,0,0
Q4-2,81,3200,3600,0,0
Q4-2,81,3600,4000,0,0
Q4-2,81,4000,4400,0,0
Q4-2,81,4400,4800,0,0
Q4-2,81,4800,5200,1,0.0029940119760479044
Q4-2,81,5200,5600,0,0
Q4-2,81,5600,6000,0,0
Q4-2,81,6000,6400,3,0.0089820359281437123
Q4-2,81,6400,6800,3,0.0089820359281437123
Q4-2,81,6800,7200,3,0.0089820359281437123
Q4-2,81,7200,7600,0,0
Q4-2,81,7600,8000,2,0.0059880239520958087
Q4-2,81,8000,8400,6,0.017964071856287425
Q4-2,81,8400,8800,9,0.026946107784431138
Q4-2,81,8800,9200,6,0.017964071856287425
Q4-2,81,9200,9600,10,0.029940119760479042
Q4-2,81,9600,10000,22,0.065868263473053898
Q4-2,81,10000,10400,74,0.22155688622754491
Q4-2,81,10400,10800,195,0.58383233532934131
Q4-2,82,1200,1600,0,0
Q4-2,82,1600,2000,0,0
Q4-2,82,2000,2400,0,0
Q4-2,82,2400,2800,0,0
Q4-2,82,2800,3200,0,0
Q4-2,82,3200,3600,0,0
Q4-2,82,3600,4000,0,0
Q4-2,82,4000,4400,0,0
Q4-2,82,4400,4800,0,0
Q4-2,82,4800,5200,0,0
Q4-2,82,5200,5600,0,0
Q4-2,82,5600,6000,1,0.0029940119760479044
Q4-2,82,6000,6400,0,0
Q4-2,82,6400,6800,2,0.0059880239520958087
Q4-2,82,6800,7200,5,0.014970059880239521
Q4-2,82,7200,7600,2,0.0059880239520958087
Q4-2,82,7600,8000,1,0.0029940119760479044
Q4-2,82,8000,8400,3,0.0089820359281437123
Q4-2,82,8400,8800,3,0.0089820359281437123
Q4-2,82,8800,9200,12,0.035928143712574849
Q4-2,82,9200,9600,12,0.035928143712574849
Q4-2,82,9600,10000,26,0.077844311377245512
Q4-2,82,10000,10400,62,0.18562874251497005
Q4-2,82,10400,10800,205,0.61377245508982037
Q4-2,83,1200,1600,0,0
Q4-2,83,1600,2000,0,0
Q4-2,83,2000,2400,0,0
Q4-2,83,2400,2800,0,0
Q4-2,83,2800,3200,0,0
Q4-2,83,3200,3600,0,0
Q4-2,83,3600,4000,0,0
Q4-2,83,4000,4400,0,0
Q4-2,83,4400,4800,0,0
Q4-2,83,4800,5200,0,0
Q4-2,83,5200,5600,0,0
Q4-2,83,5600,6000,0,0
Q4-2,83,6000,6400,1,0.0029940119760479044
Q4-2,83,6400,6800,0,0
Q4-2,83,6800,7200,1,0.0029940119760479044
Q4-2,83,7200,7600,4,0.011976047904191617
Q4-2,83,7600,8000,4,0.011976047904191617
Q4-2,83,8000,8400,1,0.0029940119760479044
Q4-2,83,8400,8800,5,0.014970059880239521
Q4-2,83,8800,9200,5,0.014970059880239521
Q4-2,83,9200,9600,27,0.080838323353293412
Q4-2,83,9600,10000,38,0.11377245508982035
Q4-2,83,10000,10400,64,0.19161676646706588
Q4-2,83,10400,10800,184,0.55089820359281438
Q4-2,84,1200,1600,0,0
Q4-2,84,1600,2000,0,0
Q4-2,84,2000,2400,0,0
Q4-2,84,2400,2800,0,0
Q4-2,84,2800,3200,0,0
Q4-2,84,3200,3600,0,0
Q4-2,84,3600,4000,0,0
Q4-2,84,4000,4400,0,0
Q4-2,84,4400,4800,0,0
Q4-2,84,4800,5200,0,0
Q4-2,84,5200,5600,0,0
Q4-2,84,5600,6000,0,0
Q4-2,84,6000,6400,0,0
Q4-2,84,6400,6800,1,0.0029940119760479044
Q4-2,84,6800,7200,0,0
Q4-2,84,7200,7600,0,0
Q4-2,84,7600,8000,5,0.014970059880239521
Q4-2,84,8000,8400,4,0.011976047904191617
Q4-2,84,8400,8800,2,0.0059880239520958087
Q4-2,84,8800,9200,29,0.086826347305389226
Q4-2,84,9200,9600,21,0.062874251497005984
Q4-2,84,9600,10000,37,0.11077844311377245
Q4-2,84,10000,10400,77,0.23053892215568864
Q4-2,84,10400,10800,158,0.47305389221556887
Q4-2,85,1200,1600,0,0
Q4-2,85,1600,2000,0,0
Q4-2,85,2000,2400,0,0
Q4-2,85,2400,2800,0,0
Q4-2,85,2800,3200,0,0
Q4-2,85,3200,3600,0,0
Q4-2,85,3600,4000,0,0
Q4-2,85,4000,4400,0,0
Q4-2,85,4400,4800,0,0
Q4-2,85,4800,5200,0,0
Q4-2,85,5200,5600,0,0
Q4-2,85,5600,6000,0,0
Q4-2,85,6000,6400,0,0
Q4-2,85,6400,6800,0,0
Q4-2,85,6800,7200,0,0
Q4-2,85,7200,7600,1,0.0029940119760479044
Q4-2,85,7600,8000,0,0
Q4-2,85,8000,8400,11,0.032934131736526949
Q4-2,85,8400,8800,24,0.071856287425149698
Q4-2,85,8800,9200,15,0.044910179640718563
Q4-2,85,9200,9600,17,0.05089820359281437
Q4-2,85,9600,10000,49,0.1467065868263473
Q4-2,85,10000,10400,77,0.23053892215568864
Q4-2,85,10400,10800,140,0.41916167664670656
Q4-2,86,1200,1600,0,0
Q4-2,86,1600,2000,0,0
Q4-2,86,2000,2400,0,0
Q4-2,86,2400,2800,0,0
Q4-2,86,2800,3200,0,0
Q4-2,86,3200,3600,0,0
Q4-2,86,3600,4000,0,0
Q4-2,86,4000,4400,0,0
Q4-2,86,4400,4800,0,0
Q4-2,86,4800,5200,0,0
Q4-2,86,5200,5600,0,0
Q4-2,86,5600,6000,0,0
Q4-2,86,6000,6400,0,0
Q4-2,86,6400,6800,0,0
Q4-2,86,6800,7200,0,0
Q4-2,86,7200,7600,1,0.0029940119760479044
Q4-2,86,7600,8000,13,0.038922155688622756
Q4-2,86,8000,8400,19,0.056886227544910177
Q4-2,86,8400,8800,11,0.032934131736526949
Q4-2,86,8800,9200,18,0.053892215568862277
Q4-2,86,9200,9600,28,0.083832335329341312
Q4-2,86,9600,10000,68,0.20359281437125748
Q4-2,86,10000,10400,47,0.1407185628742515
Q4-2,86,10400,10800,129,0.38622754491017963
Q4-2,87,1200,1600,0,0
Q4-2,87,1600,2000,0,0
Q4-2,87,2000,2400,0,0
Q4-2,87,2400,2800,0,0
Q4-2,87,2800,3200,0,0
Q4-2,87,3200,3600,0,0
Q4-2,87,3600,4000,0,0
Q4-2,87,4000,4400,0,0
Q4-2,87,4400,4800,0,0
Q4-2,87,4800,5200,0,0
Q4-2,87,5200,5600,0,0
Q4-2,87,5600,6000,0,0
Q4-2,87,6000,6400,0,0
Q4-2,87,6400,6800,1,0.0029940119760479044
Q4-2,87,6800,7200,7,0.020958083832335328
Q4-2,87,7200,7600,12,0.035928143712574849
Q4-2,87,7600,8000,15,0.044910179640718563
Q4-2,87,8000,8400,4,0.011976047904191617
Q4-2,87,8400,8800,14,0.041916167664670656
Q4-2,87,8800,9200,29,0.086826347305389226
Q4-2,87,9200,9600,54,0.16167664670658682
Q4-2,87,9600,10000,35,0.10479041916167664
Q4-2,87,10000,10400,42,0.12574850299401197
Q4-2,87,10400,10800,121,0.36227544910179643
Q4-2,88,1200,1600,0,0
Q4-2,88,1600,2000,0,0
Q4-2,88,2000,2400,0,0
Q4-2,88,2400,2800,0,0
Q4-2,88,2800,3200,0,0
Q4-2,88,3200,3600,0,0
Q4-2,88,3600,4000,0,0
Q4-2,88,4000,4400,0,0
Q4-2,88,4400,4800,0,0
Q4-2,88,4800,5200,0,0
Q4-2,88,5200,5600,0,0
Q4-2,88,5600,6000,0,0
Q4-2,88,6000,6400,5,0.014970059880239521
Q4-2,88,6400,6800,7,0.020958083832335328
Q4-2,88,6800,7200,15,0.044910179640718563
Q4-2,88,7200,7600,4,0.011976047904191617
Q4-2,88,7600,8000,8,0.023952095808383235
Q4-2,88,8000,8400,4,0.011976047904191617
Q4-2,88,8400,8800,30,0.089820359281437126
Q4-2,88,8800,9200,19,0.056886227544910177
Q4-2,88,9200,9600,61,0.18263473053892215
Q4-2,88,9600,10000,28,0.083832335329341312
Q4-2,88,10000,10400,45,0.1347305389221557
Q4-2,88,10400,10800,108,0.32335329341317365
Q4-2,89,1200,1600,0,0
Q4-2,89,1600,2000,0,0
Q4-2,89,2000,2400,0,0
Q4-2,89,2400,2800,0,0
Q4-2,89,2800,3200,0,0
Q4-2,89,3200,3600,0,0
Q4-2,89,3600,4000,0,0
Q4-2,89,4000,4400,0,0
Q4-2,89,4400,4800,0,0
Q4-2,89,4800,5200,0,0
Q4-2,89,5200,5600,0,0
Q4-2,89,5600,6000,0,0
Q4-2,89,6000,6400,0,0
Q4-2,89,6400,6800,0,0
Q4-2,89,6800,7200,5,0.014970059880239521
Q4-2,89,7200,7600,8,0.023952095808383235
Q4-2,89,7600,8000,15,0.044910179640718563
Q4-2,89,8000,8400,4,0.011976047904191617
Q4-2,89,8400,8800,9,0.026946107784431138
Q4-2,89,8800,9200,6,0.017964071856287425
Q4-2,89,9200,9600,32,0.09580838323353294
Q4-2,89,9600,10000,28,0.083832335329341312
Q4-2,89,10000,10400,100,0.29940119760479039
Q4-2,89,10400,10800,127,0.38023952095808383
Q4-2,90,1200,1600,0,0
Q4-2,90,1600,2000,0,0
Q4-2,90,2000,2400,0,0
Q4-2,90,2400,2800,0,0
Q4-2,90,2800,3200,0,0
Q4-2,90,3200,3600,0,0
Q4-2,90,3600,4000,0,0
Q4-2,90,4000,4400,0,0
Q4-2,90,4400,4800,0,0
Q4-2,90,4800,5200,0,0
Q4-2,90,5200,5600,0,0
Q4-2,90,5600,6000,0,0
Q4-2,90,6000,6400,0,0
Q4-2,90,6400,6800,0,0
Q4-2,90,6800,7200,0,0
Q4-2,90,7200,7600,0,0
Q4-2,90,7600,8000,5,0.014970059880239521
Q4-2,90,8000,8400,9,0.026946107784431138
Q4-2,90,8400,8800,14,0.041916167664670656
Q4-2,90,8800,9200,4,0.011976047904191617
Q4-2,90,9200,9600,11,0.032934131736526949
Q4-2,90,9600,10000,6,0.017964071856287425
Q4-2,90,10000,10400,49,0.1467065868263473
Q4-2,90,10400,10800,236,0.70658682634730541
Q4-2,91,1200,1600,0,0
Q4-2,91,1600,2000,0,0
Q4-2,91,2000,2400,0,0
Q4-2,91,2400,2800,0,0
Q4-2,91,2800,3200,0,0
Q4-2,91,3200,3600,0,0
Q4-2,91,3600,4000,0,0
Q4-2,91,4000,4400,0,0
Q4-2,91,4400,4800,0,0
Q4-2,91,4800,5200,0,0
Q4-2,91,5200,5600,0,0
Q4-2,91,5600,6000,0,0
Q4-2,91,6000,6400,0,0
Q4-2,91,6400,6800,0,0
Q4-2,91,6800,7200,0,0
Q4-2,91,7200,7600,0,0
Q4-2,91,7600,8000,0,0
Q4-2,91,8000,8400,1,0.0029940119760479044
Q4-2,91,8400,8800,7,0.020958083832335328
Q4-2,91,8800,9200,9,0.026946107784431138
Q4-2,91,9200,9600,12,0.035928143712574849
Q4-2,91,9600,10000,5,0.014970059880239521
Q4-2,91,10000,10400,33,0.09880239520958084
Q4-2,91,10400,10800,267,0.79940119760479045
Q4-2,92,1200,1600,0,0
Q4-2,92,1600,2000,0,0
Q4-2,92,2000,2400,0,0
Q4-2,92,2400,2800,0,0
Q4-2,92,2800,3200,0,0
Q4-2,92,3200,3600,0,0
Q4-2,92,3600,4000,0,0
Q4-2,92,4000,4400,0,0
Q4-2,92,4400,4800,0,0
Q4-2,92,4800,5200,0,0
Q4-2,92,5200,5600,0,0
Q4-2,92,5600,6000,0,0
Q4-2,92,6000,6400,0,0
Q4-2,92,6400,6800,0,0
Q4-2,92,6800,7200,0,0
Q4-2,92,7200,7600,0,0
Q4-2,92,7600,8000,0,0
Q4-2,92,8000,8400,0,0
Q4-2,92,8400,8800,1,0.0029940119760479044
Q4-2,92,8800,9200,1,0.0029940119760479044
Q4-2,92,9200,9600,8,0.023952095808383235
Q4-2,92,9600,10000,9,0.026946107784431138
Q4-2,92,10000,10400,21,0.062874251497005984
Q4-2,92,10400,10800,294,0.88023952095808389
Q4-2,93,1200,1600,0,0
Q4-2,93,1600,2000,0,0
Q4-2,93,2000,2400,0,0
Q4-2,93,2400,2800,0,0
Q4-2,93,2800,3200,0,0
Q4-2,93,3200,3600,0,0
Q4-2,93,3600,4000,0,0
Q4-2,93,4000,4400,0,0
Q4-2,93,4400,4800,0,0
Q4-2,93,4800,5200,0,0
Q4-2,93,5200,5600,0,0
Q4-2,93,5600,6000,0,0
Q4-2,93,6000,6400,0,0
Q4-2,93,6400,6800,0,0
Q4-2,93,6800,7200,0,0
Q4-2,93,7200,7600,0,0
Q4-2,93,7600,8000,0,0
Q4-2,93,8000,8400,0,0
Q4-2,93,8400,8800,0,0
Q4-2,93,8800,9200,0,0
Q4-2,93,9200,9600,1,0.0029940119760479044
Q4-2,93,9600,10000,1,0.0029940119760479044
Q4-2,93,10000,10400,10,0.029940119760479042
Q4-2,93,10400,10800,322,0.9640718562874252
Q4-2,94,1200,1600,0,0
Q4-2,94,1600,2000,0,0
Q4-2,94,2000,2400,0,0
Q4-2,94,2400,2800,0,0
Q4-2,94,2800,3200,0,0
Q4-2,94,3200,3600,0,0
Q4-2,94,3600,4000,0,0
Q4-2,94,4000,4400,0,0
Q4-2,94,4400,4800,0,0
Q4-2,94,4800,5200,0,0
Q4-2,94,5200,5600,0,0
Q4-2,94,5600,6000,0,0
Q4-2,94,6000,6400,0,0
Q4-2,94,6400,6800,0,0
Q4-2,94,6800,7200,0,0
Q4-2,94,7200,7600,0,0
Q4-2,94,7600,8000,0,0
Q4-2,94,8000,8400,0,0
Q4-2,94,8400,8800,0,0
Q4-2,94,8800,9200,0,0
Q4-2,94,9200,9600,0,0
Q4-2,94,9600,10000,0,0
Q4-2,94,10000,10400,3,0.0089820359281437123
Q4-2,94,10400,10800,331,0.99101796407185627
Q4-2,95,1200,1600,0,0
Q4-2,95,1600,2000,0,0
Q4-2,95,2000,2400,0,0
Q4-2,95,2400,2800,0,0
Q4-2,95,2800,3200,0,0
Q4-2,95,3200,3600,0,0
Q4-2,95,3600,4000,0,0
Q4-2,95,4000,4400,0,0
Q4-2,95,4400,4800,0,0
Q4-2,95,4800,5200,0,0
Q4-2,95,5200,5600,0,0
Q4-2,95,5600,6000,0,0
Q4-2,95,6000,6400,0,0
Q4-2,95,6400,6800,0,0
Q4-2,95,6800,7200,0,0
Q4-2,95,7200,7600,0,0
Q4-2,95,7600,8000,0,0
Q4-2,95,8000,8400,0,0
Q4-2,95,8400,8800,0,0
Q4-2,95,8800,9200,0,0
Q4-2,95,9200,9600,0,0
Q4-2,95,9600,10000,0,0
Q4-2,95,10000,10400,1,0.0029940119760479044
Q4-2,95,10400,10800,333,0.99700598802395213
Q4-2,96,1200,1600,0,0
Q4-2,96,1600,2000,0,0
Q4-2,96,2000,2400,0,0
Q4-2,96,2400,2800,0,0
Q4-2,96,2800,3200,0,0
Q4-2,96,3200,3600,0,0
Q4-2,96,3600,4000,0,0
Q4-2,96,4000,4400,0,0
Q4-2,96,4400,4800,0,0
Q4-2,96,4800,5200,0,0
Q4-2,96,5200,5600,0,0
Q4-2,96,5600,6000,0,0
Q4-2,96,6000,6400,0,0
Q4-2,96,6400,6800,0,0
Q4-2,96,6800,7200,0,0
Q4-2,96,7200,7600,0,0
Q4-2,96,7600,8000,0,0
Q4-2,96,8000,8400,0,0
Q4-2,96,8400,8800,0,0
Q4-2,96,8800,9200,0,0
Q4-2,96,9200,9600,0,0
Q4-2,96,9600,10000,0,0
Q4-2,96,10000,10400,1,0.0029940119760479044
Q4-2,96,10400,10800,333,0.99700598802395213
Q4-2,97,1200,1600,0,0
Q4-2,97,1600,2000,0,0
Q4-2,97,2000,2400,0,0
Q4-2,97,2400,2800,0,0
Q4-2,97,2800,3200,0,0
Q4-2,97,3200,3600,0,0
Q4-2,97,3600,4000,0,0
Q4-2,97,4000,4400,0,0
Q4-2,97,4400,4800,0,0
Q4-2,97,4800,5200,0,0
Q4-2,97,5200,5600,0,0
Q4-2,97,5600,6000,0,0
Q4-2,97,6000,6400,0,0
Q4-2,97,6400,6800,0,0
Q4-2,97,6800,7200,0,0
Q4-2,97,7200,7600,0,0
Q4-2,97,7600,8000,0,0
Q4-2,97,8000,8400,0,0
Q4-2,97,8400,8800,0,0
Q4-2,97,8800,9200,0,0
Q4-2,97,9200,9600,0,0
Q4-2,97,9600,10000,0,0
Q4-2,97,10000,10400,1,0.0029940119760479044
Q4-2,97,10400,10800,333,0.99700598802395213
Q4-2,98,1200,1600,0,0
Q4-2,98,1600,2000,0,0
Q4-2,98,2000,2400,0,0
Q4-2,98,2400,2800,0,0
Q4-2,98,2800,3200,0,0
Q4-2,98,3200,3600,0,0
Q4-2,98,3600,4000,0,0
Q4-2,98,4000,4400,0,0
Q4-2,98,4400,4800,0,0
Q4-2,98,4800,5200,0,0
Q4-2,98,5200,5600,0,0
Q4-2,98,5600,6000,0,0
Q4-2,98,6000,6400,0,0
Q4-2,98,6400,6800,0,0
Q4-2,98,6800,7200,0,0
Q4-2,98,7200,7600,0,0
Q4-2,98,7600,8000,0,0
Q4-2,98,8000,8400,0,0
Q4-2,98,8400,8800,0,0
Q4-2,98,8800,9200,0,0
Q4-2,98,9200,9600,0,0
Q4-2,98,9600,10000,0,0
Q4-2,98,10000,10400,0,0
Q4-2,98,10400,10800,334,1
Q4-2,99,1200,1600,0,0
Q4-2,99,1600,2000,0,0
Q4-2,99,2000,2400,0,0
Q4-2,99,2400,2800,0,0
Q4-2,99,2800,3200,0,0
Q4-2,99,3200,3600,0,0
Q4-2,99,3600,4000,0,0
Q4-2,99,4000,4400,0,0
Q4-2,99,4400,4800,0,0
Q4-2,99,4800,5200,0,0
Q4-2,99,5200,5600,0,0
Q4-2,99,5600,6000,0,0
Q4-2,99,6000,6400,0,0
Q4-2,99,6400,6800,0,0
Q4-2,99,6800,7200,0,0
Q4-2,99,7200,7600,0,0
Q4-2,99,7600,8000,0,0
Q4-2,99,8000,8400,0,0
Q4-2,99,8400,8800,0,0
Q4-2,99,8800,9200,0,0
Q4-2,99,9200,9600,0,0
Q4-2,99,9600,10000,0,0
Q4-2,99,10000,10400,0,0
Q4-2,99,10400,10800,334,1
Q4-2,100,1200,1600,0,0
Q4-2,100,1600,2000,0,0
Q4-2,100,2000,2400,0,0
Q4-2,100,2400,2800,0,0
Q4-2,100,2800,3200,0,0
Q4-2,100,3200,3600,0,0
Q4-2,100,3600,4000,0,0
Q4-2,100,4000,4400,0,0
Q4-2,100,4400,4800,0,0
Q4-2,100,4800,5200,0,0
Q4-2,100,5200,5600,0,0
Q4-2,100,5600,6000,0,0
Q4-2,100,6000,6400,0,0
Q4-2,100,6400,6800,0,0
Q4-2,100,6800,7200,0,0
Q4-2,100,7200,7600,0,0
Q4-2,100,7600,8000,0,0
Q4-2,100,8000,8400,0,0
Q4-2,100,8400,8800,0,0
Q4-2,100,8800,9200,0,0
Q4-2,100,9200,9600,0,0
Q4-2,100,9600,10000,0,0
Q4-2,100,10000,10400,0,0
Q4-2,100,10400,10800,334,1
Q4-2,101,1200,1600,0,0
Q4-2,101,1600,2000,0,0
Q4-2,101,2000,2400,0,0
Q4-2,101,2400,2800,0,0
Q4-2,101,2800,3200,0,0
Q4-2,101,3200,3600,0,0
Q4-2,101,3600,4000,0,0
Q4-2,101,4000,4400,0,0
Q4-2,101,4400,4800,0,0
Q4-2,101,4800,5200,0,0
Q4-2,101,5200,5600,0,0
Q4-2,101,5600,6000,0,0
Q4-2,101,6000,6400,0,0
Q4-2,101,6400,6800,0,0
Q4-2,101,6800,7200,0,0
Q4-2,101,7200,7600,0,0
Q4-2,101,7600,8000,0,0
Q4-2,101,8000,8400,0,0
Q4-2,101,8400,8800,0,0
Q4-2,101,8800,9200,0,0
Q4-2,101,9200,9600,0,0
Q4-2,101,9600,10000,0,0
Q4-2,101,10000,10400,0,0
Q4-2,101,10400,10800,334,1
Q4-2,102,1200,1600,0,0
Q4-2,102,1600,2000,0,0
Q4-2,102,2000,2400,0,0
Q4-2,102,2400,2800,0,0
Q4-2,102,2800,3200,0,0
Q4-2,102,3200,3600,0,0
Q4-2,102,3600,4000,0,0
Q4-2,102,4000,4400,0,0
Q4-2,102,4400,4800,0,0
Q4-2,102,4800,5200,0,0
Q4-2,102,5200,5600,0,0
Q4-2,102,5600,6000,0,0
Q4-2,102,6000,6400,0,0
Q4-2,102,6400,6800,0,0
Q4-2,102,6800,7200,0,0
Q4-2,102,7200,7600,0,0
Q4-2,102,7600,8000,0,0
Q4-2,102,8000,8400,0,0
Q4-2,102,8400,8800,0,0
Q4-2,102,8800,9200,0,0
Q4-2,102,9200,9600,0,0
Q4-2,102,9600,10000,0,0
Q4-2,102,10000,10400,0,0
Q4-2,102,10400,10800,334,1
Q4-2,103,1200,1600,0,0
Q4-2,103,1600,2000,0,0
Q4-2,103,2000,2400,0,0
Q4-2,103,2400,2800,0,0
Q4-2,103,2800,3200,0,0
Q4-2,103,3200,3600,0,0
Q4-2,103,3600,4000,0,0
Q4-2,103,4000,4400,0,0
Q4-2,103,4400,4800,0,0
Q4-2,103,4800,5200,0,0
Q4-2,103,5200,5600,0,0
Q4-2,103,5600,6000,0,0
Q4-2,103,6000,6400,0,0
Q4-2,103,6400,6800,0,0
Q4-2,103,6800,7200,0,0
Q4-2,103,7200,7600,0,0
Q4-2,103,7600,8000,0,0
Q4-2,103,8000,8400,0,0
Q4-2,103,8400,8800,0,0
Q4-2,103,8800,9200,0,0
Q4-2,103,9200,9600,0,0
Q4-2,103,9600,10000,0,0
Q4-2,103,10000,10400,0,0
Q4-2,103,10400,10800,334,1
Q4-2,104,1200,1600,0,0
Q4-2,104,1600,2000,0,0
Q4-2,104,2000,2400,0,0
Q4-2,104,2400,2800,0,0
Q4-2,104,2800,3200,0,0
Q4-2,104,3200,3600,0,0
Q4-2,104,3600,4000,0,0
Q4-2,104,4000,4400,0,0
Q4-2,104,4400,4800,0,0
Q4-2,104,4800,5200,0,0
Q4-2,104,5200,5600,0,0
Q4-2,104,5600,6000,0,0
Q4-2,104,6000,6400,0,0
Q4-2,104,6400,6800,0,0
Q4-2,104,6800,7200,0,0
Q4-2,104,7200,7600,0,0
Q4-2,104,7600,8000,0,0
Q4-2,104,8000,8400,0,0
Q4-2,104,8400,8800,0,0
Q4-2,104,8800,9200,0,0
Q4-2,104,9200,9600,0,0
Q4-2,104,9600,10000,0,0
Q4-2,104,10000,10400,0,0
Q4-2,104,10400,10800,334,1
Q4-2,105,1200,1600,0,0
Q4-2,105,1600,2000,0,0
Q4-2,105,2000,2400,0,0
Q4-2,105,2400,2800,0,0
Q4-2,105,2800,3200,0,0
Q4-2,105,3200,3600,0,0
Q4-2,105,3600,4000,0,0
Q4-2,105,4000,4400,0,0
Q4-2,105,4400,4800,0,0
Q4-2,105,4800,5200,0,0
Q4-2,105,5200,5600,0,0
Q4-2,105,5600,6000,0,0
Q4-2,105,6000,6400,0,0
Q4-2,105,6400,6800,0,0
Q4-2,105,6800,7200,0,0
Q4-2,105,7200,7600,0,0
Q4-2,105,7600,8000,0,0
Q4-2,105,8000,8400,0,0
Q4-2,105,8400,8800,0,0
Q4-2,105,8800,9200,0,0
Q4-2,105,9200,9600,0,0
Q4-2,105,9600,10000,0,0
Q4-2,105,10000,10400,0,0
Q4-2,105,10400,10800,334,1
Q4-2,106,1200,1600,0,0
Q4-2,106,1600,2000,0,0
Q4-2,106,2000,2400,0,0
Q4-2,106,2400,2800,0,0
Q4-2,106,2800,3200,0,0
Q4-2,106,3200,3600,0,0
Q4-2,106,3600,4000,0,0
Q4-2,106,4000,4400,0,0
Q4-2,106,4400,4800,0,0
Q4-2,106,4800,5200,0,0
Q4-2,106,5200,5600,0,0
Q4-2,106,5600,6000,0,0
Q4-2,106,6000,6400,0,0
Q4-2,106,6400,6800,0,0
Q4-2,106,6800,7200,0,0
Q4-2,106,7200,7600,0,0
Q4-2,106,7600,8000,0,0
Q4-2,106,8000,8400,0,0
Q4-2,106,8400,8800,0,0
Q4-2,106,8800,9200,0,0
Q4-2,106,9200,9600,0,0
Q4-2,106,9600,10000,0,0
Q4-2,106,10000,10400,0,0
Q4-2,106,10400,10800,334,1
Q4-2,107,1200,1600,0,0
Q4-2,107,1600,2000,0,0
Q4-2,107,2000,2400,0,0
Q4-2,107,2400,2800,0,0
Q4-2,107,2800,3200,0,0
Q4-2,107,3200,3600,0,0
Q4-2,107,3600,4000,0,0
Q4-2,107,4000,4400,0,0
Q4-2,107,4400,4800,0,0
Q4-2,107,4800,5200,0,0
Q4-2,107,5200,5600,0,0
Q4-2,107,5600,6000,0,0
Q4-2,107,6000,6400,0,0
Q4-2,107,6400,6800,0,0
Q4-2,107,6800,7200,0,0
Q4-2,107,7200,7600,0,0
Q4-2,107,7600,8000,0,0
Q4-2,107,8000,8400,0,0
Q4-2,107,8400,8800,0,0
Q4-2,107,8800,9200,0,0
Q4-2,107,9200,9600,0,0
Q4-2,107,9600,10000,53,0.15868263473053892
Q4-2,107,10000,10400,77,0.23053892215568864
Q4-2,107,10400,10800,204,0.6107784431137725
Q4-2,108,1200,1600,0,0
Q4-2,108,1600,2000,0,0
Q4-2,108,2000,2400,0,0
Q4-2,108,2400,2800,0,0
Q4-2,108,2800,3200,0,0
Q4-2,108,3200,3600,0,0
Q4-2,108,3600,4000,0,0
Q4-2,108,4000,4400,0,0
Q4-2,108,4400,4800,0,0
Q4-2,108,4800,5200,0,0
Q4-2,108,5200,5600,0,0
Q4-2,108,5600,6000,0,0
Q4-2,108,6000,6400,0,0
Q4-2,108,6400,6800,0,0
Q4-2,108,6800,7200,0,0
Q4-2,108,7200,7600,0,0
Q4-2,108,7600,8000,0,0
Q4-2,108,8000,8400,0,0
Q4-2,108,8400,8800,0,0
Q4-2,108,8800,9200,35,0.10479041916167664
Q4-2,108,9200,9600,45,0.1347305389221557
Q4-2,108,9600,10000,53,0.15868263473053892
Q4-2,108,10000,10400,39,0.11676646706586827
Q4-2,108,10400,10800,162,0.48502994011976047
Q4-2,109,1200,1600,0,0
Q4-2,109,1600,2000,0,0
Q4-2,109,2000,2400,0,0
Q4-2,109,2400,2800,0,0
Q4-2,109,2800,3200,0,0
Q4-2,109,3200,3600,0,0
Q4-2,109,3600,4000,0,0
Q4-2,109,4000,4400,0,0
Q4-2,109,4400,4800,0,0
Q4-2,109,4800,5200,0,0
Q4-2,109,5200,5600,0,0
Q4-2,109,5600,6000,0,0
Q4-2,109,6000,6400,0,0
Q4-2,109,6400,6800,0,0
Q4-2,109,6800,7200,0,0
Q4-2,109,7200,7600,0,0
Q4-2,109,7600,8000,0,0
Q4-2,109,8000,8400,25,0.074850299401197598
Q4-2,109,8400,8800,11,0.032934131736526949
Q4-2,109,8800,9200,69,0.20658682634730538
Q4-2,109,9200,9600,34,0.10179640718562874
Q4-2,109,9600,10000,11,0.032934131736526949
Q4-2,109,10000,10400,35,0.10479041916167664
Q4-2,109,10400,10800,149,0.44610778443113774
Q4-2,110,1200,1600,0,0
Q4-2,110,1600,2000,0,0
Q4-2,110,2000,2400,0,0
Q4-2,110,2400,2800,0,0
Q4-2,110,2800,3200,0,0
Q4-2,110,3200,3600,0,0
Q4-2,110,3600,4000,0,0
Q4-2,110,4000,4400,0,0
Q4-2,110,4400,4800,0,0
Q4-2,110,4800,5200,0,0
Q4-2,110,5200,5600,0,0
Q4-2,110,5600,6000,0,0
Q4-2,110,6000,6400,0,0
Q4-2,110,6400,6800,0,0
Q4-2,110,6800,7200,4,0.011976047904191617
Q4-2,110,7200,7600,15,0.044910179640718563
Q4-2,110,7600,8000,7,0.020958083832335328
Q4-2,110,8000,8400,25,0.074850299401197598
Q4-2,110,8400,8800,63,0.18862275449101795
Q4-2,110,8800,9200,19,0.056886227544910177
Q4-2,110,9200,9600,30,0.089820359281437126
Q4-2,110,9600,10000,13,0.038922155688622756
Q4-2,110,10000,10400,27,0.080838323353293412
Q4-2,110,10400,10800,131,0.39221556886227543
Q4-2,111,1200,1600,0,0
Q4-2,111,1600,2000,0,0
Q4-2,111,2000,2400,0,0
Q4-2,111,2400,2800,0,0
Q4-2,111,2800,3200,0,0
Q4-2,111,3200,3600,0,0
Q4-2,111,3600,4000,0,0
Q4-2,111,4000,4400,0,0
Q4-2,111,4400,4800,0,0
Q4-2,111,4800,5200,0,0
Q4-2,111,5200,5600,0,0
Q4-2,111,5600,6000,0,0
Q4-2,111,6000,6400,4,0.011976047904191617
Q4-2,111,6400,6800,13,0.038922155688622756
Q4-2,111,6800,7200,8,0.023952095808383235
Q4-2,111,7200,7600,17,0.05089820359281437
Q4-2,111,7600,8000,18,0.053892215568862277
Q4-2,111,8000,8400,66,0.19760479041916168
Q4-2,111,8400,8800,19,0.056886227544910177
Q4-2,111,8800,9200,19,0.056886227544910177
Q4-2,111,9200,9600,21,0.062874251497005984
Q4-2,111,9600,10000,16,0.04790419161676647
Q4-2,111,10000,10400,19,0.056886227544910177
Q4-2,111,10400,10800,114,0.3413173652694611
Q4-2,112,1200,1600,0,0
Q4-2,112,1600,2000,0,0
Q4-2,112,2000,2400,0,0
Q4-2,112,2400,2800,0,0
Q4-2,112,2800,3200,0,0
Q4-2,112,3200,3600,0,0
Q4-2,112,3600,4000,0,0
Q4-2,112,4000,4400,0,0
Q4-2,112,4400,4800,0,0
Q4-2,112,4800,5200,0,0
Q4-2,112,5200,5600,1,0.0029940119760479044
Q4-2,112,5600,6000,8,0.023952095808383235
Q4-2,112,6000,6400,12,0.035928143712574849
Q4-2,112,6400,6800,11,0.032934131736526949
Q4-2,112,6800,7200,17,0.05089820359281437
Q4-2,112,7200,7600,53,0.15868263473053892
Q4-2,112,7600,8000,32,0.09580838323353294
Q4-2,112,8000,8400,22,0.065868263473053898
Q4-2,112,8400,8800,23,0.068862275449101798
Q4-2,112,8800,9200,17,0.05089820359281437
Q4-2,112,9200,9600,18,0.053892215568862277
Q4-2,112,9600,10000,14,0.041916167664670656
Q4-2,112,10000,10400,25,0.074850299401197598
Q4-2,112,10400,10800,81,0.24251497005988024
Q4-2,113,1200,1600,0,0
Q4-2,113,1600,2000,0,0
Q4-2,113,2000,2400,0,0
Q4-2,113,2400,2800,0,0
Q4-2,113,2800,3200,0,0
Q4-2,113,3200,3600,0,0
Q4-2,113,3600,4000,0,0
Q4-2,113,4000,4400,0,0
Q4-2,113,4400,4800,0,0
Q4-2,113,4800,5200,7,0.020958083832335328
Q4-2,113,5200,5600,7,0.020958083832335328
Q4-2,113,5600,6000,6,0.017964071856287425
Q4-2,113,6000,6400,19,0.056886227544910177
Q4-2,113,6400,6800,24,0.071856287425149698
Q4-2,113,6800,7200,60,0.17964071856287425
Q4-2,113,7200,7600,18,0.053892215568862277
Q4-2,113,7600,8000,33,0.09880239520958084
Q4-2,113,8000,8400,17,0.05089820359281437
Q4-2,113,8400,8800,20,0.059880239520958084
Q4-2,113,8800,9200,14,0.041916167664670656
Q4-2,113,9200,9600,31,0.092814371257485026
Q4-2,113,9600,10000,70,0.20958083832335328
Q4-2,113,10000,10400,2,0.0059880239520958087
Q4-2,113,10400,10800,6,0.017964071856287425
Q4-2,114,1200,1600,0,0
Q4-2,114,1600,2000,0,0
Q4-2,114,2000,2400,0,0
Q4-2,114,2400,2800,0,0
Q4-2,114,2800,3200,0,0
Q4-2,114,3200,3600,0,0
Q4-2,114,3600,4000,1,0.0029940119760479044
Q4-2,114,4000,4400,4,0.011976047904191617
Q4-2,114,4400,4800,5,0.014970059880239521
Q4-2,114,4800,5200,7,0.020958083832335328
Q4-2,114,5200,5600,8,0.023952095808383235
Q4-2,114,5600,6000,16,0.04790419161676647
Q4-2,114,6000,6400,25,0.074850299401197598
Q4-2,114,6400,6800,69,0.20658682634730538
Q4-2,114,6800,7200,41,0.12275449101796407
Q4-2,114,7200,7600,12,0.035928143712574849
Q4-2,114,7600,8000,20,0.059880239520958084
Q4-2,114,8000,8400,15,0.044910179640718563
Q4-2,114,8400,8800,35,0.10479041916167664
Q4-2,114,8800,9200,69,0.20658682634730538
Q4-2,114,9200,9600,7,0.020958083832335328
Q4-2,114,9600,10000,0,0
Q4-2,114,10000,10400,0,0
Q4-2,114,10400,10800,0,0
Q4-2,115,1200,1600,0,0
Q4-2,115,1600,2000,0,0
Q4-2,115,2000,2400,0,0
Q4-2,115,2400,2800,0,0
Q4-2,115,2800,3200,0,0
Q4-2,115,3200,3600,1,0.0029940119760479044
Q4-2,115,3600,4000,3,0.0089820359281437123
Q4-2,115,4000,4400,3,0.0089820359281437123
Q4-2,115,4400,4800,6,0.017964071856287425
Q4-2,115,4800,5200,14,0.041916167664670656
Q4-2,115,5200,5600,21,0.062874251497005984
Q4-2,115,5600,6000,55,0.16467065868263472
Q4-2,115,6000,6400,53,0.15868263473053892
Q4-2,115,6400,6800,23,0.068862275449101798
Q4-2,115,6800,7200,24,0.071856287425149698
Q4-2,115,7200,7600,11,0.032934131736526949
Q4-2,115,7600,8000,42,0.12574850299401197
Q4-2,115,8000,8400,55,0.16467065868263472
Q4-2,115,8400,8800,23,0.068862275449101798
Q4-2,115,8800,9200,0,0
Q4-2,115,9200,9600,0,0
Q4-2,115,9600,10000,0,0
Q4-2,115,10000,10400,0,0
Q4-2,115,10400,10800,0,0
Q4-2,116,1200,1600,0,0
Q4-2,116,1600,2000,0,0
Q4-2,116,2000,2400,0,0
Q4-2,116,2400,2800,0,0
Q4-2,116,2800,3200,0,0
Q4-2,116,3200,3600,1,0.0029940119760479044
Q4-2,116,3600,4000,3,0.0089820359281437123
Q4-2,116,4000,4400,8,0.023952095808383235
Q4-2,116,4400,4800,19,0.056886227544910177
Q4-2,116,4800,5200,20,0.059880239520958084
Q4-2,116,5200,5600,78,0.23353293413173654
Q4-2,116,5600,6000,40,0.11976047904191617
Q4-2,116,6000,6400,26,0.077844311377245512
Q4-2,116,6400,6800,17,0.05089820359281437
Q4-2,116,6800,7200,64,0.19161676646706588
Q4-2,116,7200,7600,23,0.068862275449101798
Q4-2,116,7600,8000,35,0.10479041916167664
Q4-2,116,8000,8400,0,0
Q4-2,116,8400,8800,0,0
Q4-2,116,8800,9200,0,0
Q4-2,116,9200,9600,0,0
Q4-2,116,9600,10000,0,0
Q4-2,116,10000,10400,0,0
Q4-2,116,10400,10800,0,0
Q4-2,117,1200,1600,0,0
Q4-2,117,1600,2000,0,0
Q4-2,117,2000,2400,0,0
Q4-2,117,2400,2800,0,0
Q4-2,117,2800,3200,0,0
Q4-2,117,3200,3600,3,0.0089820359281437123
Q4-2,117,3600,4000,17,0.05089820359281437
Q4-2,117,4000,4400,15,0.044910179640718563
Q4-2,117,4400,4800,38,0.11377245508982035
Q4-2,117,4800,5200,81,0.24251497005988024
Q4-2,117,5200,5600,32,0.09580838323353294
Q4-2,117,5600,6000,26,0.077844311377245512
Q4-2,117,6000,6400,61,0.18263473053892215
Q4-2,117,6400,6800,61,0.18263473053892215
Q4-2,117,6800,7200,0,0
Q4-2,117,7200,7600,0,0
Q4-2,117,7600,8000,0,0
Q4-2,117,8000,8400,0,0
Q4-2,117,8400,8800,0,0
Q4-2,117,8800,9200,0,0
Q4-2,117,9200,9600,0,0
Q4-2,117,9600,10000,0,0
Q4-2,117,10000,10400,0,0
Q4-2,117,10400,10800,0,0
Q4-2,118,1200,1600,0,0
Q4-2,118,1600,2000,0,0
Q4-2,118,2000,2400,0,0
Q4-2,118,2400,2800,1,0.0029940119760479044
Q4-2,118,2800,3200,8,0.023952095808383235
Q4-2,118,3200,3600,6,0.017964071856287425
Q4-2,118,3600,4000,49,0.1467065868263473
Q4-2,118,4000,4400,52,0.15568862275449102
Q4-2,118,4400,4800,60,0.17964071856287425
Q4-2,118,4800,5200,27,0.080838323353293412
Q4-2,118,5200,5600,56,0.16766467065868262
Q4-2,118,5600,6000,75,0.22455089820359281
Q4-2,118,6000,6400,0,0
Q4-2,118,6400,6800,0,0
Q4-2,118,6800,7200,0,0
Q4-2,118,7200,7600,0,0
Q4-2,118,7600,8000,0,0
Q4-2,118,8000,8400,0,0
Q4-2,118,8400,8800,0,0
Q4-2,118,8800,9200,0,0
Q4-2,118,9200,9600,0,0
Q4-2,118,9600,10000,0,0
Q4-2,118,10000,10400,0,0
Q4-2,118,10400,10800,0,0
Q4-2,119,1200,1600,0,0
Q4-2,119,1600,2000,0,0
Q4-2,119,2000,2400,4,0.011976047904191617
Q4-2,119,2400,2800,2,0.0059880239520958087
Q4-2,119,2800,3200,37,0.11077844311377245
Q4-2,119,3200,3600,11,0.032934131736526949
Q4-2,119,3600,4000,104,0.31137724550898205
Q4-2,119,4000,4400,30,0.089820359281437126
Q4-2,119,4400,4800,70,0.20958083832335328
Q4-2,119,4800,5200,76,0.22754491017964071
Q4-2,119,5200,5600,0,0
Q4-2,119,5600,6000,0,0
Q4-2,119,6000,6400,0,0
Q4-2,119,6400,6800,0,0
Q4-2,119,6800,7200,0,0
Q4-2,119,7200,7600,0,0
Q4-2,119,7600,8000,0,0
Q4-2,119,8000,8400,0,0
Q4-2,119,8400,8800,0,0
Q4-2,119,8800,9200,0,0
Q4-2,119,9200,9600,0,0
Q4-2,119,9600,10000,0,0
Q4-2,119,10000,10400,0,0
Q4-2,119,10400,10800,0,0
Q4-2,120,1200,1600,0,0
Q4-2,120,1600,2000,2,0.0059880239520958087
Q4-2,120,2000,2400,23,0.068862275449101798
Q4-2,120,2400,2800,8,0.023952095808383235
Q4-2,120,2800,3200,60,0.17964071856287425
Q4-2,120,3200,3600,81,0.24251497005988024
Q4-2,120,3600,4000,150,0.44910179640718562
Q4-2,120,4000,4400,10,0.029940119760479042
Q4-2,120,4400,4800,0,0
Q4-2,120,4800,5200,0,0
Q4-2,120,5200,5600,0,0
Q4-2,120,5600,6000,0,0
Q4-2,120,6000,6400,0,0
Q4-2,120,6400,6800,0,0
Q4-2,120,6800,7200,0,0
Q4-2,120,7200,7600,0,0
Q4-2,120,7600,8000,0,0
Q4-2,120,8000,8400,0,0
Q4-2,120,8400,8800,0,0
Q4-2,120,8800,9200,0,0
Q4-2,120,9200,9600,0,0
Q4-2,120,9600,10000,0,0
Q4-2,120,10000,10400,0,0
Q4-2,120,10400,10800,0,0
Q4-2,121,1200,1600,1,0.0029940119760479044
Q4-2,121,1600,2000,2,0.0059880239520958087
Q4-2,121,2000,2400,45,0.1347305389221557
Q4-2,121,2400,2800,72,0.21556886227544911
Q4-2,121,2800,3200,204,0.6107784431137725
Q4-2,121,3200,3600,10,0.029940119760479042
Q4-2,121,3600,4000,0,0
Q4-2,121,4000,4400,0,0
Q4-2,121,4400,4800,0,0
Q4-2,121,4800,5200,0,0
Q4-2,121,5200,5600,0,0
Q4-2,121,5600,6000,0,0
Q4-2,121,6000,6400,0,0
Q4-2,121,6400,6800,0,0
Q4-2,121,6800,7200,0,0
Q4-2,121,7200,7600,0,0
Q4-2,121,7600,8000,0,0
Q4-2,121,8000,8400,0,0
Q4-2,121,8400,8800,0,0
Q4-2,121,8800,9200,0,0
Q4-2,121,9200,9600,0,0
Q4-2,121,9600,10000,0,0
Q4-2,121,10000,10400,0,0
Q4-2,121,10400,10800,0,0
Q4-2,122,1200,1600,1,0.0029940119760479044
Q4-2,122,1600,2000,29,0.086826347305389226
Q4-2,122,2000,2400,295,0.88323353293413176
Q4-2,122,2400,2800,9,0.026946107784431138
Q4-2,122,2800,3200,0,0
Q4-2,122,3200,3600,0,0
Q4-2,122,3600,4000,0,0
Q4-2,122,4000,4400,0,0
Q4-2,122,4400,4800,0,0
Q4-2,122,4800,5200,0,0
Q4-2,122,5200,5600,0,0
Q4-2,122,5600,6000,0,0
Q4-2,122,6000,6400,0,0
Q4-2,122,6400,6800,0,0
Q4-2,122,6800,7200,0,0
Q4-2,122,7200,7600,0,0
Q4-2,122,7600,8000,0,0
Q4-2,122,8000,8400,0,0
Q4-2,122,8400,8800,0,0
Q4-2,122,8800,9200,0,0
Q4-2,122,9200,9600,0,0
Q4-2,122,9600,10000,0,0
Q4-2,122,10000,10400,0,0
Q4-2,122,10400,10800,0,0
Q4-2,123,1200,1600,279,0.83532934131736525
Q4-2,123,1600,2000,55,0.16467065868263472
Q4-2,123,2000,2400,0,0
Q4-2,123,2400,2800,0,0
Q4-2,123,2800,3200,0,0
Q4-2,123,3200,3600,0,0
Q4-2,123,3600,4000,0,0
Q4-2,123,4000,4400,0,0
Q4-2,123,4400,4800,0,0
Q4-2,123,4800,5200,0,0
Q4-2,123,5200,5600,0,0
Q4-2,123,5600,6000,0,0
Q4-2,123,6000,6400,0,0
Q4-2,123,6400,6800,0,0
Q4-2,123,6800,7200,0,0
Q4-2,123,7200,7600,0,0
Q4-2,123,7600,8000,0,0
Q4-2,123,8000,8400,0,0
Q4-2,123,8400,8800,0,0
Q4-2,123,8800,9200,0,0
Q4-2,123,9200,9600,0,0
Q4-2,123,9600,10000,0,0
Q4-2,123,10000,10400,0,0
Q4-2,123,10400,10800,0,0
Q4-2,124,1200,1600,334,1
Q4-2,124,1600,2000,0,0
Q4-2,124,2000,2400,0,0
Q4-2,124,2400,2800,0,0
Q4-2,124,2800,3200,0,0
Q4-2,124,3200,3600,0,0
Q4-2,124,3600,4000,0,0
Q4-2,124,4000,4400,0,0
Q4-2,124,4400,4800,0,0
Q4-2,124,4800,5200,0,0
Q4-2,124,5200,5600,0,0
Q4-2,124,5600,6000,0,0
Q4-2,124,6000,6400,0,0
Q4-2,124,6400,6800,0,0
Q4-2,124,6800,7200,0,0
Q4-2,124,7200,7600,0,0
Q4-2,124,7600,8000,0,0
Q4-2,124,8000,8400,0,0
Q4-2,124,8400,8800,0,0
Q4-2,124,8800,9200,0,0
Q4-2,124,9200,9600,0,0
Q4-2,124,9600,10000,0,0
Q4-2,124,10000,10400,0,0
Q4-2,124,10400,10800,0,0
Q4-2,125,1200,1600,334,1
Q4-2,125,1600,2000,0,0
Q4-2,125,2000,2400,0,0
Q4-2,125,2400,2800,0,0
Q4-2,125,2800,3200,0,0
Q4-2,125,3200,3600,0,0
Q4-2,125,3600,4000,0,0
Q4-2,125,4000,4400,0,0
Q4-2,125,4400,4800,0,0
Q4-2,125,4800,5200,0,0
Q4-2,125,5200,5600,0,0
Q4-2,125,5600,6000,0,0
Q4-2,125,6000,6400,0,0
Q4-2,125,6400,6800,0,0
Q4-2,125,6800,7200,0,0
Q4-2,125,7200,7600,0,0
Q4-2,125,7600,8000,0,0
Q4-2,125,8000,8400,0,0
Q4-2,125,8400,8800,0,0
Q4-2,125,8800,9200,0,0
Q4-2,125,9200,9600,0,0
Q4-2,125,9600,10000,0,0
Q4-2,125,10000,10400,0,0
Q4-2,125,10400,10800,0,0
Q4-2,126,1200,1600,334,1
Q4-2,126,1600,2000,0,0
Q4-2,126,2000,2400,0,0
Q4-2,126,2400,2800,0,0
Q4-2,126,2800,3200,0,0
Q4-2,126,3200,3600,0,0
Q4-2,126,3600,4000,0,0
Q4-2,126,4000,4400,0,0
Q4-2,126,4400,4800,0,0
Q4-2,126,4800,5200,0,0
Q4-2,126,5200,5600,0,0
Q4-2,126,5600,6000,0,0
Q4-2,126,6000,6400,0,0
Q4-2,126,6400,6800,0,0
Q4-2,126,6800,7200,0,0
Q4-2,126,7200,7600,0,0
Q4-2,126,7600,8000,0,0
Q4-2,126,8000,8400,0,0
Q4-2,126,8400,8800,0,0
Q4-2,126,8800,9200,0,0
Q4-2,126,9200,9600,0,0
Q4-2,126,9600,10000,0,0
Q4-2,126,10000,10400,0,0
Q4-2,126,10400,10800,0,0
Q4-2,127,1200,1600,334,1
Q4-2,127,1600,2000,0,0
Q4-2,127,2000,2400,0,0
Q4-2,127,2400,2800,0,0
Q4-2,127,2800,3200,0,0
Q4-2,127,3200,3600,0,0
Q4-2,127,3600,4000,0,0
Q4-2,127,4000,4400,0,0
Q4-2,127,4400,4800,0,0
Q4-2,127,4800,5200,0,0
Q4-2,127,5200,5600,0,0
Q4-2,127,5600,6000,0,0
Q4-2,127,6000,6400,0,0
Q4-2,127,6400,6800,0,0
Q4-2,127,6800,7200,0,0
Q4-2,127,7200,7600,0,0
Q4-2,127,7600,8000,0,0
Q4-2,127,8000,8400,0,0
Q4-2,127,8400,8800,0,0
Q4-2,127,8800,9200,0,0
Q4-2,127,9200,9600,0,0
Q4-2,127,9600,10000,0,0
Q4-2,127,10000,10400,0,0
Q4-2,127,10400,10800,0,0
Q4-2,128,1200,1600,334,1
Q4-2,128,1600,2000,0,0
Q4-2,128,2000,2400,0,0
Q4-2,128,2400,2800,0,0
Q4-2,128,2800,3200,0,0
Q4-2,128,3200,3600,0,0
Q4-2,128,3600,4000,0,0
Q4-2,128,4000,4400,0,0
Q4-2,128,4400,4800,0,0
Q4-2,128,4800,5200,0,0
Q4-2,128,5200,5600,0,0
Q4-2,128,5600,6000,0,0
Q4-2,128,6000,6400,0,0
Q4-2,128,6400,6800,0,0
Q4-2,128,6800,7200,0,0
Q4-2,128,7200,7600,0,0
Q4-2,128,7600,8000,0,0
Q4-2,128,8000,8400,0,0
Q4-2,128,8400,8800,0,0
Q4-2,128,8800,9200,0,0
Q4-2,128,9200,9600,0,0
Q4-2,128,9600,10000,0,0
Q4-2,128,10000,10400,0,0
Q4-2,128,10400,10800,0,0
Q4-2,129,1200,1600,334,1
Q4-2,129,1600,2000,0,0
Q4-2,129,2000,2400,0,0
Q4-2,129,2400,2800,0,0
Q4-2,129,2800,3200,0,0
Q4-2,129,3200,3600,0,0
Q4-2,129,3600,4000,0,0
Q4-2,129,4000,4400,0,0
Q4-2,129,4400,4800,0,0
Q4-2,129,4800,5200,0,0
Q4-2,129,5200,5600,0,0
Q4-2,129,5600,6000,0,0
Q4-2,129,6000,6400,0,0
Q4-2,129,6400,6800,0,0
Q4-2,129,6800,7200,0,0
Q4-2,129,7200,7600,0,0
Q4-2,129,7600,8000,0,0
Q4-2,129,8000,8400,0,0
Q4-2,129,8400,8800,0,0
Q4-2,129,8800,9200,0,0
Q4-2,129,9200,9600,0,0
Q4-2,129,9600,10000,0,0
Q4-2,129,10000,10400,0,0
Q4-2,129,10400,10800,0,0
Q4-2,130,1200,1600,334,1
Q4-2,130,1600,2000,0,0
Q4-2,130,2000,2400,0,0
Q4-2,130,2400,2800,0,0
Q4-2,130,2800,3200,0,0
Q4-2,130,3200,3600,0,0
Q4-2,130,3600,4000,0,0
Q4-2,130,4000,4400,0,0
Q4-2,130,4400,4800,0,0
Q4-2,130,4800,5200,0,0
Q4-2,130,5200,5600,0,0
Q4-2,130,5600,6000,0,0
Q4-2,130,6000,6400,0,0
Q4-2,130,6400,6800,0,0
Q4-2,130,6800,7200,0,0
Q4-2,130,7200,7600,0,0
Q4-2,130,7600,8000,0,0
Q4-2,130,8000,8400,0,0
Q4-2,130,8400,8800,0,0
Q4-2,130,8800,9200,0,0
Q4-2,130,9200,9600,0,0
Q4-2,130,9600,10000,0,0
Q4-2,130,10000,10400,0,0
Q4-2,130,10400,10800,0,0
Q4-2,131,1200,1600,210,0.62874251497005984
Q4-2,131,1600,2000,124,0.3712574850299401
Q4-2,131,2000,2400,0,0
Q4-2,131,2400,2800,0,0
Q4-2,131,2800,3200,0,0
Q4-2,131,3200,3600,0,0
Q4-2,131,3600,4000,0,0
Q4-2,131,4000,4400,0,0
Q4-2,131,4400,4800,0,0
Q4-2,131,4800,5200,0,0
Q4-2,131,5200,5600,0,0
Q4-2,131,5600,6000,0,0
Q4-2,131,6000,6400,0,0
Q4-2,131,6400,6800,0,0
Q4-2,131,6800,7200,0,0
Q4-2,131,7200,7600,0,0
Q4-2,131,7600,8000,0,0
Q4-2,131,8000,8400,0,0
Q4-2,131,8400,8800,0,0
Q4-2,131,8800,9200,0,0
Q4-2,131,9200,9600,0,0
Q4-2,131,9600,10000,0,0
Q4-2,131,10000,10400,0,0
Q4-2,131,10400,10800,0,0
Q4-2,132,1200,1600,101,0.30239520958083832
Q4-2,132,1600,2000,109,0.32634730538922158
Q4-2,132,2000,2400,1,0.0029940119760479044
Q4-2,132,2400,2800,123,0.36826347305389223
Q4-2,132,2800,3200,0,0
Q4-2,132,3200,3600,0,0
Q4-2,132,3600,4000,0,0
Q4-2,132,4000,4400,0,0
Q4-2,132,4400,4800,0,0
Q4-2,132,4800,5200,0,0
Q4-2,132,5200,5600,0,0
Q4-2,132,5600,6000,0,0
Q4-2,132,6000,6400,0,0
Q4-2,132,6400,6800,0,0
Q4-2,132,6800,7200,0,0
Q4-2,132,7200,7600,0,0
Q4-2,132,7600,8000,0,0
Q4-2,132,8000,8400,0,0
Q4-2,132,8400,8800,0,0
Q4-2,132,8800,9200,0,0
Q4-2,132,9200,9600,0,0
Q4-2,132,9600,10000,0,0
Q4-2,132,10000,10400,0,0
Q4-2,132,10400,10800,0,0
Q4-2,133,1200,1600,102,0.30538922155688625
Q4-2,133,1600,2000,88,0.26347305389221559
Q4-2,133,2000,2400,1,0.0029940119760479044
Q4-2,133,2400,2800,69,0.20658682634730538
Q4-2,133,2800,3200,0,0
Q4-2,133,3200,3600,74,0.22155688622754491
Q4-2,133,3600,4000,0,0
Q4-2,133,4000,4400,0,0
Q4-2,133,4400,4800,0,0
Q4-2,133,4800,5200,0,0
Q4-2,133,5200,5600,0,0
Q4-2,133,5600,6000,0,0
Q4-2,133,6000,6400,0,0
Q4-2,133,6400,6800,0,0
Q4-2,133,6800,7200,0,0
Q4-2,133,7200,7600,0,0
Q4-2,133,7600,8000,0,0
Q4-2,133,8000,8400,0,0
Q4-2,133,8400,8800,0,0
Q4-2,133,8800,9200,0,0
Q4-2,133,9200,9600,0,0
Q4-2,133,9600,10000,0,0
Q4-2,133,10000,10400,0,0
Q4-2,133,10400,10800,0,0
Q4-2,134,1200,1600,100,0.29940119760479039
Q4-2,134,1600,2000,72,0.21556886227544911
Q4-2,134,2000,2400,1,0.0029940119760479044
Q4-2,134,2400,2800,50,0.1497005988023952
Q4-2,134,2800,3200,0,0
Q4-2,134,3200,3600,45,0.1347305389221557
Q4-2,134,3600,4000,0,0
Q4-2,134,4000,4400,66,0.19760479041916168
Q4-2,134,4400,4800,0,0
Q4-2,134,4800,5200,0,0
Q4-2,134,5200,5600,0,0
Q4-2,134,5600,6000,0,0
Q4-2,134,6000,6400,0,0
Q4-2,134,6400,6800,0,0
Q4-2,134,6800,7200,0,0
Q4-2,134,7200,7600,0,0
Q4-2,134,7600,8000,0,0
Q4-2,134,8000,8400,0,0
Q4-2,134,8400,8800,0,0
Q4-2,134,8800,9200,0,0
Q4-2,134,9200,9600,0,0
Q4-2,134,9600,10000,0,0
Q4-2,134,10000,10400,0,0
Q4-2,134,10400,10800,0,0
Q4-2,135,1200,1600,94,0.28143712574850299
Q4-2,135,1600,2000,56,0.16766467065868262
Q4-2,135,2000,2400,3,0.0089820359281437123
Q4-2,135,2400,2800,49,0.1467065868263473
Q4-2,135,2800,3200,0,0
Q4-2,135,3200,3600,31,0.092814371257485026
Q4-2,135,3600,4000,0,0
Q4-2,135,4000,4400,38,0.11377245508982035
Q4-2,135,4400,4800,3,0.0089820359281437123
Q4-2,135,4800,5200,60,0.17964071856287425
Q4-2,135,5200,5600,0,0
Q4-2,135,5600,6000,0,0
Q4-2,135,6000,6400,0,0
Q4-2,135,6400,6800,0,0
Q4-2,135,6800,7200,0,0
Q4-2,135,7200,7600,0,0
Q4-2,135,7600,8000,0,0
Q4-2,135,8000,8400,0,0
Q4-2,135,8400,8800,0,0
Q4-2,135,8800,9200,0,0
Q4-2,135,9200,9600,0,0
Q4-2,135,9600,10000,0,0
Q4-2,135,10000,10400,0,0
Q4-2,135,10400,10800,0,0
Q4-2,136,1200,1600,93,0.27844311377245506
Q4-2,136,1600,2000,50,0.1497005988023952
Q4-2,136,2000,2400,2,0.0059880239520958087
Q4-2,136,2400,2800,35,0.10479041916167664
Q4-2,136,2800,3200,1,0.0029940119760479044
Q4-2,136,3200,3600,27,0.080838323353293412
Q4-2,136,3600,4000,0,0
Q4-2,136,4000,4400,36,0.10778443113772455
Q4-2,136,4400,4800,1,0.0029940119760479044
Q4-2,136,4800,5200,32,0.09580838323353294
Q4-2,136,5200,5600,5,0.014970059880239521
Q4-2,136,5600,6000,52,0.15568862275449102
Q4-2,136,6000,6400,0,0
Q4-2,136,6400,6800,0,0
Q4-2,136,6800,7200,0,0
Q4-2,136,7200,7600,0,0
Q4-2,136,7600,8000,0,0
Q4-2,136,8000,8400,0,0
Q4-2,136,8400,8800,0,0
Q4-2,136,8800,9200,0,0
Q4-2,136,9200,9600,0,0
Q4-2,136,9600,10000,0,0
Q4-2,136,10000,10400,0,0
Q4-2,136,10400,10800,0,0
Q4-2,137,1200,1600,92,0.27544910179640719
Q4-2,137,1600,2000,41,0.12275449101796407
Q4-2,137,2000,2400,2,0.0059880239520958087
Q4-2,137,2400,2800,33,0.09880239520958084
Q4-2,137,2800,3200,0,0
Q4-2,137,3200,3600,26,0.077844311377245512
Q4-2,137,3600,4000,2,0.0059880239520958087
Q4-2,137,4000,4400,30,0.089820359281437126
Q4-2,137,4400,4800,0,0
Q4-2,137,4800,5200,31,0.092814371257485026
Q4-2,137,5200,5600,7,0.020958083832335328
Q4-2,137,5600,6000,18,0.053892215568862277
Q4-2,137,6000,6400,7,0.020958083832335328
Q4-2,137,6400,6800,45,0.1347305389221557
Q4-2,137,6800,7200,0,0
Q4-2,137,7200,7600,0,0
Q4-2,137,7600,8000,0,0
Q4-2,137,8000,8400,0,0
Q4-2,137,8400,8800,0,0
Q4-2,137,8800,9200,0,0
Q4-2,137,9200,9600,0,0
Q4-2,137,9600,10000,0,0
Q4-2,137,10000,10400,0,0
Q4-2,137,10400,10800,0,0
Q4-2,138,1200,1600,91,0.27245508982035926
Q4-2,138,1600,2000,39,0.11676646706586827
Q4-2,138,2000,2400,2,0.0059880239520958087
Q4-2,138,2400,2800,30,0.089820359281437126
Q4-2,138,2800,3200,0,0
Q4-2,138,3200,3600,23,0.068862275449101798
Q4-2,138,3600,4000,2,0.0059880239520958087
Q4-2,138,4000,4400,23,0.068862275449101798
Q4-2,138,4400,4800,1,0.0029940119760479044
Q4-2,138,4800,5200,23,0.068862275449101798
Q4-2,138,5200,5600,6,0.017964071856287425
Q4-2,138,5600,6000,26,0.077844311377245512
Q4-2,138,6000,6400,8,0.023952095808383235
Q4-2,138,6400,6800,14,0.041916167664670656
Q4-2,138,6800,7200,16,0.04790419161676647
Q4-2,138,7200,7600,30,0.089820359281437126
Q4-2,138,7600,8000,0,0
Q4-2,138,8000,8400,0,0
Q4-2,138,8400,8800,0,0
Q4-2,138,8800,9200,0,0
Q4-2,138,9200,9600,0,0
Q4-2,138,9600,10000,0,0
Q4-2,138,10000,10400,0,0
Q4-2,138,10400,10800,0,0
Q4-2,139,1200,1600,91,0.27245508982035926
Q4-2,139,1600,2000,38,0.11377245508982035
Q4-2,139,2000,2400,2,0.0059880239520958087
Q4-2,139,2400,2800,24,0.071856287425149698
Q4-2,139,2800,3200,0,0
Q4-2,139,3200,3600,25,0.074850299401197598
Q4-2,139,3600,4000,2,0.0059880239520958087
Q4-2,139,4000,4400,18,0.053892215568862277
Q4-2,139,4400,4800,2,0.0059880239520958087
Q4-2,139,4800,5200,18,0.053892215568862277
Q4-2,139,5200,5600,5,0.014970059880239521
Q4-2,139,5600,6000,23,0.068862275449101798
Q4-2,139,6000,6400,7,0.020958083832335328
Q4-2,139,6400,6800,20,0.059880239520958084
Q4-2,139,6800,7200,10,0.029940119760479042
Q4-2,139,7200,7600,5,0.014970059880239521
Q4-2,139,7600,8000,44,0.1317365269461078
Q4-2,139,8000,8400,0,0
Q4-2,139,8400,8800,0,0
Q4-2,139,8800,9200,0,0
Q4-2,139,9200,9600,0,0
Q4-2,139,9600,10000,0,0
Q4-2,139,10000,10400,0,0
Q4-2,139,10400,10800,0,0
Q4-2,140,1200,1600,92,0.27544910179640719
Q4-2,140,1600,2000,34,0.10179640718562874
Q4-2,140,2000,2400,2,0.0059880239520958087
Q4-2,140,2400,2800,18,0.053892215568862277
Q4-2,140,2800,3200,2,0.0059880239520958087
Q4-2,140,3200,3600,24,0.071856287425149698
Q4-2,140,3600,4000,3,0.0089820359281437123
Q4-2,140,4000,4400,16,0.04790419161676647
Q4-2,140,4400,4800,1,0.0029940119760479044
Q4-2,140,4800,5200,17,0.05089820359281437
Q4-2,140,5200,5600,5,0.014970059880239521
Q4-2,140,5600,6000,18,0.053892215568862277
Q4-2,140,6000,6400,8,0.023952095808383235
Q4-2,140,6400,6800,19,0.056886227544910177
Q4-2,140,6800,7200,13,0.038922155688622756
Q4-2,140,7200,7600,10,0.029940119760479042
Q4-2,140,7600,8000,9,0.026946107784431138
Q4-2,140,8000,8400,0,0
Q4-2,140,8400,8800,43,0.12874251497005987
Q4-2,140,8800,9200,0,0
Q4-2,140,9200,9600,0,0
Q4-2,140,9600,10000,0,0
Q4-2,140,10000,10400,0,0
Q4-2,140,10400,10800,0,0
Q4-2,141,1200,1600,90,0.26946107784431139
Q4-2,141,1600,2000,32,0.09580838323353294
Q4-2,141,2000,2400,2,0.0059880239520958087
Q4-2,141,2400,2800,18,0.053892215568862277
Q4-2,141,2800,3200,1,0.0029940119760479044
Q4-2,141,3200,3600,21,0.062874251497005984
Q4-2,141,3600,4000,2,0.0059880239520958087
Q4-2,141,4000,4400,16,0.04790419161676647
Q4-2,141,4400,4800,3,0.0089820359281437123
Q4-2,141,4800,5200,17,0.05089820359281437
Q4-2,141,5200,5600,6,0.017964071856287425
Q4-2,141,5600,6000,16,0.04790419161676647
Q4-2,141,6000,6400,7,0.020958083832335328
Q4-2,141,6400,6800,15,0.044910179640718563
Q4-2,141,6800,7200,10,0.029940119760479042
Q4-2,141,7200,7600,11,0.032934131736526949
Q4-2,141,7600,8000,15,0.044910179640718563
Q4-2,141,8000,8400,1,0.0029940119760479044
Q4-2,141,8400,8800,9,0.026946107784431138
Q4-2,141,8800,9200,0,0
Q4-2,141,9200,9600,42,0.12574850299401197
Q4-2,141,9600,10000,0,0
Q4-2,141,10000,10400,0,0
Q4-2,141,10400,10800,0,0
Q4-2,142,1200,1600,89,0.26646706586826346
Q4-2,142,1600,2000,28,0.083832335329341312
Q4-2,142,2000,2400,1,0.0029940119760479044
Q4-2,142,2400,2800,21,0.062874251497005984
Q4-2,142,2800,3200,1,0.0029940119760479044
Q4-2,142,3200,3600,17,0.05089820359281437
Q4-2,142,3600,4000,2,0.0059880239520958087
Q4-2,142,4000,4400,16,0.04790419161676647
Q4-2,142,4400,4800,2,0.0059880239520958087
Q4-2,142,4800,5200,17,0.05089820359281437
Q4-2,142,5200,5600,9,0.026946107784431138
Q4-2,142,5600,6000,14,0.041916167664670656
Q4-2,142,6000,6400,7,0.020958083832335328
Q4-2,142,6400,6800,11,0.032934131736526949
Q4-2,142,6800,7200,10,0.029940119760479042
Q4-2,142,7200,7600,11,0.032934131736526949
Q4-2,142,7600,8000,17,0.05089820359281437
Q4-2,142,8000,8400,1,0.0029940119760479044
Q4-2,142,8400,8800,12,0.035928143712574849
Q4-2,142,8800,9200,1,0.0029940119760479044
Q4-2,142,9200,9600,7,0.020958083832335328
Q4-2,142,9600,10000,0,0
Q4-2,142,10000,10400,40,0.11976047904191617
Q4-2,142,10400,10800,0,0
Q4-2,143,1200,1600,88,0.26347305389221559
Q4-2,143,1600,2000,21,0.062874251497005984
Q4-2,143,2000,2400,2,0.0059880239520958087
Q4-2,143,2400,2800,27,0.080838323353293412
Q4-2,143,2800,3200,0,0
Q4-2,143,3200,3600,13,0.038922155688622756
Q4-2,143,3600,4000,4,0.011976047904191617
Q4-2,143,4000,4400,14,0.041916167664670656
Q4-2,143,4400,4800,1,0.0029940119760479044
Q4-2,143,4800,5200,20,0.059880239520958084
Q4-2,143,5200,5600,4,0.011976047904191617
Q4-2,143,5600,6000,11,0.032934131736526949
Q4-2,143,6000,6400,10,0.029940119760479042
Q4-2,143,6400,6800,16,0.04790419161676647
Q4-2,143,6800,7200,10,0.029940119760479042
Q4-2,143,7200,7600,9,0.026946107784431138
Q4-2,143,7600,8000,20,0.059880239520958084
Q4-2,143,8000,8400,0,0
Q4-2,143,8400,8800,13,0.038922155688622756
Q4-2,143,8800,9200,0,0
Q4-2,143,9200,9600,7,0.020958083832335328
Q4-2,143,9600,10000,2,0.0059880239520958087
Q4-2,143,10000,10400,19,0.056886227544910177
Q4-2,143,10400,10800,23,0.068862275449101798
Q4-3,0,1200,1600,156,0.46706586826347307
Q4-3,0,1600,2000,81,0.24251497005988024
Q4-3,0,2000,2400,78,0.23353293413173654
Q4-3,0,2400,2800,0,0
Q4-3,0,2800,3200,7,0.020958083832335328
Q4-3,0,3200,3600,1,0.0029940119760479044
Q4-3,0,3600,4000,6,0.017964071856287425
Q4-3,0,4000,4400,3,0.0089820359281437123
Q4-3,0,4400,4800,0,0
Q4-3,0,4800,5200,0,0
Q4-3,0,5200,5600,0,0
Q4-3,0,5600,6000,1,0.0029940119760479044
Q4-3,0,6000,6400,0,0
Q4-3,0,6400,6800,1,0.0029940119760479044
Q4-3,0,6800,7200,0,0
Q4-3,0,7200,7600,0,0
Q4-3,0,7600,8000,0,0
Q4-3,0,8000,8400,0,0
Q4-3,0,8400,8800,0,0
Q4-3,0,8800,9200,0,0
Q4-3,0,9200,9600,0,0
Q4-3,0,9600,10000,0,0
Q4-3,0,10000,10400,0,0
Q4-3,0,10400,10800,0,0
Q4-3,1,1200,1600,130,0.38922155688622756
Q4-3,1,1600,2000,39,0.11676646706586827
Q4-3,1,2000,2400,25,0.074850299401197598
Q4-3,1,2400,2800,90,0.26946107784431139
Q4-3,1,2800,3200,33,0.09880239520958084
Q4-3,1,3200,3600,1,0.0029940119760479044
Q4-3,1,3600,4000,6,0.017964071856287425
Q4-3,1,4000,4400,3,0.0089820359281437123
Q4-3,1,4400,4800,4,0.011976047904191617
Q4-3,1,4800,5200,1,0.0029940119760479044
Q4-3,1,5200,5600,0,0
Q4-3,1,5600,6000,0,0
Q4-3,1,6000,6400,0,0
Q4-3,1,6400,6800,2,0.0059880239520958087
Q4-3,1,6800,7200,0,0
Q4-3,1,7200,7600,0,0
Q4-3,1,7600,8000,0,0
Q4-3,1,8000,8400,0,0
Q4-3,1,8400,8800,0,0
Q4-3,1,8800,9200,0,0
Q4-3,1,9200,9600,0,0
Q4-3,1,9600,10000,0,0
Q4-3,1,10000,10400,0,0
Q4-3,1,10400,10800,0,0
Q4-3,2,1200,1600,118,0.3532934131736527
Q4-3,2,1600,2000,36,0.10778443113772455
Q4-3,2,2000,2400,16,0.04790419161676647
Q4-3,2,2400,2800,53,0.15868263473053892
Q4-3,2,2800,3200,20,0.059880239520958084
Q4-3,2,3200,3600,63,0.18862275449101795
Q4-3,2,3600,4000,14,0.041916167664670656
Q4-3,2,4000,4400,2,0.0059880239520958087
Q4-3,2,4400,4800,4,0.011976047904191617
Q4-3,2,4800,5200,3,0.0089820359281437123
Q4-3,2,5200,5600,2,0.0059880239520958087
Q4-3,2,5600,6000,1,0.0029940119760479044
Q4-3,2,6000,6400,0,0
Q4-3,2,6400,6800,1,0.0029940119760479044
Q4-3,2,6800,7200,0,0
Q4-3,2,7200,7600,1,0.0029940119760479044
Q4-3,2,7600,8000,0,0
Q4-3,2,8000,8400,0,0
Q4-3,2,8400,8800,0,0
Q4-3,2,8800,9200,0,0
Q4-3,2,9200,9600,0,0
Q4-3,2,9600,10000,0,0
Q4-3,2,10000,10400,0,0
Q4-3,2,10400,10800,0,0
Q4-3,3,1200,1600,104,0.31137724550898205
Q4-3,3,1600,2000,34,0.10179640718562874
Q4-3,3,2000,2400,18,0.053892215568862277
Q4-3,3,2400,2800,44,0.1317365269461078
Q4-3,3,2800,3200,12,0.035928143712574849
Q4-3,3,3200,3600,47,0.1407185628742515
Q4-3,3,3600,4000,14,0.041916167664670656
Q4-3,3,4000,4400,47,0.1407185628742515
Q4-3,3,4400,4800,4,0.011976047904191617
Q4-3,3,4800,5200,2,0.0059880239520958087
Q4-3,3,5200,5600,3,0.0089820359281437123
Q4-3,3,5600,6000,1,0.0029940119760479044
Q4-3,3,6000,6400,1,0.0029940119760479044
Q4-3,3,6400,6800,2,0.0059880239520958087
Q4-3,3,6800,7200,0,0
Q4-3,3,7200,7600,0,0
Q4-3,3,7600,8000,0,0
Q4-3,3,8000,8400,1,0.0029940119760479044
Q4-3,3,8400,8800,0,0
Q4-3,3,8800,9200,0,0
Q4-3,3,9200,9600,0,0
Q4-3,3,9600,10000,0,0
Q4-3,3,10000,10400,0,0
Q4-3,3,10400,10800,0,0
Q4-3,4,1200,1600,90,0.26946107784431139
Q4-3,4,1600,2000,33,0.09880239520958084
Q4-3,4,2000,2400,16,0.04790419161676647
Q4-3,4,2400,2800,34,0.10179640718562874
Q4-3,4,2800,3200,9,0.026946107784431138
Q4-3,4,3200,3600,53,0.15868263473053892
Q4-3,4,3600,4000,9,0.026946107784431138
Q4-3,4,4000,4400,33,0.09880239520958084
Q4-3,4,4400,4800,7,0.020958083832335328
Q4-3,4,4800,5200,40,0.11976047904191617
Q4-3,4,5200,5600,4,0.011976047904191617
Q4-3,4,5600,6000,1,0.0029940119760479044
Q4-3,4,6000,6400,0,0
Q4-3,4,6400,6800,2,0.0059880239520958087
Q4-3,4,6800,7200,1,0.0029940119760479044
Q4-3,4,7200,7600,1,0.0029940119760479044
Q4-3,4,7600,8000,0,0
Q4-3,4,8000,8400,1,0.0029940119760479044
Q4-3,4,8400,8800,0,0
Q4-3,4,8800,9200,0,0
Q4-3,4,9200,9600,0,0
Q4-3,4,9600,10000,0,0
Q4-3,4,10000,10400,0,0
Q4-3,4,10400,10800,0,0
Q4-3,5,1200,1600,78,0.23353293413173654
Q4-3,5,1600,2000,22,0.065868263473053898
Q4-3,5,2000,2400,18,0.053892215568862277
Q4-3,5,2400,2800,31,0.092814371257485026
Q4-3,5,2800,3200,12,0.035928143712574849
Q4-3,5,3200,3600,44,0.1317365269461078
Q4-3,5,3600,4000,5,0.014970059880239521
Q4-3,5,4000,4400,46,0.1377245508982036
Q4-3,5,4400,4800,8,0.023952095808383235
Q4-3,5,4800,5200,32,0.09580838323353294
Q4-3,5,5200,5600,12,0.035928143712574849
Q4-3,5,5600,6000,18,0.053892215568862277
Q4-3,5,6000,6400,2,0.0059880239520958087
Q4-3,5,6400,6800,1,0.0029940119760479044
Q4-3,5,6800,7200,1,0.0029940119760479044
Q4-3,5,7200,7600,3,0.0089820359281437123
Q4-3,5,7600,8000,0,0
Q4-3,5,8000,8400,1,0.0029940119760479044
Q4-3,5,8400,8800,0,0
Q4-3,5,8800,9200,0,0
Q4-3,5,9200,9600,0,0
Q4-3,5,9600,10000,0,0
Q4-3,5,10000,10400,0,0
Q4-3,5,10400,10800,0,0
Q4-3,6,1200,1600,73,0.21856287425149701
Q4-3,6,1600,2000,21,0.062874251497005984
Q4-3,6,2000,2400,20,0.059880239520958084
Q4-3,6,2400,2800,25,0.074850299401197598
Q4-3,6,2800,3200,8,0.023952095808383235
Q4-3,6,3200,3600,34,0.10179640718562874
Q4-3,6,3600,4000,8,0.023952095808383235
Q4-3,6,4000,4400,47,0.1407185628742515
Q4-3,6,4400,4800,7,0.020958083832335328
Q4-3,6,4800,5200,33,0.09880239520958084
Q4-3,6,5200,5600,15,0.044910179640718563
Q4-3,6,5600,6000,21,0.062874251497005984
Q4-3,6,6000,6400,5,0.014970059880239521
Q4-3,6,6400,6800,12,0.035928143712574849
Q4-3,6,6800,7200,1,0.0029940119760479044
Q4-3,6,7200,7600,3,0.0089820359281437123
Q4-3,6,7600,8000,0,0
Q4-3,6,8000,8400,1,0.0029940119760479044
Q4-3,6,8400,8800,0,0
Q4-3,6,8800,9200,0,0
Q4-3,6,9200,9600,0,0
Q4-3,6,9600,10000,0,0
Q4-3,6,10000,10400,0,0
Q4-3,6,10400,10800,0,0
Q4-3,7,1200,1600,67,0.20059880239520958
Q4-3,7,1600,2000,19,0.056886227544910177
Q4-3,7,2000,2400,17,0.05089820359281437
Q4-3,7,2400,2800,25,0.074850299401197598
Q4-3,7,2800,3200,12,0.035928143712574849
Q4-3,7,3200,3600,29,0.086826347305389226
Q4-3,7,3600,4000,7,0.020958083832335328
Q4-3,7,4000,4400,41,0.12275449101796407
Q4-3,7,4400,4800,10,0.029940119760479042
Q4-3,7,4800,5200,36,0.10778443113772455
Q4-3,7,5200,5600,13,0.038922155688622756
Q4-3,7,5600,6000,20,0.059880239520958084
Q4-3,7,6000,6400,10,0.029940119760479042
Q4-3,7,6400,6800,16,0.04790419161676647
Q4-3,7,6800,7200,4,0.011976047904191617
Q4-3,7,7200,7600,7,0.020958083832335328
Q4-3,7,7600,8000,0,0
Q4-3,7,8000,8400,0,0
Q4-3,7,8400,8800,0,0
Q4-3,7,8800,9200,1,0.0029940119760479044
Q4-3,7,9200,9600,0,0
Q4-3,7,9600,10000,0,0
Q4-3,7,10000,10400,0,0
Q4-3,7,10400,10800,0,0
Q4-3,8,1200,1600,56,0.16766467065868262
Q4-3,8,1600,2000,20,0.059880239520958084
Q4-3,8,2000,2400,21,0.062874251497005984
Q4-3,8,2400,2800,12,0.035928143712574849
Q4-3,8,2800,3200,12,0.035928143712574849
Q4-3,8,3200,3600,29,0.086826347305389226
Q4-3,8,3600,4000,10,0.029940119760479042
Q4-3,8,4000,4400,36,0.10778443113772455
Q4-3,8,4400,4800,8,0.023952095808383235
Q4-3,8,4800,5200,42,0.12574850299401197
Q4-3,8,5200,5600,15,0.044910179640718563
Q4-3,8,5600,6000,17,0.05089820359281437
Q4-3,8,6000,6400,12,0.035928143712574849
Q4-3,8,6400,6800,19,0.056886227544910177
Q4-3,8,6800,7200,8,0.023952095808383235
Q4-3,8,7200,7600,12,0.035928143712574849
Q4-3,8,7600,8000,3,0.0089820359281437123
Q4-3,8,8000,8400,1,0.0029940119760479044
Q4-3,8,8400,8800,0,0
Q4-3,8,8800,9200,1,0.0029940119760479044
Q4-3,8,9200,9600,0,0
Q4-3,8,9600,10000,0,0
Q4-3,8,10000,10400,0,0
Q4-3,8,10400,10800,0,0
Q4-3,9,1200,1600,53,0.15868263473053892
Q4-3,9,1600,2000,19,0.056886227544910177
Q4-3,9,2000,2400,17,0.05089820359281437
Q4-3,9,2400,2800,12,0.035928143712574849
Q4-3,9,2800,3200,12,0.035928143712574849
Q4-3,9,3200,3600,19,0.056886227544910177
Q4-3,9,3600,4000,8,0.023952095808383235
Q4-3,9,4000,4400,36,0.10778443113772455
Q4-3,9,4400,4800,6,0.017964071856287425
Q4-3,9,4800,5200,43,0.12874251497005987
Q4-3,9,5200,5600,17,0.05089820359281437
Q4-3,9,5600,6000,22,0.065868263473053898
Q4-3,9,6000,6400,16,0.04790419161676647
Q4-3,9,6400,6800,17,0.05089820359281437
Q4-3,9,6800,7200,8,0.023952095808383235
Q4-3,9,7200,7600,13,0.038922155688622756
Q4-3,9,7600,8000,8,0.023952095808383235
Q4-3,9,8000,8400,5,0.014970059880239521
Q4-3,9,8400,8800,1,0.0029940119760479044
Q4-3,9,8800,9200,2,0.0059880239520958087
Q4-3,9,9200,9600,0,0
Q4-3,9,9600,10000,0,0
Q4-3,9,10000,10400,0,0
Q4-3,9,10400,10800,0,0
Q4-3,10,1200,1600,51,0.15269461077844312
Q4-3,10,1600,2000,18,0.053892215568862277
Q4-3,10,2000,2400,16,0.04790419161676647
Q4-3,10,2400,2800,11,0.032934131736526949
Q4-3,10,2800,3200,12,0.035928143712574849
Q4-3,10,3200,3600,18,0.053892215568862277
Q4-3,10,3600,4000,7,0.020958083832335328
Q4-3,10,4000,4400,21,0.062874251497005984
Q4-3,10,4400,4800,7,0.020958083832335328
Q4-3,10,4800,5200,46,0.1377245508982036
Q4-3,10,5200,5600,18,0.053892215568862277
Q4-3,10,5600,6000,24,0.071856287425149698
Q4-3,10,6000,6400,17,0.05089820359281437
Q4-3,10,6400,6800,16,0.04790419161676647
Q4-3,10,6800,7200,12,0.035928143712574849
Q4-3,10,7200,7600,15,0.044910179640718563
Q4-3,10,7600,8000,8,0.023952095808383235
Q4-3,10,8000,8400,7,0.020958083832335328
Q4-3,10,8400,8800,7,0.020958083832335328
Q4-3,10,8800,9200,1,0.0029940119760479044
Q4-3,10,9200,9600,2,0.0059880239520958087
Q4-3,10,9600,10000,0,0
Q4-3,10,10000,10400,0,0
Q4-3,10,10400,10800,0,0
Q4-3,11,1200,1600,48,0.1437125748502994
Q4-3,11,1600,2000,18,0.053892215568862277
Q4-3,11,2000,2400,13,0.038922155688622756
Q4-3,11,2400,2800,10,0.029940119760479042
Q4-3,11,2800,3200,13,0.038922155688622756
Q4-3,11,3200,3600,20,0.059880239520958084
Q4-3,11,3600,4000,6,0.017964071856287425
Q4-3,11,4000,4400,21,0.062874251497005984
Q4-3,11,4400,4800,6,0.017964071856287425
Q4-3,11,4800,5200,37,0.11077844311377245
Q4-3,11,5200,5600,17,0.05089820359281437
Q4-3,11,5600,6000,17,0.05089820359281437
Q4-3,11,6000,6400,21,0.062874251497005984
Q4-3,11,6400,6800,20,0.059880239520958084
Q4-3,11,6800,7200,12,0.035928143712574849
Q4-3,11,7200,7600,17,0.05089820359281437
Q4-3,11,7600,8000,12,0.035928143712574849
Q4-3,11,8000,8400,6,0.017964071856287425
Q4-3,11,8400,8800,13,0.038922155688622756
Q4-3,11,8800,9200,1,0.0029940119760479044
Q4-3,11,9200,9600,5,0.014970059880239521
Q4-3,11,9600,10000,0,0
Q4-3,11,10000,10400,1,0.0029940119760479044
Q4-3,11,10400,10800,0,0
Q4-3,12,1200,1600,44,0.1317365269461078
Q4-3,12,1600,2000,18,0.053892215568862277
Q4-3,12,2000,2400,12,0.035928143712574849
Q4-3,12,2400,2800,12,0.035928143712574849
Q4-3,12,2800,3200,14,0.041916167664670656
Q4-3,12,3200,3600,13,0.038922155688622756
Q4-3,12,3600,4000,6,0.017964071856287425
Q4-3,12,4000,4400,18,0.053892215568862277
Q4-3,12,4400,4800,8,0.023952095808383235
Q4-3,12,4800,5200,33,0.09880239520958084
Q4-3,12,5200,5600,13,0.038922155688622756
Q4-3,12,5600,6000,23,0.068862275449101798
Q4-3,12,6000,6400,18,0.053892215568862277
Q4-3,12,6400,6800,15,0.044910179640718563
Q4-3,12,6800,7200,18,0.053892215568862277
Q4-3,12,7200,7600,19,0.056886227544910177
Q4-3,12,7600,8000,14,0.041916167664670656
Q4-3,12,8000,8400,6,0.017964071856287425
Q4-3,12,8400,8800,18,0.053892215568862277
Q4-3,12,8800,9200,3,0.0089820359281437123
Q4-3,12,9200,9600,6,0.017964071856287425
Q4-3,12,9600,10000,0,0
Q4-3,12,10000,10400,2,0.0059880239520958087
Q4-3,12,10400,10800,1,0.0029940119760479044
Q4-3,13,1200,1600,42,0.12574850299401197
Q4-3,13,1600,2000,15,0.044910179640718563
Q4-3,13,2000,2400,11,0.032934131736526949
Q4-3,13,2400,2800,13,0.038922155688622756
Q4-3,13,2800,3200,14,0.041916167664670656
Q4-3,13,3200,3600,14,0.041916167664670656
Q4-3,13,3600,4000,7,0.020958083832335328
Q4-3,13,4000,4400,14,0.041916167664670656
Q4-3,13,4400,4800,6,0.017964071856287425
Q4-3,13,4800,5200,26,0.077844311377245512
Q4-3,13,5200,5600,18,0.053892215568862277
Q4-3,13,5600,6000,22,0.065868263473053898
Q4-3,13,6000,6400,15,0.044910179640718563
Q4-3,13,6400,6800,21,0.062874251497005984
Q4-3,13,6800,7200,18,0.053892215568862277
Q4-3,13,7200,7600,16,0.04790419161676647
Q4-3,13,7600,8000,18,0.053892215568862277
Q4-3,13,8000,8400,8,0.023952095808383235
Q4-3,13,8400,8800,15,0.044910179640718563
Q4-3,13,8800,9200,2,0.0059880239520958087
Q4-3,13,9200,9600,14,0.041916167664670656
Q4-3,13,9600,10000,2,0.0059880239520958087
Q4-3,13,10000,10400,2,0.0059880239520958087
Q4-3,13,10400,10800,1,0.0029940119760479044
Q4-3,14,1200,1600,35,0.10479041916167664
Q4-3,14,1600,2000,15,0.044910179640718563
Q4-3,14,2000,2400,11,0.032934131736526949
Q4-3,14,2400,2800,16,0.04790419161676647
Q4-3,14,2800,3200,11,0.032934131736526949
Q4-3,14,3200,3600,12,0.035928143712574849
Q4-3,14,3600,4000,9,0.026946107784431138
Q4-3,14,4000,4400,16,0.04790419161676647
Q4-3,14,4400,4800,9,0.026946107784431138
Q4-3,14,4800,5200,22,0.065868263473053898
Q4-3,14,5200,5600,14,0.041916167664670656
Q4-3,14,5600,6000,20,0.059880239520958084
Q4-3,14,6000,6400,20,0.059880239520958084
Q4-3,14,6400,6800,16,0.04790419161676647
Q4-3,14,6800,7200,21,0.062874251497005984
Q4-3,14,7200,7600,18,0.053892215568862277
Q4-3,14,7600,8000,15,0.044910179640718563
Q4-3,14,8000,8400,8,0.023952095808383235
Q4-3,14,8400,8800,22,0.065868263473053898
Q4-3,14,8800,9200,1,0.0029940119760479044
Q4-3,14,9200,9600,14,0.041916167664670656
Q4-3,14,9600,10000,3,0.0089820359281437123
Q4-3,14,10000,10400,5,0.014970059880239521
Q4-3,14,10400,10800,1,0.0029940119760479044
Q4-3,15,1200,1600,32,0.09580838323353294
Q4-3,15,1600,2000,12,0.035928143712574849
Q4-3,15,2000,2400,10,0.029940119760479042
Q4-3,15,2400,2800,16,0.04790419161676647
Q4-3,15,2800,3200,12,0.035928143712574849
Q4-3,15,3200,3600,16,0.04790419161676647
Q4-3,15,3600,4000,7,0.020958083832335328
Q4-3,15,4000,4400,15,0.044910179640718563
Q4-3,15,4400,4800,8,0.023952095808383235
Q4-3,15,4800,5200,21,0.062874251497005984
Q4-3,15,5200,5600,13,0.038922155688622756
Q4-3,15,5600,6000,19,0.056886227544910177
Q4-3,15,6000,6400,19,0.056886227544910177
Q4-3,15,6400,6800,16,0.04790419161676647
Q4-3,15,6800,7200,26,0.077844311377245512
Q4-3,15,7200,7600,17,0.05089820359281437
Q4-3,15,7600,8000,19,0.056886227544910177
Q4-3,15,8000,8400,7,0.020958083832335328
Q4-3,15,8400,8800,18,0.053892215568862277
Q4-3,15,8800,9200,1,0.0029940119760479044
Q4-3,15,9200,9600,19,0.056886227544910177
Q4-3,15,9600,10000,2,0.0059880239520958087
Q4-3,15,10000,10400,7,0.020958083832335328
Q4-3,15,10400,10800,2,0.0059880239520958087
Q4-3,16,1200,1600,27,0.080838323353293412
Q4-3,16,1600,2000,10,0.029940119760479042
Q4-3,16,2000,2400,8,0.023952095808383235
Q4-3,16,2400,2800,19,0.056886227544910177
Q4-3,16,2800,3200,11,0.032934131736526949
Q4-3,16,3200,3600,17,0.05089820359281437
Q4-3,16,3600,4000,7,0.020958083832335328
Q4-3,16,4000,4400,17,0.05089820359281437
Q4-3,16,4400,4800,7,0.020958083832335328
Q4-3,16,4800,5200,16,0.04790419161676647
Q4-3,16,5200,5600,10,0.029940119760479042
Q4-3,16,5600,6000,18,0.053892215568862277
Q4-3,16,6000,6400,20,0.059880239520958084
Q4-3,16,6400,6800,14,0.041916167664670656
Q4-3,16,6800,7200,24,0.071856287425149698
Q4-3,16,7200,7600,20,0.059880239520958084
Q4-3,16,7600,8000,26,0.077844311377245512
Q4-3,16,8000,8400,10,0.029940119760479042
Q4-3,16,8400,8800,19,0.056886227544910177
Q4-3,16,8800,9200,1,0.0029940119760479044
Q4-3,16,9200,9600,17,0.05089820359281437
Q4-3,16,9600,10000,2,0.0059880239520958087
Q4-3,16,10000,10400,11,0.032934131736526949
Q4-3,16,10400,10800,3,0.0089820359281437123
Q4-3,17,1200,1600,18,0.053892215568862277
Q4-3,17,1600,2000,14,0.041916167664670656
Q4-3,17,2000,2400,3,0.0089820359281437123
Q4-3,17,2400,2800,14,0.041916167664670656
Q4-3,17,2800,3200,15,0.044910179640718563
Q4-3,17,3200,3600,18,0.053892215568862277
Q4-3,17,3600,4000,4,0.011976047904191617
Q4-3,17,4000,4400,22,0.065868263473053898
Q4-3,17,4400,4800,10,0.029940119760479042
Q4-3,17,4800,5200,14,0.041916167664670656
Q4-3,17,5200,5600,10,0.029940119760479042
Q4-3,17,5600,6000,14,0.041916167664670656
Q4-3,17,6000,6400,17,0.05089820359281437
Q4-3,17,6400,6800,13,0.038922155688622756
Q4-3,17,6800,7200,19,0.056886227544910177
Q4-3,17,7200,7600,21,0.062874251497005984
Q4-3,17,7600,8000,27,0.080838323353293412
Q4-3,17,8000,8400,14,0.041916167664670656
Q4-3,17,8400,8800,29,0.086826347305389226
Q4-3,17,8800,9200,2,0.0059880239520958087
Q4-3,17,9200,9600,18,0.053892215568862277
Q4-3,17,9600,10000,2,0.0059880239520958087
Q4-3,17,10000,10400,13,0.038922155688622756
Q4-3,17,10400,10800,3,0.0089820359281437123
Q4-3,18,1200,1600,18,0.053892215568862277
Q4-3,18,1600,2000,14,0.041916167664670656
Q4-3,18,2000,2400,1,0.0029940119760479044
Q4-3,18,2400,2800,11,0.032934131736526949
Q4-3,18,2800,3200,12,0.035928143712574849
Q4-3,18,3200,3600,22,0.065868263473053898
Q4-3,18,3600,4000,4,0.011976047904191617
Q4-3,18,4000,4400,14,0.041916167664670656
Q4-3,18,4400,4800,10,0.029940119760479042
Q4-3,18,4800,5200,21,0.062874251497005984
Q4-3,18,5200,5600,10,0.029940119760479042
Q4-3,18,5600,6000,12,0.035928143712574849
Q4-3,18,6000,6400,14,0.041916167664670656
Q4-3,18,6400,6800,14,0.041916167664670656
Q4-3,18,6800,7200,20,0.059880239520958084
Q4-3,18,7200,7600,18,0.053892215568862277
Q4-3,18,7600,8000,28,0.083832335329341312
Q4-3,18,8000,8400,15,0.044910179640718563
Q4-3,18,8400,8800,31,0.092814371257485026
Q4-3,18,8800,9200,2,0.0059880239520958087
Q4-3,18,9200,9600,24,0.071856287425149698
Q4-3,18,9600,10000,2,0.0059880239520958087
Q4-3,18,10000,10400,14,0.041916167664670656
Q4-3,18,10400,10800,3,0.0089820359281437123
Q4-3,19,1200,1600,17,0.05089820359281437
Q4-3,19,1600,2000,15,0.044910179640718563
Q4-3,19,2000,2400,1,0.0029940119760479044
Q4-3,19,2400,2800,9,0.026946107784431138
Q4-3,19,2800,3200,9,0.026946107784431138
Q4-3,19,3200,3600,24,0.071856287425149698
Q4-3,19,3600,4000,3,0.0089820359281437123
Q4-3,19,4000,4400,12,0.035928143712574849
Q4-3,19,4400,4800,11,0.032934131736526949
Q4-3,19,4800,5200,16,0.04790419161676647
Q4-3,19,5200,5600,19,0.056886227544910177
Q4-3,19,5600,6000,10,0.029940119760479042
Q4-3,19,6000,6400,14,0.041916167664670656
Q4-3,19,6400,6800,13,0.038922155688622756
Q4-3,19,6800,7200,21,0.062874251497005984
Q4-3,19,7200,7600,18,0.053892215568862277
Q4-3,19,7600,8000,24,0.071856287425149698
Q4-3,19,8000,8400,8,0.023952095808383235
Q4-3,19,8400,8800,41,0.12275449101796407
Q4-3,19,8800,9200,2,0.0059880239520958087
Q4-3,19,9200,9600,27,0.080838323353293412
Q4-3,19,9600,10000,2,0.0059880239520958087
Q4-3,19,10000,10400,15,0.044910179640718563
Q4-3,19,10400,10800,3,0.0089820359281437123
Q4-3,20,1200,1600,15,0.044910179640718563
Q4-3,20,1600,2000,12,0.035928143712574849
Q4-3,20,2000,2400,5,0.014970059880239521
Q4-3,20,2400,2800,6,0.017964071856287425
Q4-3,20,2800,3200,5,0.014970059880239521
Q4-3,20,3200,3600,24,0.071856287425149698
Q4-3,20,3600,4000,7,0.020958083832335328
Q4-3,20,4000,4400,14,0.041916167664670656
Q4-3,20,4400,4800,7,0.020958083832335328
Q4-3,20,4800,5200,13,0.038922155688622756
Q4-3,20,5200,5600,19,0.056886227544910177
Q4-3,20,5600,6000,7,0.020958083832335328
Q4-3,20,6000,6400,18,0.053892215568862277
Q4-3,20,6400,6800,16,0.04790419161676647
Q4-3,20,6800,7200,11,0.032934131736526949
Q4-3,20,7200,7600,13,0.038922155688622756
Q4-3,20,7600,8000,34,0.10179640718562874
Q4-3,20,8000,8400,9,0.026946107784431138
Q4-3,20,8400,8800,37,0.11077844311377245
Q4-3,20,8800,9200,0,0
Q4-3,20,9200,9600,34,0.10179640718562874
Q4-3,20,9600,10000,4,0.011976047904191617
Q4-3,20,10000,10400,21,0.062874251497005984
Q4-3,20,10400,10800,3,0.0089820359281437123
Q4-3,21,1200,1600,15,0.044910179640718563
Q4-3,21,1600,2000,11,0.032934131736526949
Q4-3,21,2000,2400,5,0.014970059880239521
Q4-3,21,2400,2800,6,0.017964071856287425
Q4-3,21,2800,3200,4,0.011976047904191617
Q4-3,21,3200,3600,17,0.05089820359281437
Q4-3,21,3600,4000,4,0.011976047904191617
Q4-3,21,4000,4400,16,0.04790419161676647
Q4-3,21,4400,4800,11,0.032934131736526949
Q4-3,21,4800,5200,16,0.04790419161676647
Q4-3,21,5200,5600,16,0.04790419161676647
Q4-3,21,5600,6000,5,0.014970059880239521
Q4-3,21,6000,6400,18,0.053892215568862277
Q4-3,21,6400,6800,11,0.032934131736526949
Q4-3,21,6800,7200,17,0.05089820359281437
Q4-3,21,7200,7600,12,0.035928143712574849
Q4-3,21,7600,8000,29,0.086826347305389226
Q4-3,21,8000,8400,9,0.026946107784431138
Q4-3,21,8400,8800,36,0.10778443113772455
Q4-3,21,8800,9200,2,0.0059880239520958087
Q4-3,21,9200,9600,31,0.092814371257485026
Q4-3,21,9600,10000,3,0.0089820359281437123
Q4-3,21,10000,10400,36,0.10778443113772455
Q4-3,21,10400,10800,4,0.011976047904191617
Q4-3,22,1200,1600,14,0.041916167664670656
Q4-3,22,1600,2000,11,0.032934131736526949
Q4-3,22,2000,2400,5,0.014970059880239521
Q4-3,22,2400,2800,6,0.017964071856287425
Q4-3,22,2800,3200,2,0.0059880239520958087
Q4-3,22,3200,3600,14,0.041916167664670656
Q4-3,22,3600,4000,5,0.014970059880239521
Q4-3,22,4000,4400,11,0.032934131736526949
Q4-3,22,4400,4800,9,0.026946107784431138
Q4-3,22,4800,5200,18,0.053892215568862277
Q4-3,22,5200,5600,19,0.056886227544910177
Q4-3,22,5600,6000,7,0.020958083832335328
Q4-3,22,6000,6400,17,0.05089820359281437
Q4-3,22,6400,6800,11,0.032934131736526949
Q4-3,22,6800,7200,14,0.041916167664670656
Q4-3,22,7200,7600,8,0.023952095808383235
Q4-3,22,7600,8000,33,0.09880239520958084
Q4-3,22,8000,8400,12,0.035928143712574849
Q4-3,22,8400,8800,29,0.086826347305389226
Q4-3,22,8800,9200,4,0.011976047904191617
Q4-3,22,9200,9600,34,0.10179640718562874
Q4-3,22,9600,10000,3,0.0089820359281437123
Q4-3,22,10000,10400,40,0.11976047904191617
Q4-3,22,10400,10800,8,0.023952095808383235
Q4-3,23,1200,1600,8,0.023952095808383235
Q4-3,23,1600,2000,16,0.04790419161676647
Q4-3,23,2000,2400,4,0.011976047904191617
Q4-3,23,2400,2800,8,0.023952095808383235
Q4-3,23,2800,3200,1,0.0029940119760479044
Q4-3,23,3200,3600,11,0.032934131736526949
Q4-3,23,3600,4000,3,0.0089820359281437123
Q4-3,23,4000,4400,10,0.029940119760479042
Q4-3,23,4400,4800,9,0.026946107784431138
Q4-3,23,4800,5200,16,0.04790419161676647
Q4-3,23,5200,5600,20,0.059880239520958084
Q4-3,23,5600,6000,4,0.011976047904191617
Q4-3,23,6000,6400,21,0.062874251497005984
Q4-3,23,6400,6800,12,0.035928143712574849
Q4-3,23,6800,7200,14,0.041916167664670656
Q4-3,23,7200,7600,8,0.023952095808383235
Q4-3,23,7600,8000,27,0.080838323353293412
Q4-3,23,8000,8400,10,0.029940119760479042
Q4-3,23,8400,8800,36,0.10778443113772455
Q4-3,23,8800,9200,4,0.011976047904191617
Q4-3,23,9200,9600,34,0.10179640718562874
Q4-3,23,9600,10000,3,0.0089820359281437123
Q4-3,23,10000,10400,47,0.1407185628742515
Q4-3,23,10400,10800,8,0.023952095808383235
Q4-3,24,1200,1600,7,0.020958083832335328
Q4-3,24,1600,2000,13,0.038922155688622756
Q4-3,24,2000,2400,6,0.017964071856287425
Q4-3,24,2400,2800,9,0.026946107784431138
Q4-3,24,2800,3200,2,0.0059880239520958087
Q4-3,24,3200,3600,6,0.017964071856287425
Q4-3,24,3600,4000,1,0.0029940119760479044
Q4-3,24,4000,4400,10,0.029940119760479042
Q4-3,24,4400,4800,5,0.014970059880239521
Q4-3,24,4800,5200,15,0.044910179640718563
Q4-3,24,5200,5600,22,0.065868263473053898
Q4-3,24,5600,6000,7,0.020958083832335328
Q4-3,24,6000,6400,19,0.056886227544910177
Q4-3,24,6400,6800,7,0.020958083832335328
Q4-3,24,6800,7200,14,0.041916167664670656
Q4-3,24,7200,7600,12,0.035928143712574849
Q4-3,24,7600,8000,25,0.074850299401197598
Q4-3,24,8000,8400,9,0.026946107784431138
Q4-3,24,8400,8800,34,0.10179640718562874
Q4-3,24,8800,9200,6,0.017964071856287425
Q4-3,24,9200,9600,41,0.12275449101796407
Q4-3,24,9600,10000,3,0.0089820359281437123
Q4-3,24,10000,10400,53,0.15868263473053892
Q4-3,24,10400,10800,8,0.023952095808383235
Q4-3,25,1200,1600,6,0.017964071856287425
Q4-3,25,1600,2000,13,0.038922155688622756
Q4-3,25,2000,2400,6,0.017964071856287425
Q4-3,25,2400,2800,10,0.029940119760479042
Q4-3,25,2800,3200,1,0.0029940119760479044
Q4-3,25,3200,3600,6,0.017964071856287425
Q4-3,25,3600,4000,2,0.0059880239520958087
Q4-3,25,4000,4400,4,0.011976047904191617
Q4-3,25,4400,4800,5,0.014970059880239521
Q4-3,25,4800,5200,13,0.038922155688622756
Q4-3,25,5200,5600,16,0.04790419161676647
Q4-3,25,5600,6000,6,0.017964071856287425
Q4-3,25,6000,6400,29,0.086826347305389226
Q4-3,25,6400,6800,6,0.017964071856287425
Q4-3,25,6800,7200,12,0.035928143712574849
Q4-3,25,7200,7600,6,0.017964071856287425
Q4-3,25,7600,8000,23,0.068862275449101798
Q4-3,25,8000,8400,11,0.032934131736526949
Q4-3,25,8400,8800,39,0.11676646706586827
Q4-3,25,8800,9200,3,0.0089820359281437123
Q4-3,25,9200,9600,42,0.12574850299401197
Q4-3,25,9600,10000,3,0.0089820359281437123
Q4-3,25,10000,10400,64,0.19161676646706588
Q4-3,25,10400,10800,8,0.023952095808383235
Q4-3,26,1200,1600,5,0.014970059880239521
Q4-3,26,1600,2000,13,0.038922155688622756
Q4-3,26,2000,2400,5,0.014970059880239521
Q4-3,26,2400,2800,10,0.029940119760479042
Q4-3,26,2800,3200,4,0.011976047904191617
Q4-3,26,3200,3600,5,0.014970059880239521
Q4-3,26,3600,4000,1,0.0029940119760479044
Q4-3,26,4000,4400,4,0.011976047904191617
Q4-3,26,4400,4800,6,0.017964071856287425
Q4-3,26,4800,5200,5,0.014970059880239521
Q4-3,26,5200,5600,16,0.04790419161676647
Q4-3,26,5600,6000,5,0.014970059880239521
Q4-3,26,6000,6400,18,0.053892215568862277
Q4-3,26,6400,6800,5,0.014970059880239521
Q4-3,26,6800,7200,25,0.074850299401197598
Q4-3,26,7200,7600,7,0.020958083832335328
Q4-3,26,7600,8000,20,0.059880239520958084
Q4-3,26,8000,8400,6,0.017964071856287425
Q4-3,26,8400,8800,42,0.12574850299401197
Q4-3,26,8800,9200,2,0.0059880239520958087
Q4-3,26,9200,9600,50,0.1497005988023952
Q4-3,26,9600,10000,4,0.011976047904191617
Q4-3,26,10000,10400,68,0.20359281437125748
Q4-3,26,10400,10800,8,0.023952095808383235
Q4-3,27,1200,1600,3,0.0089820359281437123
Q4-3,27,1600,2000,13,0.038922155688622756
Q4-3,27,2000,2400,7,0.020958083832335328
Q4-3,27,2400,2800,11,0.032934131736526949
Q4-3,27,2800,3200,2,0.0059880239520958087
Q4-3,27,3200,3600,6,0.017964071856287425
Q4-3,27,3600,4000,2,0.0059880239520958087
Q4-3,27,4000,4400,4,0.011976047904191617
Q4-3,27,4400,4800,5,0.014970059880239521
Q4-3,27,4800,5200,4,0.011976047904191617
Q4-3,27,5200,5600,5,0.014970059880239521
Q4-3,27,5600,6000,1,0.0029940119760479044
Q4-3,27,6000,6400,20,0.059880239520958084
Q4-3,27,6400,6800,5,0.014970059880239521
Q4-3,27,6800,7200,24,0.071856287425149698
Q4-3,27,7200,7600,8,0.023952095808383235
Q4-3,27,7600,8000,26,0.077844311377245512
Q4-3,27,8000,8400,5,0.014970059880239521
Q4-3,27,8400,8800,35,0.10479041916167664
Q4-3,27,8800,9200,2,0.0059880239520958087
Q4-3,27,9200,9600,55,0.16467065868263472
Q4-3,27,9600,10000,5,0.014970059880239521
Q4-3,27,10000,10400,77,0.23053892215568864
Q4-3,27,10400,10800,9,0.026946107784431138
Q4-3,28,1200,1600,2,0.0059880239520958087
Q4-3,28,1600,2000,13,0.038922155688622756
Q4-3,28,2000,2400,6,0.017964071856287425
Q4-3,28,2400,2800,10,0.029940119760479042
Q4-3,28,2800,3200,3,0.0089820359281437123
Q4-3,28,3200,3600,8,0.023952095808383235
Q4-3,28,3600,4000,2,0.0059880239520958087
Q4-3,28,4000,4400,3,0.0089820359281437123
Q4-3,28,4400,4800,5,0.014970059880239521
Q4-3,28,4800,5200,4,0.011976047904191617
Q4-3,28,5200,5600,4,0.011976047904191617
Q4-3,28,5600,6000,3,0.0089820359281437123
Q4-3,28,6000,6400,3,0.0089820359281437123
Q4-3,28,6400,6800,1,0.0029940119760479044
Q4-3,28,6800,7200,29,0.086826347305389226
Q4-3,28,7200,7600,7,0.020958083832335328
Q4-3,28,7600,8000,26,0.077844311377245512
Q4-3,28,8000,8400,8,0.023952095808383235
Q4-3,28,8400,8800,36,0.10778443113772455
Q4-3,28,8800,9200,3,0.0089820359281437123
Q4-3,28,9200,9600,58,0.17365269461077845
Q4-3,28,9600,10000,4,0.011976047904191617
Q4-3,28,10000,10400,87,0.26047904191616766
Q4-3,28,10400,10800,9,0.026946107784431138
Q4-3,29,1200,1600,2,0.0059880239520958087
Q4-3,29,1600,2000,12,0.035928143712574849
Q4-3,29,2000,2400,6,0.017964071856287425
Q4-3,29,2400,2800,10,0.029940119760479042
Q4-3,29,2800,3200,3,0.0089820359281437123
Q4-3,29,3200,3600,9,0.026946107784431138
Q4-3,29,3600,4000,2,0.0059880239520958087
Q4-3,29,4000,4400,3,0.0089820359281437123
Q4-3,29,4400,4800,5,0.014970059880239521
Q4-3,29,4800,5200,3,0.0089820359281437123
Q4-3,29,5200,5600,5,0.014970059880239521
Q4-3,29,5600,6000,3,0.0089820359281437123
Q4-3,29,6000,6400,3,0.0089820359281437123
Q4-3,29,6400,6800,1,0.0029940119760479044
Q4-3,29,6800,7200,3,0.0089820359281437123
Q4-3,29,7200,7600,3,0.0089820359281437123
Q4-3,29,7600,8000,44,0.1317365269461078
Q4-3,29,8000,8400,8,0.023952095808383235
Q4-3,29,8400,8800,22,0.065868263473053898
Q4-3,29,8800,9200,3,0.0089820359281437123
Q4-3,29,9200,9600,72,0.21556886227544911
Q4-3,29,9600,10000,2,0.0059880239520958087
Q4-3,29,10000,10400,100,0.29940119760479039
Q4-3,29,10400,10800,10,0.029940119760479042
Q4-3,30,1200,1600,0,0
Q4-3,30,1600,2000,7,0.020958083832335328
Q4-3,30,2000,2400,6,0.017964071856287425
Q4-3,30,2400,2800,11,0.032934131736526949
Q4-3,30,2800,3200,6,0.017964071856287425
Q4-3,30,3200,3600,10,0.029940119760479042
Q4-3,30,3600,4000,2,0.0059880239520958087
Q4-3,30,4000,4400,5,0.014970059880239521
Q4-3,30,4400,4800,5,0.014970059880239521
Q4-3,30,4800,5200,3,0.0089820359281437123
Q4-3,30,5200,5600,4,0.011976047904191617
Q4-3,30,5600,6000,2,0.0059880239520958087
Q4-3,30,6000,6400,4,0.011976047904191617
Q4-3,30,6400,6800,2,0.0059880239520958087
Q4-3,30,6800,7200,3,0.0089820359281437123
Q4-3,30,7200,7600,2,0.0059880239520958087
Q4-3,30,7600,8000,2,0.0059880239520958087
Q4-3,30,8000,8400,4,0.011976047904191617
Q4-3,30,8400,8800,55,0.16467065868263472
Q4-3,30,8800,9200,2,0.0059880239520958087
Q4-3,30,9200,9600,46,0.1377245508982036
Q4-3,30,9600,10000,4,0.011976047904191617
Q4-3,30,10000,10400,137,0.41017964071856289
Q4-3,30,10400,10800,12,0.035928143712574849
Q4-3,31,1200,1600,0,0
Q4-3,31,1600,2000,7,0.020958083832335328
Q4-3,31,2000,2400,3,0.0089820359281437123
Q4-3,31,2400,2800,12,0.035928143712574849
Q4-3,31,2800,3200,3,0.0089820359281437123
Q4-3,31,3200,3600,12,0.035928143712574849
Q4-3,31,3600,4000,5,0.014970059880239521
Q4-3,31,4000,4400,4,0.011976047904191617
Q4-3,31,4400,4800,5,0.014970059880239521
Q4-3,31,4800,5200,4,0.011976047904191617
Q4-3,31,5200,5600,4,0.011976047904191617
Q4-3,31,5600,6000,2,0.0059880239520958087
Q4-3,31,6000,6400,3,0.0089820359281437123
Q4-3,31,6400,6800,1,0.0029940119760479044
Q4-3,31,6800,7200,4,0.011976047904191617
Q4-3,31,7200,7600,3,0.0089820359281437123
Q4-3,31,7600,8000,2,0.0059880239520958087
Q4-3,31,8000,8400,3,0.0089820359281437123
Q4-3,31,8400,8800,2,0.0059880239520958087
Q4-3,31,8800,9200,1,0.0029940119760479044
Q4-3,31,9200,9600,93,0.27844311377245506
Q4-3,31,9600,10000,3,0.0089820359281437123
Q4-3,31,10000,10400,146,0.43712574850299402
Q4-3,31,10400,10800,12,0.035928143712574849
Q4-3,32,1200,1600,0,0
Q4-3,32,1600,2000,4,0.011976047904191617
Q4-3,32,2000,2400,1,0.0029940119760479044
Q4-3,32,2400,2800,7,0.020958083832335328
Q4-3,32,2800,3200,6,0.017964071856287425
Q4-3,32,3200,3600,16,0.04790419161676647
Q4-3,32,3600,4000,4,0.011976047904191617
Q4-3,32,4000,4400,7,0.020958083832335328
Q4-3,32,4400,4800,6,0.017964071856287425
Q4-3,32,4800,5200,4,0.011976047904191617
Q4-3,32,5200,5600,4,0.011976047904191617
Q4-3,32,5600,6000,2,0.0059880239520958087
Q4-3,32,6000,6400,3,0.0089820359281437123
Q4-3,32,6400,6800,1,0.0029940119760479044
Q4-3,32,6800,7200,3,0.0089820359281437123
Q4-3,32,7200,7600,2,0.0059880239520958087
Q4-3,32,7600,8000,2,0.0059880239520958087
Q4-3,32,8000,8400,2,0.0059880239520958087
Q4-3,32,8400,8800,2,0.0059880239520958087
Q4-3,32,8800,9200,2,0.0059880239520958087
Q4-3,32,9200,9600,5,0.014970059880239521
Q4-3,32,9600,10000,4,0.011976047904191617
Q4-3,32,10000,10400,235,0.70359281437125754
Q4-3,32,10400,10800,12,0.035928143712574849
Q4-3,33,1200,1600,0,0
Q4-3,33,1600,2000,0,0
Q4-3,33,2000,2400,0,0
Q4-3,33,2400,2800,4,0.011976047904191617
Q4-3,33,2800,3200,2,0.0059880239520958087
Q4-3,33,3200,3600,8,0.023952095808383235
Q4-3,33,3600,4000,10,0.029940119760479042
Q4-3,33,4000,4400,13,0.038922155688622756
Q4-3,33,4400,4800,3,0.0089820359281437123
Q4-3,33,4800,5200,8,0.023952095808383235
Q4-3,33,5200,5600,4,0.011976047904191617
Q4-3,33,5600,6000,4,0.011976047904191617
Q4-3,33,6000,6400,6,0.017964071856287425
Q4-3,33,6400,6800,2,0.0059880239520958087
Q4-3,33,6800,7200,1,0.0029940119760479044
Q4-3,33,7200,7600,1,0.0029940119760479044
Q4-3,33,7600,8000,4,0.011976047904191617
Q4-3,33,8000,8400,2,0.0059880239520958087
Q4-3,33,8400,8800,1,0.0029940119760479044
Q4-3,33,8800,9200,1,0.0029940119760479044
Q4-3,33,9200,9600,4,0.011976047904191617
Q4-3,33,9600,10000,2,0.0059880239520958087
Q4-3,33,10000,10400,5,0.014970059880239521
Q4-3,33,10400,10800,249,0.74550898203592819
Q4-3,34,1200,1600,0,0
Q4-3,34,1600,2000,0,0
Q4-3,34,2000,2400,3,0.0089820359281437123
Q4-3,34,2400,2800,2,0.0059880239520958087
Q4-3,34,2800,3200,6,0.017964071856287425
Q4-3,34,3200,3600,11,0.032934131736526949
Q4-3,34,3600,4000,11,0.032934131736526949
Q4-3,34,4000,4400,8,0.023952095808383235
Q4-3,34,4400,4800,5,0.014970059880239521
Q4-3,34,4800,5200,8,0.023952095808383235
Q4-3,34,5200,5600,2,0.0059880239520958087
Q4-3,34,5600,6000,8,0.023952095808383235
Q4-3,34,6000,6400,0,0
Q4-3,34,6400,6800,1,0.0029940119760479044
Q4-3,34,6800,7200,4,0.011976047904191617
Q4-3,34,7200,7600,2,0.0059880239520958087
Q4-3,34,7600,8000,1,0.0029940119760479044
Q4-3,34,8000,8400,0,0
Q4-3,34,8400,8800,3,0.0089820359281437123
Q4-3,34,8800,9200,5,0.014970059880239521
Q4-3,34,9200,9600,3,0.0089820359281437123
Q4-3,34,9600,10000,2,0.0059880239520958087
Q4-3,34,10000,10400,12,0.035928143712574849
Q4-3,34,10400,10800,237,0.70958083832335328
Q4-3,35,1200,1600,0,0
Q4-3,35,1600,2000,2,0.0059880239520958087
Q4-3,35,2000,2400,3,0.0089820359281437123
Q4-3,35,2400,2800,5,0.014970059880239521
Q4-3,35,2800,3200,14,0.041916167664670656
Q4-3,35,3200,3600,11,0.032934131736526949
Q4-3,35,3600,4000,8,0.023952095808383235
Q4-3,35,4000,4400,6,0.017964071856287425
Q4-3,35,4400,4800,6,0.017964071856287425
Q4-3,35,4800,5200,4,0.011976047904191617
Q4-3,35,5200,5600,5,0.014970059880239521
Q4-3,35,5600,6000,1,0.0029940119760479044
Q4-3,35,6000,6400,2,0.0059880239520958087
Q4-3,35,6400,6800,3,0.0089820359281437123
Q4-3,35,6800,7200,2,0.0059880239520958087
Q4-3,35,7200,7600,0,0
Q4-3,35,7600,8000,2,0.0059880239520958087
Q4-3,35,8000,8400,4,0.011976047904191617
Q4-3,35,8400,8800,3,0.0089820359281437123
Q4-3,35,8800,9200,6,0.017964071856287425
Q4-3,35,9200,9600,7,0.020958083832335328
Q4-3,35,9600,10000,125,0.37425149700598803
Q4-3,35,10000,10400,57,0.17065868263473055
Q4-3,35,10400,10800,58,0.17365269461077845
Q4-3,36,1200,1600,0,0
Q4-3,36,1600,2000,5,0.014970059880239521
Q4-3,36,2000,2400,5,0.014970059880239521
Q4-3,36,2400,2800,13,0.038922155688622756
Q4-3,36,2800,3200,14,0.041916167664670656
Q4-3,36,3200,3600,7,0.020958083832335328
Q4-3,36,3600,4000,7,0.020958083832335328
Q4-3,36,4000,4400,4,0.011976047904191617
Q4-3,36,4400,4800,9,0.026946107784431138
Q4-3,36,4800,5200,0,0
Q4-3,36,5200,5600,1,0.0029940119760479044
Q4-3,36,5600,6000,3,0.0089820359281437123
Q4-3,36,6000,6400,3,0.0089820359281437123
Q4-3,36,6400,6800,1,0.0029940119760479044
Q4-3,36,6800,7200,2,0.0059880239520958087
Q4-3,36,7200,7600,4,0.011976047904191617
Q4-3,36,7600,8000,2,0.0059880239520958087
Q4-3,36,8000,8400,5,0.014970059880239521
Q4-3,36,8400,8800,8,0.023952095808383235
Q4-3,36,8800,9200,119,0.35628742514970058
Q4-3,36,9200,9600,58,0.17365269461077845
Q4-3,36,9600,10000,34,0.10179640718562874
Q4-3,36,10000,10400,5,0.014970059880239521
Q4-3,36,10400,10800,25,0.074850299401197598
Q4-3,37,1200,1600,3,0.0089820359281437123
Q4-3,37,1600,2000,4,0.011976047904191617
Q4-3,37,2000,2400,13,0.038922155688622756
Q4-3,37,2400,2800,16,0.04790419161676647
Q4-3,37,2800,3200,8,0.023952095808383235
Q4-3,37,3200,3600,9,0.026946107784431138
Q4-3,37,3600,4000,1,0.0029940119760479044
Q4-3,37,4000,4400,10,0.029940119760479042
Q4-3,37,4400,4800,1,0.0029940119760479044
Q4-3,37,4800,5200,1,0.0029940119760479044
Q4-3,37,5200,5600,4,0.011976047904191617
Q4-3,37,5600,6000,2,0.0059880239520958087
Q4-3,37,6000,6400,1,0.0029940119760479044
Q4-3,37,6400,6800,3,0.0089820359281437123
Q4-3,37,6800,7200,2,0.0059880239520958087
Q4-3,37,7200,7600,6,0.017964071856287425
Q4-3,37,7600,8000,8,0.023952095808383235
Q4-3,37,8000,8400,92,0.27544910179640719
Q4-3,37,8400,8800,65,0.19461077844311378
Q4-3,37,8800,9200,32,0.09580838323353294
Q4-3,37,9200,9600,7,0.020958083832335328
Q4-3,37,9600,10000,16,0.04790419161676647
Q4-3,37,10000,10400,5,0.014970059880239521
Q4-3,37,10400,10800,25,0.074850299401197598
Q4-3,38,1200,1600,6,0.017964071856287425
Q4-3,38,1600,2000,9,0.026946107784431138
Q4-3,38,2000,2400,17,0.05089820359281437
Q4-3,38,2400,2800,12,0.035928143712574849
Q4-3,38,2800,3200,9,0.026946107784431138
Q4-3,38,3200,3600,3,0.0089820359281437123
Q4-3,38,3600,4000,7,0.020958083832335328
Q4-3,38,4000,4400,2,0.0059880239520958087
Q4-3,38,4400,4800,2,0.0059880239520958087
Q4-3,38,4800,5200,4,0.011976047904191617
Q4-3,38,5200,5600,1,0.0029940119760479044
Q4-3,38,5600,6000,3,0.0089820359281437123
Q4-3,38,6000,6400,3,0.0089820359281437123
Q4-3,38,6400,6800,4,0.011976047904191617
Q4-3,38,6800,7200,16,0.04790419161676647
Q4-3,38,7200,7600,70,0.20958083832335328
Q4-3,38,7600,8000,49,0.1467065868263473
Q4-3,38,8000,8400,53,0.15868263473053892
Q4-3,38,8400,8800,10,0.029940119760479042
Q4-3,38,8800,9200,12,0.035928143712574849
Q4-3,38,9200,9600,1,0.0029940119760479044
Q4-3,38,9600,10000,14,0.041916167664670656
Q4-3,38,10000,10400,4,0.011976047904191617
Q4-3,38,10400,10800,23,0.068862275449101798
Q4-3,39,1200,1600,7,0.020958083832335328
Q4-3,39,1600,2000,21,0.062874251497005984
Q4-3,39,2000,2400,15,0.044910179640718563
Q4-3,39,2400,2800,9,0.026946107784431138
Q4-3,39,2800,3200,5,0.014970059880239521
Q4-3,39,3200,3600,6,0.017964071856287425
Q4-3,39,3600,4000,2,0.0059880239520958087
Q4-3,39,4000,4400,3,0.0089820359281437123
Q4-3,39,4400,4800,4,0.011976047904191617
Q4-3,39,4800,5200,1,0.0029940119760479044
Q4-3,39,5200,5600,3,0.0089820359281437123
Q4-3,39,5600,6000,2,0.0059880239520958087
Q4-3,39,6000,6400,14,0.041916167664670656
Q4-3,39,6400,6800,56,0.16766467065868262
Q4-3,39,6800,7200,54,0.16167664670658682
Q4-3,39,7200,7600,36,0.10778443113772455
Q4-3,39,7600,8000,24,0.071856287425149698
Q4-3,39,8000,8400,21,0.062874251497005984
Q4-3,39,8400,8800,3,0.0089820359281437123
Q4-3,39,8800,9200,8,0.023952095808383235
Q4-3,39,9200,9600,0,0
Q4-3,39,9600,10000,13,0.038922155688622756
Q4-3,39,10000,10400,4,0.011976047904191617
Q4-3,39,10400,10800,23,0.068862275449101798
Q4-3,40,1200,1600,14,0.041916167664670656
Q4-3,40,1600,2000,25,0.074850299401197598
Q4-3,40,2000,2400,12,0.035928143712574849
Q4-3,40,2400,2800,7,0.020958083832335328
Q4-3,40,2800,3200,4,0.011976047904191617
Q4-3,40,3200,3600,3,0.0089820359281437123
Q4-3,40,3600,4000,4,0.011976047904191617
Q4-3,40,4000,4400,3,0.0089820359281437123
Q4-3,40,4400,4800,2,0.0059880239520958087
Q4-3,40,4800,5200,3,0.0089820359281437123
Q4-3,40,5200,5600,5,0.014970059880239521
Q4-3,40,5600,6000,36,0.10778443113772455
Q4-3,40,6000,6400,45,0.1347305389221557
Q4-3,40,6400,6800,44,0.1317365269461078
Q4-3,40,6800,7200,28,0.083832335329341312
Q4-3,40,7200,7600,23,0.068862275449101798
Q4-3,40,7600,8000,12,0.035928143712574849
Q4-3,40,8000,8400,15,0.044910179640718563
Q4-3,40,8400,8800,3,0.0089820359281437123
Q4-3,40,8800,9200,6,0.017964071856287425
Q4-3,40,9200,9600,1,0.0029940119760479044
Q4-3,40,9600,10000,11,0.032934131736526949
Q4-3,40,10000,10400,4,0.011976047904191617
Q4-3,40,10400,10800,24,0.071856287425149698
Q4-3,41,1200,1600,29,0.086826347305389226
Q4-3,41,1600,2000,20,0.059880239520958084
Q4-3,41,2000,2400,8,0.023952095808383235
Q4-3,41,2400,2800,5,0.014970059880239521
Q4-3,41,2800,3200,4,0.011976047904191617
Q4-3,41,3200,3600,5,0.014970059880239521
Q4-3,41,3600,4000,1,0.0029940119760479044
Q4-3,41,4000,4400,3,0.0089820359281437123
Q4-3,41,4400,4800,2,0.0059880239520958087
Q4-3,41,4800,5200,15,0.044910179640718563
Q4-3,41,5200,5600,30,0.089820359281437126
Q4-3,41,5600,6000,39,0.11676646706586827
Q4-3,41,6000,6400,42,0.12574850299401197
Q4-3,41,6400,6800,31,0.092814371257485026
Q4-3,41,6800,7200,18,0.053892215568862277
Q4-3,41,7200,7600,14,0.041916167664670656
Q4-3,41,7600,8000,10,0.029940119760479042
Q4-3,41,8000,8400,9,0.026946107784431138
Q4-3,41,8400,8800,2,0.0059880239520958087
Q4-3,41,8800,9200,8,0.023952095808383235
Q4-3,41,9200,9600,1,0.0029940119760479044
Q4-3,41,9600,10000,11,0.032934131736526949
Q4-3,41,10000,10400,3,0.0089820359281437123
Q4-3,41,10400,10800,24,0.071856287425149698
Q4-3,42,1200,1600,44,0.1317365269461078
Q4-3,42,1600,2000,12,0.035928143712574849
Q4-3,42,2000,2400,5,0.014970059880239521
Q4-3,42,2400,2800,4,0.011976047904191617
Q4-3,42,2800,3200,5,0.014970059880239521
Q4-3,42,3200,3600,2,0.0059880239520958087
Q4-3,42,3600,4000,2,0.0059880239520958087
Q4-3,42,4000,4400,4,0.011976047904191617
Q4-3,42,4400,4800,11,0.032934131736526949
Q4-3,42,4800,5200,23,0.068862275449101798
Q4-3,42,5200,5600,42,0.12574850299401197
Q4-3,42,5600,6000,34,0.10179640718562874
Q4-3,42,6000,6400,32,0.09580838323353294
Q4-3,42,6400,6800,30,0.089820359281437126
Q4-3,42,6800,7200,6,0.017964071856287425
Q4-3,42,7200,7600,11,0.032934131736526949
Q4-3,42,7600,8000,9,0.026946107784431138
Q4-3,42,8000,8400,9,0.026946107784431138
Q4-3,42,8400,8800,2,0.0059880239520958087
Q4-3,42,8800,9200,8,0.023952095808383235
Q4-3,42,9200,9600,1,0.0029940119760479044
Q4-3,42,9600,10000,12,0.035928143712574849
Q4-3,42,10000,10400,2,0.0059880239520958087
Q4-3,42,10400,10800,24,0.071856287425149698
Q4-3,43,1200,1600,52,0.15568862275449102
Q4-3,43,1600,2000,6,0.017964071856287425
Q4-3,43,2000,2400,6,0.017964071856287425
Q4-3,43,2400,2800,6,0.017964071856287425
Q4-3,43,2800,3200,2,0.0059880239520958087
Q4-3,43,3200,3600,2,0.0059880239520958087
Q4-3,43,3600,4000,1,0.0029940119760479044
Q4-3,43,4000,4400,12,0.035928143712574849
Q4-3,43,4400,4800,16,0.04790419161676647
Q4-3,43,4800,5200,32,0.09580838323353294
Q4-3,43,5200,5600,41,0.12275449101796407
Q4-3,43,5600,6000,25,0.074850299401197598
Q4-3,43,6000,6400,27,0.080838323353293412
Q4-3,43,6400,6800,22,0.065868263473053898
Q4-3,43,6800,7200,6,0.017964071856287425
Q4-3,43,7200,7600,11,0.032934131736526949
Q4-3,43,7600,8000,10,0.029940119760479042
Q4-3,43,8000,8400,8,0.023952095808383235
Q4-3,43,8400,8800,2,0.0059880239520958087
Q4-3,43,8800,9200,8,0.023952095808383235
Q4-3,43,9200,9600,1,0.0029940119760479044
Q4-3,43,9600,10000,12,0.035928143712574849
Q4-3,43,10000,10400,3,0.0089820359281437123
Q4-3,43,10400,10800,23,0.068862275449101798
Q4-3,44,1200,1600,55,0.16467065868263472
Q4-3,44,1600,2000,9,0.026946107784431138
Q4-3,44,2000,2400,5,0.014970059880239521
Q4-3,44,2400,2800,2,0.0059880239520958087
Q4-3,44,2800,3200,2,0.0059880239520958087
Q4-3,44,3200,3600,2,0.0059880239520958087
Q4-3,44,3600,4000,7,0.020958083832335328
Q4-3,44,4000,4400,15,0.044910179640718563
Q4-3,44,4400,4800,26,0.077844311377245512
Q4-3,44,4800,5200,27,0.080838323353293412
Q4-3,44,5200,5600,34,0.10179640718562874
Q4-3,44,5600,6000,23,0.068862275449101798
Q4-3,44,6000,6400,22,0.065868263473053898
Q4-3,44,6400,6800,21,0.062874251497005984
Q4-3,44,6800,7200,6,0.017964071856287425
Q4-3,44,7200,7600,10,0.029940119760479042
Q4-3,44,7600,8000,11,0.032934131736526949
Q4-3,44,8000,8400,8,0.023952095808383235
Q4-3,44,8400,8800,2,0.0059880239520958087
Q4-3,44,8800,9200,8,0.023952095808383235
Q4-3,44,9200,9600,1,0.0029940119760479044
Q4-3,44,9600,10000,12,0.035928143712574849
Q4-3,44,10000,10400,3,0.0089820359281437123
Q4-3,44,10400,10800,23,0.068862275449101798
Q4-3,45,1200,1600,57,0.17065868263473055
Q4-3,45,1600,2000,8,0.023952095808383235
Q4-3,45,2000,2400,5,0.014970059880239521
Q4-3,45,2400,2800,2,0.0059880239520958087
Q4-3,45,2800,3200,1,0.0029940119760479044
Q4-3,45,3200,3600,8,0.023952095808383235
Q4-3,45,3600,4000,7,0.020958083832335328
Q4-3,45,4000,4400,14,0.041916167664670656
Q4-3,45,4400,4800,24,0.071856287425149698
Q4-3,45,4800,5200,23,0.068862275449101798
Q4-3,45,5200,5600,30,0.089820359281437126
Q4-3,45,5600,6000,22,0.065868263473053898
Q4-3,45,6000,6400,24,0.071856287425149698
Q4-3,45,6400,6800,12,0.035928143712574849
Q4-3,45,6800,7200,11,0.032934131736526949
Q4-3,45,7200,7600,12,0.035928143712574849
Q4-3,45,7600,8000,8,0.023952095808383235
Q4-3,45,8000,8400,8,0.023952095808383235
Q4-3,45,8400,8800,6,0.017964071856287425
Q4-3,45,8800,9200,8,0.023952095808383235
Q4-3,45,9200,9600,1,0.0029940119760479044
Q4-3,45,9600,10000,10,0.029940119760479042
Q4-3,45,10000,10400,3,0.0089820359281437123
Q4-3,45,10400,10800,30,0.089820359281437126
Q4-3,46,1200,1600,60,0.17964071856287425
Q4-3,46,1600,2000,9,0.026946107784431138
Q4-3,46,2000,2400,2,0.0059880239520958087
Q4-3,46,2400,2800,1,0.0029940119760479044
Q4-3,46,2800,3200,7,0.020958083832335328
Q4-3,46,3200,3600,8,0.023952095808383235
Q4-3,46,3600,4000,15,0.044910179640718563
Q4-3,46,4000,4400,22,0.065868263473053898
Q4-3,46,4400,4800,19,0.056886227544910177
Q4-3,46,4800,5200,34,0.10179640718562874
Q4-3,46,5200,5600,23,0.068862275449101798
Q4-3,46,5600,6000,21,0.062874251497005984
Q4-3,46,6000,6400,14,0.041916167664670656
Q4-3,46,6400,6800,9,0.026946107784431138
Q4-3,46,6800,7200,11,0.032934131736526949
Q4-3,46,7200,7600,11,0.032934131736526949
Q4-3,46,7600,8000,6,0.017964071856287425
Q4-3,46,8000,8400,9,0.026946107784431138
Q4-3,46,8400,8800,4,0.011976047904191617
Q4-3,46,8800,9200,5,0.014970059880239521
Q4-3,46,9200,9600,4,0.011976047904191617
Q4-3,46,9600,10000,10,0.029940119760479042
Q4-3,46,10000,10400,1,0.0029940119760479044
Q4-3,46,10400,10800,29,0.086826347305389226
Q4-3,47,1200,1600,62,0.18562874251497005
Q4-3,47,1600,2000,8,0.023952095808383235
Q4-3,47,2000,2400,1,0.0029940119760479044
Q4-3,47,2400,2800,5,0.014970059880239521
Q4-3,47,2800,3200,10,0.029940119760479042
Q4-3,47,3200,3600,18,0.053892215568862277
Q4-3,47,3600,4000,25,0.074850299401197598
Q4-3,47,4000,4400,22,0.065868263473053898
Q4-3,47,4400,4800,35,0.10479041916167664
Q4-3,47,4800,5200,21,0.062874251497005984
Q4-3,47,5200,5600,23,0.068862275449101798
Q4-3,47,5600,6000,7,0.020958083832335328
Q4-3,47,6000,6400,14,0.041916167664670656
Q4-3,47,6400,6800,11,0.032934131736526949
Q4-3,47,6800,7200,8,0.023952095808383235
Q4-3,47,7200,7600,10,0.029940119760479042
Q4-3,47,7600,8000,5,0.014970059880239521
Q4-3,47,8000,8400,4,0.011976047904191617
Q4-3,47,8400,8800,6,0.017964071856287425
Q4-3,47,8800,9200,8,0.023952095808383235
Q4-3,47,9200,9600,4,0.011976047904191617
Q4-3,47,9600,10000,27,0.080838323353293412
Q4-3,47,10000,10400,0,0
Q4-3,47,10400,10800,0,0
Q4-3,48,1200,1600,63,0.18862275449101795
Q4-3,48,1600,2000,7,0.020958083832335328
Q4-3,48,2000,2400,4,0.011976047904191617
Q4-3,48,2400,2800,13,0.038922155688622756
Q4-3,48,2800,3200,18,0.053892215568862277
Q4-3,48,3200,3600,26,0.077844311377245512
Q4-3,48,3600,4000,32,0.09580838323353294
Q4-3,48,4000,4400,27,0.080838323353293412
Q4-3,48,4400,4800,29,0.086826347305389226
Q4-3,48,4800,5200,14,0.041916167664670656
Q4-3,48,5200,5600,12,0.035928143712574849
Q4-3,48,5600,6000,13,0.038922155688622756
Q4-3,48,6000,6400,9,0.026946107784431138
Q4-3,48,6400,6800,13,0.038922155688622756
Q4-3,48,6800,7200,4,0.011976047904191617
Q4-3,48,7200,7600,5,0.014970059880239521
Q4-3,48,7600,8000,6,0.017964071856287425
Q4-3,48,8000,8400,7,0.020958083832335328
Q4-3,48,8400,8800,8,0.023952095808383235
Q4-3,48,8800,9200,24,0.071856287425149698
Q4-3,48,9200,9600,0,0
Q4-3,48,9600,10000,0,0
Q4-3,48,10000,10400,0,0
Q4-3,48,10400,10800,0,0
Q4-3,49,1200,1600,63,0.18862275449101795
Q4-3,49,1600,2000,10,0.029940119760479042
Q4-3,49,2000,2400,13,0.038922155688622756
Q4-3,49,2400,2800,20,0.059880239520958084
Q4-3,49,2800,3200,23,0.068862275449101798
Q4-3,49,3200,3600,35,0.10479041916167664
Q4-3,49,3600,4000,31,0.092814371257485026
Q4-3,49,4000,4400,26,0.077844311377245512
Q4-3,49,4400,4800,11,0.032934131736526949
Q4-3,49,4800,5200,17,0.05089820359281437
Q4-3,49,5200,5600,14,0.041916167664670656
Q4-3,49,5600,6000,13,0.038922155688622756
Q4-3,49,6000,6400,6,0.017964071856287425
Q4-3,49,6400,6800,5,0.014970059880239521
Q4-3,49,6800,7200,6,0.017964071856287425
Q4-3,49,7200,7600,9,0.026946107784431138
Q4-3,49,7600,8000,10,0.029940119760479042
Q4-3,49,8000,8400,22,0.065868263473053898
Q4-3,49,8400,8800,0,0
Q4-3,49,8800,9200,0,0
Q4-3,49,9200,9600,0,0
Q4-3,49,9600,10000,0,0
Q4-3,49,10000,10400,0,0
Q4-3,49,10400,10800,0,0
Q4-3,50,1200,1600,63,0.18862275449101795
Q4-3,50,1600,2000,15,0.044910179640718563
Q4-3,50,2000,2400,24,0.071856287425149698
Q4-3,50,2400,2800,24,0.071856287425149698
Q4-3,50,2800,3200,27,0.080838323353293412
Q4-3,50,3200,3600,44,0.1317365269461078
Q4-3,50,3600,4000,26,0.077844311377245512
Q4-3,50,4000,4400,17,0.05089820359281437
Q4-3,50,4400,4800,13,0.038922155688622756
Q4-3,50,4800,5200,12,0.035928143712574849
Q4-3,50,5200,5600,14,0.041916167664670656
Q4-3,50,5600,6000,7,0.020958083832335328
Q4-3,50,6000,6400,5,0.014970059880239521
Q4-3,50,6400,6800,10,0.029940119760479042
Q4-3,50,6800,7200,23,0.068862275449101798
Q4-3,50,7200,7600,9,0.026946107784431138
Q4-3,50,7600,8000,1,0.0029940119760479044
Q4-3,50,8000,8400,0,0
Q4-3,50,8400,8800,0,0
Q4-3,50,8800,9200,0,0
Q4-3,50,9200,9600,0,0
Q4-3,50,9600,10000,0,0
Q4-3,50,10000,10400,0,0
Q4-3,50,10400,10800,0,0
Q4-3,51,1200,1600,64,0.19161676646706588
Q4-3,51,1600,2000,22,0.065868263473053898
Q4-3,51,2000,2400,34,0.10179640718562874
Q4-3,51,2400,2800,27,0.080838323353293412
Q4-3,51,2800,3200,38,0.11377245508982035
Q4-3,51,3200,3600,36,0.10778443113772455
Q4-3,51,3600,4000,18,0.053892215568862277
Q4-3,51,4000,4400,17,0.05089820359281437
Q4-3,51,4400,4800,13,0.038922155688622756
Q4-3,51,4800,5200,13,0.038922155688622756
Q4-3,51,5200,5600,5,0.014970059880239521
Q4-3,51,5600,6000,12,0.035928143712574849
Q4-3,51,6000,6400,23,0.068862275449101798
Q4-3,51,6400,6800,8,0.023952095808383235
Q4-3,51,6800,7200,4,0.011976047904191617
Q4-3,51,7200,7600,0,0
Q4-3,51,7600,8000,0,0
Q4-3,51,8000,8400,0,0
Q4-3,51,8400,8800,0,0
Q4-3,51,8800,9200,0,0
Q4-3,51,9200,9600,0,0
Q4-3,51,9600,10000,0,0
Q4-3,51,10000,10400,0,0
Q4-3,51,10400,10800,0,0
Q4-3,52,1200,1600,69,0.20658682634730538
Q4-3,52,1600,2000,34,0.10179640718562874
Q4-3,52,2000,2400,35,0.10479041916167664
Q4-3,52,2400,2800,27,0.080838323353293412
Q4-3,52,2800,3200,44,0.1317365269461078
Q4-3,52,3200,3600,27,0.080838323353293412
Q4-3,52,3600,4000,17,0.05089820359281437
Q4-3,52,4000,4400,19,0.056886227544910177
Q4-3,52,4400,4800,10,0.029940119760479042
Q4-3,52,4800,5200,13,0.038922155688622756
Q4-3,52,5200,5600,19,0.056886227544910177
Q4-3,52,5600,6000,12,0.035928143712574849
Q4-3,52,6000,6400,6,0.017964071856287425
Q4-3,52,6400,6800,2,0.0059880239520958087
Q4-3,52,6800,7200,0,0
Q4-3,52,7200,7600,0,0
Q4-3,52,7600,8000,0,0
Q4-3,52,8000,8400,0,0
Q4-3,52,8400,8800,0,0
Q4-3,52,8800,9200,0,0
Q4-3,52,9200,9600,0,0
Q4-3,52,9600,10000,0,0
Q4-3,52,10000,10400,0,0
Q4-3,52,10400,10800,0,0
Q4-3,53,1200,1600,74,0.22155688622754491
Q4-3,53,1600,2000,49,0.1467065868263473
Q4-3,53,2000,2400,31,0.092814371257485026
Q4-3,53,2400,2800,34,0.10179640718562874
Q4-3,53,2800,3200,44,0.1317365269461078
Q4-3,53,3200,3600,20,0.059880239520958084
Q4-3,53,3600,4000,16,0.04790419161676647
Q4-3,53,4000,4400,11,0.032934131736526949
Q4-3,53,4400,4800,28,0.083832335329341312
Q4-3,53,4800,5200,15,0.044910179640718563
Q4-3,53,5200,5600,7,0.020958083832335328
Q4-3,53,5600,6000,2,0.0059880239520958087
Q4-3,53,6000,6400,3,0.0089820359281437123
Q4-3,53,6400,6800,0,0
Q4-3,53,6800,7200,0,0
Q4-3,53,7200,7600,0,0
Q4-3,53,7600,8000,0,0
Q4-3,53,8000,8400,0,0
Q4-3,53,8400,8800,0,0
Q4-3,53,8800,9200,0,0
Q4-3,53,9200,9600,0,0
Q4-3,53,9600,10000,0,0
Q4-3,53,10000,10400,0,0
Q4-3,53,10400,10800,0,0
Q4-3,54,1200,1600,89,0.26646706586826346
Q4-3,54,1600,2000,42,0.12574850299401197
Q4-3,54,2000,2400,38,0.11377245508982035
Q4-3,54,2400,2800,41,0.12275449101796407
Q4-3,54,2800,3200,33,0.09880239520958084
Q4-3,54,3200,3600,21,0.062874251497005984
Q4-3,54,3600,4000,20,0.059880239520958084
Q4-3,54,4000,4400,24,0.071856287425149698
Q4-3,54,4400,4800,13,0.038922155688622756
Q4-3,54,4800,5200,9,0.026946107784431138
Q4-3,54,5200,5600,1,0.0029940119760479044
Q4-3,54,5600,6000,2,0.0059880239520958087
Q4-3,54,6000,6400,1,0.0029940119760479044
Q4-3,54,6400,6800,0,0
Q4-3,54,6800,7200,0,0
Q4-3,54,7200,7600,0,0
Q4-3,54,7600,8000,0,0
Q4-3,54,8000,8400,0,0
Q4-3,54,8400,8800,0,0
Q4-3,54,8800,9200,0,0
Q4-3,54,9200,9600,0,0
Q4-3,54,9600,10000,0,0
Q4-3,54,10000,10400,0,0
Q4-3,54,10400,10800,0,0
Q4-3,55,1200,1600,102,0.30538922155688625
Q4-3,55,1600,2000,34,0.10179640718562874
Q4-3,55,2000,2400,47,0.1407185628742515
Q4-3,55,2400,2800,40,0.11976047904191617
Q4-3,55,2800,3200,30,0.089820359281437126
Q4-3,55,3200,3600,27,0.080838323353293412
Q4-3,55,3600,4000,22,0.065868263473053898
Q4-3,55,4000,4400,15,0.044910179640718563
Q4-3,55,4400,4800,9,0.026946107784431138
Q4-3,55,4800,5200,5,0.014970059880239521
Q4-3,55,5200,5600,2,0.0059880239520958087
Q4-3,55,5600,6000,1,0.0029940119760479044
Q4-3,55,6000,6400,0,0
Q4-3,55,6400,6800,0,0
Q4-3,55,6800,7200,0,0
Q4-3,55,7200,7600,0,0
Q4-3,55,7600,8000,0,0
Q4-3,55,8000,8400,0,0
Q4-3,55,8400,8800,0,0
Q4-3,55,8800,9200,0,0
Q4-3,55,9200,9600,0,0
Q4-3,55,9600,10000,0,0
Q4-3,55,10000,10400,0,0
Q4-3,55,10400,10800,0,0
Q4-3,56,1200,1600,105,0.31437125748502992
Q4-3,56,1600,2000,42,0.12574850299401197
Q4-3,56,2000,2400,44,0.1317365269461078
Q4-3,56,2400,2800,39,0.11676646706586827
Q4-3,56,2800,3200,33,0.09880239520958084
Q4-3,56,3200,3600,28,0.083832335329341312
Q4-3,56,3600,4000,18,0.053892215568862277
Q4-3,56,4000,4400,11,0.032934131736526949
Q4-3,56,4400,4800,7,0.020958083832335328
Q4-3,56,4800,5200,4,0.011976047904191617
Q4-3,56,5200,5600,3,0.0089820359281437123
Q4-3,56,5600,6000,0,0
Q4-3,56,6000,6400,0,0
Q4-3,56,6400,6800,0,0
Q4-3,56,6800,7200,0,0
Q4-3,56,7200,7600,0,0
Q4-3,56,7600,8000,0,0
Q4-3,56,8000,8400,0,0
Q4-3,56,8400,8800,0,0
Q4-3,56,8800,9200,0,0
Q4-3,56,9200,9600,0,0
Q4-3,56,9600,10000,0,0
Q4-3,56,10000,10400,0,0
Q4-3,56,10400,10800,0,0
Q4-3,57,1200,1600,106,0.31736526946107785
Q4-3,57,1600,2000,50,0.1497005988023952
Q4-3,57,2000,2400,38,0.11377245508982035
Q4-3,57,2400,2800,43,0.12874251497005987
Q4-3,57,2800,3200,31,0.092814371257485026
Q4-3,57,3200,3600,24,0.071856287425149698
Q4-3,57,3600,4000,19,0.056886227544910177
Q4-3,57,4000,4400,9,0.026946107784431138
Q4-3,57,4400,4800,6,0.017964071856287425
Q4-3,57,4800,5200,8,0.023952095808383235
Q4-3,57,5200,5600,0,0
Q4-3,57,5600,6000,0,0
Q4-3,57,6000,6400,0,0
Q4-3,57,6400,6800,0,0
Q4-3,57,6800,7200,0,0
Q4-3,57,7200,7600,0,0
Q4-3,57,7600,8000,0,0
Q4-3,57,8000,8400,0,0
Q4-3,57,8400,8800,0,0
Q4-3,57,8800,9200,0,0
Q4-3,57,9200,9600,0,0
Q4-3,57,9600,10000,0,0
Q4-3,57,10000,10400,0,0
Q4-3,57,10400,10800,0,0
Q4-3,58,1200,1600,110,0.32934131736526945
Q4-3,58,1600,2000,48,0.1437125748502994
Q4-3,58,2000,2400,38,0.11377245508982035
Q4-3,58,2400,2800,39,0.11676646706586827
Q4-3,58,2800,3200,39,0.11676646706586827
Q4-3,58,3200,3600,24,0.071856287425149698
Q4-3,58,3600,4000,16,0.04790419161676647
Q4-3,58,4000,4400,10,0.029940119760479042
Q4-3,58,4400,4800,4,0.011976047904191617
Q4-3,58,4800,5200,5,0.014970059880239521
Q4-3,58,5200,5600,1,0.0029940119760479044
Q4-3,58,5600,6000,0,0
Q4-3,58,6000,6400,0,0
Q4-3,58,6400,6800,0,0
Q4-3,58,6800,7200,0,0
Q4-3,58,7200,7600,0,0
Q4-3,58,7600,8000,0,0
Q4-3,58,8000,8400,0,0
Q4-3,58,8400,8800,0,0
Q4-3,58,8800,9200,0,0
Q4-3,58,9200,9600,0,0
Q4-3,58,9600,10000,0,0
Q4-3,58,10000,10400,0,0
Q4-3,58,10400,10800,0,0
Q4-3,59,1200,1600,113,0.33832335329341318
Q4-3,59,1600,2000,45,0.1347305389221557
Q4-3,59,2000,2400,39,0.11676646706586827
Q4-3,59,2400,2800,44,0.1317365269461078
Q4-3,59,2800,3200,37,0.11077844311377245
Q4-3,59,3200,3600,31,0.092814371257485026
Q4-3,59,3600,4000,8,0.023952095808383235
Q4-3,59,4000,4400,7,0.020958083832335328
Q4-3,59,4400,4800,6,0.017964071856287425
Q4-3,59,4800,5200,2,0.0059880239520958087
Q4-3,59,5200,5600,2,0.0059880239520958087
Q4-3,59,5600,6000,0,0
Q4-3,59,6000,6400,0,0
Q4-3,59,6400,6800,0,0
Q4-3,59,6800,7200,0,0
Q4-3,59,7200,7600,0,0
Q4-3,59,7600,8000,0,0
Q4-3,59,8000,8400,0,0
Q4-3,59,8400,8800,0,0
Q4-3,59,8800,9200,0,0
Q4-3,59,9200,9600,0,0
Q4-3,59,9600,10000,0,0
Q4-3,59,10000,10400,0,0
Q4-3,59,10400,10800,0,0
Q4-3,60,1200,1600,116,0.3473053892215569
Q4-3,60,1600,2000,45,0.1347305389221557
Q4-3,60,2000,2400,37,0.11077844311377245
Q4-3,60,2400,2800,45,0.1347305389221557
Q4-3,60,2800,3200,33,0.09880239520958084
Q4-3,60,3200,3600,25,0.074850299401197598
Q4-3,60,3600,4000,10,0.029940119760479042
Q4-3,60,4000,4400,10,0.029940119760479042
Q4-3,60,4400,4800,7,0.020958083832335328
Q4-3,60,4800,5200,2,0.0059880239520958087
Q4-3,60,5200,5600,3,0.0089820359281437123
Q4-3,60,5600,6000,1,0.0029940119760479044
Q4-3,60,6000,6400,0,0
Q4-3,60,6400,6800,0,0
Q4-3,60,6800,7200,0,0
Q4-3,60,7200,7600,0,0
Q4-3,60,7600,8000,0,0
Q4-3,60,8000,8400,0,0
Q4-3,60,8400,8800,0,0
Q4-3,60,8800,9200,0,0
Q4-3,60,9200,9600,0,0
Q4-3,60,9600,10000,0,0
Q4-3,60,10000,10400,0,0
Q4-3,60,10400,10800,0,0
Q4-3,61,1200,1600,107,0.32035928143712578
Q4-3,61,1600,2000,57,0.17065868263473055
Q4-3,61,2000,2400,43,0.12874251497005987
Q4-3,61,2400,2800,36,0.10778443113772455
Q4-3,61,2800,3200,25,0.074850299401197598
Q4-3,61,3200,3600,26,0.077844311377245512
Q4-3,61,3600,4000,12,0.035928143712574849
Q4-3,61,4000,4400,8,0.023952095808383235
Q4-3,61,4400,4800,13,0.038922155688622756
Q4-3,61,4800,5200,1,0.0029940119760479044
Q4-3,61,5200,5600,4,0.011976047904191617
Q4-3,61,5600,6000,0,0
Q4-3,61,6000,6400,2,0.0059880239520958087
Q4-3,61,6400,6800,0,0
Q4-3,61,6800,7200,0,0
Q4-3,61,7200,7600,0,0
Q4-3,61,7600,8000,0,0
Q4-3,61,8000,8400,0,0
Q4-3,61,8400,8800,0,0
Q4-3,61,8800,9200,0,0
Q4-3,61,9200,9600,0,0
Q4-3,61,9600,10000,0,0
Q4-3,61,10000,10400,0,0
Q4-3,61,10400,10800,0,0
Q4-3,62,1200,1600,100,0.29940119760479039
Q4-3,62,1600,2000,71,0.21257485029940121
Q4-3,62,2000,2400,32,0.09580838323353294
Q4-3,62,2400,2800,32,0.09580838323353294
Q4-3,62,2800,3200,23,0.068862275449101798
Q4-3,62,3200,3600,23,0.068862275449101798
Q4-3,62,3600,4000,19,0.056886227544910177
Q4-3,62,4000,4400,8,0.023952095808383235
Q4-3,62,4400,4800,12,0.035928143712574849
Q4-3,62,4800,5200,6,0.017964071856287425
Q4-3,62,5200,5600,3,0.0089820359281437123
Q4-3,62,5600,6000,2,0.0059880239520958087
Q4-3,62,6000,6400,2,0.0059880239520958087
Q4-3,62,6400,6800,1,0.0029940119760479044
Q4-3,62,6800,7200,0,0
Q4-3,62,7200,7600,0,0
Q4-3,62,7600,8000,0,0
Q4-3,62,8000,8400,0,0
Q4-3,62,8400,8800,0,0
Q4-3,62,8800,9200,0,0
Q4-3,62,9200,9600,0,0
Q4-3,62,9600,10000,0,0
Q4-3,62,10000,10400,0,0
Q4-3,62,10400,10800,0,0
Q4-3,63,1200,1600,102,0.30538922155688625
Q4-3,63,1600,2000,62,0.18562874251497005
Q4-3,63,2000,2400,31,0.092814371257485026
Q4-3,63,2400,2800,30,0.089820359281437126
Q4-3,63,2800,3200,25,0.074850299401197598
Q4-3,63,3200,3600,23,0.068862275449101798
Q4-3,63,3600,4000,20,0.059880239520958084
Q4-3,63,4000,4400,12,0.035928143712574849
Q4-3,63,4400,4800,13,0.038922155688622756
Q4-3,63,4800,5200,3,0.0089820359281437123
Q4-3,63,5200,5600,5,0.014970059880239521
Q4-3,63,5600,6000,4,0.011976047904191617
Q4-3,63,6000,6400,2,0.0059880239520958087
Q4-3,63,6400,6800,0,0
Q4-3,63,6800,7200,2,0.0059880239520958087
Q4-3,63,7200,7600,0,0
Q4-3,63,7600,8000,0,0
Q4-3,63,8000,8400,0,0
Q4-3,63,8400,8800,0,0
Q4-3,63,8800,9200,0,0
Q4-3,63,9200,9600,0,0
Q4-3,63,9600,10000,0,0
Q4-3,63,10000,10400,0,0
Q4-3,63,10400,10800,0,0
Q4-3,64,1200,1600,89,0.26646706586826346
Q4-3,64,1600,2000,60,0.17964071856287425
Q4-3,64,2000,2400,36,0.10778443113772455
Q4-3,64,2400,2800,28,0.083832335329341312
Q4-3,64,2800,3200,27,0.080838323353293412
Q4-3,64,3200,3600,23,0.068862275449101798
Q4-3,64,3600,4000,14,0.041916167664670656
Q4-3,64,4000,4400,21,0.062874251497005984
Q4-3,64,4400,4800,15,0.044910179640718563
Q4-3,64,4800,5200,6,0.017964071856287425
Q4-3,64,5200,5600,5,0.014970059880239521
Q4-3,64,5600,6000,4,0.011976047904191617
Q4-3,64,6000,6400,3,0.0089820359281437123
Q4-3,64,6400,6800,1,0.0029940119760479044
Q4-3,64,6800,7200,2,0.0059880239520958087
Q4-3,64,7200,7600,0,0
Q4-3,64,7600,8000,0,0
Q4-3,64,8000,8400,0,0
Q4-3,64,8400,8800,0,0
Q4-3,64,8800,9200,0,0
Q4-3,64,9200,9600,0,0
Q4-3,64,9600,10000,0,0
Q4-3,64,10000,10400,0,0
Q4-3,64,10400,10800,0,0
Q4-3,65,1200,1600,4,0.011976047904191617
Q4-3,65,1600,2000,56,0.16766467065868262
Q4-3,65,2000,2400,51,0.15269461077844312
Q4-3,65,2400,2800,60,0.17964071856287425
Q4-3,65,2800,3200,33,0.09880239520958084
Q4-3,65,3200,3600,28,0.083832335329341312
Q4-3,65,3600,4000,26,0.077844311377245512
Q4-3,65,4000,4400,23,0.068862275449101798
Q4-3,65,4400,4800,18,0.053892215568862277
Q4-3,65,4800,5200,14,0.041916167664670656
Q4-3,65,5200,5600,7,0.020958083832335328
Q4-3,65,5600,6000,5,0.014970059880239521
Q4-3,65,6000,6400,4,0.011976047904191617
Q4-3,65,6400,6800,2,0.0059880239520958087
Q4-3,65,6800,7200,3,0.0089820359281437123
Q4-3,65,7200,7600,0,0
Q4-3,65,7600,8000,0,0
Q4-3,65,8000,8400,0,0
Q4-3,65,8400,8800,0,0
Q4-3,65,8800,9200,0,0
Q4-3,65,9200,9600,0,0
Q4-3,65,9600,10000,0,0
Q4-3,65,10000,10400,0,0
Q4-3,65,10400,10800,0,0
Q4-3,66,1200,1600,2,0.0059880239520958087
Q4-3,66,1600,2000,2,0.0059880239520958087
Q4-3,66,2000,2400,8,0.023952095808383235
Q4-3,66,2400,2800,67,0.20059880239520958
Q4-3,66,2800,3200,46,0.1377245508982036
Q4-3,66,3200,3600,63,0.18862275449101795
Q4-3,66,3600,4000,32,0.09580838323353294
Q4-3,66,4000,4400,28,0.083832335329341312
Q4-3,66,4400,4800,31,0.092814371257485026
Q4-3,66,4800,5200,18,0.053892215568862277
Q4-3,66,5200,5600,11,0.032934131736526949
Q4-3,66,5600,6000,11,0.032934131736526949
Q4-3,66,6000,6400,8,0.023952095808383235
Q4-3,66,6400,6800,3,0.0089820359281437123
Q4-3,66,6800,7200,4,0.011976047904191617
Q4-3,66,7200,7600,0,0
Q4-3,66,7600,8000,0,0
Q4-3,66,8000,8400,0,0
Q4-3,66,8400,8800,0,0
Q4-3,66,8800,9200,0,0
Q4-3,66,9200,9600,0,0
Q4-3,66,9600,10000,0,0
Q4-3,66,10000,10400,0,0
Q4-3,66,10400,10800,0,0
Q4-3,67,1200,1600,1,0.0029940119760479044
Q4-3,67,1600,2000,1,0.0029940119760479044
Q4-3,67,2000,2400,3,0.0089820359281437123
Q4-3,67,2400,2800,6,0.017964071856287425
Q4-3,67,2800,3200,16,0.04790419161676647
Q4-3,67,3200,3600,82,0.24550898203592814
Q4-3,67,3600,4000,45,0.1347305389221557
Q4-3,67,4000,4400,61,0.18263473053892215
Q4-3,67,4400,4800,36,0.10778443113772455
Q4-3,67,4800,5200,24,0.071856287425149698
Q4-3,67,5200,5600,23,0.068862275449101798
Q4-3,67,5600,6000,10,0.029940119760479042
Q4-3,67,6000,6400,16,0.04790419161676647
Q4-3,67,6400,6800,5,0.014970059880239521
Q4-3,67,6800,7200,4,0.011976047904191617
Q4-3,67,7200,7600,1,0.0029940119760479044
Q4-3,67,7600,8000,0,0
Q4-3,67,8000,8400,0,0
Q4-3,67,8400,8800,0,0
Q4-3,67,8800,9200,0,0
Q4-3,67,9200,9600,0,0
Q4-3,67,9600,10000,0,0
Q4-3,67,10000,10400,0,0
Q4-3,67,10400,10800,0,0
Q4-3,68,1200,1600,0,0
Q4-3,68,1600,2000,1,0.0029940119760479044
Q4-3,68,2000,2400,3,0.0089820359281437123
Q4-3,68,2400,2800,2,0.0059880239520958087
Q4-3,68,2800,3200,5,0.014970059880239521
Q4-3,68,3200,3600,12,0.035928143712574849
Q4-3,68,3600,4000,24,0.071856287425149698
Q4-3,68,4000,4400,83,0.24850299401197604
Q4-3,68,4400,4800,53,0.15868263473053892
Q4-3,68,4800,5200,54,0.16167664670658682
Q4-3,68,5200,5600,37,0.11077844311377245
Q4-3,68,5600,6000,16,0.04790419161676647
Q4-3,68,6000,6400,22,0.065868263473053898
Q4-3,68,6400,6800,9,0.026946107784431138
Q4-3,68,6800,7200,9,0.026946107784431138
Q4-3,68,7200,7600,4,0.011976047904191617
Q4-3,68,7600,8000,0,0
Q4-3,68,8000,8400,0,0
Q4-3,68,8400,8800,0,0
Q4-3,68,8800,9200,0,0
Q4-3,68,9200,9600,0,0
Q4-3,68,9600,10000,0,0
Q4-3,68,10000,10400,0,0
Q4-3,68,10400,10800,0,0
Q4-3,69,1200,1600,0,0
Q4-3,69,1600,2000,0,0
Q4-3,69,2000,2400,3,0.0089820359281437123
Q4-3,69,2400,2800,2,0.0059880239520958087
Q4-3,69,2800,3200,2,0.0059880239520958087
Q4-3,69,3200,3600,6,0.017964071856287425
Q4-3,69,3600,4000,8,0.023952095808383235
Q4-3,69,4000,4400,19,0.056886227544910177
Q4-3,69,4400,4800,31,0.092814371257485026
Q4-3,69,4800,5200,73,0.21856287425149701
Q4-3,69,5200,5600,68,0.20359281437125748
Q4-3,69,5600,6000,45,0.1347305389221557
Q4-3,69,6000,6400,35,0.10479041916167664
Q4-3,69,6400,6800,15,0.044910179640718563
Q4-3,69,6800,7200,18,0.053892215568862277
Q4-3,69,7200,7600,7,0.020958083832335328
Q4-3,69,7600,8000,1,0.0029940119760479044
Q4-3,69,8000,8400,1,0.0029940119760479044
Q4-3,69,8400,8800,0,0
Q4-3,69,8800,9200,0,0
Q4-3,69,9200,9600,0,0
Q4-3,69,9600,10000,0,0
Q4-3,69,10000,10400,0,0
Q4-3,69,10400,10800,0,0
Q4-3,70,1200,1600,0,0
Q4-3,70,1600,2000,0,0
Q4-3,70,2000,2400,2,0.0059880239520958087
Q4-3,70,2400,2800,1,0.0029940119760479044
Q4-3,70,2800,3200,3,0.0089820359281437123
Q4-3,70,3200,3600,4,0.011976047904191617
Q4-3,70,3600,4000,4,0.011976047904191617
Q4-3,70,4000,4400,11,0.032934131736526949
Q4-3,70,4400,4800,12,0.035928143712574849
Q4-3,70,4800,5200,14,0.041916167664670656
Q4-3,70,5200,5600,35,0.10479041916167664
Q4-3,70,5600,6000,76,0.22754491017964071
Q4-3,70,6000,6400,72,0.21556886227544911
Q4-3,70,6400,6800,37,0.11077844311377245
Q4-3,70,6800,7200,36,0.10778443113772455
Q4-3,70,7200,7600,17,0.05089820359281437
Q4-3,70,7600,8000,7,0.020958083832335328
Q4-3,70,8000,8400,3,0.0089820359281437123
Q4-3,70,8400,8800,0,0
Q4-3,70,8800,9200,0,0
Q4-3,70,9200,9600,0,0
Q4-3,70,9600,10000,0,0
Q4-3,70,10000,10400,0,0
Q4-3,70,10400,10800,0,0
Q4-3,71,1200,1600,0,0
Q4-3,71,1600,2000,0,0
Q4-3,71,2000,2400,2,0.0059880239520958087
Q4-3,71,2400,2800,1,0.0029940119760479044
Q4-3,71,2800,3200,1,0.0029940119760479044
Q4-3,71,3200,3600,3,0.0089820359281437123
Q4-3,71,3600,4000,4,0.011976047904191617
Q4-3,71,4000,4400,7,0.020958083832335328
Q4-3,71,4400,4800,9,0.026946107784431138
Q4-3,71,4800,5200,5,0.014970059880239521
Q4-3,71,5200,5600,16,0.04790419161676647
Q4-3,71,5600,6000,23,0.068862275449101798
Q4-3,71,6000,6400,36,0.10778443113772455
Q4-3,71,6400,6800,78,0.23353293413173654
Q4-3,71,6800,7200,59,0.17664670658682635
Q4-3,71,7200,7600,44,0.1317365269461078
Q4-3,71,7600,8000,31,0.092814371257485026
Q4-3,71,8000,8400,8,0.023952095808383235
Q4-3,71,8400,8800,7,0.020958083832335328
Q4-3,71,8800,9200,0,0
Q4-3,71,9200,9600,0,0
Q4-3,71,9600,10000,0,0
Q4-3,71,10000,10400,0,0
Q4-3,71,10400,10800,0,0
Q4-3,72,1200,1600,0,0
Q4-3,72,1600,2000,0,0
Q4-3,72,2000,2400,2,0.0059880239520958087
Q4-3,72,2400,2800,1,0.0029940119760479044
Q4-3,72,2800,3200,1,0.0029940119760479044
Q4-3,72,3200,3600,1,0.0029940119760479044
Q4-3,72,3600,4000,0,0
Q4-3,72,4000,4400,9,0.026946107784431138
Q4-3,72,4400,4800,4,0.011976047904191617
Q4-3,72,4800,5200,9,0.026946107784431138
Q4-3,72,5200,5600,8,0.023952095808383235
Q4-3,72,5600,6000,9,0.026946107784431138
Q4-3,72,6000,6400,17,0.05089820359281437
Q4-3,72,6400,6800,27,0.080838323353293412
Q4-3,72,6800,7200,45,0.1347305389221557
Q4-3,72,7200,7600,70,0.20958083832335328
Q4-3,72,7600,8000,66,0.19760479041916168
Q4-3,72,8000,8400,33,0.09880239520958084
Q4-3,72,8400,8800,23,0.068862275449101798
Q4-3,72,8800,9200,8,0.023952095808383235
Q4-3,72,9200,9600,1,0.0029940119760479044
Q4-3,72,9600,10000,0,0
Q4-3,72,10000,10400,0,0
Q4-3,72,10400,10800,0,0
Q4-3,73,1200,1600,0,0
Q4-3,73,1600,2000,0,0
Q4-3,73,2000,2400,2,0.0059880239520958087
Q4-3,73,2400,2800,1,0.0029940119760479044
Q4-3,73,2800,3200,1,0.0029940119760479044
Q4-3,73,3200,3600,1,0.0029940119760479044
Q4-3,73,3600,4000,0,0
Q4-3,73,4000,4400,4,0.011976047904191617
Q4-3,73,4400,4800,4,0.011976047904191617
Q4-3,73,4800,5200,9,0.026946107784431138
Q4-3,73,5200,5600,9,0.026946107784431138
Q4-3,73,5600,6000,6,0.017964071856287425
Q4-3,73,6000,6400,12,0.035928143712574849
Q4-3,73,6400,6800,11,0.032934131736526949
Q4-3,73,6800,7200,18,0.053892215568862277
Q4-3,73,7200,7600,32,0.09580838323353294
Q4-3,73,7600,8000,61,0.18263473053892215
Q4-3,73,8000,8400,60,0.17964071856287425
Q4-3,73,8400,8800,60,0.17964071856287425
Q4-3,73,8800,9200,27,0.080838323353293412
Q4-3,73,9200,9600,13,0.038922155688622756
Q4-3,73,9600,10000,3,0.0089820359281437123
Q4-3,73,10000,10400,0,0
Q4-3,73,10400,10800,0,0
Q4-3,74,1200,1600,0,0
Q4-3,74,1600,2000,0,0
Q4-3,74,2000,2400,1,0.0029940119760479044
Q4-3,74,2400,2800,1,0.0029940119760479044
Q4-3,74,2800,3200,1,0.0029940119760479044
Q4-3,74,3200,3600,2,0.0059880239520958087
Q4-3,74,3600,4000,0,0
Q4-3,74,4000,4400,4,0.011976047904191617
Q4-3,74,4400,4800,0,0
Q4-3,74,4800,5200,4,0.011976047904191617
Q4-3,74,5200,5600,13,0.038922155688622756
Q4-3,74,5600,6000,6,0.017964071856287425
Q4-3,74,6000,6400,10,0.029940119760479042
Q4-3,74,6400,6800,7,0.020958083832335328
Q4-3,74,6800,7200,8,0.023952095808383235
Q4-3,74,7200,7600,13,0.038922155688622756
Q4-3,74,7600,8000,20,0.059880239520958084
Q4-3,74,8000,8400,40,0.11976047904191617
Q4-3,74,8400,8800,76,0.22754491017964071
Q4-3,74,8800,9200,48,0.1437125748502994
Q4-3,74,9200,9600,52,0.15568862275449102
Q4-3,74,9600,10000,15,0.044910179640718563
Q4-3,74,10000,10400,13,0.038922155688622756
Q4-3,74,10400,10800,0,0
Q4-3,75,1200,1600,0,0
Q4-3,75,1600,2000,0,0
Q4-3,75,2000,2400,0,0
Q4-3,75,2400,2800,0,0
Q4-3,75,2800,3200,3,0.0089820359281437123
Q4-3,75,3200,3600,1,0.0029940119760479044
Q4-3,75,3600,4000,0,0
Q4-3,75,4000,4400,1,0.0029940119760479044
Q4-3,75,4400,4800,1,0.0029940119760479044
Q4-3,75,4800,5200,6,0.017964071856287425
Q4-3,75,5200,5600,4,0.011976047904191617
Q4-3,75,5600,6000,8,0.023952095808383235
Q4-3,75,6000,6400,11,0.032934131736526949
Q4-3,75,6400,6800,7,0.020958083832335328
Q4-3,75,6800,7200,6,0.017964071856287425
Q4-3,75,7200,7600,10,0.029940119760479042
Q4-3,75,7600,8000,8,0.023952095808383235
Q4-3,75,8000,8400,16,0.04790419161676647
Q4-3,75,8400,8800,22,0.065868263473053898
Q4-3,75,8800,9200,40,0.11976047904191617
Q4-3,75,9200,9600,81,0.24251497005988024
Q4-3,75,9600,10000,37,0.11077844311377245
Q4-3,75,10000,10400,46,0.1377245508982036
Q4-3,75,10400,10800,26,0.077844311377245512
Q4-3,76,1200,1600,0,0
Q4-3,76,1600,2000,0,0
Q4-3,76,2000,2400,0,0
Q4-3,76,2400,2800,0,0
Q4-3,76,2800,3200,0,0
Q4-3,76,3200,3600,1,0.0029940119760479044
Q4-3,76,3600,4000,2,0.0059880239520958087
Q4-3,76,4000,4400,1,0.0029940119760479044
Q4-3,76,4400,4800,2,0.0059880239520958087
Q4-3,76,4800,5200,3,0.0089820359281437123
Q4-3,76,5200,5600,5,0.014970059880239521
Q4-3,76,5600,6000,4,0.011976047904191617
Q4-3,76,6000,6400,5,0.014970059880239521
Q4-3,76,6400,6800,7,0.020958083832335328
Q4-3,76,6800,7200,11,0.032934131736526949
Q4-3,76,7200,7600,8,0.023952095808383235
Q4-3,76,7600,8000,10,0.029940119760479042
Q4-3,76,8000,8400,6,0.017964071856287425
Q4-3,76,8400,8800,15,0.044910179640718563
Q4-3,76,8800,9200,28,0.083832335329341312
Q4-3,76,9200,9600,29,0.086826347305389226
Q4-3,76,9600,10000,50,0.1497005988023952
Q4-3,76,10000,10400,79,0.23652694610778444
Q4-3,76,10400,10800,68,0.20359281437125748
Q4-3,77,1200,1600,0,0
Q4-3,77,1600,2000,0,0
Q4-3,77,2000,2400,0,0
Q4-3,77,2400,2800,0,0
Q4-3,77,2800,3200,0,0
Q4-3,77,3200,3600,1,0.0029940119760479044
Q4-3,77,3600,4000,0,0
Q4-3,77,4000,4400,1,0.0029940119760479044
Q4-3,77,4400,4800,1,0.0029940119760479044
Q4-3,77,4800,5200,3,0.0089820359281437123
Q4-3,77,5200,5600,2,0.0059880239520958087
Q4-3,77,5600,6000,5,0.014970059880239521
Q4-3,77,6000,6400,4,0.011976047904191617
Q4-3,77,6400,6800,8,0.023952095808383235
Q4-3,77,6800,7200,7,0.020958083832335328
Q4-3,77,7200,7600,6,0.017964071856287425
Q4-3,77,7600,8000,11,0.032934131736526949
Q4-3,77,8000,8400,10,0.029940119760479042
Q4-3,77,8400,8800,7,0.020958083832335328
Q4-3,77,8800,9200,21,0.062874251497005984
Q4-3,77,9200,9600,32,0.09580838323353294
Q4-3,77,9600,10000,52,0.15568862275449102
Q4-3,77,10000,10400,78,0.23353293413173654
Q4-3,77,10400,10800,85,0.25449101796407186
Q4-3,78,1200,1600,0,0
Q4-3,78,1600,2000,0,0
Q4-3,78,2000,2400,0,0
Q4-3,78,2400,2800,0,0
Q4-3,78,2800,3200,0,0
Q4-3,78,3200,3600,1,0.0029940119760479044
Q4-3,78,3600,4000,0,0
Q4-3,78,4000,4400,1,0.0029940119760479044
Q4-3,78,4400,4800,0,0
Q4-3,78,4800,5200,0,0
Q4-3,78,5200,5600,2,0.0059880239520958087
Q4-3,78,5600,6000,5,0.014970059880239521
Q4-3,78,6000,6400,2,0.0059880239520958087
Q4-3,78,6400,6800,7,0.020958083832335328
Q4-3,78,6800,7200,7,0.020958083832335328
Q4-3,78,7200,7600,9,0.026946107784431138
Q4-3,78,7600,8000,7,0.020958083832335328
Q4-3,78,8000,8400,9,0.026946107784431138
Q4-3,78,8400,8800,9,0.026946107784431138
Q4-3,78,8800,9200,14,0.041916167664670656
Q4-3,78,9200,9600,26,0.077844311377245512
Q4-3,78,9600,10000,55,0.16467065868263472
Q4-3,78,10000,10400,77,0.23053892215568864
Q4-3,78,10400,10800,103,0.30838323353293412
Q4-3,79,1200,1600,0,0
Q4-3,79,1600,2000,0,0
Q4-3,79,2000,2400,0,0
Q4-3,79,2400,2800,0,0
Q4-3,79,2800,3200,0,0
Q4-3,79,3200,3600,0,0
Q4-3,79,3600,4000,0,0
Q4-3,79,4000,4400,1,0.0029940119760479044
Q4-3,79,4400,4800,0,0
Q4-3,79,4800,5200,1,0.0029940119760479044
Q4-3,79,5200,5600,0,0
Q4-3,79,5600,6000,3,0.0089820359281437123
Q4-3,79,6000,6400,1,0.0029940119760479044
Q4-3,79,6400,6800,6,0.017964071856287425
Q4-3,79,6800,7200,5,0.014970059880239521
Q4-3,79,7200,7600,5,0.014970059880239521
Q4-3,79,7600,8000,9,0.026946107784431138
Q4-3,79,8000,8400,10,0.029940119760479042
Q4-3,79,8400,8800,12,0.035928143712574849
Q4-3,79,8800,9200,13,0.038922155688622756
Q4-3,79,9200,9600,17,0.05089820359281437
Q4-3,79,9600,10000,48,0.1437125748502994
Q4-3,79,10000,10400,89,0.26646706586826346
Q4-3,79,10400,10800,114,0.3413173652694611
Q4-3,80,1200,1600,0,0
Q4-3,80,1600,2000,0,0
Q4-3,80,2000,2400,0,0
Q4-3,80,2400,2800,0,0
Q4-3,80,2800,3200,0,0
Q4-3,80,3200,3600,0,0
Q4-3,80,3600,4000,0,0
Q4-3,80,4000,4400,0,0
Q4-3,80,4400,4800,1,0.0029940119760479044
Q4-3,80,4800,5200,0,0
Q4-3,80,5200,5600,1,0.0029940119760479044
Q4-3,80,5600,6000,1,0.0029940119760479044
Q4-3,80,6000,6400,1,0.0029940119760479044
Q4-3,80,6400,6800,4,0.011976047904191617
Q4-3,80,6800,7200,1,0.0029940119760479044
Q4-3,80,7200,7600,7,0.020958083832335328
Q4-3,80,7600,8000,7,0.020958083832335328
Q4-3,80,8000,8400,10,0.029940119760479042
Q4-3,80,8400,8800,9,0.026946107784431138
Q4-3,80,8800,9200,16,0.04790419161676647
Q4-3,80,9200,9600,13,0.038922155688622756
Q4-3,80,9600,10000,38,0.11377245508982035
Q4-3,80,10000,10400,98,0.29341317365269459
Q4-3,80,10400,10800,127,0.38023952095808383
Q4-3,81,1200,1600,0,0
Q4-3,81,1600,2000,0,0
Q4-3,81,2000,2400,0,0
Q4-3,81,2400,2800,0,0
Q4-3,81,2800,3200,0,0
Q4-3,81,3200,3600,0,0
Q4-3,81,3600,4000,0,0
Q4-3,81,4000,4400,0,0
Q4-3,81,4400,4800,0,0
Q4-3,81,4800,5200,1,0.0029940119760479044
Q4-3,81,5200,5600,0,0
Q4-3,81,5600,6000,1,0.0029940119760479044
Q4-3,81,6000,6400,1,0.0029940119760479044
Q4-3,81,6400,6800,1,0.0029940119760479044
Q4-3,81,6800,7200,3,0.0089820359281437123
Q4-3,81,7200,7600,2,0.0059880239520958087
Q4-3,81,7600,8000,5,0.014970059880239521
Q4-3,81,8000,8400,11,0.032934131736526949
Q4-3,81,8400,8800,9,0.026946107784431138
Q4-3,81,8800,9200,13,0.038922155688622756
Q4-3,81,9200,9600,15,0.044910179640718563
Q4-3,81,9600,10000,35,0.10479041916167664
Q4-3,81,10000,10400,91,0.27245508982035926
Q4-3,81,10400,10800,146,0.43712574850299402
Q4-3,82,1200,1600,0,0
Q4-3,82,1600,2000,0,0
Q4-3,82,2000,2400,0,0
Q4-3,82,2400,2800,0,0
Q4-3,82,2800,3200,0,0
Q4-3,82,3200,3600,0,0
Q4-3,82,3600,4000,0,0
Q4-3,82,4000,4400,0,0
Q4-3,82,4400,4800,0,0
Q4-3,82,4800,5200,0,0
Q4-3,82,5200,5600,0,0
Q4-3,82,5600,6000,1,0.0029940119760479044
Q4-3,82,6000,6400,0,0
Q4-3,82,6400,6800,1,0.0029940119760479044
Q4-3,82,6800,7200,1,0.0029940119760479044
Q4-3,82,7200,7600,3,0.0089820359281437123
Q4-3,82,7600,8000,4,0.011976047904191617
Q4-3,82,8000,8400,9,0.026946107784431138
Q4-3,82,8400,8800,8,0.023952095808383235
Q4-3,82,8800,9200,15,0.044910179640718563
Q4-3,82,9200,9600,19,0.056886227544910177
Q4-3,82,9600,10000,33,0.09880239520958084
Q4-3,82,10000,10400,76,0.22754491017964071
Q4-3,82,10400,10800,164,0.49101796407185627
Q4-3,83,1200,1600,0,0
Q4-3,83,1600,2000,0,0
Q4-3,83,2000,2400,0,0
Q4-3,83,2400,2800,0,0
Q4-3,83,2800,3200,0,0
Q4-3,83,3200,3600,0,0
Q4-3,83,3600,4000,0,0
Q4-3,83,4000,4400,0,0
Q4-3,83,4400,4800,0,0
Q4-3,83,4800,5200,0,0
Q4-3,83,5200,5600,0,0
Q4-3,83,5600,6000,0,0
Q4-3,83,6000,6400,1,0.0029940119760479044
Q4-3,83,6400,6800,0,0
Q4-3,83,6800,7200,1,0.0029940119760479044
Q4-3,83,7200,7600,1,0.0029940119760479044
Q4-3,83,7600,8000,3,0.0089820359281437123
Q4-3,83,8000,8400,3,0.0089820359281437123
Q4-3,83,8400,8800,11,0.032934131736526949
Q4-3,83,8800,9200,16,0.04790419161676647
Q4-3,83,9200,9600,25,0.074850299401197598
Q4-3,83,9600,10000,44,0.1317365269461078
Q4-3,83,10000,10400,53,0.15868263473053892
Q4-3,83,10400,10800,176,0.52694610778443118
Q4-3,84,1200,1600,0,0
Q4-3,84,1600,2000,0,0
Q4-3,84,2000,2400,0,0
Q4-3,84,2400,2800,0,0
Q4-3,84,2800,3200,0,0
Q4-3,84,3200,3600,0,0
Q4-3,84,3600,4000,0,0
Q4-3,84,4000,4400,0,0
Q4-3,84,4400,4800,0,0
Q4-3,84,4800,5200,0,0
Q4-3,84,5200,5600,0,0
Q4-3,84,5600,6000,0,0
Q4-3,84,6000,6400,0,0
Q4-3,84,6400,6800,0,0
Q4-3,84,6800,7200,1,0.0029940119760479044
Q4-3,84,7200,7600,1,0.0029940119760479044
Q4-3,84,7600,8000,1,0.0029940119760479044
Q4-3,84,8000,8400,4,0.011976047904191617
Q4-3,84,8400,8800,11,0.032934131736526949
Q4-3,84,8800,9200,15,0.044910179640718563
Q4-3,84,9200,9600,34,0.10179640718562874
Q4-3,84,9600,10000,40,0.11976047904191617
Q4-3,84,10000,10400,54,0.16167664670658682
Q4-3,84,10400,10800,173,0.51796407185628746
Q4-3,85,1200,1600,0,0
Q4-3,85,1600,2000,0,0
Q4-3,85,2000,2400,0,0
Q4-3,85,2400,2800,0,0
Q4-3,85,2800,3200,0,0
Q4-3,85,3200,3600,0,0
Q4-3,85,3600,4000,0,0
Q4-3,85,4000,4400,0,0
Q4-3,85,4400,4800,0,0
Q4-3,85,4800,5200,0,0
Q4-3,85,5200,5600,0,0
Q4-3,85,5600,6000,0,0
Q4-3,85,6000,6400,0,0
Q4-3,85,6400,6800,0,0
Q4-3,85,6800,7200,0,0
Q4-3,85,7200,7600,1,0.0029940119760479044
Q4-3,85,7600,8000,2,0.0059880239520958087
Q4-3,85,8000,8400,4,0.011976047904191617
Q4-3,85,8400,8800,14,0.041916167664670656
Q4-3,85,8800,9200,19,0.056886227544910177
Q4-3,85,9200,9600,28,0.083832335329341312
Q4-3,85,9600,10000,44,0.1317365269461078
Q4-3,85,10000,10400,63,0.18862275449101795
Q4-3,85,10400,10800,159,0.47604790419161674
Q4-3,86,1200,1600,0,0
Q4-3,86,1600,2000,0,0
Q4-3,86,2000,2400,0,0
Q4-3,86,2400,2800,0,0
Q4-3,86,2800,3200,0,0
Q4-3,86,3200,3600,0,0
Q4-3,86,3600,4000,0,0
Q4-3,86,4000,4400,0,0
Q4-3,86,4400,4800,0,0
Q4-3,86,4800,5200,0,0
Q4-3,86,5200,5600,0,0
Q4-3,86,5600,6000,0,0
Q4-3,86,6000,6400,0,0
Q4-3,86,6400,6800,0,0
Q4-3,86,6800,7200,0,0
Q4-3,86,7200,7600,1,0.0029940119760479044
Q4-3,86,7600,8000,5,0.014970059880239521
Q4-3,86,8000,8400,10,0.029940119760479042
Q4-3,86,8400,8800,11,0.032934131736526949
Q4-3,86,8800,9200,16,0.04790419161676647
Q4-3,86,9200,9600,34,0.10179640718562874
Q4-3,86,9600,10000,55,0.16467065868263472
Q4-3,86,10000,10400,47,0.1407185628742515
Q4-3,86,10400,10800,155,0.46407185628742514
Q4-3,87,1200,1600,0,0
Q4-3,87,1600,2000,0,0
Q4-3,87,2000,2400,0,0
Q4-3,87,2400,2800,0,0
Q4-3,87,2800,3200,0,0
Q4-3,87,3200,3600,0,0
Q4-3,87,3600,4000,0,0
Q4-3,87,4000,4400,0,0
Q4-3,87,4400,4800,0,0
Q4-3,87,4800,5200,0,0
Q4-3,87,5200,5600,0,0
Q4-3,87,5600,6000,0,0
Q4-3,87,6000,6400,0,0
Q4-3,87,6400,6800,0,0
Q4-3,87,6800,7200,2,0.0059880239520958087
Q4-3,87,7200,7600,6,0.017964071856287425
Q4-3,87,7600,8000,9,0.026946107784431138
Q4-3,87,8000,8400,9,0.026946107784431138
Q4-3,87,8400,8800,12,0.035928143712574849
Q4-3,87,8800,9200,16,0.04790419161676647
Q4-3,87,9200,9600,38,0.11377245508982035
Q4-3,87,9600,10000,41,0.12275449101796407
Q4-3,87,10000,10400,55,0.16467065868263472
Q4-3,87,10400,10800,146,0.43712574850299402
Q4-3,88,1200,1600,0,0
Q4-3,88,1600,2000,0,0
Q4-3,88,2000,2400,0,0
Q4-3,88,2400,2800,0,0
Q4-3,88,2800,3200,0,0
Q4-3,88,3200,3600,0,0
Q4-3,88,3600,4000,0,0
Q4-3,88,4000,4400,0,0
Q4-3,88,4400,4800,0,0
Q4-3,88,4800,5200,0,0
Q4-3,88,5200,5600,0,0
Q4-3,88,5600,6000,0,0
Q4-3,88,6000,6400,2,0.0059880239520958087
Q4-3,88,6400,6800,2,0.0059880239520958087
Q4-3,88,6800,7200,6,0.017964071856287425
Q4-3,88,7200,7600,8,0.023952095808383235
Q4-3,88,7600,8000,6,0.017964071856287425
Q4-3,88,8000,8400,6,0.017964071856287425
Q4-3,88,8400,8800,14,0.041916167664670656
Q4-3,88,8800,9200,21,0.062874251497005984
Q4-3,88,9200,9600,43,0.12874251497005987
Q4-3,88,9600,10000,30,0.089820359281437126
Q4-3,88,10000,10400,58,0.17365269461077845
Q4-3,88,10400,10800,138,0.41317365269461076
Q4-3,89,1200,1600,0,0
Q4-3,89,1600,2000,0,0
Q4-3,89,2000,2400,0,0
Q4-3,89,2400,2800,0,0
Q4-3,89,2800,3200,0,0
Q4-3,89,3200,3600,0,0
Q4-3,89,3600,4000,0,0
Q4-3,89,4000,4400,0,0
Q4-3,89,4400,4800,0,0
Q4-3,89,4800,5200,0,0
Q4-3,89,5200,5600,0,0
Q4-3,89,5600,6000,0,0
Q4-3,89,6000,6400,0,0
Q4-3,89,6400,6800,0,0
Q4-3,89,6800,7200,2,0.0059880239520958087
Q4-3,89,7200,7600,3,0.0089820359281437123
Q4-3,89,7600,8000,9,0.026946107784431138
Q4-3,89,8000,8400,5,0.014970059880239521
Q4-3,89,8400,8800,8,0.023952095808383235
Q4-3,89,8800,9200,6,0.017964071856287425
Q4-3,89,9200,9600,20,0.059880239520958084
Q4-3,89,9600,10000,23,0.068862275449101798
Q4-3,89,10000,10400,88,0.26347305389221559
Q4-3,89,10400,10800,170,0.50898203592814373
Q4-3,90,1200,1600,0,0
Q4-3,90,1600,2000,0,0
Q4-3,90,2000,2400,0,0
Q4-3,90,2400,2800,0,0
Q4-3,90,2800,3200,0,0
Q4-3,90,3200,3600,0,0
Q4-3,90,3600,4000,0,0
Q4-3,90,4000,4400,0,0
Q4-3,90,4400,4800,0,0
Q4-3,90,4800,5200,0,0
Q4-3,90,5200,5600,0,0
Q4-3,90,5600,6000,0,0
Q4-3,90,6000,6400,0,0
Q4-3,90,6400,6800,0,0
Q4-3,90,6800,7200,0,0
Q4-3,90,7200,7600,0,0
Q4-3,90,7600,8000,2,0.0059880239520958087
Q4-3,90,8000,8400,5,0.014970059880239521
Q4-3,90,8400,8800,7,0.020958083832335328
Q4-3,90,8800,9200,6,0.017964071856287425
Q4-3,90,9200,9600,8,0.023952095808383235
Q4-3,90,9600,10000,11,0.032934131736526949
Q4-3,90,10000,10400,32,0.09580838323353294
Q4-3,90,10400,10800,263,0.78742514970059885
Q4-3,91,1200,1600,0,0
Q4-3,91,1600,2000,0,0
Q4-3,91,2000,2400,0,0
Q4-3,91,2400,2800,0,0
Q4-3,91,2800,3200,0,0
Q4-3,91,3200,3600,0,0
Q4-3,91,3600,4000,0,0
Q4-3,91,4000,4400,0,0
Q4-3,91,4400,4800,0,0
Q4-3,91,4800,5200,0,0
Q4-3,91,5200,5600,0,0
Q4-3,91,5600,6000,0,0
Q4-3,91,6000,6400,0,0
Q4-3,91,6400,6800,0,0
Q4-3,91,6800,7200,0,0
Q4-3,91,7200,7600,0,0
Q4-3,91,7600,8000,0,0
Q4-3,91,8000,8400,0,0
Q4-3,91,8400,8800,3,0.0089820359281437123
Q4-3,91,8800,9200,4,0.011976047904191617
Q4-3,91,9200,9600,9,0.026946107784431138
Q4-3,91,9600,10000,10,0.029940119760479042
Q4-3,91,10000,10400,23,0.068862275449101798
Q4-3,91,10400,10800,285,0.8532934131736527
Q4-3,92,1200,1600,0,0
Q4-3,92,1600,2000,0,0
Q4-3,92,2000,2400,0,0
Q4-3,92,2400,2800,0,0
Q4-3,92,2800,3200,0,0
Q4-3,92,3200,3600,0,0
Q4-3,92,3600,4000,0,0
Q4-3,92,4000,4400,0,0
Q4-3,92,4400,4800,0,0
Q4-3,92,4800,5200,0,0
Q4-3,92,5200,5600,0,0
Q4-3,92,5600,6000,0,0
Q4-3,92,6000,6400,0,0
Q4-3,92,6400,6800,0,0
Q4-3,92,6800,7200,0,0
Q4-3,92,7200,7600,0,0
Q4-3,92,7600,8000,0,0
Q4-3,92,8000,8400,0,0
Q4-3,92,8400,8800,1,0.0029940119760479044
Q4-3,92,8800,9200,1,0.0029940119760479044
Q4-3,92,9200,9600,2,0.0059880239520958087
Q4-3,92,9600,10000,6,0.017964071856287425
Q4-3,92,10000,10400,17,0.05089820359281437
Q4-3,92,10400,10800,307,0.91916167664670656
Q4-3,93,1200,1600,0,0
Q4-3,93,1600,2000,0,0
Q4-3,93,2000,2400,0,0
Q4-3,93,2400,2800,0,0
Q4-3,93,2800,3200,0,0
Q4-3,93,3200,3600,0,0
Q4-3,93,3600,4000,0,0
Q4-3,93,4000,4400,0,0
Q4-3,93,4400,4800,0,0
Q4-3,93,4800,5200,0,0
Q4-3,93,5200,5600,0,0
Q4-3,93,5600,6000,0,0
Q4-3,93,6000,6400,0,0
Q4-3,93,6400,6800,0,0
Q4-3,93,6800,7200,0,0
Q4-3,93,7200,7600,0,0
Q4-3,93,7600,8000,0,0
Q4-3,93,8000,8400,0,0
Q4-3,93,8400,8800,0,0
Q4-3,93,8800,9200,0,0
Q4-3,93,9200,9600,1,0.0029940119760479044
Q4-3,93,9600,10000,2,0.0059880239520958087
Q4-3,93,10000,10400,7,0.020958083832335328
Q4-3,93,10400,10800,324,0.97005988023952094
Q4-3,94,1200,1600,0,0
Q4-3,94,1600,2000,0,0
Q4-3,94,2000,2400,0,0
Q4-3,94,2400,2800,0,0
Q4-3,94,2800,3200,0,0
Q4-3,94,3200,3600,0,0
Q4-3,94,3600,4000,0,0
Q4-3,94,4000,4400,0,0
Q4-3,94,4400,4800,0,0
Q4-3,94,4800,5200,0,0
Q4-3,94,5200,5600,0,0
Q4-3,94,5600,6000,0,0
Q4-3,94,6000,6400,0,0
Q4-3,94,6400,6800,0,0
Q4-3,94,6800,7200,0,0
Q4-3,94,7200,7600,0,0
Q4-3,94,7600,8000,0,0
Q4-3,94,8000,8400,0,0
Q4-3,94,8400,8800,0,0
Q4-3,94,8800,9200,0,0
Q4-3,94,9200,9600,0,0
Q4-3,94,9600,10000,0,0
Q4-3,94,10000,10400,3,0.0089820359281437123
Q4-3,94,10400,10800,331,0.99101796407185627
Q4-3,95,1200,1600,0,0
Q4-3,95,1600,2000,0,0
Q4-3,95,2000,2400,0,0
Q4-3,95,2400,2800,0,0
Q4-3,95,2800,3200,0,0
Q4-3,95,3200,3600,0,0
Q4-3,95,3600,4000,0,0
Q4-3,95,4000,4400,0,0
Q4-3,95,4400,4800,0,0
Q4-3,95,4800,5200,0,0
Q4-3,95,5200,5600,0,0
Q4-3,95,5600,6000,0,0
Q4-3,95,6000,6400,0,0
Q4-3,95,6400,6800,0,0
Q4-3,95,6800,7200,0,0
Q4-3,95,7200,7600,0,0
Q4-3,95,7600,8000,0,0
Q4-3,95,8000,8400,0,0
Q4-3,95,8400,8800,0,0
Q4-3,95,8800,9200,0,0
Q4-3,95,9200,9600,0,0
Q4-3,95,9600,10000,0,0
Q4-3,95,10000,10400,2,0.0059880239520958087
Q4-3,95,10400,10800,332,0.99401197604790414
Q4-3,96,1200,1600,0,0
Q4-3,96,1600,2000,0,0
Q4-3,96,2000,2400,0,0
Q4-3,96,2400,2800,0,0
Q4-3,96,2800,3200,0,0
Q4-3,96,3200,3600,0,0
Q4-3,96,3600,4000,0,0
Q4-3,96,4000,4400,0,0
Q4-3,96,4400,4800,0,0
Q4-3,96,4800,5200,0,0
Q4-3,96,5200,5600,0,0
Q4-3,96,5600,6000,0,0
Q4-3,96,6000,6400,0,0
Q4-3,96,6400,6800,0,0
Q4-3,96,6800,7200,0,0
Q4-3,96,7200,7600,0,0
Q4-3,96,7600,8000,0,0
Q4-3,96,8000,8400,0,0
Q4-3,96,8400,8800,0,0
Q4-3,96,8800,9200,0,0
Q4-3,96,9200,9600,0,0
Q4-3,96,9600,10000,0,0
Q4-3,96,10000,10400,1,0.0029940119760479044
Q4-3,96,10400,10800,333,0.99700598802395213
Q4-3,97,1200,1600,0,0
Q4-3,97,1600,2000,0,0
Q4-3,97,2000,2400,0,0
Q4-3,97,2400,2800,0,0
Q4-3,97,2800,3200,0,0
Q4-3,97,3200,3600,0,0
Q4-3,97,3600,4000,0,0
Q4-3,97,4000,4400,0,0
Q4-3,97,4400,4800,0,0
Q4-3,97,4800,5200,0,0
Q4-3,97,5200,5600,0,0
Q4-3,97,5600,6000,0,0
Q4-3,97,6000,6400,0,0
Q4-3,97,6400,6800,0,0
Q4-3,97,6800,7200,0,0
Q4-3,97,7200,7600,0,0
Q4-3,97,7600,8000,0,0
Q4-3,97,8000,8400,0,0
Q4-3,97,8400,8800,0,0
Q4-3,97,8800,9200,0,0
Q4-3,97,9200,9600,0,0
Q4-3,97,9600,10000,0,0
Q4-3,97,10000,10400,1,0.0029940119760479044
Q4-3,97,10400,10800,333,0.99700598802395213
Q4-3,98,1200,1600,0,0
Q4-3,98,1600,2000,0,0
Q4-3,98,2000,2400,0,0
Q4-3,98,2400,2800,0,0
Q4-3,98,2800,3200,0,0
Q4-3,98,3200,3600,0,0
Q4-3,98,3600,4000,0,0
Q4-3,98,4000,4400,0,0
Q4-3,98,4400,4800,0,0
Q4-3,98,4800,5200,0,0
Q4-3,98,5200,5600,0,0
Q4-3,98,5600,6000,0,0
Q4-3,98,6000,6400,0,0
Q4-3,98,6400,6800,0,0
Q4-3,98,6800,7200,0,0
Q4-3,98,7200,7600,0,0
Q4-3,98,7600,8000,0,0
Q4-3,98,8000,8400,0,0
Q4-3,98,8400,8800,0,0
Q4-3,98,8800,9200,0,0
Q4-3,98,9200,9600,0,0
Q4-3,98,9600,10000,0,0
Q4-3,98,10000,10400,0,0
Q4-3,98,10400,10800,334,1
Q4-3,99,1200,1600,0,0
Q4-3,99,1600,2000,0,0
Q4-3,99,2000,2400,0,0
Q4-3,99,2400,2800,0,0
Q4-3,99,2800,3200,0,0
Q4-3,99,3200,3600,0,0
Q4-3,99,3600,4000,0,0
Q4-3,99,4000,4400,0,0
Q4-3,99,4400,4800,0,0
Q4-3,99,4800,5200,0,0
Q4-3,99,5200,5600,0,0
Q4-3,99,5600,6000,0,0
Q4-3,99,6000,6400,0,0
Q4-3,99,6400,6800,0,0
Q4-3,99,6800,7200,0,0
Q4-3,99,7200,7600,0,0
Q4-3,99,7600,8000,0,0
Q4-3,99,8000,8400,0,0
Q4-3,99,8400,8800,0,0
Q4-3,99,8800,9200,0,0
Q4-3,99,9200,9600,0,0
Q4-3,99,9600,10000,0,0
Q4-3,99,10000,10400,1,0.0029940119760479044
Q4-3,99,10400,10800,333,0.99700598802395213
Q4-3,100,1200,1600,0,0
Q4-3,100,1600,2000,0,0
Q4-3,100,2000,2400,0,0
Q4-3,100,2400,2800,0,0
Q4-3,100,2800,3200,0,0
Q4-3,100,3200,3600,0,0
Q4-3,100,3600,4000,0,0
Q4-3,100,4000,4400,0,0
Q4-3,100,4400,4800,0,0
Q4-3,100,4800,5200,0,0
Q4-3,100,5200,5600,0,0
Q4-3,100,5600,6000,0,0
Q4-3,100,6000,6400,0,0
Q4-3,100,6400,6800,0,0
Q4-3,100,6800,7200,0,0
Q4-3,100,7200,7600,0,0
Q4-3,100,7600,8000,0,0
Q4-3,100,8000,8400,0,0
Q4-3,100,8400,8800,0,0
Q4-3,100,8800,9200,0,0
Q4-3,100,9200,9600,0,0
Q4-3,100,9600,10000,0,0
Q4-3,100,10000,10400,1,0.0029940119760479044
Q4-3,100,10400,10800,333,0.99700598802395213
Q4-3,101,1200,1600,0,0
Q4-3,101,1600,2000,0,0
Q4-3,101,2000,2400,0,0
Q4-3,101,2400,2800,0,0
Q4-3,101,2800,3200,0,0
Q4-3,101,3200,3600,0,0
Q4-3,101,3600,4000,0,0
Q4-3,101,4000,4400,0,0
Q4-3,101,4400,4800,0,0
Q4-3,101,4800,5200,0,0
Q4-3,101,5200,5600,0,0
Q4-3,101,5600,6000,0,0
Q4-3,101,6000,6400,0,0
Q4-3,101,6400,6800,0,0
Q4-3,101,6800,7200,0,0
Q4-3,101,7200,7600,0,0
Q4-3,101,7600,8000,0,0
Q4-3,101,8000,8400,0,0
Q4-3,101,8400,8800,0,0
Q4-3,101,8800,9200,0,0
Q4-3,101,9200,9600,0,0
Q4-3,101,9600,10000,0,0
Q4-3,101,10000,10400,1,0.0029940119760479044
Q4-3,101,10400,10800,333,0.99700598802395213
Q4-3,102,1200,1600,0,0
Q4-3,102,1600,2000,0,0
Q4-3,102,2000,2400,0,0
Q4-3,102,2400,2800,0,0
Q4-3,102,2800,3200,0,0
Q4-3,102,3200,3600,0,0
Q4-3,102,3600,4000,0,0
Q4-3,102,4000,4400,0,0
Q4-3,102,4400,4800,0,0
Q4-3,102,4800,5200,0,0
Q4-3,102,5200,5600,0,0
Q4-3,102,5600,6000,0,0
Q4-3,102,6000,6400,0,0
Q4-3,102,6400,6800,0,0
Q4-3,102,6800,7200,0,0
Q4-3,102,7200,7600,0,0
Q4-3,102,7600,8000,0,0
Q4-3,102,8000,8400,0,0
Q4-3,102,8400,8800,0,0
Q4-3,102,8800,9200,0,0
Q4-3,102,9200,9600,0,0
Q4-3,102,9600,10000,0,0
Q4-3,102,10000,10400,1,0.0029940119760479044
Q4-3,102,10400,10800,333,0.99700598802395213
Q4-3,103,1200,1600,0,0
Q4-3,103,1600,2000,0,0
Q4-3,103,2000,2400,0,0
Q4-3,103,2400,2800,0,0
Q4-3,103,2800,3200,0,0
Q4-3,103,3200,3600,0,0
Q4-3,103,3600,4000,0,0
Q4-3,103,4000,4400,0,0
Q4-3,103,4400,4800,0,0
Q4-3,103,4800,5200,0,0
Q4-3,103,5200,5600,0,0
Q4-3,103,5600,6000,0,0
Q4-3,103,6000,6400,0,0
Q4-3,103,6400,6800,0,0
Q4-3,103,6800,7200,0,0
Q4-3,103,7200,7600,0,0
Q4-3,103,7600,8000,0,0
Q4-3,103,8000,8400,0,0
Q4-3,103,8400,8800,0,0
Q4-3,103,8800,9200,0,0
Q4-3,103,9200,9600,0,0
Q4-3,103,9600,10000,0,0
Q4-3,103,10000,10400,1,0.0029940119760479044
Q4-3,103,10400,10800,333,0.99700598802395213
Q4-3,104,1200,1600,0,0
Q4-3,104,1600,2000,0,0
Q4-3,104,2000,2400,0,0
Q4-3,104,2400,2800,0,0
Q4-3,104,2800,3200,0,0
Q4-3,104,3200,3600,0,0
Q4-3,104,3600,4000,0,0
Q4-3,104,4000,4400,0,0
Q4-3,104,4400,4800,0,0
Q4-3,104,4800,5200,0,0
Q4-3,104,5200,5600,0,0
Q4-3,104,5600,6000,0,0
Q4-3,104,6000,6400,0,0
Q4-3,104,6400,6800,0,0
Q4-3,104,6800,7200,0,0
Q4-3,104,7200,7600,0,0
Q4-3,104,7600,8000,0,0
Q4-3,104,8000,8400,0,0
Q4-3,104,8400,8800,0,0
Q4-3,104,8800,9200,0,0
Q4-3,104,9200,9600,0,0
Q4-3,104,9600,10000,0,0
Q4-3,104,10000,10400,1,0.0029940119760479044
Q4-3,104,10400,10800,333,0.99700598802395213
Q4-3,105,1200,1600,0,0
Q4-3,105,1600,2000,0,0
Q4-3,105,2000,2400,0,0
Q4-3,105,2400,2800,0,0
Q4-3,105,2800,3200,0,0
Q4-3,105,3200,3600,0,0
Q4-3,105,3600,4000,0,0
Q4-3,105,4000,4400,0,0
Q4-3,105,4400,4800,0,0
Q4-3,105,4800,5200,0,0
Q4-3,105,5200,5600,0,0
Q4-3,105,5600,6000,0,0
Q4-3,105,6000,6400,0,0
Q4-3,105,6400,6800,0,0
Q4-3,105,6800,7200,0,0
Q4-3,105,7200,7600,0,0
Q4-3,105,7600,8000,0,0
Q4-3,105,8000,8400,0,0
Q4-3,105,8400,8800,0,0
Q4-3,105,8800,9200,0,0
Q4-3,105,9200,9600,0,0
Q4-3,105,9600,10000,0,0
Q4-3,105,10000,10400,0,0
Q4-3,105,10400,10800,334,1
Q4-3,106,1200,1600,0,0
Q4-3,106,1600,2000,0,0
Q4-3,106,2000,2400,0,0
Q4-3,106,2400,2800,0,0
Q4-3,106,2800,3200,0,0
Q4-3,106,3200,3600,0,0
Q4-3,106,3600,4000,0,0
Q4-3,106,4000,4400,0,0
Q4-3,106,4400,4800,0,0
Q4-3,106,4800,5200,0,0
Q4-3,106,5200,5600,0,0
Q4-3,106,5600,6000,0,0
Q4-3,106,6000,6400,0,0
Q4-3,106,6400,6800,0,0
Q4-3,106,6800,7200,0,0
Q4-3,106,7200,7600,0,0
Q4-3,106,7600,8000,0,0
Q4-3,106,8000,8400,0,0
Q4-3,106,8400,8800,0,0
Q4-3,106,8800,9200,0,0
Q4-3,106,9200,9600,0,0
Q4-3,106,9600,10000,0,0
Q4-3,106,10000,10400,1,0.0029940119760479044
Q4-3,106,10400,10800,333,0.99700598802395213
Q4-3,107,1200,1600,0,0
Q4-3,107,1600,2000,0,0
Q4-3,107,2000,2400,0,0
Q4-3,107,2400,2800,0,0
Q4-3,107,2800,3200,0,0
Q4-3,107,3200,3600,0,0
Q4-3,107,3600,4000,0,0
Q4-3,107,4000,4400,0,0
Q4-3,107,4400,4800,0,0
Q4-3,107,4800,5200,0,0
Q4-3,107,5200,5600,0,0
Q4-3,107,5600,6000,0,0
Q4-3,107,6000,6400,0,0
Q4-3,107,6400,6800,0,0
Q4-3,107,6800,7200,0,0
Q4-3,107,7200,7600,0,0
Q4-3,107,7600,8000,0,0
Q4-3,107,8000,8400,0,0
Q4-3,107,8400,8800,0,0
Q4-3,107,8800,9200,0,0
Q4-3,107,9200,9600,0,0
Q4-3,107,9600,10000,67,0.20059880239520958
Q4-3,107,10000,10400,74,0.22155688622754491
Q4-3,107,10400,10800,193,0.57784431137724546
Q4-3,108,1200,1600,0,0
Q4-3,108,1600,2000,0,0
Q4-3,108,2000,2400,0,0
Q4-3,108,2400,2800,0,0
Q4-3,108,2800,3200,0,0
Q4-3,108,3200,3600,0,0
Q4-3,108,3600,4000,0,0
Q4-3,108,4000,4400,0,0
Q4-3,108,4400,4800,0,0
Q4-3,108,4800,5200,0,0
Q4-3,108,5200,5600,0,0
Q4-3,108,5600,6000,0,0
Q4-3,108,6000,6400,0,0
Q4-3,108,6400,6800,0,0
Q4-3,108,6800,7200,0,0
Q4-3,108,7200,7600,0,0
Q4-3,108,7600,8000,0,0
Q4-3,108,8000,8400,0,0
Q4-3,108,8400,8800,0,0
Q4-3,108,8800,9200,34,0.10179640718562874
Q4-3,108,9200,9600,57,0.17065868263473055
Q4-3,108,9600,10000,51,0.15269461077844312
Q4-3,108,10000,10400,25,0.074850299401197598
Q4-3,108,10400,10800,167,0.5
Q4-3,109,1200,1600,0,0
Q4-3,109,1600,2000,0,0
Q4-3,109,2000,2400,0,0
Q4-3,109,2400,2800,0,0
Q4-3,109,2800,3200,0,0
Q4-3,109,3200,3600,0,0
Q4-3,109,3600,4000,0,0
Q4-3,109,4000,4400,0,0
Q4-3,109,4400,4800,0,0
Q4-3,109,4800,5200,0,0
Q4-3,109,5200,5600,0,0
Q4-3,109,5600,6000,0,0
Q4-3,109,6000,6400,0,0
Q4-3,109,6400,6800,0,0
Q4-3,109,6800,7200,0,0
Q4-3,109,7200,7600,0,0
Q4-3,109,7600,8000,0,0
Q4-3,109,8000,8400,32,0.09580838323353294
Q4-3,109,8400,8800,17,0.05089820359281437
Q4-3,109,8800,9200,63,0.18862275449101795
Q4-3,109,9200,9600,39,0.11676646706586827
Q4-3,109,9600,10000,6,0.017964071856287425
Q4-3,109,10000,10400,22,0.065868263473053898
Q4-3,109,10400,10800,155,0.46407185628742514
Q4-3,110,1200,1600,0,0
Q4-3,110,1600,2000,0,0
Q4-3,110,2000,2400,0,0
Q4-3,110,2400,2800,0,0
Q4-3,110,2800,3200,0,0
Q4-3,110,3200,3600,0,0
Q4-3,110,3600,4000,0,0
Q4-3,110,4000,4400,0,0
Q4-3,110,4400,4800,0,0
Q4-3,110,4800,5200,0,0
Q4-3,110,5200,5600,0,0
Q4-3,110,5600,6000,0,0
Q4-3,110,6000,6400,0,0
Q4-3,110,6400,6800,0,0
Q4-3,110,6800,7200,4,0.011976047904191617
Q4-3,110,7200,7600,19,0.056886227544910177
Q4-3,110,7600,8000,13,0.038922155688622756
Q4-3,110,8000,8400,28,0.083832335329341312
Q4-3,110,8400,8800,62,0.18562874251497005
Q4-3,110,8800,9200,15,0.044910179640718563
Q4-3,110,9200,9600,28,0.083832335329341312
Q4-3,110,9600,10000,18,0.053892215568862277
Q4-3,110,10000,10400,16,0.04790419161676647
Q4-3,110,10400,10800,131,0.39221556886227543
Q4-3,111,1200,1600,0,0
Q4-3,111,1600,2000,0,0
Q4-3,111,2000,2400,0,0
Q4-3,111,2400,2800,0,0
Q4-3,111,2800,3200,0,0
Q4-3,111,3200,3600,0,0
Q4-3,111,3600,4000,0,0
Q4-3,111,4000,4400,0,0
Q4-3,111,4400,4800,0,0
Q4-3,111,4800,5200,0,0
Q4-3,111,5200,5600,0,0
Q4-3,111,5600,6000,0,0
Q4-3,111,6000,6400,4,0.011976047904191617
Q4-3,111,6400,6800,16,0.04790419161676647
Q4-3,111,6800,7200,10,0.029940119760479042
Q4-3,111,7200,7600,21,0.062874251497005984
Q4-3,111,7600,8000,18,0.053892215568862277
Q4-3,111,8000,8400,64,0.19161676646706588
Q4-3,111,8400,8800,19,0.056886227544910177
Q4-3,111,8800,9200,19,0.056886227544910177
Q4-3,111,9200,9600,21,0.062874251497005984
Q4-3,111,9600,10000,19,0.056886227544910177
Q4-3,111,10000,10400,9,0.026946107784431138
Q4-3,111,10400,10800,114,0.3413173652694611
Q4-3,112,1200,1600,0,0
Q4-3,112,1600,2000,0,0
Q4-3,112,2000,2400,0,0
Q4-3,112,2400,2800,0,0
Q4-3,112,2800,3200,0,0
Q4-3,112,3200,3600,0,0
Q4-3,112,3600,4000,0,0
Q4-3,112,4000,4400,0,0
Q4-3,112,4400,4800,0,0
Q4-3,112,4800,5200,0,0
Q4-3,112,5200,5600,3,0.0089820359281437123
Q4-3,112,5600,6000,11,0.032934131736526949
Q4-3,112,6000,6400,9,0.026946107784431138
Q4-3,112,6400,6800,15,0.044910179640718563
Q4-3,112,6800,7200,15,0.044910179640718563
Q4-3,112,7200,7600,55,0.16467065868263472
Q4-3,112,7600,8000,32,0.09580838323353294
Q4-3,112,8000,8400,19,0.056886227544910177
Q4-3,112,8400,8800,25,0.074850299401197598
Q4-3,112,8800,9200,17,0.05089820359281437
Q4-3,112,9200,9600,13,0.038922155688622756
Q4-3,112,9600,10000,20,0.059880239520958084
Q4-3,112,10000,10400,22,0.065868263473053898
Q4-3,112,10400,10800,78,0.23353293413173654
Q4-3,113,1200,1600,0,0
Q4-3,113,1600,2000,0,0
Q4-3,113,2000,2400,0,0
Q4-3,113,2400,2800,0,0
Q4-3,113,2800,3200,0,0
Q4-3,113,3200,3600,0,0
Q4-3,113,3600,4000,0,0
Q4-3,113,4000,4400,1,0.0029940119760479044
Q4-3,113,4400,4800,0,0
Q4-3,113,4800,5200,7,0.020958083832335328
Q4-3,113,5200,5600,10,0.029940119760479042
Q4-3,113,5600,6000,13,0.038922155688622756
Q4-3,113,6000,6400,15,0.044910179640718563
Q4-3,113,6400,6800,18,0.053892215568862277
Q4-3,113,6800,7200,68,0.20359281437125748
Q4-3,113,7200,7600,13,0.038922155688622756
Q4-3,113,7600,8000,34,0.10179640718562874
Q4-3,113,8000,8400,16,0.04790419161676647
Q4-3,113,8400,8800,13,0.038922155688622756
Q4-3,113,8800,9200,24,0.071856287425149698
Q4-3,113,9200,9600,25,0.074850299401197598
Q4-3,113,9600,10000,60,0.17964071856287425
Q4-3,113,10000,10400,8,0.023952095808383235
Q4-3,113,10400,10800,9,0.026946107784431138
Q4-3,114,1200,1600,0,0
Q4-3,114,1600,2000,0,0
Q4-3,114,2000,2400,0,0
Q4-3,114,2400,2800,0,0
Q4-3,114,2800,3200,0,0
Q4-3,114,3200,3600,1,0.0029940119760479044
Q4-3,114,3600,4000,0,0
Q4-3,114,4000,4400,1,0.0029940119760479044
Q4-3,114,4400,4800,7,0.020958083832335328
Q4-3,114,4800,5200,11,0.032934131736526949
Q4-3,114,5200,5600,14,0.041916167664670656
Q4-3,114,5600,6000,22,0.065868263473053898
Q4-3,114,6000,6400,22,0.065868263473053898
Q4-3,114,6400,6800,60,0.17964071856287425
Q4-3,114,6800,7200,35,0.10479041916167664
Q4-3,114,7200,7600,11,0.032934131736526949
Q4-3,114,7600,8000,26,0.077844311377245512
Q4-3,114,8000,8400,19,0.056886227544910177
Q4-3,114,8400,8800,28,0.083832335329341312
Q4-3,114,8800,9200,63,0.18862275449101795
Q4-3,114,9200,9600,14,0.041916167664670656
Q4-3,114,9600,10000,0,0
Q4-3,114,10000,10400,0,0
Q4-3,114,10400,10800,0,0
Q4-3,115,1200,1600,0,0
Q4-3,115,1600,2000,0,0
Q4-3,115,2000,2400,0,0
Q4-3,115,2400,2800,0,0
Q4-3,115,2800,3200,0,0
Q4-3,115,3200,3600,2,0.0059880239520958087
Q4-3,115,3600,4000,6,0.017964071856287425
Q4-3,115,4000,4400,1,0.0029940119760479044
Q4-3,115,4400,4800,10,0.029940119760479042
Q4-3,115,4800,5200,16,0.04790419161676647
Q4-3,115,5200,5600,29,0.086826347305389226
Q4-3,115,5600,6000,50,0.1497005988023952
Q4-3,115,6000,6400,45,0.1347305389221557
Q4-3,115,6400,6800,18,0.053892215568862277
Q4-3,115,6800,7200,31,0.092814371257485026
Q4-3,115,7200,7600,16,0.04790419161676647
Q4-3,115,7600,8000,36,0.10778443113772455
Q4-3,115,8000,8400,49,0.1467065868263473
Q4-3,115,8400,8800,25,0.074850299401197598
Q4-3,115,8800,9200,0,0
Q4-3,115,9200,9600,0,0
Q4-3,115,9600,10000,0,0
Q4-3,115,10000,10400,0,0
Q4-3,115,10400,10800,0,0
Q4-3,116,1200,1600,0,0
Q4-3,116,1600,2000,0,0
Q4-3,116,2000,2400,0,0
Q4-3,116,2400,2800,0,0
Q4-3,116,2800,3200,1,0.0029940119760479044
Q4-3,116,3200,3600,2,0.0059880239520958087
Q4-3,116,3600,4000,9,0.026946107784431138
Q4-3,116,4000,4400,5,0.014970059880239521
Q4-3,116,4400,4800,24,0.071856287425149698
Q4-3,116,4800,5200,18,0.053892215568862277
Q4-3,116,5200,5600,84,0.25149700598802394
Q4-3,116,5600,6000,24,0.071856287425149698
Q4-3,116,6000,6400,32,0.09580838323353294
Q4-3,116,6400,6800,17,0.05089820359281437
Q4-3,116,6800,7200,66,0.19760479041916168
Q4-3,116,7200,7600,27,0.080838323353293412
Q4-3,116,7600,8000,25,0.074850299401197598
Q4-3,116,8000,8400,0,0
Q4-3,116,8400,8800,0,0
Q4-3,116,8800,9200,0,0
Q4-3,116,9200,9600,0,0
Q4-3,116,9600,10000,0,0
Q4-3,116,10000,10400,0,0
Q4-3,116,10400,10800,0,0
Q4-3,117,1200,1600,0,0
Q4-3,117,1600,2000,0,0
Q4-3,117,2000,2400,0,0
Q4-3,117,2400,2800,0,0
Q4-3,117,2800,3200,2,0.0059880239520958087
Q4-3,117,3200,3600,4,0.011976047904191617
Q4-3,117,3600,4000,20,0.059880239520958084
Q4-3,117,4000,4400,14,0.041916167664670656
Q4-3,117,4400,4800,44,0.1317365269461078
Q4-3,117,4800,5200,71,0.21257485029940121
Q4-3,117,5200,5600,33,0.09880239520958084
Q4-3,117,5600,6000,20,0.059880239520958084
Q4-3,117,6000,6400,63,0.18862275449101795
Q4-3,117,6400,6800,63,0.18862275449101795
Q4-3,117,6800,7200,0,0
Q4-3,117,7200,7600,0,0
Q4-3,117,7600,8000,0,0
Q4-3,117,8000,8400,0,0
Q4-3,117,8400,8800,0,0
Q4-3,117,8800,9200,0,0
Q4-3,117,9200,9600,0,0
Q4-3,117,9600,10000,0,0
Q4-3,117,10000,10400,0,0
Q4-3,117,10400,10800,0,0
Q4-3,118,1200,1600,0,0
Q4-3,118,1600,2000,0,0
Q4-3,118,2000,2400,1,0.0029940119760479044
Q4-3,118,2400,2800,2,0.0059880239520958087
Q4-3,118,2800,3200,8,0.023952095808383235
Q4-3,118,3200,3600,10,0.029940119760479042
Q4-3,118,3600,4000,48,0.1437125748502994
Q4-3,118,4000,4400,50,0.1497005988023952
Q4-3,118,4400,4800,52,0.15568862275449102
Q4-3,118,4800,5200,32,0.09580838323353294
Q4-3,118,5200,5600,58,0.17365269461077845
Q4-3,118,5600,6000,73,0.21856287425149701
Q4-3,118,6000,6400,0,0
Q4-3,118,6400,6800,0,0
Q4-3,118,6800,7200,0,0
Q4-3,118,7200,7600,0,0
Q4-3,118,7600,8000,0,0
Q4-3,118,8000,8400,0,0
Q4-3,118,8400,8800,0,0
Q4-3,118,8800,9200,0,0
Q4-3,118,9200,9600,0,0
Q4-3,118,9600,10000,0,0
Q4-3,118,10000,10400,0,0
Q4-3,118,10400,10800,0,0
Q4-3,119,1200,1600,0,0
Q4-3,119,1600,2000,1,0.0029940119760479044
Q4-3,119,2000,2400,4,0.011976047904191617
Q4-3,119,2400,2800,6,0.017964071856287425
Q4-3,119,2800,3200,30,0.089820359281437126
Q4-3,119,3200,3600,17,0.05089820359281437
Q4-3,119,3600,4000,105,0.31437125748502992
Q4-3,119,4000,4400,33,0.09880239520958084
Q4-3,119,4400,4800,58,0.17365269461077845
Q4-3,119,4800,5200,80,0.23952095808383234
Q4-3,119,5200,5600,0,0
Q4-3,119,5600,6000,0,0
Q4-3,119,6000,6400,0,0
Q4-3,119,6400,6800,0,0
Q4-3,119,6800,7200,0,0
Q4-3,119,7200,7600,0,0
Q4-3,119,7600,8000,0,0
Q4-3,119,8000,8400,0,0
Q4-3,119,8400,8800,0,0
Q4-3,119,8800,9200,0,0
Q4-3,119,9200,9600,0,0
Q4-3,119,9600,10000,0,0
Q4-3,119,10000,10400,0,0
Q4-3,119,10400,10800,0,0
Q4-3,120,1200,1600,0,0
Q4-3,120,1600,2000,5,0.014970059880239521
Q4-3,120,2000,2400,19,0.056886227544910177
Q4-3,120,2400,2800,11,0.032934131736526949
Q4-3,120,2800,3200,62,0.18562874251497005
Q4-3,120,3200,3600,80,0.23952095808383234
Q4-3,120,3600,4000,136,0.40718562874251496
Q4-3,120,4000,4400,21,0.062874251497005984
Q4-3,120,4400,4800,0,0
Q4-3,120,4800,5200,0,0
Q4-3,120,5200,5600,0,0
Q4-3,120,5600,6000,0,0
Q4-3,120,6000,6400,0,0
Q4-3,120,6400,6800,0,0
Q4-3,120,6800,7200,0,0
Q4-3,120,7200,7600,0,0
Q4-3,120,7600,8000,0,0
Q4-3,120,8000,8400,0,0
Q4-3,120,8400,8800,0,0
Q4-3,120,8800,9200,0,0
Q4-3,120,9200,9600,0,0
Q4-3,120,9600,10000,0,0
Q4-3,120,10000,10400,0,0
Q4-3,120,10400,10800,0,0
Q4-3,121,1200,1600,1,0.0029940119760479044
Q4-3,121,1600,2000,5,0.014970059880239521
Q4-3,121,2000,2400,45,0.1347305389221557
Q4-3,121,2400,2800,63,0.18862275449101795
Q4-3,121,2800,3200,207,0.61976047904191611
Q4-3,121,3200,3600,13,0.038922155688622756
Q4-3,121,3600,4000,0,0
Q4-3,121,4000,4400,0,0
Q4-3,121,4400,4800,0,0
Q4-3,121,4800,5200,0,0
Q4-3,121,5200,5600,0,0
Q4-3,121,5600,6000,0,0
Q4-3,121,6000,6400,0,0
Q4-3,121,6400,6800,0,0
Q4-3,121,6800,7200,0,0
Q4-3,121,7200,7600,0,0
Q4-3,121,7600,8000,0,0
Q4-3,121,8000,8400,0,0
Q4-3,121,8400,8800,0,0
Q4-3,121,8800,9200,0,0
Q4-3,121,9200,9600,0,0
Q4-3,121,9600,10000,0,0
Q4-3,121,10000,10400,0,0
Q4-3,121,10400,10800,0,0
Q4-3,122,1200,1600,1,0.0029940119760479044
Q4-3,122,1600,2000,34,0.10179640718562874
Q4-3,122,2000,2400,284,0.85029940119760483
Q4-3,122,2400,2800,15,0.044910179640718563
Q4-3,122,2800,3200,0,0
Q4-3,122,3200,3600,0,0
Q4-3,122,3600,4000,0,0
Q4-3,122,4000,4400,0,0
Q4-3,122,4400,4800,0,0
Q4-3,122,4800,5200,0,0
Q4-3,122,5200,5600,0,0
Q4-3,122,5600,6000,0,0
Q4-3,122,6000,6400,0,0
Q4-3,122,6400,6800,0,0
Q4-3,122,6800,7200,0,0
Q4-3,122,7200,7600,0,0
Q4-3,122,7600,8000,0,0
Q4-3,122,8000,8400,0,0
Q4-3,122,8400,8800,0,0
Q4-3,122,8800,9200,0,0
Q4-3,122,9200,9600,0,0
Q4-3,122,9600,10000,0,0
Q4-3,122,10000,10400,0,0
Q4-3,122,10400,10800,0,0
Q4-3,123,1200,1600,277,0.8293413173652695
Q4-3,123,1600,2000,56,0.16766467065868262
Q4-3,123,2000,2400,1,0.0029940119760479044
Q4-3,123,2400,2800,0,0
Q4-3,123,2800,3200,0,0
Q4-3,123,3200,3600,0,0
Q4-3,123,3600,4000,0,0
Q4-3,123,4000,4400,0,0
Q4-3,123,4400,4800,0,0
Q4-3,123,4800,5200,0,0
Q4-3,123,5200,5600,0,0
Q4-3,123,5600,6000,0,0
Q4-3,123,6000,6400,0,0
Q4-3,123,6400,6800,0,0
Q4-3,123,6800,7200,0,0
Q4-3,123,7200,7600,0,0
Q4-3,123,7600,8000,0,0
Q4-3,123,8000,8400,0,0
Q4-3,123,8400,8800,0,0
Q4-3,123,8800,9200,0,0
Q4-3,123,9200,9600,0,0
Q4-3,123,9600,10000,0,0
Q4-3,123,10000,10400,0,0
Q4-3,123,10400,10800,0,0
Q4-3,124,1200,1600,334,1
Q4-3,124,1600,2000,0,0
Q4-3,124,2000,2400,0,0
Q4-3,124,2400,2800,0,0
Q4-3,124,2800,3200,0,0
Q4-3,124,3200,3600,0,0
Q4-3,124,3600,4000,0,0
Q4-3,124,4000,4400,0,0
Q4-3,124,4400,4800,0,0
Q4-3,124,4800,5200,0,0
Q4-3,124,5200,5600,0,0
Q4-3,124,5600,6000,0,0
Q4-3,124,6000,6400,0,0
Q4-3,124,6400,6800,0,0
Q4-3,124,6800,7200,0,0
Q4-3,124,7200,7600,0,0
Q4-3,124,7600,8000,0,0
Q4-3,124,8000,8400,0,0
Q4-3,124,8400,8800,0,0
Q4-3,124,8800,9200,0,0
Q4-3,124,9200,9600,0,0
Q4-3,124,9600,10000,0,0
Q4-3,124,10000,10400,0,0
Q4-3,124,10400,10800,0,0
Q4-3,125,1200,1600,334,1
Q4-3,125,1600,2000,0,0
Q4-3,125,2000,2400,0,0
Q4-3,125,2400,2800,0,0
Q4-3,125,2800,3200,0,0
Q4-3,125,3200,3600,0,0
Q4-3,125,3600,4000,0,0
Q4-3,125,4000,4400,0,0
Q4-3,125,4400,4800,0,0
Q4-3,125,4800,5200,0,0
Q4-3,125,5200,5600,0,0
Q4-3,125,5600,6000,0,0
Q4-3,125,6000,6400,0,0
Q4-3,125,6400,6800,0,0
Q4-3,125,6800,7200,0,0
Q4-3,125,7200,7600,0,0
Q4-3,125,7600,8000,0,0
Q4-3,125,8000,8400,0,0
Q4-3,125,8400,8800,0,0
Q4-3,125,8800,9200,0,0
Q4-3,125,9200,9600,0,0
Q4-3,125,9600,10000,0,0
Q4-3,125,10000,10400,0,0
Q4-3,125,10400,10800,0,0
Q4-3,126,1200,1600,334,1
Q4-3,126,1600,2000,0,0
Q4-3,126,2000,2400,0,0
Q4-3,126,2400,2800,0,0
Q4-3,126,2800,3200,0,0
Q4-3,126,3200,3600,0,0
Q4-3,126,3600,4000,0,0
Q4-3,126,4000,4400,0,0
Q4-3,126,4400,4800,0,0
Q4-3,126,4800,5200,0,0
Q4-3,126,5200,5600,0,0
Q4-3,126,5600,6000,0,0
Q4-3,126,6000,6400,0,0
Q4-3,126,6400,6800,0,0
Q4-3,126,6800,7200,0,0
Q4-3,126,7200,7600,0,0
Q4-3,126,7600,8000,0,0
Q4-3,126,8000,8400,0,0
Q4-3,126,8400,8800,0,0
Q4-3,126,8800,9200,0,0
Q4-3,126,9200,9600,0,0
Q4-3,126,9600,10000,0,0
Q4-3,126,10000,10400,0,0
Q4-3,126,10400,10800,0,0
Q4-3,127,1200,1600,334,1
Q4-3,127,1600,2000,0,0
Q4-3,127,2000,2400,0,0
Q4-3,127,2400,2800,0,0
Q4-3,127,2800,3200,0,0
Q4-3,127,3200,3600,0,0
Q4-3,127,3600,4000,0,0
Q4-3,127,4000,4400,0,0
Q4-3,127,4400,4800,0,0
Q4-3,127,4800,5200,0,0
Q4-3,127,5200,5600,0,0
Q4-3,127,5600,6000,0,0
Q4-3,127,6000,6400,0,0
Q4-3,127,6400,6800,0,0
Q4-3,127,6800,7200,0,0
Q4-3,127,7200,7600,0,0
Q4-3,127,7600,8000,0,0
Q4-3,127,8000,8400,0,0
Q4-3,127,8400,8800,0,0
Q4-3,127,8800,9200,0,0
Q4-3,127,9200,9600,0,0
Q4-3,127,9600,10000,0,0
Q4-3,127,10000,10400,0,0
Q4-3,127,10400,10800,0,0
Q4-3,128,1200,1600,334,1
Q4-3,128,1600,2000,0,0
Q4-3,128,2000,2400,0,0
Q4-3,128,2400,2800,0,0
Q4-3,128,2800,3200,0,0
Q4-3,128,3200,3600,0,0
Q4-3,128,3600,4000,0,0
Q4-3,128,4000,4400,0,0
Q4-3,128,4400,4800,0,0
Q4-3,128,4800,5200,0,0
Q4-3,128,5200,5600,0,0
Q4-3,128,5600,6000,0,0
Q4-3,128,6000,6400,0,0
Q4-3,128,6400,6800,0,0
Q4-3,128,6800,7200,0,0
Q4-3,128,7200,7600,0,0
Q4-3,128,7600,8000,0,0
Q4-3,128,8000,8400,0,0
Q4-3,128,8400,8800,0,0
Q4-3,128,8800,9200,0,0
Q4-3,128,9200,9600,0,0
Q4-3,128,9600,10000,0,0
Q4-3,128,10000,10400,0,0
Q4-3,128,10400,10800,0,0
Q4-3,129,1200,1600,334,1
Q4-3,129,1600,2000,0,0
Q4-3,129,2000,2400,0,0
Q4-3,129,2400,2800,0,0
Q4-3,129,2800,3200,0,0
Q4-3,129,3200,3600,0,0
Q4-3,129,3600,4000,0,0
Q4-3,129,4000,4400,0,0
Q4-3,129,4400,4800,0,0
Q4-3,129,4800,5200,0,0
Q4-3,129,5200,5600,0,0
Q4-3,129,5600,6000,0,0
Q4-3,129,6000,6400,0,0
Q4-3,129,6400,6800,0,0
Q4-3,129,6800,7200,0,0
Q4-3,129,7200,7600,0,0
Q4-3,129,7600,8000,0,0
Q4-3,129,8000,8400,0,0
Q4-3,129,8400,8800,0,0
Q4-3,129,8800,9200,0,0
Q4-3,129,9200,9600,0,0
Q4-3,129,9600,10000,0,0
Q4-3,129,10000,10400,0,0
Q4-3,129,10400,10800,0,0
Q4-3,130,1200,1600,334,1
Q4-3,130,1600,2000,0,0
Q4-3,130,2000,2400,0,0
Q4-3,130,2400,2800,0,0
Q4-3,130,2800,3200,0,0
Q4-3,130,3200,3600,0,0
Q4-3,130,3600,4000,0,0
Q4-3,130,4000,4400,0,0
Q4-3,130,4400,4800,0,0
Q4-3,130,4800,5200,0,0
Q4-3,130,5200,5600,0,0
Q4-3,130,5600,6000,0,0
Q4-3,130,6000,6400,0,0
Q4-3,130,6400,6800,0,0
Q4-3,130,6800,7200,0,0
Q4-3,130,7200,7600,0,0
Q4-3,130,7600,8000,0,0
Q4-3,130,8000,8400,0,0
Q4-3,130,8400,8800,0,0
Q4-3,130,8800,9200,0,0
Q4-3,130,9200,9600,0,0
Q4-3,130,9600,10000,0,0
Q4-3,130,10000,10400,0,0
Q4-3,130,10400,10800,0,0
Q4-3,131,1200,1600,321,0.96107784431137722
Q4-3,131,1600,2000,12,0.035928143712574849
Q4-3,131,2000,2400,1,0.0029940119760479044
Q4-3,131,2400,2800,0,0
Q4-3,131,2800,3200,0,0
Q4-3,131,3200,3600,0,0
Q4-3,131,3600,4000,0,0
Q4-3,131,4000,4400,0,0
Q4-3,131,4400,4800,0,0
Q4-3,131,4800,5200,0,0
Q4-3,131,5200,5600,0,0
Q4-3,131,5600,6000,0,0
Q4-3,131,6000,6400,0,0
Q4-3,131,6400,6800,0,0
Q4-3,131,6800,7200,0,0
Q4-3,131,7200,7600,0,0
Q4-3,131,7600,8000,0,0
Q4-3,131,8000,8400,0,0
Q4-3,131,8400,8800,0,0
Q4-3,131,8800,9200,0,0
Q4-3,131,9200,9600,0,0
Q4-3,131,9600,10000,0,0
Q4-3,131,10000,10400,0,0
Q4-3,131,10400,10800,0,0
Q4-3,132,1200,1600,243,0.72754491017964074
Q4-3,132,1600,2000,75,0.22455089820359281
Q4-3,132,2000,2400,10,0.029940119760479042
Q4-3,132,2400,2800,6,0.017964071856287425
Q4-3,132,2800,3200,0,0
Q4-3,132,3200,3600,0,0
Q4-3,132,3600,4000,0,0
Q4-3,132,4000,4400,0,0
Q4-3,132,4400,4800,0,0
Q4-3,132,4800,5200,0,0
Q4-3,132,5200,5600,0,0
Q4-3,132,5600,6000,0,0
Q4-3,132,6000,6400,0,0
Q4-3,132,6400,6800,0,0
Q4-3,132,6800,7200,0,0
Q4-3,132,7200,7600,0,0
Q4-3,132,7600,8000,0,0
Q4-3,132,8000,8400,0,0
Q4-3,132,8400,8800,0,0
Q4-3,132,8800,9200,0,0
Q4-3,132,9200,9600,0,0
Q4-3,132,9600,10000,0,0
Q4-3,132,10000,10400,0,0
Q4-3,132,10400,10800,0,0
Q4-3,133,1200,1600,248,0.74251497005988021
Q4-3,133,1600,2000,64,0.19161676646706588
Q4-3,133,2000,2400,13,0.038922155688622756
Q4-3,133,2400,2800,9,0.026946107784431138
Q4-3,133,2800,3200,0,0
Q4-3,133,3200,3600,0,0
Q4-3,133,3600,4000,0,0
Q4-3,133,4000,4400,0,0
Q4-3,133,4400,4800,0,0
Q4-3,133,4800,5200,0,0
Q4-3,133,5200,5600,0,0
Q4-3,133,5600,6000,0,0
Q4-3,133,6000,6400,0,0
Q4-3,133,6400,6800,0,0
Q4-3,133,6800,7200,0,0
Q4-3,133,7200,7600,0,0
Q4-3,133,7600,8000,0,0
Q4-3,133,8000,8400,0,0
Q4-3,133,8400,8800,0,0
Q4-3,133,8800,9200,0,0
Q4-3,133,9200,9600,0,0
Q4-3,133,9600,10000,0,0
Q4-3,133,10000,10400,0,0
Q4-3,133,10400,10800,0,0
Q4-3,134,1200,1600,252,0.75449101796407181
Q4-3,134,1600,2000,55,0.16467065868263472
Q4-3,134,2000,2400,17,0.05089820359281437
Q4-3,134,2400,2800,8,0.023952095808383235
Q4-3,134,2800,3200,0,0
Q4-3,134,3200,3600,2,0.0059880239520958087
Q4-3,134,3600,4000,0,0
Q4-3,134,4000,4400,0,0
Q4-3,134,4400,4800,0,0
Q4-3,134,4800,5200,0,0
Q4-3,134,5200,5600,0,0
Q4-3,134,5600,6000,0,0
Q4-3,134,6000,6400,0,0
Q4-3,134,6400,6800,0,0
Q4-3,134,6800,7200,0,0
Q4-3,134,7200,7600,0,0
Q4-3,134,7600,8000,0,0
Q4-3,134,8000,8400,0,0
Q4-3,134,8400,8800,0,0
Q4-3,134,8800,9200,0,0
Q4-3,134,9200,9600,0,0
Q4-3,134,9600,10000,0,0
Q4-3,134,10000,10400,0,0
Q4-3,134,10400,10800,0,0
Q4-3,135,1200,1600,248,0.74251497005988021
Q4-3,135,1600,2000,51,0.15269461077844312
Q4-3,135,2000,2400,17,0.05089820359281437
Q4-3,135,2400,2800,14,0.041916167664670656
Q4-3,135,2800,3200,1,0.0029940119760479044
Q4-3,135,3200,3600,1,0.0029940119760479044
Q4-3,135,3600,4000,0,0
Q4-3,135,4000,4400,2,0.0059880239520958087
Q4-3,135,4400,4800,0,0
Q4-3,135,4800,5200,0,0
Q4-3,135,5200,5600,0,0
Q4-3,135,5600,6000,0,0
Q4-3,135,6000,6400,0,0
Q4-3,135,6400,6800,0,0
Q4-3,135,6800,7200,0,0
Q4-3,135,7200,7600,0,0
Q4-3,135,7600,8000,0,0
Q4-3,135,8000,8400,0,0
Q4-3,135,8400,8800,0,0
Q4-3,135,8800,9200,0,0
Q4-3,135,9200,9600,0,0
Q4-3,135,9600,10000,0,0
Q4-3,135,10000,10400,0,0
Q4-3,135,10400,10800,0,0
Q4-3,136,1200,1600,244,0.73053892215568861
Q4-3,136,1600,2000,50,0.1497005988023952
Q4-3,136,2000,2400,21,0.062874251497005984
Q4-3,136,2400,2800,12,0.035928143712574849
Q4-3,136,2800,3200,2,0.0059880239520958087
Q4-3,136,3200,3600,3,0.0089820359281437123
Q4-3,136,3600,4000,0,0
Q4-3,136,4000,4400,1,0.0029940119760479044
Q4-3,136,4400,4800,0,0
Q4-3,136,4800,5200,1,0.0029940119760479044
Q4-3,136,5200,5600,0,0
Q4-3,136,5600,6000,0,0
Q4-3,136,6000,6400,0,0
Q4-3,136,6400,6800,0,0
Q4-3,136,6800,7200,0,0
Q4-3,136,7200,7600,0,0
Q4-3,136,7600,8000,0,0
Q4-3,136,8000,8400,0,0
Q4-3,136,8400,8800,0,0
Q4-3,136,8800,9200,0,0
Q4-3,136,9200,9600,0,0
Q4-3,136,9600,10000,0,0
Q4-3,136,10000,10400,0,0
Q4-3,136,10400,10800,0,0
Q4-3,137,1200,1600,247,0.73952095808383234
Q4-3,137,1600,2000,45,0.1347305389221557
Q4-3,137,2000,2400,20,0.059880239520958084
Q4-3,137,2400,2800,13,0.038922155688622756
Q4-3,137,2800,3200,2,0.0059880239520958087
Q4-3,137,3200,3600,3,0.0089820359281437123
Q4-3,137,3600,4000,0,0
Q4-3,137,4000,4400,3,0.0089820359281437123
Q4-3,137,4400,4800,0,0
Q4-3,137,4800,5200,1,0.0029940119760479044
Q4-3,137,5200,5600,0,0
Q4-3,137,5600,6000,0,0
Q4-3,137,6000,6400,0,0
Q4-3,137,6400,6800,0,0
Q4-3,137,6800,7200,0,0
Q4-3,137,7200,7600,0,0
Q4-3,137,7600,8000,0,0
Q4-3,137,8000,8400,0,0
Q4-3,137,8400,8800,0,0
Q4-3,137,8800,9200,0,0
Q4-3,137,9200,9600,0,0
Q4-3,137,9600,10000,0,0
Q4-3,137,10000,10400,0,0
Q4-3,137,10400,10800,0,0
Q4-3,138,1200,1600,250,0.74850299401197606
Q4-3,138,1600,2000,40,0.11976047904191617
Q4-3,138,2000,2400,19,0.056886227544910177
Q4-3,138,2400,2800,13,0.038922155688622756
Q4-3,138,2800,3200,4,0.011976047904191617
Q4-3,138,3200,3600,2,0.0059880239520958087
Q4-3,138,3600,4000,0,0
Q4-3,138,4000,4400,4,0.011976047904191617
Q4-3,138,4400,4800,0,0
Q4-3,138,4800,5200,2,0.0059880239520958087
Q4-3,138,5200,5600,0,0
Q4-3,138,5600,6000,0,0
Q4-3,138,6000,6400,0,0
Q4-3,138,6400,6800,0,0
Q4-3,138,6800,7200,0,0
Q4-3,138,7200,7600,0,0
Q4-3,138,7600,8000,0,0
Q4-3,138,8000,8400,0,0
Q4-3,138,8400,8800,0,0
Q4-3,138,8800,9200,0,0
Q4-3,138,9200,9600,0,0
Q4-3,138,9600,10000,0,0
Q4-3,138,10000,10400,0,0
Q4-3,138,10400,10800,0,0
Q4-3,139,1200,1600,253,0.75748502994011979
Q4-3,139,1600,2000,38,0.11377245508982035
Q4-3,139,2000,2400,17,0.05089820359281437
Q4-3,139,2400,2800,12,0.035928143712574849
Q4-3,139,2800,3200,5,0.014970059880239521
Q4-3,139,3200,3600,3,0.0089820359281437123
Q4-3,139,3600,4000,0,0
Q4-3,139,4000,4400,3,0.0089820359281437123
Q4-3,139,4400,4800,0,0
Q4-3,139,4800,5200,3,0.0089820359281437123
Q4-3,139,5200,5600,0,0
Q4-3,139,5600,6000,0,0
Q4-3,139,6000,6400,0,0
Q4-3,139,6400,6800,0,0
Q4-3,139,6800,7200,0,0
Q4-3,139,7200,7600,0,0
Q4-3,139,7600,8000,0,0
Q4-3,139,8000,8400,0,0
Q4-3,139,8400,8800,0,0
Q4-3,139,8800,9200,0,0
Q4-3,139,9200,9600,0,0
Q4-3,139,9600,10000,0,0
Q4-3,139,10000,10400,0,0
Q4-3,139,10400,10800,0,0
Q4-3,140,1200,1600,255,0.76347305389221554
Q4-3,140,1600,2000,41,0.12275449101796407
Q4-3,140,2000,2400,12,0.035928143712574849
Q4-3,140,2400,2800,10,0.029940119760479042
Q4-3,140,2800,3200,4,0.011976047904191617
Q4-3,140,3200,3600,2,0.0059880239520958087
Q4-3,140,3600,4000,2,0.0059880239520958087
Q4-3,140,4000,4400,5,0.014970059880239521
Q4-3,140,4400,4800,0,0
Q4-3,140,4800,5200,3,0.0089820359281437123
Q4-3,140,5200,5600,0,0
Q4-3,140,5600,6000,0,0
Q4-3,140,6000,6400,0,0
Q4-3,140,6400,6800,0,0
Q4-3,140,6800,7200,0,0
Q4-3,140,7200,7600,0,0
Q4-3,140,7600,8000,0,0
Q4-3,140,8000,8400,0,0
Q4-3,140,8400,8800,0,0
Q4-3,140,8800,9200,0,0
Q4-3,140,9200,9600,0,0
Q4-3,140,9600,10000,0,0
Q4-3,140,10000,10400,0,0
Q4-3,140,10400,10800,0,0
Q4-3,141,1200,1600,255,0.76347305389221554
Q4-3,141,1600,2000,38,0.11377245508982035
Q4-3,141,2000,2400,14,0.041916167664670656
Q4-3,141,2400,2800,10,0.029940119760479042
Q4-3,141,2800,3200,3,0.0089820359281437123
Q4-3,141,3200,3600,3,0.0089820359281437123
Q4-3,141,3600,4000,3,0.0089820359281437123
Q4-3,141,4000,4400,4,0.011976047904191617
Q4-3,141,4400,4800,0,0
Q4-3,141,4800,5200,4,0.011976047904191617
Q4-3,141,5200,5600,0,0
Q4-3,141,5600,6000,0,0
Q4-3,141,6000,6400,0,0
Q4-3,141,6400,6800,0,0
Q4-3,141,6800,7200,0,0
Q4-3,141,7200,7600,0,0
Q4-3,141,7600,8000,0,0
Q4-3,141,8000,8400,0,0
Q4-3,141,8400,8800,0,0
Q4-3,141,8800,9200,0,0
Q4-3,141,9200,9600,0,0
Q4-3,141,9600,10000,0,0
Q4-3,141,10000,10400,0,0
Q4-3,141,10400,10800,0,0
Q4-3,142,1200,1600,257,0.76946107784431139
Q4-3,142,1600,2000,41,0.12275449101796407
Q4-3,142,2000,2400,12,0.035928143712574849
Q4-3,142,2400,2800,6,0.017964071856287425
Q4-3,142,2800,3200,4,0.011976047904191617
Q4-3,142,3200,3600,2,0.0059880239520958087
Q4-3,142,3600,4000,6,0.017964071856287425
Q4-3,142,4000,4400,3,0.0089820359281437123
Q4-3,142,4400,4800,0,0
Q4-3,142,4800,5200,3,0.0089820359281437123
Q4-3,142,5200,5600,0,0
Q4-3,142,5600,6000,0,0
Q4-3,142,6000,6400,0,0
Q4-3,142,6400,6800,0,0
Q4-3,142,6800,7200,0,0
Q4-3,142,7200,7600,0,0
Q4-3,142,7600,8000,0,0
Q4-3,142,8000,8400,0,0
Q4-3,142,8400,8800,0,0
Q4-3,142,8800,9200,0,0
Q4-3,142,9200,9600,0,0
Q4-3,142,9600,10000,0,0
Q4-3,142,10000,10400,0,0
Q4-3,142,10400,10800,0,0
Q4-3,143,1200,1600,293,0.8772455089820359
Q4-3,143,1600,2000,19,0.056886227544910177
Q4-3,143,2000,2400,7,0.020958083832335328
Q4-3,143,2400,2800,1,0.0029940119760479044
Q4-3,143,2800,3200,6,0.017964071856287425
Q4-3,143,3200,3600,2,0.0059880239520958087
Q4-3,143,3600,4000,3,0.0089820359281437123
Q4-3,143,4000,4400,2,0.0059880239520958087
Q4-3,143,4400,4800,0,0
Q4-3,143,4800,5200,1,0.0029940119760479044
Q4-3,143,5200,5600,0,0
Q4-3,143,5600,6000,0,0
Q4-3,143,6000,6400,0,0
Q4-3,143,6400,6800,0,0
Q4-3,143,6800,7200,0,0
Q4-3,143,7200,7600,0,0
Q4-3,143,7600,8000,0,0
Q4-3,143,8000,8400,0,0
Q4-3,143,8400,8800,0,0
Q4-3,143,8800,9200,0,0
Q4-3,143,9200,9600,0,0
Q4-3,143,9600,10000,0,0
Q4-3,143,10000,10400,0,0
Q4-3,143,10400,10800,0,0
