source_line,section,source_text,implementation,verification,status
1,7.1,# 问题四：波动电价下考虑价格—源荷联合不确定性的鲁棒滚动调度,src/q4/run.py;src/q4/rolling.py,real smoke and CLI acceptance,mapped
3,7.1,> 2026-09-13 修复版 `q4_rescue_lp_v3`（Q42已由同数学模型v2完成；v3仅修复对偶审计的浮点无穷界处理）。建模约定：采用节点共同的储能充放电计划，执行块内固定，下一节点重新求解；正式期为2025-02-01至12-31，起点SOC=6000 kWh，与最终Q2一致。1月作为历史预测与残差训练期、储能不运行，从题设Jan1初值保持至Feb1。该策略类变更为连续LP，不宣称与旧饱和反馈MILP等价。W=56、S上限20、bootstrap B=100在计算前固定。仅最优解可以进入正式结果，旧未认证结果不作为结论。,src/q4/run.py;src/q4/rolling.py,real smoke and CLI acceptance,mapped
5,7.1,## 7.1 问题分析,src/q4/run.py;src/q4/rolling.py,real smoke and CLI acceptance,mapped
7,7.1,问题四在问题二、问题三的基础上进一步考虑外网电价的实时波动。附件 4 给出了 2025 年各时段的实际电价序列，但题目未进一步说明未来时段的实际电价在每日 `0:00` 或日内调整节点是否能够提前获知。考虑到实时电价在实际运行中随市场逐步实现，若直接将附件 4 中尚未发生的真实价格输入当前决策，将引入未来信息。为保证模型具有真实可执行性，本文采用严格因果的信息边界：,src/q4/run.py;src/q4/rolling.py,real smoke and CLI acceptance,mapped
9,7.1,```math,src/q4/run.py;src/q4/rolling.py,real smoke and CLI acceptance,mapped
10,7.1,\boxed{,src/q4/run.py;src/q4/rolling.py,real smoke and CLI acceptance,mapped
11,7.1,\text{决策时刻之后尚未实现的真实电价不可直接参与当前决策},src/q4/run.py;src/q4/rolling.py,real smoke and CLI acceptance,mapped
12,7.1,},src/q4/run.py;src/q4/rolling.py,real smoke and CLI acceptance,mapped
13,7.1,```,src/q4/run.py;src/q4/rolling.py,real smoke and CLI acceptance,mapped
15,7.1,即附件 4 中已经发生的电价作为历史观测使用，未来尚未发生的电价由历史信息进行预测；附件 4 对应时段的真实电价仅在该时段实际到达后用于状态更新与费用结算。该处理与问题二、问题三对真实负荷、真实光伏和光伏预报的区分保持一致。,src/q4/run.py;src/q4/rolling.py,real smoke and CLI acceptance,mapped
17,7.1,因此，问题四相对于问题二、问题三新增的核心并不是简单地将固定电价替换为一条时变价格曲线，而是同时面对,src/q4/run.py;src/q4/rolling.py,real smoke and CLI acceptance,mapped
19,7.1,```math,src/q4/run.py;src/q4/rolling.py,real smoke and CLI acceptance,mapped
20,7.1,\boxed{,src/q4/run.py;src/q4/rolling.py,real smoke and CLI acceptance,mapped
21,7.1,\text{未来电价不确定性},src/q4/run.py;src/q4/rolling.py,real smoke and CLI acceptance,mapped
22,7.1,+,src/q4/run.py;src/q4/rolling.py,real smoke and CLI acceptance,mapped
23,7.1,\text{负荷—光伏不确定性},src/q4/run.py;src/q4/rolling.py,real smoke and CLI acceptance,mapped
24,7.1,+,src/q4/run.py;src/q4/rolling.py,real smoke and CLI acceptance,mapped
25,7.1,\text{储能跨时段耦合},src/q4/run.py;src/q4/rolling.py,real smoke and CLI acceptance,mapped
26,7.1,},src/q4/run.py;src/q4/rolling.py,real smoke and CLI acceptance,mapped
27,7.1,```,src/q4/run.py;src/q4/rolling.py,real smoke and CLI acceptance,mapped
29,7.1,其中，问题二中供能不足部分需按交易时刻电价的 `5` 倍紧急购电；问题三中调整购电还存在增购 `1.5` 倍价格和减购违约费用。因此，当净负荷异常偏高与实时电价异常偏高同时出现时，会形成显著放大的经济损失。基于此，本文将问题四建模为,src/q4/run.py;src/q4/rolling.py,real smoke and CLI acceptance,mapped
31,7.1,```math,src/q4/run.py;src/q4/rolling.py,real smoke and CLI acceptance,mapped
32,7.1,\boxed{,src/q4/run.py;src/q4/rolling.py,real smoke and CLI acceptance,mapped
33,7.1,\text{周季节电价预测},src/q4/run.py;src/q4/rolling.py,real smoke and CLI acceptance,mapped
34,7.1,\rightarrow,src/q4/run.py;src/q4/rolling.py,real smoke and CLI acceptance,mapped
35,7.1,\text{价格—净负荷联合样本外残差},src/q4/run.py;src/q4/rolling.py,real smoke and CLI acceptance,mapped
36,7.1,\rightarrow,src/q4/run.py;src/q4/rolling.py,real smoke and CLI acceptance,mapped
37,7.1,\text{尾部保持场景缩减},src/q4/run.py;src/q4/rolling.py,real smoke and CLI acceptance,mapped
38,7.1,\rightarrow,src/q4/run.py;src/q4/rolling.py,real smoke and CLI acceptance,mapped
39,7.1,\text{有限支持 Wasserstein 鲁棒化},src/q4/run.py;src/q4/rolling.py,real smoke and CLI acceptance,mapped
40,7.1,\rightarrow,src/q4/run.py;src/q4/rolling.py,real smoke and CLI acceptance,mapped
41,7.1,\text{日前/四时点滚动调度},src/q4/run.py;src/q4/rolling.py,real smoke and CLI acceptance,mapped
42,7.1,},src/q4/run.py;src/q4/rolling.py,real smoke and CLI acceptance,mapped
43,7.1,```,src/q4/run.py;src/q4/rolling.py,real smoke and CLI acceptance,mapped
45,7.1,其中，统计模型只负责描述未来价格和净负荷的不确定性，最终购电与储能策略仍由满足能量平衡、储能容量、充放电能力及结算规则的优化模型给出。,src/q4/run.py;src/q4/rolling.py,real smoke and CLI acceptance,mapped
47,7.1,---,src/q4/run.py;src/q4/rolling.py,real smoke and CLI acceptance,mapped
49,7.2,## 7.2 数据预处理与波动电价特征分析,src/q4/data.py;src/q4/diagnostics.py,Q4Tests.test_actual_price_shape_alignment_and_reported_statistics,mapped
51,7.2,### 7.2.1 数据整理与严格信息边界,src/q4/data.py;src/q4/diagnostics.py,Q4Tests.test_actual_price_shape_alignment_and_reported_statistics,mapped
53,7.2,"附件 2 和附件 4 均包含 2025 年 365 天、每日 144 个 `10\,\mathrm{min}` 时段的数据，共",src/q4/data.py;src/q4/diagnostics.py,Q4Tests.test_actual_price_shape_alignment_and_reported_statistics,mapped
55,7.2,```math,src/q4/data.py;src/q4/diagnostics.py,Q4Tests.test_actual_price_shape_alignment_and_reported_statistics,mapped
56,7.2,365\times144=52560,src/q4/data.py;src/q4/diagnostics.py,Q4Tests.test_actual_price_shape_alignment_and_reported_statistics,mapped
57,7.2,```,src/q4/data.py;src/q4/diagnostics.py,Q4Tests.test_actual_price_shape_alignment_and_reported_statistics,mapped
59,7.2,个观测点。经检查，负荷、实际光伏功率和电价序列均不存在缺失记录。,src/q4/data.py;src/q4/diagnostics.py,Q4Tests.test_actual_price_shape_alignment_and_reported_statistics,mapped
61,7.2,预测阶段保留功率单位 `kW`；进入调度模型后统一按,src/q4/data.py;src/q4/diagnostics.py,Q4Tests.test_actual_price_shape_alignment_and_reported_statistics,mapped
63,7.2,```math,src/q4/data.py;src/q4/diagnostics.py,Q4Tests.test_actual_price_shape_alignment_and_reported_statistics,mapped
64,7.2,"\Delta t=\frac16\,\mathrm h",src/q4/data.py;src/q4/diagnostics.py,Q4Tests.test_actual_price_shape_alignment_and_reported_statistics,mapped
65,7.2,```,src/q4/data.py;src/q4/diagnostics.py,Q4Tests.test_actual_price_shape_alignment_and_reported_statistics,mapped
67,7.2,转换为电量。定义第 `d` 日第 `t` 个时段的实际净负荷电量为,src/q4/data.py;src/q4/diagnostics.py,Q4Tests.test_actual_price_shape_alignment_and_reported_statistics,mapped
69,7.2,```math,src/q4/data.py;src/q4/diagnostics.py,Q4Tests.test_actual_price_shape_alignment_and_reported_statistics,mapped
70,7.2,"n_{d,t}^{\rm real}",src/q4/data.py;src/q4/diagnostics.py,Q4Tests.test_actual_price_shape_alignment_and_reported_statistics,mapped
71,7.2,=,src/q4/data.py;src/q4/diagnostics.py,Q4Tests.test_actual_price_shape_alignment_and_reported_statistics,mapped
72,7.2,\Delta t,src/q4/data.py;src/q4/diagnostics.py,Q4Tests.test_actual_price_shape_alignment_and_reported_statistics,mapped
73,7.2,\left(,src/q4/data.py;src/q4/diagnostics.py,Q4Tests.test_actual_price_shape_alignment_and_reported_statistics,mapped
74,7.2,"L_{d,t}-P_{d,t}^{PV,\rm real}",src/q4/data.py;src/q4/diagnostics.py,Q4Tests.test_actual_price_shape_alignment_and_reported_statistics,mapped
75,7.2,\right).,src/q4/data.py;src/q4/diagnostics.py,Q4Tests.test_actual_price_shape_alignment_and_reported_statistics,mapped
76,7.2,```,src/q4/data.py;src/q4/diagnostics.py,Q4Tests.test_actual_price_shape_alignment_and_reported_statistics,mapped
78,7.2,第 `d` 日 `0:00` 制定计划时，只允许使用此前已经实现的信息。若原始数据采用区间右端点记时，则某日 `23:50-24:00` 虽可能标记为次日 `0:00`，其所属运行区间已经完整发生，因此按原始所属日期归入历史样本。,src/q4/data.py;src/q4/diagnostics.py,Q4Tests.test_actual_price_shape_alignment_and_reported_statistics,mapped
80,7.2,对于问题 4-3，在,src/q4/data.py;src/q4/diagnostics.py,Q4Tests.test_actual_price_shape_alignment_and_reported_statistics,mapped
82,7.2,```math,src/q4/data.py;src/q4/diagnostics.py,Q4Tests.test_actual_price_shape_alignment_and_reported_statistics,mapped
83,7.2,"k\in\{0,6,12,18\}\ {\rm h}",src/q4/data.py;src/q4/diagnostics.py,Q4Tests.test_actual_price_shape_alignment_and_reported_statistics,mapped
84,7.2,```,src/q4/data.py;src/q4/diagnostics.py,Q4Tests.test_actual_price_shape_alignment_and_reported_statistics,mapped
86,7.2,进行滚动决策时，将可用信息记为,src/q4/data.py;src/q4/diagnostics.py,Q4Tests.test_actual_price_shape_alignment_and_reported_statistics,mapped
88,7.2,```math,src/q4/data.py;src/q4/diagnostics.py,Q4Tests.test_actual_price_shape_alignment_and_reported_statistics,mapped
89,7.2,"\mathcal I_{d,k},",src/q4/data.py;src/q4/diagnostics.py,Q4Tests.test_actual_price_shape_alignment_and_reported_statistics,mapped
90,7.2,```,src/q4/data.py;src/q4/diagnostics.py,Q4Tests.test_actual_price_shape_alignment_and_reported_statistics,mapped
92,7.2,其中仅包含：,src/q4/data.py;src/q4/diagnostics.py,Q4Tests.test_actual_price_shape_alignment_and_reported_statistics,mapped
94,7.2,- 节点 `k` 之前已经实现的价格、负荷与实际光伏；,src/q4/data.py;src/q4/diagnostics.py,Q4Tests.test_actual_price_shape_alignment_and_reported_statistics,mapped
95,7.2,- 当前真实储电量；,src/q4/data.py;src/q4/diagnostics.py,Q4Tests.test_actual_price_shape_alignment_and_reported_statistics,mapped
96,7.2,"- 节点 `k` 最新发布的未来 `24\,\mathrm h` 光伏预报；",src/q4/data.py;src/q4/diagnostics.py,Q4Tests.test_actual_price_shape_alignment_and_reported_statistics,mapped
97,7.2,- 截至节点 `k` 可由历史信息构造的价格与净负荷预测量。,src/q4/data.py;src/q4/diagnostics.py,Q4Tests.test_actual_price_shape_alignment_and_reported_statistics,mapped
99,7.2,节点之后尚未实现的真实价格、真实负荷和真实光伏均不得进入当前优化。,src/q4/data.py;src/q4/diagnostics.py,Q4Tests.test_actual_price_shape_alignment_and_reported_statistics,mapped
101,7.2,### 7.2.2 电价周期性与趋势特征,src/q4/data.py;src/q4/diagnostics.py,Q4Tests.test_actual_price_shape_alignment_and_reported_statistics,mapped
103,7.2,对附件 4 全年实时电价进行统计，得到：,src/q4/data.py;src/q4/diagnostics.py,Q4Tests.test_actual_price_shape_alignment_and_reported_statistics,mapped
105,7.2,| 指标 | 结果 |,src/q4/data.py;src/q4/diagnostics.py,Q4Tests.test_actual_price_shape_alignment_and_reported_statistics,mapped
106,7.2,|---|---:|,src/q4/data.py;src/q4/diagnostics.py,Q4Tests.test_actual_price_shape_alignment_and_reported_statistics,mapped
107,7.2,| 最低电价 | `0.0076 元/kWh` |,src/q4/data.py;src/q4/diagnostics.py,Q4Tests.test_actual_price_shape_alignment_and_reported_statistics,mapped
108,7.2,| 最高电价 | `1.7936 元/kWh` |,src/q4/data.py;src/q4/diagnostics.py,Q4Tests.test_actual_price_shape_alignment_and_reported_statistics,mapped
109,7.2,| 全年平均电价 | `0.76620 元/kWh` |,src/q4/data.py;src/q4/diagnostics.py,Q4Tests.test_actual_price_shape_alignment_and_reported_statistics,mapped
110,7.2,| 日均价线性时间趋势 `R^2` | `0.00190` |,src/q4/data.py;src/q4/diagnostics.py,Q4Tests.test_actual_price_shape_alignment_and_reported_statistics,mapped
111,7.2,| 1 日同刻相关系数 | `0.93354` |,src/q4/data.py;src/q4/diagnostics.py,Q4Tests.test_actual_price_shape_alignment_and_reported_statistics,mapped
112,7.2,| 7 日同刻相关系数 | `0.98204` |,src/q4/data.py;src/q4/diagnostics.py,Q4Tests.test_actual_price_shape_alignment_and_reported_statistics,mapped
113,7.2,| 14 日同刻相关系数 | `0.97447` |,src/q4/data.py;src/q4/diagnostics.py,Q4Tests.test_actual_price_shape_alignment_and_reported_statistics,mapped
115,7.2,全年电价不存在明显单调时间趋势，而表现出显著的日内周期、周周期和季节性波动。其中,src/q4/data.py;src/q4/diagnostics.py,Q4Tests.test_actual_price_shape_alignment_and_reported_statistics,mapped
117,7.2,```math,src/q4/data.py;src/q4/diagnostics.py,Q4Tests.test_actual_price_shape_alignment_and_reported_statistics,mapped
118,7.2,\boxed{\rho_7=0.98204},src/q4/data.py;src/q4/diagnostics.py,Q4Tests.test_actual_price_shape_alignment_and_reported_statistics,mapped
119,7.2,```,src/q4/data.py;src/q4/diagnostics.py,Q4Tests.test_actual_price_shape_alignment_and_reported_statistics,mapped
121,7.2,说明“上周同星期、同一时刻价格”已经能够提供很强的结构信息。,src/q4/data.py;src/q4/diagnostics.py,Q4Tests.test_actual_price_shape_alignment_and_reported_statistics,mapped
123,7.2,从平均日内曲线看，电价低谷主要位于凌晨至清晨，`05:40` 附近全年平均电价约为,src/q4/data.py;src/q4/diagnostics.py,Q4Tests.test_actual_price_shape_alignment_and_reported_statistics,mapped
125,7.2,```math,src/q4/data.py;src/q4/diagnostics.py,Q4Tests.test_actual_price_shape_alignment_and_reported_statistics,mapped
126,7.2,"0.3713\ {\rm 元/kWh},",src/q4/data.py;src/q4/diagnostics.py,Q4Tests.test_actual_price_shape_alignment_and_reported_statistics,mapped
127,7.2,```,src/q4/data.py;src/q4/diagnostics.py,Q4Tests.test_actual_price_shape_alignment_and_reported_statistics,mapped
129,7.2,晚间形成明显高峰，`20:40` 附近平均电价约为,src/q4/data.py;src/q4/diagnostics.py,Q4Tests.test_actual_price_shape_alignment_and_reported_statistics,mapped
131,7.2,```math,src/q4/data.py;src/q4/diagnostics.py,Q4Tests.test_actual_price_shape_alignment_and_reported_statistics,mapped
132,7.2,1.3952\ {\rm 元/kWh}.,src/q4/data.py;src/q4/diagnostics.py,Q4Tests.test_actual_price_shape_alignment_and_reported_statistics,mapped
133,7.2,```,src/q4/data.py;src/q4/diagnostics.py,Q4Tests.test_actual_price_shape_alignment_and_reported_statistics,mapped
135,7.2,因此，附件 4 的主要变化模式可概括为,src/q4/data.py;src/q4/diagnostics.py,Q4Tests.test_actual_price_shape_alignment_and_reported_statistics,mapped
137,7.2,```math,src/q4/data.py;src/q4/diagnostics.py,Q4Tests.test_actual_price_shape_alignment_and_reported_statistics,mapped
138,7.2,\boxed{,src/q4/data.py;src/q4/diagnostics.py,Q4Tests.test_actual_price_shape_alignment_and_reported_statistics,mapped
139,7.2,\text{稳定周期结构},src/q4/data.py;src/q4/diagnostics.py,Q4Tests.test_actual_price_shape_alignment_and_reported_statistics,mapped
140,7.2,+,src/q4/data.py;src/q4/diagnostics.py,Q4Tests.test_actual_price_shape_alignment_and_reported_statistics,mapped
141,7.2,\text{周际偏移},src/q4/data.py;src/q4/diagnostics.py,Q4Tests.test_actual_price_shape_alignment_and_reported_statistics,mapped
142,7.2,+,src/q4/data.py;src/q4/diagnostics.py,Q4Tests.test_actual_price_shape_alignment_and_reported_statistics,mapped
143,7.2,\text{随机扰动},src/q4/data.py;src/q4/diagnostics.py,Q4Tests.test_actual_price_shape_alignment_and_reported_statistics,mapped
144,7.2,}.,src/q4/data.py;src/q4/diagnostics.py,Q4Tests.test_actual_price_shape_alignment_and_reported_statistics,mapped
145,7.2,```,src/q4/data.py;src/q4/diagnostics.py,Q4Tests.test_actual_price_shape_alignment_and_reported_statistics,mapped
147,7.2,这意味着没有必要使用高复杂度模型重新学习已经十分稳定的周周期结构，本文采用 7 日同刻价格作为季节中心，再对剩余周际偏差进行低维残差校正。,src/q4/data.py;src/q4/diagnostics.py,Q4Tests.test_actual_price_shape_alignment_and_reported_statistics,mapped
149,7.2,### 7.2.3 价格与净负荷的联合风险,src/q4/data.py;src/q4/diagnostics.py,Q4Tests.test_actual_price_shape_alignment_and_reported_statistics,mapped
151,7.2,为剔除共同周期结构，首先构造 7 日异常量,src/q4/data.py;src/q4/diagnostics.py,Q4Tests.test_actual_price_shape_alignment_and_reported_statistics,mapped
153,7.2,```math,src/q4/data.py;src/q4/diagnostics.py,Q4Tests.test_actual_price_shape_alignment_and_reported_statistics,mapped
154,7.2,"e^{p,7}_{d,t}",src/q4/data.py;src/q4/diagnostics.py,Q4Tests.test_actual_price_shape_alignment_and_reported_statistics,mapped
155,7.2,=,src/q4/data.py;src/q4/diagnostics.py,Q4Tests.test_actual_price_shape_alignment_and_reported_statistics,mapped
156,7.2,"p_{d,t}-p_{d-7,t},",src/q4/data.py;src/q4/diagnostics.py,Q4Tests.test_actual_price_shape_alignment_and_reported_statistics,mapped
157,7.2,```,src/q4/data.py;src/q4/diagnostics.py,Q4Tests.test_actual_price_shape_alignment_and_reported_statistics,mapped
159,7.2,```math,src/q4/data.py;src/q4/diagnostics.py,Q4Tests.test_actual_price_shape_alignment_and_reported_statistics,mapped
160,7.2,"e^{N,7}_{d,t}",src/q4/data.py;src/q4/diagnostics.py,Q4Tests.test_actual_price_shape_alignment_and_reported_statistics,mapped
161,7.2,=,src/q4/data.py;src/q4/diagnostics.py,Q4Tests.test_actual_price_shape_alignment_and_reported_statistics,mapped
162,7.2,"n^{\rm real}_{d,t}-n^{\rm real}_{d-7,t}.",src/q4/data.py;src/q4/diagnostics.py,Q4Tests.test_actual_price_shape_alignment_and_reported_statistics,mapped
163,7.2,```,src/q4/data.py;src/q4/diagnostics.py,Q4Tests.test_actual_price_shape_alignment_and_reported_statistics,mapped
165,7.2,对 2—12 月全部时段计算得到,src/q4/data.py;src/q4/diagnostics.py,Q4Tests.test_actual_price_shape_alignment_and_reported_statistics,mapped
167,7.2,```math,src/q4/data.py;src/q4/diagnostics.py,Q4Tests.test_actual_price_shape_alignment_and_reported_statistics,mapped
168,7.2,\boxed{,src/q4/data.py;src/q4/diagnostics.py,Q4Tests.test_actual_price_shape_alignment_and_reported_statistics,mapped
169,7.2,\operatorname{Corr},src/q4/data.py;src/q4/diagnostics.py,Q4Tests.test_actual_price_shape_alignment_and_reported_statistics,mapped
170,7.2,\left(,src/q4/data.py;src/q4/diagnostics.py,Q4Tests.test_actual_price_shape_alignment_and_reported_statistics,mapped
171,7.2,"e^{p,7},e^{N,7}",src/q4/data.py;src/q4/diagnostics.py,Q4Tests.test_actual_price_shape_alignment_and_reported_statistics,mapped
172,7.2,\right),src/q4/data.py;src/q4/diagnostics.py,Q4Tests.test_actual_price_shape_alignment_and_reported_statistics,mapped
173,7.2,=,src/q4/data.py;src/q4/diagnostics.py,Q4Tests.test_actual_price_shape_alignment_and_reported_statistics,mapped
174,7.2,0.67257,src/q4/data.py;src/q4/diagnostics.py,Q4Tests.test_actual_price_shape_alignment_and_reported_statistics,mapped
175,7.2,}.,src/q4/data.py;src/q4/diagnostics.py,Q4Tests.test_actual_price_shape_alignment_and_reported_statistics,mapped
176,7.2,```,src/q4/data.py;src/q4/diagnostics.py,Q4Tests.test_actual_price_shape_alignment_and_reported_statistics,mapped
178,7.2,进一步考察联合上尾，有,src/q4/data.py;src/q4/diagnostics.py,Q4Tests.test_actual_price_shape_alignment_and_reported_statistics,mapped
180,7.2,```math,src/q4/data.py;src/q4/diagnostics.py,Q4Tests.test_actual_price_shape_alignment_and_reported_statistics,mapped
181,7.2,\boxed{,src/q4/data.py;src/q4/diagnostics.py,Q4Tests.test_actual_price_shape_alignment_and_reported_statistics,mapped
182,7.2,P,src/q4/data.py;src/q4/diagnostics.py,Q4Tests.test_actual_price_shape_alignment_and_reported_statistics,mapped
183,7.2,\left(,src/q4/data.py;src/q4/diagnostics.py,Q4Tests.test_actual_price_shape_alignment_and_reported_statistics,mapped
184,7.2,"e^{p,7}>Q_{0.9}(e^{p,7})",src/q4/data.py;src/q4/diagnostics.py,Q4Tests.test_actual_price_shape_alignment_and_reported_statistics,mapped
185,7.2,\mid,src/q4/data.py;src/q4/diagnostics.py,Q4Tests.test_actual_price_shape_alignment_and_reported_statistics,mapped
186,7.2,"e^{N,7}>Q_{0.9}(e^{N,7})",src/q4/data.py;src/q4/diagnostics.py,Q4Tests.test_actual_price_shape_alignment_and_reported_statistics,mapped
187,7.2,\right),src/q4/data.py;src/q4/diagnostics.py,Q4Tests.test_actual_price_shape_alignment_and_reported_statistics,mapped
188,7.2,=,src/q4/data.py;src/q4/diagnostics.py,Q4Tests.test_actual_price_shape_alignment_and_reported_statistics,mapped
189,7.2,54.20\%,src/q4/data.py;src/q4/diagnostics.py,Q4Tests.test_actual_price_shape_alignment_and_reported_statistics,mapped
190,7.2,}.,src/q4/data.py;src/q4/diagnostics.py,Q4Tests.test_actual_price_shape_alignment_and_reported_statistics,mapped
191,7.2,```,src/q4/data.py;src/q4/diagnostics.py,Q4Tests.test_actual_price_shape_alignment_and_reported_statistics,mapped
193,7.2,若二者近似独立，上述条件概率应接近 `10%`；实际结果明显更高，说明净负荷异常偏高时，电价同步异常偏高的概率显著增加。,src/q4/data.py;src/q4/diagnostics.py,Q4Tests.test_actual_price_shape_alignment_and_reported_statistics,mapped
195,7.2,"考虑 `10\,\mathrm{min}` 数据具有较强时序相关性，进一步按完整日轨迹进行 block bootstrap。相关系数的 `95%` bootstrap 区间约为",src/q4/data.py;src/q4/diagnostics.py,Q4Tests.test_actual_price_shape_alignment_and_reported_statistics,mapped
197,7.2,```math,src/q4/data.py;src/q4/diagnostics.py,Q4Tests.test_actual_price_shape_alignment_and_reported_statistics,mapped
198,7.2,"[0.654,\ 0.691],",src/q4/data.py;src/q4/diagnostics.py,Q4Tests.test_actual_price_shape_alignment_and_reported_statistics,mapped
199,7.2,```,src/q4/data.py;src/q4/diagnostics.py,Q4Tests.test_actual_price_shape_alignment_and_reported_statistics,mapped
201,7.2,联合上尾条件概率的 `95%` 区间约为,src/q4/data.py;src/q4/diagnostics.py,Q4Tests.test_actual_price_shape_alignment_and_reported_statistics,mapped
203,7.2,```math,src/q4/data.py;src/q4/diagnostics.py,Q4Tests.test_actual_price_shape_alignment_and_reported_statistics,mapped
204,7.2,"[51.7\%,\ 56.5\%].",src/q4/data.py;src/q4/diagnostics.py,Q4Tests.test_actual_price_shape_alignment_and_reported_statistics,mapped
205,7.2,```,src/q4/data.py;src/q4/diagnostics.py,Q4Tests.test_actual_price_shape_alignment_and_reported_statistics,mapped
207,7.2,因此，价格与净负荷联合尾部并非由少量相邻时点造成，而具有较稳定的日尺度统计特征。,src/q4/data.py;src/q4/diagnostics.py,Q4Tests.test_actual_price_shape_alignment_and_reported_statistics,mapped
209,7.2,上述 7 日异常量仅用于判断联合建模是否必要。正式随机优化中不直接使用该异常量，而采用价格模型和净负荷模型各自严格滚动预测后得到的样本外残差，从而保证统计分析与后续决策的信息口径一致。,src/q4/data.py;src/q4/diagnostics.py,Q4Tests.test_actual_price_shape_alignment_and_reported_statistics,mapped
211,7.2,### 7.2.4 四时点光伏预报的信息差异,src/q4/data.py;src/q4/diagnostics.py,Q4Tests.test_actual_price_shape_alignment_and_reported_statistics,mapped
213,7.2,"问题 4-3 沿用附件 3 在 `0:00`、`6:00`、`12:00` 和 `18:00` 发布的未来 `24\,\mathrm h` 光伏预报。",src/q4/data.py;src/q4/diagnostics.py,Q4Tests.test_actual_price_shape_alignment_and_reported_statistics,mapped
215,7.2,"将各节点预测与附件 2 实际光伏重新对齐后，为避免完整 `24\,\mathrm h` 窗口中夜间零光伏占比不同造成评价偏差，重点考察“当前节点至下一节点”的未来 `6\,\mathrm h` committed block。计算得到：",src/q4/data.py;src/q4/diagnostics.py,Q4Tests.test_actual_price_shape_alignment_and_reported_statistics,mapped
217,7.2,| 发布节点 | 下一 `6 h` 光伏 MAE / kW | 说明 |,src/q4/data.py;src/q4/diagnostics.py,Q4Tests.test_actual_price_shape_alignment_and_reported_statistics,mapped
218,7.2,|---|---:|---|,src/q4/data.py;src/q4/diagnostics.py,Q4Tests.test_actual_price_shape_alignment_and_reported_statistics,mapped
219,7.2,| `0:00` | `2.78` | 主要处于夜间，不宜解释为模型异常准确 |,src/q4/data.py;src/q4/diagnostics.py,Q4Tests.test_actual_price_shape_alignment_and_reported_statistics,mapped
220,7.2,| `6:00` | `153.47` | 上午光伏不确定性较强 |,src/q4/data.py;src/q4/diagnostics.py,Q4Tests.test_actual_price_shape_alignment_and_reported_statistics,mapped
221,7.2,| `12:00` | `68.35` | 下午更新具有明显信息价值 |,src/q4/data.py;src/q4/diagnostics.py,Q4Tests.test_actual_price_shape_alignment_and_reported_statistics,mapped
222,7.2,| `18:00` | 约 `0` | 后续主要进入夜间 |,src/q4/data.py;src/q4/diagnostics.py,Q4Tests.test_actual_price_shape_alignment_and_reported_statistics,mapped
224,7.2,因此，不同预报发布时间的误差分布不能混入同一个误差池。本文针对不同 forecast origin 分别保存净负荷样本外误差,src/q4/data.py;src/q4/diagnostics.py,Q4Tests.test_actual_price_shape_alignment_and_reported_statistics,mapped
226,7.2,```math,src/q4/data.py;src/q4/diagnostics.py,Q4Tests.test_actual_price_shape_alignment_and_reported_statistics,mapped
227,7.2,"e^N_{j,t|k},",src/q4/data.py;src/q4/diagnostics.py,Q4Tests.test_actual_price_shape_alignment_and_reported_statistics,mapped
228,7.2,\qquad,src/q4/data.py;src/q4/diagnostics.py,Q4Tests.test_actual_price_shape_alignment_and_reported_statistics,mapped
229,7.2,"k\in\{0,6,12,18\}.",src/q4/data.py;src/q4/diagnostics.py,Q4Tests.test_actual_price_shape_alignment_and_reported_statistics,mapped
230,7.2,```,src/q4/data.py;src/q4/diagnostics.py,Q4Tests.test_actual_price_shape_alignment_and_reported_statistics,mapped
232,7.2,---,src/q4/data.py;src/q4/diagnostics.py,Q4Tests.test_actual_price_shape_alignment_and_reported_statistics,mapped
234,7.3,## 7.3 基于周季节残差与 Elastic Net 的电价预测,src/q4/price.py,Q4Tests.test_price_forecast_metrics_and_causality,mapped
236,7.3,### 7.3.1 模型选择,src/q4/price.py,Q4Tests.test_price_forecast_metrics_and_causality,mapped
238,7.3,由于附件 4 的 7 日同刻相关系数达到 `0.98204`，本文不直接对原始价格建立高维预测器，而先提取周季节中心,src/q4/price.py,Q4Tests.test_price_forecast_metrics_and_causality,mapped
240,7.3,```math,src/q4/price.py,Q4Tests.test_price_forecast_metrics_and_causality,mapped
241,7.3,"\widetilde p_{d,t}=p_{d-7,t}.",src/q4/price.py,Q4Tests.test_price_forecast_metrics_and_causality,mapped
242,7.3,```,src/q4/price.py,Q4Tests.test_price_forecast_metrics_and_causality,mapped
244,7.3,定义周际残差,src/q4/price.py,Q4Tests.test_price_forecast_metrics_and_causality,mapped
246,7.3,```math,src/q4/price.py,Q4Tests.test_price_forecast_metrics_and_causality,mapped
247,7.3,"r^p_{d,t}",src/q4/price.py,Q4Tests.test_price_forecast_metrics_and_causality,mapped
248,7.3,=,src/q4/price.py,Q4Tests.test_price_forecast_metrics_and_causality,mapped
249,7.3,"p_{d,t}-p_{d-7,t}.",src/q4/price.py,Q4Tests.test_price_forecast_metrics_and_causality,mapped
250,7.3,```,src/q4/price.py,Q4Tests.test_price_forecast_metrics_and_causality,mapped
252,7.3,因此需要预测的只是,src/q4/price.py,Q4Tests.test_price_forecast_metrics_and_causality,mapped
254,7.3,```math,src/q4/price.py,Q4Tests.test_price_forecast_metrics_and_causality,mapped
255,7.3,\boxed{,src/q4/price.py,Q4Tests.test_price_forecast_metrics_and_causality,mapped
256,7.3,\text{本周相对上周同刻价格发生的偏移},src/q4/price.py,Q4Tests.test_price_forecast_metrics_and_causality,mapped
257,7.3,"},",src/q4/price.py,Q4Tests.test_price_forecast_metrics_and_causality,mapped
258,7.3,```,src/q4/price.py,Q4Tests.test_price_forecast_metrics_and_causality,mapped
260,7.3,而无需重新学习已经稳定存在的日内峰谷结构和周周期。,src/q4/price.py,Q4Tests.test_price_forecast_metrics_and_causality,mapped
262,7.3,考虑 1 日、7 日和 14 日滞后价格之间存在较强共线性，纯 LASSO 可能在不同训练窗口下产生不稳定的变量选择；标准 LEAR 又需要为不同小时建立较多参数。为兼顾冷启动、稳定性、解释性和预测精度，本文采用共享参数的 Elastic Net 周季节残差模型。,src/q4/price.py,Q4Tests.test_price_forecast_metrics_and_causality,mapped
264,7.3,### 7.3.2 低维因果特征,src/q4/price.py,Q4Tests.test_price_forecast_metrics_and_causality,mapped
266,7.3,"将每个 `(d,t)` 看作一条训练记录，144 个日内时段共享同一组回归参数。所有特征均要求在第 `d` 日 `0:00` 已经可获得，主要包括",src/q4/price.py,Q4Tests.test_price_forecast_metrics_and_causality,mapped
268,7.3,```math,src/q4/price.py,Q4Tests.test_price_forecast_metrics_and_causality,mapped
269,7.3,"p_{d-1,t},",src/q4/price.py,Q4Tests.test_price_forecast_metrics_and_causality,mapped
270,7.3,\qquad,src/q4/price.py,Q4Tests.test_price_forecast_metrics_and_causality,mapped
271,7.3,"p_{d-7,t},",src/q4/price.py,Q4Tests.test_price_forecast_metrics_and_causality,mapped
272,7.3,\qquad,src/q4/price.py,Q4Tests.test_price_forecast_metrics_and_causality,mapped
273,7.3,"p_{d-14,t},",src/q4/price.py,Q4Tests.test_price_forecast_metrics_and_causality,mapped
274,7.3,```,src/q4/price.py,Q4Tests.test_price_forecast_metrics_and_causality,mapped
276,7.3,以及,src/q4/price.py,Q4Tests.test_price_forecast_metrics_and_causality,mapped
278,7.3,```math,src/q4/price.py,Q4Tests.test_price_forecast_metrics_and_causality,mapped
279,7.3,"p_{d-7,t}-p_{d-14,t},",src/q4/price.py,Q4Tests.test_price_forecast_metrics_and_causality,mapped
280,7.3,\qquad,src/q4/price.py,Q4Tests.test_price_forecast_metrics_and_causality,mapped
281,7.3,"p_{d-1,t}-p_{d-8,t},",src/q4/price.py,Q4Tests.test_price_forecast_metrics_and_causality,mapped
282,7.3,```,src/q4/price.py,Q4Tests.test_price_forecast_metrics_and_causality,mapped
284,7.3,用于描述近期周际变化。,src/q4/price.py,Q4Tests.test_price_forecast_metrics_and_causality,mapped
286,7.3,此外加入上周目标时刻邻域价格差、前一日和前一周的日均价与波动率，并采用 Fourier 项刻画日内与星期周期：,src/q4/price.py,Q4Tests.test_price_forecast_metrics_and_causality,mapped
288,7.3,```math,src/q4/price.py,Q4Tests.test_price_forecast_metrics_and_causality,mapped
289,7.3,"\sin\frac{2\pi t}{144},",src/q4/price.py,Q4Tests.test_price_forecast_metrics_and_causality,mapped
290,7.3,\qquad,src/q4/price.py,Q4Tests.test_price_forecast_metrics_and_causality,mapped
291,7.3,"\cos\frac{2\pi t}{144},",src/q4/price.py,Q4Tests.test_price_forecast_metrics_and_causality,mapped
292,7.3,```,src/q4/price.py,Q4Tests.test_price_forecast_metrics_and_causality,mapped
294,7.3,```math,src/q4/price.py,Q4Tests.test_price_forecast_metrics_and_causality,mapped
295,7.3,"\sin\frac{4\pi t}{144},",src/q4/price.py,Q4Tests.test_price_forecast_metrics_and_causality,mapped
296,7.3,\qquad,src/q4/price.py,Q4Tests.test_price_forecast_metrics_and_causality,mapped
297,7.3,"\cos\frac{4\pi t}{144},",src/q4/price.py,Q4Tests.test_price_forecast_metrics_and_causality,mapped
298,7.3,```,src/q4/price.py,Q4Tests.test_price_forecast_metrics_and_causality,mapped
300,7.3,```math,src/q4/price.py,Q4Tests.test_price_forecast_metrics_and_causality,mapped
301,7.3,"\sin\frac{2\pi w_d}{7},",src/q4/price.py,Q4Tests.test_price_forecast_metrics_and_causality,mapped
302,7.3,\qquad,src/q4/price.py,Q4Tests.test_price_forecast_metrics_and_causality,mapped
303,7.3,"\cos\frac{2\pi w_d}{7},",src/q4/price.py,Q4Tests.test_price_forecast_metrics_and_causality,mapped
304,7.3,```,src/q4/price.py,Q4Tests.test_price_forecast_metrics_and_causality,mapped
306,7.3,其中 `w_d` 为星期序号。最终仅保留约 `15\sim20` 个具有明确时序含义的低维特征。,src/q4/price.py,Q4Tests.test_price_forecast_metrics_and_causality,mapped
308,7.3,### 7.3.3 Elastic Net 残差回归,src/q4/price.py,Q4Tests.test_price_forecast_metrics_and_causality,mapped
310,7.3,设特征向量为,src/q4/price.py,Q4Tests.test_price_forecast_metrics_and_causality,mapped
312,7.3,```math,src/q4/price.py,Q4Tests.test_price_forecast_metrics_and_causality,mapped
313,7.3,"\mathbf z_{d,t},",src/q4/price.py,Q4Tests.test_price_forecast_metrics_and_causality,mapped
314,7.3,```,src/q4/price.py,Q4Tests.test_price_forecast_metrics_and_causality,mapped
316,7.3,则,src/q4/price.py,Q4Tests.test_price_forecast_metrics_and_causality,mapped
318,7.3,```math,src/q4/price.py,Q4Tests.test_price_forecast_metrics_and_causality,mapped
319,7.3,"r^p_{d,t}",src/q4/price.py,Q4Tests.test_price_forecast_metrics_and_causality,mapped
320,7.3,=,src/q4/price.py,Q4Tests.test_price_forecast_metrics_and_causality,mapped
321,7.3,\beta_0,src/q4/price.py,Q4Tests.test_price_forecast_metrics_and_causality,mapped
322,7.3,+,src/q4/price.py,Q4Tests.test_price_forecast_metrics_and_causality,mapped
323,7.3,"\boldsymbol\beta^\top\mathbf z_{d,t}",src/q4/price.py,Q4Tests.test_price_forecast_metrics_and_causality,mapped
324,7.3,+,src/q4/price.py,Q4Tests.test_price_forecast_metrics_and_causality,mapped
325,7.3,"\varepsilon_{d,t}.",src/q4/price.py,Q4Tests.test_price_forecast_metrics_and_causality,mapped
326,7.3,```,src/q4/price.py,Q4Tests.test_price_forecast_metrics_and_causality,mapped
328,7.3,参数通过 Elastic Net 估计：,src/q4/price.py,Q4Tests.test_price_forecast_metrics_and_causality,mapped
330,7.3,```math,src/q4/price.py,Q4Tests.test_price_forecast_metrics_and_causality,mapped
331,7.3,\boxed{,src/q4/price.py,Q4Tests.test_price_forecast_metrics_and_causality,mapped
332,7.3,\widehat{\boldsymbol\beta},src/q4/price.py,Q4Tests.test_price_forecast_metrics_and_causality,mapped
333,7.3,=,src/q4/price.py,Q4Tests.test_price_forecast_metrics_and_causality,mapped
334,7.3,\arg\min_{\boldsymbol\beta},src/q4/price.py,Q4Tests.test_price_forecast_metrics_and_causality,mapped
335,7.3,\left\{,src/q4/price.py,Q4Tests.test_price_forecast_metrics_and_causality,mapped
336,7.3,"\sum_{d,t}",src/q4/price.py,Q4Tests.test_price_forecast_metrics_and_causality,mapped
337,7.3,\left(,src/q4/price.py,Q4Tests.test_price_forecast_metrics_and_causality,mapped
338,7.3,"r^p_{d,t}",src/q4/price.py,Q4Tests.test_price_forecast_metrics_and_causality,mapped
339,7.3,-,src/q4/price.py,Q4Tests.test_price_forecast_metrics_and_causality,mapped
340,7.3,\beta_0,src/q4/price.py,Q4Tests.test_price_forecast_metrics_and_causality,mapped
341,7.3,-,src/q4/price.py,Q4Tests.test_price_forecast_metrics_and_causality,mapped
342,7.3,"\boldsymbol\beta^\top\mathbf z_{d,t}",src/q4/price.py,Q4Tests.test_price_forecast_metrics_and_causality,mapped
343,7.3,\right)^2,src/q4/price.py,Q4Tests.test_price_forecast_metrics_and_causality,mapped
344,7.3,+,src/q4/price.py,Q4Tests.test_price_forecast_metrics_and_causality,mapped
345,7.3,\lambda_{\rm en},src/q4/price.py,Q4Tests.test_price_forecast_metrics_and_causality,mapped
346,7.3,\left[,src/q4/price.py,Q4Tests.test_price_forecast_metrics_and_causality,mapped
347,7.3,\gamma\|\boldsymbol\beta\|_1,src/q4/price.py,Q4Tests.test_price_forecast_metrics_and_causality,mapped
348,7.3,+,src/q4/price.py,Q4Tests.test_price_forecast_metrics_and_causality,mapped
349,7.3,\frac{1-\gamma}{2},src/q4/price.py,Q4Tests.test_price_forecast_metrics_and_causality,mapped
350,7.3,\|\boldsymbol\beta\|_2^2,src/q4/price.py,Q4Tests.test_price_forecast_metrics_and_causality,mapped
351,7.3,\right],src/q4/price.py,Q4Tests.test_price_forecast_metrics_and_causality,mapped
352,7.3,\right\},src/q4/price.py,Q4Tests.test_price_forecast_metrics_and_causality,mapped
353,7.3,}.,src/q4/price.py,Q4Tests.test_price_forecast_metrics_and_causality,mapped
354,7.3,```,src/q4/price.py,Q4Tests.test_price_forecast_metrics_and_causality,mapped
356,7.3,其中 `L_1` 项抑制无效变量，`L_2` 项降低高相关滞后特征造成的系数不稳定。所有特征标准化参数仅使用决策时刻之前的历史样本估计。,src/q4/price.py,Q4Tests.test_price_forecast_metrics_and_causality,mapped
358,7.3,1 月作为预热区间，在时间有序的历史训练—验证切分上选择 `\lambda_{\rm en}` 与 `\gamma`；进入 2 月后固定该超参数组合，并在每日 `0:00` 使用截至前一日的历史重新估计回归系数。,src/q4/price.py,Q4Tests.test_price_forecast_metrics_and_causality,mapped
360,7.3,最终得到,src/q4/price.py,Q4Tests.test_price_forecast_metrics_and_causality,mapped
362,7.3,```math,src/q4/price.py,Q4Tests.test_price_forecast_metrics_and_causality,mapped
363,7.3,\boxed{,src/q4/price.py,Q4Tests.test_price_forecast_metrics_and_causality,mapped
364,7.3,"\widehat p_{d,t}",src/q4/price.py,Q4Tests.test_price_forecast_metrics_and_causality,mapped
365,7.3,=,src/q4/price.py,Q4Tests.test_price_forecast_metrics_and_causality,mapped
366,7.3,"p_{d-7,t}",src/q4/price.py,Q4Tests.test_price_forecast_metrics_and_causality,mapped
367,7.3,+,src/q4/price.py,Q4Tests.test_price_forecast_metrics_and_causality,mapped
368,7.3,"\widehat r^p_{d,t}",src/q4/price.py,Q4Tests.test_price_forecast_metrics_and_causality,mapped
369,7.3,}.,src/q4/price.py,Q4Tests.test_price_forecast_metrics_and_causality,mapped
370,7.3,```,src/q4/price.py,Q4Tests.test_price_forecast_metrics_and_causality,mapped
372,7.3,在 `0:00` 预测当日未来价格时，不允许使用当日未来真实价格作为任何特征。,src/q4/price.py,Q4Tests.test_price_forecast_metrics_and_causality,mapped
374,7.3,### 7.3.4 严格滚动样本外比较,src/q4/price.py,Q4Tests.test_price_forecast_metrics_and_causality,mapped
376,7.3,在完全一致的 rolling-origin 信息边界下，对 7 日同刻基线、共享参数 Elastic Net 和严格因果 LightGBM 进行比较：,src/q4/price.py,Q4Tests.test_price_forecast_metrics_and_causality,mapped
378,7.3,| 价格模型 | MAE / 元·kWh\(^{-1}\) | RMSE / 元·kWh\(^{-1}\) |,src/q4/price.py,Q4Tests.test_price_forecast_metrics_and_causality,mapped
379,7.3,|---|---:|---:|,src/q4/price.py,Q4Tests.test_price_forecast_metrics_and_causality,mapped
380,7.3,| 7 日同刻季节基线 | `0.04715` | `0.06535` |,src/q4/price.py,Q4Tests.test_price_forecast_metrics_and_causality,mapped
381,7.3,| 严格因果 LightGBM | `0.04250` | `0.05948` |,src/q4/price.py,Q4Tests.test_price_forecast_metrics_and_causality,mapped
382,7.3,| **共享参数 Elastic Net 残差模型** | **`0.04193`** | **`0.05623`** |,src/q4/price.py,Q4Tests.test_price_forecast_metrics_and_causality,mapped
384,7.3,相对于 7 日同刻基线，Elastic Net 的 MAE 和 RMSE 分别下降约,src/q4/price.py,Q4Tests.test_price_forecast_metrics_and_causality,mapped
386,7.3,```math,src/q4/price.py,Q4Tests.test_price_forecast_metrics_and_causality,mapped
387,7.3,"10.98\%,",src/q4/price.py,Q4Tests.test_price_forecast_metrics_and_causality,mapped
388,7.3,\qquad,src/q4/price.py,Q4Tests.test_price_forecast_metrics_and_causality,mapped
389,7.3,14.03\%.,src/q4/price.py,Q4Tests.test_price_forecast_metrics_and_causality,mapped
390,7.3,```,src/q4/price.py,Q4Tests.test_price_forecast_metrics_and_causality,mapped
392,7.3,因此附件 4 的主要结构可由“强周季节中心 + 少量线性残差修正”有效解释。正式模型选择仍以真实价格回放下的最终调度成本作为主要经济指标，预测误差仅作为辅助依据。,src/q4/price.py,Q4Tests.test_price_forecast_metrics_and_causality,mapped
394,7.3,---,src/q4/price.py,Q4Tests.test_price_forecast_metrics_and_causality,mapped
396,7.4,## 7.4 价格—净负荷联合样本外残差场景,src/q4/data.py;src/q4/scenarios.py,Q4Tests.test_joint_history_and_tail_reduction,mapped
398,7.4,### 7.4.1 严格样本外残差,src/q4/data.py;src/q4/scenarios.py,Q4Tests.test_joint_history_and_tail_reduction,mapped
400,7.4,第 `j` 日第 `t` 个时段的价格样本外残差定义为,src/q4/data.py;src/q4/scenarios.py,Q4Tests.test_joint_history_and_tail_reduction,mapped
402,7.4,```math,src/q4/data.py;src/q4/scenarios.py,Q4Tests.test_joint_history_and_tail_reduction,mapped
403,7.4,"e^p_{j,t}",src/q4/data.py;src/q4/scenarios.py,Q4Tests.test_joint_history_and_tail_reduction,mapped
404,7.4,=,src/q4/data.py;src/q4/scenarios.py,Q4Tests.test_joint_history_and_tail_reduction,mapped
405,7.4,"p^{\rm real}_{j,t}",src/q4/data.py;src/q4/scenarios.py,Q4Tests.test_joint_history_and_tail_reduction,mapped
406,7.4,-,src/q4/data.py;src/q4/scenarios.py,Q4Tests.test_joint_history_and_tail_reduction,mapped
407,7.4,"\widehat p^{\rm OOS}_{j,t}.",src/q4/data.py;src/q4/scenarios.py,Q4Tests.test_joint_history_and_tail_reduction,mapped
408,7.4,```,src/q4/data.py;src/q4/scenarios.py,Q4Tests.test_joint_history_and_tail_reduction,mapped
410,7.4,净负荷误差沿用问题二已经确定的严格因果预测模型。对于问题 4-2，,src/q4/data.py;src/q4/scenarios.py,Q4Tests.test_joint_history_and_tail_reduction,mapped
412,7.4,```math,src/q4/data.py;src/q4/scenarios.py,Q4Tests.test_joint_history_and_tail_reduction,mapped
413,7.4,"e^N_{j,t|0}",src/q4/data.py;src/q4/scenarios.py,Q4Tests.test_joint_history_and_tail_reduction,mapped
414,7.4,=,src/q4/data.py;src/q4/scenarios.py,Q4Tests.test_joint_history_and_tail_reduction,mapped
415,7.4,"n^{\rm real}_{j,t}",src/q4/data.py;src/q4/scenarios.py,Q4Tests.test_joint_history_and_tail_reduction,mapped
416,7.4,-,src/q4/data.py;src/q4/scenarios.py,Q4Tests.test_joint_history_and_tail_reduction,mapped
417,7.4,"\widehat n^{\rm OOS}_{j,t|0}.",src/q4/data.py;src/q4/scenarios.py,Q4Tests.test_joint_history_and_tail_reduction,mapped
418,7.4,```,src/q4/data.py;src/q4/scenarios.py,Q4Tests.test_joint_history_and_tail_reduction,mapped
420,7.4,对于问题 4-3，则分别针对,src/q4/data.py;src/q4/scenarios.py,Q4Tests.test_joint_history_and_tail_reduction,mapped
422,7.4,```math,src/q4/data.py;src/q4/scenarios.py,Q4Tests.test_joint_history_and_tail_reduction,mapped
423,7.4,"k\in\{0,6,12,18\}",src/q4/data.py;src/q4/scenarios.py,Q4Tests.test_joint_history_and_tail_reduction,mapped
424,7.4,```,src/q4/data.py;src/q4/scenarios.py,Q4Tests.test_joint_history_and_tail_reduction,mapped
426,7.4,保存,src/q4/data.py;src/q4/scenarios.py,Q4Tests.test_joint_history_and_tail_reduction,mapped
428,7.4,```math,src/q4/data.py;src/q4/scenarios.py,Q4Tests.test_joint_history_and_tail_reduction,mapped
429,7.4,"e^N_{j,t|k}",src/q4/data.py;src/q4/scenarios.py,Q4Tests.test_joint_history_and_tail_reduction,mapped
430,7.4,=,src/q4/data.py;src/q4/scenarios.py,Q4Tests.test_joint_history_and_tail_reduction,mapped
431,7.4,"n^{\rm real}_{j,t}",src/q4/data.py;src/q4/scenarios.py,Q4Tests.test_joint_history_and_tail_reduction,mapped
432,7.4,-,src/q4/data.py;src/q4/scenarios.py,Q4Tests.test_joint_history_and_tail_reduction,mapped
433,7.4,"\widehat n^{\rm OOS}_{j,t|k}.",src/q4/data.py;src/q4/scenarios.py,Q4Tests.test_joint_history_and_tail_reduction,mapped
434,7.4,```,src/q4/data.py;src/q4/scenarios.py,Q4Tests.test_joint_history_and_tail_reduction,mapped
436,7.4,联合轨迹必须来自同一历史日期：,src/q4/data.py;src/q4/scenarios.py,Q4Tests.test_joint_history_and_tail_reduction,mapped
438,7.4,```math,src/q4/data.py;src/q4/scenarios.py,Q4Tests.test_joint_history_and_tail_reduction,mapped
439,7.4,\boxed{,src/q4/data.py;src/q4/scenarios.py,Q4Tests.test_joint_history_and_tail_reduction,mapped
440,7.4,\boldsymbol\xi_{j|k},src/q4/data.py;src/q4/scenarios.py,Q4Tests.test_joint_history_and_tail_reduction,mapped
441,7.4,=,src/q4/data.py;src/q4/scenarios.py,Q4Tests.test_joint_history_and_tail_reduction,mapped
442,7.4,\left(,src/q4/data.py;src/q4/scenarios.py,Q4Tests.test_joint_history_and_tail_reduction,mapped
443,7.4,"\mathbf e^N_{j|k},",src/q4/data.py;src/q4/scenarios.py,Q4Tests.test_joint_history_and_tail_reduction,mapped
444,7.4,\mathbf e^p_j,src/q4/data.py;src/q4/scenarios.py,Q4Tests.test_joint_history_and_tail_reduction,mapped
445,7.4,\right),src/q4/data.py;src/q4/scenarios.py,Q4Tests.test_joint_history_and_tail_reduction,mapped
446,7.4,}.,src/q4/data.py;src/q4/scenarios.py,Q4Tests.test_joint_history_and_tail_reduction,mapped
447,7.4,```,src/q4/data.py;src/q4/scenarios.py,Q4Tests.test_joint_history_and_tail_reduction,mapped
449,7.4,价格残差与净负荷残差不进行独立重排，从而保留二者的同步变化和联合上尾结构。,src/q4/data.py;src/q4/scenarios.py,Q4Tests.test_joint_history_and_tail_reduction,mapped
451,7.4,正式计算完成后，再直接基于 OOS 残差统计,src/q4/data.py;src/q4/scenarios.py,Q4Tests.test_joint_history_and_tail_reduction,mapped
453,7.4,```math,src/q4/data.py;src/q4/scenarios.py,Q4Tests.test_joint_history_and_tail_reduction,mapped
454,7.4,\rho_{\rm OOS},src/q4/data.py;src/q4/scenarios.py,Q4Tests.test_joint_history_and_tail_reduction,mapped
455,7.4,=,src/q4/data.py;src/q4/scenarios.py,Q4Tests.test_joint_history_and_tail_reduction,mapped
456,7.4,\operatorname{Corr},src/q4/data.py;src/q4/scenarios.py,Q4Tests.test_joint_history_and_tail_reduction,mapped
457,7.4,\left(,src/q4/data.py;src/q4/scenarios.py,Q4Tests.test_joint_history_and_tail_reduction,mapped
458,7.4,"e^{N,\rm OOS},",src/q4/data.py;src/q4/scenarios.py,Q4Tests.test_joint_history_and_tail_reduction,mapped
459,7.4,"e^{p,\rm OOS}",src/q4/data.py;src/q4/scenarios.py,Q4Tests.test_joint_history_and_tail_reduction,mapped
460,7.4,"\right),",src/q4/data.py;src/q4/scenarios.py,Q4Tests.test_joint_history_and_tail_reduction,mapped
461,7.4,```,src/q4/data.py;src/q4/scenarios.py,Q4Tests.test_joint_history_and_tail_reduction,mapped
463,7.4,以及,src/q4/data.py;src/q4/scenarios.py,Q4Tests.test_joint_history_and_tail_reduction,mapped
465,7.4,```math,src/q4/data.py;src/q4/scenarios.py,Q4Tests.test_joint_history_and_tail_reduction,mapped
466,7.4,P,src/q4/data.py;src/q4/scenarios.py,Q4Tests.test_joint_history_and_tail_reduction,mapped
467,7.4,\left(,src/q4/data.py;src/q4/scenarios.py,Q4Tests.test_joint_history_and_tail_reduction,mapped
468,7.4,"e^{p,\rm OOS}>Q_{0.9}",src/q4/data.py;src/q4/scenarios.py,Q4Tests.test_joint_history_and_tail_reduction,mapped
469,7.4,\mid,src/q4/data.py;src/q4/scenarios.py,Q4Tests.test_joint_history_and_tail_reduction,mapped
470,7.4,"e^{N,\rm OOS}>Q_{0.9}",src/q4/data.py;src/q4/scenarios.py,Q4Tests.test_joint_history_and_tail_reduction,mapped
471,7.4,"\right),",src/q4/data.py;src/q4/scenarios.py,Q4Tests.test_joint_history_and_tail_reduction,mapped
472,7.4,```,src/q4/data.py;src/q4/scenarios.py,Q4Tests.test_joint_history_and_tail_reduction,mapped
474,7.4,用于验证联合依赖在最终预测误差空间中是否仍然存在。,src/q4/data.py;src/q4/scenarios.py,Q4Tests.test_joint_history_and_tail_reduction,mapped
476,7.4,"价格残差路径固定预测起点：`e^p_{j,k:k+T}=actual[j·144+k·6:j·144+k·6+T]-forecast[j,k·6:k·6+T]`。Q4-2取T=288、k=0；Q4-3取T=144、k=0/6/12/18。跨午夜后仍使用历史日j的0:00预测，绝不切换为j+1日自己的预测。完整残差窗口必须已经实现。",src/q4/data.py;src/q4/scenarios.py,Q4Tests.test_joint_history_and_tail_reduction,mapped
478,7.4,### 7.4.2 滚动残差池,src/q4/data.py;src/q4/scenarios.py,Q4Tests.test_joint_history_and_tail_reduction,mapped
480,7.4,由于全年不同季节的价格与净负荷波动幅度存在差异，正式场景构造不将 2 月以前的全部历史永久等权保留，而采用最近 `W` 日的联合 OOS 残差池：,src/q4/data.py;src/q4/scenarios.py,Q4Tests.test_joint_history_and_tail_reduction,mapped
482,7.4,```math,src/q4/data.py;src/q4/scenarios.py,Q4Tests.test_joint_history_and_tail_reduction,mapped
483,7.4,\boxed{,src/q4/data.py;src/q4/scenarios.py,Q4Tests.test_joint_history_and_tail_reduction,mapped
484,7.4,"\mathcal H_{d,k}",src/q4/data.py;src/q4/scenarios.py,Q4Tests.test_joint_history_and_tail_reduction,mapped
485,7.4,=,src/q4/data.py;src/q4/scenarios.py,Q4Tests.test_joint_history_and_tail_reduction,mapped
486,7.4,\left\{,src/q4/data.py;src/q4/scenarios.py,Q4Tests.test_joint_history_and_tail_reduction,mapped
487,7.4,\boldsymbol\xi_{j|k}:,src/q4/data.py;src/q4/scenarios.py,Q4Tests.test_joint_history_and_tail_reduction,mapped
488,7.4,d-W\le j<d,src/q4/data.py;src/q4/scenarios.py,Q4Tests.test_joint_history_and_tail_reduction,mapped
489,7.4,\right\},src/q4/data.py;src/q4/scenarios.py,Q4Tests.test_joint_history_and_tail_reduction,mapped
490,7.4,}.,src/q4/data.py;src/q4/scenarios.py,Q4Tests.test_joint_history_and_tail_reduction,mapped
491,7.4,```,src/q4/data.py;src/q4/scenarios.py,Q4Tests.test_joint_history_and_tail_reduction,mapped
493,7.4,为兼顾季节适应性与样本量，正式计算前预先固定 `W=56` 日。未执行56/84/112窗口比较，不作由调参得到最优窗口的陈述。历史不足56日时使用全部合格历史，且每条未来残差的整个窗口终点必须不晚于当前节点。,src/q4/data.py;src/q4/scenarios.py,Q4Tests.test_joint_history_and_tail_reduction,mapped
495,7.4,该处理既保留足够的日轨迹用于场景估计，又降低过早历史样本对当前季节分布的干扰。,src/q4/data.py;src/q4/scenarios.py,Q4Tests.test_joint_history_and_tail_reduction,mapped
497,7.4,### 7.4.3 当前日联合场景,src/q4/data.py;src/q4/scenarios.py,Q4Tests.test_joint_history_and_tail_reduction,mapped
499,7.4,对于问题 4-2，第 `d` 日联合场景由当前中心预测叠加同一历史日的联合残差得到：,src/q4/data.py;src/q4/scenarios.py,Q4Tests.test_joint_history_and_tail_reduction,mapped
501,7.4,```math,src/q4/data.py;src/q4/scenarios.py,Q4Tests.test_joint_history_and_tail_reduction,mapped
502,7.4,"n_{d,t,j}",src/q4/data.py;src/q4/scenarios.py,Q4Tests.test_joint_history_and_tail_reduction,mapped
503,7.4,=,src/q4/data.py;src/q4/scenarios.py,Q4Tests.test_joint_history_and_tail_reduction,mapped
504,7.4,"\widehat n_{d,t|0}",src/q4/data.py;src/q4/scenarios.py,Q4Tests.test_joint_history_and_tail_reduction,mapped
505,7.4,+,src/q4/data.py;src/q4/scenarios.py,Q4Tests.test_joint_history_and_tail_reduction,mapped
506,7.4,"e^N_{j,t|0},",src/q4/data.py;src/q4/scenarios.py,Q4Tests.test_joint_history_and_tail_reduction,mapped
507,7.4,```,src/q4/data.py;src/q4/scenarios.py,Q4Tests.test_joint_history_and_tail_reduction,mapped
509,7.4,```math,src/q4/data.py;src/q4/scenarios.py,Q4Tests.test_joint_history_and_tail_reduction,mapped
510,7.4,"p_{d,t,j}",src/q4/data.py;src/q4/scenarios.py,Q4Tests.test_joint_history_and_tail_reduction,mapped
511,7.4,=,src/q4/data.py;src/q4/scenarios.py,Q4Tests.test_joint_history_and_tail_reduction,mapped
512,7.4,\left[,src/q4/data.py;src/q4/scenarios.py,Q4Tests.test_joint_history_and_tail_reduction,mapped
513,7.4,"\widehat p_{d,t}",src/q4/data.py;src/q4/scenarios.py,Q4Tests.test_joint_history_and_tail_reduction,mapped
514,7.4,+,src/q4/data.py;src/q4/scenarios.py,Q4Tests.test_joint_history_and_tail_reduction,mapped
515,7.4,"e^p_{j,t}",src/q4/data.py;src/q4/scenarios.py,Q4Tests.test_joint_history_and_tail_reduction,mapped
516,7.4,\right]_+.,src/q4/data.py;src/q4/scenarios.py,Q4Tests.test_joint_history_and_tail_reduction,mapped
517,7.4,```,src/q4/data.py;src/q4/scenarios.py,Q4Tests.test_joint_history_and_tail_reduction,mapped
519,7.4,其中价格下截断仅用于排除残差叠加产生的不合理负值。,src/q4/data.py;src/q4/scenarios.py,Q4Tests.test_joint_history_and_tail_reduction,mapped
521,7.4,对于问题 4-3，在节点 `k` 之后仅构造未来部分：,src/q4/data.py;src/q4/scenarios.py,Q4Tests.test_joint_history_and_tail_reduction,mapped
523,7.4,```math,src/q4/data.py;src/q4/scenarios.py,Q4Tests.test_joint_history_and_tail_reduction,mapped
524,7.4,"n_{d,t,j|k}",src/q4/data.py;src/q4/scenarios.py,Q4Tests.test_joint_history_and_tail_reduction,mapped
525,7.4,=,src/q4/data.py;src/q4/scenarios.py,Q4Tests.test_joint_history_and_tail_reduction,mapped
526,7.4,"\widehat n_{d,t|k}",src/q4/data.py;src/q4/scenarios.py,Q4Tests.test_joint_history_and_tail_reduction,mapped
527,7.4,+,src/q4/data.py;src/q4/scenarios.py,Q4Tests.test_joint_history_and_tail_reduction,mapped
528,7.4,"e^N_{j,t|k},",src/q4/data.py;src/q4/scenarios.py,Q4Tests.test_joint_history_and_tail_reduction,mapped
529,7.4,"\qquad t>k,",src/q4/data.py;src/q4/scenarios.py,Q4Tests.test_joint_history_and_tail_reduction,mapped
530,7.4,```,src/q4/data.py;src/q4/scenarios.py,Q4Tests.test_joint_history_and_tail_reduction,mapped
532,7.4,```math,src/q4/data.py;src/q4/scenarios.py,Q4Tests.test_joint_history_and_tail_reduction,mapped
533,7.4,"p_{d,t,j|k}",src/q4/data.py;src/q4/scenarios.py,Q4Tests.test_joint_history_and_tail_reduction,mapped
534,7.4,=,src/q4/data.py;src/q4/scenarios.py,Q4Tests.test_joint_history_and_tail_reduction,mapped
535,7.4,\left[,src/q4/data.py;src/q4/scenarios.py,Q4Tests.test_joint_history_and_tail_reduction,mapped
536,7.4,"\widehat p_{d,t}",src/q4/data.py;src/q4/scenarios.py,Q4Tests.test_joint_history_and_tail_reduction,mapped
537,7.4,+,src/q4/data.py;src/q4/scenarios.py,Q4Tests.test_joint_history_and_tail_reduction,mapped
538,7.4,"e^p_{j,t}",src/q4/data.py;src/q4/scenarios.py,Q4Tests.test_joint_history_and_tail_reduction,mapped
539,7.4,"\right]_+,",src/q4/data.py;src/q4/scenarios.py,Q4Tests.test_joint_history_and_tail_reduction,mapped
540,7.4,\qquad t>k.,src/q4/data.py;src/q4/scenarios.py,Q4Tests.test_joint_history_and_tail_reduction,mapped
541,7.4,```,src/q4/data.py;src/q4/scenarios.py,Q4Tests.test_joint_history_and_tail_reduction,mapped
543,7.4,节点 `k` 之前的价格、净负荷和储能状态均使用当天已经实现的真实值，不再作为随机变量。,src/q4/data.py;src/q4/scenarios.py,Q4Tests.test_joint_history_and_tail_reduction,mapped
545,7.4,### 7.4.4 标准化联合距离,src/q4/data.py;src/q4/scenarios.py,Q4Tests.test_joint_history_and_tail_reduction,mapped
547,7.4,由于净负荷残差和价格残差量纲不同，定义标准化联合轨迹距离,src/q4/data.py;src/q4/scenarios.py,Q4Tests.test_joint_history_and_tail_reduction,mapped
549,7.4,```math,src/q4/data.py;src/q4/scenarios.py,Q4Tests.test_joint_history_and_tail_reduction,mapped
550,7.4,\boxed{,src/q4/data.py;src/q4/scenarios.py,Q4Tests.test_joint_history_and_tail_reduction,mapped
551,7.4,d_{ij},src/q4/data.py;src/q4/scenarios.py,Q4Tests.test_joint_history_and_tail_reduction,mapped
552,7.4,=,src/q4/data.py;src/q4/scenarios.py,Q4Tests.test_joint_history_and_tail_reduction,mapped
553,7.4,\frac1T,src/q4/data.py;src/q4/scenarios.py,Q4Tests.test_joint_history_and_tail_reduction,mapped
554,7.4,\sum_{t=1}^{T},src/q4/data.py;src/q4/scenarios.py,Q4Tests.test_joint_history_and_tail_reduction,mapped
555,7.4,\left[,src/q4/data.py;src/q4/scenarios.py,Q4Tests.test_joint_history_and_tail_reduction,mapped
556,7.4,\omega_N,src/q4/data.py;src/q4/scenarios.py,Q4Tests.test_joint_history_and_tail_reduction,mapped
557,7.4,"\frac{|e^N_{i,t}-e^N_{j,t}|}{s^N_t}",src/q4/data.py;src/q4/scenarios.py,Q4Tests.test_joint_history_and_tail_reduction,mapped
558,7.4,+,src/q4/data.py;src/q4/scenarios.py,Q4Tests.test_joint_history_and_tail_reduction,mapped
559,7.4,\omega_p,src/q4/data.py;src/q4/scenarios.py,Q4Tests.test_joint_history_and_tail_reduction,mapped
560,7.4,"\frac{|e^p_{i,t}-e^p_{j,t}|}{s^p_t}",src/q4/data.py;src/q4/scenarios.py,Q4Tests.test_joint_history_and_tail_reduction,mapped
561,7.4,\right],src/q4/data.py;src/q4/scenarios.py,Q4Tests.test_joint_history_and_tail_reduction,mapped
562,7.4,}.,src/q4/data.py;src/q4/scenarios.py,Q4Tests.test_joint_history_and_tail_reduction,mapped
563,7.4,```,src/q4/data.py;src/q4/scenarios.py,Q4Tests.test_joint_history_and_tail_reduction,mapped
565,7.4,其中 `s^N_t` 和 `s^p_t` 仅由当时可用历史数据计算，可采用 MAD 或标准差。基准取,src/q4/data.py;src/q4/scenarios.py,Q4Tests.test_joint_history_and_tail_reduction,mapped
567,7.4,```math,src/q4/data.py;src/q4/scenarios.py,Q4Tests.test_joint_history_and_tail_reduction,mapped
568,7.4,"\omega_N=\omega_p=\frac12,",src/q4/data.py;src/q4/scenarios.py,Q4Tests.test_joint_history_and_tail_reduction,mapped
569,7.4,```,src/q4/data.py;src/q4/scenarios.py,Q4Tests.test_joint_history_and_tail_reduction,mapped
571,7.4,本次正式计算固定该权重，不执行额外全年敏感性实验。,src/q4/data.py;src/q4/scenarios.py,Q4Tests.test_joint_history_and_tail_reduction,mapped
573,7.4,### 7.4.5 尾部保持的 k-medoids 场景缩减,src/q4/data.py;src/q4/scenarios.py,Q4Tests.test_joint_history_and_tail_reduction,mapped
575,7.4,随着历史轨迹增加，直接将所有联合场景送入优化器会增加计算量。为避免普通聚类删除样本较少但经济损失较大的“高净负荷 + 高价格”联合尾部，首先定义历史日 `j` 的标准化联合尾部风险分数,src/q4/data.py;src/q4/scenarios.py,Q4Tests.test_joint_history_and_tail_reduction,mapped
577,7.4,```math,src/q4/data.py;src/q4/scenarios.py,Q4Tests.test_joint_history_and_tail_reduction,mapped
578,7.4,\boxed{,src/q4/data.py;src/q4/scenarios.py,Q4Tests.test_joint_history_and_tail_reduction,mapped
579,7.4,R_j,src/q4/data.py;src/q4/scenarios.py,Q4Tests.test_joint_history_and_tail_reduction,mapped
580,7.4,=,src/q4/data.py;src/q4/scenarios.py,Q4Tests.test_joint_history_and_tail_reduction,mapped
581,7.4,\frac1T,src/q4/data.py;src/q4/scenarios.py,Q4Tests.test_joint_history_and_tail_reduction,mapped
582,7.4,\sum_{t=1}^{T},src/q4/data.py;src/q4/scenarios.py,Q4Tests.test_joint_history_and_tail_reduction,mapped
583,7.4,\left[,src/q4/data.py;src/q4/scenarios.py,Q4Tests.test_joint_history_and_tail_reduction,mapped
584,7.4,"\frac{e^N_{j,t}}{s^N_t}",src/q4/data.py;src/q4/scenarios.py,Q4Tests.test_joint_history_and_tail_reduction,mapped
585,7.4,\right]_+,src/q4/data.py;src/q4/scenarios.py,Q4Tests.test_joint_history_and_tail_reduction,mapped
586,7.4,\left[,src/q4/data.py;src/q4/scenarios.py,Q4Tests.test_joint_history_and_tail_reduction,mapped
587,7.4,"\frac{e^p_{j,t}}{s^p_t}",src/q4/data.py;src/q4/scenarios.py,Q4Tests.test_joint_history_and_tail_reduction,mapped
588,7.4,\right]_+,src/q4/data.py;src/q4/scenarios.py,Q4Tests.test_joint_history_and_tail_reduction,mapped
589,7.4,}.,src/q4/data.py;src/q4/scenarios.py,Q4Tests.test_joint_history_and_tail_reduction,mapped
590,7.4,```,src/q4/data.py;src/q4/scenarios.py,Q4Tests.test_joint_history_and_tail_reduction,mapped
592,7.4,满足,src/q4/data.py;src/q4/scenarios.py,Q4Tests.test_joint_history_and_tail_reduction,mapped
594,7.4,```math,src/q4/data.py;src/q4/scenarios.py,Q4Tests.test_joint_history_and_tail_reduction,mapped
595,7.4,R_j>Q_{0.9}(R),src/q4/data.py;src/q4/scenarios.py,Q4Tests.test_joint_history_and_tail_reduction,mapped
596,7.4,```,src/q4/data.py;src/q4/scenarios.py,Q4Tests.test_joint_history_and_tail_reduction,mapped
598,7.4,的历史日作为高风险轨迹强制保留；其余轨迹依据联合距离进行 k-medoids 聚类。,src/q4/data.py;src/q4/scenarios.py,Q4Tests.test_joint_history_and_tail_reduction,mapped
600,7.4,场景数量采用,src/q4/data.py;src/q4/scenarios.py,Q4Tests.test_joint_history_and_tail_reduction,mapped
602,7.4,```math,src/q4/data.py;src/q4/scenarios.py,Q4Tests.test_joint_history_and_tail_reduction,mapped
603,7.4,S_d,src/q4/data.py;src/q4/scenarios.py,Q4Tests.test_joint_history_and_tail_reduction,mapped
604,7.4,=,src/q4/data.py;src/q4/scenarios.py,Q4Tests.test_joint_history_and_tail_reduction,mapped
605,7.4,\min,src/q4/data.py;src/q4/scenarios.py,Q4Tests.test_joint_history_and_tail_reduction,mapped
606,7.4,\left(,src/q4/data.py;src/q4/scenarios.py,Q4Tests.test_joint_history_and_tail_reduction,mapped
607,7.4,"S_{\max},",src/q4/data.py;src/q4/scenarios.py,Q4Tests.test_joint_history_and_tail_reduction,mapped
608,7.4,N_d^{\rm hist},src/q4/data.py;src/q4/scenarios.py,Q4Tests.test_joint_history_and_tail_reduction,mapped
609,7.4,"\right),",src/q4/data.py;src/q4/scenarios.py,Q4Tests.test_joint_history_and_tail_reduction,mapped
610,7.4,```,src/q4/data.py;src/q4/scenarios.py,Q4Tests.test_joint_history_and_tail_reduction,mapped
612,7.4,避免在历史不足时强行产生固定数量的聚类。,src/q4/data.py;src/q4/scenarios.py,Q4Tests.test_joint_history_and_tail_reduction,mapped
614,7.4,缩减后每个代表场景的经验概率不采用等权，而按其所代表的原始轨迹频数确定：,src/q4/data.py;src/q4/scenarios.py,Q4Tests.test_joint_history_and_tail_reduction,mapped
616,7.4,```math,src/q4/data.py;src/q4/scenarios.py,Q4Tests.test_joint_history_and_tail_reduction,mapped
617,7.4,\boxed{,src/q4/data.py;src/q4/scenarios.py,Q4Tests.test_joint_history_and_tail_reduction,mapped
618,7.4,\widehat\pi_s,src/q4/data.py;src/q4/scenarios.py,Q4Tests.test_joint_history_and_tail_reduction,mapped
619,7.4,=,src/q4/data.py;src/q4/scenarios.py,Q4Tests.test_joint_history_and_tail_reduction,mapped
620,7.4,\frac{|\mathcal C_s|}{N_d^{\rm hist}},src/q4/data.py;src/q4/scenarios.py,Q4Tests.test_joint_history_and_tail_reduction,mapped
621,7.4,}.,src/q4/data.py;src/q4/scenarios.py,Q4Tests.test_joint_history_and_tail_reduction,mapped
622,7.4,```,src/q4/data.py;src/q4/scenarios.py,Q4Tests.test_joint_history_and_tail_reduction,mapped
624,7.4,普通轨迹只能分配到普通medoids；每个强制尾部单轨迹的质量严格等于其原始经验概率（条件化时为其原始核权重），不吸收普通簇质量，总概率守恒。从而避免“尾部强制保留 + 等权 + DRO”导致过度保守。,src/q4/data.py;src/q4/scenarios.py,Q4Tests.test_joint_history_and_tail_reduction,mapped
626,7.4,---,src/q4/data.py;src/q4/scenarios.py,Q4Tests.test_joint_history_and_tail_reduction,mapped
628,7.5,## 7.5 有限支持 Wasserstein 概率模糊集,src/q4/scenarios.py;src/q4/optimization.py,RescueTests.test_positive_radius_matches_two_point_hand_worst_case,mapped
630,7.5,联合历史残差能够描述经验分布，但有限历史样本仍存在分布估计误差。为降低优化结果对经验场景概率的过度依赖，在缩减后的有限联合场景集合上构造 Wasserstein 概率模糊集。,src/q4/scenarios.py;src/q4/optimization.py,RescueTests.test_positive_radius_matches_two_point_hand_worst_case,mapped
632,7.5,设经验分布为,src/q4/scenarios.py;src/q4/optimization.py,RescueTests.test_positive_radius_matches_two_point_hand_worst_case,mapped
634,7.5,```math,src/q4/scenarios.py;src/q4/optimization.py,RescueTests.test_positive_radius_matches_two_point_hand_worst_case,mapped
635,7.5,"\widehat{\mathbb P}_{d,k}",src/q4/scenarios.py;src/q4/optimization.py,RescueTests.test_positive_radius_matches_two_point_hand_worst_case,mapped
636,7.5,=,src/q4/scenarios.py;src/q4/optimization.py,RescueTests.test_positive_radius_matches_two_point_hand_worst_case,mapped
637,7.5,\sum_{i=1}^{S},src/q4/scenarios.py;src/q4/optimization.py,RescueTests.test_positive_radius_matches_two_point_hand_worst_case,mapped
638,7.5,\widehat\pi_i,src/q4/scenarios.py;src/q4/optimization.py,RescueTests.test_positive_radius_matches_two_point_hand_worst_case,mapped
639,7.5,\delta_{\xi_i}.,src/q4/scenarios.py;src/q4/optimization.py,RescueTests.test_positive_radius_matches_two_point_hand_worst_case,mapped
640,7.5,```,src/q4/scenarios.py;src/q4/optimization.py,RescueTests.test_positive_radius_matches_two_point_hand_worst_case,mapped
642,7.5,允许概率质量在现有联合轨迹之间转移：,src/q4/scenarios.py;src/q4/optimization.py,RescueTests.test_positive_radius_matches_two_point_hand_worst_case,mapped
644,7.5,```math,src/q4/scenarios.py;src/q4/optimization.py,RescueTests.test_positive_radius_matches_two_point_hand_worst_case,mapped
645,7.5,\boxed{,src/q4/scenarios.py;src/q4/optimization.py,RescueTests.test_positive_radius_matches_two_point_hand_worst_case,mapped
646,7.5,"\mathcal P_{\rho_{d,k}}",src/q4/scenarios.py;src/q4/optimization.py,RescueTests.test_positive_radius_matches_two_point_hand_worst_case,mapped
647,7.5,=,src/q4/scenarios.py;src/q4/optimization.py,RescueTests.test_positive_radius_matches_two_point_hand_worst_case,mapped
648,7.5,\left\{,src/q4/scenarios.py;src/q4/optimization.py,RescueTests.test_positive_radius_matches_two_point_hand_worst_case,mapped
649,7.5,\mathbf q:,src/q4/scenarios.py;src/q4/optimization.py,RescueTests.test_positive_radius_matches_two_point_hand_worst_case,mapped
650,7.5,"\exists\Gamma\ge0,\ ",src/q4/scenarios.py;src/q4/optimization.py,RescueTests.test_positive_radius_matches_two_point_hand_worst_case,mapped
651,7.5,"\sum_j\Gamma_{ij}=\widehat\pi_i,\ ",src/q4/scenarios.py;src/q4/optimization.py,RescueTests.test_positive_radius_matches_two_point_hand_worst_case,mapped
652,7.5,"\sum_i\Gamma_{ij}=q_j,\ ",src/q4/scenarios.py;src/q4/optimization.py,RescueTests.test_positive_radius_matches_two_point_hand_worst_case,mapped
653,7.5,"\sum_{i,j}d_{ij}\Gamma_{ij}",src/q4/scenarios.py;src/q4/optimization.py,RescueTests.test_positive_radius_matches_two_point_hand_worst_case,mapped
654,7.5,\le,src/q4/scenarios.py;src/q4/optimization.py,RescueTests.test_positive_radius_matches_two_point_hand_worst_case,mapped
655,7.5,"\rho_{d,k}",src/q4/scenarios.py;src/q4/optimization.py,RescueTests.test_positive_radius_matches_two_point_hand_worst_case,mapped
656,7.5,\right\},src/q4/scenarios.py;src/q4/optimization.py,RescueTests.test_positive_radius_matches_two_point_hand_worst_case,mapped
657,7.5,}.,src/q4/scenarios.py;src/q4/optimization.py,RescueTests.test_positive_radius_matches_two_point_hand_worst_case,mapped
658,7.5,```,src/q4/scenarios.py;src/q4/optimization.py,RescueTests.test_positive_radius_matches_two_point_hand_worst_case,mapped
660,7.5,该模糊集只改变已有联合轨迹的概率权重，不凭空生成新的价格—净负荷轨迹；极端联合轨迹由前述尾部保持机制负责保留。,src/q4/scenarios.py;src/q4/optimization.py,RescueTests.test_positive_radius_matches_two_point_hand_worst_case,mapped
662,7.5,### 7.5.1 Wasserstein 半径的因果标定,src/q4/scenarios.py;src/q4/optimization.py,RescueTests.test_positive_radius_matches_two_point_hand_worst_case,mapped
664,7.5,在第 `d` 日、节点 `k`，仅使用 `j<d` 的可用历史日进行按日 block bootstrap，得到,src/q4/scenarios.py;src/q4/optimization.py,RescueTests.test_positive_radius_matches_two_point_hand_worst_case,mapped
666,7.5,```math,src/q4/scenarios.py;src/q4/optimization.py,RescueTests.test_positive_radius_matches_two_point_hand_worst_case,mapped
667,7.5,"\widehat{\mathbb P}^{*(b)}_{d,k}.",src/q4/scenarios.py;src/q4/optimization.py,RescueTests.test_positive_radius_matches_two_point_hand_worst_case,mapped
668,7.5,```,src/q4/scenarios.py;src/q4/optimization.py,RescueTests.test_positive_radius_matches_two_point_hand_worst_case,mapped
670,7.5,取经验 Wasserstein 距离的 `95%` bootstrap 分位数作为半径：,src/q4/scenarios.py;src/q4/optimization.py,RescueTests.test_positive_radius_matches_two_point_hand_worst_case,mapped
672,7.5,```math,src/q4/scenarios.py;src/q4/optimization.py,RescueTests.test_positive_radius_matches_two_point_hand_worst_case,mapped
673,7.5,\boxed{,src/q4/scenarios.py;src/q4/optimization.py,RescueTests.test_positive_radius_matches_two_point_hand_worst_case,mapped
674,7.5,"\rho_{d,k}",src/q4/scenarios.py;src/q4/optimization.py,RescueTests.test_positive_radius_matches_two_point_hand_worst_case,mapped
675,7.5,=,src/q4/scenarios.py;src/q4/optimization.py,RescueTests.test_positive_radius_matches_two_point_hand_worst_case,mapped
676,7.5,Q_{0.95},src/q4/scenarios.py;src/q4/optimization.py,RescueTests.test_positive_radius_matches_two_point_hand_worst_case,mapped
677,7.5,\left[,src/q4/scenarios.py;src/q4/optimization.py,RescueTests.test_positive_radius_matches_two_point_hand_worst_case,mapped
678,7.5,W,src/q4/scenarios.py;src/q4/optimization.py,RescueTests.test_positive_radius_matches_two_point_hand_worst_case,mapped
679,7.5,\left(,src/q4/scenarios.py;src/q4/optimization.py,RescueTests.test_positive_radius_matches_two_point_hand_worst_case,mapped
680,7.5,"\widehat{\mathbb P}^{*(b)}_{d,k},",src/q4/scenarios.py;src/q4/optimization.py,RescueTests.test_positive_radius_matches_two_point_hand_worst_case,mapped
681,7.5,"\widehat{\mathbb P}_{d,k}",src/q4/scenarios.py;src/q4/optimization.py,RescueTests.test_positive_radius_matches_two_point_hand_worst_case,mapped
682,7.5,\right),src/q4/scenarios.py;src/q4/optimization.py,RescueTests.test_positive_radius_matches_two_point_hand_worst_case,mapped
683,7.5,\right],src/q4/scenarios.py;src/q4/optimization.py,RescueTests.test_positive_radius_matches_two_point_hand_worst_case,mapped
684,7.5,}.,src/q4/scenarios.py;src/q4/optimization.py,RescueTests.test_positive_radius_matches_two_point_hand_worst_case,mapped
685,7.5,```,src/q4/scenarios.py;src/q4/optimization.py,RescueTests.test_positive_radius_matches_two_point_hand_worst_case,mapped
687,7.5,该标定全过程只使用决策时刻之前的历史数据。,src/q4/scenarios.py;src/q4/optimization.py,RescueTests.test_positive_radius_matches_two_point_hand_worst_case,mapped
689,7.5,本次采用100次bootstrap，运输等式矩阵按场景数缓存；不执行额外半径扫描。,src/q4/scenarios.py;src/q4/optimization.py,RescueTests.test_positive_radius_matches_two_point_hand_worst_case,mapped
691,7.5,### 7.5.2 有限支持 DRO 对偶,src/q4/scenarios.py;src/q4/optimization.py,RescueTests.test_positive_radius_matches_two_point_hand_worst_case,mapped
693,7.5,设第 `j` 个联合场景下的运行成本为,src/q4/scenarios.py;src/q4/optimization.py,RescueTests.test_positive_radius_matches_two_point_hand_worst_case,mapped
695,7.5,```math,src/q4/scenarios.py;src/q4/optimization.py,RescueTests.test_positive_radius_matches_two_point_hand_worst_case,mapped
696,7.5,\Phi_j(x).,src/q4/scenarios.py;src/q4/optimization.py,RescueTests.test_positive_radius_matches_two_point_hand_worst_case,mapped
697,7.5,```,src/q4/scenarios.py;src/q4/optimization.py,RescueTests.test_positive_radius_matches_two_point_hand_worst_case,mapped
699,7.5,最坏分布期望,src/q4/scenarios.py;src/q4/optimization.py,RescueTests.test_positive_radius_matches_two_point_hand_worst_case,mapped
701,7.5,```math,src/q4/scenarios.py;src/q4/optimization.py,RescueTests.test_positive_radius_matches_two_point_hand_worst_case,mapped
702,7.5,\sup_{\mathbb P\in\mathcal P_\rho},src/q4/scenarios.py;src/q4/optimization.py,RescueTests.test_positive_radius_matches_two_point_hand_worst_case,mapped
703,7.5,\mathbb E_{\mathbb P},src/q4/scenarios.py;src/q4/optimization.py,RescueTests.test_positive_radius_matches_two_point_hand_worst_case,mapped
704,7.5,"[\Phi(x,\xi)]",src/q4/scenarios.py;src/q4/optimization.py,RescueTests.test_positive_radius_matches_two_point_hand_worst_case,mapped
705,7.5,```,src/q4/scenarios.py;src/q4/optimization.py,RescueTests.test_positive_radius_matches_two_point_hand_worst_case,mapped
707,7.5,可转化为,src/q4/scenarios.py;src/q4/optimization.py,RescueTests.test_positive_radius_matches_two_point_hand_worst_case,mapped
709,7.5,```math,src/q4/scenarios.py;src/q4/optimization.py,RescueTests.test_positive_radius_matches_two_point_hand_worst_case,mapped
710,7.5,\boxed{,src/q4/scenarios.py;src/q4/optimization.py,RescueTests.test_positive_radius_matches_two_point_hand_worst_case,mapped
711,7.5,"\min_{\lambda_W\ge0,\alpha_i}",src/q4/scenarios.py;src/q4/optimization.py,RescueTests.test_positive_radius_matches_two_point_hand_worst_case,mapped
712,7.5,\left\{,src/q4/scenarios.py;src/q4/optimization.py,RescueTests.test_positive_radius_matches_two_point_hand_worst_case,mapped
713,7.5,\lambda_W\rho,src/q4/scenarios.py;src/q4/optimization.py,RescueTests.test_positive_radius_matches_two_point_hand_worst_case,mapped
714,7.5,+,src/q4/scenarios.py;src/q4/optimization.py,RescueTests.test_positive_radius_matches_two_point_hand_worst_case,mapped
715,7.5,\sum_i,src/q4/scenarios.py;src/q4/optimization.py,RescueTests.test_positive_radius_matches_two_point_hand_worst_case,mapped
716,7.5,\widehat\pi_i\alpha_i,src/q4/scenarios.py;src/q4/optimization.py,RescueTests.test_positive_radius_matches_two_point_hand_worst_case,mapped
717,7.5,\right\},src/q4/scenarios.py;src/q4/optimization.py,RescueTests.test_positive_radius_matches_two_point_hand_worst_case,mapped
718,7.5,"},",src/q4/scenarios.py;src/q4/optimization.py,RescueTests.test_positive_radius_matches_two_point_hand_worst_case,mapped
719,7.5,```,src/q4/scenarios.py;src/q4/optimization.py,RescueTests.test_positive_radius_matches_two_point_hand_worst_case,mapped
721,7.5,并满足,src/q4/scenarios.py;src/q4/optimization.py,RescueTests.test_positive_radius_matches_two_point_hand_worst_case,mapped
723,7.5,```math,src/q4/scenarios.py;src/q4/optimization.py,RescueTests.test_positive_radius_matches_two_point_hand_worst_case,mapped
724,7.5,\alpha_i,src/q4/scenarios.py;src/q4/optimization.py,RescueTests.test_positive_radius_matches_two_point_hand_worst_case,mapped
725,7.5,\ge,src/q4/scenarios.py;src/q4/optimization.py,RescueTests.test_positive_radius_matches_two_point_hand_worst_case,mapped
726,7.5,\Phi_j(x),src/q4/scenarios.py;src/q4/optimization.py,RescueTests.test_positive_radius_matches_two_point_hand_worst_case,mapped
727,7.5,-,src/q4/scenarios.py;src/q4/optimization.py,RescueTests.test_positive_radius_matches_two_point_hand_worst_case,mapped
728,7.5,"\lambda_Wd_{ij},",src/q4/scenarios.py;src/q4/optimization.py,RescueTests.test_positive_radius_matches_two_point_hand_worst_case,mapped
729,7.5,\qquad,src/q4/scenarios.py;src/q4/optimization.py,RescueTests.test_positive_radius_matches_two_point_hand_worst_case,mapped
730,7.5,"\forall i,j.",src/q4/scenarios.py;src/q4/optimization.py,RescueTests.test_positive_radius_matches_two_point_hand_worst_case,mapped
731,7.5,```,src/q4/scenarios.py;src/q4/optimization.py,RescueTests.test_positive_radius_matches_two_point_hand_worst_case,mapped
733,7.5,由此得到连续LP。实现额外引入场景成本上图变量phi_j，再添加S²个对偶耦合约束，直接一次求解；不使用constraint generation。目标另含7.6.2的微小吞吐量退化消除项。,src/q4/scenarios.py;src/q4/optimization.py,RescueTests.test_positive_radius_matches_two_point_hand_worst_case,mapped
735,7.5,---,src/q4/scenarios.py;src/q4/optimization.py,RescueTests.test_positive_radius_matches_two_point_hand_worst_case,mapped
737,7.6,## 7.6 问题 4-2：波动电价下的日前联合鲁棒调度,src/q4/physics.py;src/q4/optimization.py;src/q4/rolling.py,Q4Tests.test_physical_call_separation; real Q4-2 smoke,mapped
739,7.6,### 7.6.1 单时段经济机理,src/q4/physics.py;src/q4/optimization.py;src/q4/rolling.py,Q4Tests.test_physical_call_separation; real Q4-2 smoke,mapped
741,7.6,先忽略储能，仅考虑一个时段。设随机净需求为 `N`，随机实时电价为 `P`，计划购电量为 `q`，不足部分按 `5P` 紧急购电，则,src/q4/physics.py;src/q4/optimization.py;src/q4/rolling.py,Q4Tests.test_physical_call_separation; real Q4-2 smoke,mapped
743,7.6,```math,src/q4/physics.py;src/q4/optimization.py;src/q4/rolling.py,Q4Tests.test_physical_call_separation; real Q4-2 smoke,mapped
744,7.6,\min_q,src/q4/physics.py;src/q4/optimization.py;src/q4/rolling.py,Q4Tests.test_physical_call_separation; real Q4-2 smoke,mapped
745,7.6,\mathbb E,src/q4/physics.py;src/q4/optimization.py;src/q4/rolling.py,Q4Tests.test_physical_call_separation; real Q4-2 smoke,mapped
746,7.6,\left[,src/q4/physics.py;src/q4/optimization.py;src/q4/rolling.py,Q4Tests.test_physical_call_separation; real Q4-2 smoke,mapped
747,7.6,Pq,src/q4/physics.py;src/q4/optimization.py;src/q4/rolling.py,Q4Tests.test_physical_call_separation; real Q4-2 smoke,mapped
748,7.6,+,src/q4/physics.py;src/q4/optimization.py;src/q4/rolling.py,Q4Tests.test_physical_call_separation; real Q4-2 smoke,mapped
749,7.6,5P(N-q)_+,src/q4/physics.py;src/q4/optimization.py;src/q4/rolling.py,Q4Tests.test_physical_call_separation; real Q4-2 smoke,mapped
750,7.6,\right].,src/q4/physics.py;src/q4/optimization.py;src/q4/rolling.py,Q4Tests.test_physical_call_separation; real Q4-2 smoke,mapped
751,7.6,```,src/q4/physics.py;src/q4/optimization.py;src/q4/rolling.py,Q4Tests.test_physical_call_separation; real Q4-2 smoke,mapped
753,7.6,一阶条件为,src/q4/physics.py;src/q4/optimization.py;src/q4/rolling.py,Q4Tests.test_physical_call_separation; real Q4-2 smoke,mapped
755,7.6,```math,src/q4/physics.py;src/q4/optimization.py;src/q4/rolling.py,Q4Tests.test_physical_call_separation; real Q4-2 smoke,mapped
756,7.6,\mathbb E[P],src/q4/physics.py;src/q4/optimization.py;src/q4/rolling.py,Q4Tests.test_physical_call_separation; real Q4-2 smoke,mapped
757,7.6,=,src/q4/physics.py;src/q4/optimization.py;src/q4/rolling.py,Q4Tests.test_physical_call_separation; real Q4-2 smoke,mapped
758,7.6,5\mathbb E,src/q4/physics.py;src/q4/optimization.py;src/q4/rolling.py,Q4Tests.test_physical_call_separation; real Q4-2 smoke,mapped
759,7.6,\left[,src/q4/physics.py;src/q4/optimization.py;src/q4/rolling.py,Q4Tests.test_physical_call_separation; real Q4-2 smoke,mapped
760,7.6,P\mathbf 1_{\{N>q\}},src/q4/physics.py;src/q4/optimization.py;src/q4/rolling.py,Q4Tests.test_physical_call_separation; real Q4-2 smoke,mapped
761,7.6,"\right],",src/q4/physics.py;src/q4/optimization.py;src/q4/rolling.py,Q4Tests.test_physical_call_separation; real Q4-2 smoke,mapped
762,7.6,```,src/q4/physics.py;src/q4/optimization.py;src/q4/rolling.py,Q4Tests.test_physical_call_separation; real Q4-2 smoke,mapped
764,7.6,即,src/q4/physics.py;src/q4/optimization.py;src/q4/rolling.py,Q4Tests.test_physical_call_separation; real Q4-2 smoke,mapped
766,7.6,```math,src/q4/physics.py;src/q4/optimization.py;src/q4/rolling.py,Q4Tests.test_physical_call_separation; real Q4-2 smoke,mapped
767,7.6,\boxed{,src/q4/physics.py;src/q4/optimization.py;src/q4/rolling.py,Q4Tests.test_physical_call_separation; real Q4-2 smoke,mapped
768,7.6,\frac{,src/q4/physics.py;src/q4/optimization.py;src/q4/rolling.py,Q4Tests.test_physical_call_separation; real Q4-2 smoke,mapped
769,7.6,\mathbb E,src/q4/physics.py;src/q4/optimization.py;src/q4/rolling.py,Q4Tests.test_physical_call_separation; real Q4-2 smoke,mapped
770,7.6,\left[,src/q4/physics.py;src/q4/optimization.py;src/q4/rolling.py,Q4Tests.test_physical_call_separation; real Q4-2 smoke,mapped
771,7.6,P\mathbf 1_{\{N\le q\}},src/q4/physics.py;src/q4/optimization.py;src/q4/rolling.py,Q4Tests.test_physical_call_separation; real Q4-2 smoke,mapped
772,7.6,\right],src/q4/physics.py;src/q4/optimization.py;src/q4/rolling.py,Q4Tests.test_physical_call_separation; real Q4-2 smoke,mapped
773,7.6,}{,src/q4/physics.py;src/q4/optimization.py;src/q4/rolling.py,Q4Tests.test_physical_call_separation; real Q4-2 smoke,mapped
774,7.6,\mathbb E[P],src/q4/physics.py;src/q4/optimization.py;src/q4/rolling.py,Q4Tests.test_physical_call_separation; real Q4-2 smoke,mapped
775,7.6,},src/q4/physics.py;src/q4/optimization.py;src/q4/rolling.py,Q4Tests.test_physical_call_separation; real Q4-2 smoke,mapped
776,7.6,=,src/q4/physics.py;src/q4/optimization.py;src/q4/rolling.py,Q4Tests.test_physical_call_separation; real Q4-2 smoke,mapped
777,7.6,0.8,src/q4/physics.py;src/q4/optimization.py;src/q4/rolling.py,Q4Tests.test_physical_call_separation; real Q4-2 smoke,mapped
778,7.6,}.,src/q4/physics.py;src/q4/optimization.py;src/q4/rolling.py,Q4Tests.test_physical_call_separation; real Q4-2 smoke,mapped
779,7.6,```,src/q4/physics.py;src/q4/optimization.py;src/q4/rolling.py,Q4Tests.test_physical_call_separation; real Q4-2 smoke,mapped
781,7.6,固定价格时退化为普通 `80%` 分位数；波动价格下则对应价格加权的 `80%` 分位数。因此，高净负荷与高价格同步出现会提高缺电状态的边际损失，这从理论上说明了联合场景建模的必要性。,src/q4/physics.py;src/q4/optimization.py;src/q4/rolling.py,Q4Tests.test_physical_call_separation; real Q4-2 smoke,mapped
783,7.6,### 7.6.2 计划结算量、节点储能计划和即时物理平衡,src/q4/physics.py;src/q4/optimization.py;src/q4/rolling.py,Q4Tests.test_physical_call_separation; real Q4-2 smoke,mapped
785,7.6,"当前节点统一确定所有未来时段的 `g_t,c_t,r_t,E_t`，这些变量不带场景下标。当前执行块中的充放电量不能随未来场景改变。只允许计划调用 `x_{jt}`、紧急购电 `h_{jt}` 和弃电 `w_{jt}` 随当前净负荷即时平衡。",src/q4/physics.py;src/q4/optimization.py;src/q4/rolling.py,Q4Tests.test_physical_call_separation; real Q4-2 smoke,mapped
787,7.6,```math,src/q4/physics.py;src/q4/optimization.py;src/q4/rolling.py,Q4Tests.test_physical_call_separation; real Q4-2 smoke,mapped
788,7.6,"0\le g_t\le \max(0,\max_j n_{jt})+CAP,\qquad 0\le c_t,r_t,\quad c_t+r_t\le CAP,",src/q4/physics.py;src/q4/optimization.py;src/q4/rolling.py,Q4Tests.test_physical_call_separation; real Q4-2 smoke,mapped
789,7.6,```,src/q4/physics.py;src/q4/optimization.py;src/q4/rolling.py,Q4Tests.test_physical_call_separation; real Q4-2 smoke,mapped
791,7.6,```math,src/q4/physics.py;src/q4/optimization.py;src/q4/rolling.py,Q4Tests.test_physical_call_separation; real Q4-2 smoke,mapped
792,7.6,"E_t=E_{t-1}+0.9c_t-r_t/0.9,\qquad 1200\le E_t\le10800,",src/q4/physics.py;src/q4/optimization.py;src/q4/rolling.py,Q4Tests.test_physical_call_separation; real Q4-2 smoke,mapped
793,7.6,```,src/q4/physics.py;src/q4/optimization.py;src/q4/rolling.py,Q4Tests.test_physical_call_separation; real Q4-2 smoke,mapped
795,7.6,```math,src/q4/physics.py;src/q4/optimization.py;src/q4/rolling.py,Q4Tests.test_physical_call_separation; real Q4-2 smoke,mapped
796,7.6,"0\le x_{jt}\le g_t,\qquad h_{jt},w_{jt}\ge0,",src/q4/physics.py;src/q4/optimization.py;src/q4/rolling.py,Q4Tests.test_physical_call_separation; real Q4-2 smoke,mapped
797,7.6,```,src/q4/physics.py;src/q4/optimization.py;src/q4/rolling.py,Q4Tests.test_physical_call_separation; real Q4-2 smoke,mapped
799,7.6,```math,src/q4/physics.py;src/q4/optimization.py;src/q4/rolling.py,Q4Tests.test_physical_call_separation; real Q4-2 smoke,mapped
800,7.6,"x_{jt}+r_t+h_{jt}=n_{jt}+c_t+w_{jt},\qquad u_{jt}=g_t-x_{jt}\ge0.",src/q4/physics.py;src/q4/optimization.py;src/q4/rolling.py,Q4Tests.test_physical_call_separation; real Q4-2 smoke,mapped
801,7.6,```,src/q4/physics.py;src/q4/optimization.py;src/q4/rolling.py,Q4Tests.test_physical_call_separation; real Q4-2 smoke,mapped
803,7.6,其中 `CAP=5000/6` kWh，全部变量连续。结算按 `g_t` 付费，未调用额度 `u_{jt}` 不等于物理弃电。实际回放不取任意退化LP调用量，而按以下仅用当前值的规则确定：,src/q4/physics.py;src/q4/optimization.py;src/q4/rolling.py,Q4Tests.test_physical_call_separation; real Q4-2 smoke,mapped
805,7.6,```math,src/q4/physics.py;src/q4/optimization.py;src/q4/rolling.py,Q4Tests.test_physical_call_separation; real Q4-2 smoke,mapped
806,7.6,"b_t=n_t+c_t-r_t,\quad x_t=\min(g_t,[b_t]_+),\quad",src/q4/physics.py;src/q4/optimization.py;src/q4/rolling.py,Q4Tests.test_physical_call_separation; real Q4-2 smoke,mapped
807,7.6,"h_t=[b_t-x_t]_+,\quad w_t=[x_t-b_t]_+.",src/q4/physics.py;src/q4/optimization.py;src/q4/rolling.py,Q4Tests.test_physical_call_separation; real Q4-2 smoke,mapped
808,7.6,```,src/q4/physics.py;src/q4/optimization.py;src/q4/rolling.py,Q4Tests.test_physical_call_separation; real Q4-2 smoke,mapped
810,7.6,这是无需优化未来信息的即时平衡规则。上述正部运算仅用于回放，优化模型使用前述线性不等式。,src/q4/physics.py;src/q4/optimization.py;src/q4/rolling.py,Q4Tests.test_physical_call_separation; real Q4-2 smoke,mapped
812,7.6,"为消除同时充放电退化，目标增加 `10^{-7}\sum_t(c_t+r_t)`。若数值解仍有重叠，令 `δ=min(c,r/(0.9²))`，变换为 `c'=c-δ,r'=r-0.9²δ`；SOC不变，净需求减少，所有非负价格场景成本不增加。审计记录移除量，并重新验证回放费用与LP原对偶最优值的一致性。这一消除不引入整数变量。",src/q4/physics.py;src/q4/optimization.py;src/q4/rolling.py,Q4Tests.test_physical_call_separation; real Q4-2 smoke,mapped
814,7.6,Jan1至Jan31储能不运行、SOC保持6000 kWh，Feb1正式计算从6000开始；之后SOC在日与节点间连续传递，不额外要求每日首尾SOC相同。,src/q4/physics.py;src/q4/optimization.py;src/q4/rolling.py,Q4Tests.test_physical_call_separation; real Q4-2 smoke,mapped
816,7.6,### 7.6.3 向下一日延伸的 continuation horizon,src/q4/physics.py;src/q4/optimization.py;src/q4/rolling.py,Q4Tests.test_physical_call_separation; real Q4-2 smoke,mapped
818,7.6,"问题 4-2 每天仅在 `0:00` 制定一次正式计划。若优化时域只截止当天 `24:00`，模型可能由于忽略日末储电量的后续价值而非理性放空电池。为此，将优化窗口从当前 `0:00` 向后延伸 `48\,\mathrm h`：当前日 `24\,\mathrm h` 为正式决策区间，下一日 `24\,\mathrm h` 仅用于 continuation 价值评估。",src/q4/physics.py;src/q4/optimization.py;src/q4/rolling.py,Q4Tests.test_physical_call_separation; real Q4-2 smoke,mapped
820,7.6,记,src/q4/physics.py;src/q4/optimization.py;src/q4/rolling.py,Q4Tests.test_physical_call_separation; real Q4-2 smoke,mapped
822,7.6,```math,src/q4/physics.py;src/q4/optimization.py;src/q4/rolling.py,Q4Tests.test_physical_call_separation; real Q4-2 smoke,mapped
823,7.6,\mathcal H_d^{\rm cur},src/q4/physics.py;src/q4/optimization.py;src/q4/rolling.py,Q4Tests.test_physical_call_separation; real Q4-2 smoke,mapped
824,7.6,```,src/q4/physics.py;src/q4/optimization.py;src/q4/rolling.py,Q4Tests.test_physical_call_separation; real Q4-2 smoke,mapped
826,7.6,为当前日 144 个时段，,src/q4/physics.py;src/q4/optimization.py;src/q4/rolling.py,Q4Tests.test_physical_call_separation; real Q4-2 smoke,mapped
828,7.6,```math,src/q4/physics.py;src/q4/optimization.py;src/q4/rolling.py,Q4Tests.test_physical_call_separation; real Q4-2 smoke,mapped
829,7.6,\mathcal H_d^{\rm cont},src/q4/physics.py;src/q4/optimization.py;src/q4/rolling.py,Q4Tests.test_physical_call_separation; real Q4-2 smoke,mapped
830,7.6,```,src/q4/physics.py;src/q4/optimization.py;src/q4/rolling.py,Q4Tests.test_physical_call_separation; real Q4-2 smoke,mapped
832,7.6,为紧接其后的下一日 144 个时段。则：,src/q4/physics.py;src/q4/optimization.py;src/q4/rolling.py,Q4Tests.test_physical_call_separation; real Q4-2 smoke,mapped
834,7.6,"- `\mathcal H_d^{\rm cur}` 中的 `g^{\rm plan}_{d,t}`、储能充放电计划及其执行结果为正式决策；",src/q4/physics.py;src/q4/optimization.py;src/q4/rolling.py,Q4Tests.test_physical_call_separation; real Q4-2 smoke,mapped
835,7.6,"- `\mathcal H_d^{\rm cont}` 中引入临时购电量 `g^{\rm cont}_{d,t}` 和对应临时储能计划变量，仅用于衡量当前日末储电状态的未来经济价值；",src/q4/physics.py;src/q4/optimization.py;src/q4/rolling.py,Q4Tests.test_physical_call_separation; real Q4-2 smoke,mapped
836,7.6,- continuation 区间使用当时可获得的递推负荷/光伏预测、价格预测及联合残差场景；,src/q4/physics.py;src/q4/optimization.py;src/q4/rolling.py,Q4Tests.test_physical_call_separation; real Q4-2 smoke,mapped
837,7.6,- 下一日真正到达 `0:00` 后，重新基于最新信息求解，前一日产生的 continuation 决策不直接执行，也不写入最终结果文件。,src/q4/physics.py;src/q4/optimization.py;src/q4/rolling.py,Q4Tests.test_physical_call_separation; real Q4-2 smoke,mapped
839,7.6,因此，跨日延伸不是人为规定终端储电量，而是通过下一日预测运行成本内生评估,src/q4/physics.py;src/q4/optimization.py;src/q4/rolling.py,Q4Tests.test_physical_call_separation; real Q4-2 smoke,mapped
841,7.6,```math,src/q4/physics.py;src/q4/optimization.py;src/q4/rolling.py,Q4Tests.test_physical_call_separation; real Q4-2 smoke,mapped
842,7.6,"E_{d,144}",src/q4/physics.py;src/q4/optimization.py;src/q4/rolling.py,Q4Tests.test_physical_call_separation; real Q4-2 smoke,mapped
843,7.6,```,src/q4/physics.py;src/q4/optimization.py;src/q4/rolling.py,Q4Tests.test_physical_call_separation; real Q4-2 smoke,mapped
845,7.6,的延续价值。,src/q4/physics.py;src/q4/optimization.py;src/q4/rolling.py,Q4Tests.test_physical_call_separation; real Q4-2 smoke,mapped
847,7.6,### 7.6.4 完整 continuation 成本与鲁棒目标,src/q4/physics.py;src/q4/optimization.py;src/q4/rolling.py,Q4Tests.test_physical_call_separation; real Q4-2 smoke,mapped
849,7.6,场景 `j` 下，当前日正式决策的成本为,src/q4/physics.py;src/q4/optimization.py;src/q4/rolling.py,Q4Tests.test_physical_call_separation; real Q4-2 smoke,mapped
851,7.6,```math,src/q4/physics.py;src/q4/optimization.py;src/q4/rolling.py,Q4Tests.test_physical_call_separation; real Q4-2 smoke,mapped
852,7.6,\boxed{,src/q4/physics.py;src/q4/optimization.py;src/q4/rolling.py,Q4Tests.test_physical_call_separation; real Q4-2 smoke,mapped
853,7.6,"\Phi_{d,j}^{\rm cur}",src/q4/physics.py;src/q4/optimization.py;src/q4/rolling.py,Q4Tests.test_physical_call_separation; real Q4-2 smoke,mapped
854,7.6,=,src/q4/physics.py;src/q4/optimization.py;src/q4/rolling.py,Q4Tests.test_physical_call_separation; real Q4-2 smoke,mapped
855,7.6,\sum_{t\in\mathcal H_d^{\rm cur}},src/q4/physics.py;src/q4/optimization.py;src/q4/rolling.py,Q4Tests.test_physical_call_separation; real Q4-2 smoke,mapped
856,7.6,"p_{d,t,j}",src/q4/physics.py;src/q4/optimization.py;src/q4/rolling.py,Q4Tests.test_physical_call_separation; real Q4-2 smoke,mapped
857,7.6,\left(,src/q4/physics.py;src/q4/optimization.py;src/q4/rolling.py,Q4Tests.test_physical_call_separation; real Q4-2 smoke,mapped
858,7.6,"g^{\rm plan}_{d,t}",src/q4/physics.py;src/q4/optimization.py;src/q4/rolling.py,Q4Tests.test_physical_call_separation; real Q4-2 smoke,mapped
859,7.6,+,src/q4/physics.py;src/q4/optimization.py;src/q4/rolling.py,Q4Tests.test_physical_call_separation; real Q4-2 smoke,mapped
860,7.6,"5h_{d,t,j}",src/q4/physics.py;src/q4/optimization.py;src/q4/rolling.py,Q4Tests.test_physical_call_separation; real Q4-2 smoke,mapped
861,7.6,\right),src/q4/physics.py;src/q4/optimization.py;src/q4/rolling.py,Q4Tests.test_physical_call_separation; real Q4-2 smoke,mapped
862,7.6,}.,src/q4/physics.py;src/q4/optimization.py;src/q4/rolling.py,Q4Tests.test_physical_call_separation; real Q4-2 smoke,mapped
863,7.6,```,src/q4/physics.py;src/q4/optimization.py;src/q4/rolling.py,Q4Tests.test_physical_call_separation; real Q4-2 smoke,mapped
865,7.6,"注意其中正常购电费用始终按计划结算量 `g^{\rm plan}_{d,t}` 计算，而非按实际调用量 `x_{d,t,j}` 计算。",src/q4/physics.py;src/q4/optimization.py;src/q4/rolling.py,Q4Tests.test_physical_call_separation; real Q4-2 smoke,mapped
867,7.6,下一日 continuation 区间的预测运行成本明确写为,src/q4/physics.py;src/q4/optimization.py;src/q4/rolling.py,Q4Tests.test_physical_call_separation; real Q4-2 smoke,mapped
869,7.6,```math,src/q4/physics.py;src/q4/optimization.py;src/q4/rolling.py,Q4Tests.test_physical_call_separation; real Q4-2 smoke,mapped
870,7.6,\boxed{,src/q4/physics.py;src/q4/optimization.py;src/q4/rolling.py,Q4Tests.test_physical_call_separation; real Q4-2 smoke,mapped
871,7.6,"\Phi_{d,j}^{\rm cont}",src/q4/physics.py;src/q4/optimization.py;src/q4/rolling.py,Q4Tests.test_physical_call_separation; real Q4-2 smoke,mapped
872,7.6,=,src/q4/physics.py;src/q4/optimization.py;src/q4/rolling.py,Q4Tests.test_physical_call_separation; real Q4-2 smoke,mapped
873,7.6,\sum_{t\in\mathcal H_d^{\rm cont}},src/q4/physics.py;src/q4/optimization.py;src/q4/rolling.py,Q4Tests.test_physical_call_separation; real Q4-2 smoke,mapped
874,7.6,"p_{d,t,j}",src/q4/physics.py;src/q4/optimization.py;src/q4/rolling.py,Q4Tests.test_physical_call_separation; real Q4-2 smoke,mapped
875,7.6,\left(,src/q4/physics.py;src/q4/optimization.py;src/q4/rolling.py,Q4Tests.test_physical_call_separation; real Q4-2 smoke,mapped
876,7.6,"g^{\rm cont}_{d,t}",src/q4/physics.py;src/q4/optimization.py;src/q4/rolling.py,Q4Tests.test_physical_call_separation; real Q4-2 smoke,mapped
877,7.6,+,src/q4/physics.py;src/q4/optimization.py;src/q4/rolling.py,Q4Tests.test_physical_call_separation; real Q4-2 smoke,mapped
878,7.6,"5h^{\rm cont}_{d,t,j}",src/q4/physics.py;src/q4/optimization.py;src/q4/rolling.py,Q4Tests.test_physical_call_separation; real Q4-2 smoke,mapped
879,7.6,\right),src/q4/physics.py;src/q4/optimization.py;src/q4/rolling.py,Q4Tests.test_physical_call_separation; real Q4-2 smoke,mapped
880,7.6,}.,src/q4/physics.py;src/q4/optimization.py;src/q4/rolling.py,Q4Tests.test_physical_call_separation; real Q4-2 smoke,mapped
881,7.6,```,src/q4/physics.py;src/q4/optimization.py;src/q4/rolling.py,Q4Tests.test_physical_call_separation; real Q4-2 smoke,mapped
883,7.6,"其中 `g^{\rm cont}_{d,t}` 及对应的",src/q4/physics.py;src/q4/optimization.py;src/q4/rolling.py,Q4Tests.test_physical_call_separation; real Q4-2 smoke,mapped
884,7.6,"`x^{\rm cont}_{d,t,j},c^{\rm cont}_{d,t,j},r^{\rm cont}_{d,t,j},",src/q4/physics.py;src/q4/optimization.py;src/q4/rolling.py,Q4Tests.test_physical_call_separation; real Q4-2 smoke,mapped
885,7.6,"h^{\rm cont}_{d,t,j},w^{\rm cont}_{d,t,j}`",src/q4/physics.py;src/q4/optimization.py;src/q4/rolling.py,Q4Tests.test_physical_call_separation; real Q4-2 smoke,mapped
886,7.6,满足与当前日相同的能量平衡、储能状态转移及节点共同储能计划约束，但均属于 provisional decision。,src/q4/physics.py;src/q4/optimization.py;src/q4/rolling.py,Q4Tests.test_physical_call_separation; real Q4-2 smoke,mapped
888,7.6,完整 48 h 场景成本为,src/q4/physics.py;src/q4/optimization.py;src/q4/rolling.py,Q4Tests.test_physical_call_separation; real Q4-2 smoke,mapped
890,7.6,```math,src/q4/physics.py;src/q4/optimization.py;src/q4/rolling.py,Q4Tests.test_physical_call_separation; real Q4-2 smoke,mapped
891,7.6,\boxed{,src/q4/physics.py;src/q4/optimization.py;src/q4/rolling.py,Q4Tests.test_physical_call_separation; real Q4-2 smoke,mapped
892,7.6,"\Phi_{d,j}^{(4-2)}",src/q4/physics.py;src/q4/optimization.py;src/q4/rolling.py,Q4Tests.test_physical_call_separation; real Q4-2 smoke,mapped
893,7.6,=,src/q4/physics.py;src/q4/optimization.py;src/q4/rolling.py,Q4Tests.test_physical_call_separation; real Q4-2 smoke,mapped
894,7.6,"\Phi_{d,j}^{\rm cur}",src/q4/physics.py;src/q4/optimization.py;src/q4/rolling.py,Q4Tests.test_physical_call_separation; real Q4-2 smoke,mapped
895,7.6,+,src/q4/physics.py;src/q4/optimization.py;src/q4/rolling.py,Q4Tests.test_physical_call_separation; real Q4-2 smoke,mapped
896,7.6,"\Phi_{d,j}^{\rm cont}",src/q4/physics.py;src/q4/optimization.py;src/q4/rolling.py,Q4Tests.test_physical_call_separation; real Q4-2 smoke,mapped
897,7.6,}.,src/q4/physics.py;src/q4/optimization.py;src/q4/rolling.py,Q4Tests.test_physical_call_separation; real Q4-2 smoke,mapped
898,7.6,```,src/q4/physics.py;src/q4/optimization.py;src/q4/rolling.py,Q4Tests.test_physical_call_separation; real Q4-2 smoke,mapped
900,7.6,因此问题 4-2 求解,src/q4/physics.py;src/q4/optimization.py;src/q4/rolling.py,Q4Tests.test_physical_call_separation; real Q4-2 smoke,mapped
902,7.6,```math,src/q4/physics.py;src/q4/optimization.py;src/q4/rolling.py,Q4Tests.test_physical_call_separation; real Q4-2 smoke,mapped
903,7.6,\boxed{,src/q4/physics.py;src/q4/optimization.py;src/q4/rolling.py,Q4Tests.test_physical_call_separation; real Q4-2 smoke,mapped
904,7.6,\min_{\Theta_d},src/q4/physics.py;src/q4/optimization.py;src/q4/rolling.py,Q4Tests.test_physical_call_separation; real Q4-2 smoke,mapped
905,7.6,"\sup_{\mathbb P\in\mathcal P_{\rho_{d,0}}}",src/q4/physics.py;src/q4/optimization.py;src/q4/rolling.py,Q4Tests.test_physical_call_separation; real Q4-2 smoke,mapped
906,7.6,\mathbb E_{\mathbb P},src/q4/physics.py;src/q4/optimization.py;src/q4/rolling.py,Q4Tests.test_physical_call_separation; real Q4-2 smoke,mapped
907,7.6,\left[,src/q4/physics.py;src/q4/optimization.py;src/q4/rolling.py,Q4Tests.test_physical_call_separation; real Q4-2 smoke,mapped
908,7.6,"\Phi_d^{(4-2)}(\Theta_d,\xi)",src/q4/physics.py;src/q4/optimization.py;src/q4/rolling.py,Q4Tests.test_physical_call_separation; real Q4-2 smoke,mapped
909,7.6,\right],src/q4/physics.py;src/q4/optimization.py;src/q4/rolling.py,Q4Tests.test_physical_call_separation; real Q4-2 smoke,mapped
910,7.6,}.,src/q4/physics.py;src/q4/optimization.py;src/q4/rolling.py,Q4Tests.test_physical_call_separation; real Q4-2 smoke,mapped
911,7.6,```,src/q4/physics.py;src/q4/optimization.py;src/q4/rolling.py,Q4Tests.test_physical_call_separation; real Q4-2 smoke,mapped
913,7.6,其中 `\Theta_d` 表示当前日正式决策及 continuation 临时决策的集合。求解完成后，只提交和执行 `\mathcal H_d^{\rm cur}` 中的正式计划；`\mathcal H_d^{\rm cont}` 仅用于消除日末边界效应。,src/q4/physics.py;src/q4/optimization.py;src/q4/rolling.py,Q4Tests.test_physical_call_separation; real Q4-2 smoke,mapped
916,7.6,---,src/q4/physics.py;src/q4/optimization.py;src/q4/rolling.py,Q4Tests.test_physical_call_separation; real Q4-2 smoke,mapped
918,7.7,## 7.7 问题 4-3：价格—源荷联合不确定性下的四时点鲁棒滚动优化,src/q4/scenarios.py;src/q4/physics.py;src/q4/optimization.py;src/q4/rolling.py,Q4Tests.test_prefix_uses_realized_slots_only; real Q4-3 smoke,mapped
920,7.7,### 7.7.1 四时点信息结构,src/q4/scenarios.py;src/q4/physics.py;src/q4/optimization.py;src/q4/rolling.py,Q4Tests.test_prefix_uses_realized_slots_only; real Q4-3 smoke,mapped
922,7.7,问题 4-3 在每天,src/q4/scenarios.py;src/q4/physics.py;src/q4/optimization.py;src/q4/rolling.py,Q4Tests.test_prefix_uses_realized_slots_only; real Q4-3 smoke,mapped
924,7.7,```math,src/q4/scenarios.py;src/q4/physics.py;src/q4/optimization.py;src/q4/rolling.py,Q4Tests.test_prefix_uses_realized_slots_only; real Q4-3 smoke,mapped
925,7.7,"k\in\{0,6,12,18\}",src/q4/scenarios.py;src/q4/physics.py;src/q4/optimization.py;src/q4/rolling.py,Q4Tests.test_prefix_uses_realized_slots_only; real Q4-3 smoke,mapped
926,7.7,```,src/q4/scenarios.py;src/q4/physics.py;src/q4/optimization.py;src/q4/rolling.py,Q4Tests.test_prefix_uses_realized_slots_only; real Q4-3 smoke,mapped
928,7.7,四个节点重新优化。,src/q4/scenarios.py;src/q4/physics.py;src/q4/optimization.py;src/q4/rolling.py,Q4Tests.test_prefix_uses_realized_slots_only; real Q4-3 smoke,mapped
930,7.7,`0:00` 根据,src/q4/scenarios.py;src/q4/physics.py;src/q4/optimization.py;src/q4/rolling.py,Q4Tests.test_prefix_uses_realized_slots_only; real Q4-3 smoke,mapped
932,7.7,```math,src/q4/scenarios.py;src/q4/physics.py;src/q4/optimization.py;src/q4/rolling.py,Q4Tests.test_prefix_uses_realized_slots_only; real Q4-3 smoke,mapped
933,7.7,"\mathcal I_{d,0}",src/q4/scenarios.py;src/q4/physics.py;src/q4/optimization.py;src/q4/rolling.py,Q4Tests.test_prefix_uses_realized_slots_only; real Q4-3 smoke,mapped
934,7.7,```,src/q4/scenarios.py;src/q4/physics.py;src/q4/optimization.py;src/q4/rolling.py,Q4Tests.test_prefix_uses_realized_slots_only; real Q4-3 smoke,mapped
936,7.7,制定当天基准购电计划,src/q4/scenarios.py;src/q4/physics.py;src/q4/optimization.py;src/q4/rolling.py,Q4Tests.test_prefix_uses_realized_slots_only; real Q4-3 smoke,mapped
938,7.7,```math,src/q4/scenarios.py;src/q4/physics.py;src/q4/optimization.py;src/q4/rolling.py,Q4Tests.test_prefix_uses_realized_slots_only; real Q4-3 smoke,mapped
939,7.7,"g^0_{d,t}.",src/q4/scenarios.py;src/q4/physics.py;src/q4/optimization.py;src/q4/rolling.py,Q4Tests.test_prefix_uses_realized_slots_only; real Q4-3 smoke,mapped
940,7.7,```,src/q4/scenarios.py;src/q4/physics.py;src/q4/optimization.py;src/q4/rolling.py,Q4Tests.test_prefix_uses_realized_slots_only; real Q4-3 smoke,mapped
942,7.7,到达 `6:00`、`12:00` 或 `18:00` 后，仅允许使用：,src/q4/scenarios.py;src/q4/physics.py;src/q4/optimization.py;src/q4/rolling.py,Q4Tests.test_prefix_uses_realized_slots_only; real Q4-3 smoke,mapped
944,7.7,```math,src/q4/scenarios.py;src/q4/physics.py;src/q4/optimization.py;src/q4/rolling.py,Q4Tests.test_prefix_uses_realized_slots_only; real Q4-3 smoke,mapped
945,7.7,\boxed{,src/q4/scenarios.py;src/q4/physics.py;src/q4/optimization.py;src/q4/rolling.py,Q4Tests.test_prefix_uses_realized_slots_only; real Q4-3 smoke,mapped
946,7.7,\text{截至当前已实现的价格、负荷、光伏和储电量},src/q4/scenarios.py;src/q4/physics.py;src/q4/optimization.py;src/q4/rolling.py,Q4Tests.test_prefix_uses_realized_slots_only; real Q4-3 smoke,mapped
947,7.7,+,src/q4/scenarios.py;src/q4/physics.py;src/q4/optimization.py;src/q4/rolling.py,Q4Tests.test_prefix_uses_realized_slots_only; real Q4-3 smoke,mapped
948,7.7,\text{当前节点最新光伏预报},src/q4/scenarios.py;src/q4/physics.py;src/q4/optimization.py;src/q4/rolling.py,Q4Tests.test_prefix_uses_realized_slots_only; real Q4-3 smoke,mapped
949,7.7,},src/q4/scenarios.py;src/q4/physics.py;src/q4/optimization.py;src/q4/rolling.py,Q4Tests.test_prefix_uses_realized_slots_only; real Q4-3 smoke,mapped
950,7.7,```,src/q4/scenarios.py;src/q4/physics.py;src/q4/optimization.py;src/q4/rolling.py,Q4Tests.test_prefix_uses_realized_slots_only; real Q4-3 smoke,mapped
952,7.7,更新尚未执行部分。已执行购电与储能动作永久冻结，过去决策不得修改。,src/q4/scenarios.py;src/q4/physics.py;src/q4/optimization.py;src/q4/rolling.py,Q4Tests.test_prefix_uses_realized_slots_only; real Q4-3 smoke,mapped
954,7.7,### 7.7.2 前缀状态与未来误差必须分离,src/q4/scenarios.py;src/q4/physics.py;src/q4/optimization.py;src/q4/rolling.py,Q4Tests.test_prefix_uses_realized_slots_only; real Q4-3 smoke,mapped
956,7.7,不同 forecast origin 的净负荷残差只对该节点之后的未来预测有定义。因此，不能直接用,src/q4/scenarios.py;src/q4/physics.py;src/q4/optimization.py;src/q4/rolling.py,Q4Tests.test_prefix_uses_realized_slots_only; real Q4-3 smoke,mapped
958,7.7,```math,src/q4/scenarios.py;src/q4/physics.py;src/q4/optimization.py;src/q4/rolling.py,Q4Tests.test_prefix_uses_realized_slots_only; real Q4-3 smoke,mapped
959,7.7,"e^N_{j,1:k|k}",src/q4/scenarios.py;src/q4/physics.py;src/q4/optimization.py;src/q4/rolling.py,Q4Tests.test_prefix_uses_realized_slots_only; real Q4-3 smoke,mapped
960,7.7,```,src/q4/scenarios.py;src/q4/physics.py;src/q4/optimization.py;src/q4/rolling.py,Q4Tests.test_prefix_uses_realized_slots_only; real Q4-3 smoke,mapped
962,7.7,描述节点 `k` 以前的历史前缀。,src/q4/scenarios.py;src/q4/physics.py;src/q4/optimization.py;src/q4/rolling.py,Q4Tests.test_prefix_uses_realized_slots_only; real Q4-3 smoke,mapped
964,7.7,为保持时序一致，对每个历史日 `j`、节点 `k` 保存二元对象,src/q4/scenarios.py;src/q4/physics.py;src/q4/optimization.py;src/q4/rolling.py,Q4Tests.test_prefix_uses_realized_slots_only; real Q4-3 smoke,mapped
966,7.7,```math,src/q4/scenarios.py;src/q4/physics.py;src/q4/optimization.py;src/q4/rolling.py,Q4Tests.test_prefix_uses_realized_slots_only; real Q4-3 smoke,mapped
967,7.7,\boxed{,src/q4/scenarios.py;src/q4/physics.py;src/q4/optimization.py;src/q4/rolling.py,Q4Tests.test_prefix_uses_realized_slots_only; real Q4-3 smoke,mapped
968,7.7,\left(,src/q4/scenarios.py;src/q4/physics.py;src/q4/optimization.py;src/q4/rolling.py,Q4Tests.test_prefix_uses_realized_slots_only; real Q4-3 smoke,mapped
969,7.7,"\mathbf z^{\rm prefix}_{j,k},",src/q4/scenarios.py;src/q4/physics.py;src/q4/optimization.py;src/q4/rolling.py,Q4Tests.test_prefix_uses_realized_slots_only; real Q4-3 smoke,mapped
970,7.7,"\mathbf e^{\rm future}_{j,k}",src/q4/scenarios.py;src/q4/physics.py;src/q4/optimization.py;src/q4/rolling.py,Q4Tests.test_prefix_uses_realized_slots_only; real Q4-3 smoke,mapped
971,7.7,\right),src/q4/scenarios.py;src/q4/physics.py;src/q4/optimization.py;src/q4/rolling.py,Q4Tests.test_prefix_uses_realized_slots_only; real Q4-3 smoke,mapped
972,7.7,}.,src/q4/scenarios.py;src/q4/physics.py;src/q4/optimization.py;src/q4/rolling.py,Q4Tests.test_prefix_uses_realized_slots_only; real Q4-3 smoke,mapped
973,7.7,```,src/q4/scenarios.py;src/q4/physics.py;src/q4/optimization.py;src/q4/rolling.py,Q4Tests.test_prefix_uses_realized_slots_only; real Q4-3 smoke,mapped
975,7.7,其中前缀状态,src/q4/scenarios.py;src/q4/physics.py;src/q4/optimization.py;src/q4/rolling.py,Q4Tests.test_prefix_uses_realized_slots_only; real Q4-3 smoke,mapped
977,7.7,```math,src/q4/scenarios.py;src/q4/physics.py;src/q4/optimization.py;src/q4/rolling.py,Q4Tests.test_prefix_uses_realized_slots_only; real Q4-3 smoke,mapped
978,7.7,"\mathbf z^{\rm prefix}_{j,k}",src/q4/scenarios.py;src/q4/physics.py;src/q4/optimization.py;src/q4/rolling.py,Q4Tests.test_prefix_uses_realized_slots_only; real Q4-3 smoke,mapped
979,7.7,```,src/q4/scenarios.py;src/q4/physics.py;src/q4/optimization.py;src/q4/rolling.py,Q4Tests.test_prefix_uses_realized_slots_only; real Q4-3 smoke,mapped
981,7.7,只由节点 `k` 之前已经实现的信息构成，可包括：,src/q4/scenarios.py;src/q4/physics.py;src/q4/optimization.py;src/q4/rolling.py,Q4Tests.test_prefix_uses_realized_slots_only; real Q4-3 smoke,mapped
983,7.7,```math,src/q4/scenarios.py;src/q4/physics.py;src/q4/optimization.py;src/q4/rolling.py,Q4Tests.test_prefix_uses_realized_slots_only; real Q4-3 smoke,mapped
984,7.7,"\text{截至 }k\text{ 的价格残差统计},",src/q4/scenarios.py;src/q4/physics.py;src/q4/optimization.py;src/q4/rolling.py,Q4Tests.test_prefix_uses_realized_slots_only; real Q4-3 smoke,mapped
985,7.7,```,src/q4/scenarios.py;src/q4/physics.py;src/q4/optimization.py;src/q4/rolling.py,Q4Tests.test_prefix_uses_realized_slots_only; real Q4-3 smoke,mapped
987,7.7,```math,src/q4/scenarios.py;src/q4/physics.py;src/q4/optimization.py;src/q4/rolling.py,Q4Tests.test_prefix_uses_realized_slots_only; real Q4-3 smoke,mapped
988,7.7,"\text{截至 }k\text{ 的净负荷残差统计},",src/q4/scenarios.py;src/q4/physics.py;src/q4/optimization.py;src/q4/rolling.py,Q4Tests.test_prefix_uses_realized_slots_only; real Q4-3 smoke,mapped
989,7.7,```,src/q4/scenarios.py;src/q4/physics.py;src/q4/optimization.py;src/q4/rolling.py,Q4Tests.test_prefix_uses_realized_slots_only; real Q4-3 smoke,mapped
991,7.7,```math,src/q4/scenarios.py;src/q4/physics.py;src/q4/optimization.py;src/q4/rolling.py,Q4Tests.test_prefix_uses_realized_slots_only; real Q4-3 smoke,mapped
992,7.7,"\text{最近 }1{\rm h}/3{\rm h}\text{ 平均异常},",src/q4/scenarios.py;src/q4/physics.py;src/q4/optimization.py;src/q4/rolling.py,Q4Tests.test_prefix_uses_realized_slots_only; real Q4-3 smoke,mapped
993,7.7,```,src/q4/scenarios.py;src/q4/physics.py;src/q4/optimization.py;src/q4/rolling.py,Q4Tests.test_prefix_uses_realized_slots_only; real Q4-3 smoke,mapped
995,7.7,```math,src/q4/scenarios.py;src/q4/physics.py;src/q4/optimization.py;src/q4/rolling.py,Q4Tests.test_prefix_uses_realized_slots_only; real Q4-3 smoke,mapped
996,7.7,"\text{累计净负荷异常},",src/q4/scenarios.py;src/q4/physics.py;src/q4/optimization.py;src/q4/rolling.py,Q4Tests.test_prefix_uses_realized_slots_only; real Q4-3 smoke,mapped
997,7.7,```,src/q4/scenarios.py;src/q4/physics.py;src/q4/optimization.py;src/q4/rolling.py,Q4Tests.test_prefix_uses_realized_slots_only; real Q4-3 smoke,mapped
999,7.7,本次前缀仅使用上述7维价格/净负荷统计，不加入历史策略SOC；当前真实SOC单独作为优化初始状态。,src/q4/scenarios.py;src/q4/physics.py;src/q4/optimization.py;src/q4/rolling.py,Q4Tests.test_prefix_uses_realized_slots_only; real Q4-3 smoke,mapped
1001,7.7,其中历史净负荷前缀统一相对于 `0:00` 基线预测计算，从而保证每个节点都存在可比较的历史前缀。,src/q4/scenarios.py;src/q4/physics.py;src/q4/optimization.py;src/q4/rolling.py,Q4Tests.test_prefix_uses_realized_slots_only; real Q4-3 smoke,mapped
1003,7.7,对应的未来误差部分则使用真正由节点 `k` 预报产生的,src/q4/scenarios.py;src/q4/physics.py;src/q4/optimization.py;src/q4/rolling.py,Q4Tests.test_prefix_uses_realized_slots_only; real Q4-3 smoke,mapped
1005,7.7,```math,src/q4/scenarios.py;src/q4/physics.py;src/q4/optimization.py;src/q4/rolling.py,Q4Tests.test_prefix_uses_realized_slots_only; real Q4-3 smoke,mapped
1006,7.7,"\mathbf e^{N,\rm future}_{j|k}",src/q4/scenarios.py;src/q4/physics.py;src/q4/optimization.py;src/q4/rolling.py,Q4Tests.test_prefix_uses_realized_slots_only; real Q4-3 smoke,mapped
1007,7.7,=,src/q4/scenarios.py;src/q4/physics.py;src/q4/optimization.py;src/q4/rolling.py,Q4Tests.test_prefix_uses_realized_slots_only; real Q4-3 smoke,mapped
1008,7.7,\left(,src/q4/scenarios.py;src/q4/physics.py;src/q4/optimization.py;src/q4/rolling.py,Q4Tests.test_prefix_uses_realized_slots_only; real Q4-3 smoke,mapped
1009,7.7,"e^N_{j,t|k}",src/q4/scenarios.py;src/q4/physics.py;src/q4/optimization.py;src/q4/rolling.py,Q4Tests.test_prefix_uses_realized_slots_only; real Q4-3 smoke,mapped
1010,7.7,"\right)_{t>k},",src/q4/scenarios.py;src/q4/physics.py;src/q4/optimization.py;src/q4/rolling.py,Q4Tests.test_prefix_uses_realized_slots_only; real Q4-3 smoke,mapped
1011,7.7,```,src/q4/scenarios.py;src/q4/physics.py;src/q4/optimization.py;src/q4/rolling.py,Q4Tests.test_prefix_uses_realized_slots_only; real Q4-3 smoke,mapped
1013,7.7,并与同一历史日的未来价格残差,src/q4/scenarios.py;src/q4/physics.py;src/q4/optimization.py;src/q4/rolling.py,Q4Tests.test_prefix_uses_realized_slots_only; real Q4-3 smoke,mapped
1015,7.7,```math,src/q4/scenarios.py;src/q4/physics.py;src/q4/optimization.py;src/q4/rolling.py,Q4Tests.test_prefix_uses_realized_slots_only; real Q4-3 smoke,mapped
1016,7.7,"\mathbf e^{p,\rm future}_{j|k}",src/q4/scenarios.py;src/q4/physics.py;src/q4/optimization.py;src/q4/rolling.py,Q4Tests.test_prefix_uses_realized_slots_only; real Q4-3 smoke,mapped
1017,7.7,=,src/q4/scenarios.py;src/q4/physics.py;src/q4/optimization.py;src/q4/rolling.py,Q4Tests.test_prefix_uses_realized_slots_only; real Q4-3 smoke,mapped
1018,7.7,\left(,src/q4/scenarios.py;src/q4/physics.py;src/q4/optimization.py;src/q4/rolling.py,Q4Tests.test_prefix_uses_realized_slots_only; real Q4-3 smoke,mapped
1019,7.7,"e^p_{j,t}",src/q4/scenarios.py;src/q4/physics.py;src/q4/optimization.py;src/q4/rolling.py,Q4Tests.test_prefix_uses_realized_slots_only; real Q4-3 smoke,mapped
1020,7.7,\right)_{t>k},src/q4/scenarios.py;src/q4/physics.py;src/q4/optimization.py;src/q4/rolling.py,Q4Tests.test_prefix_uses_realized_slots_only; real Q4-3 smoke,mapped
1021,7.7,```,src/q4/scenarios.py;src/q4/physics.py;src/q4/optimization.py;src/q4/rolling.py,Q4Tests.test_prefix_uses_realized_slots_only; real Q4-3 smoke,mapped
1023,7.7,绑定。,src/q4/scenarios.py;src/q4/physics.py;src/q4/optimization.py;src/q4/rolling.py,Q4Tests.test_prefix_uses_realized_slots_only; real Q4-3 smoke,mapped
1025,7.7,### 7.7.3 根据已实现前缀更新未来场景概率,src/q4/scenarios.py;src/q4/physics.py;src/q4/optimization.py;src/q4/rolling.py,Q4Tests.test_prefix_uses_realized_slots_only; real Q4-3 smoke,mapped
1027,7.7,对当前日 `d` 在节点 `k` 已经实现的状态构造,src/q4/scenarios.py;src/q4/physics.py;src/q4/optimization.py;src/q4/rolling.py,Q4Tests.test_prefix_uses_realized_slots_only; real Q4-3 smoke,mapped
1029,7.7,```math,src/q4/scenarios.py;src/q4/physics.py;src/q4/optimization.py;src/q4/rolling.py,Q4Tests.test_prefix_uses_realized_slots_only; real Q4-3 smoke,mapped
1030,7.7,"\mathbf z^{\rm obs}_{d,k}.",src/q4/scenarios.py;src/q4/physics.py;src/q4/optimization.py;src/q4/rolling.py,Q4Tests.test_prefix_uses_realized_slots_only; real Q4-3 smoke,mapped
1031,7.7,```,src/q4/scenarios.py;src/q4/physics.py;src/q4/optimization.py;src/q4/rolling.py,Q4Tests.test_prefix_uses_realized_slots_only; real Q4-3 smoke,mapped
1033,7.7,计算其与历史日 `j` 前缀的标准化距离,src/q4/scenarios.py;src/q4/physics.py;src/q4/optimization.py;src/q4/rolling.py,Q4Tests.test_prefix_uses_realized_slots_only; real Q4-3 smoke,mapped
1035,7.7,```math,src/q4/scenarios.py;src/q4/physics.py;src/q4/optimization.py;src/q4/rolling.py,Q4Tests.test_prefix_uses_realized_slots_only; real Q4-3 smoke,mapped
1036,7.7,"D_{j,k}",src/q4/scenarios.py;src/q4/physics.py;src/q4/optimization.py;src/q4/rolling.py,Q4Tests.test_prefix_uses_realized_slots_only; real Q4-3 smoke,mapped
1037,7.7,=,src/q4/scenarios.py;src/q4/physics.py;src/q4/optimization.py;src/q4/rolling.py,Q4Tests.test_prefix_uses_realized_slots_only; real Q4-3 smoke,mapped
1038,7.7,d_z,src/q4/scenarios.py;src/q4/physics.py;src/q4/optimization.py;src/q4/rolling.py,Q4Tests.test_prefix_uses_realized_slots_only; real Q4-3 smoke,mapped
1039,7.7,\left(,src/q4/scenarios.py;src/q4/physics.py;src/q4/optimization.py;src/q4/rolling.py,Q4Tests.test_prefix_uses_realized_slots_only; real Q4-3 smoke,mapped
1040,7.7,"\mathbf z^{\rm obs}_{d,k},",src/q4/scenarios.py;src/q4/physics.py;src/q4/optimization.py;src/q4/rolling.py,Q4Tests.test_prefix_uses_realized_slots_only; real Q4-3 smoke,mapped
1041,7.7,"\mathbf z^{\rm prefix}_{j,k}",src/q4/scenarios.py;src/q4/physics.py;src/q4/optimization.py;src/q4/rolling.py,Q4Tests.test_prefix_uses_realized_slots_only; real Q4-3 smoke,mapped
1042,7.7,\right).,src/q4/scenarios.py;src/q4/physics.py;src/q4/optimization.py;src/q4/rolling.py,Q4Tests.test_prefix_uses_realized_slots_only; real Q4-3 smoke,mapped
1043,7.7,```,src/q4/scenarios.py;src/q4/physics.py;src/q4/optimization.py;src/q4/rolling.py,Q4Tests.test_prefix_uses_realized_slots_only; real Q4-3 smoke,mapped
1045,7.7,采用核权重更新历史轨迹先验概率：,src/q4/scenarios.py;src/q4/physics.py;src/q4/optimization.py;src/q4/rolling.py,Q4Tests.test_prefix_uses_realized_slots_only; real Q4-3 smoke,mapped
1047,7.7,```math,src/q4/scenarios.py;src/q4/physics.py;src/q4/optimization.py;src/q4/rolling.py,Q4Tests.test_prefix_uses_realized_slots_only; real Q4-3 smoke,mapped
1048,7.7,\boxed{,src/q4/scenarios.py;src/q4/physics.py;src/q4/optimization.py;src/q4/rolling.py,Q4Tests.test_prefix_uses_realized_slots_only; real Q4-3 smoke,mapped
1049,7.7,\widehat\pi_{j|k},src/q4/scenarios.py;src/q4/physics.py;src/q4/optimization.py;src/q4/rolling.py,Q4Tests.test_prefix_uses_realized_slots_only; real Q4-3 smoke,mapped
1050,7.7,=,src/q4/scenarios.py;src/q4/physics.py;src/q4/optimization.py;src/q4/rolling.py,Q4Tests.test_prefix_uses_realized_slots_only; real Q4-3 smoke,mapped
1051,7.7,\frac{,src/q4/scenarios.py;src/q4/physics.py;src/q4/optimization.py;src/q4/rolling.py,Q4Tests.test_prefix_uses_realized_slots_only; real Q4-3 smoke,mapped
1052,7.7,"\exp(-D_{j,k}/h_k)",src/q4/scenarios.py;src/q4/physics.py;src/q4/optimization.py;src/q4/rolling.py,Q4Tests.test_prefix_uses_realized_slots_only; real Q4-3 smoke,mapped
1053,7.7,}{,src/q4/scenarios.py;src/q4/physics.py;src/q4/optimization.py;src/q4/rolling.py,Q4Tests.test_prefix_uses_realized_slots_only; real Q4-3 smoke,mapped
1054,7.7,\sum_{\ell},src/q4/scenarios.py;src/q4/physics.py;src/q4/optimization.py;src/q4/rolling.py,Q4Tests.test_prefix_uses_realized_slots_only; real Q4-3 smoke,mapped
1055,7.7,"\exp(-D_{\ell,k}/h_k)",src/q4/scenarios.py;src/q4/physics.py;src/q4/optimization.py;src/q4/rolling.py,Q4Tests.test_prefix_uses_realized_slots_only; real Q4-3 smoke,mapped
1056,7.7,},src/q4/scenarios.py;src/q4/physics.py;src/q4/optimization.py;src/q4/rolling.py,Q4Tests.test_prefix_uses_realized_slots_only; real Q4-3 smoke,mapped
1057,7.7,}.,src/q4/scenarios.py;src/q4/physics.py;src/q4/optimization.py;src/q4/rolling.py,Q4Tests.test_prefix_uses_realized_slots_only; real Q4-3 smoke,mapped
1058,7.7,```,src/q4/scenarios.py;src/q4/physics.py;src/q4/optimization.py;src/q4/rolling.py,Q4Tests.test_prefix_uses_realized_slots_only; real Q4-3 smoke,mapped
1060,7.7,带宽 `h_k` 仅根据历史前缀距离分布确定，不使用当前节点之后的真实数据。,src/q4/scenarios.py;src/q4/physics.py;src/q4/optimization.py;src/q4/rolling.py,Q4Tests.test_prefix_uses_realized_slots_only; real Q4-3 smoke,mapped
1062,7.7,随后取同一历史日 `j` 对应的未来联合残差,src/q4/scenarios.py;src/q4/physics.py;src/q4/optimization.py;src/q4/rolling.py,Q4Tests.test_prefix_uses_realized_slots_only; real Q4-3 smoke,mapped
1064,7.7,```math,src/q4/scenarios.py;src/q4/physics.py;src/q4/optimization.py;src/q4/rolling.py,Q4Tests.test_prefix_uses_realized_slots_only; real Q4-3 smoke,mapped
1065,7.7,\left(,src/q4/scenarios.py;src/q4/physics.py;src/q4/optimization.py;src/q4/rolling.py,Q4Tests.test_prefix_uses_realized_slots_only; real Q4-3 smoke,mapped
1066,7.7,"\mathbf e^{N,\rm future}_{j|k},",src/q4/scenarios.py;src/q4/physics.py;src/q4/optimization.py;src/q4/rolling.py,Q4Tests.test_prefix_uses_realized_slots_only; real Q4-3 smoke,mapped
1067,7.7,"\mathbf e^{p,\rm future}_{j|k}",src/q4/scenarios.py;src/q4/physics.py;src/q4/optimization.py;src/q4/rolling.py,Q4Tests.test_prefix_uses_realized_slots_only; real Q4-3 smoke,mapped
1068,7.7,\right),src/q4/scenarios.py;src/q4/physics.py;src/q4/optimization.py;src/q4/rolling.py,Q4Tests.test_prefix_uses_realized_slots_only; real Q4-3 smoke,mapped
1069,7.7,```,src/q4/scenarios.py;src/q4/physics.py;src/q4/optimization.py;src/q4/rolling.py,Q4Tests.test_prefix_uses_realized_slots_only; real Q4-3 smoke,mapped
1071,7.7,作为后续轨迹。因此该更新近似刻画,src/q4/scenarios.py;src/q4/physics.py;src/q4/optimization.py;src/q4/rolling.py,Q4Tests.test_prefix_uses_realized_slots_only; real Q4-3 smoke,mapped
1073,7.7,```math,src/q4/scenarios.py;src/q4/physics.py;src/q4/optimization.py;src/q4/rolling.py,Q4Tests.test_prefix_uses_realized_slots_only; real Q4-3 smoke,mapped
1074,7.7,\boxed{,src/q4/scenarios.py;src/q4/physics.py;src/q4/optimization.py;src/q4/rolling.py,Q4Tests.test_prefix_uses_realized_slots_only; real Q4-3 smoke,mapped
1075,7.7,P,src/q4/scenarios.py;src/q4/physics.py;src/q4/optimization.py;src/q4/rolling.py,Q4Tests.test_prefix_uses_realized_slots_only; real Q4-3 smoke,mapped
1076,7.7,\left(,src/q4/scenarios.py;src/q4/physics.py;src/q4/optimization.py;src/q4/rolling.py,Q4Tests.test_prefix_uses_realized_slots_only; real Q4-3 smoke,mapped
1077,7.7,\xi_{k+1:T},src/q4/scenarios.py;src/q4/physics.py;src/q4/optimization.py;src/q4/rolling.py,Q4Tests.test_prefix_uses_realized_slots_only; real Q4-3 smoke,mapped
1078,7.7,\mid,src/q4/scenarios.py;src/q4/physics.py;src/q4/optimization.py;src/q4/rolling.py,Q4Tests.test_prefix_uses_realized_slots_only; real Q4-3 smoke,mapped
1079,7.7,\mathbf z_{1:k},src/q4/scenarios.py;src/q4/physics.py;src/q4/optimization.py;src/q4/rolling.py,Q4Tests.test_prefix_uses_realized_slots_only; real Q4-3 smoke,mapped
1080,7.7,\right),src/q4/scenarios.py;src/q4/physics.py;src/q4/optimization.py;src/q4/rolling.py,Q4Tests.test_prefix_uses_realized_slots_only; real Q4-3 smoke,mapped
1081,7.7,"},",src/q4/scenarios.py;src/q4/physics.py;src/q4/optimization.py;src/q4/rolling.py,Q4Tests.test_prefix_uses_realized_slots_only; real Q4-3 smoke,mapped
1082,7.7,```,src/q4/scenarios.py;src/q4/physics.py;src/q4/optimization.py;src/q4/rolling.py,Q4Tests.test_prefix_uses_realized_slots_only; real Q4-3 smoke,mapped
1084,7.7,而不是在节点更新后重新独立抽取价格误差和净负荷误差。,src/q4/scenarios.py;src/q4/physics.py;src/q4/optimization.py;src/q4/rolling.py,Q4Tests.test_prefix_uses_realized_slots_only; real Q4-3 smoke,mapped
1086,7.7,为防止核权重过度集中，计算有效样本量,src/q4/scenarios.py;src/q4/physics.py;src/q4/optimization.py;src/q4/rolling.py,Q4Tests.test_prefix_uses_realized_slots_only; real Q4-3 smoke,mapped
1088,7.7,```math,src/q4/scenarios.py;src/q4/physics.py;src/q4/optimization.py;src/q4/rolling.py,Q4Tests.test_prefix_uses_realized_slots_only; real Q4-3 smoke,mapped
1089,7.7,\boxed{,src/q4/scenarios.py;src/q4/physics.py;src/q4/optimization.py;src/q4/rolling.py,Q4Tests.test_prefix_uses_realized_slots_only; real Q4-3 smoke,mapped
1090,7.7,ESS_k,src/q4/scenarios.py;src/q4/physics.py;src/q4/optimization.py;src/q4/rolling.py,Q4Tests.test_prefix_uses_realized_slots_only; real Q4-3 smoke,mapped
1091,7.7,=,src/q4/scenarios.py;src/q4/physics.py;src/q4/optimization.py;src/q4/rolling.py,Q4Tests.test_prefix_uses_realized_slots_only; real Q4-3 smoke,mapped
1092,7.7,\frac1{,src/q4/scenarios.py;src/q4/physics.py;src/q4/optimization.py;src/q4/rolling.py,Q4Tests.test_prefix_uses_realized_slots_only; real Q4-3 smoke,mapped
1093,7.7,\sum_j\widehat\pi_{j|k}^2,src/q4/scenarios.py;src/q4/physics.py;src/q4/optimization.py;src/q4/rolling.py,Q4Tests.test_prefix_uses_realized_slots_only; real Q4-3 smoke,mapped
1094,7.7,},src/q4/scenarios.py;src/q4/physics.py;src/q4/optimization.py;src/q4/rolling.py,Q4Tests.test_prefix_uses_realized_slots_only; real Q4-3 smoke,mapped
1095,7.7,}.,src/q4/scenarios.py;src/q4/physics.py;src/q4/optimization.py;src/q4/rolling.py,Q4Tests.test_prefix_uses_realized_slots_only; real Q4-3 smoke,mapped
1096,7.7,```,src/q4/scenarios.py;src/q4/physics.py;src/q4/optimization.py;src/q4/rolling.py,Q4Tests.test_prefix_uses_realized_slots_only; real Q4-3 smoke,mapped
1098,7.7,若 `ESS_k` 低于预设历史阈值，则适当增大 `h_k`，直至条件场景分布具有足够支持度。,src/q4/scenarios.py;src/q4/physics.py;src/q4/optimization.py;src/q4/rolling.py,Q4Tests.test_prefix_uses_realized_slots_only; real Q4-3 smoke,mapped
1100,7.7,更新后的条件经验分布再进入节点 `k` 对应的 Wasserstein 概率模糊集。,src/q4/scenarios.py;src/q4/physics.py;src/q4/optimization.py;src/q4/rolling.py,Q4Tests.test_prefix_uses_realized_slots_only; real Q4-3 smoke,mapped
1102,7.7,### 7.7.4 6 h committed block 与 24 h receding horizon,src/q4/scenarios.py;src/q4/physics.py;src/q4/optimization.py;src/q4/rolling.py,Q4Tests.test_prefix_uses_realized_slots_only; real Q4-3 smoke,mapped
1104,7.7,"每个节点向未来优化 `24\,\mathrm h`，但只有当前节点到下一节点之间的 `6\,\mathrm h` 决策真正提交：",src/q4/scenarios.py;src/q4/physics.py;src/q4/optimization.py;src/q4/rolling.py,Q4Tests.test_prefix_uses_realized_slots_only; real Q4-3 smoke,mapped
1106,7.7,```math,src/q4/scenarios.py;src/q4/physics.py;src/q4/optimization.py;src/q4/rolling.py,Q4Tests.test_prefix_uses_realized_slots_only; real Q4-3 smoke,mapped
1107,7.7,"[k,k+6{\rm h})",src/q4/scenarios.py;src/q4/physics.py;src/q4/optimization.py;src/q4/rolling.py,Q4Tests.test_prefix_uses_realized_slots_only; real Q4-3 smoke,mapped
1108,7.7,```,src/q4/scenarios.py;src/q4/physics.py;src/q4/optimization.py;src/q4/rolling.py,Q4Tests.test_prefix_uses_realized_slots_only; real Q4-3 smoke,mapped
1110,7.7,为 committed block。,src/q4/scenarios.py;src/q4/physics.py;src/q4/optimization.py;src/q4/rolling.py,Q4Tests.test_prefix_uses_realized_slots_only; real Q4-3 smoke,mapped
1112,7.7,更远时段属于 continuation，用于评估储能状态和未来调整价值；下一节点到达后，这些尚未执行的 provisional decision 重新优化。,src/q4/scenarios.py;src/q4/physics.py;src/q4/optimization.py;src/q4/rolling.py,Q4Tests.test_prefix_uses_realized_slots_only; real Q4-3 smoke,mapped
1114,7.7,"当 `24\,\mathrm h` 预测窗口跨入次日时：",src/q4/scenarios.py;src/q4/physics.py;src/q4/optimization.py;src/q4/rolling.py,Q4Tests.test_prefix_uses_realized_slots_only; real Q4-3 smoke,mapped
1116,7.7,- 当前日尚未执行时段的购电量按照问题三的调整结算规则计费；,src/q4/scenarios.py;src/q4/physics.py;src/q4/optimization.py;src/q4/rolling.py,Q4Tests.test_prefix_uses_realized_slots_only; real Q4-3 smoke,mapped
1117,7.7,- 跨入次日的 provisional purchase 尚不存在当日 `0:00` 基准计划，因此仅按正常预测交易价格计入 continuation cost，不施加本日调整违约费用；,src/q4/scenarios.py;src/q4/physics.py;src/q4/optimization.py;src/q4/rolling.py,Q4Tests.test_prefix_uses_realized_slots_only; real Q4-3 smoke,mapped
1118,7.7,- 次日 `0:00` 到达后重新生成该日正式基准计划。,src/q4/scenarios.py;src/q4/physics.py;src/q4/optimization.py;src/q4/rolling.py,Q4Tests.test_prefix_uses_realized_slots_only; real Q4-3 smoke,mapped
1120,7.7,由此避免将本日调整规则错误延伸到次日尚未形成的计划。,src/q4/scenarios.py;src/q4/physics.py;src/q4/optimization.py;src/q4/rolling.py,Q4Tests.test_prefix_uses_realized_slots_only; real Q4-3 smoke,mapped
1122,7.7,### 7.7.5 调整购电结算量与实际物理调用量,src/q4/scenarios.py;src/q4/physics.py;src/q4/optimization.py;src/q4/rolling.py,Q4Tests.test_prefix_uses_realized_slots_only; real Q4-3 smoke,mapped
1124,7.7,记当天 `0:00` 制定的基准计划购电结算量为,src/q4/scenarios.py;src/q4/physics.py;src/q4/optimization.py;src/q4/rolling.py,Q4Tests.test_prefix_uses_realized_slots_only; real Q4-3 smoke,mapped
1126,7.7,```math,src/q4/scenarios.py;src/q4/physics.py;src/q4/optimization.py;src/q4/rolling.py,Q4Tests.test_prefix_uses_realized_slots_only; real Q4-3 smoke,mapped
1127,7.7,"g^0_{d,t},",src/q4/scenarios.py;src/q4/physics.py;src/q4/optimization.py;src/q4/rolling.py,Q4Tests.test_prefix_uses_realized_slots_only; real Q4-3 smoke,mapped
1128,7.7,```,src/q4/scenarios.py;src/q4/physics.py;src/q4/optimization.py;src/q4/rolling.py,Q4Tests.test_prefix_uses_realized_slots_only; real Q4-3 smoke,mapped
1130,7.7,节点 `k` 重新优化后，对尚未执行时段形成新的有效购电结算量,src/q4/scenarios.py;src/q4/physics.py;src/q4/optimization.py;src/q4/rolling.py,Q4Tests.test_prefix_uses_realized_slots_only; real Q4-3 smoke,mapped
1132,7.7,```math,src/q4/scenarios.py;src/q4/physics.py;src/q4/optimization.py;src/q4/rolling.py,Q4Tests.test_prefix_uses_realized_slots_only; real Q4-3 smoke,mapped
1133,7.7,"g^{(k)}_{d,t}.",src/q4/scenarios.py;src/q4/physics.py;src/q4/optimization.py;src/q4/rolling.py,Q4Tests.test_prefix_uses_realized_slots_only; real Q4-3 smoke,mapped
1134,7.7,```,src/q4/scenarios.py;src/q4/physics.py;src/q4/optimization.py;src/q4/rolling.py,Q4Tests.test_prefix_uses_realized_slots_only; real Q4-3 smoke,mapped
1136,7.7,对某一时段，最终实际生效的结算量记为,src/q4/scenarios.py;src/q4/physics.py;src/q4/optimization.py;src/q4/rolling.py,Q4Tests.test_prefix_uses_realized_slots_only; real Q4-3 smoke,mapped
1138,7.7,```math,src/q4/scenarios.py;src/q4/physics.py;src/q4/optimization.py;src/q4/rolling.py,Q4Tests.test_prefix_uses_realized_slots_only; real Q4-3 smoke,mapped
1139,7.7,"g^{\rm eff}_{d,t}.",src/q4/scenarios.py;src/q4/physics.py;src/q4/optimization.py;src/q4/rolling.py,Q4Tests.test_prefix_uses_realized_slots_only; real Q4-3 smoke,mapped
1140,7.7,```,src/q4/scenarios.py;src/q4/physics.py;src/q4/optimization.py;src/q4/rolling.py,Q4Tests.test_prefix_uses_realized_slots_only; real Q4-3 smoke,mapped
1142,7.7,定义相对于 `0:00` 基准计划的增购量和减购量,src/q4/scenarios.py;src/q4/physics.py;src/q4/optimization.py;src/q4/rolling.py,Q4Tests.test_prefix_uses_realized_slots_only; real Q4-3 smoke,mapped
1144,7.7,```math,src/q4/scenarios.py;src/q4/physics.py;src/q4/optimization.py;src/q4/rolling.py,Q4Tests.test_prefix_uses_realized_slots_only; real Q4-3 smoke,mapped
1145,7.7,"\Delta^+_{d,t}",src/q4/scenarios.py;src/q4/physics.py;src/q4/optimization.py;src/q4/rolling.py,Q4Tests.test_prefix_uses_realized_slots_only; real Q4-3 smoke,mapped
1146,7.7,=,src/q4/scenarios.py;src/q4/physics.py;src/q4/optimization.py;src/q4/rolling.py,Q4Tests.test_prefix_uses_realized_slots_only; real Q4-3 smoke,mapped
1147,7.7,\left(,src/q4/scenarios.py;src/q4/physics.py;src/q4/optimization.py;src/q4/rolling.py,Q4Tests.test_prefix_uses_realized_slots_only; real Q4-3 smoke,mapped
1148,7.7,"g^{\rm eff}_{d,t}",src/q4/scenarios.py;src/q4/physics.py;src/q4/optimization.py;src/q4/rolling.py,Q4Tests.test_prefix_uses_realized_slots_only; real Q4-3 smoke,mapped
1149,7.7,-,src/q4/scenarios.py;src/q4/physics.py;src/q4/optimization.py;src/q4/rolling.py,Q4Tests.test_prefix_uses_realized_slots_only; real Q4-3 smoke,mapped
1150,7.7,"g^0_{d,t}",src/q4/scenarios.py;src/q4/physics.py;src/q4/optimization.py;src/q4/rolling.py,Q4Tests.test_prefix_uses_realized_slots_only; real Q4-3 smoke,mapped
1151,7.7,"\right)_+,",src/q4/scenarios.py;src/q4/physics.py;src/q4/optimization.py;src/q4/rolling.py,Q4Tests.test_prefix_uses_realized_slots_only; real Q4-3 smoke,mapped
1152,7.7,```,src/q4/scenarios.py;src/q4/physics.py;src/q4/optimization.py;src/q4/rolling.py,Q4Tests.test_prefix_uses_realized_slots_only; real Q4-3 smoke,mapped
1154,7.7,```math,src/q4/scenarios.py;src/q4/physics.py;src/q4/optimization.py;src/q4/rolling.py,Q4Tests.test_prefix_uses_realized_slots_only; real Q4-3 smoke,mapped
1155,7.7,"\Delta^-_{d,t}",src/q4/scenarios.py;src/q4/physics.py;src/q4/optimization.py;src/q4/rolling.py,Q4Tests.test_prefix_uses_realized_slots_only; real Q4-3 smoke,mapped
1156,7.7,=,src/q4/scenarios.py;src/q4/physics.py;src/q4/optimization.py;src/q4/rolling.py,Q4Tests.test_prefix_uses_realized_slots_only; real Q4-3 smoke,mapped
1157,7.7,\left(,src/q4/scenarios.py;src/q4/physics.py;src/q4/optimization.py;src/q4/rolling.py,Q4Tests.test_prefix_uses_realized_slots_only; real Q4-3 smoke,mapped
1158,7.7,"g^0_{d,t}",src/q4/scenarios.py;src/q4/physics.py;src/q4/optimization.py;src/q4/rolling.py,Q4Tests.test_prefix_uses_realized_slots_only; real Q4-3 smoke,mapped
1159,7.7,-,src/q4/scenarios.py;src/q4/physics.py;src/q4/optimization.py;src/q4/rolling.py,Q4Tests.test_prefix_uses_realized_slots_only; real Q4-3 smoke,mapped
1160,7.7,"g^{\rm eff}_{d,t}",src/q4/scenarios.py;src/q4/physics.py;src/q4/optimization.py;src/q4/rolling.py,Q4Tests.test_prefix_uses_realized_slots_only; real Q4-3 smoke,mapped
1161,7.7,\right)_+.,src/q4/scenarios.py;src/q4/physics.py;src/q4/optimization.py;src/q4/rolling.py,Q4Tests.test_prefix_uses_realized_slots_only; real Q4-3 smoke,mapped
1162,7.7,```,src/q4/scenarios.py;src/q4/physics.py;src/q4/optimization.py;src/q4/rolling.py,Q4Tests.test_prefix_uses_realized_slots_only; real Q4-3 smoke,mapped
1164,7.7,对同一时段可能存在的多次滚动修订，本文以最终实际生效结算量相对于 `0:00` 基准计划统一结算，避免对同一电量重复计算调整费用。,src/q4/scenarios.py;src/q4/physics.py;src/q4/optimization.py;src/q4/rolling.py,Q4Tests.test_prefix_uses_realized_slots_only; real Q4-3 smoke,mapped
1166,7.7,与问题 4-2 相同，购电**结算量**与实际进入微网的**物理调用量**需要分开。对场景 `j`，记实际从有效购电额度中调用的电量为,src/q4/scenarios.py;src/q4/physics.py;src/q4/optimization.py;src/q4/rolling.py,Q4Tests.test_prefix_uses_realized_slots_only; real Q4-3 smoke,mapped
1168,7.7,```math,src/q4/scenarios.py;src/q4/physics.py;src/q4/optimization.py;src/q4/rolling.py,Q4Tests.test_prefix_uses_realized_slots_only; real Q4-3 smoke,mapped
1169,7.7,"x^{\rm eff}_{d,t,j},",src/q4/scenarios.py;src/q4/physics.py;src/q4/optimization.py;src/q4/rolling.py,Q4Tests.test_prefix_uses_realized_slots_only; real Q4-3 smoke,mapped
1170,7.7,```,src/q4/scenarios.py;src/q4/physics.py;src/q4/optimization.py;src/q4/rolling.py,Q4Tests.test_prefix_uses_realized_slots_only; real Q4-3 smoke,mapped
1172,7.7,并满足,src/q4/scenarios.py;src/q4/physics.py;src/q4/optimization.py;src/q4/rolling.py,Q4Tests.test_prefix_uses_realized_slots_only; real Q4-3 smoke,mapped
1174,7.7,```math,src/q4/scenarios.py;src/q4/physics.py;src/q4/optimization.py;src/q4/rolling.py,Q4Tests.test_prefix_uses_realized_slots_only; real Q4-3 smoke,mapped
1175,7.7,\boxed{,src/q4/scenarios.py;src/q4/physics.py;src/q4/optimization.py;src/q4/rolling.py,Q4Tests.test_prefix_uses_realized_slots_only; real Q4-3 smoke,mapped
1176,7.7,0,src/q4/scenarios.py;src/q4/physics.py;src/q4/optimization.py;src/q4/rolling.py,Q4Tests.test_prefix_uses_realized_slots_only; real Q4-3 smoke,mapped
1177,7.7,\le,src/q4/scenarios.py;src/q4/physics.py;src/q4/optimization.py;src/q4/rolling.py,Q4Tests.test_prefix_uses_realized_slots_only; real Q4-3 smoke,mapped
1178,7.7,"x^{\rm eff}_{d,t,j}",src/q4/scenarios.py;src/q4/physics.py;src/q4/optimization.py;src/q4/rolling.py,Q4Tests.test_prefix_uses_realized_slots_only; real Q4-3 smoke,mapped
1179,7.7,\le,src/q4/scenarios.py;src/q4/physics.py;src/q4/optimization.py;src/q4/rolling.py,Q4Tests.test_prefix_uses_realized_slots_only; real Q4-3 smoke,mapped
1180,7.7,"g^{\rm eff}_{d,t}",src/q4/scenarios.py;src/q4/physics.py;src/q4/optimization.py;src/q4/rolling.py,Q4Tests.test_prefix_uses_realized_slots_only; real Q4-3 smoke,mapped
1181,7.7,}.,src/q4/scenarios.py;src/q4/physics.py;src/q4/optimization.py;src/q4/rolling.py,Q4Tests.test_prefix_uses_realized_slots_only; real Q4-3 smoke,mapped
1182,7.7,```,src/q4/scenarios.py;src/q4/physics.py;src/q4/optimization.py;src/q4/rolling.py,Q4Tests.test_prefix_uses_realized_slots_only; real Q4-3 smoke,mapped
1184,7.7,相应的,src/q4/scenarios.py;src/q4/physics.py;src/q4/optimization.py;src/q4/rolling.py,Q4Tests.test_prefix_uses_realized_slots_only; real Q4-3 smoke,mapped
1186,7.7,```math,src/q4/scenarios.py;src/q4/physics.py;src/q4/optimization.py;src/q4/rolling.py,Q4Tests.test_prefix_uses_realized_slots_only; real Q4-3 smoke,mapped
1187,7.7,"u^{\rm eff}_{d,t,j}",src/q4/scenarios.py;src/q4/physics.py;src/q4/optimization.py;src/q4/rolling.py,Q4Tests.test_prefix_uses_realized_slots_only; real Q4-3 smoke,mapped
1188,7.7,=,src/q4/scenarios.py;src/q4/physics.py;src/q4/optimization.py;src/q4/rolling.py,Q4Tests.test_prefix_uses_realized_slots_only; real Q4-3 smoke,mapped
1189,7.7,"g^{\rm eff}_{d,t}",src/q4/scenarios.py;src/q4/physics.py;src/q4/optimization.py;src/q4/rolling.py,Q4Tests.test_prefix_uses_realized_slots_only; real Q4-3 smoke,mapped
1190,7.7,-,src/q4/scenarios.py;src/q4/physics.py;src/q4/optimization.py;src/q4/rolling.py,Q4Tests.test_prefix_uses_realized_slots_only; real Q4-3 smoke,mapped
1191,7.7,"x^{\rm eff}_{d,t,j}",src/q4/scenarios.py;src/q4/physics.py;src/q4/optimization.py;src/q4/rolling.py,Q4Tests.test_prefix_uses_realized_slots_only; real Q4-3 smoke,mapped
1192,7.7,\ge0,src/q4/scenarios.py;src/q4/physics.py;src/q4/optimization.py;src/q4/rolling.py,Q4Tests.test_prefix_uses_realized_slots_only; real Q4-3 smoke,mapped
1193,7.7,```,src/q4/scenarios.py;src/q4/physics.py;src/q4/optimization.py;src/q4/rolling.py,Q4Tests.test_prefix_uses_realized_slots_only; real Q4-3 smoke,mapped
1195,7.7,表示已经按最终计划/调整规则结算，但在该实际状态下未被物理调用的电量。,src/q4/scenarios.py;src/q4/physics.py;src/q4/optimization.py;src/q4/rolling.py,Q4Tests.test_prefix_uses_realized_slots_only; real Q4-3 smoke,mapped
1197,7.7,按照题目规则，若最终增购，增加部分按交易时刻电价的 `1.5` 倍支付；若最终减购，则计划与最终购电量之差承担 `50%` 的违约费用。因此场景 `j` 下，节点 `k` 之后当前日尚未执行部分的结算成本为,src/q4/scenarios.py;src/q4/physics.py;src/q4/optimization.py;src/q4/rolling.py,Q4Tests.test_prefix_uses_realized_slots_only; real Q4-3 smoke,mapped
1199,7.7,```math,src/q4/scenarios.py;src/q4/physics.py;src/q4/optimization.py;src/q4/rolling.py,Q4Tests.test_prefix_uses_realized_slots_only; real Q4-3 smoke,mapped
1200,7.7,\boxed{,src/q4/scenarios.py;src/q4/physics.py;src/q4/optimization.py;src/q4/rolling.py,Q4Tests.test_prefix_uses_realized_slots_only; real Q4-3 smoke,mapped
1201,7.7,"\Phi_{d,k,j}^{\rm cur}",src/q4/scenarios.py;src/q4/physics.py;src/q4/optimization.py;src/q4/rolling.py,Q4Tests.test_prefix_uses_realized_slots_only; real Q4-3 smoke,mapped
1202,7.7,=,src/q4/scenarios.py;src/q4/physics.py;src/q4/optimization.py;src/q4/rolling.py,Q4Tests.test_prefix_uses_realized_slots_only; real Q4-3 smoke,mapped
1203,7.7,"\sum_{t\in\mathcal T_{d,k}^{\rm cur}}",src/q4/scenarios.py;src/q4/physics.py;src/q4/optimization.py;src/q4/rolling.py,Q4Tests.test_prefix_uses_realized_slots_only; real Q4-3 smoke,mapped
1204,7.7,\left[,src/q4/scenarios.py;src/q4/physics.py;src/q4/optimization.py;src/q4/rolling.py,Q4Tests.test_prefix_uses_realized_slots_only; real Q4-3 smoke,mapped
1205,7.7,"p_{d,t,j}g^0_{d,t}",src/q4/scenarios.py;src/q4/physics.py;src/q4/optimization.py;src/q4/rolling.py,Q4Tests.test_prefix_uses_realized_slots_only; real Q4-3 smoke,mapped
1206,7.7,+,src/q4/scenarios.py;src/q4/physics.py;src/q4/optimization.py;src/q4/rolling.py,Q4Tests.test_prefix_uses_realized_slots_only; real Q4-3 smoke,mapped
1207,7.7,"1.5p_{d,t,j}\Delta^+_{d,t}",src/q4/scenarios.py;src/q4/physics.py;src/q4/optimization.py;src/q4/rolling.py,Q4Tests.test_prefix_uses_realized_slots_only; real Q4-3 smoke,mapped
1208,7.7,-,src/q4/scenarios.py;src/q4/physics.py;src/q4/optimization.py;src/q4/rolling.py,Q4Tests.test_prefix_uses_realized_slots_only; real Q4-3 smoke,mapped
1209,7.7,"0.5p_{d,t,j}\Delta^-_{d,t}",src/q4/scenarios.py;src/q4/physics.py;src/q4/optimization.py;src/q4/rolling.py,Q4Tests.test_prefix_uses_realized_slots_only; real Q4-3 smoke,mapped
1210,7.7,+,src/q4/scenarios.py;src/q4/physics.py;src/q4/optimization.py;src/q4/rolling.py,Q4Tests.test_prefix_uses_realized_slots_only; real Q4-3 smoke,mapped
1211,7.7,"5p_{d,t,j}h_{d,t,j}",src/q4/scenarios.py;src/q4/physics.py;src/q4/optimization.py;src/q4/rolling.py,Q4Tests.test_prefix_uses_realized_slots_only; real Q4-3 smoke,mapped
1212,7.7,\right],src/q4/scenarios.py;src/q4/physics.py;src/q4/optimization.py;src/q4/rolling.py,Q4Tests.test_prefix_uses_realized_slots_only; real Q4-3 smoke,mapped
1213,7.7,}.,src/q4/scenarios.py;src/q4/physics.py;src/q4/optimization.py;src/q4/rolling.py,Q4Tests.test_prefix_uses_realized_slots_only; real Q4-3 smoke,mapped
1214,7.7,```,src/q4/scenarios.py;src/q4/physics.py;src/q4/optimization.py;src/q4/rolling.py,Q4Tests.test_prefix_uses_realized_slots_only; real Q4-3 smoke,mapped
1216,7.7,其中,src/q4/scenarios.py;src/q4/physics.py;src/q4/optimization.py;src/q4/rolling.py,Q4Tests.test_prefix_uses_realized_slots_only; real Q4-3 smoke,mapped
1218,7.7,```math,src/q4/scenarios.py;src/q4/physics.py;src/q4/optimization.py;src/q4/rolling.py,Q4Tests.test_prefix_uses_realized_slots_only; real Q4-3 smoke,mapped
1219,7.7,"\mathcal T_{d,k}^{\rm cur}",src/q4/scenarios.py;src/q4/physics.py;src/q4/optimization.py;src/q4/rolling.py,Q4Tests.test_prefix_uses_realized_slots_only; real Q4-3 smoke,mapped
1220,7.7,```,src/q4/scenarios.py;src/q4/physics.py;src/q4/optimization.py;src/q4/rolling.py,Q4Tests.test_prefix_uses_realized_slots_only; real Q4-3 smoke,mapped
1222,7.7,表示节点 `k` 之后、当天 `24:00` 之前尚未执行的时段。节点 `k` 之前已经结算的费用对当前优化而言是常数，因此不再重复进入目标函数，但会计入最终真实全年费用。,src/q4/scenarios.py;src/q4/physics.py;src/q4/optimization.py;src/q4/rolling.py,Q4Tests.test_prefix_uses_realized_slots_only; real Q4-3 smoke,mapped
1224,7.7,需要强调，正常购电及调整费用均按,src/q4/scenarios.py;src/q4/physics.py;src/q4/optimization.py;src/q4/rolling.py,Q4Tests.test_prefix_uses_realized_slots_only; real Q4-3 smoke,mapped
1225,7.7,"`g^0_{d,t},g^{\rm eff}_{d,t}`",src/q4/scenarios.py;src/q4/physics.py;src/q4/optimization.py;src/q4/rolling.py,Q4Tests.test_prefix_uses_realized_slots_only; real Q4-3 smoke,mapped
1226,7.7,等**结算量**计算；能量平衡则使用,src/q4/scenarios.py;src/q4/physics.py;src/q4/optimization.py;src/q4/rolling.py,Q4Tests.test_prefix_uses_realized_slots_only; real Q4-3 smoke,mapped
1227,7.7,"`x^{\rm eff}_{d,t,j}`",src/q4/scenarios.py;src/q4/physics.py;src/q4/optimization.py;src/q4/rolling.py,Q4Tests.test_prefix_uses_realized_slots_only; real Q4-3 smoke,mapped
1228,7.7,等**物理调用量**。,src/q4/scenarios.py;src/q4/physics.py;src/q4/optimization.py;src/q4/rolling.py,Q4Tests.test_prefix_uses_realized_slots_only; real Q4-3 smoke,mapped
1230,7.7,### 7.7.6 节点共同储能计划与物理平衡,src/q4/scenarios.py;src/q4/physics.py;src/q4/optimization.py;src/q4/rolling.py,Q4Tests.test_prefix_uses_realized_slots_only; real Q4-3 smoke,mapped
1232,7.7,"在节点 `k`，使用当前真实SOC重新求解7.6.2的共同储能变量 `c_t^{(k)},r_t^{(k)},E_t^{(k)}`，与购电额度 `g_t^{(k)}` 一起只提交下一6小时。当前执行块内这些变量对所有场景相同，不使用未来真实净负荷调整储能计划；下一个节点才能基于新信息重算。",src/q4/scenarios.py;src/q4/physics.py;src/q4/optimization.py;src/q4/rolling.py,Q4Tests.test_prefix_uses_realized_slots_only; real Q4-3 smoke,mapped
1234,7.7,每个场景满足 `0≤x≤g`、`x+r+h=n+c+w` 和共同SOC转移。真实回放严格按7.6.2的即时平衡规则执行，下一节点读取本块末SOC。该策略满足严格非预知性，无场景独立储能recourse。,src/q4/scenarios.py;src/q4/physics.py;src/q4/optimization.py;src/q4/rolling.py,Q4Tests.test_prefix_uses_realized_slots_only; real Q4-3 smoke,mapped
1236,7.7,购电调整用连续上图变量 `a_t` 表达：,src/q4/scenarios.py;src/q4/physics.py;src/q4/optimization.py;src/q4/rolling.py,Q4Tests.test_prefix_uses_realized_slots_only; real Q4-3 smoke,mapped
1238,7.7,```math,src/q4/scenarios.py;src/q4/physics.py;src/q4/optimization.py;src/q4/rolling.py,Q4Tests.test_prefix_uses_realized_slots_only; real Q4-3 smoke,mapped
1239,7.7,"a_t\ge1.5(g_t-g_t^0),\quad a_t\ge0.5(g_t-g_t^0),\quad a_t\ge-0.5g_t^0.",src/q4/scenarios.py;src/q4/physics.py;src/q4/optimization.py;src/q4/rolling.py,Q4Tests.test_prefix_uses_realized_slots_only; real Q4-3 smoke,mapped
1240,7.7,```,src/q4/scenarios.py;src/q4/physics.py;src/q4/optimization.py;src/q4/rolling.py,Q4Tests.test_prefix_uses_realized_slots_only; real Q4-3 smoke,mapped
1242,7.7,当前日费用为 `Σp(g0+a+5h)`；跨次日延续时段费用为 `Σp(g+5h)`。回放按最终生效额度相对0:00基准的增购1.5倍、减购退还0.5倍逐时结算。,src/q4/scenarios.py;src/q4/physics.py;src/q4/optimization.py;src/q4/rolling.py,Q4Tests.test_prefix_uses_realized_slots_only; real Q4-3 smoke,mapped
1244,7.7,### 7.7.7 跨日 continuation 成本,src/q4/scenarios.py;src/q4/physics.py;src/q4/optimization.py;src/q4/rolling.py,Q4Tests.test_prefix_uses_realized_slots_only; real Q4-3 smoke,mapped
1246,7.7,"节点 `k` 采用未来 `24\,\mathrm h` 的 receding horizon。记",src/q4/scenarios.py;src/q4/physics.py;src/q4/optimization.py;src/q4/rolling.py,Q4Tests.test_prefix_uses_realized_slots_only; real Q4-3 smoke,mapped
1248,7.7,```math,src/q4/scenarios.py;src/q4/physics.py;src/q4/optimization.py;src/q4/rolling.py,Q4Tests.test_prefix_uses_realized_slots_only; real Q4-3 smoke,mapped
1249,7.7,"\mathcal T_{d,k}^{\rm cont}",src/q4/scenarios.py;src/q4/physics.py;src/q4/optimization.py;src/q4/rolling.py,Q4Tests.test_prefix_uses_realized_slots_only; real Q4-3 smoke,mapped
1250,7.7,```,src/q4/scenarios.py;src/q4/physics.py;src/q4/optimization.py;src/q4/rolling.py,Q4Tests.test_prefix_uses_realized_slots_only; real Q4-3 smoke,mapped
1252,7.7,为该 24 h 窗口中跨入次日的时段集合。,src/q4/scenarios.py;src/q4/physics.py;src/q4/optimization.py;src/q4/rolling.py,Q4Tests.test_prefix_uses_realized_slots_only; real Q4-3 smoke,mapped
1254,7.7,这些时段在当前日尚不存在 `0:00` 基准计划，因此只设置临时购电结算量,src/q4/scenarios.py;src/q4/physics.py;src/q4/optimization.py;src/q4/rolling.py,Q4Tests.test_prefix_uses_realized_slots_only; real Q4-3 smoke,mapped
1256,7.7,```math,src/q4/scenarios.py;src/q4/physics.py;src/q4/optimization.py;src/q4/rolling.py,Q4Tests.test_prefix_uses_realized_slots_only; real Q4-3 smoke,mapped
1257,7.7,"g^{\rm cont}_{d,t},",src/q4/scenarios.py;src/q4/physics.py;src/q4/optimization.py;src/q4/rolling.py,Q4Tests.test_prefix_uses_realized_slots_only; real Q4-3 smoke,mapped
1258,7.7,```,src/q4/scenarios.py;src/q4/physics.py;src/q4/optimization.py;src/q4/rolling.py,Q4Tests.test_prefix_uses_realized_slots_only; real Q4-3 smoke,mapped
1260,7.7,并按照正常预测交易价格计入 continuation cost，不施加当前日的增购/减购调整费用。,src/q4/scenarios.py;src/q4/physics.py;src/q4/optimization.py;src/q4/rolling.py,Q4Tests.test_prefix_uses_realized_slots_only; real Q4-3 smoke,mapped
1262,7.7,其场景成本明确写为,src/q4/scenarios.py;src/q4/physics.py;src/q4/optimization.py;src/q4/rolling.py,Q4Tests.test_prefix_uses_realized_slots_only; real Q4-3 smoke,mapped
1264,7.7,```math,src/q4/scenarios.py;src/q4/physics.py;src/q4/optimization.py;src/q4/rolling.py,Q4Tests.test_prefix_uses_realized_slots_only; real Q4-3 smoke,mapped
1265,7.7,\boxed{,src/q4/scenarios.py;src/q4/physics.py;src/q4/optimization.py;src/q4/rolling.py,Q4Tests.test_prefix_uses_realized_slots_only; real Q4-3 smoke,mapped
1266,7.7,"\Phi_{d,k,j}^{\rm cont}",src/q4/scenarios.py;src/q4/physics.py;src/q4/optimization.py;src/q4/rolling.py,Q4Tests.test_prefix_uses_realized_slots_only; real Q4-3 smoke,mapped
1267,7.7,=,src/q4/scenarios.py;src/q4/physics.py;src/q4/optimization.py;src/q4/rolling.py,Q4Tests.test_prefix_uses_realized_slots_only; real Q4-3 smoke,mapped
1268,7.7,"\sum_{t\in\mathcal T_{d,k}^{\rm cont}}",src/q4/scenarios.py;src/q4/physics.py;src/q4/optimization.py;src/q4/rolling.py,Q4Tests.test_prefix_uses_realized_slots_only; real Q4-3 smoke,mapped
1269,7.7,"p_{d,t,j}",src/q4/scenarios.py;src/q4/physics.py;src/q4/optimization.py;src/q4/rolling.py,Q4Tests.test_prefix_uses_realized_slots_only; real Q4-3 smoke,mapped
1270,7.7,\left(,src/q4/scenarios.py;src/q4/physics.py;src/q4/optimization.py;src/q4/rolling.py,Q4Tests.test_prefix_uses_realized_slots_only; real Q4-3 smoke,mapped
1271,7.7,"g^{\rm cont}_{d,t}",src/q4/scenarios.py;src/q4/physics.py;src/q4/optimization.py;src/q4/rolling.py,Q4Tests.test_prefix_uses_realized_slots_only; real Q4-3 smoke,mapped
1272,7.7,+,src/q4/scenarios.py;src/q4/physics.py;src/q4/optimization.py;src/q4/rolling.py,Q4Tests.test_prefix_uses_realized_slots_only; real Q4-3 smoke,mapped
1273,7.7,"5h^{\rm cont}_{d,t,j}",src/q4/scenarios.py;src/q4/physics.py;src/q4/optimization.py;src/q4/rolling.py,Q4Tests.test_prefix_uses_realized_slots_only; real Q4-3 smoke,mapped
1274,7.7,\right),src/q4/scenarios.py;src/q4/physics.py;src/q4/optimization.py;src/q4/rolling.py,Q4Tests.test_prefix_uses_realized_slots_only; real Q4-3 smoke,mapped
1275,7.7,}.,src/q4/scenarios.py;src/q4/physics.py;src/q4/optimization.py;src/q4/rolling.py,Q4Tests.test_prefix_uses_realized_slots_only; real Q4-3 smoke,mapped
1276,7.7,```,src/q4/scenarios.py;src/q4/physics.py;src/q4/optimization.py;src/q4/rolling.py,Q4Tests.test_prefix_uses_realized_slots_only; real Q4-3 smoke,mapped
1278,7.7,其中,src/q4/scenarios.py;src/q4/physics.py;src/q4/optimization.py;src/q4/rolling.py,Q4Tests.test_prefix_uses_realized_slots_only; real Q4-3 smoke,mapped
1280,7.7,```math,src/q4/scenarios.py;src/q4/physics.py;src/q4/optimization.py;src/q4/rolling.py,Q4Tests.test_prefix_uses_realized_slots_only; real Q4-3 smoke,mapped
1281,7.7,0,src/q4/scenarios.py;src/q4/physics.py;src/q4/optimization.py;src/q4/rolling.py,Q4Tests.test_prefix_uses_realized_slots_only; real Q4-3 smoke,mapped
1282,7.7,\le,src/q4/scenarios.py;src/q4/physics.py;src/q4/optimization.py;src/q4/rolling.py,Q4Tests.test_prefix_uses_realized_slots_only; real Q4-3 smoke,mapped
1283,7.7,"x^{\rm cont}_{d,t,j}",src/q4/scenarios.py;src/q4/physics.py;src/q4/optimization.py;src/q4/rolling.py,Q4Tests.test_prefix_uses_realized_slots_only; real Q4-3 smoke,mapped
1284,7.7,\le,src/q4/scenarios.py;src/q4/physics.py;src/q4/optimization.py;src/q4/rolling.py,Q4Tests.test_prefix_uses_realized_slots_only; real Q4-3 smoke,mapped
1285,7.7,"g^{\rm cont}_{d,t},",src/q4/scenarios.py;src/q4/physics.py;src/q4/optimization.py;src/q4/rolling.py,Q4Tests.test_prefix_uses_realized_slots_only; real Q4-3 smoke,mapped
1286,7.7,```,src/q4/scenarios.py;src/q4/physics.py;src/q4/optimization.py;src/q4/rolling.py,Q4Tests.test_prefix_uses_realized_slots_only; real Q4-3 smoke,mapped
1288,7.7,并且,src/q4/scenarios.py;src/q4/physics.py;src/q4/optimization.py;src/q4/rolling.py,Q4Tests.test_prefix_uses_realized_slots_only; real Q4-3 smoke,mapped
1289,7.7,"`x^{\rm cont},c^{\rm cont},r^{\rm cont},h^{\rm cont},w^{\rm cont},E^{\rm cont}`",src/q4/scenarios.py;src/q4/physics.py;src/q4/optimization.py;src/q4/rolling.py,Q4Tests.test_prefix_uses_realized_slots_only; real Q4-3 smoke,mapped
1290,7.7,满足与当前日相同的物理能量平衡、储能状态转移和节点共同储能计划约束。,src/q4/scenarios.py;src/q4/physics.py;src/q4/optimization.py;src/q4/rolling.py,Q4Tests.test_prefix_uses_realized_slots_only; real Q4-3 smoke,mapped
1292,7.7,节点 `k` 的完整滚动场景成本因此为,src/q4/scenarios.py;src/q4/physics.py;src/q4/optimization.py;src/q4/rolling.py,Q4Tests.test_prefix_uses_realized_slots_only; real Q4-3 smoke,mapped
1294,7.7,```math,src/q4/scenarios.py;src/q4/physics.py;src/q4/optimization.py;src/q4/rolling.py,Q4Tests.test_prefix_uses_realized_slots_only; real Q4-3 smoke,mapped
1295,7.7,\boxed{,src/q4/scenarios.py;src/q4/physics.py;src/q4/optimization.py;src/q4/rolling.py,Q4Tests.test_prefix_uses_realized_slots_only; real Q4-3 smoke,mapped
1296,7.7,"\Phi_{d,k,j}^{(4-3)}",src/q4/scenarios.py;src/q4/physics.py;src/q4/optimization.py;src/q4/rolling.py,Q4Tests.test_prefix_uses_realized_slots_only; real Q4-3 smoke,mapped
1297,7.7,=,src/q4/scenarios.py;src/q4/physics.py;src/q4/optimization.py;src/q4/rolling.py,Q4Tests.test_prefix_uses_realized_slots_only; real Q4-3 smoke,mapped
1298,7.7,"\Phi_{d,k,j}^{\rm cur}",src/q4/scenarios.py;src/q4/physics.py;src/q4/optimization.py;src/q4/rolling.py,Q4Tests.test_prefix_uses_realized_slots_only; real Q4-3 smoke,mapped
1299,7.7,+,src/q4/scenarios.py;src/q4/physics.py;src/q4/optimization.py;src/q4/rolling.py,Q4Tests.test_prefix_uses_realized_slots_only; real Q4-3 smoke,mapped
1300,7.7,"\Phi_{d,k,j}^{\rm cont}",src/q4/scenarios.py;src/q4/physics.py;src/q4/optimization.py;src/q4/rolling.py,Q4Tests.test_prefix_uses_realized_slots_only; real Q4-3 smoke,mapped
1301,7.7,}.,src/q4/scenarios.py;src/q4/physics.py;src/q4/optimization.py;src/q4/rolling.py,Q4Tests.test_prefix_uses_realized_slots_only; real Q4-3 smoke,mapped
1302,7.7,```,src/q4/scenarios.py;src/q4/physics.py;src/q4/optimization.py;src/q4/rolling.py,Q4Tests.test_prefix_uses_realized_slots_only; real Q4-3 smoke,mapped
1304,7.7,其中 continuation 部分只用于衡量当前储能状态和未来计划的延续价值。次日真正到达 `0:00` 后重新制定正式基准计划，先前的 `g^{\rm cont}` 不直接执行，也不进入最终比赛结果。,src/q4/scenarios.py;src/q4/physics.py;src/q4/optimization.py;src/q4/rolling.py,Q4Tests.test_prefix_uses_realized_slots_only; real Q4-3 smoke,mapped
1306,7.7,### 7.7.8 四时点鲁棒滚动模型,src/q4/scenarios.py;src/q4/physics.py;src/q4/optimization.py;src/q4/rolling.py,Q4Tests.test_prefix_uses_realized_slots_only; real Q4-3 smoke,mapped
1308,7.7,节点 `k` 求解,src/q4/scenarios.py;src/q4/physics.py;src/q4/optimization.py;src/q4/rolling.py,Q4Tests.test_prefix_uses_realized_slots_only; real Q4-3 smoke,mapped
1310,7.7,```math,src/q4/scenarios.py;src/q4/physics.py;src/q4/optimization.py;src/q4/rolling.py,Q4Tests.test_prefix_uses_realized_slots_only; real Q4-3 smoke,mapped
1311,7.7,\boxed{,src/q4/scenarios.py;src/q4/physics.py;src/q4/optimization.py;src/q4/rolling.py,Q4Tests.test_prefix_uses_realized_slots_only; real Q4-3 smoke,mapped
1312,7.7,"\min_{\Theta_{d,k}}",src/q4/scenarios.py;src/q4/physics.py;src/q4/optimization.py;src/q4/rolling.py,Q4Tests.test_prefix_uses_realized_slots_only; real Q4-3 smoke,mapped
1313,7.7,\sup_{\mathbb P\in,src/q4/scenarios.py;src/q4/physics.py;src/q4/optimization.py;src/q4/rolling.py,Q4Tests.test_prefix_uses_realized_slots_only; real Q4-3 smoke,mapped
1314,7.7,"\mathcal P_{\rho_{d,k}}}",src/q4/scenarios.py;src/q4/physics.py;src/q4/optimization.py;src/q4/rolling.py,Q4Tests.test_prefix_uses_realized_slots_only; real Q4-3 smoke,mapped
1315,7.7,\mathbb E_{\mathbb P},src/q4/scenarios.py;src/q4/physics.py;src/q4/optimization.py;src/q4/rolling.py,Q4Tests.test_prefix_uses_realized_slots_only; real Q4-3 smoke,mapped
1316,7.7,\left[,src/q4/scenarios.py;src/q4/physics.py;src/q4/optimization.py;src/q4/rolling.py,Q4Tests.test_prefix_uses_realized_slots_only; real Q4-3 smoke,mapped
1317,7.7,"\Phi_{d,k}^{(4-3)}(\Theta_{d,k},\xi)",src/q4/scenarios.py;src/q4/physics.py;src/q4/optimization.py;src/q4/rolling.py,Q4Tests.test_prefix_uses_realized_slots_only; real Q4-3 smoke,mapped
1318,7.7,\mid,src/q4/scenarios.py;src/q4/physics.py;src/q4/optimization.py;src/q4/rolling.py,Q4Tests.test_prefix_uses_realized_slots_only; real Q4-3 smoke,mapped
1319,7.7,"\mathcal I_{d,k}",src/q4/scenarios.py;src/q4/physics.py;src/q4/optimization.py;src/q4/rolling.py,Q4Tests.test_prefix_uses_realized_slots_only; real Q4-3 smoke,mapped
1320,7.7,\right],src/q4/scenarios.py;src/q4/physics.py;src/q4/optimization.py;src/q4/rolling.py,Q4Tests.test_prefix_uses_realized_slots_only; real Q4-3 smoke,mapped
1321,7.7,}.,src/q4/scenarios.py;src/q4/physics.py;src/q4/optimization.py;src/q4/rolling.py,Q4Tests.test_prefix_uses_realized_slots_only; real Q4-3 smoke,mapped
1322,7.7,```,src/q4/scenarios.py;src/q4/physics.py;src/q4/optimization.py;src/q4/rolling.py,Q4Tests.test_prefix_uses_realized_slots_only; real Q4-3 smoke,mapped
1324,7.7,同时满足：,src/q4/scenarios.py;src/q4/physics.py;src/q4/optimization.py;src/q4/rolling.py,Q4Tests.test_prefix_uses_realized_slots_only; real Q4-3 smoke,mapped
1326,7.7,```math,src/q4/scenarios.py;src/q4/physics.py;src/q4/optimization.py;src/q4/rolling.py,Q4Tests.test_prefix_uses_realized_slots_only; real Q4-3 smoke,mapped
1327,7.7,"\text{购电结算量—物理调用量分离约束},",src/q4/scenarios.py;src/q4/physics.py;src/q4/optimization.py;src/q4/rolling.py,Q4Tests.test_prefix_uses_realized_slots_only; real Q4-3 smoke,mapped
1328,7.7,```,src/q4/scenarios.py;src/q4/physics.py;src/q4/optimization.py;src/q4/rolling.py,Q4Tests.test_prefix_uses_realized_slots_only; real Q4-3 smoke,mapped
1330,7.7,```math,src/q4/scenarios.py;src/q4/physics.py;src/q4/optimization.py;src/q4/rolling.py,Q4Tests.test_prefix_uses_realized_slots_only; real Q4-3 smoke,mapped
1331,7.7,"\text{能量平衡约束},",src/q4/scenarios.py;src/q4/physics.py;src/q4/optimization.py;src/q4/rolling.py,Q4Tests.test_prefix_uses_realized_slots_only; real Q4-3 smoke,mapped
1332,7.7,```,src/q4/scenarios.py;src/q4/physics.py;src/q4/optimization.py;src/q4/rolling.py,Q4Tests.test_prefix_uses_realized_slots_only; real Q4-3 smoke,mapped
1334,7.7,```math,src/q4/scenarios.py;src/q4/physics.py;src/q4/optimization.py;src/q4/rolling.py,Q4Tests.test_prefix_uses_realized_slots_only; real Q4-3 smoke,mapped
1335,7.7,"\text{储电量状态转移与容量约束},",src/q4/scenarios.py;src/q4/physics.py;src/q4/optimization.py;src/q4/rolling.py,Q4Tests.test_prefix_uses_realized_slots_only; real Q4-3 smoke,mapped
1336,7.7,```,src/q4/scenarios.py;src/q4/physics.py;src/q4/optimization.py;src/q4/rolling.py,Q4Tests.test_prefix_uses_realized_slots_only; real Q4-3 smoke,mapped
1338,7.7,```math,src/q4/scenarios.py;src/q4/physics.py;src/q4/optimization.py;src/q4/rolling.py,Q4Tests.test_prefix_uses_realized_slots_only; real Q4-3 smoke,mapped
1339,7.7,"\text{充放电能力约束},",src/q4/scenarios.py;src/q4/physics.py;src/q4/optimization.py;src/q4/rolling.py,Q4Tests.test_prefix_uses_realized_slots_only; real Q4-3 smoke,mapped
1340,7.7,```,src/q4/scenarios.py;src/q4/physics.py;src/q4/optimization.py;src/q4/rolling.py,Q4Tests.test_prefix_uses_realized_slots_only; real Q4-3 smoke,mapped
1342,7.7,```math,src/q4/scenarios.py;src/q4/physics.py;src/q4/optimization.py;src/q4/rolling.py,Q4Tests.test_prefix_uses_realized_slots_only; real Q4-3 smoke,mapped
1343,7.7,"\text{跨日储能状态连续性},",src/q4/scenarios.py;src/q4/physics.py;src/q4/optimization.py;src/q4/rolling.py,Q4Tests.test_prefix_uses_realized_slots_only; real Q4-3 smoke,mapped
1344,7.7,```,src/q4/scenarios.py;src/q4/physics.py;src/q4/optimization.py;src/q4/rolling.py,Q4Tests.test_prefix_uses_realized_slots_only; real Q4-3 smoke,mapped
1346,7.7,```math,src/q4/scenarios.py;src/q4/physics.py;src/q4/optimization.py;src/q4/rolling.py,Q4Tests.test_prefix_uses_realized_slots_only; real Q4-3 smoke,mapped
1347,7.7,"\text{已执行决策冻结},",src/q4/scenarios.py;src/q4/physics.py;src/q4/optimization.py;src/q4/rolling.py,Q4Tests.test_prefix_uses_realized_slots_only; real Q4-3 smoke,mapped
1348,7.7,```,src/q4/scenarios.py;src/q4/physics.py;src/q4/optimization.py;src/q4/rolling.py,Q4Tests.test_prefix_uses_realized_slots_only; real Q4-3 smoke,mapped
1350,7.7,```math,src/q4/scenarios.py;src/q4/physics.py;src/q4/optimization.py;src/q4/rolling.py,Q4Tests.test_prefix_uses_realized_slots_only; real Q4-3 smoke,mapped
1351,7.7,"\text{储能节点共同储能计划约束},",src/q4/scenarios.py;src/q4/physics.py;src/q4/optimization.py;src/q4/rolling.py,Q4Tests.test_prefix_uses_realized_slots_only; real Q4-3 smoke,mapped
1352,7.7,```,src/q4/scenarios.py;src/q4/physics.py;src/q4/optimization.py;src/q4/rolling.py,Q4Tests.test_prefix_uses_realized_slots_only; real Q4-3 smoke,mapped
1354,7.7,以及问题三规定的购电调整结算规则。,src/q4/scenarios.py;src/q4/physics.py;src/q4/optimization.py;src/q4/rolling.py,Q4Tests.test_prefix_uses_realized_slots_only; real Q4-3 smoke,mapped
1356,7.7,每个节点只提交,src/q4/scenarios.py;src/q4/physics.py;src/q4/optimization.py;src/q4/rolling.py,Q4Tests.test_prefix_uses_realized_slots_only; real Q4-3 smoke,mapped
1358,7.7,```math,src/q4/scenarios.py;src/q4/physics.py;src/q4/optimization.py;src/q4/rolling.py,Q4Tests.test_prefix_uses_realized_slots_only; real Q4-3 smoke,mapped
1359,7.7,"[k,k+6{\rm h})",src/q4/scenarios.py;src/q4/physics.py;src/q4/optimization.py;src/q4/rolling.py,Q4Tests.test_prefix_uses_realized_slots_only; real Q4-3 smoke,mapped
1360,7.7,```,src/q4/scenarios.py;src/q4/physics.py;src/q4/optimization.py;src/q4/rolling.py,Q4Tests.test_prefix_uses_realized_slots_only; real Q4-3 smoke,mapped
1362,7.7,内的 committed decision，后续 provisional decision 仅用于 cost-to-go 评估，并在下一信息节点重新优化。,src/q4/scenarios.py;src/q4/physics.py;src/q4/optimization.py;src/q4/rolling.py,Q4Tests.test_prefix_uses_realized_slots_only; real Q4-3 smoke,mapped
1364,7.7,由此形成,src/q4/scenarios.py;src/q4/physics.py;src/q4/optimization.py;src/q4/rolling.py,Q4Tests.test_prefix_uses_realized_slots_only; real Q4-3 smoke,mapped
1366,7.7,```math,src/q4/scenarios.py;src/q4/physics.py;src/q4/optimization.py;src/q4/rolling.py,Q4Tests.test_prefix_uses_realized_slots_only; real Q4-3 smoke,mapped
1367,7.7,\boxed{,src/q4/scenarios.py;src/q4/physics.py;src/q4/optimization.py;src/q4/rolling.py,Q4Tests.test_prefix_uses_realized_slots_only; real Q4-3 smoke,mapped
1368,7.7,0{:}00,src/q4/scenarios.py;src/q4/physics.py;src/q4/optimization.py;src/q4/rolling.py,Q4Tests.test_prefix_uses_realized_slots_only; real Q4-3 smoke,mapped
1369,7.7,\rightarrow,src/q4/scenarios.py;src/q4/physics.py;src/q4/optimization.py;src/q4/rolling.py,Q4Tests.test_prefix_uses_realized_slots_only; real Q4-3 smoke,mapped
1370,7.7,6{:}00,src/q4/scenarios.py;src/q4/physics.py;src/q4/optimization.py;src/q4/rolling.py,Q4Tests.test_prefix_uses_realized_slots_only; real Q4-3 smoke,mapped
1371,7.7,\rightarrow,src/q4/scenarios.py;src/q4/physics.py;src/q4/optimization.py;src/q4/rolling.py,Q4Tests.test_prefix_uses_realized_slots_only; real Q4-3 smoke,mapped
1372,7.7,12{:}00,src/q4/scenarios.py;src/q4/physics.py;src/q4/optimization.py;src/q4/rolling.py,Q4Tests.test_prefix_uses_realized_slots_only; real Q4-3 smoke,mapped
1373,7.7,\rightarrow,src/q4/scenarios.py;src/q4/physics.py;src/q4/optimization.py;src/q4/rolling.py,Q4Tests.test_prefix_uses_realized_slots_only; real Q4-3 smoke,mapped
1374,7.7,18{:}00,src/q4/scenarios.py;src/q4/physics.py;src/q4/optimization.py;src/q4/rolling.py,Q4Tests.test_prefix_uses_realized_slots_only; real Q4-3 smoke,mapped
1375,7.7,},src/q4/scenarios.py;src/q4/physics.py;src/q4/optimization.py;src/q4/rolling.py,Q4Tests.test_prefix_uses_realized_slots_only; real Q4-3 smoke,mapped
1376,7.7,```,src/q4/scenarios.py;src/q4/physics.py;src/q4/optimization.py;src/q4/rolling.py,Q4Tests.test_prefix_uses_realized_slots_only; real Q4-3 smoke,mapped
1378,7.7,的四时点严格因果滚动闭环。,src/q4/scenarios.py;src/q4/physics.py;src/q4/optimization.py;src/q4/rolling.py,Q4Tests.test_prefix_uses_realized_slots_only; real Q4-3 smoke,mapped
1381,7.7,---,src/q4/scenarios.py;src/q4/physics.py;src/q4/optimization.py;src/q4/rolling.py,Q4Tests.test_prefix_uses_realized_slots_only; real Q4-3 smoke,mapped
1383,7.8,## 7.8 真实运行回放与模型检验,src/q4/diagnostics.py;src/q4/rolling.py;src/q4/export.py,Q4Tests.test_workbook_roundtrip_and_partial_guard,mapped
1385,7.8,"最终比赛结果不采用模型内部的场景期望费用，而将优化得到的策略重新放入附件 2 的真实负荷、真实光伏和附件 4 的真实价格序列中，严格按照时间顺序逐 `10\,\mathrm{min}` 回放：",src/q4/diagnostics.py;src/q4/rolling.py;src/q4/export.py,Q4Tests.test_workbook_roundtrip_and_partial_guard,mapped
1387,7.8,```math,src/q4/diagnostics.py;src/q4/rolling.py;src/q4/export.py,Q4Tests.test_workbook_roundtrip_and_partial_guard,mapped
1388,7.8,\boxed{,src/q4/diagnostics.py;src/q4/rolling.py;src/q4/export.py,Q4Tests.test_workbook_roundtrip_and_partial_guard,mapped
1389,7.8,\text{当时可用信息},src/q4/diagnostics.py;src/q4/rolling.py;src/q4/export.py,Q4Tests.test_workbook_roundtrip_and_partial_guard,mapped
1390,7.8,\rightarrow,src/q4/diagnostics.py;src/q4/rolling.py;src/q4/export.py,Q4Tests.test_workbook_roundtrip_and_partial_guard,mapped
1391,7.8,\text{预测与场景生成},src/q4/diagnostics.py;src/q4/rolling.py;src/q4/export.py,Q4Tests.test_workbook_roundtrip_and_partial_guard,mapped
1392,7.8,\rightarrow,src/q4/diagnostics.py;src/q4/rolling.py;src/q4/export.py,Q4Tests.test_workbook_roundtrip_and_partial_guard,mapped
1393,7.8,\text{策略提交},src/q4/diagnostics.py;src/q4/rolling.py;src/q4/export.py,Q4Tests.test_workbook_roundtrip_and_partial_guard,mapped
1394,7.8,\rightarrow,src/q4/diagnostics.py;src/q4/rolling.py;src/q4/export.py,Q4Tests.test_workbook_roundtrip_and_partial_guard,mapped
1395,7.8,\text{真实状态实现},src/q4/diagnostics.py;src/q4/rolling.py;src/q4/export.py,Q4Tests.test_workbook_roundtrip_and_partial_guard,mapped
1396,7.8,\rightarrow,src/q4/diagnostics.py;src/q4/rolling.py;src/q4/export.py,Q4Tests.test_workbook_roundtrip_and_partial_guard,mapped
1397,7.8,\text{真实价格结算},src/q4/diagnostics.py;src/q4/rolling.py;src/q4/export.py,Q4Tests.test_workbook_roundtrip_and_partial_guard,mapped
1398,7.8,\rightarrow,src/q4/diagnostics.py;src/q4/rolling.py;src/q4/export.py,Q4Tests.test_workbook_roundtrip_and_partial_guard,mapped
1399,7.8,\text{储能状态传递},src/q4/diagnostics.py;src/q4/rolling.py;src/q4/export.py,Q4Tests.test_workbook_roundtrip_and_partial_guard,mapped
1400,7.8,}.,src/q4/diagnostics.py;src/q4/rolling.py;src/q4/export.py,Q4Tests.test_workbook_roundtrip_and_partial_guard,mapped
1401,7.8,```,src/q4/diagnostics.py;src/q4/rolling.py;src/q4/export.py,Q4Tests.test_workbook_roundtrip_and_partial_guard,mapped
1403,7.8,任何时刻均不能调用该时刻之后的附件 4 真实电价参与先前决策。,src/q4/diagnostics.py;src/q4/rolling.py;src/q4/export.py,Q4Tests.test_workbook_roundtrip_and_partial_guard,mapped
1405,7.8,问题 4-2 的最终结果写入,src/q4/diagnostics.py;src/q4/rolling.py;src/q4/export.py,Q4Tests.test_workbook_roundtrip_and_partial_guard,mapped
1407,7.8,```text,src/q4/diagnostics.py;src/q4/rolling.py;src/q4/export.py,Q4Tests.test_workbook_roundtrip_and_partial_guard,mapped
1408,7.8,result4-2.xlsx,src/q4/diagnostics.py;src/q4/rolling.py;src/q4/export.py,Q4Tests.test_workbook_roundtrip_and_partial_guard,mapped
1409,7.8,```,src/q4/diagnostics.py;src/q4/rolling.py;src/q4/export.py,Q4Tests.test_workbook_roundtrip_and_partial_guard,mapped
1411,7.8,问题 4-3 的最终结果写入,src/q4/diagnostics.py;src/q4/rolling.py;src/q4/export.py,Q4Tests.test_workbook_roundtrip_and_partial_guard,mapped
1413,7.8,```text,src/q4/diagnostics.py;src/q4/rolling.py;src/q4/export.py,Q4Tests.test_workbook_roundtrip_and_partial_guard,mapped
1414,7.8,result4-3.xlsx,src/q4/diagnostics.py;src/q4/rolling.py;src/q4/export.py,Q4Tests.test_workbook_roundtrip_and_partial_guard,mapped
1415,7.8,```,src/q4/diagnostics.py;src/q4/rolling.py;src/q4/export.py,Q4Tests.test_workbook_roundtrip_and_partial_guard,mapped
1417,7.8,重点比较：,src/q4/diagnostics.py;src/q4/rolling.py;src/q4/export.py,Q4Tests.test_workbook_roundtrip_and_partial_guard,mapped
1419,7.8,| 指标 | 含义 |,src/q4/diagnostics.py;src/q4/rolling.py;src/q4/export.py,Q4Tests.test_workbook_roundtrip_and_partial_guard,mapped
1420,7.8,|---|---|,src/q4/diagnostics.py;src/q4/rolling.py;src/q4/export.py,Q4Tests.test_workbook_roundtrip_and_partial_guard,mapped
1421,7.8,| `MAE / RMSE` | 电价预测精度 |,src/q4/diagnostics.py;src/q4/rolling.py;src/q4/export.py,Q4Tests.test_workbook_roundtrip_and_partial_guard,mapped
1422,7.8,| `C_realized` | 全年真实结算总费用 |,src/q4/diagnostics.py;src/q4/rolling.py;src/q4/export.py,Q4Tests.test_workbook_roundtrip_and_partial_guard,mapped
1423,7.8,| `E_emergency` | 全年紧急购电量 |,src/q4/diagnostics.py;src/q4/rolling.py;src/q4/export.py,Q4Tests.test_workbook_roundtrip_and_partial_guard,mapped
1424,7.8,| `Q_0.95(C_d)` | 高成本日尾部风险 |,src/q4/diagnostics.py;src/q4/rolling.py;src/q4/export.py,Q4Tests.test_workbook_roundtrip_and_partial_guard,mapped
1425,7.8,| 调整购电量 | 四时点更新实际使用程度 |,src/q4/diagnostics.py;src/q4/rolling.py;src/q4/export.py,Q4Tests.test_workbook_roundtrip_and_partial_guard,mapped
1426,7.8,| 节点信息价值 | 6:00、12:00、18:00 更新是否带来净收益 |,src/q4/diagnostics.py;src/q4/rolling.py;src/q4/export.py,Q4Tests.test_workbook_roundtrip_and_partial_guard,mapped
1428,7.8,本次紧急修复只执行单元与因果边界验证、3天Q4-2及2天Q4-3连续回放，然后立即执行334天正式计算。不开展新的全年消融、场景数扫描、窗口或半径扫描；历史文档中的实验计划不能作为已经完成的实验。,src/q4/diagnostics.py;src/q4/rolling.py;src/q4/export.py,Q4Tests.test_workbook_roundtrip_and_partial_guard,mapped
1430,7.8,正式发布门禁：Q4-2的334日、Q4-3的1336节点全部Optimal，整数变量数0，fallback数0；最大物理平衡残差不超过1e-6 kWh，SOC与功率合法。按附件4重计最终Q2策略费用作为基准；若新费用超过其15%，或SOC在上界占比达到99%，保存诊断并阻止正式Excel发布。只有334天完整、日receipt校验和以上门禁通过，才按附件5模板生成与回读result4-2.xlsx和result4-3.xlsx。,src/q4/diagnostics.py;src/q4/rolling.py;src/q4/export.py,Q4Tests.test_workbook_roundtrip_and_partial_guard,mapped
1432,7.9,## 7.9 问题四模型特点,src/q4,full test suite and traceability audit,mapped
1434,7.9,问题四并非简单将附件 4 的真实价格直接代入优化器，而是按照真实运行时序区分“已经实现的价格”和“尚未实现的未来价格”。附件 4 中未来真实价格只承担事后回放和费用结算作用，从而保证所有计划与调整策略均具备可执行的因果信息结构。,src/q4,full test suite and traceability audit,mapped
1436,7.9,首先，附件 4 显著的 7 日周期支持采用,src/q4,full test suite and traceability audit,mapped
1438,7.9,```math,src/q4,full test suite and traceability audit,mapped
1439,7.9,\boxed{,src/q4,full test suite and traceability audit,mapped
1440,7.9,\text{7 日季节中心},src/q4,full test suite and traceability audit,mapped
1441,7.9,+,src/q4,full test suite and traceability audit,mapped
1442,7.9,\text{共享参数 Elastic Net 残差校正},src/q4,full test suite and traceability audit,mapped
1443,7.9,},src/q4,full test suite and traceability audit,mapped
1444,7.9,```,src/q4,full test suite and traceability audit,mapped
1446,7.9,预测未来价格；,src/q4,full test suite and traceability audit,mapped
1448,7.9,其次，价格与净负荷异常具有明显联合上尾，因此采用,src/q4,full test suite and traceability audit,mapped
1450,7.9,```math,src/q4,full test suite and traceability audit,mapped
1451,7.9,\boxed{,src/q4,full test suite and traceability audit,mapped
1452,7.9,\text{同日绑定的价格—净负荷 OOS 联合残差轨迹},src/q4,full test suite and traceability audit,mapped
1453,7.9,},src/q4,full test suite and traceability audit,mapped
1454,7.9,```,src/q4,full test suite and traceability audit,mapped
1456,7.9,刻画未来不确定性；,src/q4,full test suite and traceability audit,mapped
1458,7.9,进一步通过滚动残差池、尾部保持 k-medoids 和有限支持 Wasserstein 概率模糊集，降低季节漂移、有限样本和极端联合状态对经验场景估计的影响；,src/q4,full test suite and traceability audit,mapped
1460,7.9,最后，在问题 4-3 中将“已实现前缀”和“节点 `k` 的未来 forecast-origin residual”严格分离，并利用当前联合前缀对未来场景概率进行条件更新，使,src/q4,full test suite and traceability audit,mapped
1462,7.9,```math,src/q4,full test suite and traceability audit,mapped
1463,7.9,"0{:}00,\ 6{:}00,\ 12{:}00,\ 18{:}00",src/q4,full test suite and traceability audit,mapped
1464,7.9,```,src/q4,full test suite and traceability audit,mapped
1466,7.9,四次决策形成严格因果的滚动闭环。,src/q4,full test suite and traceability audit,mapped
1468,7.9,因此，问题四的整体建模思想为,src/q4,full test suite and traceability audit,mapped
1470,7.9,```math,src/q4,full test suite and traceability audit,mapped
1471,7.9,\boxed{,src/q4,full test suite and traceability audit,mapped
1472,7.9,\text{严格因果价格预测},src/q4,full test suite and traceability audit,mapped
1473,7.9,\rightarrow,src/q4,full test suite and traceability audit,mapped
1474,7.9,\text{价格—净负荷联合 OOS 残差},src/q4,full test suite and traceability audit,mapped
1475,7.9,\rightarrow,src/q4,full test suite and traceability audit,mapped
1476,7.9,\text{尾部保持场景缩减},src/q4,full test suite and traceability audit,mapped
1477,7.9,\rightarrow,src/q4,full test suite and traceability audit,mapped
1478,7.9,\text{有限支持 Wasserstein DRO},src/q4,full test suite and traceability audit,mapped
1479,7.9,\rightarrow,src/q4,full test suite and traceability audit,mapped
1480,7.9,\text{节点预提交储能计划},src/q4,full test suite and traceability audit,mapped
1481,7.9,\rightarrow,src/q4,full test suite and traceability audit,mapped
1482,7.9,\text{四时点滚动执行},src/q4,full test suite and traceability audit,mapped
1483,7.9,\rightarrow,src/q4,full test suite and traceability audit,mapped
1484,7.9,\text{真实价格回放结算},src/q4,full test suite and traceability audit,mapped
1485,7.9,}.,src/q4,full test suite and traceability audit,mapped
1486,7.9,```,src/q4,full test suite and traceability audit,mapped
1488,7.9,整个框架始终遵循“预测模型描述未来、优化模型制定策略、购电结算量与物理调用量分离、真实数据只在实现后参与状态更新和结算”的原则，从而在保持问题二、问题三调度结构的基础上，完整刻画波动电价带来的新增决策风险。,src/q4,full test suite and traceability audit,mapped
