date,interval,charge,discharge,soc_start,soc_end
2025-02-01,00:00-04:00,5333.3333333333321,0,6000,4323.6192726538529
2025-02-01,04:00-08:00,0,7199.9396421714418,6000,4323.6192726538529
2025-02-01,08:00-12:00,4939.9848509350286,1168.8080752472047,6000,4323.6192726538529
2025-02-01,12:00-16:00,5448.3609335562151,45.812368019263786,6000,4323.6192726538529
2025-02-01,16:00-20:00,0,6254.5265809618895,6000,4323.6192726538529
2025-02-01,20:00-24:00,4223.6467110249914,2995.3699095798852,6000,4323.6192726538529
2025-02-02,00:00-04:00,6362.6452526068297,0,4323.6192726538529,1375.844290860201
2025-02-02,04:00-08:00,1598.355648097257,1783.8229719951764,4323.6192726538529,1375.844290860201
2025-02-02,08:00-12:00,5833.333333333333,7372.6176678854426,4323.6192726538529,1375.844290860201
2025-02-02,12:00-16:00,7218.7798909296771,2040.211270868293,4323.6192726538529,1375.844290860201
2025-02-02,16:00-20:00,28.73234240998541,5684.1930441601844,4323.6192726538529,1375.844290860201
2025-02-02,20:00-24:00,1007.0740502645017,3631.7781479948735,4323.6192726538529,1375.844290860201
2025-02-03,00:00-04:00,9637.9507879331086,0,1375.844290860201,1418.5200402082537
2025-02-03,04:00-08:00,1640.7794203194799,1688.0108501989889,1375.844290860201,1418.5200402082537
2025-02-03,08:00-12:00,5833.333333333333,7066.0204802597891,1375.844290860201,1418.5200402082537
2025-02-03,12:00-16:00,6727.6690584412418,2074.4119373374069,1375.844290860201,1418.5200402082537
2025-02-03,16:00-20:00,0,5684.6496075145851,1375.844290860201,1418.5200402082537
2025-02-03,20:00-24:00,301.30613637704954,3002.7403267633972,1375.844290860201,1418.5200402082537
2025-02-04,00:00-04:00,9590.5332886574961,0,1418.5200402082537,1376.5566033643827
2025-02-04,04:00-08:00,1624.1278400255344,1541.1987917207634,1418.5200402082537,1376.5566033643827
2025-02-04,08:00-12:00,5828.3461333333325,7739.3447586999191,1418.5200402082537,1376.5566033643827
2025-02-04,12:00-16:00,7516.1116382053333,2169.0107949463204,1418.5200402082537,1376.5566033643827
2025-02-04,16:00-20:00,0,5688.6455822196549,1418.5200402082537,1376.5566033643827
2025-02-04,20:00-24:00,283.02821966445379,3021.7063326806056,1418.5200402082537,1376.5566033643827
2025-02-05,00:00-04:00,9637.1593295951297,0,1376.5566033643827,1317.7627401212812
2025-02-05,04:00-08:00,1599.5676317279444,1618.9402543122173,1376.5566033643827,1317.7627401212812
2025-02-05,08:00-12:00,5115.5940508697513,7524.1858577177736,1376.5566033643827,1317.7627401212812
2025-02-05,12:00-16:00,7720.2636195409814,1874.5683827023383,1376.5566033643827,1317.7627401212812
2025-02-05,16:00-20:00,0,5740.2207880168698,1376.5566033643827,1317.7627401212812
2025-02-05,20:00-24:00,914.64412104233111,3534.6544839182593,1376.5566033643827,1317.7627401212812
2025-02-06,00:00-04:00,9702.4858443096873,0,1317.7627401212812,1199.9999999999964
2025-02-06,04:00-08:00,1628.3974539501664,1679.756520367195,1317.7627401212812,1199.9999999999964
2025-02-06,08:00-12:00,5833.333333333333,7524.9594724702029,1317.7627401212812,1199.9999999999964
2025-02-06,12:00-16:00,7280.5380879028517,2061.5217960635473,1317.7627401212812,1199.9999999999964
2025-02-06,16:00-20:00,16.828575425846584,5703.9737261910186,1317.7627401212812,1199.9999999999964
2025-02-06,20:00-24:00,915.4854448750616,3691.2006302527161,1317.7627401212812,1199.9999999999964
2025-02-07,00:00-04:00,9833.3333333333358,0,1199.9999999999964,1292.2263826271101
2025-02-07,04:00-08:00,833.33333333333326,6740.7027803403817,1199.9999999999964,1292.2263826271101
2025-02-07,08:00-12:00,5354.925723610002,1899.2972196596188,1199.9999999999964,1292.2263826271101
2025-02-07,12:00-16:00,5311.7409430566586,0,1199.9999999999964,1292.2263826271101
2025-02-07,16:00-20:00,0,6266.0720641601874,1199.9999999999964,1292.2263826271101
2025-02-07,20:00-24:00,512.366008400076,2705.9406582794759,1199.9999999999964,1292.2263826271101
2025-02-08,00:00-04:00,10730.691192987455,508.56735224022242,1292.2263826271101,4373.3001829172299
2025-02-08,04:00-08:00,0,7602.5946820980043,1292.2263826271101,4373.3001829172299
2025-02-08,08:00-12:00,5845.6161260302397,489.86877404910359,1292.2263826271101,4373.3001829172299
2025-02-08,12:00-16:00,4610.5974883489635,16.107877248002193,1292.2263826271101,4373.3001829172299
2025-02-08,16:00-20:00,44.281593043824756,6346.0377974792409,1292.2263826271101,4373.3001829172299
2025-02-08,20:00-24:00,4240.0628009500078,2895.5689497263156,1292.2263826271101,4373.3001829172299
2025-02-09,00:00-04:00,6307.4442412030776,0,4373.3001829172299,1372.2666675482287
2025-02-09,04:00-08:00,1625.4687796777257,1475.3572289872836,4373.3001829172299,1372.2666675482287
2025-02-09,08:00-12:00,5748.300525317175,6745.1607906217096,4373.3001829172299,1372.2666675482287
2025-02-09,12:00-16:00,6367.53691950546,2234.9400222362992,4373.3001829172299,1372.2666675482287
2025-02-09,16:00-20:00,39.951740991252763,5792.9126474511631,4373.3001829172299,1372.2666675482287
2025-02-09,20:00-24:00,252.49069104324821,2928.9257217033783,4373.3001829172299,1372.2666675482287
2025-02-10,00:00-04:00,10475.259258279744,0,1372.2666675482287,1391.7525094233024
2025-02-10,04:00-08:00,0,2555.0677990998756,1372.2666675482287,1391.7525094233024
2025-02-10,08:00-12:00,5833.333333333333,5561.6316339818522,1372.2666675482287,1391.7525094233024
2025-02-10,12:00-16:00,5851.9828543765479,1348.4066789632784,1372.2666675482287,1391.7525094233024
2025-02-10,16:00-20:00,42.501061279446695,5970.0163131378395,1372.2666675482287,1391.7525094233024
2025-02-10,20:00-24:00,300.61881615964467,2775.3335291068511,1372.2666675482287,1391.7525094233024
2025-02-11,00:00-04:00,9620.2749895296638,0,1391.7525094233024,1397.0154848755774
2025-02-11,04:00-08:00,1589.5785222442387,2471.3894373419275,1391.7525094233024,1397.0154848755774
2025-02-11,08:00-12:00,5734.1170463436792,6160.8039732142861,1391.7525094233024,1397.0154848755774
2025-02-11,12:00-16:00,5895.6486798290989,1400.475430661571,1391.7525094233024,1397.0154848755774
2025-02-11,16:00-20:00,8.1598003160911254,5795.2529983858822,1391.7525094233024,1397.0154848755774
2025-02-11,20:00-24:00,276.6018848926534,2898.090030245176,1391.7525094233024,1397.0154848755774
2025-02-12,00:00-04:00,9614.4272390271362,0,1397.0154848755774,1303.5371393279656
2025-02-12,04:00-08:00,833.33333333333326,3142.1222498187831,1397.0154848755774,1303.5371393279656
2025-02-12,08:00-12:00,5833.333333333333,5497.8777501812165,1397.0154848755774,1303.5371393279656
2025-02-12,12:00-16:00,6931.6009346603669,1699.5967570748999,1397.0154848755774,1303.5371393279656
2025-02-12,16:00-20:00,43.797222002476659,5788.7540885399458,1397.0154848755774,1303.5371393279656
2025-02-12,20:00-24:00,907.87567508859161,3528.9175327086491,1397.0154848755774,1303.5371393279656
2025-02-13,00:00-04:00,10551.625400746703,0,1303.5371393279656,1200
2025-02-13,04:00-08:00,0,3898.2678811256951,1303.5371393279656,1200
2025-02-13,08:00-12:00,6003.5557193698214,4741.7321188743044,1303.5371393279656,1200
2025-02-13,12:00-16:00,6596.195188921477,1573.3221623633967,1303.5371393279656,1200
2025-02-13,16:00-20:00,47.103346290607419,5729.1905067747803,1303.5371393279656,1200
2025-02-13,20:00-24:00,103.30240967896597,3025.114228913129,1303.5371393279656,1200
2025-02-14,00:00-04:00,9833.3333333333321,0,1200,1272.353751059778
2025-02-14,04:00-08:00,833.33333333333326,6331.2074781310039,1200,1272.353751059778
2025-02-14,08:00-12:00,3199.4808731217777,459.86531461439881,1200,1272.353751059778
2025-02-14,12:00-16:00,5184.5596117490913,0,1200,1272.353751059778
2025-02-14,16:00-20:00,7.8524915820266301,6254.9363206736052,1200,1272.353751059778
2025-02-14,20:00-24:00,876.67903902245041,3036.4158431622218,1200,1272.353751059778
2025-02-15,00:00-04:00,10586.27360993358,0,1272.353751059778,4985.2000583736881
2025-02-15,04:00-08:00,0,6906.0884570283761,1272.353751059778,4985.2000583736881
2025-02-15,08:00-12:00,1996.9580342253219,301.00778866292472,1272.353751059778,4985.2000583736881
2025-02-15,12:00-16:00,6900.6916518133194,0,1272.353751059778,4985.2000583736881
2025-02-15,16:00-20:00,35.251574776630889,6329.4231544510185,1272.353751059778,4985.2000583736881
2025-02-15,20:00-24:00,4215.5318704410702,2347.0313836389996,1272.353751059778,4985.2000583736881
2025-02-16,00:00-04:00,5627.5554906959014,0,4985.2000583736881,1232.0470948008351
2025-02-16,04:00-08:00,1647.8864106891776,3485.0453106948912,4985.2000583736881,1232.0470948008351
2025-02-16,08:00-12:00,5833.333333333333,5814.7426819633447,4985.2000583736881,1232.0470948008351
2025-02-16,12:00-16:00,5773.5163461755519,761.54824040219569,4985.2000583736881,1232.0470948008351
2025-02-16,16:00-20:00,19.490081768252253,6547.1730448570215,4985.2000583736881,1232.0470948008351
2025-02-16,20:00-24:00,841.30612651927049,2761.2294985351191,4985.2000583736881,1232.0470948008351
2025-02-17,00:00-04:00,9797.7254502212945,0,1232.0470948008351,1303.7207466323998
2025-02-17,04:00-08:00,833.33333333333326,3452.2460725380806,1232.0470948008351,1303.7207466323998
2025-02-17,08:00-12:00,5835.1418609440607,5187.7539274619194,1232.0470948008351,1303.7207466323998
2025-02-17,12:00-16:00,5233.4412403492297,325.55231204756524,1232.0470948008351,1303.7207466323998
2025-02-17,16:00-20:00,15.068990574457413,7253.2683697712882,1232.0470948008351,1303.7207466323998
2025-02-17,20:00-24:00,244.10564897007839,1503.3144162906297,1232.0470948008351,1303.7207466323998
2025-02-18,00:00-04:00,8884.7547259639996,0,1303.7207466323998,1287.6991093761553
2025-02-18,04:00-08:00,2499.1592793383184,3745.0340758403736,1303.7207466323998,1287.6991093761553
2025-02-18,08:00-12:00,5159.6044991335184,5439.4985230810516,1303.7207466323998,1287.6991093761553
2025-02-18,12:00-16:00,6078.5182632804508,839.55562764207195,1303.7207466323998,1287.6991093761553
2025-02-18,16:00-20:00,325.85560658727485,5739.3114851996233,1303.7207466323998,1287.6991093761553
2025-02-18,20:00-24:00,149.58322188576204,2959.9749946808502,1303.7207466323998,1287.6991093761553
2025-02-19,00:00-04:00,9735.8898784709381,0,1287.6991093761553,1269.5181905231711
2025-02-19,04:00-08:00,1666.6666666666665,3786.0858054553614,1287.6991093761553,1269.5181905231711
2025-02-19,08:00-12:00,5765.9278720230941,5511.0260669438976,1287.6991093761553,1269.5181905231711
2025-02-19,12:00-16:00,6673.551335304317,1471.0573659896559,1287.6991093761553,1269.5181905231711
2025-02-19,16:00-20:00,27.875214368463048,6462.7880408929432,1287.6991093761553,1269.5181905231711
2025-02-19,20:00-24:00,165.20308887981548,2253.8479328136,1287.6991093761553,1269.5181905231711
2025-02-20,00:00-04:00,8922.7575660853654,0,1269.5181905231711,1200.0000000000036
2025-02-20,04:00-08:00,2500,4515.8480993930152,1269.5181905231711,1200.0000000000036
2025-02-20,08:00-12:00,5833.333333333333,4799.1519006069866,1269.5181905231711,1200.0000000000036
2025-02-20,12:00-16:00,5388.840259192164,452.00335963440142,1269.5181905231711,1200.0000000000036
2025-02-20,16:00-20:00,17.181405142523129,5952.1741125668141,1269.5181905231711,1200.0000000000036
2025-02-20,20:00-24:00,87.811447277718159,2770.8273482048326,1269.5181905231711,1200.0000000000036
2025-02-21,00:00-04:00,9802.7609751112559,0,1200.0000000000036,1296.3449454523161
2025-02-21,04:00-08:00,0,6519.358519462402,1200.0000000000036,1296.3449454523161
2025-02-21,08:00-12:00,4597.9124410473805,508.85169480681986,1200.0000000000036,1296.3449454523161
2025-02-21,12:00-16:00,4943.5272997394231,0.59236560821030437,1200.0000000000036,1296.3449454523161
2025-02-21,16:00-20:00,7.1023912612281617,6292.0270445984024,1200.0000000000036,1296.3449454523161
2025-02-21,20:00-24:00,1664.7982486412895,3615.5020228155536,1200.0000000000036,1296.3449454523161
2025-02-22,00:00-04:00,6914.2156006174173,0,1296.3449454523161,1433.8466867395746
2025-02-22,04:00-08:00,833.33333333333326,5977.0798036353317,1296.3449454523161,1433.8466867395746
2025-02-22,08:00-12:00,5211.7648036082755,249.72206850964056,1296.3449454523161,1433.8466867395746
2025-02-22,12:00-16:00,5287.7127084136764,14.389516355415481,1296.3449454523161,1433.8466867395746
2025-02-22,16:00-20:00,32.870707430254527,6316.295161801052,1296.3449454523161,1433.8466867395746
2025-02-22,20:00-24:00,963.48173684881294,2905.8987836439583,1296.3449454523161,1433.8466867395746
2025-02-23,00:00-04:00,7906.8370147338064,0,1433.8466867395746,1339.0290818637186
2025-02-23,04:00-08:00,2534.4462200782673,3837.0858267363278,1433.8466867395746,1339.0290818637186
2025-02-23,08:00-12:00,5692.4885426698611,4838.9896157047087,1433.8466867395746,1339.0290818637186
2025-02-23,12:00-16:00,5985.3682267314189,810.88997903739551,1433.8466867395746,1339.0290818637186
2025-02-23,16:00-20:00,0.41687777777757173,7230.1972545883127,1433.8466867395746,1339.0290818637186
2025-02-23,20:00-24:00,307.51045009765335,1534.0977073134418,1433.8466867395746,1339.0290818637186
2025-02-24,00:00-04:00,9678.8565757069773,0,1339.0290818637186,1285.5932343356999
2025-02-24,04:00-08:00,1789.1588548584236,3862.3130629158641,1339.0290818637186,1285.5932343356999
2025-02-24,08:00-12:00,4422.7381920408607,4842.7769875490621,1339.0290818637186,1285.5932343356999
2025-02-24,12:00-16:00,6026.5519270155837,533.05361840611795,1339.0290818637186,1285.5932343356999
2025-02-24,16:00-20:00,15.645991600196226,5888.3225011196519,1339.0290818637186,1285.5932343356999
2025-02-24,20:00-24:00,154.47811236825547,2812.4441121926607,1339.0290818637186,1285.5932343356999
2025-02-25,00:00-04:00,8904.8964062936648,0,1285.5932343356999,1305.226289310649
2025-02-25,04:00-08:00,2500,5179.0210238753334,1285.5932343356999,1305.226289310649
2025-02-25,08:00-12:00,5940.6147233129686,3675.3322648784369,1285.5932343356999,1305.226289310649
2025-02-25,12:00-16:00,4785.1062623997213,508.48070967350816,1285.5932343356999,1305.226289310649
2025-02-25,16:00-20:00,6.0508913050991602,6432.9125731104732,1285.5932343356999,1305.226289310649
2025-02-25,20:00-24:00,155.52896069207048,2243.2634466276477,1285.5932343356999,1305.226289310649
2025-02-26,00:00-04:00,9716.4152340992787,0,1305.226289310649,1317.1229353944673
2025-02-26,04:00-08:00,901.18935404655656,4997.9821786233952,1305.226289310649,1317.1229353944673
2025-02-26,08:00-12:00,5709.0282762204206,3696.476364543792,1305.226289310649,1317.1229353944673
2025-02-26,12:00-16:00,5677.1853602822412,603.16598822973504,1305.226289310649,1317.1229353944673
2025-02-26,16:00-20:00,24.479146977844543,6342.1773656078212,1305.226289310649,1317.1229353944673
2025-02-26,20:00-24:00,175.56456351099195,2334.6192889810591,1305.226289310649,1317.1229353944673
2025-02-27,00:00-04:00,9703.1967384505915,0,1317.1229353944673,1200.1525765422484
2025-02-27,04:00-08:00,1755.2987135867518,4746.2305843999029,1317.1229353944673,1200.1525765422484
2025-02-27,08:00-12:00,5962.609991020182,4640.5613736053665,1317.1229353944673,1200.1525765422484
2025-02-27,12:00-16:00,5797.4810338177303,885.67373011870848,1317.1229353944673,1200.1525765422484
2025-02-27,16:00-20:00,9.6377348072425093,6441.1670309306273,1317.1229353944673,1200.1525765422484
2025-02-27,20:00-24:00,893.78533140795071,2930.4683338156547,1317.1229353944673,1200.1525765422484
2025-02-28,00:00-04:00,7167.3602094002172,0,1200.1525765422484,1279.7048917641678
2025-02-28,04:00-08:00,0,5740.1370640970654,1200.1525765422484,1279.7048917641678
2025-02-28,08:00-12:00,4596.1142780393211,65.562024405134778,1200.1525765422484,1279.7048917641678
2025-02-28,12:00-16:00,6070.5523886273413,1.1198326923542155,1200.1525765422484,1279.7048917641678
2025-02-28,16:00-20:00,1.3825094967335978,6278.9634079902726,1200.1525765422484,1279.7048917641678
2025-02-28,20:00-24:00,888.26455273213537,3008.7964771350034,1200.1525765422484,1279.7048917641678
2025-03-01,00:00-04:00,8139.61604935786,0,1279.7048917641678,3300.0000000000036
2025-03-01,04:00-08:00,1666.6666666666665,6049.7735271296251,1279.7048917641678,3300.0000000000036
2025-03-01,08:00-12:00,2563.0561980264524,377.45191008657389,1279.7048917641678,3300.0000000000036
2025-03-01,12:00-16:00,6143.6129805520432,0,1279.7048917641678,3300.0000000000036
2025-03-01,16:00-20:00,5.8356468430421842,6274.1983596947593,1279.7048917641678,3300.0000000000036
2025-03-01,20:00-24:00,3057.804923733343,2957.3505024721144,1279.7048917641678,3300.0000000000036
2025-03-02,00:00-04:00,7499.9999999999955,0,3300.0000000000036,1390.6281635818723
2025-03-02,04:00-08:00,1678.1268171663928,3788.5962784949256,3300.0000000000036,1390.6281635818723
2025-03-02,08:00-12:00,5258.1981464614646,5535.6864434098525,3300.0000000000036,1390.6281635818723
2025-03-02,12:00-16:00,6714.0502114261608,1057.5211698889771,3300.0000000000036,1390.6281635818723
2025-03-02,16:00-20:00,7.6416145060727194,7225.7130116135268,3300.0000000000036,1390.6281635818723
2025-03-02,20:00-24:00,314.77462679200289,1503.8787966142233,3300.0000000000036,1390.6281635818723
2025-03-03,00:00-04:00,7499.9999999999991,0,1390.6281635818723,1380.5122123625515
2025-03-03,04:00-08:00,3788.190929353475,4091.5589285579626,1390.6281635818723,1380.5122123625515
2025-03-03,08:00-12:00,5833.333333333333,5223.4410714420383,1390.6281635818723,1380.5122123625515
2025-03-03,12:00-16:00,6129.9092824073996,1050.2265187499943,1390.6281635818723,1380.5122123625515
2025-03-03,16:00-20:00,5.8272729353577652,6625.9262023719457,1390.6281635818723,1380.5122123625515
2025-03-03,20:00-24:00,296.65511629657863,2096.6235417796279,1390.6281635818723,1380.5122123625515
2025-03-04,00:00-04:00,9632.7642084860527,0,1380.5122123625515,1353.8724285327316
2025-03-04,04:00-08:00,1760.5075079953331,4438.5395923855594,1380.5122123625515,1353.8724285327316
2025-03-04,08:00-12:00,5296.4278388496978,4952.4714890906598,1380.5122123625515,1353.8724285327316
2025-03-04,12:00-16:00,5777.7716120365394,445.44472993573612,1380.5122123625515,1353.8724285327316
2025-03-04,16:00-20:00,150.33889470425652,6459.5523528345911,1380.5122123625515,1353.8724285327316
2025-03-04,20:00-24:00,226.93819632888506,2232.2137305049159,1380.5122123625515,1353.8724285327316
2025-03-05,00:00-04:00,8829.0306349636303,0,1353.8724285327316,1489.3055604039691
2025-03-05,04:00-08:00,2493.0988319621902,4850.0484848429514,1353.8724285327316,1489.3055604039691
2025-03-05,08:00-12:00,5993.863809397657,4308.1220285292629,1353.8724285327316,1489.3055604039691
2025-03-05,12:00-16:00,5571.420418589305,879.11976518660299,1353.8724285327316,1489.3055604039691
2025-03-05,16:00-20:00,8.7833027726689448,6438.234004148072,1353.8724285327316,1489.3055604039691
2025-03-05,20:00-24:00,990.46011642524059,2750.7781610386596,1353.8724285327316,1489.3055604039691
2025-03-06,00:00-04:00,9511.8827106622557,0,1489.3055604039691,1386.1026260974431
2025-03-06,04:00-08:00,1742.5895239523243,5711.0991120125809,1489.3055604039691,1386.1026260974431
2025-03-06,08:00-12:00,5825.4942718108978,3665.3984023888024,1489.3055604039691,1386.1026260974431
2025-03-06,12:00-16:00,5939.111544817777,889.33071146922362,1489.3055604039691,1386.1026260974431
2025-03-06,16:00-20:00,6.7333425711689712,6186.036024444893,1489.3055604039691,1386.1026260974431
2025-03-06,20:00-24:00,259.59338244798698,2502.1962593329263,1489.3055604039691,1386.1026260974431
2025-03-07,00:00-04:00,5222.9451464975618,0,1386.1026260974431,1263.8203558386595
2025-03-07,04:00-08:00,1666.6666666666665,5609.6316869664952,1386.1026260974431,1263.8203558386595
2025-03-07,08:00-12:00,4793.0505186004902,104.56264486860314,1386.1026260974431,1263.8203558386595
2025-03-07,12:00-16:00,5831.784542738239,0,1386.1026260974431,1263.8203558386595
2025-03-07,16:00-20:00,0.11173588850448368,6229.8167628874025,1386.1026260974431,1263.8203558386595
2025-03-07,20:00-24:00,914.61900173290849,3093.6768143311447,1386.1026260974431,1263.8203558386595
2025-03-08,00:00-04:00,4796.9459453606069,0,1263.8203558386595,2084.4470026659392
2025-03-08,04:00-08:00,833.33333333333326,4617.9645359968854,1263.8203558386595,2084.4470026659392
2025-03-08,08:00-12:00,2963.1492930697618,0,1263.8203558386595,2084.4470026659392
2025-03-08,12:00-16:00,7703.5173735969038,0,1263.8203558386595,2084.4470026659392
2025-03-08,16:00-20:00,18.251148128076295,6304.5650008833527,1263.8203558386595,2084.4470026659392
2025-03-08,20:00-24:00,1674.2156842019742,2910.3308309046429,1263.8203558386595,2084.4470026659392
2025-03-09,00:00-04:00,8850.6144414822884,0,2084.4470026659392,1442.9535653453513
2025-03-09,04:00-08:00,1628.8429300725925,5626.8624651399787,2084.4470026659392,1442.9535653453513
2025-03-09,08:00-12:00,5941.2581756409108,3657.5003082188209,2084.4470026659392,1442.9535653453513
2025-03-09,12:00-16:00,6000.572852279638,1032.8831326156446,2084.4470026659392,1442.9535653453513
2025-03-09,16:00-20:00,11.971846089833356,7974.2166415940992,2084.4470026659392,1442.9535653453513
2025-03-09,20:00-24:00,393.42105011055583,775.49339551740081,2084.4470026659392,1442.9535653453513
2025-03-10,00:00-04:00,6230.0515940607202,0,1442.9535653453513,1470.6734675398948
2025-03-10,04:00-08:00,5038.4014574048997,5490.8213899049297,1442.9535653453513,1470.6734675398948
2025-03-10,08:00-12:00,5521.3203933427367,3855.2837905930373,1442.9535653453513,1470.6734675398948
2025-03-10,12:00-16:00,6168.0298007165793,828.37365718804574,1442.9535653453513,1470.6734675398948
2025-03-10,16:00-20:00,35.481647954859035,5741.5015207166671,1442.9535653453513,1470.6734675398948
2025-03-10,20:00-24:00,337.02803324500155,2956.6252002693163,1442.9535653453513,1470.6734675398948
2025-03-11,00:00-04:00,9532.5850360667828,0,1470.6734675398948,1370.4557232332536
2025-03-11,04:00-08:00,833.33333333333326,5940.8010987516864,1470.6734675398948,1370.4557232332536
2025-03-11,08:00-12:00,6358.4031458548816,2658.8983001457641,1470.6734675398948,1370.4557232332536
2025-03-11,12:00-16:00,4675.1377162772105,502.7978930190514,1470.6734675398948,1370.4557232332536
2025-03-11,16:00-20:00,229.6009611294798,6468.9731077652832,1470.6734675398948,1370.4557232332536
2025-03-11,20:00-24:00,218.72011261430407,2215.4276174677484,1470.6734675398948,1370.4557232332536
2025-03-12,00:00-04:00,8282.6935776567625,0,1370.4557232332536,1356.207802674302
2025-03-12,04:00-08:00,2194.5778409729546,5658.2659121433308,1370.4557232332536,1356.207802674302
2025-03-12,08:00-12:00,6034.456354906145,2981.7340878566702,1370.4557232332536,1356.207802674302
2025-03-12,12:00-16:00,5340.9735172282826,574.09819642888453,1370.4557232332536,1356.207802674302
2025-03-12,16:00-20:00,34.166659100524988,5725.9502961408398,1370.4557232332536,1356.207802674302
2025-03-12,20:00-24:00,227.33569557461942,2985.2795887391553,1370.4557232332536,1356.207802674302
2025-03-13,00:00-04:00,8333.3333333333321,0,1356.207802674302,1200.0000000000018
2025-03-13,04:00-08:00,2993.1024414729973,4852.4267164285393,1356.207802674302,1200.0000000000018
2025-03-13,08:00-12:00,5833.333333333333,3895.7843540309696,1356.207802674302,1200.0000000000018
2025-03-13,12:00-16:00,4897.9204103167513,635.09957677463967,1356.207802674302,1200.0000000000018
2025-03-13,16:00-20:00,44.583967605762631,6438.3455162033133,1356.207802674302,1200.0000000000018
2025-03-13,20:00-24:00,497.84500621351992,2625.026837712725,1356.207802674302,1200.0000000000018
2025-03-14,00:00-04:00,4706.9324931372757,0,1200.0000000000018,1275.1863218901544
2025-03-14,04:00-08:00,833.33333333333326,4476.234296343966,1200.0000000000018,1275.1863218901544
2025-03-14,08:00-12:00,6059.79460840506,0,1200.0000000000018,1275.1863218901544
2025-03-14,12:00-16:00,4603.5799737195357,10.922324401310098,1200.0000000000018,1275.1863218901544
2025-03-14,16:00-20:00,6.7057682336876354,6318.2019627995815,1200.0000000000018,1275.1863218901544
2025-03-14,20:00-24:00,1124.8865509026598,3168.5122362165612,1200.0000000000018,1275.1863218901544
2025-03-15,00:00-04:00,6162.3555019928681,0,1275.1863218901544,1442.1625491075283
2025-03-15,04:00-08:00,0,4917.7732468964841,1275.1863218901544,1442.1625491075283
2025-03-15,08:00-12:00,5455.0595697779618,0,1275.1863218901544,1442.1625491075283
2025-03-15,12:00-16:00,5037.0362334086094,0,1275.1863218901544,1442.1625491075283
2025-03-15,16:00-20:00,0,6184.5011797738489,1275.1863218901544,1442.1625491075283
2025-03-15,20:00-24:00,981.65197997127336,3032.6906298061003,1275.1863218901544,1442.1625491075283
2025-03-16,00:00-04:00,6230.9305009916334,0,1442.1625491075283,1246.6337757913989
2025-03-16,04:00-08:00,4314.786198819028,4875.5467937043986,1442.1625491075283,1246.6337757913989
2025-03-16,08:00-12:00,5256.3928272152643,3033.3532879704662,1442.1625491075283,1246.6337757913989
2025-03-16,12:00-16:00,5628.7985355508763,1028.0817432091205,1442.1625491075283,1246.6337757913989
2025-03-16,16:00-20:00,40.900320749990975,5747.201580048647,1442.1625491075283,1246.6337757913989
2025-03-16,20:00-24:00,136.12340544144485,2994.2172399541564,1442.1625491075283,1246.6337757913989
2025-03-17,00:00-04:00,7281.518026898445,0,1246.6337757913989,1200.0000000000036
2025-03-17,04:00-08:00,3333.333333333333,6760.2964879096844,1246.6337757913989,1200.0000000000036
2025-03-17,08:00-12:00,5836.7501112523614,1879.7035120903142,1246.6337757913989,1200.0000000000036
2025-03-17,12:00-16:00,4992.6598277614248,132.91814635511165,1246.6337757913989,1200.0000000000036
2025-03-17,16:00-20:00,37.934941826305348,6477.507064219606,1246.6337757913989,1200.0000000000036
2025-03-17,20:00-24:00,61.029546393181477,2241.5580754842358,1246.6337757913989,1200.0000000000036
2025-03-18,00:00-04:00,7333.333333333333,0,1200.0000000000036,1206.945674499726
2025-03-18,04:00-08:00,3893.141785129953,4829.9958624507499,1200.0000000000036,1206.945674499726
2025-03-18,08:00-12:00,5893.8674960751241,3931.0720797676404,1200.0000000000036,1206.945674499726
2025-03-18,12:00-16:00,4928.4458973827786,458.45075243777546,1200.0000000000036,1206.945674499726
2025-03-18,16:00-20:00,11.930697159785279,7157.1688296625234,1200.0000000000036,1206.945674499726
2025-03-18,20:00-24:00,73.352258090416427,1545.6592570403893,1200.0000000000036,1206.945674499726
2025-03-19,00:00-04:00,6686.451063317998,0,1206.945674499726,1200.0000000000073
2025-03-19,04:00-08:00,4178.448140965651,5432.0055376483579,1206.945674499726,1200.0000000000073
2025-03-19,08:00-12:00,6464.5648611861143,3308.1163072582326,1206.945674499726,1200.0000000000073
2025-03-19,12:00-16:00,4606.6267685384792,514.2415342013619,1206.945674499726,1200.0000000000073
2025-03-19,16:00-20:00,168.14364036043528,6612.5923812250458,1206.945674499726,1200.0000000000073
2025-03-19,20:00-24:00,63.907011666364383,2095.4899504051396,1206.945674499726,1200.0000000000073
2025-03-20,00:00-04:00,7879.6347593361334,0,1200.0000000000073,1200.0000000000018
2025-03-20,04:00-08:00,2787.0319073305327,5751.5454194071126,1200.0000000000073,1200.0000000000018
2025-03-20,08:00-12:00,5177.2084103158268,2888.4545805928956,1200.0000000000073,1200.0000000000018
2025-03-20,12:00-16:00,5903.8494176923023,335.6568406865843,1200.0000000000073,1200.0000000000018
2025-03-20,16:00-20:00,19.348813857636337,7172.1159568086932,1200.0000000000073,1200.0000000000018
2025-03-20,20:00-24:00,70.072386776959846,1540.315215705331,1200.0000000000073,1200.0000000000018
2025-03-21,00:00-04:00,3917.8079818070692,0,1200.0000000000018,1377.0233224099575
2025-03-21,04:00-08:00,833.33333333333326,3848.4244652637281,1200.0000000000018,1377.0233224099575
2025-03-21,08:00-12:00,3292.5209751334355,0,1200.0000000000018,1377.0233224099575
2025-03-21,12:00-16:00,7374.145691533231,0,1200.0000000000018,1377.0233224099575
2025-03-21,16:00-20:00,0,6269.5414781154032,1200.0000000000018,1377.0233224099575
2025-03-21,20:00-24:00,1010.2093315056073,3029.4070902351773,1200.0000000000018,1377.0233224099575
2025-03-22,00:00-04:00,3226.0913168470552,0,1377.0233224099575,1315.6401313844872
2025-03-22,04:00-08:00,1666.6666666666665,4121.7438407373957,1377.0233224099575,1315.6401313844872
2025-03-22,08:00-12:00,4056.6488821217968,0.71111607768171581,1377.0233224099575,1315.6401313844872
2025-03-22,12:00-16:00,6610.0177845448688,0,1377.0233224099575,1315.6401313844872
2025-03-22,16:00-20:00,1.4004004312615166,6226.3340442676808,1377.0233224099575,1315.6401313844872
2025-03-22,20:00-24:00,822.77567209168001,2977.1724562298623,1377.0233224099575,1315.6401313844872
2025-03-23,00:00-04:00,7204.8442984616804,0,1315.6401313844872,1256.3841105795709
2025-03-23,04:00-08:00,3333.333333333333,4826.8365242050377,1315.6401313844872,1256.3841105795709
2025-03-23,08:00-12:00,5703.3920200993343,3694.3039087171842,1315.6401313844872,1256.3841105795709
2025-03-23,12:00-16:00,4946.0226586029112,104.88545682659242,1315.6401313844872,1256.3841105795709
2025-03-23,16:00-20:00,8.2553192749583104,6448.780047473816,1315.6401313844872,1256.3841105795709
2025-03-23,20:00-24:00,118.35807609075216,2243.0311032507989,1315.6401313844872,1256.3841105795709
2025-03-24,00:00-04:00,7500,0,1256.3841105795709,1273.3680818038047
2025-03-24,04:00-08:00,3104.0176549115877,5888.4633361683746,1256.3841105795709,1273.3680818038047
2025-03-24,08:00-12:00,6328.3185961785875,2710.8896486020485,1256.3841105795709,1273.3680818038047
2025-03-24,12:00-16:00,5016.0823945373822,589.61181770951202,1256.3841105795709,1273.3680818038047
2025-03-24,16:00-20:00,32.608215174764588,7178.5818694569625,1256.3841105795709,1273.3680818038047
2025-03-24,20:00-24:00,130.49306738123761,1527.498895789975,1256.3841105795709,1273.3680818038047
2025-03-25,00:00-04:00,8085.1465757735496,0,1273.3680818038047,1222.1198915829773
2025-03-25,04:00-08:00,2843.0662953468373,5252.7049573297827,1273.3680818038047,1222.1198915829773
2025-03-25,08:00-12:00,5870.7739935429954,3665.1787419011562,1273.3680818038047,1222.1198915829773
2025-03-25,12:00-16:00,5046.2990352987508,202.82915336181804,1273.3680818038047,1222.1198915829773
2025-03-25,16:00-20:00,6.8398523666015727,7166.3063834700833,1273.3680818038047,1222.1198915829773
2025-03-25,20:00-24:00,103.60071900731047,1543.2425769181023,1273.3680818038047,1222.1198915829773
2025-03-26,00:00-04:00,5642.0890093522466,0,1222.1198915829773,1200.0000000000036
2025-03-26,04:00-08:00,5000,6048.6189434784164,1222.1198915829773,1200.0000000000036
2025-03-26,08:00-12:00,6119.7461487904384,2591.3810565215836,1222.1198915829773,1200.0000000000036
2025-03-26,12:00-16:00,4725.9761062696234,145.0350265986454,1222.1198915829773,1200.0000000000036
2025-03-26,16:00-20:00,15.299292074475435,6428.8846842069624,1222.1198915829773,1200.0000000000036
2025-03-26,20:00-24:00,63.494364022688984,2274.9381772317452,1222.1198915829773,1200.0000000000036
2025-03-27,00:00-04:00,7333.333333333333,0,1200.0000000000036,1200.0000000000055
2025-03-27,04:00-08:00,3333.333333333333,5736.1513813623587,1200.0000000000036,1200.0000000000055
2025-03-27,08:00-12:00,6307.1562302643179,2747.6451651517409,1200.0000000000036,1200.0000000000055
2025-03-27,12:00-16:00,4441.6722143332272,222.75449360990524,1200.0000000000036,1200.0000000000055
2025-03-27,16:00-20:00,39.377644706553127,7170.6974088099651,1200.0000000000036,1200.0000000000055
2025-03-27,20:00-24:00,67.230028508712252,1555.6548064944063,1200.0000000000036,1200.0000000000055
2025-03-28,00:00-04:00,4809.4923533440669,0,1200.0000000000055,1272.4536284301485
2025-03-28,04:00-08:00,833.33333333333326,4234.2623728586495,1200.0000000000055,1272.4536284301485
2025-03-28,08:00-12:00,4232.0296492439084,0,1200.0000000000055,1272.4536284301485
2025-03-28,12:00-16:00,6019.2957416819563,0,1200.0000000000055,1272.4536284301485
2025-03-28,16:00-20:00,13.454794312081486,6287.4861481089665,1200.0000000000055,1272.4536284301485
2025-03-28,20:00-24:00,937.12961619377847,3057.2789588136493,1200.0000000000055,1272.4536284301485
2025-03-29,00:00-04:00,4292.0112745857841,438.54832083787869,1272.4536284301485,2022.6270045160463
2025-03-29,04:00-08:00,833.33333333333326,3765.4253215279441,1272.4536284301485,2022.6270045160463
2025-03-29,08:00-12:00,4322.0424821060924,0,1272.4536284301485,2022.6270045160463
2025-03-29,12:00-16:00,6328.866461553418,0,1272.4536284301485,2022.6270045160463
2025-03-29,16:00-20:00,0,6300.3460855443436,1272.4536284301485,2022.6270045160463
2025-03-29,20:00-24:00,1726.6428584090504,2997.8703257025463,1272.4536284301485,2022.6270045160463
2025-03-30,00:00-04:00,4752.6366616488376,0,2022.6270045160463,1219.0750562171797
2025-03-30,04:00-08:00,5000,6011.9457169784109,2022.6270045160463,1219.0750562171797
2025-03-30,08:00-12:00,6204.0441782719845,2628.0542830215895,2022.6270045160463,1219.0750562171797
2025-03-30,12:00-16:00,4530.2639071600506,54.789549199951274,2022.6270045160463,1219.0750562171797
2025-03-30,16:00-20:00,8.948976669366175,6453.4515161123745,2022.6270045160463,1219.0750562171797
2025-03-30,20:00-24:00,759.92671710008824,2792.1702452454156,2022.6270045160463,1219.0750562171797
2025-03-31,00:00-04:00,5645.4721597586886,0,1219.0750562171797,1208.5580821825024
2025-03-31,04:00-08:00,5000,6513.9087465376906,1219.0750562171797,1208.5580821825024
2025-03-31,08:00-12:00,6718.2215475196617,1856.9134170111336,1219.0750562171797,1208.5580821825024
2025-03-31,12:00-16:00,3987.5500192279096,413.68364026730893,1219.0750562171797,1208.5580821825024
2025-03-31,16:00-20:00,168.17620362474048,7155.6204033176246,1219.0750562171797,1208.5580821825024
2025-03-31,20:00-24:00,724.83010255518741,2087.181595973263,1219.0750562171797,1208.5580821825024
2025-04-01,00:00-04:00,5833.3333333333321,0,1208.5580821825024,1226.515816335268
2025-04-01,04:00-08:00,4823.8243531305525,5229.0999409508604,1208.5580821825024,1226.515816335268
2025-04-01,08:00-12:00,5833.333333333333,2870.9000590491391,1208.5580821825024,1226.515816335268
2025-04-01,12:00-16:00,4527.5549936743919,364.12943158180104,1208.5580821825024,1226.515816335268
2025-04-01,16:00-20:00,116.58540728242538,6489.3719082009511,1208.5580821825024,1226.515816335268
2025-04-01,20:00-24:00,100.3519382264502,2230.673220253957,1208.5580821825024,1226.515816335268
2025-04-02,00:00-04:00,8137.2046485163673,0,1226.515816335268,1279.5485913393732
2025-04-02,04:00-08:00,3333.333333333333,4025.3975532682334,1226.515816335268,1279.5485913393732
2025-04-02,08:00-12:00,5991.5278494960512,4716.3613291214588,1226.515816335268,1279.5485913393732
2025-04-02,12:00-16:00,4151.2605097967744,173.78777784456429,1226.515816335268,1279.5485913393732
2025-04-02,16:00-20:00,63.595739224241846,5710.5039867584055,1226.515816335268,1279.5485913393732
2025-04-02,20:00-24:00,130.43704039787067,2990.1807433230033,1226.515816335268,1279.5485913393732
2025-04-03,00:00-04:00,8078.2793429562516,0,1279.5485913393732,1230.8838906895144
2025-04-03,04:00-08:00,3029.7668954523751,5832.3463980610632,1279.5485913393732,1230.8838906895144
2025-04-03,08:00-12:00,6443.9523564056944,3236.7647872553607,1279.5485913393732,1230.8838906895144
2025-04-03,12:00-16:00,4826.9159563676785,489.40333334643219,1279.5485913393732,1230.8838906895144
2025-04-03,16:00-20:00,12.096804537188911,6424.9392988467316,1279.5485913393732,1230.8838906895144
2025-04-03,20:00-24:00,101.64879180889288,2279.399132573034,1279.5485913393732,1230.8838906895144
2025-04-04,00:00-04:00,4135.6803040923342,455.43992833012499,1230.8838906895144,1295.4495991501753
2025-04-04,04:00-08:00,833.33333333333326,3597.2566196052289,1230.8838906895144,1295.4495991501753
2025-04-04,08:00-12:00,3718.8523543980527,0,1230.8838906895144,1295.4495991501753
2025-04-04,12:00-16:00,6928.4276155821899,0,1230.8838906895144,1295.4495991501753
2025-04-04,16:00-20:00,42.011658433520708,6262.8737180957032,1230.8838906895144,1295.4495991501753
2025-04-04,20:00-24:00,1162.5206181101632,3251.189562353522,1230.8838906895144,1295.4495991501753
2025-04-05,00:00-04:00,2883.3140596761514,0,1295.4495991501753,2939.0570226289155
2025-04-05,04:00-08:00,833.33333333333326,3096.3890275728409,1295.4495991501753,2939.0570226289155
2025-04-05,08:00-12:00,2574.4703732569646,0,1295.4495991501753,2939.0570226289155
2025-04-05,12:00-16:00,8092.1962934097046,0,1295.4495991501753,2939.0570226289155
2025-04-05,16:00-20:00,21.250056517409632,6248.6810054500929,1295.4495991501753,2939.0570226289155
2025-04-05,20:00-24:00,2614.0164351227158,2960.7335324123919,1295.4495991501753,2939.0570226289155
2025-04-06,00:00-04:00,5401.0477526345376,0,2939.0570226289155,1334.4125135630657
2025-04-06,04:00-08:00,3333.333333333333,6129.0738274081559,2939.0570226289155,1334.4125135630657
2025-04-06,08:00-12:00,5970.780404979866,2510.9261725918427,2939.0570226289155,1334.4125135630657
2025-04-06,12:00-16:00,5090.0106236365646,319.2407331793064,2939.0570226289155,1334.4125135630657
2025-04-06,16:00-20:00,10.692115142130319,7188.2331716739427,2939.0570226289155,1334.4125135630657
2025-04-06,20:00-24:00,172.24098693217269,1478.9713787994892,2939.0570226289155,1334.4125135630657
2025-04-07,00:00-04:00,6666.6666666666661,0,1334.4125135630657,1336.2121696781214
2025-04-07,04:00-08:00,3850.6527627077048,6508.1034906685545,1334.4125135630657,1336.2121696781214
2025-04-07,08:00-12:00,7217.6483668952533,1631.5842955222854,1334.4125135630657,1336.2121696781214
2025-04-07,12:00-16:00,3104.3333808254047,221.11742946289684,1334.4125135630657,1336.2121696781214
2025-04-07,16:00-20:00,28.317012637711574,5735.9777293613861,1334.4125135630657,1336.2121696781214
2025-04-07,20:00-24:00,173.61754125690811,2944.9983065829506,1334.4125135630657,1336.2121696781214
2025-04-08,00:00-04:00,7729.4471545416081,0,1336.2121696781214,1337.6602115280893
2025-04-08,04:00-08:00,3619.2059902604774,6332.0698573132559,1336.2121696781214,1337.6602115280893
2025-04-08,08:00-12:00,5778.0764358397319,2982.9301426867419,1336.2121696781214,1337.6602115280893
2025-04-08,12:00-16:00,4925.0558876581154,29.537182033256606,1336.2121696781214,1337.6602115280893
2025-04-08,16:00-20:00,8.5841870201385291,6417.9679664081887,1336.2121696781214,1337.6602115280893
2025-04-08,20:00-24:00,190.80999647908777,2259.647131850907,1336.2121696781214,1337.6602115280893
2025-04-09,00:00-04:00,8013.7108760799001,0,1337.6602115280893,1366.1816716012472
2025-04-09,04:00-08:00,2539.9964932290977,5655.3715350572475,1337.6602115280893,1366.1816716012472
2025-04-09,08:00-12:00,5670.6807278499782,2700.6797035841323,1337.6602115280893,1366.1816716012472
2025-04-09,12:00-16:00,5218.3349449361385,496.44861583095116,1337.6602115280893,1366.1816716012472
2025-04-09,16:00-20:00,22.148045929484706,5687.3747980551361,1337.6602115280893,1366.1816716012472
2025-04-09,20:00-24:00,216.14951924908684,2996.0827252983863,1337.6602115280893,1366.1816716012472
2025-04-10,00:00-04:00,7148.6870315541692,0,1366.1816716012472,1227.2299124486999
2025-04-10,04:00-08:00,3375.923862283953,5402.5680006189186,1366.1816716012472,1227.2299124486999
2025-04-10,08:00-12:00,5748.6003383759235,2704.2376115614293,1366.1816716012472,1227.2299124486999
2025-04-10,12:00-16:00,4400.9708703911911,148.84539537101688,1366.1816716012472,1227.2299124486999
2025-04-10,16:00-20:00,17.35905946430227,5705.5935647991391,1366.1816716012472,1227.2299124486999
2025-04-10,20:00-24:00,98.434030368039799,3003.6919167612295,1366.1816716012472,1227.2299124486999
2025-04-11,00:00-04:00,3492.312532973514,870.6084778351966,1227.2299124486999,1244.7206876938562
2025-04-11,04:00-08:00,833.33333333333326,2657.6715950771795,1227.2299124486999,1244.7206876938562
2025-04-11,08:00-12:00,5829.3262575414283,0,1227.2299124486999,1244.7206876938562
2025-04-11,12:00-16:00,4811.5110571688001,0,1227.2299124486999,1244.7206876938562
2025-04-11,16:00-20:00,41.658919183896217,6245.2430438355514,1227.2299124486999,1244.7206876938562
2025-04-11,20:00-24:00,880.14183973712704,3080.2451768812898,1227.2299124486999,1244.7206876938562
2025-04-12,00:00-04:00,2346.6611272244641,0,1244.7206876938562,2987.1607313894556
2025-04-12,04:00-08:00,833.33333333333326,2616.0441319762867,1244.7206876938562,2987.1607313894556
2025-04-12,08:00-12:00,3805.1580246184549,0,1244.7206876938562,2987.1607313894556
2025-04-12,12:00-16:00,6861.508642048213,0,1244.7206876938562,2987.1607313894556
2025-04-12,16:00-20:00,0,5966.6894287591913,1244.7206876938562,2987.1607313894556
2025-04-12,20:00-24:00,2668.086324713453,3226.0158360081978,1244.7206876938562,2987.1607313894556
2025-04-13,00:00-04:00,7014.2658540117154,0,2987.1607313894556,1241.8549445067347
2025-04-13,04:00-08:00,1666.6666666666665,6201.5567949633351,2987.1607313894556,1241.8549445067347
2025-04-13,08:00-12:00,6284.9596110898747,2324.0108046138284,2987.1607313894556,1241.8549445067347
2025-04-13,12:00-16:00,4254.7906368878494,42.503489049132497,2987.1607313894556,1241.8549445067347
2025-04-13,16:00-20:00,79.187377412181178,7151.155930319851,2987.1607313894556,1241.8549445067347
2025-04-13,20:00-24:00,69.358009858746897,1540.622995549199,2987.1607313894556,1241.8549445067347
2025-04-14,00:00-04:00,7551.0940075921981,0,1241.8549445067347,1248.656024225289
2025-04-14,04:00-08:00,3069.0671651780963,6426.9996786411248,1241.8549445067347,1248.656024225289
2025-04-14,08:00-12:00,5325.9882796486572,2213.0003213588743,1241.8549445067347,1248.656024225289
2025-04-14,12:00-16:00,5344.804702637869,3.3423156520925659,1241.8549445067347,1248.656024225289
2025-04-14,16:00-20:00,0,6399.7236784506949,1241.8549445067347,1248.656024225289
2025-04-14,20:00-24:00,58.985468484081423,2244.2641292186504,1241.8549445067347,1248.656024225289
2025-04-15,00:00-04:00,8945.9377508607904,0,1248.656024225289,1275.1816120709354
2025-04-15,04:00-08:00,1666.6666666666665,6463.7656014965687,1248.656024225289,1275.1816120709354
2025-04-15,08:00-12:00,6521.2806441651883,1458.2763368310445,1248.656024225289,1275.1816120709354
2025-04-15,12:00-16:00,3419.9106114316442,130.3229787058263,1248.656024225289,1275.1816120709354
2025-04-15,16:00-20:00,34.821010734308018,5716.6336941733598,1248.656024225289,1275.1816120709354
2025-04-15,20:00-24:00,117.60729130615022,2979.1697796155645,1248.656024225289,1275.1816120709354
2025-04-16,00:00-04:00,6416.4648754767377,0,1275.1816120709354,1228.9985341289939
2025-04-16,04:00-08:00,4166.6666666666661,5464.6326018632626,1275.1816120709354,1228.9985341289939
2025-04-16,08:00-12:00,5953.4475340454101,2122.0983180029207,1275.1816120709354,1228.9985341289939
2025-04-16,12:00-16:00,3737.3418774849761,262.80850347343022,1275.1816120709354,1228.9985341289939
2025-04-16,16:00-20:00,18.736647898995557,5691.6859292883582,1275.1816120709354,1228.9985341289939
2025-04-16,20:00-24:00,68.768670415672233,2993.0946978304301,1275.1816120709354,1228.9985341289939
2025-04-17,00:00-04:00,8102.8681745716713,0,1228.9985341289939,1200.8016607747413
2025-04-17,04:00-08:00,2531.577898618335,6581.7970927560928,1228.9985341289939,1200.8016607747413
2025-04-17,08:00-12:00,6699.1042279341636,1891.3447390813967,1228.9985341289939,1200.8016607747413
2025-04-17,12:00-16:00,4074.8622880575272,253.77104611577926,1228.9985341289939,1200.8016607747413
2025-04-17,16:00-20:00,0.21863138037183993,6450.1584547473021,1228.9985341289939,1200.8016607747413
2025-04-17,20:00-24:00,37.003455275827619,2219.2699407469554,1228.9985341289939,1200.8016607747413
2025-04-18,00:00-04:00,3660.5061045342827,0,1200.8016607747413,1254.4719854732321
2025-04-18,04:00-08:00,313.24025661318569,2965.7314393700362,1200.8016607747413,1254.4719854732321
2025-04-18,08:00-12:00,6782.8090039901936,0,1200.8016607747413,1254.4719854732321
2025-04-18,12:00-16:00,3442.5846073822236,0,1200.8016607747413,1254.4719854732321
2025-04-18,16:00-20:00,150.28421270804114,6296.2214652954854,1200.8016607747413,1254.4719854732321
2025-04-18,20:00-24:00,901.29584350601044,3042.8270263803279,1200.8016607747413,1254.4719854732321
2025-04-19,00:00-04:00,3249.6389063828397,0,1254.4719854732321,2912.1849347926072
2025-04-19,04:00-08:00,0,2681.232301096009,1254.4719854732321,2912.1849347926072
2025-04-19,08:00-12:00,2552.6681206485032,0,1254.4719854732321,2912.1849347926072
2025-04-19,12:00-16:00,8113.9985460181633,0,1254.4719854732321,2912.1849347926072
2025-04-19,16:00-20:00,0,6171.4765331732533,1254.4719854732321,2912.1849347926072
2025-04-19,20:00-24:00,2596.5394112871149,3030.7539486559663,1254.4719854732321,2912.1849347926072
2025-04-20,00:00-04:00,6264.2389613415471,0,2912.1849347926072,1264.6503648569087
2025-04-20,04:00-08:00,2528.1825716789645,5779.6109623767934,2912.1849347926072,1264.6503648569087
2025-04-20,08:00-12:00,6207.6722410773073,2331.3916960560045,2912.1849347926072,1264.6503648569087
2025-04-20,12:00-16:00,3825.962984050946,39.06975698105073,2912.1849347926072,1264.6503648569087
2025-04-20,16:00-20:00,31.805351419404129,5728.8847880651429,2912.1849347926072,1264.6503648569087
2025-04-20,20:00-24:00,98.032359151649644,2958.098429126193,2912.1849347926072,1264.6503648569087
2025-04-21,00:00-04:00,8928.1662612701002,0,1264.6503648569087,1267.4356374572162
2025-04-21,04:00-08:00,1666.6666666666665,5733.8040818802656,1264.6503648569087,1267.4356374572162
2025-04-21,08:00-12:00,4231.0997659580617,1139.9543038038987,1264.6503648569087,1267.4356374572162
2025-04-21,12:00-16:00,4286.863583995425,25.791927778159781,1264.6503648569087,1267.4356374572162
2025-04-21,16:00-20:00,3.6128946972373797,6522.7174563297885,1264.6503648569087,1267.4356374572162
2025-04-21,20:00-24:00,787.35252719086679,2697.2724616880814,1264.6503648569087,1267.4356374572162
2025-04-22,00:00-04:00,7258.4048472697596,0,1267.4356374572162,1325.8568320780541
2025-04-22,04:00-08:00,3503.5611660961486,5439.8621958902841,1267.4356374572162,1325.8568320780541
2025-04-22,08:00-12:00,4779.4754150105964,1709.730745394701,1267.4356374572162,1325.8568320780541
2025-04-22,12:00-16:00,4048.1415033612243,138.66130713406829,1267.4356374572162,1325.8568320780541
2025-04-22,16:00-20:00,7.5456884561966699,7183.8589069840691,1267.4356374572162,1325.8568320780541
2025-04-22,20:00-24:00,146.32017123320165,1467.5012904941004,1267.4356374572162,1325.8568320780541
2025-04-23,00:00-04:00,8026.8257421354947,0,1325.8568320780541,1302.2202947319711
2025-04-23,04:00-08:00,2500,5648.8033565552269,1325.8568320780541,1302.2202947319711
2025-04-23,08:00-12:00,4796.9767422038003,1926.1579523347327,1325.8568320780541,1302.2202947319711
2025-04-23,12:00-16:00,4610.1537338432909,44.814376708184838,1325.8568320780541,1302.2202947319711
2025-04-23,16:00-20:00,25.83096897873731,6450.7488263532496,1325.8568320780541,1302.2202947319711
2025-04-23,20:00-24:00,143.91496346478604,2234.7471136672325,1325.8568320780541,1302.2202947319711
2025-04-24,00:00-04:00,8053.0885614089211,0,1302.2202947319711,1241.0099135728287
2025-04-24,04:00-08:00,2500,5758.8391230190555,1302.2202947319711,1241.0099135728287
2025-04-24,08:00-12:00,3794.7229327953578,1522.4675466063184,1302.2202947319711,1241.0099135728287
2025-04-24,12:00-16:00,5194.5445605693003,0,1302.2202947319711,1241.0099135728287
2025-04-24,16:00-20:00,0,7147.6055116278721,1302.2202947319711,1241.0099135728287
2025-04-24,20:00-24:00,104.62152269752397,1540.2289995415786,1302.2202947319711,1241.0099135728287
2025-04-25,00:00-04:00,1393.207298179894,0,1241.0099135728287,1271.9877184182114
2025-04-25,04:00-08:00,833.33333333333326,1840.4068337412602,1241.0099135728287,1271.9877184182114
2025-04-25,08:00-12:00,1158.1305157603438,0,1241.0099135728287,1271.9877184182114
2025-04-25,12:00-16:00,9334.882405371176,0,1241.0099135728287,1271.9877184182114
2025-04-25,16:00-20:00,173.65374553514462,6115.4852001973086,1241.0099135728287,1271.9877184182114
2025-04-25,20:00-24:00,925.78723483795329,3209.6135134450451,1241.0099135728287,1271.9877184182114
2025-04-26,00:00-04:00,2260.5715365590472,0,1271.9877184182114,3733.2903658832329
2025-04-26,04:00-08:00,0,1895.8518911892188,1271.9877184182114,3733.2903658832329
2025-04-26,08:00-12:00,1530.7686563831148,0,1271.9877184182114,3733.2903658832329
2025-04-26,12:00-16:00,9119.7821082275168,0,1271.9877184182114,3733.2903658832329
2025-04-26,16:00-20:00,16.115902056035267,6102.8987396482898,1271.9877184182114,3733.2903658832329
2025-04-26,20:00-24:00,3449.5971641415508,3051.3136340114575,1271.9877184182114,3733.2903658832329
2025-04-27,00:00-04:00,2500,0,3733.2903658832329,1268.2748725579604
2025-04-27,04:00-08:00,4067.7600477674164,5563.5531515716521,3733.2903658832329,1268.2748725579604
2025-04-27,08:00-12:00,5020.9317721221942,2036.293816414865,3733.2903658832329,1268.2748725579604
2025-04-27,12:00-16:00,5645.7348945444701,0,3733.2903658832329,1268.2748725579604
2025-04-27,16:00-20:00,0,7182.6218083888298,3733.2903658832329,1268.2748725579604
2025-04-27,20:00-24:00,103.37715971172634,1479.6663056755049,3733.2903658832329,1268.2748725579604
2025-04-28,00:00-04:00,9757.4723638244886,0,1268.2748725579604,1281.796422548281
2025-04-28,04:00-08:00,833.33333333333326,5418.9920148616175,1268.2748725579604,1281.796422548281
2025-04-28,08:00-12:00,5833.333333333333,3158.7970009618484,1268.2748725579604,1281.796422548281
2025-04-28,12:00-16:00,5285.0468503195125,428.09893293533844,1268.2748725579604,1281.796422548281
2025-04-28,16:00-20:00,5.0859746254169496,6403.3221680515589,1268.2748725579604,1281.796422548281
2025-04-28,20:00-24:00,91.441994521357316,2241.2487066638773,1268.2748725579604,1281.796422548281
2025-04-29,00:00-04:00,6709.9552899986411,0,1281.796422548281,1292.9192322746203
2025-04-29,04:00-08:00,3865.8264627254903,5895.4342372148958,1281.796422548281,1292.9192322746203
2025-04-29,08:00-12:00,3737.6285602685657,1189.6092000612257,1281.796422548281,1292.9192322746203
2025-04-29,12:00-16:00,5148.1604176861092,112.44563486716862,1281.796422548281,1292.9192322746203
2025-04-29,16:00-20:00,0,7202.8966925958412,1281.796422548281,1292.9192322746203
2025-04-29,20:00-24:00,129.20523258454946,1458.1322367504852,1281.796422548281,1292.9192322746203
2025-04-30,00:00-04:00,6003.5122261522356,0,1292.9192322746203,1273.4566442986124
2025-04-30,04:00-08:00,3333.3333333333348,5687.0780556965165,1292.9192322746203,1273.4566442986124
2025-04-30,08:00-12:00,4927.3445128868843,984.53811006586659,1292.9192322746203,1273.4566442986124
2025-04-30,12:00-16:00,4536.4879538052355,0.56034448870889975,1292.9192322746203,1273.4566442986124
2025-04-30,16:00-20:00,17.919837585235555,5691.5607768918853,1292.9192322746203,1273.4566442986124
2025-04-30,20:00-24:00,109.02382385474669,2985.1526090057482,1292.9192322746203,1273.4566442986124
2025-05-01,00:00-04:00,6666.6666666666661,0,1273.4566442986124,1205.7424345661602
2025-05-01,04:00-08:00,3918.3815063348748,6580.8061008971727,1273.4566442986124,1205.7424345661602
2025-05-01,08:00-12:00,4832.0509844816806,2059.1938991028246,1273.4566442986124,1205.7424345661602
2025-05-01,12:00-16:00,5862.725225362271,30.085372441000512,1273.4566442986124,1205.7424345661602
2025-05-01,16:00-20:00,74.116331245639131,7225.092718988858,1273.4566442986124,1205.7424345661602
2025-05-01,20:00-24:00,69.525991375165106,1518.7727287570492,1273.4566442986124,1205.7424345661602
2025-05-02,00:00-04:00,4166.6666666666661,144.6329587033681,1205.7424345661602,2011.3024591870253
2025-05-02,04:00-08:00,833.33333333333326,3910.5352324061764,1205.7424345661602,2011.3024591870253
2025-05-02,08:00-12:00,5098.5045243627028,0,1205.7424345661602,2011.3024591870253
2025-05-02,12:00-16:00,5568.1621423039642,0,1205.7424345661602,2011.3024591870253
2025-05-02,16:00-20:00,3.3937678338224275,6498.3482973575829,1205.7424345661602,2011.3024591870253
2025-05-02,20:00-24:00,1540.3043212946727,2661.8749415681732,1205.7424345661602,2011.3024591870253
2025-05-03,00:00-04:00,1338.7263818296663,0,2011.3024591870253,2344.7978674084643
2025-05-03,04:00-08:00,1163.6737425308293,2489.5405825503522,2011.3024591870253,2344.7978674084643
2025-05-03,08:00-12:00,6129.835372462212,0,2011.3024591870253,2344.7978674084643
2025-05-03,12:00-16:00,4206.4908850069587,0,2011.3024591870253,2344.7978674084643
2025-05-03,16:00-20:00,20.995459808413983,6360.2494490234549,2011.3024591870253,2344.7978674084643
2025-05-03,20:00-24:00,2677.2214098530617,3434.9881347347273,2011.3024591870253,2344.7978674084643
2025-05-04,00:00-04:00,5669.2679664820234,0,2344.7978674084643,1227.5368966936294
2025-05-04,04:00-08:00,3333.333333333333,5340.8705327485241,2344.7978674084643,1227.5368966936294
2025-05-04,08:00-12:00,5683.9210801002901,861.00714676062341,2344.7978674084643,1227.5368966936294
2025-05-04,12:00-16:00,2371.6936468686099,5.5953828537181636,2344.7978674084643,1227.5368966936294
2025-05-04,16:00-20:00,14.930990058833185,5553.4193924765659,2344.7978674084643,1227.5368966936294
2025-05-04,20:00-24:00,109.7771513607367,3162.8109950490198,2344.7978674084643,1227.5368966936294
2025-05-05,00:00-04:00,7302.7367814515219,0,1227.5368966936294,1262.8901702583753
2025-05-05,04:00-08:00,3413.4547949659113,5309.0635691808566,1227.5368966936294,1262.8901702583753
2025-05-05,08:00-12:00,4970.937245940444,2387.3117527889422,1227.5368966936294,1262.8901702583753
2025-05-05,12:00-16:00,4450.6392207847493,0,1227.5368966936294,1262.8901702583753
2025-05-05,16:00-20:00,29.11746013422378,7688.7371226155292,1227.5368966936294,1262.8901702583753
2025-05-05,20:00-24:00,113.82781636070118,1010.44739811282,1227.5368966936294,1262.8901702583753
2025-05-06,00:00-04:00,6336.9466356995035,0,1262.8901702583753,1221.9012162528434
2025-05-06,04:00-08:00,2500,5334.4299167390182,1262.8901702583753,1221.9012162528434
2025-05-06,08:00-12:00,6157.315845577773,1880.0980114101171,1262.8901702583753,1221.9012162528434
2025-05-06,12:00-16:00,4510.4121214077659,0.8596532582864711,1262.8901702583753,1221.9012162528434
2025-05-06,16:00-20:00,45.90188741344636,6334.1913652442863,1262.8901702583753,1221.9012162528434
2025-05-06,20:00-24:00,71.885499281288958,2381.5053233508888,1262.8901702583753,1221.9012162528434
2025-05-07,00:00-04:00,8142.3319819412845,0,1221.9012162528434,1273.9184852645085
2025-05-07,04:00-08:00,2500,6230.053480862467,1221.9012162528434,1273.9184852645085
2025-05-07,08:00-12:00,5243.4553078801455,1988.0706086836801,1221.9012162528434,1273.9184852645085
2025-05-07,12:00-16:00,5006.6859541630665,158.15730226358062,1221.9012162528434,1273.9184852645085
2025-05-07,16:00-20:00,149.15861853421649,6522.0613769265738,1221.9012162528434,1273.9184852645085
2025-05-07,20:00-24:00,138.39415105435432,2210.6627601473861,1221.9012162528434,1273.9184852645085
2025-05-08,00:00-04:00,7499.9999999999991,0,1273.9184852645085,1208.7294637614687
2025-05-08,04:00-08:00,3084.535016372768,5679.3661422595014,1273.9184852645085,1208.7294637614687
2025-05-08,08:00-12:00,4316.7914245676457,1590.6643881775094,1273.9184852645085,1208.7294637614687
2025-05-08,12:00-16:00,5032.785331712339,329.98408918952526,1273.9184852645085,1208.7294637614687
2025-05-08,16:00-20:00,58.672504688647557,7018.4077352891545,1273.9184852645085,1208.7294637614687
2025-05-08,20:00-24:00,17.702918587838006,1648.7423931397286,1273.9184852645085,1208.7294637614687
2025-05-09,00:00-04:00,1926.2984695315206,0,1208.7294637614687,1278.709377704834
2025-05-09,04:00-08:00,833.33333333333326,2243.1582777058534,1208.7294637614687,1278.709377704834
2025-05-09,08:00-12:00,3647.1354682909332,0,1208.7294637614687,1278.709377704834
2025-05-09,12:00-16:00,7019.4290080614082,0,1208.7294637614687,1278.709377704834
2025-05-09,16:00-20:00,0.10219031432673376,6438.4884932555397,1208.7294637614687,1278.709377704834
2025-05-09,20:00-24:00,899.50716504474997,2859.2738704963635,1208.7294637614687,1278.709377704834
2025-05-10,00:00-04:00,1666.6666666666665,0,1278.709377704834,1487.0125438177929
2025-05-10,04:00-08:00,1206.0328309636134,2341.885337155737,1278.709377704834,1487.0125438177929
2025-05-10,08:00-12:00,3900.5330037691083,0,1278.709377704834,1487.0125438177929
2025-05-10,12:00-16:00,6697.1957667751658,0,1278.709377704834,1487.0125438177929
2025-05-10,16:00-20:00,0,6297.1248820621613,1278.709377704834,1487.0125438177929
2025-05-10,20:00-24:00,1047.7725730205639,2933.259612648485,1278.709377704834,1487.0125438177929
2025-05-11,00:00-04:00,7847.7638402024522,0,1487.0125438177929,1224.6430401688976
2025-05-11,04:00-08:00,2500,5269.0236732494477,1487.0125438177929,1224.6430401688976
2025-05-11,08:00-12:00,4858.3891951194355,1625.5660856279123,1487.0125438177929,1224.6430401688976
2025-05-11,12:00-16:00,4022.4573453452581,298.89593889904108,1487.0125438177929,1224.6430401688976
2025-05-11,16:00-20:00,45.208816799166897,5388.6364498955982,1487.0125438177929,1224.6430401688976
2025-05-11,20:00-24:00,75.69743573151267,3327.1188785022455,1487.0125438177929,1224.6430401688976
2025-05-12,00:00-04:00,8972.61884425678,0,1224.6430401688976,1310.6925702243534
2025-05-12,04:00-08:00,1666.6666666666665,4311.4268775220589,1224.6430401688976,1310.6925702243534
2025-05-12,08:00-12:00,3383.0493764214798,1025.8468545609701,1224.6430401688976,1310.6925702243534
2025-05-12,12:00-16:00,3206.1774533106523,0,1224.6430401688976,1310.6925702243534
2025-05-12,16:00-20:00,21.960594739159401,5779.9567510920733,1224.6430401688976,1310.6925702243534
2025-05-12,20:00-24:00,141.12355557410652,2892.5180974597529,1224.6430401688976,1310.6925702243534
2025-05-13,00:00-04:00,8877.008255306273,0,1310.6925702243534,1311.6080281105187
2025-05-13,04:00-08:00,1666.6666666666665,5413.8905091707475,1310.6925702243534,1311.6080281105187
2025-05-13,08:00-12:00,4596.8392365070104,1584.5347556236743,1310.6925702243534,1311.6080281105187
2025-05-13,12:00-16:00,4127.2925946346459,68.121518430318247,1310.6925702243534,1311.6080281105187
2025-05-13,16:00-20:00,23.912283420656866,6988.1458961145809,1310.6925702243534,1311.6080281105187
2025-05-13,20:00-24:00,157.19366762487857,1698.1026989328357,1310.6925702243534,1311.6080281105187
2025-05-14,00:00-04:00,7499.9999999999991,0,1311.6080281105187,1305.8251028530176
2025-05-14,04:00-08:00,3042.6577465438677,5374.4282887378813,1311.6080281105187,1305.8251028530176
2025-05-14,08:00-12:00,3752.0668500803013,1436.7717294007039,1311.6080281105187,1305.8251028530176
2025-05-14,12:00-16:00,4656.8220612019004,0,1311.6080281105187,1305.8251028530176
2025-05-14,16:00-20:00,16.06400614403335,5279.9822753436765,1311.6080281105187,1305.8251028530176
2025-05-14,20:00-24:00,136.84977782169656,3388.6352971008473,1311.6080281105187,1305.8251028530176
2025-05-15,00:00-04:00,8535.7902032075253,0,1305.8251028530176,1206.4670054770922
2025-05-15,04:00-08:00,2013.2930158446759,5594.2521664408741,1305.8251028530176,1206.4670054770922
2025-05-15,08:00-12:00,4727.0034709462479,1056.5510150593536,1305.8251028530176,1206.4670054770922
2025-05-15,12:00-16:00,3522.0494796590142,30.929708490031164,1305.8251028530176,1206.4670054770922
2025-05-15,16:00-20:00,0.41770731846258968,6130.939211223852,1305.8251028530176,1206.4670054770922
2025-05-15,20:00-24:00,20.963179293293706,2520.5590020022883,1305.8251028530176,1206.4670054770922
2025-05-16,00:00-04:00,2488.2673255214208,0,1206.4670054770922,1327.0368113968561
2025-05-16,04:00-08:00,833.33333333333326,2696.3168386017342,1206.4670054770922,1327.0368113968561
2025-05-16,08:00-12:00,1141.3048792764832,0,1206.4670054770922,1327.0368113968561
2025-05-16,12:00-16:00,9407.759369720934,0,1206.4670054770922,1327.0368113968561
2025-05-16,16:00-20:00,117.60241766924831,6237.419356700475,1206.4670054770922,1327.0368113968561
2025-05-16,20:00-24:00,933.67687712952807,3044.5257835172706,1206.4670054770922,1327.0368113968561
2025-05-17,00:00-04:00,1666.6666666666665,774.29664600496824,1327.0368113968561,1407.3057098866375
2025-05-17,04:00-08:00,833.33333333333326,1365.0364842522024,1327.0368113968561,1407.3057098866375
2025-05-17,08:00-12:00,3089.5657942040484,0,1327.0368113968561,1407.3057098866375
2025-05-17,12:00-16:00,7577.1008724626172,0,1327.0368113968561,1407.3057098866375
2025-05-17,16:00-20:00,10.268327568923212,6272.7966735708833,1327.0368113968561,1407.3057098866375
2025-05-17,20:00-24:00,1045.6666976702304,3035.9355579748567,1327.0368113968561,1407.3057098866375
2025-05-18,00:00-04:00,7936.3269890148467,0,1407.3057098866375,1263.695414930211
2025-05-18,04:00-08:00,2500,5438.6173482308368,1407.3057098866375,1263.695414930211
2025-05-18,08:00-12:00,4529.9947054940276,1749.4684282261633,1407.3057098866375,1263.695414930211
2025-05-18,12:00-16:00,4405.0059379039922,49.264744695399486,1407.3057098866375,1263.695414930211
2025-05-18,16:00-20:00,20.29209675738273,6166.8589711773893,1407.3057098866375,1263.695414930211
2025-05-18,20:00-24:00,144.25947510030875,2549.1019285901516,1407.3057098866375,1263.695414930211
2025-05-19,00:00-04:00,9166.6666666666661,0,1263.695414930211,1332.4809384095515
2025-05-19,04:00-08:00,1429.2273167442104,5238.9491273819185,1263.695414930211,1332.4809384095515
2025-05-19,08:00-12:00,4096.3837413300243,1293.5348250168906,1263.695414930211,1332.4809384095515
2025-05-19,12:00-16:00,3982.3959875788246,11.327628017357711,1263.695414930211,1332.4809384095515
2025-05-19,16:00-20:00,73.699867591530818,5393.7281096249926,1263.695414930211,1332.4809384095515
2025-05-19,20:00-24:00,197.78286186262733,3346.9400566642794,1263.695414930211,1332.4809384095515
2025-05-20,00:00-04:00,8852.7989573227205,0,1332.4809384095515,1294.8560561974791
2025-05-20,04:00-08:00,1666.6666666666665,5018.2872111045544,1332.4809384095515,1294.8560561974791
2025-05-20,08:00-12:00,4552.4300300134082,1224.2933100282426,1332.4809384095515,1294.8560561974791
2025-05-20,12:00-16:00,3376.6468037421773,256.961438595517,1332.4809384095515,1294.8560561974791
2025-05-20,16:00-20:00,106.25059175624094,6122.5550947199545,1332.4809384095515,1294.8560561974791
2025-05-20,20:00-24:00,141.65910706137356,2555.8915863582934,1332.4809384095515,1294.8560561974791
2025-05-21,00:00-04:00,6666.6666666666661,0,1294.8560561974791,1334.1020300302498
2025-05-21,04:00-08:00,3016.2762222362876,4476.1633749431821,1294.8560561974791,1334.1020300302498
2025-05-21,08:00-12:00,3222.7904774807175,1654.4395359021626,1294.8560561974791,1334.1020300302498
2025-05-21,12:00-16:00,5291.5824642415955,54.593362538852482,1294.8560561974791,1334.1020300302498
2025-05-21,16:00-20:00,23.181646551716533,5328.4534698776151,1294.8560561974791,1334.1020300302498
2025-05-21,20:00-24:00,179.8054162837048,3355.2742239918462,1294.8560561974791,1334.1020300302498
2025-05-22,00:00-04:00,8850.9977444108335,0,1334.1020300302498,1220.9962186660905
2025-05-22,04:00-08:00,1666.6666666666665,4967.6954517994718,1334.1020300302498,1220.9962186660905
2025-05-22,08:00-12:00,2842.3952069101078,1371.1789080718863,1334.1020300302498,1220.9962186660905
2025-05-22,12:00-16:00,5032.4220736665911,39.727637395768319,1334.1020300302498,1220.9962186660905
2025-05-22,16:00-20:00,0,5357.7106697567915,1334.1020300302498,1220.9962186660905
2025-05-22,20:00-24:00,50.918136744399739,3304.6364242066916,1334.1020300302498,1220.9962186660905
2025-05-23,00:00-04:00,1099.4048465076198,0,1220.9962186660905,1327.1548853043114
2025-05-23,04:00-08:00,833.33333333333326,1584.4145224706538,1220.9962186660905,1327.1548853043114
2025-05-23,08:00-12:00,2656.0940637500698,0,1220.9962186660905,1327.1548853043114
2025-05-23,12:00-16:00,8010.5726029165971,0,1220.9962186660905,1327.1548853043114
2025-05-23,16:00-20:00,0,6291.731092407721,1220.9962186660905,1327.1548853043114
2025-05-23,20:00-24:00,148.63775260897955,2354.2260904316736,1220.9962186660905,1327.1548853043114
2025-05-24,00:00-04:00,1088.4557463961405,445.57850678719427,1327.1548853043114,1359.0261820790602
2025-05-24,04:00-08:00,833.33333333333326,1225.5100445675598,1327.1548853043114,1359.0261820790602
2025-05-24,08:00-12:00,1874.8149378751446,0,1327.1548853043114,1359.0261820790602
2025-05-24,12:00-16:00,8753.6304237254044,0,1327.1548853043114,1359.0261820790602
2025-05-24,16:00-20:00,38.221305066119612,6072.3420442958186,1327.1548853043114,1359.0261820790602
2025-05-24,20:00-24:00,1012.4569772794068,3244.6245434293501,1327.1548853043114,1359.0261820790602
2025-05-25,00:00-04:00,8823.3042421343762,0,1359.0261820790602,1233.8921272928146
2025-05-25,04:00-08:00,1666.6666666666665,4772.9120288718159,1359.0261820790602,1233.8921272928146
2025-05-25,08:00-12:00,4822.4247139089202,1278.4112999895137,1359.0261820790602,1233.8921272928146
2025-05-25,12:00-16:00,2648.3448278951855,38.908297486026811,1359.0261820790602,1233.8921272928146
2025-05-25,16:00-20:00,41.825761713272023,5372.7825138631961,1359.0261820790602,1233.8921272928146
2025-05-25,20:00-24:00,120.28719264354112,3329.11776711626,1359.0261820790602,1233.8921272928146
2025-05-26,00:00-04:00,6462.3420807857619,0,1233.8921272928146,1267.6340391156718
2025-05-26,04:00-08:00,4166.6666666666661,5681.3761570431689,1233.8921272928146,1267.6340391156718
2025-05-26,08:00-12:00,3546.0398178559512,2447.642555539187,1233.8921272928146,1267.6340391156718
2025-05-26,12:00-16:00,6369.8629769560248,5.4454672229336811,1233.8921272928146,1267.6340391156718
2025-05-26,16:00-20:00,167.52554915653201,5356.3437508328589,1233.8921272928146,1267.6340391156718
2025-05-26,20:00-24:00,130.16549142114332,3361.332440823363,1233.8921272928146,1267.6340391156718
2025-05-27,00:00-04:00,8924.8510676492515,0,1267.6340391156718,1239.9433914583296
2025-05-27,04:00-08:00,1666.6666666666665,4578.6723501595025,1267.6340391156718,1239.9433914583296
2025-05-27,08:00-12:00,3113.9476629858827,910.95382150206592,1267.6340391156718,1239.9433914583296
2025-05-27,12:00-16:00,3678.4735053186728,52.220591387739489,1267.6340391156718,1239.9433914583296
2025-05-27,16:00-20:00,76.169853385055575,5333.3308269317849,1267.6340391156718,1239.9433914583296
2025-05-27,20:00-24:00,131.64914195736651,3399.0678902604659,1267.6340391156718,1239.9433914583296
2025-05-28,00:00-04:00,8122.2851206018549,0,1239.9433914583296,1321.6835965278569
2025-05-28,04:00-08:00,2500,5687.9517287045874,1239.9433914583296,1321.6835965278569
2025-05-28,08:00-12:00,4396.7025941978354,2523.5253042249992,1239.9433914583296,1321.6835965278569
2025-05-28,12:00-16:00,5750.0934793939896,7.4277866797923915,1239.9433914583296,1321.6835965278569
2025-05-28,16:00-20:00,2.8517496934401745,5609.7184758388894,1239.9433914583296,1321.6835965278569
2025-05-28,20:00-24:00,167.82729018809161,3059.0163095900821,1239.9433914583296,1321.6835965278569
2025-05-29,00:00-04:00,8031.4626705246028,0,1321.6835965278569,1199.9999999999927
2025-05-29,04:00-08:00,2505.0079524598627,5007.6747073978859,1321.6835965278569,1199.9999999999927
2025-05-29,08:00-12:00,5112.0408490385444,2479.4825476375195,1321.6835965278569,1199.9999999999927
2025-05-29,12:00-16:00,4150.8125519540636,97.479093287186814,1321.6835965278569,1199.9999999999927
2025-05-29,16:00-20:00,98.602556111297673,6595.629791587221,1321.6835965278569,1199.9999999999927
2025-05-29,20:00-24:00,29.396491186603868,2070.3807846979926,1321.6835965278569,1199.9999999999927
2025-05-30,00:00-04:00,1834.4097491165003,919.79663455478988,1199.9999999999927,1282.8217709823402
2025-05-30,04:00-08:00,833.33333333333326,1241.075262229569,1199.9999999999927,1282.8217709823402
2025-05-30,08:00-12:00,6436.0935887432825,0,1199.9999999999927,1282.8217709823402
2025-05-30,12:00-16:00,4230.5730779233854,0,1199.9999999999927,1282.8217709823402
2025-05-30,16:00-20:00,18.228086104114482,6363.1732181956395,1199.9999999999927,1282.8217709823402
2025-05-30,20:00-24:00,903.76734465872016,2949.1034868381512,1199.9999999999927,1282.8217709823402
2025-05-31,00:00-04:00,458.61181335557626,0,1282.8217709823402,1369.2259326858748
2025-05-31,04:00-08:00,1666.6666666666665,1531.5819136995492,1282.8217709823402,1369.2259326858748
2025-05-31,08:00-12:00,3453.444800603454,0,1282.8217709823402,1369.2259326858748
2025-05-31,12:00-16:00,6886.7610648254631,0,1282.8217709823402,1369.2259326858748
2025-05-31,16:00-20:00,0,6198.2959518861044,1282.8217709823402,1369.2259326858748
2025-05-31,20:00-24:00,899.73548738390605,3018.1864534775723,1282.8217709823402,1369.2259326858748
2025-06-01,00:00-04:00,7145.3045192379159,0,1369.2259326858748,1220.967437354775
2025-06-01,04:00-08:00,4132.0510637343623,4546.5341723691217,1369.2259326858748,1220.967437354775
2025-06-01,08:00-12:00,5725.698391553723,4740.4271892557117,1369.2259326858748,1220.967437354775
2025-06-01,12:00-16:00,5668.0040674323836,588.89899177874588,1369.2259326858748,1220.967437354775
2025-06-01,16:00-20:00,8.9095842549295767,5301.8081693349632,1369.2259326858748,1220.967437354775
2025-06-01,20:00-24:00,97.632270089121675,3405.6200390644221,1369.2259326858748,1220.967437354775
2025-06-02,00:00-04:00,7499.9999999999991,0,1220.967437354775,1318.2789024571703
2025-06-02,04:00-08:00,3143.3695140502491,4866.9675291832573,1220.967437354775,1318.2789024571703
2025-06-02,08:00-12:00,6026.0854838623982,2912.2707146273133,1220.967437354775,1318.2789024571703
2025-06-02,12:00-16:00,5419.0105777674189,1524.3068347532719,1220.967437354775,1318.2789024571703
2025-06-02,16:00-20:00,53.427438023592416,5317.150271825577,1220.967437354775,1318.2789024571703
2025-06-02,20:00-24:00,199.58503367260309,3388.3215493931993,1220.967437354775,1318.2789024571703
2025-06-03,00:00-04:00,7201.9123306031433,0,1318.2789024571703,1200.0000000000018
2025-06-03,04:00-08:00,4166.6666666666661,3030.8011109280815,1318.2789024571703,1200.0000000000018
2025-06-03,08:00-12:00,5667.5108810894235,5652.3253395337724,1318.2789024571703,1200.0000000000018
2025-06-03,12:00-16:00,5629.6436763452366,1142.5687410602204,1318.2789024571703,1200.0000000000018
2025-06-03,16:00-20:00,39.905740198480359,5368.0861972357816,1318.2789024571703,1200.0000000000018
2025-06-03,20:00-24:00,17.111211067494608,3318.0975332896583,1318.2789024571703,1200.0000000000018
2025-06-04,00:00-04:00,5666.6666666666661,0,1200.0000000000018,1200.0000000000055
2025-06-04,04:00-08:00,5000,4562.353080697776,1200.0000000000018,1200.0000000000055
2025-06-04,08:00-12:00,5110.9239312351137,3045.709516229394,1200.0000000000018,1200.0000000000055
2025-06-04,12:00-16:00,6295.3563146263868,1631.0244022206452,1200.0000000000018,1200.0000000000055
2025-06-04,16:00-20:00,38.545776433506703,6210.4626362756708,1200.0000000000018,1200.0000000000055
2025-06-04,20:00-24:00,144.53557016090429,2577.833254465801,1200.0000000000018,1200.0000000000055
2025-06-05,00:00-04:00,6666.6666666666652,0,1200.0000000000055,1200.0000000000018
2025-06-05,04:00-08:00,3999.9999999999995,3948.4741675457799,1200.0000000000055,1200.0000000000018
2025-06-05,08:00-12:00,5828.5668116881361,4033.875337409685,1200.0000000000055,1200.0000000000018
2025-06-05,12:00-16:00,5692.8523302321828,1350.0000000000005,1200.0000000000055,1200.0000000000018
2025-06-05,16:00-20:00,11.48661110300081,5336.1100328722459,1200.0000000000055,1200.0000000000018
2025-06-05,20:00-24:00,39.265898255775134,3344.9994997083604,1200.0000000000055,1200.0000000000018
2025-06-06,00:00-04:00,1666.6666666666665,884.52056721380654,1200.0000000000018,1199.9999999999964
2025-06-06,04:00-08:00,2584.0131846620466,2490.4794327861955,1200.0000000000018,1199.9999999999964
2025-06-06,08:00-12:00,6901.245002496652,0,1200.0000000000018,1199.9999999999964
2025-06-06,12:00-16:00,3720.8070845568691,62.29934581517081,1200.0000000000018,1199.9999999999964
2025-06-06,16:00-20:00,47.917217562422579,6245.7361188529458,1200.0000000000018,1199.9999999999964
2025-06-06,20:00-24:00,35.576332644535988,2431.50718108913,1200.0000000000018,1199.9999999999964
2025-06-07,00:00-04:00,1204.9472808981634,0,1199.9999999999964,1285.1190498959259
2025-06-07,04:00-08:00,2511.0320691004131,1919.5802590420835,1199.9999999999964,1285.1190498959259
2025-06-07,08:00-12:00,5471.2989523030064,8.7184187239141266,1199.9999999999964,1285.1190498959259
2025-06-07,12:00-16:00,3863.466555522933,2.804657071856838,1199.9999999999964,1285.1190498959259
2025-06-07,16:00-20:00,0,6157.4055360114126,1199.9999999999964,1285.1190498959259
2025-06-07,20:00-24:00,1807.0779720152311,3869.7204764145899,1199.9999999999964,1285.1190498959259
2025-06-08,00:00-04:00,5572.0899445600817,0,1285.1190498959259,1210.7706616270279
2025-06-08,04:00-08:00,5000,4560.2315755322525,1285.1190498959259,1210.7706616270279
2025-06-08,08:00-12:00,4269.8749195859473,1454.0380156621964,1285.1190498959259,1210.7706616270279
2025-06-08,12:00-16:00,4327.138892174391,949.31159633142806,1285.1190498959259,1210.7706616270279
2025-06-08,16:00-20:00,16.1766443874393,5324.7826794281063,1285.1190498959259,1210.7706616270279
2025-06-08,20:00-24:00,120.3954295493898,3416.1471049963966,1285.1190498959259,1210.7706616270279
2025-06-09,00:00-04:00,4166.6666666666661,0,1210.7706616270279,1224.7789082531672
2025-06-09,04:00-08:00,6488.0325981921897,5024.0925108537449,1210.7706616270279,1224.7789082531672
2025-06-09,08:00-12:00,5965.5662744922902,2508.0161714850087,1210.7706616270279,1224.7789082531672
2025-06-09,12:00-16:00,5000,1350.0000000000002,1210.7706616270279,1224.7789082531672
2025-06-09,16:00-20:00,0,5315.2524770113214,1210.7706616270279,1224.7789082531672
2025-06-09,20:00-24:00,129.09971975155631,3407.0172785595892,1210.7706616270279,1224.7789082531672
2025-06-10,00:00-04:00,4805.8012130520347,0,1224.7789082531672,1306.987122837445
2025-06-10,04:00-08:00,5833.333333333333,4714.9939996606827,1224.7789082531672,1306.987122837445
2025-06-10,08:00-12:00,5960.8991979515104,3293.6345917922354,1224.7789082531672,1306.987122837445
2025-06-10,12:00-16:00,6284.0309772913633,1921.3701644325893,1224.7789082531672,1306.987122837445
2025-06-10,16:00-20:00,57.880565479403522,5400.7527596468863,1224.7789082531672,1306.987122837445
2025-06-10,20:00-24:00,201.96863156379126,3341.8313654656172,1224.7789082531672,1306.987122837445
2025-06-11,00:00-04:00,5000,0,1306.987122837445,1240.4533684783673
2025-06-11,04:00-08:00,5593.6900821192667,2916.6916869936485,1306.987122837445,1240.4533684783673
2025-06-11,08:00-12:00,5041.5610842080514,5620.2072449245716,1306.987122837445,1240.4533684783673
2025-06-11,12:00-16:00,6956.9779712773652,1525.2632674217862,1306.987122837445,1240.4533684783673
2025-06-11,16:00-20:00,377.98541645248321,5304.5600870681228,1306.987122837445,1240.4533684783673
2025-06-11,20:00-24:00,146.21446630874027,3417.4655990114275,1306.987122837445,1240.4533684783673
2025-06-12,00:00-04:00,3955.0518128018148,0,1240.4533684783673,1200.0000000000036
2025-06-12,04:00-08:00,7097.788815543021,3781.6587726332555,1240.4533684783673,1200.0000000000036
2025-06-12,08:00-12:00,5485.5368167704319,3371.4648208370108,1240.4533684783673,1200.0000000000036
2025-06-12,12:00-16:00,4570.9679504271535,1481.1557319036858,1240.4533684783673,1200.0000000000036
2025-06-12,16:00-20:00,191.82396807957809,5324.8270655001543,1240.4533684783673,1200.0000000000036
2025-06-12,20:00-24:00,43.005484491582308,3366.0832677284252,1240.4533684783673,1200.0000000000036
2025-06-13,00:00-04:00,833.33333333333326,0,1200.0000000000036,1385.1947508083995
2025-06-13,04:00-08:00,3865.3386361946623,3031.6800119634981,1200.0000000000036,1385.1947508083995
2025-06-13,08:00-12:00,5081.8275612819716,36.019090048080436,1200.0000000000036,1385.1947508083995
2025-06-13,12:00-16:00,4685.2737609195192,50.191366027907236,1200.0000000000036,1385.1947508083995
2025-06-13,16:00-20:00,50.140866343945888,5824.5586862274613,1200.0000000000036,1385.1947508083995
2025-06-13,20:00-24:00,1001.850681147003,3460.2650897740482,1200.0000000000036,1385.1947508083995
2025-06-14,00:00-04:00,155.67447258556945,0,1385.1947508083995,1493.1500480152517
2025-06-14,04:00-08:00,4262.5834046533546,2017.0705681279949,1385.1947508083995,1493.1500480152517
2025-06-14,08:00-12:00,5403.2832923975529,0,1385.1947508083995,1493.1500480152517
2025-06-14,12:00-16:00,3129.564129623318,0,1385.1947508083995,1493.1500480152517
2025-06-14,16:00-20:00,8.9857713953051341,5767.5693978460367,1385.1947508083995,1493.1500480152517
2025-06-14,20:00-24:00,1290.8500769230091,3661.4625960780713,1385.1947508083995,1493.1500480152517
2025-06-15,00:00-04:00,4507.6110577608306,0,1493.1500480152517,1295.2981079142919
2025-06-15,04:00-08:00,5890.9093549486033,3781.1424365000726,1493.1500480152517,1295.2981079142919
2025-06-15,08:00-12:00,5000,3728.9322420804879,1493.1500480152517,1295.2981079142919
2025-06-15,12:00-16:00,6024.6569839319354,1573.8734263596903,1493.1500480152517,1295.2981079142919
2025-06-15,16:00-20:00,164.66371697380441,5369.7430854991817,1493.1500480152517,1295.2981079142919
2025-06-15,20:00-24:00,210.11725823221894,3380.7218368478216,1493.1500480152517,1295.2981079142919
2025-06-16,00:00-04:00,2227.4465467618975,0,1295.2981079142919,1376.4349903095972
2025-06-16,04:00-08:00,8456.1381291633406,3823.5943859351928,1295.2981079142919,1376.4349903095972
2025-06-16,08:00-12:00,4913.7772219953449,3990.8881969842532,1295.2981079142919,1376.4349903095972
2025-06-16,12:00-16:00,5827.6958222727226,1026.359784382239,1295.2981079142919,1376.4349903095972
2025-06-16,16:00-20:00,72.051499116296966,5416.6772508202757,1295.2981079142919,1376.4349903095972
2025-06-16,20:00-24:00,261.17844729372109,3293.6701976709596,1295.2981079142919,1376.4349903095972
2025-06-17,00:00-04:00,4166.6666666666661,0,1376.4349903095972,1390.7452865899213
2025-06-17,04:00-08:00,6310.0334724461463,4232.5285911150268,1376.4349903095972,1390.7452865899213
2025-06-17,08:00-12:00,5833.333333333333,3320.2465215008083,1376.4349903095972,1390.7452865899213
2025-06-17,12:00-16:00,5052.7544222222223,1269.8745733441833,1376.4349903095972,1390.7452865899213
2025-06-17,16:00-20:00,27.444340230280552,6172.9732988016667,1376.4349903095972,1390.7452865899213
2025-06-17,20:00-24:00,282.4006572925021,2546.3303912608567,1376.4349903095972,1390.7452865899213
2025-06-18,00:00-04:00,3788.0607926778653,0,1390.7452865899213,1358.4884250204013
2025-06-18,04:00-08:00,6667.6090102990947,3548.1949411217674,1390.7452865899213,1358.4884250204013
2025-06-18,08:00-12:00,5833.333333333333,3877.5683572205007,1390.7452865899213,1358.4884250204013
2025-06-18,12:00-16:00,5856.1891755341885,2043.5132321826941,1390.7452865899213,1358.4884250204013
2025-06-18,16:00-20:00,0,5320.7581007653898,1390.7452865899213,1358.4884250204013
2025-06-18,20:00-24:00,1112.6652090282225,4077.8611360291052,1390.7452865899213,1358.4884250204013
2025-06-19,00:00-04:00,2500,0,1358.4884250204013,1228.5612725985829
2025-06-19,04:00-08:00,7990.5684166439987,4478.2533131896143,1358.4884250204013,1228.5612725985829
2025-06-19,08:00-12:00,6109.1019225496957,3172.2936939349238,1358.4884250204013,1228.5612725985829
2025-06-19,12:00-16:00,5002.6845059991147,1356.9873474263718,1358.4884250204013,1228.5612725985829
2025-06-19,16:00-20:00,9.9641247592650544,5399.6637206062842,1358.4884250204013,1228.5612725985829
2025-06-19,20:00-24:00,870.37193540855117,3920.7159953645519,1358.4884250204013,1228.5612725985829
2025-06-20,00:00-04:00,0,25.705145338724648,1228.5612725985829,1200
2025-06-20,04:00-08:00,2692.4811552547226,1937.7029302938349,1228.5612725985829,1200
2025-06-20,08:00-12:00,6607.1601128424072,0,1228.5612725985829,1200
2025-06-20,12:00-16:00,3765.718929845023,40.365952654497669,1228.5612725985829,1200
2025-06-20,16:00-20:00,92.264091394421484,5903.7322167994771,1228.5612725985829,1200
2025-06-20,20:00-24:00,15.885133341458259,2788.7415326213986,1228.5612725985829,1200
2025-06-21,00:00-04:00,833.33333333333326,478.17644514546828,1200,1552.6916113701027
2025-06-21,04:00-08:00,2338.7285568112793,2091.1936858716676,1200,1552.6916113701027
2025-06-21,08:00-12:00,5493.6540859418565,0,1200,1552.6916113701027
2025-06-21,12:00-16:00,5179.1461932871443,40.728158494122738,1200,1552.6916113701027
2025-06-21,16:00-20:00,60.076690537653384,5865.8094272553244,1200,1552.6916113701027
2025-06-21,20:00-24:00,559.7645165555474,2923.0795679384446,1200,1552.6916113701027
2025-06-22,00:00-04:00,1941.4537651443302,0,1552.6916113701027,1389.4288264544175
2025-06-22,04:00-08:00,8333.3333333333321,4714.6333237900408,1552.6916113701027,1389.4288264544175
2025-06-22,08:00-12:00,4887.1259350233449,1566.8136498008,1552.6916113701027,1389.4288264544175
2025-06-22,12:00-16:00,4902.2737634007026,1647.9667821326357,1552.6916113701027,1389.4288264544175
2025-06-22,16:00-20:00,0,6163.8137801792091,1552.6916113701027,1389.4288264544175
2025-06-22,20:00-24:00,292.04330039223112,2542.2553493295245,1552.6916113701027,1389.4288264544175
2025-06-23,00:00-04:00,4166.6666666666661,0,1389.4288264544175,1402.6612663673641
2025-06-23,04:00-08:00,7364.4058257195502,3537.797110896583,1389.4288264544175,1402.6612663673641
2025-06-23,08:00-12:00,4549.5339594432162,3021.8414246783254,1389.4288264544175,1402.6612663673641
2025-06-23,12:00-16:00,4165.1257491004408,1369.8904909872649,1389.4288264544175,1402.6612663673641
2025-06-23,16:00-20:00,32.187925813218776,5404.1469946141997,1389.4288264544175,1402.6612663673641
2025-06-23,20:00-24:00,290.86845550245505,3315.1335345208672,1389.4288264544175,1402.6612663673641
2025-06-24,00:00-04:00,2941.4874818140397,0,1402.6612663673641,1401.7073862232646
2025-06-24,04:00-08:00,8285.1099193663704,2064.1226207939453,1402.6612663673641,1401.7073862232646
2025-06-24,08:00-12:00,5833.333333333333,6159.2849032420354,1402.6612663673641,1401.7073862232646
2025-06-24,12:00-16:00,6172.6871229315138,2137.4080802253084,1402.6612663673641,1401.7073862232646
2025-06-24,16:00-20:00,21.236343768537719,5365.4218172361307,1402.6612663673641,1401.7073862232646
2025-06-24,20:00-24:00,294.90989392281062,3349.1199876929236,1402.6612663673641,1401.7073862232646
2025-06-25,00:00-04:00,3775.8806819741503,0,1401.7073862232646,1382.2409781669194
2025-06-25,04:00-08:00,7500,2792.7670020620617,1401.7073862232646,1382.2409781669194
2025-06-25,08:00-12:00,5680.6296372634861,4843.4194045213244,1401.7073862232646,1382.2409781669194
2025-06-25,12:00-16:00,4389.5538485675897,1195.6622169397851,1401.7073862232646,1382.2409781669194
2025-06-25,16:00-20:00,0,5405.2315951400342,1401.7073862232646,1382.2409781669194
2025-06-25,20:00-24:00,266.88672415194276,3286.9297710728133,1401.7073862232646,1382.2409781669194
2025-06-26,00:00-04:00,2964.1766909256448,0,1382.2409781669194,1199.9999999999982
2025-06-26,04:00-08:00,8786.9994608324087,2625.7913821338634,1382.2409781669194,1199.9999999999982
2025-06-26,08:00-12:00,5056.2542190634722,4576.2815787909012,1382.2409781669194,1199.9999999999982
2025-06-26,12:00-16:00,3004.629266479626,739.00664482741797,1382.2409781669194,1199.9999999999982
2025-06-26,16:00-20:00,325.40040322116124,6071.2377790490009,1382.2409781669194,1199.9999999999982
2025-06-26,20:00-24:00,133.22036851683919,2570.9506268707596,1382.2409781669194,1199.9999999999982
2025-06-27,00:00-04:00,2.021099337273174e-12,0,1199.9999999999982,1200.0000000000018
2025-06-27,04:00-08:00,3355.3735907465266,2079.4890743636406,1199.9999999999982,1200.0000000000018
2025-06-27,08:00-12:00,6487.3940288140011,0,1199.9999999999982,1200.0000000000018
2025-06-27,12:00-16:00,3391.1695092834707,0,1199.9999999999982,1200.0000000000018
2025-06-27,16:00-20:00,0,5837.3383495242215,1199.9999999999982,1200.0000000000018
2025-06-27,20:00-24:00,13.686905754843742,2813.7480441372018,1199.9999999999982,1200.0000000000018
2025-06-28,00:00-04:00,738.29095269823131,0,1200.0000000000018,1550.0973259508737
2025-06-28,04:00-08:00,1677.2411716453107,1948.0156716855686,1200.0000000000018,1550.0973259508737
2025-06-28,08:00-12:00,6925.6474919344219,8.2631715699228607,1200.0000000000018,1550.0973259508737
2025-06-28,12:00-16:00,3804.5946314935322,51.798297439424942,1200.0000000000018,1550.0973259508737
2025-06-28,16:00-20:00,27.480738161824966,5927.0691508841865,1200.0000000000018,1550.0973259508737
2025-06-28,20:00-24:00,454.68629948412945,2788.3985562532498,1200.0000000000018,1550.0973259508737
2025-06-29,00:00-04:00,2777.6696378323622,0,1550.0973259508737,1339.0262251031709
2025-06-29,04:00-08:00,7499.9999999999991,3551.1251307775046,1550.0973259508737,1339.0262251031709
2025-06-29,08:00-12:00,5200.2355474653414,3618.0964615285602,1550.0973259508737,1339.0262251031709
2025-06-29,12:00-16:00,5094.2915168411173,1169.3453297821682,1550.0973259508737,1339.0262251031709
2025-06-29,16:00-20:00,0,7030.1114411399076,1550.0973259508737,1339.0262251031709
2025-06-29,20:00-24:00,251.61470879267523,1688.5728703893017,1550.0973259508737,1339.0262251031709
2025-06-30,00:00-04:00,5512.193083218699,0,1339.0262251031709,1446.5789930275423
2025-06-30,04:00-08:00,4999.9999999999991,3211.801034033595,1339.0262251031709,1446.5789930275423
2025-06-30,08:00-12:00,5834.4165016526285,4176.1615975927643,1339.0262251031709,1446.5789930275423
2025-06-30,12:00-16:00,4984.3315035518726,1377.0275495702813,1339.0262251031709,1446.5789930275423
2025-06-30,16:00-20:00,2.2275271370302292,5338.7491774614818,1339.0262251031709,1446.5789930275423
2025-06-30,20:00-24:00,313.71659403362747,3333.44016998097,1339.0262251031709,1446.5789930275423
2025-07-01,00:00-04:00,2892.690007747176,0,1446.5789930275423,1364.05258389755
2025-07-01,04:00-08:00,8310.8519447568506,2550.4300239745285,1446.5789930275423,1364.05258389755
2025-07-01,08:00-12:00,3535.481635652744,3755.5317957728507,1446.5789930275423,1364.05258389755
2025-07-01,12:00-16:00,3970.1724749800178,430.5706503604041,1446.5789930275423,1364.05258389755
2025-07-01,16:00-20:00,20.672514161588513,5371.5420599643458,1446.5789930275423,1364.05258389755
2025-07-01,20:00-24:00,258.23194340782948,3346.5606599168877,1446.5789930275423,1364.05258389755
2025-07-02,00:00-04:00,5000,0,1364.05258389755,1572.7098161138238
2025-07-02,04:00-08:00,5484.3860178916111,4074.0207125062143,1364.05258389755,1572.7098161138238
2025-07-02,08:00-12:00,3940.4586862261917,1704.1655204602903,1364.05258389755,1572.7098161138238
2025-07-02,12:00-16:00,3542.0478680871097,282.64407602727368,1364.05258389755,1572.7098161138238
2025-07-02,16:00-20:00,57.451710019879037,5333.8730384543896,1364.05258389755,1572.7098161138238
2025-07-02,20:00-24:00,490.0662978920995,3414.1777134518675,1364.05258389755,1572.7098161138238
2025-07-03,00:00-04:00,5252.5446487624176,0,1572.7098161138238,1200.0000000000018
2025-07-03,04:00-08:00,5943.7010701876134,4001.8065750334022,1572.7098161138238,1200.0000000000018
2025-07-03,08:00-12:00,5730.960878018288,4548.7318228252416,1572.7098161138238,1200.0000000000018
2025-07-03,12:00-16:00,6262.9676538507647,1928.9415798072582,1572.7098161138238,1200.0000000000018
2025-07-03,16:00-20:00,84.075557070918478,5385.6781834466137,1572.7098161138238,1200.0000000000018
2025-07-03,20:00-24:00,7.8394429512579083e-13,3322.4230177808295,1572.7098161138238,1200.0000000000018
2025-07-04,00:00-04:00,0,0,1200.0000000000018,1383.2347880953839
2025-07-04,04:00-08:00,2896.6915118432535,2186.5914386454829,1200.0000000000018,1383.2347880953839
2025-07-04,08:00-12:00,6702.4054594352492,0,1200.0000000000018,1383.2347880953839
2025-07-04,12:00-16:00,3767.06529865419,0,1200.0000000000018,1383.2347880953839
2025-07-04,16:00-20:00,150.66532379456902,5814.4212471860837,1200.0000000000018,1383.2347880953839
2025-07-04,20:00-24:00,203.59420899487191,2947.6176650875154,1200.0000000000018,1383.2347880953839
2025-07-05,00:00-04:00,754.78515403343454,164.91130928584553,1383.2347880953839,1530.0646269445042
2025-07-05,04:00-08:00,1666.6666666666665,1961.3759747670824,1383.2347880953839,1530.0646269445042
2025-07-05,08:00-12:00,4657.0146327427992,0,1383.2347880953839,1530.0646269445042
2025-07-05,12:00-16:00,6036.1556588899466,21.467936222523871,1383.2347880953839,1530.0646269445042
2025-07-05,16:00-20:00,89.826226639867187,5751.429767647187,1383.2347880953839,1530.0646269445042
2025-07-05,20:00-24:00,419.23787559579955,3003.8539909136525,1383.2347880953839,1530.0646269445042
2025-07-06,00:00-04:00,5000,0,1530.0646269445042,1273.408794619394
2025-07-06,04:00-08:00,5299.9281922838836,3514.5771467328887,1530.0646269445042,1273.408794619394
2025-07-06,08:00-12:00,5164.2907686413582,3240.5839567417756,1530.0646269445042,1273.408794619394
2025-07-06,12:00-16:00,5794.1107986740171,2121.144166050788,1530.0646269445042,1273.408794619394
2025-07-06,16:00-20:00,0,5338.1593717885535,1530.0646269445042,1273.408794619394
2025-07-06,20:00-24:00,119.36159178656315,3332.4556024011099,1530.0646269445042,1273.408794619394
2025-07-07,00:00-04:00,4212.9124561244325,0,1273.408794619394,1827.5145166094408
2025-07-07,04:00-08:00,6372.1888831873512,5163.7540261916711,1273.408794619394,1827.5145166094408
2025-07-07,08:00-12:00,5866.5516020011546,1706.0402224508011,1273.408794619394,1827.5145166094408
2025-07-07,12:00-16:00,4283.935941499547,1352.1006615930978,1273.408794619394,1827.5145166094408
2025-07-07,16:00-20:00,73.449170328038662,5367.1482092643109,1273.408794619394,1827.5145166094408
2025-07-07,20:00-24:00,697.23835178826619,3332.3456187013976,1273.408794619394,1827.5145166094408
2025-07-08,00:00-04:00,4969.4283148783989,0,1827.5145166094408,1401.8931882508969
2025-07-08,04:00-08:00,5814.2604819618246,4873.2922774640101,1827.5145166094408,1401.8931882508969
2025-07-08,08:00-12:00,4677.1557776211812,3093.4854494376395,1827.5145166094408,1401.8931882508969
2025-07-08,12:00-16:00,6049.2824940508635,1396.0265032600576,1827.5145166094408,1401.8931882508969
2025-07-08,16:00-20:00,21.404095570333393,5308.3467169123205,1827.5145166094408,1401.8931882508969
2025-07-08,20:00-24:00,232.77026141681097,3340.9924031031892,1827.5145166094408,1401.8931882508969
2025-07-09,00:00-04:00,4609.0075686101145,0,1401.8931882508969,1485.8578998342527
2025-07-09,04:00-08:00,5833.333333333333,4906.9893482670941,1401.8931882508969,1485.8578998342527
2025-07-09,08:00-12:00,5837.9759150765249,2493.654534532011,1401.8931882508969,1485.8578998342527
2025-07-09,12:00-16:00,4946.4927727210979,1334.775754316966,1401.8931882508969,1485.8578998342527
2025-07-09,16:00-20:00,31.142593471848993,5360.3036968123797,1401.8931882508969,1485.8578998342527
2025-07-09,20:00-24:00,326.06438539831288,3311.7618462216265,1401.8931882508969,1485.8578998342527
2025-07-10,00:00-04:00,2500,0,1485.8578998342527,1211.1063875708351
2025-07-10,04:00-08:00,7849.0467779619403,5240.8853701844891,1485.8578998342527,1211.1063875708351
2025-07-10,08:00-12:00,6396.9554931689936,3147.2699640155897,1485.8578998342527,1211.1063875708351
2025-07-10,12:00-16:00,5580.7509860761029,1313.786913988451,1485.8578998342527,1211.1063875708351
2025-07-10,16:00-20:00,14.348973264719731,5844.9560016777568,1485.8578998342527,1211.1063875708351
2025-07-10,20:00-24:00,44.162951602078103,2832.4429086506007,1485.8578998342527,1211.1063875708351
2025-07-11,00:00-04:00,833.33333333333326,9.9957488137515611,1211.1063875708351,1469.958057867223
2025-07-11,04:00-08:00,3962.3908440402206,3471.7590467150658,1211.1063875708351,1469.958057867223
2025-07-11,08:00-12:00,6870.5313867151799,0,1211.1063875708351,1469.958057867223
2025-07-11,12:00-16:00,3286.5333824730769,0,1211.1063875708351,1469.958057867223
2025-07-11,16:00-20:00,0,5306.6666666666661,1211.1063875708351,1469.958057867223
2025-07-11,20:00-24:00,299.9533976302464,3333.333333333333,1211.1063875708351,1469.958057867223
2025-07-12,00:00-04:00,1414.694803043916,242.96225208050072,1469.958057867223,1536.2847797791637
2025-07-12,04:00-08:00,1713.9381217914663,2495.9027904655718,1469.958057867223,1536.2847797791637
2025-07-12,08:00-12:00,5838.483131141973,0,1469.958057867223,1536.2847797791637
2025-07-12,12:00-16:00,4780.9120803998976,0,1469.958057867223,1536.2847797791637
2025-07-12,16:00-20:00,71.299030497599361,5625.318536673878,1469.958057867223,1536.2847797791637
2025-07-12,20:00-24:00,373.64975531018058,3072.4336780291792,1469.958057867223,1536.2847797791637
2025-07-13,00:00-04:00,4166.6666666666661,0,1536.2847797791637,1590.6448042709526
2025-07-13,04:00-08:00,6126.3502446898174,5846.188400348733,1536.2847797791637,1590.6448042709526
2025-07-13,08:00-12:00,6097.8128617973161,2261.1712299798419,1536.2847797791637,1590.6448042709526
2025-07-13,12:00-16:00,4540.4412472063368,509.6261979643869,1536.2847797791637,1590.6448042709526
2025-07-13,16:00-20:00,0,5307.5666419804984,1536.2847797791637,1590.6448042709526
2025-07-13,20:00-24:00,442.49427921686515,3339.2734003412997,1536.2847797791637,1590.6448042709526
2025-07-14,00:00-04:00,5000,0,1590.6448042709526,1405.6708657248491
2025-07-14,04:00-08:00,5232.6168841433855,5672.5870293009548,1590.6448042709526,1405.6708657248491
2025-07-14,08:00-12:00,5807.4678216255043,1861.5790994421027,1590.6448042709526,1405.6708657248491
2025-07-14,12:00-16:00,4893.1415432829654,1177.9708487611811,1590.6448042709526,1405.6708657248491
2025-07-14,16:00-20:00,115.21708563464131,5380.5751431454391,1590.6448042709526,1405.6708657248491
2025-07-14,20:00-24:00,236.96768083230029,3314.9473466120448,1590.6448042709526,1405.6708657248491
2025-07-15,00:00-04:00,3333.333333333333,0,1405.6708657248491,1731.7404043161823
2025-07-15,04:00-08:00,7104.8101491946118,6388.533231755453,1405.6708657248491,1731.7404043161823
2025-07-15,08:00-12:00,6200.3487219932422,1352.5740713797338,1405.6708657248491,1731.7404043161823
2025-07-15,12:00-16:00,4646.4777991078618,1044.8221789567074,1405.6708657248491,1731.7404043161823
2025-07-15,16:00-20:00,0,5306.6666666666661,1405.6708657248491,1731.7404043161823
2025-07-15,20:00-24:00,599.26716815600344,3340.1733756551339,1405.6708657248491,1731.7404043161823
2025-07-16,00:00-04:00,1742.5106618709083,0,1731.7404043161823,1752.2190530342905
2025-07-16,04:00-08:00,8333.3333333333321,5406.5421665858848,1731.7404043161823,1752.2190530342905
2025-07-16,08:00-12:00,5045.5289924258013,1473.2023682112531,1731.7404043161823,1752.2190530342905
2025-07-16,12:00-16:00,4839.4278915420191,1365.0149945386952,1731.7404043161823,1752.2190530342905
2025-07-16,16:00-20:00,293.75858434802228,5329.1835727985163,1731.7404043161823,1752.2190530342905
2025-07-16,20:00-24:00,622.02122228723942,3317.6564695232842,1731.7404043161823,1752.2190530342905
2025-07-17,00:00-04:00,5668.6861939036789,0,1752.2190530342905,1200.0000000000018
2025-07-17,04:00-08:00,4384.40374716933,4980.717260006857,1752.2190530342905,1200.0000000000018
2025-07-17,08:00-12:00,6337.2375334623266,2617.1107866449129,1752.2190530342905,1200.0000000000018
2025-07-17,12:00-16:00,4020.9025469625053,912.27545203075033,1752.2190530342905,1200.0000000000018
2025-07-17,16:00-20:00,100.80923865464136,5286.3572918455939,1752.2190530342905,1200.0000000000018
2025-07-17,20:00-24:00,64.064412400571257,3367.1803319707224,1752.2190530342905,1200.0000000000018
2025-07-18,00:00-04:00,624.52099250032211,0,1200.0000000000018,1253.5727808725023
2025-07-18,04:00-08:00,2520.5622055852664,2530.8620039252623,1200.0000000000018,1253.5727808725023
2025-07-18,08:00-12:00,5982.1802730173786,0,1200.0000000000018,1253.5727808725023
2025-07-18,12:00-16:00,4663.924188064022,0,1200.0000000000018,1253.5727808725023
2025-07-18,16:00-20:00,12.156283584710152,5547.3196206258062,1200.0000000000018,1253.5727808725023
2025-07-18,20:00-24:00,59.525312080551295,3102.5269690778086,1200.0000000000018,1253.5727808725023
2025-07-19,00:00-04:00,833.33333333333326,48.215502785252099,1253.5727808725023,1966.6272347413978
2025-07-19,04:00-08:00,2067.5044316940184,2349.6785896721549,1253.5727808725023,1966.6272347413978
2025-07-19,08:00-12:00,3526.8263015835105,0,1253.5727808725023,1966.6272347413978
2025-07-19,12:00-16:00,7139.8403650831551,0,1253.5727808725023,1966.6272347413978
2025-07-19,16:00-20:00,14.81761417455948,5531.5984788364731,1253.5727808725023,1966.6272347413978
2025-07-19,20:00-24:00,858.39709666015779,3125.7409256723918,1253.5727808725023,1966.6272347413978
2025-07-20,00:00-04:00,3148.1919613984464,0,1966.6272347413978,1319.9152424620133
2025-07-20,04:00-08:00,6666.6666666666661,5859.5184334706391,1966.6272347413978,1319.9152424620133
2025-07-20,08:00-12:00,5916.1146580106206,2307.5344395179636,1966.6272347413978,1319.9152424620133
2025-07-20,12:00-16:00,5676.3305427585337,1222.827739634412,1966.6272347413978,1319.9152424620133
2025-07-20,16:00-20:00,27.364184720752299,5356.1506067989621,1966.6272347413978,1319.9152424620133
2025-07-20,20:00-24:00,141.68365498470249,3312.8544251466501,1966.6272347413978,1319.9152424620133
2025-07-21,00:00-04:00,3033.4275083755406,0,1319.9152424620133,1317.5225321156995
2025-07-21,04:00-08:00,7499.9999999999991,5207.7079548276452,1319.9152424620133,1317.5225321156995
2025-07-21,08:00-12:00,6230.5742120762443,2559.4212056654733,1319.9152424620133,1317.5225321156995
2025-07-21,12:00-16:00,5222.870753445357,1510.1612615793802,1319.9152424620133,1317.5225321156995
2025-07-21,16:00-20:00,58.195939880923518,5870.6469862171216,1319.9152424620133,1317.5225321156995
2025-07-21,20:00-24:00,155.38988869884128,2836.5872560283651,1319.9152424620133,1317.5225321156995
2025-07-22,00:00-04:00,3869.4194087603337,0,1317.5225321156995,1349.4488914513113
2025-07-22,04:00-08:00,6672.2725811317086,4706.2897443854254,1317.5225321156995,1349.4488914513113
2025-07-22,08:00-12:00,5833.333333333333,2530.4397527651399,1317.5225321156995,1349.4488914513113
2025-07-22,12:00-16:00,5738.6071663820967,2152.0567568038678,1317.5225321156995,1349.4488914513113
2025-07-22,16:00-20:00,130.68159923927561,5410.849352848848,1317.5225321156995,1349.4488914513113
2025-07-22,20:00-24:00,174.49882052836676,3330.8691263885139,1317.5225321156995,1349.4488914513113
2025-07-23,00:00-04:00,5833.333333333333,0,1349.4488914513113,1531.2515390307799
2025-07-23,04:00-08:00,4667.279009498543,5894.7317904599522,1349.4488914513113,1531.2515390307799
2025-07-23,08:00-12:00,5995.4047452762425,1831.7480475250741,1349.4488914513113,1531.2515390307799
2025-07-23,12:00-16:00,5244.0787314431354,1377.5017781576735,1349.4488914513113,1531.2515390307799
2025-07-23,16:00-20:00,5.6591786568469873,5315.4386093519388,1349.4488914513113,1531.2515390307799
2025-07-23,20:00-24:00,374.64632364836598,3334.4824623875784,1349.4488914513113,1531.2515390307799
2025-07-24,00:00-04:00,5298.6094010769111,0,1531.2515390307799,1200.0000000000018
2025-07-24,04:00-08:00,5000,5641.0551551517619,1531.2515390307799,1200.0000000000018
2025-07-24,08:00-12:00,5642.0043394841687,1628.9683598304155,1531.2515390307799,1200.0000000000018
2025-07-24,12:00-16:00,5916.2877622484239,2092.1930874212198,1531.2515390307799,1200.0000000000018
2025-07-24,16:00-20:00,2.9644388888889353,5311.6295358991501,1531.2515390307799,1200.0000000000018
2025-07-24,20:00-24:00,29.532231375502722,3354.6927670150085,1531.2515390307799,1200.0000000000018
2025-07-25,00:00-04:00,1666.6666666666665,0,1200.0000000000018,1327.4358200915794
2025-07-25,04:00-08:00,1503.2094378349848,2567.5996446463396,1200.0000000000018,1327.4358200915794
2025-07-25,08:00-12:00,8036.6545347201509,0,1200.0000000000018,1327.4358200915794
2025-07-25,12:00-16:00,2630.012131946517,0,1200.0000000000018,1327.4358200915794
2025-07-25,16:00-20:00,24.301866396458081,5474.1149816024608,1200.0000000000018,1327.4358200915794
2025-07-25,20:00-24:00,148.18441371591632,3190.9066672061426,1200.0000000000018,1327.4358200915794
2025-07-26,00:00-04:00,833.33333333333326,114.6922380824215,1327.4358200915794,1946.7081999076436
2025-07-26,04:00-08:00,2227.8760420339013,2479.5795940474604,1327.4358200915794,1946.7081999076436
2025-07-26,08:00-12:00,7073.4788448574964,0,1327.4358200915794,1946.7081999076436
2025-07-26,12:00-16:00,3593.1878218091688,0,1327.4358200915794,1946.7081999076436
2025-07-26,16:00-20:00,50.556152780691761,5468.7788396215255,1327.4358200915794,1946.7081999076436
2025-07-26,20:00-24:00,1847.1260466595777,4036.3063620082139,1327.4358200915794,1946.7081999076436
2025-07-27,00:00-04:00,4003.6575556581734,0,1946.7081999076436,1204.8263527139425
2025-07-27,04:00-08:00,5833.333333333333,5150.9689129730341,1946.7081999076436,1204.8263527139425
2025-07-27,08:00-12:00,6111.8563769586444,3174.6347523634686,1946.7081999076436,1204.8263527139425
2025-07-27,12:00-16:00,5348.5724556548075,1001.3998052945007,1946.7081999076436,1204.8263527139425
2025-07-27,16:00-20:00,85.356590340831005,5330.1959573496479,1946.7081999076436,1204.8263527139425
2025-07-27,20:00-24:00,103.44705138565419,3414.335158792152,1946.7081999076436,1204.8263527139425
2025-07-28,00:00-04:00,3994.6373858733973,0,1204.8263527139425,1335.9292193479978
2025-07-28,04:00-08:00,6666.6666666666661,4749.7704502093738,1204.8263527139425,1335.9292193479978
2025-07-28,08:00-12:00,5896.2012962025292,3255.9099643059562,1204.8263527139425,1335.9292193479978
2025-07-28,12:00-16:00,5888.9738538049787,1540.3114569907534,1204.8263527139425,1335.9292193479978
2025-07-28,16:00-20:00,6.6066440272017175,5871.3286729229421,1204.8263527139425,1335.9292193479978
2025-07-28,20:00-24:00,159.47696263579576,2780.862751060889,1204.8263527139425,1335.9292193479978
2025-07-29,00:00-04:00,5833.333333333333,0,1335.9292193479978,1555.384583650799
2025-07-29,04:00-08:00,5542.0302392181275,4785.7484459088682,1335.9292193479978,1555.384583650799
2025-07-29,08:00-12:00,5611.8755548671706,4254.075691977263,1335.9292193479978,1555.384583650799
2025-07-29,12:00-16:00,6282.8580460101875,1414.1986645668651,1335.9292193479978,1555.384583650799
2025-07-29,16:00-20:00,157.7759072905211,5326.418429519098,1335.9292193479978,1555.384583650799
2025-07-29,20:00-24:00,438.31405356992377,3353.6605189296902,1335.9292193479978,1555.384583650799
2025-07-30,00:00-04:00,4166.6666666666661,0,1555.384583650799,1278.6260952642861
2025-07-30,04:00-08:00,6957.0467366388611,4709.6337750824423,1555.384583650799,1278.6260952642861
2025-07-30,08:00-12:00,5095.6878927997259,3496.2035641254106,1555.384583650799,1278.6260952642861
2025-07-30,12:00-16:00,5849.7236593541693,1349.9999999999989,1555.384583650799,1278.6260952642861
2025-07-30,16:00-20:00,15.284211737281021,5349.9026331394325,1555.384583650799,1278.6260952642861
2025-07-30,20:00-24:00,98.036409950032592,3311.1235846894347,1555.384583650799,1278.6260952642861
2025-07-31,00:00-04:00,4745.9710052619048,0,1278.6260952642861,1200.0000000000018
2025-07-31,04:00-08:00,5833.3333333333321,4923.4229091339439,1278.6260952642861,1200.0000000000018
2025-07-31,08:00-12:00,5973.350673886549,2990.6213954245914,1278.6260952642861,1200.0000000000018
2025-07-31,12:00-16:00,6036.0602777922613,1825.3251682084247,1278.6260952642861,1200.0000000000018
2025-07-31,16:00-20:00,101.87409942326434,5888.1100695030464,1278.6260952642861,1200.0000000000018
2025-07-31,20:00-24:00,2.2214116499127385,2824.4606925591015,1278.6260952642861,1200.0000000000018
2025-08-01,00:00-04:00,668.64881044400556,0,1200.0000000000018,1542.5787834880666
2025-08-01,04:00-08:00,1666.6666666666665,1891.6055364596457,1200.0000000000018,1542.5787834880666
2025-08-01,08:00-12:00,2732.3555083844103,0,1200.0000000000018,1542.5787834880666
2025-08-01,12:00-16:00,7991.3280972194707,46.183720539146307,1200.0000000000018,1542.5787834880666
2025-08-01,16:00-20:00,0,5465.9688380702546,1200.0000000000018,1542.5787834880666
2025-08-01,20:00-24:00,380.64309276451979,3174.0311619297458,1200.0000000000018,1542.5787834880666
2025-08-02,00:00-04:00,575.49439452182617,0,1542.5787834880666,1715.3346727405278
2025-08-02,04:00-08:00,1666.6666666666665,2124.4713647019394,1542.5787834880666,1715.3346727405278
2025-08-02,08:00-12:00,3581.2477717577567,0,1542.5787834880666,1715.3346727405278
2025-08-02,12:00-16:00,7085.4188949089112,0,1542.5787834880666,1715.3346727405278
2025-08-02,16:00-20:00,59.506708139971266,5471.9047190182446,1542.5787834880666,1715.3346727405278
2025-08-02,20:00-24:00,1394.5710987784196,3882.0970991191784,1542.5787834880666,1715.3346727405278
2025-08-03,00:00-04:00,1666.6666666666665,0,1715.3346727405278,1508.1406586960147
2025-08-03,04:00-08:00,6358.6455598040175,5797.7576839574467,1715.3346727405278,1508.1406586960147
2025-08-03,08:00-12:00,5848.2113678972582,816.89559493465526,1715.3346727405278,1508.1406586960147
2025-08-03,12:00-16:00,4498.6574038410117,90.614535123626681,1715.3346727405278,1508.1406586960147
2025-08-03,16:00-20:00,152.3868114549168,5956.7666506118148,1715.3346727405278,1508.1406586960147
2025-08-03,20:00-24:00,342.37850966223573,2806.6666666666665,1715.3346727405278,1508.1406586960147
2025-08-04,00:00-04:00,5324.2881570044283,0,1508.1406586960147,1724.8787490803879
2025-08-04,04:00-08:00,5013.9296888888884,5676.929680656538,1508.1406586960147,1724.8787490803879
2025-08-04,08:00-12:00,4822.1735466003493,1224.8148399716745,1508.1406586960147,1724.8787490803879
2025-08-04,12:00-16:00,4099.3571019819028,335.97835272341001,1508.1406586960147,1724.8787490803879
2025-08-04,16:00-20:00,0,5306.6666666666661,1508.1406586960147,1724.8787490803879
2025-08-04,20:00-24:00,583.19861008931912,3333.333333333333,1508.1406586960147,1724.8787490803879
2025-08-05,00:00-04:00,5833.333333333333,0,1724.8787490803879,1741.0862256100027
2025-08-05,04:00-08:00,4301.2150565773463,5809.2688374246227,1724.8787490803879,1741.0862256100027
2025-08-05,08:00-12:00,4334.3155673104629,1570.6229517112863,1724.8787490803879,1741.0862256100027
2025-08-05,12:00-16:00,5350.644246437535,506.3007299999706,1724.8787490803879,1741.0862256100027
2025-08-05,16:00-20:00,0,5813.638317918595,1724.8787490803879,1741.0862256100027
2025-08-05,20:00-24:00,601.20691734444586,2826.3616820814041,1724.8787490803879,1741.0862256100027
2025-08-06,00:00-04:00,5065.4597493222191,0,1741.0862256100027,1769.9993157737408
2025-08-06,04:00-08:00,5000,5849.116566220282,1741.0862256100027,1769.9993157737408
2025-08-06,08:00-12:00,4253.5945383237831,1204.3246307588488,1741.0862256100027,1769.9993157737408
2025-08-06,12:00-16:00,6384.0184320549597,1563.0253090276497,1741.0862256100027,1769.9993157737408
2025-08-06,16:00-20:00,0,5306.6666666666679,1741.0862256100027,1769.9993157737408
2025-08-06,20:00-24:00,654.8438560834777,3350.7574725645827,1741.0862256100027,1769.9993157737408
2025-08-07,00:00-04:00,4200.0007602513988,0,1769.9993157737408,1200.0000000000018
2025-08-07,04:00-08:00,5833.3333333333321,5847.7356506815249,1769.9993157737408,1200.0000000000018
2025-08-07,08:00-12:00,5246.3481533940649,1416.0555074065762,1769.9993157737408,1200.0000000000018
2025-08-07,12:00-16:00,4267.8310381886495,442.69398709389372,1769.9993157737408,1200.0000000000018
2025-08-07,16:00-20:00,86.132878691960286,5376.4342984071573,1769.9993157737408,1200.0000000000018
2025-08-07,20:00-24:00,15.399777165237927,3345.8071528371756,1769.9993157737408,1200.0000000000018
2025-08-08,00:00-04:00,1573.250198566396,0,1200.0000000000018,1435.1607311278622
2025-08-08,04:00-08:00,1666.6666666666665,2624.3326608387824,1200.0000000000018,1435.1607311278622
2025-08-08,08:00-12:00,5131.5348704225999,0,1200.0000000000018,1435.1607311278622
2025-08-08,12:00-16:00,5535.1317962440698,0,1200.0000000000018,1435.1607311278622
2025-08-08,16:00-20:00,96.712925530634124,5505.4766763308144,1200.0000000000018,1435.1607311278622
2025-08-08,20:00-24:00,261.28970125317682,3212.860793348998,1200.0000000000018,1435.1607311278622
2025-08-09,00:00-04:00,0,211.64465801507595,1435.1607311278622,2238.4745105783004
2025-08-09,04:00-08:00,2912.7699616526093,2359.3436689386135,1435.1607311278622,2238.4745105783004
2025-08-09,08:00-12:00,3485.1014543226747,0,1435.1607311278622,2238.4745105783004
2025-08-09,12:00-16:00,7228.9704890963249,38.398274169390618,1435.1607311278622,2238.4745105783004
2025-08-09,16:00-20:00,91.917979064975242,5529.4385775112223,1435.1607311278622,2238.4745105783004
2025-08-09,20:00-24:00,2139.6203717842727,3983.4804271561961,1435.1607311278622,2238.4745105783004
2025-08-10,00:00-04:00,2051.115822157567,0,2238.4745105783004,1637.8938355128048
2025-08-10,04:00-08:00,5009.9954222222223,5457.0927255229308,2238.4745105783004,1637.8938355128048
2025-08-10,08:00-12:00,6732.8944994132671,1197.0344419451699,2238.4745105783004,1637.8938355128048
2025-08-10,12:00-16:00,4568.7965225539056,514.36972779340908,2238.4745105783004,1637.8938355128048
2025-08-10,16:00-20:00,19.579050989540498,5849.1915479681938,2238.4745105783004,1637.8938355128048
2025-08-10,20:00-24:00,497.22278800394622,2815.3134896550037,2238.4745105783004,1637.8938355128048
2025-08-11,00:00-04:00,4346.7846272079942,0,1637.8938355128048,1661.9196339714617
2025-08-11,04:00-08:00,5833.333333333333,5759.4718188430415,1637.8938355128048,1661.9196339714617
2025-08-11,08:00-12:00,6443.0926183103729,2322.5520666104276,1637.8938355128048,1661.9196339714617
2025-08-11,12:00-16:00,4064.3888439893167,516.98966302980011,1637.8938355128048,1661.9196339714617
2025-08-11,16:00-20:00,150.7516833512928,5361.8257310159097,1637.8938355128048,1661.9196339714617
2025-08-11,20:00-24:00,545.4294026262105,3338.3997140310362,1637.8938355128048,1661.9196339714617
2025-08-12,00:00-04:00,3333.333333333333,0,1661.9196339714617,1638.9713657576576
2025-08-12,04:00-08:00,6820.0892955872623,5357.7175112515961,1661.9196339714617,1638.9713657576576
2025-08-12,08:00-12:00,5247.1311669223787,1979.9603669657554,1661.9196339714617,1638.9713657576576
2025-08-12,12:00-16:00,5177.1163769572831,1105.9626323251766,1661.9196339714617,1638.9713657576576
2025-08-12,16:00-20:00,65.464133775362072,5886.3592816913742,1661.9196339714617,1638.9713657576576
2025-08-12,20:00-24:00,519.18162791661098,2832.1295560972303,1661.9196339714617,1638.9713657576576
2025-08-13,00:00-04:00,4345.5873713803794,0,1638.9713657576576,1558.6530399906114
2025-08-13,04:00-08:00,5889.1108758503515,5760.6220230921754,1638.9713657576576,1558.6530399906114
2025-08-13,08:00-12:00,5473.0902480678924,1526.4200323351874,1638.9713657576576,1558.6530399906114
2025-08-13,12:00-16:00,4063.059639212197,611.86846738934139,1638.9713657576576,1558.6530399906114
2025-08-13,16:00-20:00,185.38347624195458,5327.3779777416048,1638.9713657576576,1558.6530399906114
2025-08-13,20:00-24:00,398.50337776734602,3333.333333333333,1638.9713657576576,1558.6530399906114
2025-08-14,00:00-04:00,4434.8299555659869,0,1558.6530399906114,1200.0000000000018
2025-08-14,04:00-08:00,5833.333333333333,6350.3314127387293,1558.6530399906114,1200.0000000000018
2025-08-14,08:00-12:00,6100.6485632328859,2175.8707232340357,1558.6530399906114,1200.0000000000018
2025-08-14,12:00-16:00,4880.1810722187693,368.26986874307795,1558.6530399906114,1200.0000000000018
2025-08-14,16:00-20:00,8.3360987033449643,5313.4189066163744,1558.6530399906114,1200.0000000000018
2025-08-14,20:00-24:00,0.85560320767820031,3334.0263719315526,1558.6530399906114,1200.0000000000018
2025-08-15,00:00-04:00,1666.6666666666665,0,1200.0000000000018,1377.0007746652245
2025-08-15,04:00-08:00,1485.1349450929238,2552.9593055252699,1200.0000000000018,1377.0007746652245
2025-08-15,08:00-12:00,3368.2327545627913,0,1200.0000000000018,1377.0007746652245
2025-08-15,12:00-16:00,7298.4339121038765,0,1200.0000000000018,1377.0007746652245
2025-08-15,16:00-20:00,7.2391249999999765,5248.9397140637748,1200.0000000000018,1377.0007746652245
2025-08-15,20:00-24:00,196.66752740580728,3396.9239771862267,1200.0000000000018,1377.0007746652245
2025-08-16,00:00-04:00,0,159.30069719870207,1377.0007746652245,2009.2717060479317
2025-08-16,04:00-08:00,2911.3693472457203,2358.2091712690335,1377.0007746652245,2009.2717060479317
2025-08-16,08:00-12:00,5415.0754229702397,0,1377.0007746652245,2009.2717060479317
2025-08-16,12:00-16:00,5275.0952839365209,19.038272594477519,1377.0007746652245,2009.2717060479317
2025-08-16,16:00-20:00,0,5402.3403080517746,1377.0007746652245,2009.2717060479317
2025-08-16,20:00-24:00,1781.3270000522707,3952.1900265474278,1377.0007746652245,2009.2717060479317
2025-08-17,00:00-04:00,4767.4758821689647,0,2009.2717060479317,1568.3871604265769
2025-08-17,04:00-08:00,5000,6220.6740770057149,2009.2717060479317,1568.3871604265769
2025-08-17,08:00-12:00,6244.9097312039439,1537.7028052694775,2009.2717060479317,1568.3871604265769
2025-08-17,12:00-16:00,3611.2299652868232,225.09627188232645,2009.2717060479317,1568.3871604265769
2025-08-17,16:00-20:00,37.443395414519507,5879.8921292416017,2009.2717060479317,1568.3871604265769
2025-08-17,20:00-24:00,1216.03997984132,3443.88096033171,2009.2717060479317,1568.3871604265769
2025-08-18,00:00-04:00,5257.3475995260251,0,1568.3871604265769,1636.8779244456509
2025-08-18,04:00-08:00,5000,5732.1878389277963,1568.3871604265769,1636.8779244456509
2025-08-18,08:00-12:00,6375.4096048524534,2298.0974385733543,1568.3871604265769,1636.8779244456509
2025-08-18,12:00-16:00,4333.7296725042661,644.1175371577915,1568.3871604265769,1636.8779244456509
2025-08-18,16:00-20:00,0,5306.6666666666661,1568.3871604265769,1636.8779244456509
2025-08-18,20:00-24:00,485.41991605072491,3333.333333333333,1568.3871604265769,1636.8779244456509
2025-08-19,00:00-04:00,4335.4372942584687,0,1636.8779244456509,1793.9789287145795
2025-08-19,04:00-08:00,5833.333333333333,5932.5229797160264,1636.8779244456509,1793.9789287145795
2025-08-19,08:00-12:00,5098.8979739833758,1200.4195559584439,1636.8779244456509,1793.9789287145795
2025-08-19,12:00-16:00,4767.394650033114,848.64883012933205,1636.8779244456509,1793.9789287145795
2025-08-19,16:00-20:00,63.672607386207304,5358.2414786494955,1636.8779244456509,1793.9789287145795
2025-08-19,20:00-24:00,659.97658746064576,3333.333333333333,1636.8779244456509,1793.9789287145795
2025-08-20,00:00-04:00,4173.3567458726884,0,1793.9789287145795,1699.2829408619345
2025-08-20,04:00-08:00,5833.333333333333,5400.4203711467908,1793.9789287145795,1699.2829408619345
2025-08-20,08:00-12:00,6191.9029199696206,3239.5796288532092,1793.9789287145795,1699.2829408619345
2025-08-20,12:00-16:00,5441.0192062162732,782.66692221057701,1793.9789287145795,1699.2829408619345
2025-08-20,16:00-20:00,101.55403792662399,5388.92543738723,1793.9789287145795,1699.2829408619345
2025-08-20,20:00-24:00,565.43290505852781,3341.9793396550026,1793.9789287145795,1699.2829408619345
2025-08-21,00:00-04:00,6666.6666666666661,0,1699.2829408619345,1200
2025-08-21,04:00-08:00,3445.2411768200727,6398.9204214246683,1699.2829408619345,1200
2025-08-21,08:00-12:00,6067.0445731744758,1661.1850541047797,1699.2829408619345,1200
2025-08-21,12:00-16:00,5079.3157043490155,968.4463492645823,1699.2829408619345,1200
2025-08-21,16:00-20:00,2.4253688054199705,5308.6312153990548,1699.2829408619345,1200
2025-08-21,20:00-24:00,0.85560320767831399,3334.0263719315526,1699.2829408619345,1200
2025-08-22,00:00-04:00,835.81555909474037,0,1200,1375.2769225728589
2025-08-22,04:00-08:00,2500,2702.0106028667396,1200,1375.2769225728589
2025-08-22,08:00-12:00,5844.729216735378,0,1200,1375.2769225728589
2025-08-22,12:00-16:00,4821.9374499312871,0,1200,1375.2769225728589
2025-08-22,16:00-20:00,1.4739021839074993,5298.6185195787439,1200,1375.2769225728589
2025-08-22,20:00-24:00,206.57770297747146,3352.1540502863991,1200,1375.2769225728589
2025-08-23,00:00-04:00,0,157.74923031557299,1375.2769225728589,1903.654407708942
2025-08-23,04:00-08:00,3544.5989525155774,2701.3888357709466,1375.2769225728589,1903.654407708942
2025-08-23,08:00-12:00,5495.4854557610561,0,1375.2769225728589,1903.654407708942
2025-08-23,12:00-16:00,4961.6302037862661,0,1375.2769225728589,1903.654407708942
2025-08-23,16:00-20:00,9.3891232578487838,5475.5124637513791,1375.2769225728589,1903.654407708942
2025-08-23,20:00-24:00,781.83823078771502,3172.0927260874823,1375.2769225728589,1903.654407708942
2025-08-24,00:00-04:00,3710.9444601082696,0,1903.654407708942,1795.1868991795309
2025-08-24,04:00-08:00,5833.333333333333,6525.8380202334001,1903.654407708942,1795.1868991795309
2025-08-24,08:00-12:00,7259.8625557078167,1838.315959392346,1903.654407708942,1795.1868991795309
2025-08-24,12:00-16:00,4535.5320070318521,914.26959581913513,1903.654407708942,1795.1868991795309
2025-08-24,16:00-20:00,65.678480401792214,5359.8662357921175,1903.654407708942,1795.1868991795309
2025-08-24,20:00-24:00,671.99285874474992,3341.9793396550026,1903.654407708942,1795.1868991795309
2025-08-25,00:00-04:00,2505.347889800521,0,1795.1868991795309,1729.7933285535473
2025-08-25,04:00-08:00,7500,7021.1236491859509,1795.1868991795309,1729.7933285535473
2025-08-25,08:00-12:00,6742.6017323247943,1562.3342230396049,1795.1868991795309,1729.7933285535473
2025-08-25,12:00-16:00,5592.0822569018819,1407.6361590480496,1795.1868991795309,1729.7933285535473
2025-08-25,16:00-20:00,12.54842517897254,5843.4975577283021,1795.1868991795309,1729.7933285535473
2025-08-25,20:00-24:00,588.65925394838587,2806.6666666666665,1795.1868991795309,1729.7933285535473
2025-08-26,00:00-04:00,4999.9999999999991,0,1729.7933285535473,1487.3217247967023
2025-08-26,04:00-08:00,5078.0074127182797,6337.2613647911785,1729.7933285535473,1487.3217247967023
2025-08-26,08:00-12:00,6631.4568637358443,1803.2551443540965,1729.7933285535473,1487.3217247967023
2025-08-26,12:00-16:00,4184.2266699797183,620.18715316433133,1729.7933285535473,1487.3217247967023
2025-08-26,16:00-20:00,18.867367918915104,5321.9492346809857,1729.7933285535473,1487.3217247967023
2025-08-26,20:00-24:00,319.24636088522738,3333.333333333333,1729.7933285535473,1487.3217247967023
2025-08-27,00:00-04:00,5833.3333333333321,0,1487.3217247967023,1475.3965121327547
2025-08-27,04:00-08:00,4756.7762534367557,4195.9954852862866,1487.3217247967023,1475.3965121327547
2025-08-27,08:00-12:00,5686.5801762624833,2823.258621569772,1487.3217247967023,1475.3965121327547
2025-08-27,12:00-16:00,3656.7302057790121,1005.7502606256426,1487.3217247967023,1475.3965121327547
2025-08-27,16:00-20:00,363.35247281550039,5340.6375292199355,1487.3217247967023,1475.3965121327547
2025-08-27,20:00-24:00,350.31617351531764,3369.2325729612621,1487.3217247967023,1475.3965121327547
2025-08-28,00:00-04:00,7027.3372087413836,0,1475.3965121327547,1200
2025-08-28,04:00-08:00,3484.9492439196929,5214.4999849177802,1475.3965121327547,1200
2025-08-28,08:00-12:00,5833.333333333333,2854.3763712726254,1475.3965121327547,1200
2025-08-28,12:00-16:00,4752.3909520403013,628.36920253719052,1475.3965121327547,1200
2025-08-28,16:00-20:00,8.5443490537896878,5330.9858761484011,1475.3965121327547,1200
2025-08-28,20:00-24:00,115.5839314920738,3409.5580310937471,1475.3965121327547,1200
2025-08-29,00:00-04:00,549.38029344004292,0,1200,1199.9999999999982
2025-08-29,04:00-08:00,3734.5653117710722,3469.9959402210025,1200,1199.9999999999982
2025-08-29,08:00-12:00,4764.1062038010341,0,1200,1199.9999999999982
2025-08-29,12:00-16:00,5902.5604628656311,0,1200,1199.9999999999982
2025-08-29,16:00-20:00,4.213189792917464,5305.6723742867534,1200,1199.9999999999982
2025-08-29,20:00-24:00,10.501428753961505,3346.2464667362178,1200,1199.9999999999982
2025-08-30,00:00-04:00,1666.6666666666686,0,1199.9999999999982,1525.9887847627233
2025-08-30,04:00-08:00,2419.8710909789534,3209.2281929950859,1199.9999999999982,1525.9887847627233
2025-08-30,08:00-12:00,8175.6765222393096,0,1199.9999999999982,1525.9887847627233
2025-08-30,12:00-16:00,2366.4625015904817,0,1199.9999999999982,1525.9887847627233
2025-08-30,16:00-20:00,14.971388957124615,5560.9426393970462,1199.9999999999982,1525.9887847627233
2025-08-30,20:00-24:00,371.29524045240879,3098.5434241382231,1199.9999999999982,1525.9887847627233
2025-08-31,00:00-04:00,3340.1397505594546,0,1525.9887847627233,1200
2025-08-31,04:00-08:00,6666.6666666666661,6956.9696542131414,1525.9887847627233,1200
2025-08-31,08:00-12:00,5418.6927249561795,1441.9334500264686,1525.9887847627233,1200
2025-08-31,12:00-16:00,5923.1163198191643,546.86532626802693,1525.9887847627233,1200
2025-08-31,16:00-20:00,44.384478896946234,5331.4757319341461,1525.9887847627233,1200
2025-08-31,20:00-24:00,133.88435870792858,3452.922026525805,1525.9887847627233,1200
2025-09-01,00:00-04:00,4166.6666666666661,0,1200,1200
2025-09-01,04:00-08:00,6500,6192.2669235849553,1200,1200
2025-09-01,08:00-12:00,5911.4088338912179,2329.4560363669216,1200,1200
2025-09-01,12:00-16:00,4948.1235603241703,294.23036610610762,1200,1200
2025-09-01,16:00-20:00,115.03113938026888,5391.8791190273887,1200,1200
2025-09-01,20:00-24:00,56.883784696960262,3367.6398827316489,1200,1200
2025-09-02,00:00-04:00,6500,0,1200,1200.0000000000018
2025-09-02,04:00-08:00,4215.6961178294086,5954.1359245130425,1200,1200.0000000000018
2025-09-02,08:00-12:00,5915.1109201433264,1869.2674980261013,1200,1200.0000000000018
2025-09-02,12:00-16:00,4103.5114708702622,401.98437104383419,1200,1200.0000000000018
2025-09-02,16:00-20:00,119.54916990524666,5338.190891031285,1200,1200.0000000000018
2025-09-02,20:00-24:00,95.720334209152753,3405.5876058812282,1200,1200.0000000000018
2025-09-03,00:00-04:00,3999.9999999999995,0,1200.0000000000018,1202.4155577659039
2025-09-03,04:00-08:00,6666.6666666666661,6046.4458665342936,1200.0000000000018,1202.4155577659039
2025-09-03,08:00-12:00,4420.5842084682145,1169.8063104798814,1200.0000000000018,1202.4155577659039
2025-09-03,12:00-16:00,4978.6826469498328,411.60046183537878,1200.0000000000018,1202.4155577659039
2025-09-03,16:00-20:00,130.86007096981228,5937.5435790495758,1200.0000000000018,1202.4155577659039
2025-09-03,20:00-24:00,105.43116726089512,2877.2318359670508,1200.0000000000018,1202.4155577659039
2025-09-04,00:00-04:00,5833.333333333333,0,1202.4155577659039,1199.9999999999982
2025-09-04,04:00-08:00,4830.6493802601062,6809.9136353822814,1202.4155577659039,1199.9999999999982
2025-09-04,08:00-12:00,6088.991491839528,1263.3128195111547,1202.4155577659039,1199.9999999999982
2025-09-04,12:00-16:00,4003.5811440677389,148.62631512670799,1202.4155577659039,1199.9999999999982
2025-09-04,16:00-20:00,150.14788138435395,5372.6906460891914,1202.4155577659039,1199.9999999999982
2025-09-04,20:00-24:00,69.36853069614078,3398.2487127607546,1202.4155577659039,1199.9999999999982
2025-09-05,00:00-04:00,1527.7982380885801,336.15915508010085,1199.9999999999982,1200
2025-09-05,04:00-08:00,2500,2926.3574177716478,1199.9999999999982,1200
2025-09-05,08:00-12:00,3179.2019414548922,0,1199.9999999999982,1200
2025-09-05,12:00-16:00,7487.4647252117757,0,1199.9999999999982,1200
2025-09-05,16:00-20:00,0,5687.3857594380443,1199.9999999999982,1200
2025-09-05,20:00-24:00,130.94150399813631,3058.6768588004461,1199.9999999999982,1200
2025-09-06,00:00-04:00,833.33333333333326,0,1200,1970.4573325387064
2025-09-06,04:00-08:00,2692.8111964309774,2856.1770691090915,1200,1970.4573325387064
2025-09-06,08:00-12:00,4844.1269363774682,0,1200,1970.4573325387064
2025-09-06,12:00-16:00,5822.5397302891988,0,1200,1970.4573325387064
2025-09-06,16:00-20:00,37.794489011324913,5311.9162407826589,1200,1970.4573325387064
2025-09-06,20:00-24:00,1761.9909749469484,4092.4983857387078,1200,1970.4573325387064
2025-09-07,00:00-04:00,5140.9777757886022,0,1970.4573325387064,1200.0000000000018
2025-09-07,04:00-08:00,4669.6251880572781,7031.217644722823,1970.4573325387064,1200.0000000000018
2025-09-07,08:00-12:00,6725.2720067422633,1608.7823552771765,1970.4573325387064,1200.0000000000018
2025-09-07,12:00-16:00,3949.6981219100494,40.057304395790993,1970.4573325387064,1200.0000000000018
2025-09-07,16:00-20:00,105.48303216816062,5868.1478109211876,1970.4573325387064,1200.0000000000018
2025-09-07,20:00-24:00,94.381530240240039,2900.4109844422005,1970.4573325387064,1200.0000000000018
2025-09-08,00:00-04:00,5666.6666666666661,0,1200.0000000000018,1199.9999999999982
2025-09-08,04:00-08:00,5000,6313.7289480179543,1200.0000000000018,1199.9999999999982
2025-09-08,08:00-12:00,5889.0718880529657,1898.4503622692973,1200.0000000000018,1199.9999999999982
2025-09-08,12:00-16:00,4818.9167032200312,781.65596645179858,1200.0000000000018,1199.9999999999982
2025-09-08,16:00-20:00,353.28354718347481,6565.8937408914362,1200.0000000000018,1199.9999999999982
2025-09-08,20:00-24:00,130.88051489578623,2145.9146315848438,1200.0000000000018,1199.9999999999982
2025-09-09,00:00-04:00,8333.3333333333321,0,1199.9999999999982,1215.671478468541
2025-09-09,04:00-08:00,2333.3333333333348,7156.4072746638994,1199.9999999999982,1215.671478468541
2025-09-09,08:00-12:00,6208.4839332734919,924.22576528982995,1199.9999999999982,1215.671478468541
2025-09-09,12:00-16:00,3767.6062395088852,165.21761357703264,1199.9999999999982,1215.671478468541
2025-09-09,16:00-20:00,199.95340551507817,6168.1700672901425,1199.9999999999982,1215.671478468541
2025-09-09,20:00-24:00,127.77286863101851,2557.9662705694736,1199.9999999999982,1215.671478468541
2025-09-10,00:00-04:00,8149.2539128127319,0,1215.671478468541,1200
2025-09-10,04:00-08:00,2500,6134.8194493501724,1215.671478468541,1200
2025-09-10,08:00-12:00,5930.4070765966972,2505.1805506498276,1215.671478468541,1200
2025-09-10,12:00-16:00,5760.7782098111375,849.44107206395063,1215.671478468541,1200
2025-09-10,16:00-20:00,121.02172426740256,5430.3692581874311,1215.671478468541,1200
2025-09-10,20:00-24:00,91.667941893002478,3362.3283813288904,1215.671478468541,1200
2025-09-11,00:00-04:00,7333.3333333333321,0,1200,1236.379220632014
2025-09-11,04:00-08:00,3333.333333333333,6751.4703436337404,1200,1236.379220632014
2025-09-11,08:00-12:00,4493.9183897179464,1888.52965636626,1200,1236.379220632014
2025-09-11,12:00-16:00,6229.4284383400309,45.910930726963514,1200,1236.379220632014
2025-09-11,16:00-20:00,52.076551389378082,5409.4676196429009,1200,1236.379220632014
2025-09-11,20:00-24:00,113.11326488073718,3331.5948329670778,1200,1236.379220632014
2025-09-12,00:00-04:00,1666.6666666666665,0,1236.379220632014,1227.4451711653819
2025-09-12,04:00-08:00,2579.4625556857663,3472.1059686742842,1236.379220632014,1227.4451711653819
2025-09-12,08:00-12:00,3714.671872950124,0,1236.379220632014,1227.4451711653819
2025-09-12,12:00-16:00,6965.2822713092191,10.762856850066338,1236.379220632014,1227.4451711653819
2025-09-12,16:00-20:00,87.418727440267631,6375.573427949028,1236.379220632014,1227.4451711653819
2025-09-12,20:00-24:00,126.75425269054848,2413.2060319080938,1236.379220632014,1227.4451711653819
2025-09-13,00:00-04:00,2500,0,1227.4451711653819,1430.1345452135265
2025-09-13,04:00-08:00,1613.3454400090752,3356.5104604561948,1227.4451711653819,1430.1345452135265
2025-09-13,08:00-12:00,5333.8205267031626,0,1227.4451711653819,1430.1345452135265
2025-09-13,12:00-16:00,5332.8461399635044,29.608290219618233,1227.4451711653819,1430.1345452135265
2025-09-13,16:00-20:00,169.12620964152953,6503.3024399893111,1227.4451711653819,1430.1345452135265
2025-09-13,20:00-24:00,1584.1696272949341,3320.1378070174342,1227.4451711653819,1430.1345452135265
2025-09-14,00:00-04:00,8744.2949497627487,0,1430.1345452135265,1200
2025-09-14,04:00-08:00,1891.3309803765453,5602.0236517242693,1430.1345452135265,1200
2025-09-14,08:00-12:00,6091.7281426402269,3219.9544423807324,1430.1345452135265,1200
2025-09-14,12:00-16:00,4998.7012094897709,343.24777522529712,1430.1345452135265,1200
2025-09-14,16:00-20:00,21.835058078599559,6195.6864078666731,1430.1345452135265,1200
2025-09-14,20:00-24:00,107.11631718478282,2548.7642060966687,1430.1345452135265,1200
2025-09-15,00:00-04:00,6500,0,1200,1200.0000000000018
2025-09-15,04:00-08:00,4174.8231631038134,6817.8663973171115,1200,1200.0000000000018
2025-09-15,08:00-12:00,5974.5395771278518,1655.4375874594723,1200,1200.0000000000018
2025-09-15,12:00-16:00,4859.231000580402,324.83401997508292,1200,1200.0000000000018
2025-09-15,16:00-20:00,94.485603462482942,7016.2702930852311,1200,1200.0000000000018
2025-09-15,20:00-24:00,68.227458336439199,1739.3502122780046,1200,1200.0000000000018
2025-09-16,00:00-04:00,6499.9999999999991,0,1200.0000000000018,1219.0262673248635
2025-09-16,04:00-08:00,4166.6666666666661,6457.9239743443259,1200.0000000000018,1219.0262673248635
2025-09-16,08:00-12:00,6245.458493340062,2182.0760256556769,1200.0000000000018,1219.0262673248635
2025-09-16,12:00-16:00,4935.4798157063469,416.56003032759463,1200.0000000000018,1219.0262673248635
2025-09-16,16:00-20:00,48.459241999433644,6185.3142123809066,1200.0000000000018,1219.0262673248635
2025-09-16,20:00-24:00,60.518783516246941,2525.8343476944174,1200.0000000000018,1219.0262673248635
2025-09-17,00:00-04:00,7312.1930363057072,0,1219.0262673248635,1200.0000000000018
2025-09-17,04:00-08:00,4091.554403801706,6133.22324248326,1219.0262673248635,1200.0000000000018
2025-09-17,08:00-12:00,5569.6229697808722,3120.9358245961212,1219.0262673248635,1200.0000000000018
2025-09-17,12:00-16:00,5340.0078080173671,196.8009300165742,1219.0262673248635,1200.0000000000018
2025-09-17,16:00-20:00,17.945072291696079,6973.0752911289492,1219.0262673248635,1200.0000000000018
2025-09-17,20:00-24:00,76.364432949163984,1743.3154081161479,1219.0262673248635,1200.0000000000018
2025-09-18,00:00-04:00,5833.3333333333321,0,1200.0000000000018,1199.9999999999964
2025-09-18,04:00-08:00,4833.333333333333,5876.5957672147961,1200.0000000000018,1199.9999999999964
2025-09-18,08:00-12:00,6205.6133659579154,2676.730346938888,1200.0000000000018,1199.9999999999964
2025-09-18,12:00-16:00,4551.5592936684006,233.33584037347771,1200.0000000000018,1199.9999999999964
2025-09-18,16:00-20:00,155.53368055115914,6588.0223083972924,1200.0000000000018,1199.9999999999964
2025-09-18,20:00-24:00,901.72537446988429,2835.0054259399089,1200.0000000000018,1199.9999999999964
2025-09-19,00:00-04:00,4646.2102479732166,489.94076969252581,1199.9999999999964,1215.2463517160977
2025-09-19,04:00-08:00,833.33333333333326,3948.4895311657779,1199.9999999999964,1215.2463517160977
2025-09-19,08:00-12:00,3397.165058627465,0,1199.9999999999964,1215.2463517160977
2025-09-19,12:00-16:00,7269.5016080391979,0,1199.9999999999964,1215.2463517160977
2025-09-19,16:00-20:00,12.330066054210988,6309.6052836777781,1199.9999999999964,1215.2463517160977
2025-09-19,20:00-24:00,142.1882836958909,2441.8328630753149,1199.9999999999964,1215.2463517160977
2025-09-20,00:00-04:00,4134.9871159327995,0,1215.2463517160977,3031.0989305550229
2025-09-20,04:00-08:00,843.27568114322526,4038.0612804500556,1215.2463517160977,3031.0989305550229
2025-09-20,08:00-12:00,4726.4955005381471,8.053301726012549,1215.2463517160977,3031.0989305550229
2025-09-20,12:00-16:00,5940.1711661285171,0,1215.2463517160977,3031.0989305550229
2025-09-20,16:00-20:00,17.011722130577517,6929.5005025731316,1215.2463517160977,3031.0989305550229
2025-09-20,20:00-24:00,2729.5786323686211,2287.2486470716995,1215.2463517160977,3031.0989305550229
2025-09-21,00:00-04:00,6132.1122993833069,0,3031.0989305550229,1240.3750534612282
2025-09-21,04:00-08:00,2553.9774813406307,5777.950712206326,3031.0989305550229,1240.3750534612282
2025-09-21,08:00-12:00,5389.8299602147181,1804.3925708862048,3031.0989305550229,1240.3750534612282
2025-09-21,12:00-16:00,3917.1101918922177,24.420700473481311,3031.0989305550229,1240.3750534612282
2025-09-21,16:00-20:00,104.54207966386494,6188.3562043966831,3031.0989305550229,1240.3750534612282
2025-09-21,20:00-24:00,161.67453271926644,2606.5210030450676,3031.0989305550229,1240.3750534612282
2025-09-22,00:00-04:00,4788.4721628208572,0,1240.3750534612282,1247.33326415591
2025-09-22,04:00-08:00,5833.333333333333,6509.6985825929269,1240.3750534612282,1247.33326415591
2025-09-22,08:00-12:00,6199.4262840879655,2130.3014174070731,1240.3750534612282,1247.33326415591
2025-09-22,12:00-16:00,4672.8247605461829,166.52334615366453,1240.3750534612282,1247.33326415591
2025-09-22,16:00-20:00,5.5837002983422508,7798.6868505012517,1240.3750534612282,1247.33326415591
2025-09-22,20:00-24:00,151.97206682664151,926.33338312966475,1240.3750534612282,1247.33326415591
2025-09-23,00:00-04:00,7500,0,1247.33326415591,1278.9453301197227
2025-09-23,04:00-08:00,3114.0741509378777,5931.3543462004527,1247.33326415591,1278.9453301197227
2025-09-23,08:00-12:00,5764.8750740815267,2631.0357046783411,1247.33326415591,1278.9453301197227
2025-09-23,12:00-16:00,5325.1923434900873,420.5645573542115,1247.33326415591,1278.9453301197227
2025-09-23,16:00-20:00,83.395467164043154,6239.5827303162678,1247.33326415591,1278.9453301197227
2025-09-23,20:00-24:00,192.18839393273822,2552.5894000643802,1247.33326415591,1278.9453301197227
2025-09-24,00:00-04:00,5578.9496332003073,0,1278.9453301197227,1301.638759195861
2025-09-24,04:00-08:00,5193.9240681749943,5197.6165884201855,1278.9453301197227,1301.638759195861
2025-09-24,08:00-12:00,4206.0494115086876,2836.398187712166,1278.9453301197227,1301.638759195861
2025-09-24,12:00-16:00,5583.5510618870067,52.640102539914096,1278.9453301197227,1301.638759195861
2025-09-24,16:00-20:00,86.513841724339699,5402.3872711204558,1278.9453301197227,1301.638759195861
2025-09-24,20:00-24:00,186.22767776291516,3367.0584763879433,1278.9453301197227,1301.638759195861
2025-09-25,00:00-04:00,9720.401378671264,0,1301.638759195861,1234.3323588400162
2025-09-25,04:00-08:00,1720.1675066691487,5835.6059153482965,1301.638759195861,1234.3323588400162
2025-09-25,08:00-12:00,6116.1754204842209,3022.718825334483,1301.638759195861,1234.3323588400162
2025-09-25,12:00-16:00,4133.6309854278479,369.79259545281639,1301.638759195861,1234.3323588400162
2025-09-25,16:00-20:00,300.58344606189416,6950.0985623265215,1301.638759195861,1234.3323588400162
2025-09-25,20:00-24:00,143.05212805941483,1810.9086628109162,1301.638759195861,1234.3323588400162
2025-09-26,00:00-04:00,3333.8888211037724,0,1234.3323588400162,1218.8540912684239
2025-09-26,04:00-08:00,1666.6666666666665,4081.3490680500704,1234.3323588400162,1218.8540912684239
2025-09-26,08:00-12:00,2857.506425760228,0,1234.3323588400162,1218.8540912684239
2025-09-26,12:00-16:00,7809.160240906438,0,1234.3323588400162,1218.8540912684239
2025-09-26,16:00-20:00,0,7221.9591412304981,1234.3323588400162,1218.8540912684239
2025-09-26,20:00-24:00,998.1087554322155,2209.5402685280178,1234.3323588400162,1218.8540912684239
2025-09-27,00:00-04:00,4101.5013593240801,0,1218.8540912684239,3019.2628668799925
2025-09-27,04:00-08:00,833.33333333333326,4014.1847831940859,1218.8540912684239,3019.2628668799925
2025-09-27,08:00-12:00,5376.0739100643987,0,1218.8540912684239,3019.2628668799925
2025-09-27,12:00-16:00,5290.5927566022674,33.396481674546401,1218.8540912684239,3019.2628668799925
2025-09-27,16:00-20:00,168.14803015703291,6878.3424570053221,1218.8540912684239,3019.2628668799925
2025-09-27,20:00-24:00,2724.0464554290461,2433.6020144528643,1218.8540912684239,3019.2628668799925
2025-09-28,00:00-04:00,5833.333333333333,0,3019.2628668799925,1243.7813213964819
2025-09-28,04:00-08:00,3720.8836028523319,5625.994269325769,3019.2628668799925,1243.7813213964819
2025-09-28,08:00-12:00,6054.0446631886607,3286.7421576432816,3019.2628668799925,1243.7813213964819
2025-09-28,12:00-16:00,4398.1855341679538,314.29885593963689,3019.2628668799925,1243.7813213964819
2025-09-28,16:00-20:00,154.1666295220806,7059.345606471923,3019.2628668799925,1243.7813213964819
2025-09-28,20:00-24:00,120.86797122534898,1739.5527063292179,3019.2628668799925,1243.7813213964819
2025-09-29,00:00-04:00,6451.3540873372422,0,1243.7813213964819,1274.3494454166339
2025-09-29,04:00-08:00,4166.6666666666661,6256.1726666179984,1243.7813213964819,1274.3494454166339
2025-09-29,08:00-12:00,5742.637442698242,2383.8273333820016,1243.7813213964819,1274.3494454166339
2025-09-29,12:00-16:00,5160.8149541185667,191.79644142161214,1243.7813213964819,1274.3494454166339
2025-09-29,16:00-20:00,36.262625801059414,6990.5192396007842,1243.7813213964819,1274.3494454166339
2025-09-29,20:00-24:00,166.41175733633833,1746.7325098655378,1243.7813213964819,1274.3494454166339
2025-09-30,00:00-04:00,5833.333333333333,0,1274.3494454166339,1279.6144190917876
2025-09-30,04:00-08:00,4832.1994094875208,5748.4024825999695,1274.3494454166339,1279.6144190917876
2025-09-30,08:00-12:00,4590.9416993856976,2957.5935399598961,1274.3494454166339,1279.6144190917876
2025-09-30,12:00-16:00,7152.3133610617815,872.03659896245858,1274.3494454166339,1279.6144190917876
2025-09-30,16:00-20:00,88.569179999758134,6579.9775074513345,1274.3494454166339,1279.6144190917876
2025-09-30,20:00-24:00,137.94911768223673,2171.8493364884744,1274.3494454166339,1279.6144190917876
2025-10-01,00:00-04:00,8911.539534342457,0,1279.6144190917876,1273.1858171976601
2025-10-01,04:00-08:00,1666.6666666666665,7045.3919337638381,1279.6144190917876,1273.1858171976601
2025-10-01,08:00-12:00,6264.6785840436278,1594.6080662361596,1279.6144190917876,1273.1858171976601
2025-10-01,12:00-16:00,4664.3907979437136,212.54619940975118,1279.6144190917876,1273.1858171976601
2025-10-01,16:00-20:00,97.251845672459012,7046.909634496571,1279.6144190917876,1273.1858171976601
2025-10-01,20:00-24:00,146.61891876427126,1724.7584492192855,1279.6144190917876,1273.1858171976601
2025-10-02,00:00-04:00,7252.0157586692658,0,1273.1858171976601,1323.8624062048293
2025-10-02,04:00-08:00,3333.333333333333,6266.6128020942469,1273.1858171976601,1323.8624062048293
2025-10-02,08:00-12:00,6462.039702140084,2373.3871979057517,1273.1858171976601,1323.8624062048293
2025-10-02,12:00-16:00,4225.3262922964541,16.766455493599246,1273.1858171976601,1323.8624062048293
2025-10-02,16:00-20:00,61.557406134557638,6997.0145114552333,1273.1858171976601,1323.8624062048293
2025-10-02,20:00-24:00,989.1864794094065,2382.6118702510339,1273.1858171976601,1323.8624062048293
2025-10-03,00:00-04:00,5945.1167568411438,928.99302838177505,1323.8624062048293,1221.3365029866764
2025-10-03,04:00-08:00,0,3998.0277102438977,1323.8624062048293,1221.3365029866764
2025-10-03,08:00-12:00,4318.6527222676759,0,1323.8624062048293,1221.3365029866764
2025-10-03,12:00-16:00,6348.0139443989929,0,1323.8624062048293,1221.3365029866764
2025-10-03,16:00-20:00,6.4571691229232329,6935.3744128896033,1323.8624062048293,1221.3365029866764
2025-10-03,20:00-24:00,189.40686247799073,1844.0726000191298,1323.8624062048293,1221.3365029866764
2025-10-04,00:00-04:00,2499.626483451043,0,1221.3365029866764,1288.8712568430474
2025-10-04,04:00-08:00,3333.333333333333,4270.1101822631217,1221.3365029866764,1288.8712568430474
2025-10-04,08:00-12:00,4016.9334620080299,0,1221.3365029866764,1288.8712568430474
2025-10-04,12:00-16:00,6064.8071280904478,0,1221.3365029866764,1288.8712568430474
2025-10-04,16:00-20:00,74.187301218447828,6445.9008206337294,1221.3365029866764,1288.8712568430474
2025-10-04,20:00-24:00,968.65841057082116,2958.8200747568358,1221.3365029866764,1288.8712568430474
2025-10-05,00:00-04:00,7234.587492396613,0,1288.8712568430474,1211.135692173104
2025-10-05,04:00-08:00,3333.333333333333,6369.8343196320457,1288.8712568430474,1211.135692173104
2025-10-05,08:00-12:00,5225.3305472917764,2270.1656803679552,1288.8712568430474,1211.135692173104
2025-10-05,12:00-16:00,5636.8853870042012,185.29562899645333,1288.8712568430474,1211.135692173104
2025-10-05,16:00-20:00,67.472930365500389,7850.4881550143964,1288.8712568430474,1211.135692173104
2025-10-05,20:00-24:00,105.445380734553,892.65283180414599,1288.8712568430474,1211.135692173104
2025-10-06,00:00-04:00,7331.7066385699063,0,1211.135692173104,1200
2025-10-06,04:00-08:00,3397.3046636449326,6398.862189785099,1211.135692173104,1200
2025-10-06,08:00-12:00,6030.8619288805821,2146.5985387706855,1211.135692173104,1200
2025-10-06,12:00-16:00,4527.4420287071825,67.286754840120764,1211.135692173104,1200
2025-10-06,16:00-20:00,29.275282685012908,6258.6052527807478,1211.135692173104,1200
2025-10-06,20:00-24:00,851.87577254527423,3095.127101955783,1211.135692173104,1200
2025-10-07,00:00-04:00,9833.3333333333321,0,1200,1200.0000000000018
2025-10-07,04:00-08:00,1472.5356472642497,6155.5734886306764,1200,1200.0000000000018
2025-10-07,08:00-12:00,5468.8534072678776,3002.1803856533675,1200,1200.0000000000018
2025-10-07,12:00-16:00,5503.4939331577789,247.60134574477829,1200,1200.0000000000018
2025-10-07,16:00-20:00,73.270028633087065,6426.5281120881282,1200,1200.0000000000018
2025-10-07,20:00-24:00,68.343131042623952,2328.1785472491974,1200,1200.0000000000018
2025-10-08,00:00-04:00,7333.3333333333303,0,1200.0000000000018,1200
2025-10-08,04:00-08:00,3333.333333333333,6317.1344587612457,1200.0000000000018,1200
2025-10-08,08:00-12:00,5387.1853981640543,2322.8655412387543,1200.0000000000018,1200
2025-10-08,12:00-16:00,5279.5916712951848,0.089426261980555921,1200.0000000000018,1200
2025-10-08,16:00-20:00,84.670836925327208,6462.6847068437546,1200.0000000000018,1200
2025-10-08,20:00-24:00,797.07637665793038,2891.5305361586879,1200.0000000000018,1200
2025-10-09,00:00-04:00,9166.6666666666661,0,1200,1274.8760587945962
2025-10-09,04:00-08:00,1735.4232671396312,6868.0219521285399,1200,1274.8760587945962
2025-10-09,08:00-12:00,4970.5725810886142,1962.670894254562,1200,1274.8760587945962
2025-10-09,12:00-16:00,5766.184539040556,56.773267304628604,1200,1274.8760587945962
2025-10-09,16:00-20:00,12.633288757803708,7096.020980949691,1200,1274.8760587945962
2025-10-09,20:00-24:00,160.98148321307659,1617.2185314315877,1200,1274.8760587945962
2025-10-10,00:00-04:00,5833.333333333333,36.696902320251134,1274.8760587945962,1533.8605485263652
2025-10-10,04:00-08:00,0,4414.4270509894959,1274.8760587945962,1533.8605485263652
2025-10-10,08:00-12:00,4906.8730597794965,0,1274.8760587945962,1533.8605485263652
2025-10-10,12:00-16:00,5338.4794098434759,0,1274.8760587945962,1533.8605485263652
2025-10-10,16:00-20:00,4.4242593472376939,6503.8685463692373,1274.8760587945962,1533.8605485263652
2025-10-10,20:00-24:00,938.80559263288842,2599.6731400609324,1274.8760587945962,1533.8605485263652
2025-10-11,00:00-04:00,3585.5262666457334,0,1533.8605485263652,1203.2254154494967
2025-10-11,04:00-08:00,2500,5088.6420061732224,1533.8605485263652,1203.2254154494967
2025-10-11,08:00-12:00,4699.5076839016838,12.974884918061584,1533.8605485263652,1203.2254154494967
2025-10-11,12:00-16:00,5808.9690092273431,0,1533.8605485263652,1203.2254154494967
2025-10-11,16:00-20:00,44.522550315006953,6464.650747830472,1533.8605485263652,1203.2254154494967
2025-10-11,20:00-24:00,1764.6233068541055,3637.8545225719599,1533.8605485263652,1203.2254154494967
2025-10-12,00:00-04:00,8996.4162050561135,0,1203.2254154494967,1200
2025-10-12,04:00-08:00,1666.6666666666665,6241.0850522324436,1203.2254154494967,1200
2025-10-12,08:00-12:00,6304.26859859652,2361.895049262866,1203.2254154494967,1200
2025-10-12,12:00-16:00,4353.6507838172693,29.93459825985996,1203.2254154494967,1200
2025-10-12,16:00-20:00,3.9719824701187463,6425.3243210340861,1203.2254154494967,1200
2025-10-12,20:00-24:00,892.74504757684531,2941.0164733039537,1203.2254154494967,1200
2025-10-13,00:00-04:00,9833.3333333333321,0,1200,1200.0000000000073
2025-10-13,04:00-08:00,840.49664457762594,5818.279066659954,1200,1200.0000000000073
2025-10-13,08:00-12:00,5768.1551969560642,2827.5232154479227,1200,1200.0000000000073
2025-10-13,12:00-16:00,4922.0268694094239,19.047473756043924,1200,1200.0000000000073
2025-10-13,16:00-20:00,15.650808180846237,5711.4062601369787,1200,1200.0000000000073
2025-10-13,20:00-24:00,899.10567917223159,3669.5464946190123,1200,1200.0000000000073
2025-10-14,00:00-04:00,8999.9999999999927,0,1200.0000000000073,1200
2025-10-14,04:00-08:00,2291.5705739461905,5896.0698291587069,1200.0000000000073,1200
2025-10-14,08:00-12:00,4777.1852623351806,3250.102335737708,1200.0000000000073,1200
2025-10-14,12:00-16:00,6104.7257079057872,174.34788589518377,1200.0000000000073,1200
2025-10-14,16:00-20:00,9.0072325102880519,6027.4970717196775,1200.0000000000073,1200
2025-10-14,20:00-24:00,43.647167251172299,2655.1529920871062,1200.0000000000073,1200
2025-10-15,00:00-04:00,8166.6666666666661,0,1200,1200.0000000000018
2025-10-15,04:00-08:00,2500,5431.2516086986816,1200,1200.0000000000018
2025-10-15,08:00-12:00,6465.1837654538158,3208.7483913013175,1200,1200.0000000000018
2025-10-15,12:00-16:00,4739.2347476754085,435.57899563467072,1200,1200.0000000000018
2025-10-15,16:00-20:00,0,6423.8350213761187,1200,1200.0000000000018
2025-10-15,20:00-24:00,2305.1761352352491,4083.357648164435,1200,1200.0000000000018
2025-10-16,00:00-04:00,8333.3333333333321,0,1200.0000000000018,1230.4746192074799
2025-10-16,04:00-08:00,3097.0833966411974,5746.2806785163684,1200.0000000000018,1230.4746192074799
2025-10-16,08:00-12:00,6134.5158806318741,3512.3568727630036,1200.0000000000018,1230.4746192074799
2025-10-16,12:00-16:00,5520.2491848667869,800.35970305391788,1200.0000000000018,1230.4746192074799
2025-10-16,16:00-20:00,0.88332156805740347,6408.9933702720882,1200.0000000000018,1230.4746192074799
2025-10-16,20:00-24:00,792.80330862080268,2846.4656428941539,1200.0000000000018,1230.4746192074799
2025-10-17,00:00-04:00,4766.8350653053567,0,1230.4746192074799,1200
2025-10-17,04:00-08:00,833.33333333333326,4563.5635601840713,1230.4746192074799,1200
2025-10-17,08:00-12:00,5536.5021703612165,0,1230.4746192074799,1200
2025-10-17,12:00-16:00,5130.1644963054514,0,1230.4746192074799,1200
2025-10-17,16:00-20:00,3.0194593180669176,6494.7374534423752,1230.4746192074799,1200
2025-10-17,20:00-24:00,914.9880415282621,2888.848622243152,1230.4746192074799,1200
2025-10-18,00:00-04:00,5716.380134113233,0,1200,1294.9853910196762
2025-10-18,04:00-08:00,0,4630.2679086317185,1200,1294.9853910196762
2025-10-18,08:00-12:00,6480.2272120397165,0,1200,1294.9853910196762
2025-10-18,12:00-16:00,4186.4394546269486,0,1200,1294.9853910196762
2025-10-18,16:00-20:00,7.2604779487560904,6389.3956575322945,1200,1294.9853910196762
2025-10-18,20:00-24:00,940.45104426630314,2932.7638235441955,1200,1294.9853910196762
2025-10-19,00:00-04:00,9481.9038902039993,0,1294.9853910196762,1220.4844080992589
2025-10-19,04:00-08:00,1079.2234531074712,5289.4628393867015,1294.9853910196762,1220.4844080992589
2025-10-19,08:00-12:00,6286.3966626228721,3211.9093024773465,1294.9853910196762,1220.4844080992589
2025-10-19,12:00-16:00,5116.0600589207443,734.61780258628607,1294.9853910196762,1220.4844080992589
2025-10-19,16:00-20:00,30.510975717244811,7225.4088661386177,1294.9853910196762,1220.4844080992589
2025-10-19,20:00-24:00,880.68208130520418,2134.2215427602246,1294.9853910196762,1220.4844080992589
2025-10-20,00:00-04:00,9810.5728798897107,0,1220.4844080992589,1315.9492262711228
2025-10-20,04:00-08:00,1666.6666666666665,4700.6665958500816,1220.4844080992589,1315.9492262711228
2025-10-20,08:00-12:00,6228.956340033229,4416.2015362199636,1220.4844080992589,1315.9492262711228
2025-10-20,12:00-16:00,4908.3235939983206,579.32861449551388,1220.4844080992589,1315.9492262711228
2025-10-20,16:00-20:00,9.2290352434971332,7163.0455724555077,1220.4844080992589,1315.9492262711228
2025-10-20,20:00-24:00,932.53908004792197,2135.4322972865311,1220.4844080992589,1315.9492262711228
2025-10-21,00:00-04:00,8037.8341930320848,0,1315.9492262711228,1305.1873595154811
2025-10-21,04:00-08:00,3035.3143468569474,4561.3640828897733,1315.9492262711228,1305.1873595154811
2025-10-21,08:00-12:00,5458.5592404721119,4177.7727880739913,1315.9492262711228,1305.1873595154811
2025-10-21,12:00-16:00,5884.4016688584798,882.26608654814254,1315.9492262711228,1305.1873595154811
2025-10-21,16:00-20:00,7.3070462887273839,6434.6549277144168,1315.9492262711228,1305.1873595154811
2025-10-21,20:00-24:00,871.5676826280112,2822.5649791442124,1315.9492262711228,1305.1873595154811
2025-10-22,00:00-04:00,9716.4584894272411,0,1305.1873595154811,1262.4255927298545
2025-10-22,04:00-08:00,1666.6666666666665,4320.7794926938641,1305.1873595154811,1262.4255927298545
2025-10-22,08:00-12:00,5401.0304931980336,4994.2205073061341,1305.1873595154811,1262.4255927298545
2025-10-22,12:00-16:00,5661.5119240652284,320.65935798324335,1305.1873595154811,1262.4255927298545
2025-10-22,16:00-20:00,17.695119809597159,6459.4327009095687,1305.1873595154811,1262.4255927298545
2025-10-22,20:00-24:00,844.89728496930729,2823.084113504472,1305.1873595154811,1262.4255927298545
2025-10-23,00:00-04:00,8097.304896966828,0,1262.4255927298545,1213.4133654720154
2025-10-23,04:00-08:00,2500,4885.9804291705295,1262.4255927298545,1213.4133654720154
2025-10-23,08:00-12:00,6517.7314819839285,3754.0195708294714,1262.4255927298545,1213.4133654720154
2025-10-23,12:00-16:00,4604.6183977143173,373.03502635303084,1262.4255927298545,1213.4133654720154
2025-10-23,16:00-20:00,9.0635453900569409,7192.8833159583737,1262.4255927298545,1213.4133654720154
2025-10-23,20:00-24:00,893.77558701438875,2162.4127285669601,1262.4255927298545,1213.4133654720154
2025-10-24,00:00-04:00,5833.333333333333,0,1213.4133654720154,1250.9578084654931
2025-10-24,04:00-08:00,1412.5445167149628,5489.613923545051,1213.4133654720154,1250.9578084654931
2025-10-24,08:00-12:00,3405.898696857962,76.361070372626571,1213.4133654720154,1250.9578084654931
2025-10-24,12:00-16:00,6919.4915326295413,38.824179431137196,1213.4133654720154,1250.9578084654931
2025-10-24,16:00-20:00,10.615829365268041,6371.2125313233046,1213.4133654720154,1250.9578084654931
2025-10-24,20:00-24:00,889.95336194633774,2952.3864860201529,1213.4133654720154,1250.9578084654931
2025-10-25,00:00-04:00,4572.7593059859082,0,1250.9578084654931,3788.8569268921465
2025-10-25,04:00-08:00,2500,5289.4218523277468,1250.9578084654931,3788.8569268921465
2025-10-25,08:00-12:00,2836.3564845004703,47.370657628097433,1250.9578084654931,3788.8569268921465
2025-10-25,12:00-16:00,7289.5638173369553,0,1250.9578084654931,3788.8569268921465
2025-10-25,16:00-20:00,3.037934474364306,6326.5083074922832,1250.9578084654931,3788.8569268921465
2025-10-25,20:00-24:00,4201.5543343495092,3389.2401960521247,1250.9578084654931,3788.8569268921465
2025-10-26,00:00-04:00,6123.4923034531703,0,3788.8569268921465,1311.7395159010684
2025-10-26,04:00-08:00,1666.6666666666665,5042.9986864942239,3788.8569268921465,1311.7395159010684
2025-10-26,08:00-12:00,6367.7061033358514,3597.001313505777,3788.8569268921465,1311.7395159010684
2025-10-26,12:00-16:00,5157.9531986706279,695.78403462524875,3788.8569268921465,1311.7395159010684
2025-10-26,16:00-20:00,0,6448.1099715944883,3788.8569268921465,1311.7395159010684
2025-10-26,20:00-24:00,946.27994565230802,2857.8112200729183,3788.8569268921465,1311.7395159010684
2025-10-27,00:00-04:00,7209.1783156654792,0,1311.7395159010684,1300.3234074754528
2025-10-27,04:00-08:00,4166.6666666666661,4834.0025218264245,1311.7395159010684,1300.3234074754528
2025-10-27,08:00-12:00,6027.0429828222132,3870.6826159864086,1311.7395159010684,1300.3234074754528
2025-10-27,12:00-16:00,5029.8796919624019,940.84630906015457,1311.7395159010684,1300.3234074754528
2025-10-27,16:00-20:00,49.198100491446397,5743.1637064438164,1311.7395159010684,1300.3234074754528
2025-10-27,20:00-24:00,920.0320977419608,3577.1976070998862,1311.7395159010684,1300.3234074754528
2025-10-28,00:00-04:00,8888.5295472494963,0,1300.3234074754528,1268.2631540764341
2025-10-28,04:00-08:00,1666.6666666666665,3627.4855346907393,1300.3234074754528,1268.2631540764341
2025-10-28,08:00-12:00,5960.1507159210687,4308.2845231584761,1300.3234074754528,1268.2631540764341
2025-10-28,12:00-16:00,4599.9534364534857,617.91430557417152,1300.3234074754528,1268.2631540764341
2025-10-28,16:00-20:00,19.575569617551043,6594.0530273782642,1300.3234074754528,1268.2631540764341
2025-10-28,20:00-24:00,873.02560984086108,2707.5170893142622,1300.3234074754528,1268.2631540764341
2025-10-29,00:00-04:00,8924.1520510261835,0,1268.2631540764341,1272.3251617134829
2025-10-29,04:00-08:00,2500,4089.1595948381264,1268.2631540764341,1272.3251617134829
2025-10-29,08:00-12:00,5833.333333333333,5225.8404051618736,1268.2631540764341,1272.3251617134829
2025-10-29,12:00-16:00,6047.6453329780188,983.59271971219528,1268.2631540764341,1272.3251617134829
2025-10-29,16:00-20:00,45.396182531699708,5788.167744809647,1268.2631540764341,1272.3251617134829
2025-10-29,20:00-24:00,858.44338813375168,3518.8496618872377,1268.2631540764341,1272.3251617134829
2025-10-30,00:00-04:00,8333.3333333333321,0,1272.3251617134829,1207.3454250448067
2025-10-30,04:00-08:00,2252.9720425405744,4840.75073153215,1272.3251617134829,1207.3454250448067
2025-10-30,08:00-12:00,6247.0149706193251,3799.2492684678491,1272.3251617134829,1207.3454250448067
2025-10-30,12:00-16:00,5212.3301486775981,642.0695466305084,1272.3251617134829,1207.3454250448067
2025-10-30,16:00-20:00,23.06619872261841,6648.0817654002894,1272.3251617134829,1207.3454250448067
2025-10-30,20:00-24:00,36.033945968263325,2033.1784692589993,1272.3251617134829,1207.3454250448067
2025-10-31,00:00-04:00,4396.7379447288604,0,1207.3454250448067,1289.6863620959557
2025-10-31,04:00-08:00,3333.333333333333,5907.7871786347787,1207.3454250448067,1289.6863620959557
2025-10-31,08:00-12:00,5722.8514777973996,259.33250518638852,1207.3454250448067,1289.6863620959557
2025-10-31,12:00-16:00,4819.310332141441,0,1207.3454250448067,1289.6863620959557
2025-10-31,16:00-20:00,0,6227.6313728927053,1207.3454250448067,1289.6863620959557
2025-10-31,20:00-24:00,925.21553500588368,3081.0754845756956,1207.3454250448067,1289.6863620959557
2025-11-01,00:00-04:00,5604.5882896753374,0,1289.6863620959557,3201.2170332679407
2025-11-01,04:00-08:00,1666.6666666666665,5741.9710104787664,1289.6863620959557,3201.2170332679407
2025-11-01,08:00-12:00,4458.058604377622,143.66775916830784,1289.6863620959557,3201.2170332679407
2025-11-01,12:00-16:00,6103.9222957750771,0,1289.6863620959557,3201.2170332679407
2025-11-01,16:00-20:00,13.550251662155762,6261.2968657064557,1289.6863620959557,3201.2170332679407
2025-11-01,20:00-24:00,3414.7783967583387,3354.5540095729934,1289.6863620959557,3201.2170332679407
2025-11-02,00:00-04:00,5109.7588519245101,0,3201.2170332679407,1255.4291975928063
2025-11-02,04:00-08:00,3423.5591704682438,4369.8390263891015,3201.2170332679407,1255.4291975928063
2025-11-02,08:00-12:00,6524.2579815177914,4311.6769235664342,3201.2170332679407,1255.4291975928063
2025-11-02,12:00-16:00,5770.1037738849991,1350.000000000002,3201.2170332679407,1255.4291975928063
2025-11-02,16:00-20:00,0,6467.3149873980165,3201.2170332679407,1255.4291975928063
2025-11-02,20:00-24:00,1590.3924291503604,3411.0166023802467,3201.2170332679407,1255.4291975928063
2025-11-03,00:00-04:00,7500,0,1255.4291975928063,1275.9689580689173
2025-11-03,04:00-08:00,3105.0786693413256,4415.4513701348515,1255.4291975928063,1275.9689580689173
2025-11-03,08:00-12:00,6500,4224.5486298651485,1255.4291975928063,1275.9689580689173
2025-11-03,12:00-16:00,5036.4229752479941,704.50260995087285,1255.4291975928063,1275.9689580689173
2025-11-03,16:00-20:00,18.01863260572329,5868.0968123381263,1255.4291975928063,1275.9689580689173
2025-11-03,20:00-24:00,918.32382888553332,3461.9685192077654,1255.4291975928063,1275.9689580689173
2025-11-04,00:00-04:00,8082.2567132567583,0,1275.9689580689173,1293.9169541600641
2025-11-04,04:00-08:00,3363.1187914628613,3038.8844725684935,1275.9689580689173,1293.9169541600641
2025-11-04,08:00-12:00,5750.7120522108162,5687.4417963696196,1275.9689580689173,1293.9169541600641
2025-11-04,12:00-16:00,5062.2906893707313,756.80923892344867,1275.9689580689173,1293.9169541600641
2025-11-04,16:00-20:00,69.734049393650537,6448.9066258963085,1275.9689580689173,1293.9169541600641
2025-11-04,20:00-24:00,125.80229798569164,2239.4754906413114,1275.9689580689173,1293.9169541600641
2025-11-05,00:00-04:00,8895.6478287110403,0,1293.9169541600641,1337.6948528780704
2025-11-05,04:00-08:00,1666.6666666666665,3676.971737398715,1293.9169541600641,1337.6948528780704
2025-11-05,08:00-12:00,5853.5050845762671,4963.0282626012859,1293.9169541600641,1337.6948528780704
2025-11-05,12:00-16:00,5866.0540754565491,852.84291962658403,1293.9169541600641,1337.6948528780704
2025-11-05,16:00-20:00,26.370062364667433,5720.1360243762883,1293.9169541600641,1337.6948528780704
2025-11-05,20:00-24:00,888.76659118656335,3537.1992974099412,1293.9169541600641,1337.6948528780704
2025-11-06,00:00-04:00,7180.3390523576982,0,1337.6948528780704,1200
2025-11-06,04:00-08:00,3444.1727330918725,3287.9897342986346,1337.6948528780704,1200
2025-11-06,08:00-12:00,5983.3046369716867,5441.7901795057805,1337.6948528780704,1200
2025-11-06,12:00-16:00,5886.5911036667376,1040.5089436477085,1337.6948528780704,1200
2025-11-06,16:00-20:00,90.415568664758581,6453.9560730701305,1337.6948528780704,1200
2025-11-06,20:00-24:00,48.695855572807361,2232.830786831712,1337.6948528780704,1200
2025-11-07,00:00-04:00,8448.4443764405278,0,1200,1292.8913075857545
2025-11-07,04:00-08:00,833.33333333333326,6221.6986416304808,1200,1292.8913075857545
2025-11-07,08:00-12:00,3547.9120510818439,738.37140396424513,1200,1292.8913075857545
2025-11-07,12:00-16:00,6443.89157507243,18.474649399182034,1200,1292.8913075857545
2025-11-07,16:00-20:00,28.00819850329988,6306.3712502531262,1200,1292.8913075857545
2025-11-07,20:00-24:00,670.88178275599398,2809.1836448476051,1200,1292.8913075857545
2025-11-08,00:00-04:00,7424.980499096011,0,1292.8913075857545,3669.4501834869607
2025-11-08,04:00-08:00,1666.6666666666665,5856.7409549750519,1292.8913075857545,3669.4501834869607
2025-11-08,08:00-12:00,3376.3490569277947,215.15490839233803,1292.8913075857545,3669.4501834869607
2025-11-08,12:00-16:00,5616.2091778755203,19.912687918245254,1292.8913075857545,3669.4501834869607
2025-11-08,16:00-20:00,35.582022936677113,6281.8185722642593,1292.8913075857545,3669.4501834869607
2025-11-08,20:00-24:00,3453.1046866264805,2961.5124973436332,1292.8913075857545,3669.4501834869607
2025-11-09,00:00-04:00,6666.6666666666661,0,3669.4501834869607,1261.1944230276695
2025-11-09,04:00-08:00,1718.8491205509295,3316.5521578098619,3669.4501834869607,1261.1944230276695
2025-11-09,08:00-12:00,5833.333333333333,5656.8048495565199,3669.4501834869607,1261.1944230276695
2025-11-09,12:00-16:00,5929.3952327084708,929.22608391199583,3669.4501834869607,1261.1944230276695
2025-11-09,16:00-20:00,43.608959343872925,5746.0414171612201,3669.4501834869607,1261.1944230276695
2025-11-09,20:00-24:00,813.1067523324275,3532.8233285716838,3669.4501834869607,1261.1944230276695
2025-11-10,00:00-04:00,6432.0061966359226,0,1261.1944230276695,1235.5572758762446
2025-11-10,04:00-08:00,5125.8805933883878,3095.3315365692774,1261.1944230276695,1235.5572758762446
2025-11-10,08:00-12:00,4998.4702449455253,6321.6317440753173,1261.1944230276695,1235.5572758762446
2025-11-10,12:00-16:00,6553.841995904023,717.37291508813462,1261.1944230276695,1235.5572758762446
2025-11-10,16:00-20:00,39.651010417967456,7192.1715309184656,1261.1944230276695,1235.5572758762446
2025-11-10,20:00-24:00,81.289992715237332,1513.7891333308071,1261.1944230276695,1235.5572758762446
2025-11-11,00:00-04:00,8960.4919156930609,0,1235.5572758762446,1315.6237771848628
2025-11-11,04:00-08:00,1666.6666666666665,2901.4454866089545,1235.5572758762446,1315.6237771848628
2025-11-11,08:00-12:00,6500,5738.5545133910446,1235.5572758762446,1315.6237771848628
2025-11-11,12:00-16:00,5195.6028035854688,833.43827090423042,1235.5572758762446,1315.6237771848628
2025-11-11,16:00-20:00,50.441979265075375,5708.2878869245769,1235.5572758762446,1315.6237771848628
2025-11-11,20:00-24:00,908.81818679178446,3604.6514481151025,1235.5572758762446,1315.6237771848628
2025-11-12,00:00-04:00,7204.8624697945961,0,1315.6237771848628,1208.9849673600256
2025-11-12,04:00-08:00,4255.6355708068631,2993.164170527476,1315.6237771848628,1208.9849673600256
2025-11-12,08:00-12:00,5833.333333333333,6393.9006418260842,1315.6237771848628,1208.9849673600256
2025-11-12,12:00-16:00,5914.8462914986485,876.02549611390566,1315.6237771848628,1208.9849673600256
2025-11-12,16:00-20:00,34.621730486095515,5725.3060296719423,1315.6237771848628,1208.9849673600256
2025-11-12,20:00-24:00,45.240839561192175,2971.2961814423388,1315.6237771848628,1208.9849673600256
2025-11-13,00:00-04:00,8156.6833695999712,0,1208.9849673600256,1200
2025-11-13,04:00-08:00,2500,2034.9285901652306,1208.9849673600256,1200
2025-11-13,08:00-12:00,5828.2055528272986,5826.0406527547339,1208.9849673600256,1200
2025-11-13,12:00-16:00,5436.0024617810986,1263.0392489128376,1208.9849673600256,1200
2025-11-13,16:00-20:00,50.427904024534286,5703.2166324282562,1208.9849673600256,1200
2025-11-13,20:00-24:00,68.750818948219091,3033.3181331796741,1208.9849673600256,1200
2025-11-14,00:00-04:00,8333.3333333333321,0,1200,1251.6184250416645
2025-11-14,04:00-08:00,1666.6666666666665,6384.7081427808034,1200,1251.6184250416645
2025-11-14,08:00-12:00,2814.7242017068716,371.83180550214303,1200,1251.6184250416645
2025-11-14,12:00-16:00,6236.8241918523181,93.95511975000025,1200,1251.6184250416645
2025-11-14,16:00-20:00,104.83323408538386,6245.1326754137617,1200,1251.6184250416645
2025-11-14,20:00-24:00,919.52930570330045,3119.4035300275709,1200,1251.6184250416645
2025-11-15,00:00-04:00,6442.6461943981494,0,1251.6184250416645,3121.2894247954009
2025-11-15,04:00-08:00,4166.6666666666661,6337.7836675975941,1251.6184250416645,3121.2894247954009
2025-11-15,08:00-12:00,4910.930348900145,592.66189406792728,1251.6184250416645,3121.2894247954009
2025-11-15,12:00-16:00,3645.1752827856808,0,1251.6184250416645,3121.2894247954009
2025-11-15,16:00-20:00,4.533069891638891,6283.8163693020424,1251.6184250416645,3121.2894247954009
2025-11-15,20:00-24:00,3397.7619162634587,3382.8820871677221,1251.6184250416645,3121.2894247954009
2025-11-16,00:00-04:00,6865.2339724495541,0,3121.2894247954009,1200.0000000000018
2025-11-16,04:00-08:00,1677.5418791930297,1917.332023031676,3121.2894247954009,1200.0000000000018
2025-11-16,08:00-12:00,6020.324173913059,6360.564945331862,3121.2894247954009,1200.0000000000018
2025-11-16,12:00-16:00,5824.3331762775852,1389.6051804064768,3121.2894247954009,1200.0000000000018
2025-11-16,16:00-20:00,125.13943590883144,5711.7676390842698,3121.2894247954009,1200.0000000000018
2025-11-16,20:00-24:00,62.055427550171473,3015.3394273482832,3121.2894247954009,1200.0000000000018
2025-11-17,00:00-04:00,7499.9999999999991,0,1200.0000000000018,1238.8411180524945
2025-11-17,04:00-08:00,4136.4701483666904,2458.7386501508586,1200.0000000000018,1238.8411180524945
2025-11-17,08:00-12:00,5833.333333333333,6555.7974519683667,1200.0000000000018,1238.8411180524945
2025-11-17,12:00-16:00,5954.1974765241985,1447.6543149819324,1200.0000000000018,1238.8411180524945
2025-11-17,16:00-20:00,180.04411837536648,6636.5963752422649,1200.0000000000018,1238.8411180524945
2025-11-17,20:00-24:00,899.13794477199156,2713.8344487203162,1200.0000000000018,1238.8411180524945
2025-11-18,00:00-04:00,8123.5098688305616,0,1238.8411180524945,1202.6379393247607
2025-11-18,04:00-08:00,2500,2717.9729968063934,1238.8411180524945,1202.6379393247607
2025-11-18,08:00-12:00,5833.333333333333,5830.9857195002369,1238.8411180524945,1202.6379393247607
2025-11-18,12:00-16:00,5833.333333333333,901.04128369337138,1238.8411180524945,1202.6379393247607
2025-11-18,16:00-20:00,25.81052997670723,6621.0446028689466,1238.8411180524945,1202.6379393247607
2025-11-18,20:00-24:00,78.96724977218463,2101.4512533353741,1238.8411180524945,1202.6379393247607
2025-11-19,00:00-04:00,8163.7356229724865,0,1202.6379393247607,1211.6579448444572
2025-11-19,04:00-08:00,2622.8252260543804,1234.2327274626823,1202.6379393247607,1211.6579448444572
2025-11-19,08:00-12:00,5833.333333333333,7445.3289719233417,1202.6379393247607,1211.6579448444572
2025-11-19,12:00-16:00,6470.0030674264235,1400.7032207016605,1202.6379393247607,1211.6579448444572
2025-11-19,16:00-20:00,73.349232413150091,5844.6369393182977,1202.6379393247607,1211.6579448444572
2025-11-19,20:00-24:00,71.657507236270348,2887.2523670694873,1202.6379393247607,1211.6579448444572
2025-11-20,00:00-04:00,8153.713394617268,0,1211.6579448444572,1200
2025-11-20,04:00-08:00,3280.8538326128828,2462.6699557222219,1211.6579448444572,1200
2025-11-20,08:00-12:00,5833.333333333333,6191.6789514193033,1211.6579448444572,1200
2025-11-20,12:00-16:00,6041.5755251968931,1609.0249986042083,1211.6579448444572,1200
2025-11-20,16:00-20:00,31.96860103668093,7159.0342576282837,1211.6579448444572,1200
2025-11-20,20:00-24:00,65.502425972603689,1547.7111483294252,1211.6579448444572,1200
2025-11-21,00:00-04:00,9623.3821272509631,0,1200,1235.5307872931535
2025-11-21,04:00-08:00,833.33333333333326,6261.4812339116934,1200,1235.5307872931535
2025-11-21,08:00-12:00,5081.4814462123304,672.35927123352531,1200,1235.5307872931535
2025-11-21,12:00-16:00,3710.351125491251,60.597279654938283,1200,1235.5307872931535
2025-11-21,16:00-20:00,78.723128160701904,6244.9552978785796,1200,1235.5307872931535
2025-11-21,20:00-24:00,876.03150190227086,3093.3043652616207,1200,1235.5307872931535
2025-11-22,00:00-04:00,8127.1880141187185,0,1235.5307872931535,1256.5701955995646
2025-11-22,04:00-08:00,2500,6405.5801155642957,1235.5307872931535,1256.5701955995646
2025-11-22,08:00-12:00,4661.4077209954594,1074.3097173436677,1235.5307872931535,1256.5701955995646
2025-11-22,12:00-16:00,4573.0241714835083,0,1235.5307872931535,1256.5701955995646
2025-11-22,16:00-20:00,16.765134363518534,6269.329704592521,1235.5307872931535,1256.5701955995646
2025-11-22,20:00-24:00,924.75085600344892,3082.3850715651133,1235.5307872931535,1256.5701955995646
2025-11-23,00:00-04:00,8937.1442271115957,0,1256.5701955995646,1269.2652186083469
2025-11-23,04:00-08:00,1748.9655498575503,1665.7958916228931,1256.5701955995646,1269.2652186083469
2025-11-23,08:00-12:00,5845.638630163613,7013.4641620555594,1256.5701955995646,1269.2652186083469
2025-11-23,12:00-16:00,6008.7370840163003,989.44637019189418,1256.5701955995646,1269.2652186083469
2025-11-23,16:00-20:00,54.774504487103556,5861.9351007481318,1256.5701955995646,1269.2652186083469
2025-11-23,20:00-24:00,132.0871229443195,2867.0841207238104,1256.5701955995646,1269.2652186083469
2025-11-24,00:00-04:00,8089.7053126573919,0,1269.2652186083469,1245.5915264147297
2025-11-24,04:00-08:00,2500,1785.3654429444973,1269.2652186083469,1245.5915264147297
2025-11-24,08:00-12:00,5833.333333333333,6218.888753027275,1269.2652186083469,1245.5915264147297
2025-11-24,12:00-16:00,5715.1286370021899,1350.0000000000025,1269.2652186083469,1245.5915264147297
2025-11-24,16:00-20:00,55.110721651308282,6576.9160454126313,1269.2652186083469,1245.5915264147297
2025-11-24,20:00-24:00,562.35445175349344,2522.1983712720003,1269.2652186083469,1245.5915264147297
2025-11-25,00:00-04:00,8116.0094150947443,0,1245.5915264147297,1303.341459635516
2025-11-25,04:00-08:00,3333.333333333333,2217.8074600708819,1245.5915264147297,1303.341459635516
2025-11-25,08:00-12:00,5833.333333333333,6557.1925399291158,1245.5915264147297,1303.341459635516
2025-11-25,12:00-16:00,5833.3333333333303,1350,1245.5915264147297,1303.341459635516
2025-11-25,16:00-20:00,10.337926268310184,6402.4049957727566,1245.5915264147297,1303.341459635516
2025-11-25,20:00-24:00,150.87725915132444,2275.1719907451838,1245.5915264147297,1303.341459635516
2025-11-26,00:00-04:00,7499.9999999999991,0,1303.341459635516,1278.424197974422
2025-11-26,04:00-08:00,3100.4504595551175,1672.1161222034411,1303.341459635516,1278.424197974422
2025-11-26,08:00-12:00,5833.333333333333,7007.2560637081679,1303.341459635516,1278.424197974422
2025-11-26,12:00-16:00,6583.554105716792,1417.6788256306029,1303.341459635516,1278.424197974422
2025-11-26,16:00-20:00,30.382417765795314,7900.045109341836,1303.341459635516,1278.424197974422
2025-11-26,20:00-24:00,136.13290167200154,804.25052122580178,1303.341459635516,1278.424197974422
2025-11-27,00:00-04:00,8079.5286689173072,0,1278.424197974422,1251.58337857482
2025-11-27,04:00-08:00,3362.9617139769362,2374.6484346239013,1278.424197974422,1251.58337857482
2025-11-27,08:00-12:00,5834.7542628988749,6863.9763528283056,1278.424197974422,1251.58337857482
2025-11-27,12:00-16:00,5833.333333333333,911.52515381720184,1278.424197974422,1251.58337857482
2025-11-27,16:00-20:00,49.113617057928423,6449.6133612995927,1278.424197974422,1251.58337857482
2025-11-27,20:00-24:00,116.11567280996159,2277.7973227760663,1278.424197974422,1251.58337857482
2025-11-28,00:00-04:00,8333.3333333333321,0,1251.58337857482,1294.5872417819646
2025-11-28,04:00-08:00,2276.0184682501995,6052.8801727072787,1251.58337857482,1294.5872417819646
2025-11-28,08:00-12:00,4826.6473290823023,920.8892240481448,1251.58337857482,1294.5872417819646
2025-11-28,12:00-16:00,3782.9445187638976,0,1251.58337857482,1294.5872417819646
2025-11-28,16:00-20:00,7.4738631523141112,6232.4672478209486,1251.58337857482,1294.5872417819646
2025-11-28,20:00-24:00,944.49617838786855,3093.499968222834,1251.58337857482,1294.5872417819646
2025-11-29,00:00-04:00,9728.2363980200389,0,1294.5872417819646,2155.7389432849404
2025-11-29,04:00-08:00,833.33333333333326,6117.0715340467814,1294.5872417819646,2155.7389432849404
2025-11-29,08:00-12:00,6221.2849283865471,1091.7176838998637,1294.5872417819646,2155.7389432849404
2025-11-29,12:00-16:00,2885.5795258996418,167.77099002516826,1294.5872417819646,2155.7389432849404
2025-11-29,16:00-20:00,19.845659787805644,6240.8860909952109,1294.5872417819646,2155.7389432849404
2025-11-29,20:00-24:00,1756.0725207307707,2977.4425862683911,1294.5872417819646,2155.7389432849404
2025-11-30,00:00-04:00,7938.0678407945106,0,2155.7389432849404,1272.0355516972286
2025-11-30,04:00-08:00,1706.8906410873888,914.65739272293547,2155.7389432849404,1272.0355516972286
2025-11-30,08:00-12:00,5952.085369355791,7309.1858148868123,2155.7389432849404,1272.0355516972286
2025-11-30,12:00-16:00,6299.9052800886666,1732.8506377210474,2155.7389432849404,1272.0355516972286
2025-11-30,16:00-20:00,64.895565201999631,7190.9936260822742,2155.7389432849404,1272.0355516972286
2025-11-30,20:00-24:00,129.30786687469472,1541.4791573723451,2155.7389432849404,1272.0355516972286
2025-12-01,00:00-04:00,5833.333333333333,0,1272.0355516972286,1228.1798451748637
2025-12-01,04:00-08:00,4864.9046702380347,1705.6522902862357,1272.0355516972286,1228.1798451748637
2025-12-01,08:00-12:00,5833.333333333333,6484.752489134079,1272.0355516972286,1228.1798451748637
2025-12-01,12:00-16:00,6039.436966492357,1516.9439428588103,1272.0355516972286,1228.1798451748637
2025-12-01,16:00-20:00,27.05854751749564,5701.3617078129391,1272.0355516972286,1228.1798451748637
2025-12-01,20:00-24:00,81.668048051228809,3001.3449739403509,1272.0355516972286,1228.1798451748637
2025-12-02,00:00-04:00,9166.6666666666661,0,1228.1798451748637,1222.715621392088
2025-12-02,04:00-08:00,1505.820397249855,953.47925685951191,1228.1798451748637,1222.715621392088
2025-12-02,08:00-12:00,5876.7210401069296,7751.7411680568639,1228.1798451748637,1222.715621392088
2025-12-02,12:00-16:00,7065.1523895576611,1807.7734355417047,1228.1798451748637,1222.715621392088
2025-12-02,16:00-20:00,36.807184999423662,5703.2695800357014,1228.1798451748637,1222.715621392088
2025-12-02,20:00-24:00,64.708768471894999,2998.5142830231857,1228.1798451748637,1222.715621392088
2025-12-03,00:00-04:00,8141.4270873421228,0,1222.715621392088,1210.8186512790126
2025-12-03,04:00-08:00,3437.5520532681594,1520.5458894650278,1222.715621392088,1210.8186512790126
2025-12-03,08:00-12:00,5833.333333333333,7878.8712736821799,1222.715621392088,1210.8186512790126
2025-12-03,12:00-16:00,7368.0744694551049,2141.3751164462419,1222.715621392088,1210.8186512790126
2025-12-03,16:00-20:00,108.93184714518812,5698.2149791099719,1222.715621392088,1210.8186512790126
2025-12-03,20:00-24:00,889.86202925387681,3652.8364784345536,1222.715621392088,1210.8186512790126
2025-12-04,00:00-04:00,9821.312609689985,0,1210.8186512790126,1220.049659516957
2025-12-04,04:00-08:00,936.96693004595011,878.08264761921578,1210.8186512790126,1220.049659516957
2025-12-04,08:00-12:00,5816.8826399193058,7845.8605657180015,1210.8186512790126,1220.049659516957
2025-12-04,12:00-16:00,6854.5486947217232,1623.8593810592365,1210.8186512790126,1220.049659516957
2025-12-04,16:00-20:00,15.143725785446813,5684.3243646326027,1210.8186512790126,1220.049659516957
2025-12-04,20:00-24:00,53.319426837463496,2993.0860954266905,1210.8186512790126,1220.049659516957
2025-12-05,00:00-04:00,9811.0559338700459,0,1220.049659516957,1249.2814334643408
2025-12-05,04:00-08:00,833.33333333333326,6615.5319573013403,1220.049659516957,1249.2814334643408
2025-12-05,08:00-12:00,5916.8482158901061,2024.4680426986602,1220.049659516957,1249.2814334643408
2025-12-05,12:00-16:00,4886.2697855456317,116.56994440255563,1220.049659516957,1249.2814334643408
2025-12-05,16:00-20:00,46.215939565455109,6256.7815870218701,1220.049659516957,1249.2814334643408
2025-12-05,20:00-24:00,74.866391861167514,2430.8974480761758,1220.049659516957,1249.2814334643408
2025-12-06,00:00-04:00,8945.2428517062872,0,1249.2814334643408,1583.5510384333484
2025-12-06,04:00-08:00,1678.8903202767576,5799.1104143916818,1249.2814334643408,1583.5510384333484
2025-12-06,08:00-12:00,5325.6268392167622,2850.7907450324929,1249.2814334643408,1583.5510384333484
2025-12-06,12:00-16:00,5410.7674168383492,56.479347404640826,1249.2814334643408,1583.5510384333484
2025-12-06,16:00-20:00,4.5795638451125891,6208.6382226294099,1249.2814334643408,1583.5510384333484
2025-12-06,20:00-24:00,1731.8248281470696,3492.6534002942471,1249.2814334643408,1583.5510384333484
2025-12-07,00:00-04:00,8573.832179518502,0,1583.5510384333484,1245.2961915475662
2025-12-07,04:00-08:00,1666.6666666666665,1276.6555197193716,1583.5510384333484,1245.2961915475662
2025-12-07,08:00-12:00,5833.333333333333,7363.3444802806298,1583.5510384333484,1245.2961915475662
2025-12-07,12:00-16:00,8121.4825992158767,2663.4009053648601,1583.5510384333484,1245.2961915475662
2025-12-07,16:00-20:00,27.162949156181842,5711.012354260748,1583.5510384333484,1245.2961915475662
2025-12-07,20:00-24:00,910.01026097540091,3647.3313735530273,1583.5510384333484,1245.2961915475662
2025-12-08,00:00-04:00,9783.0042316138133,0,1245.2961915475662,1249.0511583411899
2025-12-08,04:00-08:00,873.79440288166722,866.10679966748285,1245.2961915475662,1249.0511583411899
2025-12-08,08:00-12:00,5805.4318394503935,7412.2616833159645,1245.2961915475662,1249.0511583411899
2025-12-08,12:00-16:00,7822.1360787694794,2792.7349971088024,1245.2961915475662,1249.0511583411899
2025-12-08,16:00-20:00,48.391382257333817,5695.2054405842973,1245.2961915475662,1249.0511583411899
2025-12-08,20:00-24:00,78.307887531085896,3003.2749254372534,1245.2961915475662,1249.0511583411899
2025-12-09,00:00-04:00,9778.8320462875672,0,1249.0511583411899,1231.2213983390611
2025-12-09,04:00-08:00,904.6780421140661,899.40671053566007,1249.0511583411899,1231.2213983390611
2025-12-09,08:00-12:00,5833.333333333333,7798.3825035767331,1249.0511583411899,1231.2213983390611
2025-12-09,12:00-16:00,8333.3333333333321,2835.0000000000014,1249.0511583411899,1231.2213983390611
2025-12-09,16:00-20:00,41.904599156903011,5228.3551943277198,1249.0511583411899,1231.2213983390611
2025-12-09,20:00-24:00,850.37537167291168,4106.2923235392755,1249.0511583411899,1231.2213983390611
2025-12-10,00:00-04:00,9798.6428907343761,0,1231.2213983390611,1239.2873739562001
2025-12-10,04:00-08:00,884.14398335885494,830.25380892800126,1231.2213983390611,1239.2873739562001
2025-12-10,08:00-12:00,5444.5310831444949,7847.0736216493005,1231.2213983390611,1239.2873739562001
2025-12-10,12:00-16:00,9034.0693125647413,3091.4955164678508,1231.2213983390611,1239.2873739562001
2025-12-10,16:00-20:00,4.0110906988936925,5138.4250612387086,1231.2213983390611,1239.2873739562001
2025-12-10,20:00-24:00,57.349360362306129,3515.918267560286,1231.2213983390611,1239.2873739562001
2025-12-11,00:00-04:00,8333.3333333333321,0,1239.2873739562001,1207.423218296286
2025-12-11,04:00-08:00,2361.430408414144,883.67420429437641,1239.2873739562001,1207.423218296286
2025-12-11,08:00-12:00,5922.8966867759254,7886.9893793701613,1239.2873739562001,1207.423218296286
2025-12-11,12:00-16:00,7500,2160.0000000000018,1239.2873739562001,1207.423218296286
2025-12-11,16:00-20:00,1.3083272106557615,5157.0249421840999,1239.2873739562001,1207.423218296286
2025-12-11,20:00-24:00,56.458007261812767,3523.0848922719438,1239.2873739562001,1207.423218296286
2025-12-12,00:00-04:00,9825.0853130041269,0,1207.423218296286,1244.8421559606577
2025-12-12,04:00-08:00,873.01399411504121,5664.3367893807244,1207.423218296286,1244.8421559606577
2025-12-12,08:00-12:00,5408.3897022378715,3007.8045458524593,1207.423218296286,1244.8421559606577
2025-12-12,12:00-16:00,5490.6736788027947,214.04231945776178,1207.423218296286,1244.8421559606577
2025-12-12,16:00-20:00,85.516132867856669,6273.5982070009741,1207.423218296286,1244.8421559606577
2025-12-12,20:00-24:00,897.55209488304513,3096.5281362978403,1207.423218296286,1244.8421559606577
2025-12-13,00:00-04:00,10616.842048932602,0,1244.8421559606577,1277.7200125985
2025-12-13,04:00-08:00,0,5504.6785427936711,1244.8421559606577,1277.7200125985
2025-12-13,08:00-12:00,5863.6975996270285,2781.2773280860133,1244.8421559606577,1277.7200125985
2025-12-13,12:00-16:00,4706.4287250449925,292.10804852693042,1244.8421559606577,1277.7200125985
2025-12-13,16:00-20:00,713.93021851310891,6750.9879123561095,1244.8421559606577,1277.7200125985
2025-12-13,20:00-24:00,945.28929309251066,3146.770284283516,1244.8421559606577,1277.7200125985
2025-12-14,00:00-04:00,9746.9777637794432,0,1277.7200125985,1200.0000000000018
2025-12-14,04:00-08:00,867.69837056230756,861.16901348880253,1277.7200125985,1200.0000000000018
2025-12-14,08:00-12:00,5341.9261802376914,7828.6175082657055,1277.7200125985,1200.0000000000018
2025-12-14,12:00-16:00,9106.2166792718417,3151.514269258023,1277.7200125985,1200.0000000000018
2025-12-14,16:00-20:00,139.86009450271192,5639.5809916509897,1277.7200125985,1200.0000000000018
2025-12-14,20:00-24:00,86.092072776670534,3072.9708691909677,1277.7200125985,1200.0000000000018
2025-12-15,00:00-04:00,9833.3333333333321,0,1200.0000000000018,1222.5747270886186
2025-12-15,04:00-08:00,866.49037056230748,860.19053348880232,1200.0000000000018,1222.5747270886186
2025-12-15,08:00-12:00,5226.6931053792432,7806.6666666666661,1200.0000000000018,1222.5747270886186
2025-12-15,12:00-16:00,8481.922930969562,2524.1729908438247,1200.0000000000018,1222.5747270886186
2025-12-15,16:00-20:00,92.368357528288243,5160.2774707765484,1200.0000000000018,1222.5747270886186
2025-12-15,20:00-24:00,84.331105672079175,3542.3378386347022,1200.0000000000018,1222.5747270886186
2025-12-16,00:00-04:00,8974.9169699015329,0,1222.5747270886186,1260.0557692443963
2025-12-16,04:00-08:00,1713.5345524962211,862.32674700049017,1222.5747270886186,1260.0557692443963
2025-12-16,08:00-12:00,5828.1413148221927,7875.091255205667,1222.5747270886186,1260.0557692443963
2025-12-16,12:00-16:00,8126.4326362180991,2603.749885658417,1222.5747270886186,1260.0557692443963
2025-12-16,16:00-20:00,33.717028688331077,5686.5751725331984,1222.5747270886186,1260.0557692443963
2025-12-16,20:00-24:00,101.81261410874986,3009.1536458124797,1222.5747270886186,1260.0557692443963
2025-12-17,00:00-04:00,9766.6047008395581,0,1260.0557692443963,1239.489500515172
2025-12-17,04:00-08:00,834.41961666666646,938.80886660306805,1260.0557692443963,1239.489500515172
2025-12-17,08:00-12:00,5833.333333333333,7702.0710228969328,1260.0557692443963,1239.489500515172
2025-12-17,12:00-16:00,7618.475918414495,2255.9654939157372,1260.0557692443963,1239.489500515172
2025-12-17,16:00-20:00,31.830953912559451,5204.4374881309104,1260.0557692443963,1239.489500515172
2025-12-17,20:00-24:00,96.517134786739234,3503.9839132518709,1260.0557692443963,1239.489500515172
2025-12-18,00:00-04:00,9789.4561105386965,0,1239.489500515172,1209.3925478531546
2025-12-18,04:00-08:00,844.17381624950929,842.11412449543582,1239.489500515172,1209.3925478531546
2025-12-18,08:00-12:00,5695.4639132797511,7813.3341721106162,1239.489500515172,1209.3925478531546
2025-12-18,12:00-16:00,7984.0948846435795,2433.7751208739487,1239.489500515172,1209.3925478531546
2025-12-18,16:00-20:00,38.103797156813883,5145.5618070580058,1239.489500515172,1209.3925478531546
2025-12-18,20:00-24:00,53.227814399817376,3559.9635052350282,1239.489500515172,1209.3925478531546
2025-12-19,00:00-04:00,10656.230502385381,0,1209.3925478531546,1268.7782575530455
2025-12-19,04:00-08:00,47.873259451196489,6107.2369821474895,1209.3925478531546,1268.7782575530455
2025-12-19,08:00-12:00,4912.1968314189817,2359.1179736306344,1209.3925478531546,1268.7782575530455
2025-12-19,12:00-16:00,5766.9881334994498,222.56220596126741,1209.3925478531546,1268.7782575530455
2025-12-19,16:00-20:00,5.781724291404247,6187.8651132738069,1209.3925478531546,1268.7782575530455
2025-12-19,20:00-24:00,110.23699221163669,2484.2096152959139,1209.3925478531546,1268.7782575530455
2025-12-20,00:00-04:00,9756.9130471632816,0,1268.7782575530455,1366.210386724515
2025-12-20,04:00-08:00,850.83655965617402,5852.0947976688076,1268.7782575530455,1366.210386724515
2025-12-20,08:00-12:00,5829.5252057652315,2802.0828156526923,1268.7782575530455,1366.210386724515
2025-12-20,12:00-16:00,4963.8621972102255,102.64379641012093,1268.7782575530455,1366.210386724515
2025-12-20,16:00-20:00,0,6206.1686342597941,1268.7782575530455,1366.210386724515
2025-12-20,20:00-24:00,932.60935317260464,3039.655593757956,1268.7782575530455,1366.210386724515
2025-12-21,00:00-04:00,10481.988459194981,0,1366.210386724515,1240.7781580523715
2025-12-21,04:00-08:00,833.33333333333326,1586.645658874078,1366.210386724515,1240.7781580523715
2025-12-21,08:00-12:00,5843.0786997879441,7742.606038544177,1366.210386724515,1240.7781580523715
2025-12-21,12:00-16:00,8531.0120667461542,2988.7618234743659,1366.210386724515,1240.7781580523715
2025-12-21,16:00-20:00,34.287346708601468,5686.4387486765081,1366.210386724515,1240.7781580523715
2025-12-21,20:00-24:00,96.980462209154126,3023.1878342997375,1366.210386724515,1240.7781580523715
2025-12-22,00:00-04:00,9788.0242688306971,0,1240.7781580523715,1269.8565227030194
2025-12-22,04:00-08:00,840.76502722393366,839.35300538471949,1240.7781580523715,1269.8565227030194
2025-12-22,08:00-12:00,5481.3227385659193,7806.6666666666679,1240.7781580523715,1269.8565227030194
2025-12-22,12:00-16:00,7801.0523702114733,2793.7238381096859,1240.7781580523715,1269.8565227030194
2025-12-22,16:00-20:00,856.38001110434448,5210.0704631974058,1240.7781580523715,1269.8565227030194
2025-12-22,20:00-24:00,105.5122582505394,3471.1914045473341,1240.7781580523715,1269.8565227030194
2025-12-23,00:00-04:00,8922.3816414410903,0,1269.8565227030194,1252.0250066838089
2025-12-23,04:00-08:00,1698.7338497947726,881.01414221711752,1269.8565227030194,1252.0250066838089
2025-12-23,08:00-12:00,5833.333333333333,7784.9602761166498,1269.8565227030194,1252.0250066838089
2025-12-23,12:00-16:00,8193.2206082134708,2721.508692652912,1269.8565227030194,1252.0250066838089
2025-12-23,16:00-20:00,33.248863743298919,5190.6538157828609,1269.8565227030194,1252.0250066838089
2025-12-23,20:00-24:00,92.653403542187476,3504.5045147029546,1269.8565227030194,1252.0250066838089
2025-12-24,00:00-04:00,9166.6666666666661,0,1252.0250066838089,1218.2766076444896
2025-12-24,04:00-08:00,1461.8429991710079,849.24866867727781,1252.0250066838089,1218.2766076444896
2025-12-24,08:00-12:00,5779.1383582510043,7806.6666666666679,1252.0250066838089,1218.2766076444896
2025-12-24,12:00-16:00,8333.3333333333321,2791.1020701833131,1252.0250066838089,1218.2766076444896
2025-12-24,16:00-20:00,35.128188135180871,5127.0798079740707,1252.0250066838089,1218.2766076444896
2025-12-24,20:00-24:00,70.079380702857975,3581.6893759046989,1252.0250066838089,1218.2766076444896
2025-12-25,00:00-04:00,10000,0,1218.2766076444896,1224.7809602978123
2025-12-25,04:00-08:00,655.77173292721807,840.95738388442055,1218.2766076444896,1224.7809602978123
2025-12-25,08:00-12:00,5587.8971148912678,7806.6666666666688,1218.2766076444896,1224.7809602978123
2025-12-25,12:00-16:00,8648.9388480238322,2916.1115326401955,1218.2766076444896,1224.7809602978123
2025-12-25,16:00-20:00,41.901969014974057,5670.2915297342042,1218.2766076444896,1224.7809602978123
2025-12-25,20:00-24:00,65.442876028610414,3010.0805278041039,1218.2766076444896,1224.7809602978123
2025-12-26,00:00-04:00,9805.7989330024284,0,1224.7809602978123,1236.7313961414366
2025-12-26,04:00-08:00,873.98804288250085,6449.6049684424488,1224.7809602978123,1236.7313961414366
2025-12-26,08:00-12:00,5973.0337197219114,2223.3253462923763,1224.7809602978123,1236.7313961414366
2025-12-26,12:00-16:00,4845.9926897033411,123.41139163446026,1224.7809602978123,1236.7313961414366
2025-12-26,16:00-20:00,0.063657885150081583,6195.3509554999964,1224.7809602978123,1236.7313961414366
2025-12-26,20:00-24:00,65.245299992189132,2464.4910438533529,1224.7809602978123,1236.7313961414366
2025-12-27,00:00-04:00,9792.5206709539598,0,1236.7313961414366,2785.0928325928853
2025-12-27,04:00-08:00,880.58280954916756,6601.9842381214221,1236.7313961414366,2785.0928325928853
2025-12-27,08:00-12:00,5743.611608480036,2076.2878376134031,1236.7313961414366,2785.0928325928853
2025-12-27,12:00-16:00,5255.8161822952152,269.53651052795794,1236.7313961414366,2785.0928325928853
2025-12-27,16:00-20:00,0.53248141860052556,6257.1631166213192,1236.7313961414366,2785.0928325928853
2025-12-27,20:00-24:00,1770.762529979899,2391.0022932778661,1236.7313961414366,2785.0928325928853
2025-12-28,00:00-04:00,8072.1190748967938,0,2785.0928325928853,1238.3175837130275
2025-12-28,04:00-08:00,841.08033068328223,839.60840118679118,2785.0928325928853,1238.3175837130275
2025-12-28,08:00-12:00,5668.8757680399904,7806.6666666666679,2785.0928325928853,1238.3175837130275
2025-12-28,12:00-16:00,7974.2050737658728,2410.8954818627526,2785.0928325928853,1238.3175837130275
2025-12-28,16:00-20:00,29.702035707911023,5219.9392289342313,2785.0928325928853,1238.3175837130275
2025-12-28,20:00-24:00,103.31820692130668,3493.3213422537083,2785.0928325928853,1238.3175837130275
2025-12-29,00:00-04:00,8957.424906985525,0,1238.3175837130275,1281.9912487561687
2025-12-29,04:00-08:00,1679.0791692620792,854.82155288508022,1238.3175837130275,1281.9912487561687
2025-12-29,08:00-12:00,5500.2948742163717,7795.2325742172034,1238.3175837130275,1281.9912487561687
2025-12-29,12:00-16:00,8512.8429535110481,2715.9916254536347,1238.3175837130275,1281.9912487561687
2025-12-29,16:00-20:00,23.120933656445441,5676.542118613299,1238.3175837130275,1281.9912487561687
2025-12-29,20:00-24:00,917.31543839706057,3646.0692338750687,1238.3175837130275,1281.9912487561687
2025-12-30,00:00-04:00,9742.2319458264792,0,1281.9912487561687,1254.0136623024737
2025-12-30,04:00-08:00,836.33342784098386,848.22799921475735,1281.9912487561687,1254.0136623024737
2025-12-30,08:00-12:00,5833.333333333333,7794.2020773364384,1281.9912487561687,1254.0136623024737
2025-12-30,12:00-16:00,7749.1898173765439,2361.843752075004,1281.9912487561687,1254.0136623024737
2025-12-30,16:00-20:00,28.998129201013079,5158.5503433616923,1281.9912487561687,1254.0136623024737
2025-12-30,20:00-24:00,98.476565117812925,3536.0918629643261,1281.9912487561687,1254.0136623024737
2025-12-31,00:00-04:00,10606.651486330586,0,1254.0136623024737,1270.5725906062235
2025-12-31,04:00-08:00,2.9993571962652115,835.76281266230808,1254.0136623024737,1270.5725906062235
2025-12-31,08:00-12:00,5833.333333333333,7806.666666666667,1254.0136623024737,1270.5725906062235
2025-12-31,12:00-16:00,8128.8249912348383,2669.3482429002215,1254.0136623024737,1270.5725906062235
2025-12-31,16:00-20:00,26.704308236609762,5695.5823620658248,1254.0136623024737,1270.5725906062235
2025-12-31,20:00-24:00,105.03976603807591,2987.6150065510706,1254.0136623024737,1270.5725906062235
