date,interval,charge_kwh,discharge_kwh,soc_at_0000,soc_at_2400
2025-02-01,00:00-04:00,2216.58036715465,0,8482.7663850000008,2121.448323018984
2025-02-01,04:00-08:00,358.12364951201937,6268.2816422164924,8482.7663850000008,2121.448323018984
2025-02-01,08:00-12:00,5316.1568530899804,677.72728333333328,8482.7663850000008,2121.448323018984
2025-02-01,12:00-16:00,3260.2473676670106,96.707856380975514,8482.7663850000008,2121.448323018984
2025-02-01,16:00-20:00,129.57344560231712,5734.3196060989458,8482.7663850000008,2121.448323018984
2025-02-01,20:00-24:00,457.44663795523729,2456.0338077479491,8482.7663850000008,2121.448323018984
2025-02-02,00:00-04:00,8125.3897533514764,0,2121.448323018984,2034.0932336162091
2025-02-02,04:00-08:00,2447.0984138251688,1465.7795039547291,2121.448323018984,2034.0932336162091
2025-02-02,08:00-12:00,5893.0405501129235,6345.5393442082459,2121.448323018984,2034.0932336162091
2025-02-02,12:00-16:00,4476.5270532197574,1354.7586740166744,2121.448323018984,2034.0932336162091
2025-02-02,16:00-20:00,26.571379448990065,5476.9883791630746,2121.448323018984,2034.0932336162091
2025-02-02,20:00-24:00,547.13635133674006,2863.322115168769,2121.448323018984,2034.0932336162091
2025-02-03,00:00-04:00,8216.0979326150409,7.327588480415784,2034.0932336162091,1900.5890054088711
2025-02-03,04:00-08:00,2513.1668785309821,1437.9555792599926,2034.0932336162091,1900.5890054088711
2025-02-03,08:00-12:00,5804.4945715769927,6453.3681271528803,2034.0932336162091,1900.5890054088711
2025-02-03,12:00-16:00,4831.6588493412146,1518.0213833333332,2034.0932336162091,1900.5890054088711
2025-02-03,16:00-20:00,31.608821211195213,5413.3252020005748,2034.0932336162091,1900.5890054088711
2025-02-03,20:00-24:00,446.7653196767875,2983.6277472507072,2034.0932336162091,1900.5890054088711
2025-02-04,00:00-04:00,8514.7615758524516,0,1900.5890054088711,1937.1787889726925
2025-02-04,04:00-08:00,2247.4211839225782,1480.6083364416481,1900.5890054088711,1937.1787889726925
2025-02-04,08:00-12:00,5682.4260289568774,7015.6599251407933,1900.5890054088711,1937.1787889726925
2025-02-04,12:00-16:00,6268.6409127132756,2164.1304038988669,1900.5890054088711,1937.1787889726925
2025-02-04,16:00-20:00,313.69549573046345,5369.3109319221567,1900.5890054088711,1937.1787889726925
2025-02-04,20:00-24:00,332.85045599370028,2858.7940764562668,1900.5890054088711,1937.1787889726925
2025-02-05,00:00-04:00,8149.9719225117578,21.289757787235658,1937.1787889726925,1735.4810152628645
2025-02-05,04:00-08:00,2693.1520896637512,1600.4950130415614,1937.1787889726925,1735.4810152628645
2025-02-05,08:00-12:00,5399.2626488314072,7362.6521950799415,1937.1787889726925,1735.4810152628645
2025-02-05,12:00-16:00,6625.7130375527304,1562.1846999999998,1937.1787889726925,1735.4810152628645
2025-02-05,16:00-20:00,26.155547956387053,5546.0130741810954,1937.1787889726925,1735.4810152628645
2025-02-05,20:00-24:00,363.49288549598634,2927.6692431787533,1937.1787889726925,1735.4810152628645
2025-02-06,00:00-04:00,8391.91116122737,9.8793970778544917,1735.4810152628645,1733.7439542178779
2025-02-06,04:00-08:00,2620.2676925028927,1569.8640857455548,1735.4810152628645,1733.7439542178779
2025-02-06,08:00-12:00,5605.0012094894773,6607.3841071740108,1735.4810152628645,1733.7439542178779
2025-02-06,12:00-16:00,5807.3021957891715,1818.6359535363783,1735.4810152628645,1733.7439542178779
2025-02-06,16:00-20:00,42.155468570150269,5314.3288844810259,1735.4810152628645,1733.7439542178779
2025-02-06,20:00-24:00,296.75556293620957,3119.8194922430384,1735.4810152628645,1733.7439542178779
2025-02-07,00:00-04:00,8659.7995240428372,9.850093524833369,1733.7439542178779,1908.4895787280589
2025-02-07,04:00-08:00,1425.97891389388,6122.9604229401994,1733.7439542178779,1908.4895787280589
2025-02-07,08:00-12:00,5151.3693144637182,1115.3134500000001,1733.7439542178779,1908.4895787280589
2025-02-07,12:00-16:00,3784.7712694130714,25.006275452201209,1733.7439542178779,1908.4895787280589
2025-02-07,16:00-20:00,30.871945002718299,5825.2815705460034,1733.7439542178779,1908.4895787280589
2025-02-07,20:00-24:00,368.50988630882654,2475.5708165088918,1733.7439542178779,1908.4895787280589
2025-02-08,00:00-04:00,7235.4398568961342,22.329028826240233,1908.4895787280589,1843.4852470308351
2025-02-08,04:00-08:00,1710.3563906335121,6253.8027894874831,1908.4895787280589,1843.4852470308351
2025-02-08,08:00-12:00,5564.9282387126805,376.85931666666664,1908.4895787280589,1843.4852470308351
2025-02-08,12:00-16:00,3582.3008398380916,14.413592775995085,1908.4895787280589,1843.4852470308351
2025-02-08,16:00-20:00,83.487379920257979,5935.6636275244809,1908.4895787280589,1843.4852470308351
2025-02-08,20:00-24:00,379.06772801234405,2485.4556947971801,1908.4895787280589,1843.4852470308351
2025-02-09,00:00-04:00,8097.5391742372549,1.5220837408126044,1843.4852470308351,1280.2246180257587
2025-02-09,04:00-08:00,2827.0219515321687,1731.2153617189965,1843.4852470308351,1280.2246180257587
2025-02-09,08:00-12:00,4963.09510516517,6811.0399186475788,1843.4852470308351,1280.2246180257587
2025-02-09,12:00-16:00,6400.4003904244446,1822.9314387750405,1843.4852470308351,1280.2246180257587
2025-02-09,16:00-20:00,372.32510392459039,5715.4924641440139,1843.4852470308351,1280.2246180257587
2025-02-09,20:00-24:00,291.9024850029532,3016.0835094102608,1843.4852470308351,1280.2246180257587
2025-02-10,00:00-04:00,8828.9265801445581,19.132502734362333,1280.2246180257587,1319.2817912486387
2025-02-10,04:00-08:00,2862.4540332080742,1625.3171109334876,1280.2246180257587,1319.2817912486387
2025-02-10,08:00-12:00,5896.4024169977001,4988.9962185551176,1280.2246180257587,1319.2817912486387
2025-02-10,12:00-16:00,2856.2151087440511,1358.3948166666667,1280.2246180257587,1319.2817912486387
2025-02-10,16:00-20:00,8.6499464364088539,5500.4580408575493,1280.2246180257587,1319.2817912486387
2025-02-10,20:00-24:00,225.9155801650345,3222.1864235658459,1280.2246180257587,1319.2817912486387
2025-02-11,00:00-04:00,8702.1633466435214,32.306024981081009,1319.2817912486387,1366.9173525006477
2025-02-11,04:00-08:00,2727.5741771914777,1966.9816809590727,1319.2817912486387,1366.9173525006477
2025-02-11,08:00-12:00,5955.0717760270272,5971.7871500000001,1319.2817912486387,1366.9173525006477
2025-02-11,12:00-16:00,4437.6655278948228,1172.4833666666668,1319.2817912486387,1366.9173525006477
2025-02-11,16:00-20:00,65.00484619778932,5656.5114052444369,1319.2817912486387,1366.9173525006477
2025-02-11,20:00-24:00,317.44546600533079,3143.0477303895059,1319.2817912486387,1366.9173525006477
2025-02-12,00:00-04:00,8880.383963383083,6.1468329343953201,1366.9173525006477,1373.8557423552552
2025-02-12,04:00-08:00,2511.3501851655637,2162.9152960673628,1366.9173525006477,1373.8557423552552
2025-02-12,08:00-12:00,5880.0187948091407,5473.4352952380959,1366.9173525006477,1373.8557423552552
2025-02-12,12:00-16:00,4706.8918304565577,1711.0300067828539,1366.9173525006477,1373.8557423552552
2025-02-12,16:00-20:00,72.654543543740147,5560.4806131422029,1366.9173525006477,1373.8557423552552
2025-02-12,20:00-24:00,263.87349324724221,3155.0373815562543,1366.9173525006477,1373.8557423552552
2025-02-13,00:00-04:00,8494.4414190532334,52.954585173305546,1373.8557423552552,1486.8866622811956
2025-02-13,04:00-08:00,2769.5907181969187,2338.6496025486504,1373.8557423552552,1486.8866622811956
2025-02-13,08:00-12:00,6033.2376967174259,4184.0877643028889,1373.8557423552552,1486.8866622811956
2025-02-13,12:00-16:00,2148.6401983786709,691.96534229534666,1373.8557423552552,1486.8866622811956
2025-02-13,16:00-20:00,0,5558.4532413142606,1373.8557423552552,1486.8866622811956
2025-02-13,20:00-24:00,192.03904938226594,2978.9003926322994,1373.8557423552552,1486.8866622811956
2025-02-14,00:00-04:00,6659.6113882254422,73.114081229895874,1486.8866622811956,1593.7689750923319
2025-02-14,04:00-08:00,1010.7760845923171,6167.5123521986734,1486.8866622811956,1593.7689750923319
2025-02-14,08:00-12:00,4625.5809832757968,213.09401666666668,1486.8866622811956,1593.7689750923319
2025-02-14,12:00-16:00,6019.491363711576,46.993301792009703,1486.8866622811956,1593.7689750923319
2025-02-14,16:00-20:00,82.98904595308079,6046.6441983553686,1486.8866622811956,1593.7689750923319
2025-02-14,20:00-24:00,257.84244149432004,2468.0439271019159,1486.8866622811956,1593.7689750923319
2025-02-15,00:00-04:00,6230.6039612603536,27.507174201824341,1593.7689750923319,1200
2025-02-15,04:00-08:00,976.19645141676256,5845.2632600628376,1593.7689750923319,1200
2025-02-15,08:00-12:00,5209.3224324637467,159.00708333333333,1593.7689750923319,1200
2025-02-15,12:00-16:00,5260.6771605843851,163.0104852188756,1593.7689750923319,1200
2025-02-15,16:00-20:00,93.329369565112529,6098.8974177512955,1593.7689750923319,1200
2025-02-15,20:00-24:00,119.05865039945041,2550.948957823673,1593.7689750923319,1200
2025-02-16,00:00-04:00,8809.2508937697439,27.869763675282684,1200,1200
2025-02-16,04:00-08:00,2733.6494721348886,3351.3644315559118,1200,1200
2025-02-16,08:00-12:00,5146.1311375728201,5962.3974659048072,1200,1200
2025-02-16,12:00-16:00,6222.6579365833923,709.46177103364312,1200,1200
2025-02-16,16:00-20:00,127.57754758839008,5784.1309636006945,1200,1200
2025-02-16,20:00-24:00,167.83799147896639,2962.5306373235076,1200,1200
2025-02-17,00:00-04:00,8704.9949854195456,38.874932977832259,1200,1244.3259855415179
2025-02-17,04:00-08:00,2893.0881839258423,3193.5131602196479,1200,1244.3259855415179
2025-02-17,08:00-12:00,5848.5538639308943,4136.162166666667,1200,1244.3259855415179
2025-02-17,12:00-16:00,3137.877026520724,664.90612857142855,1200,1244.3259855415179
2025-02-17,16:00-20:00,42.145081591655028,5637.2841820176027,1200,1244.3259855415179
2025-02-17,20:00-24:00,181.40999300973601,3143.9020414221595,1200,1244.3259855415179
2025-02-18,00:00-04:00,8798.6972886533131,30.646540448797509,1244.3259855415179,1488.7048842143372
2025-02-18,04:00-08:00,2830.4209712133247,3490.02856994689,1244.3259855415179,1488.7048842143372
2025-02-18,08:00-12:00,5777.1792754872749,4364.5059865484463,1244.3259855415179,1488.7048842143372
2025-02-18,12:00-16:00,4261.2229165327444,1065.4038560714284,1244.3259855415179,1488.7048842143372
2025-02-18,16:00-20:00,64.308675607455058,5554.478175299043,1244.3259855415179,1488.7048842143372
2025-02-18,20:00-24:00,183.0323362032733,3026.033648474744,1244.3259855415179,1488.7048842143372
2025-02-19,00:00-04:00,8386.3000494210646,40.381230478948055,1488.7048842143372,1200
2025-02-19,04:00-08:00,2783.6531091759484,3827.5177619302453,1488.7048842143372,1200
2025-02-19,08:00-12:00,5898.7823469010291,5209.4405313083644,1488.7048842143372,1200
2025-02-19,12:00-16:00,5680.0383436760558,1076.7517178574853,1488.7048842143372,1200
2025-02-19,16:00-20:00,169.27520362303369,5550.6811131384638,1488.7048842143372,1200
2025-02-19,20:00-24:00,41.90274885773033,3152.6230004198319,1488.7048842143372,1200
2025-02-20,00:00-04:00,9060.1076243271873,27.694164864475283,1200,1371.7298498562905
2025-02-20,04:00-08:00,2529.9810574482772,3649.2351133744764,1200,1371.7298498562905
2025-02-20,08:00-12:00,5744.0916039291187,4861.3466896422706,1200,1371.7298498562905
2025-02-20,12:00-16:00,4250.9246169736798,305.65900328817247,1200,1371.7298498562905
2025-02-20,16:00-20:00,38.051377929088062,5446.5766982458281,1200,1371.7298498562905
2025-02-20,20:00-24:00,153.73530420594284,3194.2136494128849,1200,1371.7298498562905
2025-02-21,00:00-04:00,6572.65598720042,36.9422803113996,1371.7298498562905,1615.9415613971746
2025-02-21,04:00-08:00,852.58577493045539,5791.9801082809527,1371.7298498562905,1615.9415613971746
2025-02-21,08:00-12:00,4439.0896294723179,125.67031666666668,1371.7298498562905,1615.9415613971746
2025-02-21,12:00-16:00,5962.8733496169989,31.673543186434312,1371.7298498562905,1615.9415613971746
2025-02-21,16:00-20:00,90.750675310033074,5949.5092373412444,1371.7298498562905,1615.9415613971746
2025-02-21,20:00-24:00,108.66134151137624,2445.9935478402072,1371.7298498562905,1615.9415613971746
2025-02-22,00:00-04:00,5710.1167182120225,53.160697710359784,1615.9415613971746,1206.4979779626465
2025-02-22,04:00-08:00,970.49476645637969,5495.5511290862833,1615.9415613971746,1206.4979779626465
2025-02-22,08:00-12:00,4022.2783966123848,144.0951,1615.9415613971746,1206.4979779626465
2025-02-22,12:00-16:00,6529.7761946935116,151.56904096938388,1615.9415613971746,1206.4979779626465
2025-02-22,16:00-20:00,42.412026964621361,6154.6939811214215,1615.9415613971746,1206.4979779626465
2025-02-22,20:00-24:00,185.15977912383835,2512.2219606744675,1615.9415613971746,1206.4979779626465
2025-02-23,00:00-04:00,9080.2532081995741,65.050126184384808,1206.4979779626465,1200
2025-02-23,04:00-08:00,2539.03014842741,3852.7293824697349,1206.4979779626465,1200
2025-02-23,08:00-12:00,5771.9391406094719,4784.7694872201009,1206.4979779626465,1200
2025-02-23,12:00-16:00,4638.414385251328,507.30505910726811,1206.4979779626465,1200
2025-02-23,16:00-20:00,0,5599.3571857329207,1206.4979779626465,1200
2025-02-23,20:00-24:00,142.98526413292973,3156.4608782147502,1206.4979779626465,1200
2025-02-24,00:00-04:00,9231.9116373783872,0,1200,1225.6879838581938
2025-02-24,04:00-08:00,2375.3390095892232,3952.4865309958423,1200,1225.6879838581938
2025-02-24,08:00-12:00,5896.2527655813847,3603.8351551891774,1200,1225.6879838581938
2025-02-24,12:00-16:00,3152.2310268924011,591.74942102373143,1200,1225.6879838581938
2025-02-24,16:00-20:00,17.96074342728366,5453.8837711091019,1200,1225.6879838581938
2025-02-24,20:00-24:00,144.13200883431796,3237.3659614891999,1200,1225.6879838581938
2025-02-25,00:00-04:00,8882.4829271759809,44.804574675242684,1225.6879838581938,1241.6119841969285
2025-02-25,04:00-08:00,2589.8104622328119,4195.4908878503165,1225.6879838581938,1241.6119841969285
2025-02-25,08:00-12:00,6281.5109878933436,3040.5558458670707,1225.6879838581938,1241.6119841969285
2025-02-25,12:00-16:00,2318.0057681200697,367.34294720493409,1225.6879838581938,1241.6119841969285
2025-02-25,16:00-20:00,10.3249691496442,5496.7570070132233,1225.6879838581938,1241.6119841969285
2025-02-25,20:00-24:00,93.011713744019858,3182.5860680202045,1225.6879838581938,1241.6119841969285
2025-02-26,00:00-04:00,8746.5052397702002,7.8509505370458328,1241.6119841969285,1317.4613184103468
2025-02-26,04:00-08:00,2645.1224034898028,4355.446633353542,1241.6119841969285,1317.4613184103468
2025-02-26,08:00-12:00,5875.6644939643948,3362.5995099143947,1241.6119841969285,1317.4613184103468
2025-02-26,12:00-16:00,3657.9219825401346,861.33813289047384,1241.6119841969285,1317.4613184103468
2025-02-26,16:00-20:00,128.41566225887607,5611.0085703404802,1241.6119841969285,1317.4613184103468
2025-02-26,20:00-24:00,242.48039113184228,2983.3410424277381,1241.6119841969285,1317.4613184103468
2025-02-27,00:00-04:00,8802.1652096077451,29.425955500462003,1317.4613184103468,1274.3611845044904
2025-02-27,04:00-08:00,2569.9808846042029,4779.337878652208,1317.4613184103468,1274.3611845044904
2025-02-27,08:00-12:00,6179.0767460730331,4508.3896887283208,1317.4613184103468,1274.3611845044904
2025-02-27,12:00-16:00,5188.841738739543,568.01397269818835,1317.4613184103468,1274.3611845044904
2025-02-27,16:00-20:00,16.168098860025768,5657.1537029727942,1317.4613184103468,1274.3611845044904
2025-02-27,20:00-24:00,177.81455311945012,3073.0471790765396,1317.4613184103468,1274.3611845044904
2025-02-28,00:00-04:00,5842.0717451928349,14.086386879507302,1274.3611845044904,1522.478912245964
2025-02-28,04:00-08:00,949.20124111874588,5295.1300446463338,1274.3611845044904,1522.478912245964
2025-02-28,08:00-12:00,2546.8680166666663,45.653383333333366,1274.3611845044904,1522.478912245964
2025-02-28,12:00-16:00,7859.1593669900512,1.8685508691894483,1274.3611845044904,1522.478912245964
2025-02-28,16:00-20:00,95.163867346790539,6055.9062368189752,1274.3611845044904,1522.478912245964
2025-02-28,20:00-24:00,154.01564408594152,2495.6981464201708,1274.3611845044904,1522.478912245964
2025-03-01,00:00-04:00,5729.0255994966938,0,1522.478912245964,1214.8280333283253
2025-03-01,04:00-08:00,1325.6392082106809,4698.989383687418,1522.478912245964,1214.8280333283253
2025-03-01,08:00-12:00,2482.716162970024,11.433066666666642,1522.478912245964,1214.8280333283253
2025-03-01,12:00-16:00,6586.3121519555789,65.931283766030788,1522.478912245964,1214.8280333283253
2025-03-01,16:00-20:00,43.49370531764896,6344.7029440266533,1522.478912245964,1214.8280333283253
2025-03-01,20:00-24:00,106.70413321964986,2337.6807914270371,1522.478912245964,1214.8280333283253
2025-03-02,00:00-04:00,9072.0265286586582,0,1214.8280333283253,1200
2025-03-02,04:00-08:00,2480.0943109938617,4289.0330500919554,1214.8280333283253,1200
2025-03-02,08:00-12:00,4675.4298316932372,4083.4601709636913,1214.8280333283253,1200
2025-03-02,12:00-16:00,3484.7837267102313,1020.8086297652967,1214.8280333283253,1200
2025-03-02,16:00-20:00,49.870453446989472,5681.3057790175972,1214.8280333283253,1200
2025-03-02,20:00-24:00,179.76478041344279,1091.7330020092525,1214.8280333283253,1200
2025-03-03,00:00-04:00,8452.9675175461198,25.673856619092476,1200,1200
2025-03-03,04:00-08:00,2792.9066014054251,4227.6089377527233,1200,1200
2025-03-03,08:00-12:00,5142.0134718421468,4782.6544970717569,1200,1200
2025-03-03,12:00-16:00,4784.2395082347703,1517.2855713121214,1200,1200
2025-03-03,16:00-20:00,119.00580364924879,5671.5717316798164,1200,1200
2025-03-03,20:00-24:00,108.67247072179589,1109.0477580180955,1200,1200
2025-03-04,00:00-04:00,8443.6988740088345,0,1200,1327.07591147115
2025-03-04,04:00-08:00,2687.3121794462345,3754.3646784131915,1200,1327.07591147115
2025-03-04,08:00-12:00,5538.3538625529109,4354.6595378202355,1200,1327.07591147115
2025-03-04,12:00-16:00,4944.3510299592062,840.68242255360656,1200,1327.07591147115
2025-03-04,16:00-20:00,200.22114387698662,5515.8918009606914,1200,1327.07591147115
2025-03-04,20:00-24:00,168.59933790778348,3225.8877464073275,1200,1327.07591147115
2025-03-05,00:00-04:00,8524.5660906830744,0,1327.07591147115,1281.0300461900947
2025-03-05,04:00-08:00,2601.4290249996343,3681.6097760624275,1327.07591147115,1281.0300461900947
2025-03-05,08:00-12:00,6137.7891505049502,3157.9047833333329,1327.07591147115,1281.0300461900947
2025-03-05,12:00-16:00,2827.030208321944,908.41348528105368,1327.07591147115,1281.0300461900947
2025-03-05,16:00-20:00,10.785283802420356,5529.7343487711478,1327.07591147115,1281.0300461900947
2025-03-05,20:00-24:00,123.83267160470166,3146.3791535375349,1327.07591147115,1281.0300461900947
2025-03-06,00:00-04:00,8462.8637498719654,6.6554533018434086,1281.0300461900947,1200.4007001059015
2025-03-06,04:00-08:00,2656.0995572696029,3509.6707376600207,1281.0300461900947,1200.4007001059015
2025-03-06,08:00-12:00,6201.9283873896093,3131.0269666666668,1281.0300461900947,1200.4007001059015
2025-03-06,12:00-16:00,2557.2353908781088,916.62094936288531,1281.0300461900947,1200.4007001059015
2025-03-06,16:00-20:00,140.48018263293955,5547.0323926001474,1281.0300461900947,1200.4007001059015
2025-03-06,20:00-24:00,113.39605194366948,3268.4826010727979,1281.0300461900947,1200.4007001059015
2025-03-07,00:00-04:00,5614.4865409745444,0,1200.4007001059015,1642.3412050681322
2025-03-07,04:00-08:00,1289.7994917348656,4137.6816833333332,1200.4007001059015,1642.3412050681322
2025-03-07,08:00-12:00,7533.4134800933407,0,1200.4007001059015,1642.3412050681322
2025-03-07,12:00-16:00,1336.7709232935745,127.45633978164194,1200.4007001059015,1642.3412050681322
2025-03-07,16:00-20:00,156.35360708519508,6005.5682381570132,1200.4007001059015,1642.3412050681322
2025-03-07,20:00-24:00,170.4680689505098,2373.5938950889458,1200.4007001059015,1642.3412050681322
2025-03-08,00:00-04:00,3739.6640739778927,30.986670799508602,1642.3412050681322,1598.3885704766139
2025-03-08,04:00-08:00,898.00558980508526,4123.6328414260233,1642.3412050681322,1598.3885704766139
2025-03-08,08:00-12:00,7967.1053455186739,0,1642.3412050681322,1598.3885704766139
2025-03-08,12:00-16:00,2699.5613211479895,0,1642.3412050681322,1598.3885704766139
2025-03-08,16:00-20:00,48.722208352678294,6079.8616386645826,1642.3412050681322,1598.3885704766139
2025-03-08,20:00-24:00,182.19519242569834,2388.6317425369521,1642.3412050681322,1598.3885704766139
2025-03-09,00:00-04:00,7824.658097259583,101.88503569227214,1598.3885704766139,1233.3614937266304
2025-03-09,04:00-08:00,2395.6299048206888,5118.7645168373492,1598.3885704766139,1233.3614937266304
2025-03-09,08:00-12:00,6011.2331920704873,3177.3516666666674,1598.3885704766139,1233.3614937266304
2025-03-09,12:00-16:00,4982.7839570023243,504.1356666666664,1598.3885704766139,1233.3614937266304
2025-03-09,16:00-20:00,29.84952928364747,5592.5343470205116,1598.3885704766139,1233.3614937266304
2025-03-09,20:00-24:00,87.727937708372565,3112.6780568890581,1598.3885704766139,1233.3614937266304
2025-03-10,00:00-04:00,8216.7134444551866,45.948250548384635,1233.3614937266304,1209.5641681470124
2025-03-10,04:00-08:00,2305.158840498008,4972.503922882338,1233.3614937266304,1209.5641681470124
2025-03-10,08:00-12:00,5313.8199989805162,3534.2897217353297,1233.3614937266304,1209.5641681470124
2025-03-10,12:00-16:00,4877.2164678365398,413.50975,1233.3614937266304,1209.5641681470124
2025-03-10,16:00-20:00,275.63839257426037,5798.1232690726138,1233.3614937266304,1209.5641681470124
2025-03-10,20:00-24:00,121.97605281993231,2356.5664684861849,1233.3614937266304,1209.5641681470124
2025-03-11,00:00-04:00,8553.6591901683678,0,1209.5641681470124,1292.9407630545359
2025-03-11,04:00-08:00,2327.1955200016332,4974.1141331907957,1209.5641681470124,1292.9407630545359
2025-03-11,08:00-12:00,6251.4650428179011,2513.6938833333329,1209.5641681470124,1292.9407630545359
2025-03-11,12:00-16:00,3508.8698624610533,763.57130315316499,1209.5641681470124,1292.9407630545359
2025-03-11,16:00-20:00,140.05148338174047,5732.2424625553067,1209.5641681470124,1292.9407630545359
2025-03-11,20:00-24:00,188.05204276111047,2926.4667270399968,1209.5641681470124,1292.9407630545359
2025-03-12,00:00-04:00,8241.0849734724543,63.907372492508557,1292.9407630545359,1200
2025-03-12,04:00-08:00,2038.2901541459196,4835.8319493523877,1292.9407630545359,1200
2025-03-12,08:00-12:00,6636.7752388790814,2414.2354833333334,1292.9407630545359,1200
2025-03-12,12:00-16:00,3172.587331151698,429.41010820513458,1292.9407630545359,1200
2025-03-12,16:00-20:00,51.645443015885121,5738.7196560008279,1292.9407630545359,1200
2025-03-12,20:00-24:00,99.448795830208837,2995.8059859260402,1292.9407630545359,1200
2025-03-13,00:00-04:00,8409.4727910613983,1.0569834105313021,1200,1200
2025-03-13,04:00-08:00,1851.0022078915129,4897.8320704620164,1200,1200
2025-03-13,08:00-12:00,5252.1959182792671,3412.0956952793131,1200,1200
2025-03-13,12:00-16:00,4850.4867064727432,394.32584620665995,1200,1200
2025-03-13,16:00-20:00,143.78250586805518,5806.5784844153168,1200,1200
2025-03-13,20:00-24:00,152.51153306542199,2222.2667669632656,1200,1200
2025-03-14,00:00-04:00,4101.1763684076959,24.048450348389338,1200,1670.4204451942626
2025-03-14,04:00-08:00,1022.8821270871632,3817.7573689051856,1200,1670.4204451942626
2025-03-14,08:00-12:00,6519.3783311901952,0,1200,1670.4204451942626
2025-03-14,12:00-16:00,3766.1999872082488,86.986750000000029,1200,1670.4204451942626
2025-03-14,16:00-20:00,86.029087248665661,6094.7981012862274,1200,1670.4204451942626
2025-03-14,20:00-24:00,367.13949354590471,2401.9032984825399,1200,1670.4204451942626
2025-03-15,00:00-04:00,3241.7384533515083,38.344199076464861,1670.4204451942626,1200
2025-03-15,04:00-08:00,1005.4149827201093,3825.2284848163845,1670.4204451942626,1200
2025-03-15,08:00-12:00,5030.1568106369232,0,1670.4204451942626,1200
2025-03-15,12:00-16:00,5636.5098560297411,3.2937500000000455,1670.4204451942626,1200
2025-03-15,16:00-20:00,38.721841444535841,6088.2819441845741,1670.4204451942626,1200
2025-03-15,20:00-24:00,112.33191895007678,2670.7778517350598,1670.4204451942626,1200
2025-03-16,00:00-04:00,8277.0458935142615,36.878033627113609,1200,1371.9341429661031
2025-03-16,04:00-08:00,1898.5853132411989,5337.0143329036564,1200,1371.9341429661031
2025-03-16,08:00-12:00,6144.6541208422404,2268.2894166666665,1200,1371.9341429661031
2025-03-16,12:00-16:00,4425.0732433609746,521.55865927909531,1200,1371.9341429661031
2025-03-16,16:00-20:00,38.50985413967026,5503.4531477832788,1200,1371.9341429661031
2025-03-16,20:00-24:00,120.88937904725094,3110.9195024286373,1200,1371.9341429661031
2025-03-17,00:00-04:00,8323.0727286824695,42.653560482762146,1371.9341429661031,1541.3749185649658
2025-03-17,04:00-08:00,1990.0190276486001,4905.5081859380371,1371.9341429661031,1541.3749185649658
2025-03-17,08:00-12:00,6421.8932612435674,1631.6283999999996,1371.9341429661031,1541.3749185649658
2025-03-17,12:00-16:00,1924.488606778448,49.831162598073675,1371.9341429661031,1541.3749185649658
2025-03-17,16:00-20:00,26.776251861141571,5484.2281403651104,1371.9341429661031,1541.3749185649658
2025-03-17,20:00-24:00,285.80660410141638,3101.0196016327145,1371.9341429661031,1541.3749185649658
2025-03-18,00:00-04:00,8192.521109633115,18.053901217490079,1541.3749185649658,1400.2698796940663
2025-03-18,04:00-08:00,1850.9965658362285,5354.0242711741557,1541.3749185649658,1400.2698796940663
2025-03-18,08:00-12:00,6314.7917865513155,3070.4085714469929,1541.3749185649658,1400.2698796940663
2025-03-18,12:00-16:00,4686.1711969877797,270.78001666666671,1541.3749185649658,1400.2698796940663
2025-03-18,16:00-20:00,6.8673200935209149,5487.5970237399142,1541.3749185649658,1400.2698796940663
2025-03-18,20:00-24:00,239.11906488799832,3171.4090563704572,1541.3749185649658,1400.2698796940663
2025-03-19,00:00-04:00,8307.4025763451027,0,1400.2698796940663,1712.8087518174375
2025-03-19,04:00-08:00,1973.8456728702336,4964.0809672861833,1400.2698796940663,1712.8087518174375
2025-03-19,08:00-12:00,6489.0459370348244,3034.7732773647303,1400.2698796940663,1712.8087518174375
2025-03-19,12:00-16:00,3919.1252412308072,299.81838333333337,1400.2698796940663,1712.8087518174375
2025-03-19,16:00-20:00,32.693617203843431,5384.7117042895788,1400.2698796940663,1712.8087518174375
2025-03-19,20:00-24:00,238.13467705329629,3013.1313374230094,1400.2698796940663,1712.8087518174375
2025-03-20,00:00-04:00,7792.4918317167239,58.140481730919419,1712.8087518174375,1299.4019748237627
2025-03-20,04:00-08:00,1996.0367979705502,4711.0168228091734,1712.8087518174375,1299.4019748237627
2025-03-20,08:00-12:00,6288.7737029967266,2776.020081640258,1712.8087518174375,1299.4019748237627
2025-03-20,12:00-16:00,3649.0832140789526,430.33593302129054,1712.8087518174375,1299.4019748237627
2025-03-20,16:00-20:00,87.963544320021811,5668.3960194840456,1712.8087518174375,1299.4019748237627
2025-03-20,20:00-24:00,258.5412887000424,2987.1979682328638,1712.8087518174375,1299.4019748237627
2025-03-21,00:00-04:00,3527.2090308743373,75.749147031113353,1299.4019748237627,1484.1279339613159
2025-03-21,04:00-08:00,845.70201390262082,3547.0248249534625,1299.4019748237627,1484.1279339613159
2025-03-21,08:00-12:00,4854.2951000249559,0,1299.4019748237627,1484.1279339613159
2025-03-21,12:00-16:00,5801.5743424119028,0,1299.4019748237627,1484.1279339613159
2025-03-21,16:00-20:00,35.323255965927203,6028.9468491645785,1299.4019748237627,1484.1279339613159
2025-03-21,20:00-24:00,187.28949182880234,2535.6543359839652,1299.4019748237627,1484.1279339613159
2025-03-22,00:00-04:00,3492.6372213685181,22.837577126183419,1484.1279339613159,1756.9958178495351
2025-03-22,04:00-08:00,834.18077747245934,3380.4613642694126,1484.1279339613159,1756.9958178495351
2025-03-22,08:00-12:00,4150.3834425067944,0,1484.1279339613159,1756.9958178495351
2025-03-22,12:00-16:00,6075.3711522700196,33.570000000000007,1484.1279339613159,1756.9958178495351
2025-03-22,16:00-20:00,57.490207770597294,5911.0930712627087,1484.1279339613159,1756.9958178495351
2025-03-22,20:00-24:00,210.48775747723249,2411.1028445234533,1484.1279339613159,1756.9958178495351
2025-03-23,00:00-04:00,7846.4552402835343,47.600122596146548,1756.9958178495351,1284.4734770445395
2025-03-23,04:00-08:00,1787.9490582368451,5224.6842494879547,1756.9958178495351,1284.4734770445395
2025-03-23,08:00-12:00,5833.3322714019905,2544.3267159103343,1756.9958178495351,1284.4734770445395
2025-03-23,12:00-16:00,4234.9836999498812,3.8885666666666716,1756.9958178495351,1284.4734770445395
2025-03-23,16:00-20:00,26.1450107254052,5759.821639028145,1756.9958178495351,1284.4734770445395
2025-03-23,20:00-24:00,162.60999047545079,2957.0437826044631,1756.9958178495351,1284.4734770445395
2025-03-24,00:00-04:00,8484.9864219398678,18.273720541197122,1284.4734770445395,1309.7810686404755
2025-03-24,04:00-08:00,1830.0645353071654,5152.9075251845843,1284.4734770445395,1309.7810686404755
2025-03-24,08:00-12:00,6680.9315525956854,2436.6965833333334,1284.4734770445395,1309.7810686404755
2025-03-24,12:00-16:00,3080.3160778026759,325.45992898712416,1284.4734770445395,1309.7810686404755
2025-03-24,16:00-20:00,209.97050204645848,5389.1963908300277,1284.4734770445395,1309.7810686404755
2025-03-24,20:00-24:00,156.66685633448731,3213.4671349687287,1284.4734770445395,1309.7810686404755
2025-03-25,00:00-04:00,8248.8991205713246,77.043273007857806,1309.7810686404755,1261.5867851570088
2025-03-25,04:00-08:00,1836.7640077304177,5042.8537427346837,1309.7810686404755,1261.5867851570088
2025-03-25,08:00-12:00,5310.5248441407202,2851.9803412248857,1309.7810686404755,1261.5867851570088
2025-03-25,12:00-16:00,5174.9806430196832,149.57218333333321,1309.7810686404755,1261.5867851570088
2025-03-25,16:00-20:00,158.31437911539524,5643.856710423438,1309.7810686404755,1261.5867851570088
2025-03-25,20:00-24:00,100.26399748720189,3150.1636679833587,1309.7810686404755,1261.5867851570088
2025-03-26,00:00-04:00,8432.0916976214103,13.951094162180539,1261.5867851570088,1395.0173009141718
2025-03-26,04:00-08:00,1626.7442058436754,4859.2186925250144,1261.5867851570088,1395.0173009141718
2025-03-26,08:00-12:00,6402.6738199360134,2230.9748333333328,1261.5867851570088,1395.0173009141718
2025-03-26,12:00-16:00,2907.2760955855802,0,1261.5867851570088,1395.0173009141718
2025-03-26,16:00-20:00,18.716745418749838,5477.5827522274758,1261.5867851570088,1395.0173009141718
2025-03-26,20:00-24:00,190.5160268937459,3156.3802225228937,1261.5867851570088,1395.0173009141718
2025-03-27,00:00-04:00,8236.6285817076769,64.853822517790718,1395.0173009141718,1211.5108738226215
2025-03-27,04:00-08:00,1763.5255893973772,4899.0925058127013,1395.0173009141718,1211.5108738226215
2025-03-27,08:00-12:00,5965.8939858270187,2349.9356123317393,1395.0173009141718,1211.5108738226215
2025-03-27,12:00-16:00,3576.790694721597,78.737923453159439,1395.0173009141718,1211.5108738226215
2025-03-27,16:00-20:00,156.53796255365103,5705.318451409561,1395.0173009141718,1211.5108738226215
2025-03-27,20:00-24:00,119.44115305103018,3120.4600223367138,1395.0173009141718,1211.5108738226215
2025-03-28,00:00-04:00,3372.5105432229343,66.689759325799855,1211.5108738226215,1802.7209302021538
2025-03-28,04:00-08:00,1058.1435815966804,3352.3320717987681,1211.5108738226215,1802.7209302021538
2025-03-28,08:00-12:00,3242.7358859456936,0,1211.5108738226215,1802.7209302021538
2025-03-28,12:00-16:00,7201.5014024250686,0,1211.5108738226215,1802.7209302021538
2025-03-28,16:00-20:00,33.968560687521347,5878.0830331387106,1211.5108738226215,1802.7209302021538
2025-03-28,20:00-24:00,282.59043950633787,2475.8809198363747,1211.5108738226215,1802.7209302021538
2025-03-29,00:00-04:00,2678.2422067668031,19.381732908560025,1802.7209302021538,1249.5263151953807
2025-03-29,04:00-08:00,944.01715457502326,2959.9250786070788,1802.7209302021538,1249.5263151953807
2025-03-29,08:00-12:00,2739.0988945429053,0,1802.7209302021538,1249.5263151953807
2025-03-29,12:00-16:00,7313.7750457618104,0,1802.7209302021538,1249.5263151953807
2025-03-29,16:00-20:00,10.767025227485931,6219.4025785428585,1802.7209302021538,1249.5263151953807
2025-03-29,20:00-24:00,173.57020404006659,2525.3368934880186,1802.7209302021538,1249.5263151953807
2025-03-30,00:00-04:00,8387.2322717683473,68.261123043615271,1249.5263151953807,1438.0458770168423
2025-03-30,04:00-08:00,1735.9395076327216,5159.8383766434226,1249.5263151953807,1438.0458770168423
2025-03-30,08:00-12:00,6138.9714681666046,2082.7988499999992,1249.5263151953807,1438.0458770168423
2025-03-30,12:00-16:00,3508.221183105838,107.67052283435301,1249.5263151953807,1438.0458770168423
2025-03-30,16:00-20:00,12.249421623881871,5563.5407815741355,1249.5263151953807,1438.0458770168423
2025-03-30,20:00-24:00,249.62072008140183,3074.3327438919855,1249.5263151953807,1438.0458770168423
2025-03-31,00:00-04:00,8506.8805745284972,0,1438.0458770168423,1349.4097843645329
2025-03-31,04:00-08:00,1899.0764074167969,5377.3894937971563,1438.0458770168423,1349.4097843645329
2025-03-31,08:00-12:00,5620.0468749804049,1297.139983333333,1438.0458770168423,1349.4097843645329
2025-03-31,12:00-16:00,2698.7234363077105,408.44483352246482,1438.0458770168423,1349.4097843645329
2025-03-31,16:00-20:00,104.38525012212278,5567.4446921719536,1438.0458770168423,1349.4097843645329
2025-03-31,20:00-24:00,262.71941830474202,2893.7373695069873,1438.0458770168423,1349.4097843645329
2025-04-01,00:00-04:00,8472.3381174059741,52.022790609117123,1349.4097843645329,1279.8157434223335
2025-04-01,04:00-08:00,1816.0067252449855,5554.4666253631494,1349.4097843645329,1279.8157434223335
2025-04-01,08:00-12:00,3619.4835980057192,1632.0572833333335,1349.4097843645329,1279.8157434223335
2025-04-01,12:00-16:00,4097.6005995822707,266.24617491185069,1349.4097843645329,1279.8157434223335
2025-04-01,16:00-20:00,115.4475446511492,5548.1368502205405,1349.4097843645329,1279.8157434223335
2025-04-01,20:00-24:00,255.51511943906974,1894.5821929166191,1349.4097843645329,1279.8157434223335
2025-04-02,00:00-04:00,8711.7272258251905,22.215440506565642,1279.8157434223335,1200
2025-04-02,04:00-08:00,1618.459351313327,6357.7265649591209,1279.8157434223335,1200
2025-04-02,08:00-12:00,3554.2497882928205,2059.3432910966167,1279.8157434223335,1200
2025-04-02,12:00-16:00,5848.0960362206933,0,1279.8157434223335,1200
2025-04-02,16:00-20:00,581.34657916880974,5515.5730668612259,1279.8157434223335,1200
2025-04-02,20:00-24:00,173.21208539167151,2711.5195692887128,1279.8157434223335,1200
2025-04-03,00:00-04:00,8753.0822848092448,2.2814025051279714,1200,1341.7023338851859
2025-04-03,04:00-08:00,1796.8706551977402,5989.6979522695638,1200,1341.7023338851859
2025-04-03,08:00-12:00,6039.5796417515148,2262.2977333333333,1200,1341.7023338851859
2025-04-03,12:00-16:00,4389.625669128226,98.841095110220195,1200,1341.7023338851859
2025-04-03,16:00-20:00,34.08846949580871,5561.5568536391411,1200,1341.7023338851859
2025-04-03,20:00-24:00,202.30801157551608,3142.3921955319679,1200,1341.7023338851859
2025-04-04,00:00-04:00,2940.4828962832803,34.257560432322123,1341.7023338851859,1840.9132852870002
2025-04-04,04:00-08:00,1038.9385718333788,2841.6239858467129,1341.7023338851859,1840.9132852870002
2025-04-04,08:00-12:00,712.8104226079447,0,1341.7023338851859,1840.9132852870002
2025-04-04,12:00-16:00,9367.4587830807868,0,1341.7023338851859,1840.9132852870002
2025-04-04,16:00-20:00,12.212100350439464,5827.8184909465872,1341.7023338851859,1840.9132852870002
2025-04-04,20:00-24:00,206.82224303751519,2412.7773704393549,1341.7023338851859,1840.9132852870002
2025-04-05,00:00-04:00,2279.89784440014,127.96090819944328,1840.9132852870002,1335.8802541425296
2025-04-05,04:00-08:00,1014.3393334219329,2546.3499171715494,1840.9132852870002,1335.8802541425296
2025-04-05,08:00-12:00,136.0405961693838,0,1840.9132852870002,1335.8802541425296
2025-04-05,12:00-16:00,9825.8813230612468,0,1840.9132852870002,1335.8802541425296
2025-04-05,16:00-20:00,37.833966872486911,6074.2446788236157,1840.9132852870002,1335.8802541425296
2025-04-05,20:00-24:00,68.520839972957901,2529.6104859929192,1840.9132852870002,1335.8802541425296
2025-04-06,00:00-04:00,8711.0768402894173,3.50079103055009,1335.8802541425296,1372.8923619096015
2025-04-06,04:00-08:00,1820.2817735527624,6048.9303156196002,1335.8802541425296,1372.8923619096015
2025-04-06,08:00-12:00,5662.826412320228,1729.0060333333331,1335.8802541425296,1372.8923619096015
2025-04-06,12:00-16:00,4043.4719785989273,93.35726260147274,1335.8802541425296,1372.8923619096015
2025-04-06,16:00-20:00,14.695218865965696,5545.5954261868173,1335.8802541425296,1372.8923619096015
2025-04-06,20:00-24:00,203.26832593053905,3115.3519193797092,1335.8802541425296,1372.8923619096015
2025-04-07,00:00-04:00,8620.1264898413083,0,1372.8923619096015,1397.4690235869714
2025-04-07,04:00-08:00,1828.650672730603,5679.1206206704719,1372.8923619096015,1397.4690235869714
2025-04-07,08:00-12:00,6076.7244704931636,1375.9573333333335,1372.8923619096015,1397.4690235869714
2025-04-07,12:00-16:00,2806.0503565873914,119.08228333333332,1372.8923619096015,1397.4690235869714
2025-04-07,16:00-20:00,0,5434.1737283687062,1372.8923619096015,1397.4690235869714
2025-04-07,20:00-24:00,143.58512410497497,3144.4081009280499,1372.8923619096015,1397.4690235869714
2025-04-08,00:00-04:00,8745.3814276355261,6.9394375503158017,1397.4690235869714,1200
2025-04-08,04:00-08:00,1710.4424196756349,6296.2613681926005,1397.4690235869714,1200
2025-04-08,08:00-12:00,5852.6603136626563,2133.4674333333332,1397.4690235869714,1200
2025-04-08,12:00-16:00,4554.9288857520714,0.41844999999996918,1397.4690235869714,1200
2025-04-08,16:00-20:00,17.891971699345415,5792.7227351647516,1397.4690235869714,1200
2025-04-08,20:00-24:00,154.68386359557871,2987.0636914241368,1397.4690235869714,1200
2025-04-09,00:00-04:00,8830.4936515631762,11.62732780312524,1200,1200
2025-04-09,04:00-08:00,1890.8005882195919,5991.3145153603082,1200,1200
2025-04-09,08:00-12:00,4106.2457024238747,1897.9170833333333,1200,1200
2025-04-09,12:00-16:00,4400.1876086280336,391.49452282422203,1200,1200
2025-04-09,16:00-20:00,324.69722164869233,5470.8741907420144,1200,1200
2025-04-09,20:00-24:00,124.30447996100963,2174.9230544169473,1200,1200
2025-04-10,00:00-04:00,8777.250759386774,20.371045732761559,1200,1326.1749294992594
2025-04-10,04:00-08:00,1831.588998069524,5868.2401659286143,1200,1326.1749294992594
2025-04-10,08:00-12:00,5605.5173073470341,1971.0340333333338,1200,1326.1749294992594
2025-04-10,12:00-16:00,4238.1807273712056,95.74989778067544,1200,1326.1749294992594
2025-04-10,16:00-20:00,72.515516772235969,5848.5810632512857,1200,1326.1749294992594
2025-04-10,20:00-24:00,210.49235030376417,2878.2583414169312,1200,1326.1749294992594
2025-04-11,00:00-04:00,2496.4382042045208,90.054611327982798,1326.1749294992594,1447.612258449361
2025-04-11,04:00-08:00,953.69038731277851,2496.4308166666669,1326.1749294992594,1447.612258449361
2025-04-11,08:00-12:00,243.636049617792,0,1326.1749294992594,1447.612258449361
2025-04-11,12:00-16:00,10025.899545834436,0,1326.1749294992594,1447.612258449361
2025-04-11,16:00-20:00,54.373607048943747,6157.808442468342,1326.1749294992594,1447.612258449361
2025-04-11,20:00-24:00,213.80349727645722,2476.5639794308072,1326.1749294992594,1447.612258449361
2025-04-12,00:00-04:00,2173.1650049629698,15.100756704740377,1447.612258449361,1409.291748014721
2025-04-12,04:00-08:00,1140.7568758627549,2008.9942166666665,1447.612258449361,1409.291748014721
2025-04-12,08:00-12:00,562.6206603399886,0,1447.612258449361,1409.291748014721
2025-04-12,12:00-16:00,9013.8820770651291,0,1447.612258449361,1409.291748014721
2025-04-12,16:00-20:00,42.865813056960668,6075.4613736881347,1447.612258449361,1409.291748014721
2025-04-12,20:00-24:00,240.23171414605577,2605.4850501330602,1447.612258449361,1409.291748014721
2025-04-13,00:00-04:00,8503.4263645685933,24.935493232657677,1409.291748014721,1279.6861461337453
2025-04-13,04:00-08:00,1920.4898818783713,6101.3080878093588,1409.291748014721,1279.6861461337453
2025-04-13,08:00-12:00,5091.7753163247735,1701.5809833333331,1409.291748014721,1279.6861461337453
2025-04-13,12:00-16:00,4604.8261304808984,18.157340372529518,1409.291748014721,1279.6861461337453
2025-04-13,16:00-20:00,32.08085382546335,5569.9332049087861,1409.291748014721,1279.6861461337453
2025-04-13,20:00-24:00,141.09466468697451,3138.6214335659188,1409.291748014721,1279.6861461337453
2025-04-14,00:00-04:00,8483.147153440199,14.150919519200102,1279.6861461337453,1343.9927328528831
2025-04-14,04:00-08:00,1769.143604332357,6118.1980259047477,1279.6861461337453,1343.9927328528831
2025-04-14,08:00-12:00,5606.376893905277,1491.0585999999998,1279.6861461337453,1343.9927328528831
2025-04-14,12:00-16:00,4131.0731062278128,0,1279.6861461337453,1343.9927328528831
2025-04-14,16:00-20:00,0,5600.3963172249096,1279.6861461337453,1343.9927328528831
2025-04-14,20:00-24:00,201.84664585617304,3073.506006350995,1279.6861461337453,1343.9927328528831
2025-04-15,00:00-04:00,8696.0018280206496,3.2801250899304932,1343.9927328528831,1462.9246853535594
2025-04-15,04:00-08:00,1814.722450401985,5715.7372384611235,1343.9927328528831,1462.9246853535594
2025-04-15,08:00-12:00,5824.8352125139299,845.3337499999999,1343.9927328528831,1462.9246853535594
2025-04-15,12:00-16:00,2381.3633289362892,200.61372819065417,1343.9927328528831,1462.9246853535594
2025-04-15,16:00-20:00,141.56036799641916,5499.0202164461825,1343.9927328528831,1462.9246853535594
2025-04-15,20:00-24:00,210.0121825474946,3074.4574345990823,1343.9927328528831,1462.9246853535594
2025-04-16,00:00-04:00,8314.1801392270281,96.631991210574824,1462.9246853535594,1314.9712627766221
2025-04-16,04:00-08:00,1828.8856571333445,5861.9488846686236,1462.9246853535594,1314.9712627766221
2025-04-16,08:00-12:00,4711.8590403723738,1550.03925,1462.9246853535594,1314.9712627766221
2025-04-16,12:00-16:00,4878.0361990833562,216.46301529729527,1462.9246853535594,1314.9712627766221
2025-04-16,16:00-20:00,200.9735066303152,5469.7821879286794,1462.9246853535594,1314.9712627766221
2025-04-16,20:00-24:00,153.24056957858011,3208.9045919543191,1462.9246853535594,1314.9712627766221
2025-04-17,00:00-04:00,8583.9521567892789,5.8784922160584756,1314.9712627766221,1404.7803540840812
2025-04-17,04:00-08:00,1905.4778717741242,5829.3846978854535,1314.9712627766221,1404.7803540840812
2025-04-17,08:00-12:00,5428.6176311609397,1400.9938499999998,1314.9712627766221,1404.7803540840812
2025-04-17,12:00-16:00,3681.5867977826783,102.92100697813521,1314.9712627766221,1404.7803540840812
2025-04-17,16:00-20:00,81.923359453001297,5610.0374180679937,1314.9712627766221,1404.7803540840812
2025-04-17,20:00-24:00,324.06181242728132,3174.5082524793575,1314.9712627766221,1404.7803540840812
2025-04-18,00:00-04:00,1715.3648781536338,10.322516819758903,1404.7803540840812,1906.0770478004836
2025-04-18,04:00-08:00,985.44075026549842,2060.5908425583548,1404.7803540840812,1906.0770478004836
2025-04-18,08:00-12:00,0,0,1404.7803540840812,1906.0770478004836
2025-04-18,12:00-16:00,10295.010471213507,0,1404.7803540840812,1906.0770478004836
2025-04-18,16:00-20:00,21.810608212023606,5901.9056963855965,1404.7803540840812,1906.0770478004836
2025-04-18,20:00-24:00,394.91238123923193,2440.1705820494858,1404.7803540840812,1906.0770478004836
2025-04-19,00:00-04:00,1195.6352222110031,42.298599429236106,1906.0770478004836,1645.627091301609
2025-04-19,04:00-08:00,1055.2363932130943,2068.0563872008688,1906.0770478004836,1645.627091301609
2025-04-19,08:00-12:00,140.83619337926243,0,1906.0770478004836,1645.627091301609
2025-04-19,12:00-16:00,10095.805331455493,0,1906.0770478004836,1645.627091301609
2025-04-19,16:00-20:00,0,5869.36180689312,1906.0770478004836,1645.627091301609
2025-04-19,20:00-24:00,184.04753940145815,2518.6523178506113,1906.0770478004836,1645.627091301609
2025-04-20,00:00-04:00,8262.1716846960298,16.102380132209646,1645.627091301609,1601.3701287942072
2025-04-20,04:00-08:00,1704.4064388599209,5986.5183037698698,1645.627091301609,1601.3701287942072
2025-04-20,08:00-12:00,6243.6768540745034,1930.6967716097975,1645.627091301609,1601.3701287942072
2025-04-20,12:00-16:00,3763.5578290910139,6.839932102117908,1645.627091301609,1601.3701287942072
2025-04-20,16:00-20:00,87.118179516468615,5482.9225167442282,1645.627091301609,1601.3701287942072
2025-04-20,20:00-24:00,203.35139076827897,3030.8200872734751,1645.627091301609,1601.3701287942072
2025-04-21,00:00-04:00,8266.5008505604837,17.507905402636766,1601.3701287942072,1200
2025-04-21,04:00-08:00,1638.7770943892897,5454.5407314804161,1601.3701287942072,1200
2025-04-21,08:00-12:00,5656.0675335608248,1148.3090333333332,1601.3701287942072,1200
2025-04-21,12:00-16:00,2843.8510499231834,9.0846337297599575,1601.3701287942072,1200
2025-04-21,16:00-20:00,22.395632543082797,5515.2435872731403,1601.3701287942072,1200
2025-04-21,20:00-24:00,129.20146636729271,3247.5500628442655,1601.3701287942072,1200
2025-04-22,00:00-04:00,8668.0001614953853,51.686445556499621,1200,1217.6437215583574
2025-04-22,04:00-08:00,1795.2890632673218,6010.4550503305691,1200,1217.6437215583574
2025-04-22,08:00-12:00,5931.3673352306505,1107.84085,1200,1217.6437215583574
2025-04-22,12:00-16:00,3330.1570532540131,214.50370291871133,1200,1217.6437215583574
2025-04-22,16:00-20:00,66.742507004140251,5564.6722325834817,1200,1217.6437215583574
2025-04-22,20:00-24:00,114.59723685208212,3158.9465884621268,1200,1217.6437215583574
2025-04-23,00:00-04:00,8570.4981993135789,28.038513761473155,1217.6437215583574,1538.0615848778116
2025-04-23,04:00-08:00,1782.9004635065842,5683.3716952426639,1217.6437215583574,1538.0615848778116
2025-04-23,08:00-12:00,6043.4702611180501,1185.8100666666664,1217.6437215583574,1538.0615848778116
2025-04-23,12:00-16:00,2771.2562731008175,4.8404833333332435,1217.6437215583574,1538.0615848778116
2025-04-23,16:00-20:00,27.183281087790913,5467.0929347951515,1217.6437215583574,1538.0615848778116
2025-04-23,20:00-24:00,194.92391041085193,3048.5584639287181,1217.6437215583574,1538.0615848778116
2025-04-24,00:00-04:00,8287.9801381929392,8.4720387588768062,1538.0615848778116,1200
2025-04-24,04:00-08:00,1968.2959355952164,5707.6423501903564,1538.0615848778116,1200
2025-04-24,08:00-12:00,6165.9164284861754,1077.0290499999999,1538.0615848778116,1200
2025-04-24,12:00-16:00,2255.4470194036949,0,1538.0615848778116,1200
2025-04-24,16:00-20:00,0.20255158016129826,5642.1306659901265,1538.0615848778116,1200
2025-04-24,20:00-24:00,191.71821486783284,3153.3251548327498,1538.0615848778116,1200
2025-04-25,00:00-04:00,1795.0803110647644,0,1200,1373.9189317279122
2025-04-25,04:00-08:00,1016.3960033111293,1688.7637247957587,1200,1373.9189317279122
2025-04-25,08:00-12:00,0,0,1200,1373.9189317279122
2025-04-25,12:00-16:00,9940.0838396929466,0,1200,1373.9189317279122
2025-04-25,16:00-20:00,10.746481481482128,5926.8721481074044,1200,1373.9189317279122
2025-04-25,20:00-24:00,134.46653006391477,2674.223352689246,1200,1373.9189317279122
2025-04-26,00:00-04:00,1426.1426051924796,25.414137303522978,1373.9189317279122,1200
2025-04-26,04:00-08:00,1076.0847588666193,1584.6797378636547,1373.9189317279122,1200
2025-04-26,08:00-12:00,0,0,1373.9189317279122,1200
2025-04-26,12:00-16:00,9958.9662613878827,0,1373.9189317279122,1200
2025-04-26,16:00-20:00,0,6224.1970085688636,1373.9189317279122,1200
2025-04-26,20:00-24:00,107.23052349782807,2502.6597154643769,1373.9189317279122,1200
2025-04-27,00:00-04:00,8554.8971669673447,20.765892819609348,1200,1200
2025-04-27,04:00-08:00,2130.3415361672942,5789.081245063122,1200,1200
2025-04-27,08:00-12:00,6190.5965401600915,1460.7626666666667,1200,1200
2025-04-27,12:00-16:00,2766.8929104699619,93.642648427434949,1200,1200
2025-04-27,16:00-20:00,37.442753125395711,5899.6130178013918,1200,1200
2025-04-27,20:00-24:00,168.61443990618272,2813.6506601267529,1200,1200
2025-04-28,00:00-04:00,8253.0067355633309,8.4681812701871859,1200,1230.0751944679987
2025-04-28,04:00-08:00,2248.6740749841997,5423.5695429094994,1200,1230.0751944679987
2025-04-28,08:00-12:00,1771.1156663654729,1747.2023993907296,1200,1230.0751944679987
2025-04-28,12:00-16:00,3049.3802285746515,298.37472323572354,1200,1230.0751944679987
2025-04-28,16:00-20:00,138.76466246760026,5045.7476612376176,1200,1230.0751944679987
2025-04-28,20:00-24:00,121.72166888066586,71.526876772140866,1200,1230.0751944679987
2025-04-29,00:00-04:00,8897.7977194267096,0.34242455528556093,1230.0751944679987,1387.6781890999694
2025-04-29,04:00-08:00,1735.8748108622822,4616.4001594333204,1230.0751944679987,1387.6781890999694
2025-04-29,08:00-12:00,5860.0119641593774,748.44524999999999,1230.0751944679987,1387.6781890999694
2025-04-29,12:00-16:00,771.20573635259507,250.12494359063405,1230.0751944679987,1387.6781890999694
2025-04-29,16:00-20:00,149.06550183045192,5741.487560260417,1230.0751944679987,1387.6781890999694
2025-04-29,20:00-24:00,285.51632656636104,2837.9293349417721,1230.0751944679987,1387.6781890999694
2025-04-30,00:00-04:00,8604.5465206096087,32.387678187512961,1387.6781890999694,1252.2530323601784
2025-04-30,04:00-08:00,1893.5736127206865,5639.9596999999994,1387.6781890999694,1252.2530323601784
2025-04-30,08:00-12:00,4462.3316500000001,583.3332666666663,1387.6781890999694,1252.2530323601784
2025-04-30,12:00-16:00,3220.7460866255124,0,1387.6781890999694,1252.2530323601784
2025-04-30,16:00-20:00,18.877225704902116,5418.5749454090246,1387.6781890999694,1252.2530323601784
2025-04-30,20:00-24:00,141.22927114191248,3304.0835879127358,1387.6781890999694,1252.2530323601784
2025-05-01,00:00-04:00,8449.7165240650247,22.066800324880091,1252.2530323601784,1200
2025-05-01,04:00-08:00,1836.1746125192235,6073.856748668697,1252.2530323601784,1200
2025-05-01,08:00-12:00,5582.5620500000005,1362.2728999999997,1252.2530323601784,1200
2025-05-01,12:00-16:00,3947.8044922668869,0,1252.2530323601784,1200
2025-05-01,16:00-20:00,11.882694580417592,6564.7192786416808,1252.2530323601784,1200
2025-05-01,20:00-24:00,0,2084.9057039684603,1252.2530323601784,1200
2025-05-02,00:00-04:00,1314.5624680179308,54.81347898596448,1200,1200
2025-05-02,04:00-08:00,811.53697660283592,1667.3270711568571,1200,1200
2025-05-02,08:00-12:00,0,0,1200,1200
2025-05-02,12:00-16:00,9882.9522355377139,0,1200,1200
2025-05-02,16:00-20:00,42.052749999999982,7114.1427662860206,1200,1200
2025-05-02,20:00-24:00,0.29131868872553923,925.34724013739697,1200,1200
2025-05-03,00:00-04:00,1573.8434147585306,103.87230791106168,1200,1200
2025-05-03,04:00-08:00,909.62235243606392,1743.0950441773393,1200,1200
2025-05-03,08:00-12:00,1013.3779839378308,0,1200,1200
2025-05-03,12:00-16:00,9450.0295230507836,0,1200,1200
2025-05-03,16:00-20:00,54.956644548505786,6798.0341177573991,1200,1200
2025-05-03,20:00-24:00,5.6783970856930637,1891.0802659663029,1200,1200
2025-05-04,00:00-04:00,8751.7555845576826,71.896622483729288,1200,1213.5676307968381
2025-05-04,04:00-08:00,1725.3455403169389,4861.5167996795826,1200,1213.5676307968381
2025-05-04,08:00-12:00,4859.1798001544048,844.72166666666658,1200,1213.5676307968381
2025-05-04,12:00-16:00,2463.8858513042669,0,1200,1213.5676307968381
2025-05-04,16:00-20:00,0,5750.2924761229679,1200,1213.5676307968381
2025-05-04,20:00-24:00,15.075145329820089,2889.7075238770331,1200,1213.5676307968381
2025-05-05,00:00-04:00,8818.7750786274064,67.663927078419533,1213.5676307968381,1200
2025-05-05,04:00-08:00,1694.411154133034,6301.0591976075702,1213.5676307968381,1200
2025-05-05,08:00-12:00,4222.4141500000005,1641.2568423065577,1213.5676307968381,1200
2025-05-05,12:00-16:00,5804.8552953573299,0,1213.5676307968381,1200
2025-05-05,16:00-20:00,37.513555364811509,5585.6340390220121,1213.5676307968381,1200
2025-05-05,20:00-24:00,29.128204050907584,3108.34578610472,1213.5676307968381,1200
2025-05-06,00:00-04:00,8724.1321307210965,97.475398577103078,1200,1200
2025-05-06,04:00-08:00,1621.0201662451527,6237.529714143664,1200,1200
2025-05-06,08:00-12:00,4622.6533471479679,1600.5621654986987,1200,1200
2025-05-06,12:00-16:00,5523.6870762876442,22.541825306051123,1200,1200
2025-05-06,16:00-20:00,16.434715774435631,5578.9325770196974,1200,1200
2025-05-06,20:00-24:00,33.528187555755494,3101.5373746777555,1200,1200
2025-05-07,00:00-04:00,8747.8508445569278,48.209775526868953,1200,1234.7695165720743
2025-05-07,04:00-08:00,1673.2390882900761,5638.272327307448,1200,1234.7695165720743
2025-05-07,08:00-12:00,4015.3013743993615,1466.8686666666665,1200,1234.7695165720743
2025-05-07,12:00-16:00,5093.6278560871724,183.03798753600344,1200,1234.7695165720743
2025-05-07,16:00-20:00,159.02976728228913,5682.1827443568873,1200,1234.7695165720743
2025-05-07,20:00-24:00,156.34428107655356,3024.9044351620933,1200,1234.7695165720743
2025-05-08,00:00-04:00,8898.1612213690823,33.222258468086011,1234.7695165720743,2595.8369313533226
2025-05-08,04:00-08:00,1820.8030852252946,5083.8430335968915,1234.7695165720743,2595.8369313533226
2025-05-08,08:00-12:00,3255.9917918331294,1345.9257333333335,1234.7695165720743,2595.8369313533226
2025-05-08,12:00-16:00,4253.5836980275471,137.02055501690893,1234.7695165720743,2595.8369313533226
2025-05-08,16:00-20:00,547.65651897747432,5222.1820150245712,1234.7695165720743,2595.8369313533226
2025-05-08,20:00-24:00,695.35885357355426,2724.8054181520179,1234.7695165720743,2595.8369313533226
2025-05-09,00:00-04:00,256.61202087598394,96.531217506821065,2595.8369313533226,2671.9436832436277
2025-05-09,04:00-08:00,918.78915780982652,1843.6231166666666,2595.8369313533226,2671.9436832436277
2025-05-09,08:00-12:00,1762.3130437472078,0,2595.8369313533226,2671.9436832436277
2025-05-09,12:00-16:00,8573.2747849194493,0,2595.8369313533226,2671.9436832436277
2025-05-09,16:00-20:00,113.93699875781951,5684.3287368494493,2595.8369313533226,2671.9436832436277
2025-05-09,20:00-24:00,575.77124494831151,2189.5856256332518,2595.8369313533226,2671.9436832436277
2025-05-10,00:00-04:00,525.60757524097892,104.67189612940194,2671.9436832436277,2542.2456468051246
2025-05-10,04:00-08:00,856.5307496440754,1685.3537660471313,2671.9436832436277,2542.2456468051246
2025-05-10,08:00-12:00,1349.9832903925167,0,2671.9436832436277,2542.2456468051246
2025-05-10,12:00-16:00,8508.9602949165892,0,2671.9436832436277,2542.2456468051246
2025-05-10,16:00-20:00,277.090675418861,5692.0026279719714,2671.9436832436277,2542.2456468051246
2025-05-10,20:00-24:00,374.30568208131598,2267.6073394785626,2671.9436832436277,2542.2456468051246
2025-05-11,00:00-04:00,7154.3774807896152,58.896243597499961,2542.2456468051246,2446.1631213105888
2025-05-11,04:00-08:00,1779.2209962654488,4786.9411419436146,2542.2456468051246,2446.1631213105888
2025-05-11,08:00-12:00,3270.803651761641,1309.3334666666669,2542.2456468051246,2446.1631213105888
2025-05-11,12:00-16:00,4796.4176667920301,187.623288541644,2542.2456468051246,2446.1631213105888
2025-05-11,16:00-20:00,5.0728693601680179,5388.4441091835297,2542.2456468051246,2446.1631213105888
2025-05-11,20:00-24:00,580.48245212605116,2600.1998678590417,2542.2456468051246,2446.1631213105888
2025-05-12,00:00-04:00,7291.7187556853651,57.697412141793279,2446.1631213105888,3038.0163562258854
2025-05-12,04:00-08:00,2197.9052859207686,4014.9887354215657,2446.1631213105888,3038.0163562258854
2025-05-12,08:00-12:00,5447.6811623631402,533.24598333333313,2446.1631213105888,3038.0163562258854
2025-05-12,12:00-16:00,31.071736422280889,0,2446.1631213105888,3038.0163562258854
2025-05-12,16:00-20:00,94.154631066082018,5149.6842171167609,2446.1631213105888,3038.0163562258854
2025-05-12,20:00-24:00,603.00196298494427,2400.7979034612699,2446.1631213105888,3038.0163562258854
2025-05-13,00:00-04:00,7003.6702626022543,9.2314177659054621,3038.0163562258854,2907.6345813902935
2025-05-13,04:00-08:00,1642.7105063458334,4855.5870679531345,3038.0163562258854,2907.6345813902935
2025-05-13,08:00-12:00,4029.051361716984,1461.5088166666665,3038.0163562258854,2907.6345813902935
2025-05-13,12:00-16:00,3759.2747604243214,0,3038.0163562258854,2907.6345813902935
2025-05-13,16:00-20:00,0,5294.0045567122834,3038.0163562258854,2907.6345813902935
2025-05-13,20:00-24:00,735.17259633389642,2404.6141230669091,3038.0163562258854,2907.6345813902935
2025-05-14,00:00-04:00,6922.0317807350402,86.215304666501083,2907.6345813902935,2872.2771884635804
2025-05-14,04:00-08:00,1775.8996850515939,5101.3865189329454,2907.6345813902935,2872.2771884635804
2025-05-14,08:00-12:00,4379.1155697571639,933.57079999999985,2907.6345813902935,2872.2771884635804
2025-05-14,12:00-16:00,3249.2511130342,0,2907.6345813902935,2872.2771884635804
2025-05-14,16:00-20:00,44.435224120583925,5057.3459828386267,2907.6345813902935,2872.2771884635804
2025-05-14,20:00-24:00,416.08532351167742,2450.6261911262809,2907.6345813902935,2872.2771884635804
2025-05-15,00:00-04:00,7045.3934067425489,66.589927301459966,2872.2771884635804,3289.8074602544702
2025-05-15,04:00-08:00,1824.4511361222817,5390.5877180363623,2872.2771884635804,3289.8074602544702
2025-05-15,08:00-12:00,5498.2283530581735,858.70558333333372,2872.2771884635804,3289.8074602544702
2025-05-15,12:00-16:00,2312.4481611103015,66.798153655719375,2872.2771884635804,3289.8074602544702
2025-05-15,16:00-20:00,261.90563516539379,5171.653690434483,2872.2771884635804,3289.8074602544702
2025-05-15,20:00-24:00,527.04048681553263,2220.156097628369,2872.2771884635804,3289.8074602544702
2025-05-16,00:00-04:00,88.123224645227651,311.68601944586305,3289.8074602544702,2462.9624418081048
2025-05-16,04:00-08:00,284.96371969143786,1226.7530112772033,3289.8074602544702,2462.9624418081048
2025-05-16,08:00-12:00,1665.070156214435,0,3289.8074602544702,2462.9624418081048
2025-05-16,12:00-16:00,8205.8087222810536,0,3289.8074602544702,2462.9624418081048
2025-05-16,16:00-20:00,32.516318472227994,5450.3036820654797,3289.8074602544702,2462.9624418081048
2025-05-16,20:00-24:00,372.36211596485657,2380.9816522012657,3289.8074602544702,2462.9624418081048
2025-05-17,00:00-04:00,129.91207388182028,311.16947618364469,2462.9624418081048,2012.0682243932588
2025-05-17,04:00-08:00,879.19696671978249,1145.5915014761611,2462.9624418081048,2012.0682243932588
2025-05-17,08:00-12:00,1539.3725539352622,0,2462.9624418081048,2012.0682243932588
2025-05-17,12:00-16:00,8513.3638129106766,0,2462.9624418081048,2012.0682243932588
2025-05-17,16:00-20:00,57.088689052098005,5942.3765743528747,2462.9624418081048,2012.0682243932588
2025-05-17,20:00-24:00,483.29794519038887,2404.4751974296073,2462.9624418081048,2012.0682243932588
2025-05-18,00:00-04:00,7519.3956701132993,125.0666155328405,2012.0682243932588,2891.2189112315568
2025-05-18,04:00-08:00,1684.6253322859202,5623.7246951310099,2012.0682243932588,2891.2189112315568
2025-05-18,08:00-12:00,4069.5667027786822,1330.2297166666665,2012.0682243932588,2891.2189112315568
2025-05-18,12:00-16:00,5018.2405256221346,0,2012.0682243932588,2891.2189112315568
2025-05-18,16:00-20:00,264.67317710024241,4980.639448101927,2012.0682243932588,2891.2189112315568
2025-05-18,20:00-24:00,400.18077197241189,2504.0164721099695,2012.0682243932588,2891.2189112315568
2025-05-19,00:00-04:00,6859.775270883415,44.27885681600435,2891.2189112315568,2513.8729032640763
2025-05-19,04:00-08:00,1804.950681372497,5126.1888553265835,2891.2189112315568,2513.8729032640763
2025-05-19,08:00-12:00,5034.9942000000001,855.96669999999995,2891.2189112315568,2513.8729032640763
2025-05-19,12:00-16:00,2527.8568749467818,0,2891.2189112315568,2513.8729032640763
2025-05-19,16:00-20:00,88.607522349804142,5229.0746267732393,2891.2189112315568,2513.8729032640763
2025-05-19,20:00-24:00,567.06788079747196,2759.5368368383879,2891.2189112315568,2513.8729032640763
2025-05-20,00:00-04:00,7191.9318519599656,14.590313355180569,2513.8729032640763,2356.3138039137248
2025-05-20,04:00-08:00,1862.4844917108608,5206.3891223771516,2513.8729032640763,2356.3138039137248
2025-05-20,08:00-12:00,3967.5210514791638,976.46113333333335,2513.8729032640763,2356.3138039137248
2025-05-20,12:00-16:00,3511.5609592874607,309.19803964666738,2513.8729032640763,2356.3138039137248
2025-05-20,16:00-20:00,715.68006476546361,5338.0000127168942,2513.8729032640763,2356.3138039137248
2025-05-20,20:00-24:00,391.38188627454269,2586.0184154228232,2513.8729032640763,2356.3138039137248
2025-05-21,00:00-04:00,7516.6891331576953,84.192616537275399,2356.3138039137248,2335.4539796462082
2025-05-21,04:00-08:00,1782.3328313666909,4565.1897189981173,2356.3138039137248,2335.4539796462082
2025-05-21,08:00-12:00,3411.9183572152383,833.27336666666656,2356.3138039137248,2335.4539796462082
2025-05-21,12:00-16:00,3451.2099325860308,376.60134501409186,2356.3138039137248,2335.4539796462082
2025-05-21,16:00-20:00,392.10470413150125,5260.9845978175472,2356.3138039137248,2335.4539796462082
2025-05-21,20:00-24:00,389.01643065953544,2622.582021991584,2356.3138039137248,2335.4539796462082
2025-05-22,00:00-04:00,7464.6417985014014,12.132159952861684,2335.4539796462082,2903.4816687363459
2025-05-22,04:00-08:00,1872.6596109526527,5070.5674492592707,2335.4539796462082,2903.4816687363459
2025-05-22,08:00-12:00,4296.7598409681996,942.09869999999989,2335.4539796462082,2903.4816687363459
2025-05-22,12:00-16:00,3218.2436876764577,18.580724992179682,2335.4539796462082,2903.4816687363459
2025-05-22,16:00-20:00,189.95843904360243,5395.7190886157641,2335.4539796462082,2903.4816687363459
2025-05-22,20:00-24:00,677.93364776609087,2403.0365471746086,2335.4539796462082,2903.4816687363459
2025-05-23,00:00-04:00,84.87178910185105,426.21692104356327,2903.4816687363459,2664.9678130679654
2025-05-23,04:00-08:00,377.65634458115551,1237.8003623481059,2903.4816687363459,2664.9678130679654
2025-05-23,08:00-12:00,1102.0661513847062,0,2903.4816687363459,2664.9678130679654
2025-05-23,12:00-16:00,9263.6572970668058,0,2903.4816687363459,2664.9678130679654
2025-05-23,16:00-20:00,102.2539238198313,5693.77810415771,2903.4816687363459,2664.9678130679654
2025-05-23,20:00-24:00,546.76493795156352,2153.4561421159533,2903.4816687363459,2664.9678130679654
2025-05-24,00:00-04:00,82.126404151356212,359.30781441976291,2664.9678130679654,2885.2501261758252
2025-05-24,04:00-08:00,582.5324040362816,1155.9645242414617,2664.9678130679654,2885.2501261758252
2025-05-24,08:00-12:00,1560.5672175550917,0,2664.9678130679654,2885.2501261758252
2025-05-24,12:00-16:00,8684.4052173437594,0,2664.9678130679654,2885.2501261758252
2025-05-24,16:00-20:00,74.294619921231686,5368.8595161219346,2664.9678130679654,2885.2501261758252
2025-05-24,20:00-24:00,472.05648428447716,2196.9597647264472,2664.9678130679654,2885.2501261758252
2025-05-25,00:00-04:00,6923.2958924895884,18.971185455085447,2885.2501261758252,2677.5544127610551
2025-05-25,04:00-08:00,1721.7944943608395,4710.5944107197411,2885.2501261758252,2677.5544127610551
2025-05-25,08:00-12:00,4936.3123836858631,773.88031666666666,2885.2501261758252,2677.5544127610551
2025-05-25,12:00-16:00,2007.1414261096984,0,2885.2501261758252,2677.5544127610551
2025-05-25,16:00-20:00,100.61691390715876,5251.5311813187091,2885.2501261758252,2677.5544127610551
2025-05-25,20:00-24:00,455.8787426876969,2509.4313290381724,2885.2501261758252,2677.5544127610551
2025-05-26,00:00-04:00,6869.3329990128714,0,2677.5544127610551,1558.3972980839806
2025-05-26,04:00-08:00,1688.8309408537666,5451.2688282558711,2677.5544127610551,1558.3972980839806
2025-05-26,08:00-12:00,1690.6507333333334,1395.1584946671885,2677.5544127610551,1558.3972980839806
2025-05-26,12:00-16:00,4568.9491895309329,0,2677.5544127610551,1558.3972980839806
2025-05-26,16:00-20:00,313.52116546868956,5122.6045160878057,2677.5544127610551,1558.3972980839806
2025-05-26,20:00-24:00,579.00574705491613,1763.5450921546521,2677.5544127610551,1558.3972980839806
2025-05-27,00:00-04:00,8160.9164173925201,101.7163712176648,1558.3972980839806,2499.3960233857642
2025-05-27,04:00-08:00,1830.9027987751956,4710.0066871929648,1558.3972980839806,2499.3960233857642
2025-05-27,08:00-12:00,4533.7865778085124,949.36821666666663,1558.3972980839806,2499.3960233857642
2025-05-27,12:00-16:00,2855.3000168900821,0,1558.3972980839806,2499.3960233857642
2025-05-27,16:00-20:00,18.972403205525815,5163.3727365831683,1558.3972980839806,2499.3960233857642
2025-05-27,20:00-24:00,424.56517960557733,2666.43628444664,1558.3972980839806,2499.3960233857642
2025-05-28,00:00-04:00,7115.1185718650895,99.281276111841862,2499.3960233857642,2781.0223114466366
2025-05-28,04:00-08:00,1898.8024295519085,5479.6344423174905,2499.3960233857642,2781.0223114466366
2025-05-28,08:00-12:00,1751.1753333333331,1132.4931666666666,2499.3960233857642,2781.0223114466366
2025-05-28,12:00-16:00,6743.4869541988101,0,2499.3960233857642,2781.0223114466366
2025-05-28,16:00-20:00,97.29412710063562,5172.7098999620612,2499.3960233857642,2781.0223114466366
2025-05-28,20:00-24:00,447.20261724731677,2485.4123826578061,2499.3960233857642,2781.0223114466366
2025-05-29,00:00-04:00,6794.7790225955596,70.386184623896384,2781.0223114466366,1611.4443878954157
2025-05-29,04:00-08:00,1719.5509482154607,5690.6562848225949,2781.0223114466366,1611.4443878954157
2025-05-29,08:00-12:00,2300.4309656697892,1543.490483333333,2781.0223114466366,1611.4443878954157
2025-05-29,12:00-16:00,5503.3803704749589,40.840798168928671,2781.0223114466366,1611.4443878954157
2025-05-29,16:00-20:00,174.67143736583887,5326.7757424708725,2781.0223114466366,1611.4443878954157
2025-05-29,20:00-24:00,600.9922839963815,2226.4527107140448,2781.0223114466366,1611.4443878954157
2025-05-30,00:00-04:00,799.69223343172712,57.58617438713685,1611.4443878954157,1997.4590096678701
2025-05-30,04:00-08:00,1162.9602159460815,1376.1056666666668,1611.4443878954157,1997.4590096678701
2025-05-30,08:00-12:00,650.08125341746768,0,1611.4443878954157,1997.4590096678701
2025-05-30,12:00-16:00,9366.7624601034004,0,1611.4443878954157,1997.4590096678701
2025-05-30,16:00-20:00,13.794095123420846,6159.1206649296755,1611.4443878954157,1997.4590096678701
2025-05-30,20:00-24:00,404.30903352184566,2101.829760571909,1611.4443878954157,1997.4590096678701
2025-05-31,00:00-04:00,255.25303460180893,263.1441827979088,1997.4590096678701,1896.8309138896382
2025-05-31,04:00-08:00,907.46578118458763,1392.046922277535,1997.4590096678701,1896.8309138896382
2025-05-31,08:00-12:00,0,0,1997.4590096678701,1896.8309138896382
2025-05-31,12:00-16:00,10305.379925616133,0,1997.4590096678701,1896.8309138896382
2025-05-31,16:00-20:00,407.1876053493362,6092.5529634655268,1997.4590096678701,1896.8309138896382
2025-05-31,20:00-24:00,414.12827825398637,2297.2470639141802,1997.4590096678701,1896.8309138896382
2025-06-01,00:00-04:00,6579.6601983578421,221.73055510421091,1896.8309138896382,1200
2025-06-01,04:00-08:00,1697.4310302299564,5190.4420295955715,1896.8309138896382,1200
2025-06-01,08:00-12:00,219.15395609509895,1919.4191329570094,1896.8309138896382,1200
2025-06-01,12:00-16:00,1899.2293377492681,825.01967829842295,1896.8309138896382,1200
2025-06-01,16:00-20:00,0,890.87078971551489,1896.8309138896382,1200
2025-06-01,20:00-24:00,0,0,1896.8309138896382,1200
2025-06-02,00:00-04:00,7307.4391851636883,32.635846995222551,1200,1200
2025-06-02,04:00-08:00,1719.7678757263234,5674.1245880009537,1200,1200
2025-06-02,08:00-12:00,5185.5125917094701,1605.2772843247326,1200,1200
2025-06-02,12:00-16:00,2977.1548954871964,782.28573848958581,1200,1200
2025-06-02,16:00-20:00,0,5829.4749261397137,1200,1200
2025-06-02,20:00-24:00,0,0,1200,1200
2025-06-03,00:00-04:00,7882.1647524375057,14.797211411325634,1200,1200
2025-06-03,04:00-08:00,1755.7828020877662,5570.8603166842549,1200,1200
2025-06-03,08:00-12:00,4204.6905984797049,2221.0799910698897,1200,1200
2025-06-03,12:00-16:00,4765.9172000565795,690.93245885114538,1200,1200
2025-06-03,16:00-20:00,6.1522100936315383,6338.9391151337622,1200,1200
2025-06-03,20:00-24:00,47.779300196595955,280.00526616456966,1200,1200
2025-06-04,00:00-04:00,8658.4320210215683,31.085835949060311,1200,1200
2025-06-04,04:00-08:00,1594.158966985096,5505.5467605989434,1200,1200
2025-06-04,08:00-12:00,4997.2183430257701,2124.8815333333332,1200,1200
2025-06-04,12:00-16:00,4016.0993239429008,710.07137871595796,1200,1200
2025-06-04,16:00-20:00,234.39313232965003,5936.2174214559946,1200,1200
2025-06-04,20:00-24:00,129.64055830880693,1592.4503698938827,1200,1200
2025-06-05,00:00-04:00,8979.3582880347276,28.295695882299583,1200,1200
2025-06-05,04:00-08:00,1727.1654720244144,5523.9536280169687,1200,1200
2025-06-05,08:00-12:00,5456.2931603052266,2830.1653499999993,1200,1200
2025-06-05,12:00-16:00,5675.268725885202,1065.9945703349599,1200,1200
2025-06-05,16:00-20:00,246.46428335627348,6039.2237450851453,1200,1200
2025-06-05,20:00-24:00,67.030712569358229,2455.147330842547,1200,1200
2025-06-06,00:00-04:00,1873.4302262959377,21.207769051530136,1200,1200
2025-06-06,04:00-08:00,1138.8797313869927,2025.5571999999997,1200,1200
2025-06-06,08:00-12:00,8222.7326499999999,0,1200,1200
2025-06-06,12:00-16:00,1958.4943911461173,8.088786427963349,1200,1200
2025-06-06,16:00-20:00,0,7039.7074494490353,1200,1200
2025-06-06,20:00-24:00,6.6249292217181619,1597.5699567925913,1200,1200
2025-06-07,00:00-04:00,1856.6907472388459,25.342732981394192,1200,1218.6795615483652
2025-06-07,04:00-08:00,1120.3732665888397,2004.604078816348,1200,1218.6795615483652
2025-06-07,08:00-12:00,6138.388383333333,0,1200,1218.6795615483652
2025-06-07,12:00-16:00,4057.3214445645917,0,1200,1218.6795615483652
2025-06-07,16:00-20:00,23.402621057682921,6173.1452443459493,1200,1218.6795615483652
2025-06-07,20:00-24:00,179.37929505323649,2614.2965023103666,1200,1218.6795615483652
2025-06-08,00:00-04:00,9348.6153692859134,0,1218.6795615483652,2598.0620099342332
2025-06-08,04:00-08:00,1852.1562482123761,3409.8788091319066,1218.6795615483652,2598.0620099342332
2025-06-08,08:00-12:00,4549.5811443186403,724.71853333333331,1218.6795615483652,2598.0620099342332
2025-06-08,12:00-16:00,706.41702153391952,572.19778744247265,1218.6795615483652,2598.0620099342332
2025-06-08,16:00-20:00,22.598525899362144,5318.280037591996,1218.6795615483652,2598.0620099342332
2025-06-08,20:00-24:00,809.16008297288045,2737.1886266537099,1218.6795615483652,2598.0620099342332
2025-06-09,00:00-04:00,7816.9958016711553,139.0782100235225,2598.0620099342332,2993.7024269967455
2025-06-09,04:00-08:00,1579.7223229068813,3960.4186543555156,2598.0620099342332,2993.7024269967455
2025-06-09,08:00-12:00,6351.8812957879782,2292.6109666666662,2598.0620099342332,2993.7024269967455
2025-06-09,12:00-16:00,2366.632170709981,899.48556666666673,2598.0620099342332,2993.7024269967455
2025-06-09,16:00-20:00,89.195134514898967,5511.5720429615503,2598.0620099342332,2993.7024269967455
2025-06-09,20:00-24:00,1333.9244960012306,2666.8226734594491,2598.0620099342332,2993.7024269967455
2025-06-10,00:00-04:00,7374.1071608537777,6.6546781458519613,2993.7024269967455,2500.995374438789
2025-06-10,04:00-08:00,1764.2017745929918,3637.8904617422545,2993.7024269967455,2500.995374438789
2025-06-10,08:00-12:00,6183.5645692158414,3020.4573737567125,2993.7024269967455,2500.995374438789
2025-06-10,12:00-16:00,2934.5252004497015,1100.7904584536168,2993.7024269967455,2500.995374438789
2025-06-10,16:00-20:00,36.545793473742378,5240.785929662492,2993.7024269967455,2500.995374438789
2025-06-10,20:00-24:00,752.2234690740263,2863.4434993459004,2993.7024269967455,2500.995374438789
2025-06-11,00:00-04:00,8220.6069305054407,0,2500.995374438789,2690.483103345799
2025-06-11,04:00-08:00,1071.0299740979672,4207.2868012988774,2500.995374438789,2690.483103345799
2025-06-11,08:00-12:00,5833.333333333333,4489.8349284247961,2500.995374438789,2690.483103345799
2025-06-11,12:00-16:00,6931.1461210675452,1699.2283580647131,2500.995374438789,2690.483103345799
2025-06-11,16:00-20:00,8.1338003831511472,5265.9126518469075,2500.995374438789,2690.483103345799
2025-06-11,20:00-24:00,839.55336111829149,2719.2791559580437,2500.995374438789,2690.483103345799
2025-06-12,00:00-04:00,7776.4626451469012,27.95166922575936,2690.483103345799,2732.2815168383518
2025-06-12,04:00-08:00,2170.8219547520948,3629.6827809252641,2690.483103345799,2732.2815168383518
2025-06-12,08:00-12:00,6014.9681807058605,2613.6345166666665,2690.483103345799,2732.2815168383518
2025-06-12,12:00-16:00,2788.7011303477911,1618.4384940651719,2690.483103345799,2732.2815168383518
2025-06-12,16:00-20:00,65.74765392898297,5284.8602807809912,2690.483103345799,2732.2815168383518
2025-06-12,20:00-24:00,789.98291113127527,2669.228111763302,2690.483103345799,2732.2815168383518
2025-06-13,00:00-04:00,3111.3162315816353,0,2732.2815168383518,2968.0766234487187
2025-06-13,04:00-08:00,1046.6580571120928,2069.8215467534355,2732.2815168383518,2968.0766234487187
2025-06-13,08:00-12:00,6567.9326666666657,13.859816666666726,2732.2815168383518,2968.0766234487187
2025-06-13,12:00-16:00,810.67082027612946,0,2732.2815168383518,2968.0766234487187
2025-06-13,16:00-20:00,2.9244463086150869,4930.0567015099787,2732.2815168383518,2968.0766234487187
2025-06-13,20:00-24:00,930.00039985493254,2874.3434627786469,2732.2815168383518,2968.0766234487187
2025-06-14,00:00-04:00,2567.1068688536388,10.548782341989863,2968.0766234487187,2601.4963044324809
2025-06-14,04:00-08:00,1342.7602849757272,1735.6549333333332,2968.0766234487187,2601.4963044324809
2025-06-14,08:00-12:00,6948.0769876169015,0,2968.0766234487187,2601.4963044324809
2025-06-14,12:00-16:00,0,0,2968.0766234487187,2601.4963044324809
2025-06-14,16:00-20:00,3.6320156920636588,4794.6981474792992,2968.0766234487187,2601.4963044324809
2025-06-14,20:00-24:00,673.4380465130198,3132.3819289175849,2968.0766234487187,2601.4963044324809
2025-06-15,00:00-04:00,7915.5091167605497,16.315965178403303,2601.4963044324809,2487.7891500913702
2025-06-15,04:00-08:00,1916.7856564206036,3255.5407315770831,2601.4963044324809,2487.7891500913702
2025-06-15,08:00-12:00,5328.5969730596753,3256.6940758976903,2601.4963044324809,2487.7891500913702
2025-06-15,12:00-16:00,3403.501697210821,1129.9545905318932,2601.4963044324809,2487.7891500913702
2025-06-15,16:00-20:00,0.9172955597617829,5176.2505332850114,2601.4963044324809,2487.7891500913702
2025-06-15,20:00-24:00,674.68611357009888,2851.9779930279392,2601.4963044324809,2487.7891500913702
2025-06-16,00:00-04:00,7954.9999038111191,0,2487.7891500913702,2716.5922154464251
2025-06-16,04:00-08:00,2240.7564361782183,3558.4351032643681,2487.7891500913702,2716.5922154464251
2025-06-16,08:00-12:00,5924.3323942193201,3299.5622480164902,2487.7891500913702,2716.5922154464251
2025-06-16,12:00-16:00,3197.4918074387033,1308.2531225357368,2487.7891500913702,2716.5922154464251
2025-06-16,16:00-20:00,0,5232.8194419445417,2487.7891500913702,2716.5922154464251
2025-06-16,20:00-24:00,769.08490239319622,2665.206335092164,2487.7891500913702,2716.5922154464251
2025-06-17,00:00-04:00,7854.3932915232454,3.8526823672726778,2716.5922154464251,2382.0080458016314
2025-06-17,04:00-08:00,2201.8177440596555,3391.3296706567207,2716.5922154464251,2382.0080458016314
2025-06-17,08:00-12:00,5312.2170231288628,2648.5507345441529,2716.5922154464251,2382.0080458016314
2025-06-17,12:00-16:00,4179.2279081118104,2514.8012394607308,2716.5922154464251,2382.0080458016314
2025-06-17,16:00-20:00,10.906016705272728,5329.5871297769918,2716.5922154464251,2382.0080458016314
2025-06-17,20:00-24:00,677.83672063950894,2804.4872462508124,2716.5922154464251,2382.0080458016314
2025-06-18,00:00-04:00,8301.0056555392202,3.471714918874568,2382.0080458016314,2724.5510758540186
2025-06-18,04:00-08:00,2072.5323467893177,3361.5115993280142,2382.0080458016314,2724.5510758540186
2025-06-18,08:00-12:00,5488.6224170526111,2294.3457204825309,2382.0080458016314,2724.5510758540186
2025-06-18,12:00-16:00,1299.1741763528544,665.15922903659259,2382.0080458016314,2724.5510758540186
2025-06-18,16:00-20:00,2.9312713750368857,5161.814039324554,2382.0080458016314,2724.5510758540186
2025-06-18,20:00-24:00,794.74161106486235,2752.2050271831467,2382.0080458016314,2724.5510758540186
2025-06-19,00:00-04:00,7727.7520966435313,0,2724.5510758540186,2509.9706027410034
2025-06-19,04:00-08:00,2512.840656313419,3640.3134426862348,2724.5510758540186,2509.9706027410034
2025-06-19,08:00-12:00,6066.9373791134794,2822.4633282684968,2724.5510758540186,2509.9706027410034
2025-06-19,12:00-16:00,1064.2461068616628,340.45795084887948,2724.5510758540186,2509.9706027410034
2025-06-19,16:00-20:00,9.7320642424710968,5386.0628667496276,2724.5510758540186,2509.9706027410034
2025-06-19,20:00-24:00,849.53661787883163,2770.9712233017262,2724.5510758540186,2509.9706027410034
2025-06-20,00:00-04:00,2796.7271869833935,10.354270197139954,2509.9706027410034,2883.1240555054119
2025-06-20,04:00-08:00,1668.4124343136307,1468.2704166666667,2509.9706027410034,2883.1240555054119
2025-06-20,08:00-12:00,6571.466729810265,0,2509.9706027410034,2883.1240555054119
2025-06-20,12:00-16:00,0,0,2509.9706027410034,2883.1240555054119
2025-06-20,16:00-20:00,122.02800171002387,4794.801623361609,2509.9706027410034,2883.1240555054119
2025-06-20,20:00-24:00,555.24182868542562,2878.9752893038362,2509.9706027410034,2883.1240555054119
2025-06-21,00:00-04:00,1796.6803979096803,27.969974811610996,2883.1240555054119,3514.8920738719494
2025-06-21,04:00-08:00,1310.9749981451596,1735.3492636562928,2883.1240555054119,3514.8920738719494
2025-06-21,08:00-12:00,7865.8107626032215,0,2883.1240555054119,3514.8920738719494
2025-06-21,12:00-16:00,0,0,2883.1240555054119,3514.8920738719494
2025-06-21,16:00-20:00,130.15298572972699,4860.7854517744108,2883.1240555054119,3514.8920738719494
2025-06-21,20:00-24:00,964.76956191525392,2582.6989453332671,2883.1240555054119,3514.8920738719494
2025-06-22,00:00-04:00,7036.9831066096885,7.7897797800385433,3514.8920738719494,2332.4198958552729
2025-06-22,04:00-08:00,1863.6209169497934,3081.2915516587977,3514.8920738719494,2332.4198958552729
2025-06-22,08:00-12:00,5001.5741372049451,1615.0858452651028,3514.8920738719494,2332.4198958552729
2025-06-22,12:00-16:00,1599.8249594055658,1295.8582171185099,3514.8920738719494,2332.4198958552729
2025-06-22,16:00-20:00,0,5438.7071652108898,3514.8920738719494,2332.4198958552729
2025-06-22,20:00-24:00,720.96389382004782,2766.0956825136032,3514.8920738719494,2332.4198958552729
2025-06-23,00:00-04:00,8292.6480667256146,64.833304783856875,2332.4198958552729,2470.4398252304318
2025-06-23,04:00-08:00,1676.5087023050219,3269.2422698843297,2332.4198958552729,2470.4398252304318
2025-06-23,08:00-12:00,6286.4503552534006,2274.6402740265421,2332.4198958552729,2470.4398252304318
2025-06-23,12:00-16:00,1856.426798507968,1441.2095350365466,2332.4198958552729,2470.4398252304318
2025-06-23,16:00-20:00,22.885490367384349,5213.405014845901,2332.4198958552729,2470.4398252304318
2025-06-23,20:00-24:00,687.36305834313498,2858.5004669022323,2332.4198958552729,2470.4398252304318
2025-06-24,00:00-04:00,7867.8503295776954,1.3002463905973167,2470.4398252304318,2578.222284647316
2025-06-24,04:00-08:00,1431.9382967973461,4107.4447218085897,2470.4398252304318,2578.222284647316
2025-06-24,08:00-12:00,4560.2073714185462,4567.479661871982,2470.4398252304318,2578.222284647316
2025-06-24,12:00-16:00,7493.7001145696941,1266.1267008676373,2470.4398252304318,2578.222284647316
2025-06-24,16:00-20:00,175.87856446563822,5170.2572673508448,2470.4398252304318,2578.222284647316
2025-06-24,20:00-24:00,720.3036709012099,2812.7886498965499,2470.4398252304318,2578.222284647316
2025-06-25,00:00-04:00,7935.7182711921732,3.2841563089976944,2578.222284647316,2637.5722637166505
2025-06-25,04:00-08:00,2170.6872537906384,3407.8298773198844,2578.222284647316,2637.5722637166505
2025-06-25,08:00-12:00,4591.567138174003,3171.2546333246328,2578.222284647316,2637.5722637166505
2025-06-25,12:00-16:00,4067.5418023059483,1218.0981062538985,2578.222284647316,2637.5722637166505
2025-06-25,16:00-20:00,2.4504639981488352,5079.173352970216,2578.222284647316,2637.5722637166505
2025-06-25,20:00-24:00,780.23133946701296,2900.9838704915792,2578.222284647316,2637.5722637166505
2025-06-26,00:00-04:00,7867.8192662000256,0,2637.5722637166505,2450.0040865148799
2025-06-26,04:00-08:00,2074.3196476202088,3366.2517459132723,2637.5722637166505,2450.0040865148799
2025-06-26,08:00-12:00,5564.4862765221424,3416.9859358940498,2637.5722637166505,2450.0040865148799
2025-06-26,12:00-16:00,2435.7633688043802,403.91208844654079,2637.5722637166505,2450.0040865148799
2025-06-26,16:00-20:00,5.1535521428518729,5281.8583254575515,2637.5722637166505,2450.0040865148799
2025-06-26,20:00-24:00,696.02399813539864,2801.0918124044392,2637.5722637166505,2450.0040865148799
2025-06-27,00:00-04:00,2009.4058195136711,8.7034084074398379,2450.0040865148799,3107.4216311733344
2025-06-27,04:00-08:00,1254.6163896299745,1699.0949444474318,2450.0040865148799,3107.4216311733344
2025-06-27,08:00-12:00,8122.1440562779335,0,2450.0040865148799,3107.4216311733344
2025-06-27,12:00-16:00,0,0,2450.0040865148799,3107.4216311733344
2025-06-27,16:00-20:00,108.41596896976637,5073.8207435755958,2450.0040865148799,3107.4216311733344
2025-06-27,20:00-24:00,1002.9680920826165,2749.7208778208324,2450.0040865148799,3107.4216311733344
2025-06-28,00:00-04:00,1457.4501370208518,63.99297364058242,3107.4216311733344,2897.2353038421179
2025-06-28,04:00-08:00,1014.0461934071375,1799.6453978189752,3107.4216311733344,2897.2353038421179
2025-06-28,08:00-12:00,8376.6010811813394,0,3107.4216311733344,2897.2353038421179
2025-06-28,12:00-16:00,0,0,3107.4216311733344,2897.2353038421179
2025-06-28,16:00-20:00,141.89464528175569,4916.5809181004724,3107.4216311733344,2897.2353038421179
2025-06-28,20:00-24:00,755.9586824422363,2923.1685038980536,3107.4216311733344,2897.2353038421179
2025-06-29,00:00-04:00,7455.7055165381935,22.942762067753733,2897.2353038421179,2439.2414728439826
2025-06-29,04:00-08:00,2147.334771273262,3127.4846255075936,2897.2353038421179,2439.2414728439826
2025-06-29,08:00-12:00,5607.5760130052859,3133.8360232189925,2897.2353038421179,2439.2414728439826
2025-06-29,12:00-16:00,1707.4764457646891,306.90348739452969,2897.2353038421179,2439.2414728439826
2025-06-29,16:00-20:00,92.816360179331923,5294.2738994512702,2897.2353038421179,2439.2414728439826
2025-06-29,20:00-24:00,718.86131894251901,2887.8676950778472,2897.2353038421179,2439.2414728439826
2025-06-30,00:00-04:00,7981.6305988972617,7.0402383265014805,2439.2414728439826,2402.2971234505849
2025-06-30,04:00-08:00,2246.0589412458662,3992.6747992094161,2439.2414728439826,2402.2971234505849
2025-06-30,08:00-12:00,5313.5780797752104,3212.5016999999998,2439.2414728439826,2402.2971234505849
2025-06-30,12:00-16:00,3402.8513043322728,607.83691666666675,2439.2414728439826,2402.2971234505849
2025-06-30,16:00-20:00,31.353291161645352,5339.5209328307392,2439.2414728439826,2402.2971234505849
2025-06-30,20:00-24:00,614.37592258183736,2741.4523191959538,2439.2414728439826,2402.2971234505849
2025-07-01,00:00-04:00,6263.2842354127361,473.0901593884937,2402.2971234505849,1200
2025-07-01,04:00-08:00,2471.8807699793347,3735.9904384784104,2402.2971234505849,1200
2025-07-01,08:00-12:00,5765.0731194998216,3427.2513500000005,2402.2971234505849,1200
2025-07-01,12:00-16:00,5326.8436694637157,865.67171666666673,2402.2971234505849,1200
2025-07-01,16:00-20:00,28.454574153523328,6447.0323622402375,2402.2971234505849,1200
2025-07-01,20:00-24:00,0,2216.015842824117,2402.2971234505849,1200
2025-07-02,00:00-04:00,6792.7779697144924,80.810791366642889,1200,1200
2025-07-02,04:00-08:00,2728.0148341476397,3285.7024140581407,1200,1200
2025-07-02,08:00-12:00,6029.9851708678634,1917.6623558033771,1200,1200
2025-07-02,12:00-16:00,1799.3504059820525,175.66460723849798,1200,1200
2025-07-02,16:00-20:00,193.60735613771237,6192.7757874467416,1200,1200
2025-07-02,20:00-24:00,0,2557.8099909349112,1200,1200
2025-07-03,00:00-04:00,8521.6347522388369,283.31021251784421,1200,1200
2025-07-03,04:00-08:00,2747.0903645671215,3704.0761685008883,1200,1200
2025-07-03,08:00-12:00,5911.1347046225774,3138.3924999999999,1200,1200
2025-07-03,12:00-16:00,3803.2498359474066,1230.5399414557769,1200,1200
2025-07-03,16:00-20:00,10.0600710179408,5754.9266909175958,1200,1200
2025-07-03,20:00-24:00,0,2893.2219666069354,1200,1200
2025-07-04,00:00-04:00,1231.6917331445684,821.35406368010752,1200,1200
2025-07-04,04:00-08:00,815.40590725779293,783.48334757004829,1200,1200
2025-07-04,08:00-12:00,7918.5738451896905,0,1200,1200
2025-07-04,12:00-16:00,2682.2759357044388,76.001541846774202,1200,1200
2025-07-04,16:00-20:00,72.746748226110157,6913.7623651363965,1200,1200
2025-07-04,20:00-24:00,0,1709.1609590799835,1200,1200
2025-07-05,00:00-04:00,1031.4667509323081,583.60365849926905,1200,1200
2025-07-05,04:00-08:00,781.39951660988697,861.94733086874419,1200,1200
2025-07-05,08:00-12:00,6620.0765128240728,0,1200,1200
2025-07-05,12:00-16:00,4018.3547373720194,140.79485485598099,1200,1200
2025-07-05,16:00-20:00,5.4152366266717991,6766.4593548867388,1200,1200
2025-07-05,20:00-24:00,9.6891513397995368,1744.9803445101263,1200,1200
2025-07-06,00:00-04:00,6908.9839739922554,27.200106956667931,1200,1200
2025-07-06,04:00-08:00,1683.8536762926572,5460.2255403927247,1200,1200
2025-07-06,08:00-12:00,5125.3763750490198,1482.8830148699515,1200,1200
2025-07-06,12:00-16:00,3397.8790828870387,1944.9279933679411,1200,1200
2025-07-06,16:00-20:00,9.4629814248639832,4956.4637770258441,1200,1200
2025-07-06,20:00-24:00,0,0,1200,1200
2025-07-07,00:00-04:00,8490.4755636884529,163.68465467332777,1200,2622.6192726554609
2025-07-07,04:00-08:00,1851.0055605684322,4314.126332513918,1200,2622.6192726554609
2025-07-07,08:00-12:00,5316.1892941404767,1879.4262584608152,1200,2622.6192726554609
2025-07-07,12:00-16:00,3055.9305751074935,160.77955909087291,1200,2622.6192726554609
2025-07-07,16:00-20:00,68.576351620269747,4978.3324995598732,1200,2622.6192726554609
2025-07-07,20:00-24:00,322.99778098297577,2698.4852024588445,1200,2622.6192726554609
2025-07-08,00:00-04:00,8260.0117417425827,2.5343170599407232,2622.6192726554609,3747.4508492812747
2025-07-08,04:00-08:00,886.35024051143159,4628.3376662953679,2622.6192726554609,3747.4508492812747
2025-07-08,08:00-12:00,5626.4392403351585,2394.7961277890604,2622.6192726554609,3747.4508492812747
2025-07-08,12:00-16:00,3914.543427932977,842.56892522661633,2622.6192726554609,3747.4508492812747
2025-07-08,16:00-20:00,228.38208172912189,4627.0529662778172,2622.6192726554609,3747.4508492812747
2025-07-08,20:00-24:00,631.84282715406982,2325.8929215062981,2622.6192726554609,3747.4508492812747
2025-07-09,00:00-04:00,7614.2874144366488,0,3747.4508492812747,3716.9029415999207
2025-07-09,04:00-08:00,383.99109445753288,4954.6538264465362,3747.4508492812747,3716.9029415999207
2025-07-09,08:00-12:00,5256.315566610001,1796.8721741863471,3747.4508492812747,3716.9029415999207
2025-07-09,12:00-16:00,3819.8123184827123,731.44894284964585,3747.4508492812747,3716.9029415999207
2025-07-09,16:00-20:00,59.854278413969979,4606.6354845490296,3747.4508492812747,3716.9029415999207
2025-07-09,20:00-24:00,613.68097650507571,2313.7154244954663,3747.4508492812747,3716.9029415999207
2025-07-10,00:00-04:00,7435.702435362211,0,3716.9029415999207,3447.2607604232376
2025-07-10,04:00-08:00,453.00752681826702,4922.0434162225101,3716.9029415999207,3447.2607604232376
2025-07-10,08:00-12:00,6144.7307004954046,2160.0551378626878,3716.9029415999207,3447.2607604232376
2025-07-10,12:00-16:00,3171.5957363110974,568.98769284492846,3716.9029415999207,3447.2607604232376
2025-07-10,16:00-20:00,149.13646610402333,4797.7763400434687,3716.9029415999207,3447.2607604232376
2025-07-10,20:00-24:00,574.79596366053204,2316.2801273741593,3716.9029415999207,3447.2607604232376
2025-07-11,00:00-04:00,1292.4992019513761,51.022552644387474,3447.2607604232376,3093.7967754963065
2025-07-11,04:00-08:00,935.76136211612561,2856.4417187629369,3447.2607604232376,3093.7967754963065
2025-07-11,08:00-12:00,3250.1797087641035,0,3447.2607604232376,3093.7967754963065
2025-07-11,12:00-16:00,6280.7320568306295,0,3447.2607604232376,3093.7967754963065
2025-07-11,16:00-20:00,0,4965.8395011559751,3447.2607604232376,3093.7967754963065
2025-07-11,20:00-24:00,688.63821223673222,2527.5403528091028,3447.2607604232376,3093.7967754963065
2025-07-12,00:00-04:00,1270.2439305584053,43.319215408434388,3093.7967754963065,2632.4471920401861
2025-07-12,04:00-08:00,1072.5365459196789,2207.6538948145944,3093.7967754963065,2632.4471920401861
2025-07-12,08:00-12:00,3953.022899377901,0,3093.7967754963065,2632.4471920401861
2025-07-12,12:00-16:00,5144.0002690763595,108.97657907559399,3093.7967754963065,2632.4471920401861
2025-07-12,16:00-20:00,158.3119366216844,5064.9214463734825,3093.7967754963065,2632.4471920401861
2025-07-12,20:00-24:00,564.30304093292511,2841.9025736528365,3093.7967754963065,2632.4471920401861
2025-07-13,00:00-04:00,8297.8726202645794,0,2632.4471920401861,3453.9598219829695
2025-07-13,04:00-08:00,867.74356110546614,4879.4928241977796,2632.4471920401861,3453.9598219829695
2025-07-13,08:00-12:00,5281.0161491115841,1834.7477795850898,2632.4471920401861,3453.9598219829695
2025-07-13,12:00-16:00,3363.2288515997388,371.39263657183596,2632.4471920401861,3453.9598219829695
2025-07-13,16:00-20:00,69.733590370467738,4814.71924029416,2632.4471920401861,3453.9598219829695
2025-07-13,20:00-24:00,619.41045011679182,2344.4803826832185,2632.4471920401861,3453.9598219829695
2025-07-14,00:00-04:00,7412.5233272718815,0,3453.9598219829695,3286.1743035580989
2025-07-14,04:00-08:00,902.03018650317995,4776.5197096880702,3453.9598219829695,3286.1743035580989
2025-07-14,08:00-12:00,4348.0034458763612,1582.4072787665182,3453.9598219829695,3286.1743035580989
2025-07-14,12:00-16:00,3459.6365912456722,88.613627556738251,3453.9598219829695,3286.1743035580989
2025-07-14,16:00-20:00,104.59020844157301,4916.4835168349273,3453.9598219829695,3286.1743035580989
2025-07-14,20:00-24:00,669.45751849270994,2472.9382687795523,3453.9598219829695,3286.1743035580989
2025-07-15,00:00-04:00,7933.5998707024282,0,3286.1743035580989,3719.7223789831974
2025-07-15,04:00-08:00,805.33706156302264,4686.3630351574011,3286.1743035580989,3719.7223789831974
2025-07-15,08:00-12:00,5679.1720283302375,1158.3627126413951,3286.1743035580989,3719.7223789831974
2025-07-15,12:00-16:00,1549.0813460531715,326.25527378907577,3286.1743035580989,3719.7223789831974
2025-07-15,16:00-20:00,0,4664.504298877222,3286.1743035580989,3719.7223789831974
2025-07-15,20:00-24:00,620.6849881101956,2210.5004004071588,3286.1743035580989,3719.7223789831974
2025-07-16,00:00-04:00,7866.975134463115,0,3719.7223789831974,3360.7244338778246
2025-07-16,04:00-08:00,169.55321527317267,4997.047860004086,3719.7223789831974,3360.7244338778246
2025-07-16,08:00-12:00,6152.6701141719223,1192.1340650190639,3719.7223789831974,3360.7244338778246
2025-07-16,12:00-16:00,1573.2072380202983,206.1168346238193,3719.7223789831974,3360.7244338778246
2025-07-16,16:00-20:00,27.382987943448015,4647.4854767135039,3719.7223789831974,3360.7244338778246
2025-07-16,20:00-24:00,559.12852679778052,2522.9368597368502,3719.7223789831974,3360.7244338778246
2025-07-17,00:00-04:00,7874.5554882251454,0,3360.7244338778246,3224.8283127848563
2025-07-17,04:00-08:00,583.68423807870511,4894.9999111247562,3360.7244338778246,3224.8283127848563
2025-07-17,08:00-12:00,5741.3241343015206,2361.8486752224781,3360.7244338778246,3224.8283127848563
2025-07-17,12:00-16:00,3661.7482624856093,515.46622384650095,3360.7244338778246,3224.8283127848563
2025-07-17,16:00-20:00,72.062894814553346,4667.3143996952567,3360.7244338778246,3224.8283127848563
2025-07-17,20:00-24:00,449.50749371500342,2572.8121335073124,3360.7244338778246,3224.8283127848563
2025-07-18,00:00-04:00,1415.6274739247006,0,3224.8283127848563,2778.7988272717398
2025-07-18,04:00-08:00,987.04248358912605,2006.7020855815845,3224.8283127848563,2778.7988272717398
2025-07-18,08:00-12:00,2856.4651061670857,0,3224.8283127848563,2778.7988272717398
2025-07-18,12:00-16:00,5635.1323487576283,143.44198169326211,3224.8283127848563,2778.7988272717398
2025-07-18,16:00-20:00,201.51879492210929,4880.3899421936449,3224.8283127848563,2778.7988272717398
2025-07-18,20:00-24:00,564.21558207297642,2815.4939769345442,3224.8283127848563,2778.7988272717398
2025-07-19,00:00-04:00,1293.2477141346149,29.780805546706347,2778.7988272717398,2539.4183901082374
2025-07-19,04:00-08:00,961.48321767640641,1774.6708211014138,2778.7988272717398,2539.4183901082374
2025-07-19,08:00-12:00,3722.6986694840284,0,2778.7988272717398,2539.4183901082374
2025-07-19,12:00-16:00,5162.7342037710678,0,2778.7988272717398,2539.4183901082374
2025-07-19,16:00-20:00,90.059107547815074,4997.54922711373,2778.7988272717398,2539.4183901082374
2025-07-19,20:00-24:00,595.09352630060198,2991.9478552060741,2778.7988272717398,2539.4183901082374
2025-07-20,00:00-04:00,7993.0950949408461,15.378961919380275,2539.4183901082374,3649.0559251405375
2025-07-20,04:00-08:00,1204.3152887899746,5314.5368257729424,2539.4183901082374,3649.0559251405375
2025-07-20,08:00-12:00,4067.8227070540675,1586.839800053207,2539.4183901082374,3649.0559251405375
2025-07-20,12:00-16:00,4821.9715643344553,299.3567339985575,2539.4183901082374,3649.0559251405375
2025-07-20,16:00-20:00,0,4450.4675355716117,2539.4183901082374,3649.0559251405375
2025-07-20,20:00-24:00,575.13445656739009,2451.2410416214925,2539.4183901082374,3649.0559251405375
2025-07-21,00:00-04:00,7429.4939828338165,0,3649.0559251405375,3764.5644252364741
2025-07-21,04:00-08:00,520.9571003562196,5254.4917434285398,3649.0559251405375,3764.5644252364741
2025-07-21,08:00-12:00,5754.3686024348008,1970.7565017648808,3649.0559251405375,3764.5644252364741
2025-07-21,12:00-16:00,3596.3301440817195,352.83344949537326,3649.0559251405375,3764.5644252364741
2025-07-21,16:00-20:00,1.8269404601637182,4500.0113001334985,3649.0559251405375,3764.5644252364741
2025-07-21,20:00-24:00,564.1804467233635,2290.3467007723334,3649.0559251405375,3764.5644252364741
2025-07-22,00:00-04:00,6755.3450415368607,4.5870252329086725,3764.5644252364741,3253.1912945152903
2025-07-22,04:00-08:00,1118.9956595915296,5405.0049158439742,3764.5644252364741,3253.1912945152903
2025-07-22,08:00-12:00,4933.614853377745,1477.6564952399544,3764.5644252364741,3253.1912945152903
2025-07-22,12:00-16:00,4570.8052544836164,857.65580167768712,3764.5644252364741,3253.1912945152903
2025-07-22,16:00-20:00,59.825358096503706,4815.5534321072064,3764.5644252364741,3253.1912945152903
2025-07-22,20:00-24:00,581.5259226454807,2496.0689402300404,3764.5644252364741,3253.1912945152903
2025-07-23,00:00-04:00,7755.1980010726547,0,3253.1912945152903,3428.8474640711738
2025-07-23,04:00-08:00,671.09813141268421,5335.4736066638188,3253.1912945152903,3428.8474640711738
2025-07-23,08:00-12:00,4984.4908459402795,1919.7591414482958,3253.1912945152903,3428.8474640711738
2025-07-23,12:00-16:00,4760.8953472024996,866.76686718528185,3253.1912945152903,3428.8474640711738
2025-07-23,16:00-20:00,268.02293087846033,4753.1970013754826,3253.1912945152903,3428.8474640711738
2025-07-23,20:00-24:00,601.95278802393341,2390.4558467965435,3253.1912945152903,3428.8474640711738
2025-07-24,00:00-04:00,7490.9101272038652,65.950670470261571,3428.8474640711738,3645.1111297679045
2025-07-24,04:00-08:00,989.69818861083047,4584.9992291998315,3428.8474640711738,3645.1111297679045
2025-07-24,08:00-12:00,5803.8018963605855,1065.0604177966645,3428.8474640711738,3645.1111297679045
2025-07-24,12:00-16:00,1864.8212327709978,940.26841180920837,3428.8474640711738,3645.1111297679045
2025-07-24,16:00-20:00,345.06568862044247,4692.7884781800667,3428.8474640711738,3645.1111297679045
2025-07-24,20:00-24:00,554.02643537324161,2265.4375842582822,3428.8474640711738,3645.1111297679045
2025-07-25,00:00-04:00,1106.4491837550033,77.029827611009978,3645.1111297679045,2824.3705270389332
2025-07-25,04:00-08:00,551.31355090117211,2110.1633194770138,3645.1111297679045,2824.3705270389332
2025-07-25,08:00-12:00,4335.0593154719772,0,3645.1111297679045,2824.3705270389332
2025-07-25,12:00-16:00,4657.2929255470444,0,3645.1111297679045,2824.3705270389332
2025-07-25,16:00-20:00,7.7412325175997445,4809.8656746934394,3645.1111297679045,2824.3705270389332
2025-07-25,20:00-24:00,610.96427445235645,2869.3523116171827,3645.1111297679045,2824.3705270389332
2025-07-26,00:00-04:00,1117.5793030312493,84.497841697182594,2824.3705270389332,2635.5960766554899
2025-07-26,04:00-08:00,1070.8247377540654,2097.0815047110036,2824.3705270389332,2635.5960766554899
2025-07-26,08:00-12:00,3517.9986935774068,0,2824.3705270389332,2635.5960766554899
2025-07-26,12:00-16:00,5848.7156262214121,1.1685964620642153,2824.3705270389332,2635.5960766554899
2025-07-26,16:00-20:00,1.4427116815608718,4880.9130499999992,2824.3705270389332,2635.5960766554899
2025-07-26,20:00-24:00,535.65940997238511,2900.9346030876923,2824.3705270389332,2635.5960766554899
2025-07-27,00:00-04:00,8007.7437613383918,0,2635.5960766554899,3461.3112524034268
2025-07-27,04:00-08:00,1068.4742767392827,5974.1045439760637,2635.5960766554899,3461.3112524034268
2025-07-27,08:00-12:00,5933.3273558312203,2375.9438328936008,2635.5960766554899,3461.3112524034268
2025-07-27,12:00-16:00,5232.8076006924175,698.29401774733924,2635.5960766554899,3461.3112524034268
2025-07-27,16:00-20:00,0,4691.3569628641071,2635.5960766554899,3461.3112524034268
2025-07-27,20:00-24:00,543.769913416799,2353.9165398404148,2635.5960766554899,3461.3112524034268
2025-07-28,00:00-04:00,7609.6906863979657,71.332701790290457,3461.3112524034268,1525.2742259224485
2025-07-28,04:00-08:00,687.95370919144648,5066.7033850251446,3461.3112524034268,1525.2742259224485
2025-07-28,08:00-12:00,4057.109423486681,2718.9969000887309,3461.3112524034268,1525.2742259224485
2025-07-28,12:00-16:00,3758.1010052790125,652.53378863191188,3461.3112524034268,1525.2742259224485
2025-07-28,16:00-20:00,608.69880186484454,4560.9984430353152,3461.3112524034268,1525.2742259224485
2025-07-28,20:00-24:00,368.96814127373091,2515.1907369313662,3461.3112524034268,1525.2742259224485
2025-07-29,00:00-04:00,8334.2476724594835,6.5287459558267074,1525.2742259224485,3056.0463906973405
2025-07-29,04:00-08:00,2063.3669767936685,4625.6011592835785,1525.2742259224485,3056.0463906973405
2025-07-29,08:00-12:00,3515.5848488066499,2735.7884285608288,1525.2742259224485,3056.0463906973405
2025-07-29,12:00-16:00,5117.6914878782936,743.08173333333343,1525.2742259224485,3056.0463906973405
2025-07-29,16:00-20:00,1195.4316996247348,4893.083818044408,1525.2742259224485,3056.0463906973405
2025-07-29,20:00-24:00,634.0243702948967,2515.1022817693829,1525.2742259224485,3056.0463906973405
2025-07-30,00:00-04:00,7269.2042556060114,43.568941439639843,3056.0463906973405,3085.3679147995167
2025-07-30,04:00-08:00,1428.5570661553452,4775.3349308034794,3056.0463906973405,3085.3679147995167
2025-07-30,08:00-12:00,5054.7273481252787,2621.241190926422,3056.0463906973405,3085.3679147995167
2025-07-30,12:00-16:00,4453.8429905607391,391.23015889621831,3056.0463906973405,3085.3679147995167
2025-07-30,16:00-20:00,69.965206329330769,4833.9598992197425,3056.0463906973405,3085.3679147995167
2025-07-30,20:00-24:00,593.8679303564204,2593.1089927003709,3056.0463906973405,3085.3679147995167
2025-07-31,00:00-04:00,7431.8069318137095,0,3085.3679147995167,2187.3389141529528
2025-07-31,04:00-08:00,1429.8410071826272,4097.7801623855194,3085.3679147995167,2187.3389141529528
2025-07-31,08:00-12:00,5695.088465099514,2573.606814104719,3085.3679147995167,2187.3389141529528
2025-07-31,12:00-16:00,3373.9688849756458,909.31543097724114,3085.3679147995167,2187.3389141529528
2025-07-31,16:00-20:00,74.404743922049761,5417.9305743283758,3085.3679147995167,2187.3389141529528
2025-07-31,20:00-24:00,461.45208638732032,2767.5084354845544,3085.3679147995167,2187.3389141529528
2025-08-01,00:00-04:00,1068.0611171713626,312.53633104204783,2187.3389141529528,1727.9762395684672
2025-08-01,04:00-08:00,1135.2196684677972,1574.954290907333,2187.3389141529528,1727.9762395684672
2025-08-01,08:00-12:00,4556.8505514799726,0,2187.3389141529528,1727.9762395684672
2025-08-01,12:00-16:00,5139.7274273397852,0,2187.3389141529528,1727.9762395684672
2025-08-01,16:00-20:00,62.906967678771188,5456.420953532951,2187.3389141529528,1727.9762395684672
2025-08-01,20:00-24:00,471.7896056266228,3141.5046552327985,2187.3389141529528,1727.9762395684672
2025-08-02,00:00-04:00,1446.0769262342144,67.645309427368375,1727.9762395684672,1748.6858631944974
2025-08-02,04:00-08:00,1245.005816774325,1787.1192828467799,1727.9762395684672,1748.6858631944974
2025-08-02,08:00-12:00,4656.4483092967621,0,1727.9762395684672,1748.6858631944974
2025-08-02,12:00-16:00,5022.3281781422638,68.108916666666715,1727.9762395684672,1748.6858631944974
2025-08-02,16:00-20:00,145.0273634151967,5583.9101460208458,1727.9762395684672,1748.6858631944974
2025-08-02,20:00-24:00,514.88756146679418,3028.6947495918544,1727.9762395684672,1748.6858631944974
2025-08-03,00:00-04:00,8350.0202244124011,13.928846591292086,1748.6858631944974,1302.2460736218122
2025-08-03,04:00-08:00,1876.9021030994552,4798.8590951177248,1748.6858631944974,1302.2460736218122
2025-08-03,08:00-12:00,6802.7555318058303,835.06840121335881,1748.6858631944974,1302.2460736218122
2025-08-03,12:00-16:00,0,0,1748.6858631944974,1302.2460736218122
2025-08-03,16:00-20:00,26.971558731183677,5761.8266502680381,1748.6858631944974,1302.2460736218122
2025-08-03,20:00-24:00,171.87915507698369,2947.2209616569467,1748.6858631944974,1302.2460736218122
2025-08-04,00:00-04:00,8696.1464129129454,2.7689743134674245,1302.2460736218122,1832.8145562813056
2025-08-04,04:00-08:00,1995.4551697219326,5157.5127626265894,1302.2460736218122,1832.8145562813056
2025-08-04,08:00-12:00,6588.6921652018591,940.37566666666669,1302.2460736218122,1832.8145562813056
2025-08-04,12:00-16:00,811.90417892921482,6.0443833333333714,1302.2460736218122,1832.8145562813056
2025-08-04,16:00-20:00,40.307745407671291,5458.4009922647483,1302.2460736218122,1832.8145562813056
2025-08-04,20:00-24:00,374.45731205727077,2948.0256036286773,1302.2460736218122,1832.8145562813056
2025-08-05,00:00-04:00,7963.5110272430948,10.363159805954638,1832.8145562813056,1881.7926483620911
2025-08-05,04:00-08:00,2014.0367002958508,5195.5894841122645,1832.8145562813056,1881.7926483620911
2025-08-05,08:00-12:00,5116.675945461333,1338.1039833333332,1832.8145562813056,1881.7926483620911
2025-08-05,12:00-16:00,2992.6670594257021,35.85796666666662,1832.8145562813056,1881.7926483620911
2025-08-05,16:00-20:00,34.782310605784488,5350.3522807049594,1832.8145562813056,1881.7926483620911
2025-08-05,20:00-24:00,287.92720539262473,2937.4290437278701,1832.8145562813056,1881.7926483620911
2025-08-06,00:00-04:00,7979.0510925904291,109.57850298448443,1881.7926483620911,1200
2025-08-06,04:00-08:00,1828.0452396238707,4917.1677379427092,1881.7926483620911,1200
2025-08-06,08:00-12:00,5045.9589283205833,1218.9787333333334,1881.7926483620911,1200
2025-08-06,12:00-16:00,2766.8355922239298,1040.6461622834588,1881.7926483620911,1200
2025-08-06,16:00-20:00,228.62781101325561,5461.3291537161203,1881.7926483620911,1200
2025-08-06,20:00-24:00,276.70782738986316,2547.3465511069448,1881.7926483620911,1200
2025-08-07,00:00-04:00,8427.0559699659243,80.236267316759381,1200,1883.769115770624
2025-08-07,04:00-08:00,1858.7355202475767,5977.1964779409409,1200,1883.769115770624
2025-08-07,08:00-12:00,5387.6874964441358,1111.0658000000001,1200,1883.769115770624
2025-08-07,12:00-16:00,3867.8724889691507,29.419544629648556,1200,1883.769115770624
2025-08-07,16:00-20:00,80.075247262523661,5526.9506927512211,1200,1883.769115770624
2025-08-07,20:00-24:00,398.44874460303834,2875.8381418366748,1200,1883.769115770624
2025-08-08,00:00-04:00,1286.0633216493482,67.160674188658618,1883.769115770624,1495.2435658839427
2025-08-08,04:00-08:00,1380.0192164418002,2156.3938833333332,1883.769115770624,1495.2435658839427
2025-08-08,08:00-12:00,519.23505061868627,0,1883.769115770624,1495.2435658839427
2025-08-08,12:00-16:00,9466.7346993499541,0,1883.769115770624,1495.2435658839427
2025-08-08,16:00-20:00,167.48043536681027,5690.0503788336409,1883.769115770624,1495.2435658839427
2025-08-08,20:00-24:00,324.74782928258526,3082.9353062368255,1883.769115770624,1495.2435658839427
2025-08-09,00:00-04:00,1322.4174722662829,44.220111260927183,1495.2435658839427,1201.6187536983255
2025-08-09,04:00-08:00,1143.2294184651946,2136.5155110740716,1495.2435658839427,1201.6187536983255
2025-08-09,08:00-12:00,75.610753306742069,0,1495.2435658839427,1201.6187536983255
2025-08-09,12:00-16:00,10489.626816504311,0,1495.2435658839427,1201.6187536983255
2025-08-09,16:00-20:00,21.314746658507431,5747.3447210474851,1495.2435658839427,1201.6187536983255
2025-08-09,20:00-24:00,199.74064432246871,3070.2532673186142,1495.2435658839427,1201.6187536983255
2025-08-10,00:00-04:00,8572.8027195006525,18.463329388620423,1201.6187536983255,1290.7056784969245
2025-08-10,04:00-08:00,1806.2481142683446,5490.0788570807235,1201.6187536983255,1290.7056784969245
2025-08-10,08:00-12:00,4839.040516666666,1090.8280000000002,1201.6187536983255,1290.7056784969245
2025-08-10,12:00-16:00,2920.2250370983347,101.82671482788516,1201.6187536983255,1290.7056784969245
2025-08-10,16:00-20:00,195.3921568556367,5670.21347512997,1201.6187536983255,1290.7056784969245
2025-08-10,20:00-24:00,455.13631792498518,2767.3757297289039,1201.6187536983255,1290.7056784969245
2025-08-11,00:00-04:00,8374.7120102734134,134.41346355949588,1290.7056784969245,1563.4663590311254
2025-08-11,04:00-08:00,1839.1376563547183,5678.1490310898662,1290.7056784969245,1563.4663590311254
2025-08-11,08:00-12:00,4605.6779672400826,1568.4127632339928,1290.7056784969245,1563.4663590311254
2025-08-11,12:00-16:00,4972.1007299932735,91.878827491681605,1290.7056784969245,1563.4663590311254
2025-08-11,16:00-20:00,106.61309207575917,5672.5508547030313,1290.7056784969245,1563.4663590311254
2025-08-11,20:00-24:00,262.40348137288174,2939.2328466623549,1290.7056784969245,1563.4663590311254
2025-08-12,00:00-04:00,8210.1774039433694,180.40597252140208,1563.4663590311254,1366.2755452839463
2025-08-12,04:00-08:00,1802.0233221732269,5170.2646193621968,1563.4663590311254,1366.2755452839463
2025-08-12,08:00-12:00,2858.5963166666661,949.41016666666678,1563.4663590311254,1366.2755452839463
2025-08-12,12:00-16:00,3835.2523268626583,604.01481026914234,1563.4663590311254,1366.2755452839463
2025-08-12,16:00-20:00,58.833307918334754,6065.6652099981875,1563.4663590311254,1366.2755452839463
2025-08-12,20:00-24:00,423.09255170959955,1129.9708892666908,1563.4663590311254,1366.2755452839463
2025-08-13,00:00-04:00,8286.7280766157237,37.464783559661214,1366.2755452839463,1406.5080356607673
2025-08-13,04:00-08:00,1714.8245006321813,5608.9244735452476,1366.2755452839463,1406.5080356607673
2025-08-13,08:00-12:00,2735.59935,1041.2793666666666,1366.2755452839463,1406.5080356607673
2025-08-13,12:00-16:00,4806.9973587897184,35.232837204408341,1366.2755452839463,1406.5080356607673
2025-08-13,16:00-20:00,489.93485650284345,5379.9160765612069,1366.2755452839463,1406.5080356607673
2025-08-13,20:00-24:00,474.65862205229871,2853.0548604438077,1366.2755452839463,1406.5080356607673
2025-08-14,00:00-04:00,8389.4544693682965,206.38362715692335,1406.5080356607673,1304.011717265907
2025-08-14,04:00-08:00,2009.4447429424472,6051.999017643665,1406.5080356607673,1304.011717265907
2025-08-14,08:00-12:00,4192.5316501658299,1766.2377174865621,1406.5080356607673,1304.011717265907
2025-08-14,12:00-16:00,5443.2747012353339,0,1406.5080356607673,1304.011717265907
2025-08-14,16:00-20:00,113.35316458685236,5830.9881550885229,1406.5080356607673,1304.011717265907
2025-08-14,20:00-24:00,416.7780101062134,2894.1559272877348,1406.5080356607673,1304.011717265907
2025-08-15,00:00-04:00,1591.9416122264947,130.4150647436179,1304.011717265907,1207.6952166286117
2025-08-15,04:00-08:00,918.322195067351,1995.8772991541705,1304.011717265907,1207.6952166286117
2025-08-15,08:00-12:00,169.11259011562228,0,1304.011717265907,1207.6952166286117
2025-08-15,12:00-16:00,10496.773995625681,0,1304.011717265907,1207.6952166286117
2025-08-15,16:00-20:00,258.80720800606207,5649.0936213206487,1304.011717265907,1207.6952166286117
2025-08-15,20:00-24:00,305.7640895589027,3441.2834347412227,1304.011717265907,1207.6952166286117
2025-08-16,00:00-04:00,1478.5777680694289,127.81160142999556,1207.6952166286117,1274.7616802659086
2025-08-16,04:00-08:00,1095.6256161146703,1964.2188347248766,1207.6952166286117,1274.7616802659086
2025-08-16,08:00-12:00,363.5297167617864,0,1207.6952166286117,1274.7616802659086
2025-08-16,12:00-16:00,10303.13694990488,0,1207.6952166286117,1274.7616802659086
2025-08-16,16:00-20:00,158.00870734728571,5912.4121489109875,1207.6952166286117,1274.7616802659086
2025-08-16,20:00-24:00,219.76007127795526,2966.2950495361374,1207.6952166286117,1274.7616802659086
2025-08-17,00:00-04:00,8610.0872425948783,152.72876795508614,1274.7616802659086,1222.9100666359921
2025-08-17,04:00-08:00,1774.9804733680276,6420.6700701354475,1274.7616802659086,1222.9100666359921
2025-08-17,08:00-12:00,5347.8454059936939,985.53868333333321,1274.7616802659086,1222.9100666359921
2025-08-17,12:00-16:00,4182.7066424687728,0,1274.7616802659086,1222.9100666359921
2025-08-17,16:00-20:00,88.921174992984334,6156.3474241870899,1274.7616802659086,1222.9100666359921
2025-08-17,20:00-24:00,413.10634290765915,2869.6758053400381,1274.7616802659086,1222.9100666359921
2025-08-18,00:00-04:00,8621.7377703704115,59.698224796581258,1222.9100666359921,1487.4918478122449
2025-08-18,04:00-08:00,1731.8594604394607,5825.5046629214758,1222.9100666359921,1487.4918478122449
2025-08-18,08:00-12:00,5325.1810166666664,1603.4113666666667,1222.9100666359921,1487.4918478122449
2025-08-18,12:00-16:00,4270.034338217698,73.878527360458534,1222.9100666359921,1487.4918478122449
2025-08-18,16:00-20:00,141.25317003021246,5806.5532700757576,1222.9100666359921,1487.4918478122449
2025-08-18,20:00-24:00,381.52134991266109,2974.8159006864939,1222.9100666359921,1487.4918478122449
2025-08-19,00:00-04:00,8128.7040253204532,33.817931126550434,1487.4918478122449,1643.6941714844681
2025-08-19,04:00-08:00,1822.6570973050625,5051.9849038230386,1487.4918478122449,1643.6941714844681
2025-08-19,08:00-12:00,4621.5323833333332,1131.4490666666663,1487.4918478122449,1643.6941714844681
2025-08-19,12:00-16:00,3606.1210040897035,236.4286805913504,1487.4918478122449,1643.6941714844681
2025-08-19,16:00-20:00,176.45812951032005,5568.5255663230682,1487.4918478122449,1643.6941714844681
2025-08-19,20:00-24:00,241.22009965408324,2900.5328789268115,1487.4918478122449,1643.6941714844681
2025-08-20,00:00-04:00,8278.0819837996678,37.22582090168703,1643.6941714844681,1200
2025-08-20,04:00-08:00,1940.2972939864944,6590.1593983681232,1643.6941714844681,1200
2025-08-20,08:00-12:00,2537.46,2048.8267500730012,1643.6941714844681,1200
2025-08-20,12:00-16:00,3074.9728150717974,392.01541825832112,1643.6941714844681,1200
2025-08-20,16:00-20:00,242.09817406253021,4350.1546829404851,1643.6941714844681,1200
2025-08-20,20:00-24:00,301.95067954470403,244.58005043121008,1643.6941714844681,1200
2025-08-21,00:00-04:00,8523.1738206500813,0,1200,1384.0359866314684
2025-08-21,04:00-08:00,1839.7084942406016,5344.1925291043372,1200,1384.0359866314684
2025-08-21,08:00-12:00,4104.1145166666665,771.23170000000016,1200,1384.0359866314684
2025-08-21,12:00-16:00,3410.3636732754212,346.72861806462709,1200,1384.0359866314684
2025-08-21,16:00-20:00,510.13693220563391,5551.9264443625216,1200,1384.0359866314684
2025-08-21,20:00-24:00,189.87466049212821,2867.9597194999269,1200,1384.0359866314684
2025-08-22,00:00-04:00,2164.8578373329306,270.91567494437061,1384.0359866314684,1225.4042418363076
2025-08-22,04:00-08:00,1001.7924203815985,2194.6676084705405,1384.0359866314684,1225.4042418363076
2025-08-22,08:00-12:00,474.92229902869741,0,1384.0359866314684,1225.4042418363076
2025-08-22,12:00-16:00,9864.5396598574989,3.3808333333333089,1384.0359866314684,1225.4042418363076
2025-08-22,16:00-20:00,33.75163332134332,6402.4142446193491,1384.0359866314684,1225.4042418363076
2025-08-22,20:00-24:00,40.339686918095254,2271.3550737885839,1384.0359866314684,1225.4042418363076
2025-08-23,00:00-04:00,2365.6798187348959,22.089599535492084,1225.4042418363076,1200
2025-08-23,04:00-08:00,917.48187780920887,2219.5774806794179,1225.4042418363076,1200
2025-08-23,08:00-12:00,786.50666666666677,0,1225.4042418363076,1200
2025-08-23,12:00-16:00,9336.2615905697603,14.918333333333369,1225.4042418363076,1200
2025-08-23,16:00-20:00,96.770010016743925,5719.750252643109,1225.4042418363076,1200
2025-08-23,20:00-24:00,332.71882097542664,3253.2173671272162,1225.4042418363076,1200
2025-08-24,00:00-04:00,8707.7945113711248,16.732902364105712,1200,1400.3507657099703
2025-08-24,04:00-08:00,1862.6081156094838,5909.6382675633431,1200,1400.3507657099703
2025-08-24,08:00-12:00,5913.7083819093332,1287.6187221798848,1200,1400.3507657099703
2025-08-24,12:00-16:00,3425.1256816792124,293.75430834432552,1200,1400.3507657099703
2025-08-24,16:00-20:00,0.44020625703058158,5684.7825211033278,1200,1400.3507657099703
2025-08-24,20:00-24:00,355.1020468568845,3041.6285336893252,1200,1400.3507657099703
2025-08-25,00:00-04:00,8715.9309060241521,0.90280170907942647,1400.3507657099703,1254.9726464989192
2025-08-25,04:00-08:00,1775.6806599425965,6586.3891581292264,1400.3507657099703,1254.9726464989192
2025-08-25,08:00-12:00,3497.1644679093765,1071.3524499999999,1400.3507657099703,1254.9726464989192
2025-08-25,12:00-16:00,3498.8858686142789,897.18390729997191,1400.3507657099703,1254.9726464989192
2025-08-25,16:00-20:00,126.93342068252969,5706.0578884785973,1400.3507657099703,1254.9726464989192
2025-08-25,20:00-24:00,400.48982812096187,461.17307422113095,1400.3507657099703,1254.9726464989192
2025-08-26,00:00-04:00,8705.494477881306,63.4142155949894,1254.9726464989192,1972.8371214926335
2025-08-26,04:00-08:00,1897.894778081881,5996.7155819649552,1254.9726464989192,1972.8371214926335
2025-08-26,08:00-12:00,5225.2196999999996,1429.1314,1254.9726464989192,1972.8371214926335
2025-08-26,12:00-16:00,4144.9228947087267,98.774983333333381,1254.9726464989192,1972.8371214926335
2025-08-26,16:00-20:00,113.26537218480507,5646.4224394516787,1254.9726464989192,1972.8371214926335
2025-08-26,20:00-24:00,511.0419809086348,2803.7131072106349,1254.9726464989192,1972.8371214926335
2025-08-27,00:00-04:00,7985.8354904925054,31.25851921066635,1972.8371214926335,1341.6106950396197
2025-08-27,04:00-08:00,1858.0749120059813,6140.150151374919,1972.8371214926335,1341.6106950396197
2025-08-27,08:00-12:00,4152.7408127459021,2083.4201833333332,1972.8371214926335,1341.6106950396197
2025-08-27,12:00-16:00,6564.5855586880716,563.682156401768,1972.8371214926335,1341.6106950396197
2025-08-27,16:00-20:00,56.641296375699312,5796.4779905272117,1972.8371214926335,1341.6106950396197
2025-08-27,20:00-24:00,303.34722901031398,2899.307275407783,1972.8371214926335,1341.6106950396197
2025-08-28,00:00-04:00,8428.2051971769488,52.501723990584992,1341.6106950396197,1211.1496093934343
2025-08-28,04:00-08:00,1963.8968854886784,6478.1676280127094,1341.6106950396197,1211.1496093934343
2025-08-28,08:00-12:00,1534.3764903608785,1913.8270259437893,1341.6106950396197,1211.1496093934343
2025-08-28,12:00-16:00,5887.7429638591166,187.82774999999992,1341.6106950396197,1211.1496093934343
2025-08-28,16:00-20:00,358.39893944602545,5639.4082722904332,1341.6106950396197,1211.1496093934343
2025-08-28,20:00-24:00,391.47683812088388,882.60140155060083,1341.6106950396197,1211.1496093934343
2025-08-29,00:00-04:00,3102.2025023043407,35.831947791228686,1211.1496093934343,1670.9055041522138
2025-08-29,04:00-08:00,1062.4491002371258,3169.700085663078,1211.1496093934343,1670.9055041522138
2025-08-29,08:00-12:00,2134.7499487571986,0,1211.1496093934343,1670.9055041522138
2025-08-29,12:00-16:00,8312.3236153682665,39.534250000000007,1211.1496093934343,1670.9055041522138
2025-08-29,16:00-20:00,125.50571631234982,5421.0065705949446,1211.1496093934343,1670.9055041522138
2025-08-29,20:00-24:00,294.78221551951026,3096.0774504518672,1211.1496093934343,1670.9055041522138
2025-08-30,00:00-04:00,2015.4233324288305,93.049138134824261,1670.9055041522138,1211.731183172828
2025-08-30,04:00-08:00,1040.0613881847439,2150.270887436046,1670.9055041522138,1211.731183172828
2025-08-30,08:00-12:00,2133.4722950764617,0,1670.9055041522138,1211.731183172828
2025-08-30,12:00-16:00,7724.0122087962336,39.811258172431707,1670.9055041522138,1211.731183172828
2025-08-30,16:00-20:00,129.31804685278158,5657.0880418414772,1670.9055041522138,1211.731183172828
2025-08-30,20:00-24:00,167.07872525924779,3172.6240205412882,1670.9055041522138,1211.731183172828
2025-08-31,00:00-04:00,8952.1873819608718,0,1211.731183172828,1947.1874872323103
2025-08-31,04:00-08:00,1726.6462774912202,6233.8961290550897,1211.731183172828,1947.1874872323103
2025-08-31,08:00-12:00,3819.8326389158087,943.19154414366051,1211.731183172828,1947.1874872323103
2025-08-31,12:00-16:00,5275.2090537889808,210.3094269038678,1211.731183172828,1947.1874872323103
2025-08-31,16:00-20:00,78.076010469220378,5465.7968355391786,1211.731183172828,1947.1874872323103
2025-08-31,20:00-24:00,628.0679096621202,3073.7110012581279,1211.731183172828,1947.1874872323103
2025-09-01,00:00-04:00,9222.6147291351826,0,1947.1874872323103,4406.9819630223792
2025-09-01,04:00-08:00,736.92177561181165,5050.942304760466,1947.1874872323103,4406.9819630223792
2025-09-01,08:00-12:00,4104.1231748880082,768.62763928571417,1947.1874872323103,4406.9819630223792
2025-09-01,12:00-16:00,2957.4529197935171,0,1947.1874872323103,4406.9819630223792
2025-09-01,16:00-20:00,0,4492.1327338562169,1947.1874872323103,4406.9819630223792
2025-09-01,20:00-24:00,1126.3641543797848,2173.9384644712668,1947.1874872323103,4406.9819630223792
2025-09-02,00:00-04:00,7103.3533744195774,0,4406.9819630223792,4081.4658586103251
2025-09-02,04:00-08:00,0,5995.3814516586044,4406.9819630223792,4081.4658586103251
2025-09-02,08:00-12:00,4838.0729571734983,1518.006040980018,4406.9819630223792,4081.4658586103251
2025-09-02,12:00-16:00,4437.7140707754161,0,4406.9819630223792,4081.4658586103251
2025-09-02,16:00-20:00,0,4716.2542982708137,4406.9819630223792,4081.4658586103251
2025-09-02,20:00-24:00,1116.6608629907114,2234.9217280023713,4406.9819630223792,4081.4658586103251
2025-09-03,00:00-04:00,7465.037934877415,0,4081.4658586103251,3945.1979715980742
2025-09-03,04:00-08:00,0,5231.0904231748045,4081.4658586103251,3945.1979715980742
2025-09-03,08:00-12:00,4631.302829126098,537.57676632832897,4081.4658586103251,3945.1979715980742
2025-09-03,12:00-16:00,2557.3222584041364,67.555708415415225,4081.4658586103251,3945.1979715980742
2025-09-03,16:00-20:00,27.408893290163782,4677.6437310559277,4081.4658586103251,3945.1979715980742
2025-09-03,20:00-24:00,1049.6762937913513,2350.6805190227774,4081.4658586103251,3945.1979715980742
2025-09-04,00:00-04:00,7616.446698224363,0,3945.1979715980742,3815.890512352611
2025-09-04,04:00-08:00,0,5913.0365805553211,3945.1979715980742,3815.890512352611
2025-09-04,08:00-12:00,5932.4887119742652,980.39524999999981,3945.1979715980742,3815.890512352611
2025-09-04,12:00-16:00,2594.4428671536784,37.809095026725828,3945.1979715980742,3815.890512352611
2025-09-04,16:00-20:00,194.94407748664128,4865.7661967571421,3945.1979715980742,3815.890512352611
2025-09-04,20:00-24:00,1069.9366104972314,2420.0593529040325,3945.1979715980742,3815.890512352611
2025-09-05,00:00-04:00,1864.5091566838332,0,3815.890512352611,4240.7133874818228
2025-09-05,04:00-08:00,1341.9275012520545,2360.0556999999999,3815.890512352611,4240.7133874818228
2025-09-05,08:00-12:00,1326.09212916414,0,3815.890512352611,4240.7133874818228
2025-09-05,12:00-16:00,6141.2418781871947,0,3815.890512352611,4240.7133874818228
2025-09-05,16:00-20:00,216.80488216334658,4628.7559212189763,3815.890512352611,4240.7133874818228
2025-09-05,20:00-24:00,954.54454576169701,2223.3950666666669,3815.890512352611,4240.7133874818228
2025-09-06,00:00-04:00,1434.7484325526009,104.85765767578079,4240.7133874818228,4248.7664263642419
2025-09-06,04:00-08:00,1139.9588718935531,2660.0251408979234,4240.7133874818228,4248.7664263642419
2025-09-06,08:00-12:00,955.4473001711367,0,4240.7133874818228,4248.7664263642419
2025-09-06,12:00-16:00,7171.3771853087128,0,4240.7133874818228,4248.7664263642419
2025-09-06,16:00-20:00,120.48128737335878,4614.246659131165,4240.7133874818228,4248.7664263642419
2025-09-06,20:00-24:00,936.8302264443148,2138.285883333333,4240.7133874818228,4248.7664263642419
2025-09-07,00:00-04:00,7279.148415150843,0,4248.7664263642419,3527.8990571420059
2025-09-07,04:00-08:00,27.263312331617335,5620.4611583269789,4248.7664263642419,3527.8990571420059
2025-09-07,08:00-12:00,4560.1353346872538,1433.6083522684075,4248.7664263642419,3527.8990571420059
2025-09-07,12:00-16:00,4121.3291438396282,0,4248.7664263642419,3527.8990571420059
2025-09-07,16:00-20:00,3.1533140269069309,4904.3853779593192,4248.7664263642419,3527.8990571420059
2025-09-07,20:00-24:00,1033.5581870976932,2480.2417865238026,4248.7664263642419,3527.8990571420059
2025-09-08,00:00-04:00,7079.6852190486188,0,3527.8990571420059,1200
2025-09-08,04:00-08:00,1044.5306453914027,5890.6385457467495,3527.8990571420059,1200
2025-09-08,08:00-12:00,3565.4214520320716,1186.5613666666663,3527.8990571420059,1200
2025-09-08,12:00-16:00,3371.3675837478613,376.45766139253465,3527.8990571420059,1200
2025-09-08,16:00-20:00,53.212701136807993,5716.1128808249323,3527.8990571420059,1200
2025-09-08,20:00-24:00,248.46400213249012,1369.1107956232188,3527.8990571420059,1200
2025-09-09,00:00-04:00,8694.0591517625635,9.59987538372377,1200,1287.0470490916523
2025-09-09,04:00-08:00,1752.3648770056188,5880.419017495743,1200,1287.0470490916523
2025-09-09,08:00-12:00,5724.2447378912366,818.80778333333342,1200,1287.0470490916523
2025-09-09,12:00-16:00,3001.3390880990601,180.49968614157009,1200,1287.0470490916523
2025-09-09,16:00-20:00,152.7570948709332,5835.1507459287459,1200,1287.0470490916523
2025-09-09,20:00-24:00,371.86626656035605,3151.4518326481102,1200,1287.0470490916523
2025-09-10,00:00-04:00,8572.2422333503964,0,1287.0470490916523,1200
2025-09-10,04:00-08:00,1819.9640169146378,6284.8600083477022,1287.0470490916523,1200
2025-09-10,08:00-12:00,3835.0165316636312,2211.169398549463,1287.0470490916523,1200
2025-09-10,12:00-16:00,3448.206418026788,196.77613771119582,1287.0470490916523,1200
2025-09-10,16:00-20:00,852.09523136612415,5433.7016975033384,1287.0470490916523,1200
2025-09-10,20:00-24:00,177.73425936097303,1103.0946415236558,1287.0470490916523,1200
2025-09-11,00:00-04:00,9039.8209100507866,17.668162745543896,1200,1912.6222642191162
2025-09-11,04:00-08:00,1692.2829455430194,5517.5188220496384,1200,1912.6222642191162
2025-09-11,08:00-12:00,5499.8395368558959,1706.3142747577263,1200,1912.6222642191162
2025-09-11,12:00-16:00,3374.8482860106769,0,1200,1912.6222642191162
2025-09-11,16:00-20:00,124.07910632162034,5335.9422314899293,1200,1912.6222642191162
2025-09-11,20:00-24:00,231.54622300677406,2950.7542474688648,1200,1912.6222642191162
2025-09-12,00:00-04:00,1969.6210573191297,131.02219496364637,1912.6222642191162,1360.7210069391226
2025-09-12,04:00-08:00,905.43117505789314,2839.1301510589474,1912.6222642191162,1360.7210069391226
2025-09-12,08:00-12:00,318.64404765200811,0,1912.6222642191162,1360.7210069391226
2025-09-12,12:00-16:00,10348.02261901466,0,1912.6222642191162,1360.7210069391226
2025-09-12,16:00-20:00,43.813886213707406,6069.3954713727335,1912.6222642191162,1360.7210069391226
2025-09-12,20:00-24:00,167.41540313572784,2597.0513467550986,1912.6222642191162,1360.7210069391226
2025-09-13,00:00-04:00,2922.3228446524322,40.902196011650972,1360.7210069391226,1200
2025-09-13,04:00-08:00,802.12075415980485,3001.785454955535,1360.7210069391226,1200
2025-09-13,08:00-12:00,607.16360666502726,0,1360.7210069391226,1200
2025-09-13,12:00-16:00,9912.8850719572729,21.195833333333361,1360.7210069391226,1200
2025-09-13,16:00-20:00,112.72055211176918,6501.4417102384405,1360.7210069391226,1200
2025-09-13,20:00-24:00,234.42909277636403,2398.5536687876115,1360.7210069391226,1200
2025-09-14,00:00-04:00,8892.8782373001413,25.490118099669871,1200,1200
2025-09-14,04:00-08:00,1796.3484913914683,5865.45310445625,1200,1200
2025-09-14,08:00-12:00,3871.6856382090546,1974.6020627467806,1200,1200
2025-09-14,12:00-16:00,5357.7035422312892,0,1200,1200
2025-09-14,16:00-20:00,354.64708153560713,5486.9471295550939,1200,1200
2025-09-14,20:00-24:00,239.50930645098174,3262.8531458082284,1200,1200
2025-09-15,00:00-04:00,8574.4937016779695,35.8954633916793,1200,1342.3593757241417
2025-09-15,04:00-08:00,1912.5254217440622,6389.7281510558323,1200,1342.3593757241417
2025-09-15,08:00-12:00,6289.5720851058468,1482.4775833333331,1200,1342.3593757241417
2025-09-15,12:00-16:00,3798.8737270040338,118.02539999999998,1200,1342.3593757241417
2025-09-15,16:00-20:00,56.400667659799524,5664.7760449322568,1200,1342.3593757241417
2025-09-15,20:00-24:00,379.59667646363903,3200.2583656559982,1200,1342.3593757241417
2025-09-16,00:00-04:00,8203.1169284136704,69.805700481401004,1342.3593757241417,1200
2025-09-16,04:00-08:00,1723.7297270405145,5899.6065537586483,1342.3593757241417,1200
2025-09-16,08:00-12:00,4539.8044438406705,1363.1868333333332,1342.3593757241417,1200
2025-09-16,12:00-16:00,5348.9777137765195,206.18368916616279,1342.3593757241417,1200
2025-09-16,16:00-20:00,46.105319729529924,5668.4525704486496,1342.3593757241417,1200
2025-09-16,20:00-24:00,254.71189885055787,3215.2093766012244,1342.3593757241417,1200
2025-09-17,00:00-04:00,8807.586699463629,16.762596964330374,1200,1320.1727176034249
2025-09-17,04:00-08:00,1860.0592452793517,5745.1190693717544,1200,1320.1727176034249
2025-09-17,08:00-12:00,4072.0407259954904,2342.5835333333334,1200,1320.1727176034249
2025-09-17,12:00-16:00,5937.2931848204835,3.8884833333333213,1200,1320.1727176034249
2025-09-17,16:00-20:00,120.29723699484154,5595.5710768841409,1200,1320.1727176034249
2025-09-17,20:00-24:00,391.43288783918558,3350.7748783883362,1200,1320.1727176034249
2025-09-18,00:00-04:00,8539.3023800855626,16.68234535165027,1320.1727176034249,1200
2025-09-18,04:00-08:00,1824.9880628589533,5908.7626996857362,1320.1727176034249,1200
2025-09-18,08:00-12:00,4619.2706805611397,2155.261583333333,1320.1727176034249,1200
2025-09-18,12:00-16:00,5606.9502335243469,65.763016666666616,1320.1727176034249,1200
2025-09-18,16:00-20:00,26.167266102924827,5675.6799574785455,1320.1727176034249,1200
2025-09-18,20:00-24:00,295.06001311176476,3224.5141386853543,1320.1727176034249,1200
2025-09-19,00:00-04:00,3358.8025247083447,186.01842434566396,1200,1684.1983105429008
2025-09-19,04:00-08:00,1020.9802176982611,3177.0391055020618,1200,1684.1983105429008
2025-09-19,08:00-12:00,1292.2335159147833,0,1200,1684.1983105429008
2025-09-19,12:00-16:00,9146.5732847004947,41.218333333333398,1200,1684.1983105429008
2025-09-19,16:00-20:00,125.95621560538638,6308.8566710934947,1200,1684.1983105429008
2025-09-19,20:00-24:00,336.78597604312603,2228.967691319855,1200,1684.1983105429008
2025-09-20,00:00-04:00,2432.2739364290956,123.45699301818144,1684.1983105429008,1330.3163764555377
2025-09-20,04:00-08:00,1150.0943193841117,3214.0397736791274,1684.1983105429008,1330.3163764555377
2025-09-20,08:00-12:00,1403.9457652734629,0,1684.1983105429008,1330.3163764555377
2025-09-20,12:00-16:00,9262.7209013932043,53.691425502832089,1684.1983105429008,1330.3163764555377
2025-09-20,16:00-20:00,139.84598325955929,6501.1103644009527,1684.1983105429008,1330.3163764555377
2025-09-20,20:00-24:00,379.7143888607676,2388.7573727037006,1684.1983105429008,1330.3163764555377
2025-09-21,00:00-04:00,8464.8061917451923,29.759993678333025,1330.3163764555377,1361.8080696586733
2025-09-21,04:00-08:00,2078.6065133028715,5024.2723546547131,1330.3163764555377,1361.8080696586733
2025-09-21,08:00-12:00,4892.0796483246122,1095.1527833333332,1330.3163764555377,1361.8080696586733
2025-09-21,12:00-16:00,2681.4680699068267,2.8375500000000402,1330.3163764555377,1361.8080696586733
2025-09-21,16:00-20:00,118.78663817452751,5813.8472146823988,1330.3163764555377,1361.8080696586733
2025-09-21,20:00-24:00,365.66388515463655,3072.9304465214191,1330.3163764555377,1361.8080696586733
2025-09-22,00:00-04:00,8159.716152191053,29.292853571276964,1361.8080696586733,1200
2025-09-22,04:00-08:00,2064.2019935980638,5162.3503100474309,1361.8080696586733,1200
2025-09-22,08:00-12:00,5145.2642818913882,1712.6139499999995,1361.8080696586733,1200
2025-09-22,12:00-16:00,3747.9080775956295,86.213458347768182,1361.8080696586733,1200
2025-09-22,16:00-20:00,60.699510406919899,5716.3115127545207,1361.8080696586733,1200
2025-09-22,20:00-24:00,230.79069373126561,3159.795552597408,1361.8080696586733,1200
2025-09-23,00:00-04:00,8974.0769570523516,10.121800889484234,1200,1422.867310924423
2025-09-23,04:00-08:00,1789.5365381624188,5502.7240862612261,1200,1422.867310924423
2025-09-23,08:00-12:00,4691.4783101200883,1896.6157166666662,1200,1422.867310924423
2025-09-23,12:00-16:00,4730.3028783126774,484.81775113007018,1200,1422.867310924423
2025-09-23,16:00-20:00,53.01011353390777,5865.3811433713081,1200,1422.867310924423
2025-09-23,20:00-24:00,375.71302026718934,2737.1943539826543,1200,1422.867310924423
2025-09-24,00:00-04:00,8361.2014699059109,105.51186866242517,1422.867310924423,1633.5999047400621
2025-09-24,04:00-08:00,1699.1104190739275,5625.5347046703855,1422.867310924423,1633.5999047400621
2025-09-24,08:00-12:00,5311.1202918617209,2393.5189,1422.867310924423,1633.5999047400621
2025-09-24,12:00-16:00,5077.9318852088463,0,1422.867310924423,1633.5999047400621
2025-09-24,16:00-20:00,0,5650.7936460968212,1422.867310924423,1633.5999047400621
2025-09-24,20:00-24:00,438.04011550466032,2953.7789331958984,1422.867310924423,1633.5999047400621
2025-09-25,00:00-04:00,8140.9374868221676,61.581016059300168,1633.5999047400621,1250.4480745139181
2025-09-25,04:00-08:00,1829.2804716851983,5315.8777827941867,1633.5999047400621,1250.4480745139181
2025-09-25,08:00-12:00,5891.949992146021,1757.6831500000001,1633.5999047400621,1250.4480745139181
2025-09-25,12:00-16:00,3277.4642424247172,134.03601736749809,1633.5999047400621,1250.4480745139181
2025-09-25,16:00-20:00,161.21572777490766,5655.5567928162282,1633.5999047400621,1250.4480745139181
2025-09-25,20:00-24:00,221.13055824436955,3232.9044562351924,1633.5999047400621,1250.4480745139181
2025-09-26,00:00-04:00,4346.5994088759871,30.333567756368836,1250.4480745139181,1710.4634028099713
2025-09-26,04:00-08:00,872.79275320491467,3450.8685926901026,1250.4480745139181,1710.4634028099713
2025-09-26,08:00-12:00,1665.0736944833839,0,1250.4480745139181,1710.4634028099713
2025-09-26,12:00-16:00,8023.9278389714455,0,1250.4480745139181,1710.4634028099713
2025-09-26,16:00-20:00,31.264115148344697,6158.3006438940465,1250.4480745139181,1710.4634028099713
2025-09-26,20:00-24:00,249.4263289503117,2249.6415532968927,1250.4480745139181,1710.4634028099713
2025-09-27,00:00-04:00,3503.1386777525622,74.084097193474577,1710.4634028099713,1200
2025-09-27,04:00-08:00,859.98085063928681,3694.1636644568621,1710.4634028099713,1200
2025-09-27,08:00-12:00,1948.6490823619763,0,1710.4634028099713,1200
2025-09-27,12:00-16:00,8439.8742276676076,111.96857646316737,1710.4634028099713,1200
2025-09-27,16:00-20:00,169.86030421270647,6779.0101404045645,1710.4634028099713,1200
2025-09-27,20:00-24:00,274.17552584059223,2108.6903054754407,1710.4634028099713,1200
2025-09-28,00:00-04:00,8758.3495276728117,42.651490243449757,1200,1589.0377104636648
2025-09-28,04:00-08:00,1901.3508700450902,5236.5938734355705,1200,1589.0377104636648
2025-09-28,08:00-12:00,5068.6077049026662,2554.9510333333333,1200,1589.0377104636648
2025-09-28,12:00-16:00,4910.3484986292533,243.11544999999992,1200,1589.0377104636648
2025-09-28,16:00-20:00,181.28557094121567,5601.78805789322,1200,1589.0377104636648
2025-09-28,20:00-24:00,316.08643499728805,3090.9493274996703,1200,1589.0377104636648
2025-09-29,00:00-04:00,8372.0489172506568,47.388520156232858,1589.0377104636648,1335.699801733067
2025-09-29,04:00-08:00,1793.3482306766032,5043.539065548237,1589.0377104636648,1335.699801733067
2025-09-29,08:00-12:00,5497.8199820786649,2411.2514333333334,1589.0377104636648,1335.699801733067
2025-09-29,12:00-16:00,4033.388585574944,162.20554999999996,1589.0377104636648,1335.699801733067
2025-09-29,16:00-20:00,42.42510710582448,5659.0653007442088,1589.0377104636648,1335.699801733067
2025-09-29,20:00-24:00,478.13434584640413,3280.4580345873351,1589.0377104636648,1335.699801733067
2025-09-30,00:00-04:00,8500.8916400440921,79.281307509684666,1335.699801733067,1374.6482620612794
2025-09-30,04:00-08:00,1782.4919772964167,5063.6274108463485,1335.699801733067,1374.6482620612794
2025-09-30,08:00-12:00,5079.2068613131814,2892.5942499999996,1335.699801733067,1374.6482620612794
2025-09-30,12:00-16:00,5598.0191904896665,700.88736779195642,1335.699801733067,1374.6482620612794
2025-09-30,16:00-20:00,262.511105894362,5544.5168544790704,1335.699801733067,1374.6482620612794
2025-09-30,20:00-24:00,370.06006072860822,3174.5156720482705,1335.699801733067,1374.6482620612794
2025-10-01,00:00-04:00,8691.8213980925229,8.3157803562120307,1374.6482620612794,3400.6542918937312
2025-10-01,04:00-08:00,2401.8116566008493,4472.2642886814356,1374.6482620612794,3400.6542918937312
2025-10-01,08:00-12:00,6299.2398669311106,1124.8304333333333,1374.6482620612794,3400.6542918937312
2025-10-01,12:00-16:00,77.881111111111949,63.08369999999983,1374.6482620612794,3400.6542918937312
2025-10-01,16:00-20:00,0,4897.9109433871054,1374.6482620612794,3400.6542918937312
2025-10-01,20:00-24:00,894.20578724082452,2485.8068815736019,1374.6482620612794,3400.6542918937312
2025-10-02,00:00-04:00,6611.1433979734484,54.803227698051842,3400.6542918937312,3262.0279210592453
2025-10-02,04:00-08:00,1666.940867754631,4789.294317976297,3400.6542918937312,3262.0279210592453
2025-10-02,08:00-12:00,6600.8327747179173,1702.946983333333,3400.6542918937312,3262.0279210592453
2025-10-02,12:00-16:00,1425.3492142494642,0,3400.6542918937312,3262.0279210592453
2025-10-02,16:00-20:00,14.90234170190686,4900.1841440052958,3400.6542918937312,3262.0279210592453
2025-10-02,20:00-24:00,869.49199862983824,2600.3501427100969,3400.6542918937312,3262.0279210592453
2025-10-03,00:00-04:00,2245.9483196640604,9.1896406735053233,3262.0279210592453,3327.2979924187703
2025-10-03,04:00-08:00,917.53462997674262,3466.7160751076344,3262.0279210592453,3327.2979924187703
2025-10-03,08:00-12:00,2040.0417332316617,0,3262.0279210592453,3327.2979924187703
2025-10-03,12:00-16:00,7463.2414737050913,0,3262.0279210592453,3327.2979924187703
2025-10-03,16:00-20:00,0,5473.4336142844477,3262.0279210592453,3327.2979924187703
2025-10-03,20:00-24:00,817.67984632092589,1914.3188680586086,3262.0279210592453,3327.2979924187703
2025-10-04,00:00-04:00,2108.1537731985145,16.746379583754845,3327.2979924187703,3327.8718624338362
2025-10-04,04:00-08:00,845.80371857393516,4088.647576186524,3327.2979924187703,3327.8718624338362
2025-10-04,08:00-12:00,1777.9667860434704,0,3327.2979924187703,3327.8718624338362
2025-10-04,12:00-16:00,8639.465552546284,0,3327.2979924187703,3327.8718624338362
2025-10-04,16:00-20:00,17.630435044472151,5331.4810259632077,3327.2979924187703,3327.8718624338362
2025-10-04,20:00-24:00,686.48075481797332,1963.7643616349192,3327.2979924187703,3327.8718624338362
2025-10-05,00:00-04:00,6717.6095747793306,49.053346134806361,3327.8718624338362,2981.2914017817166
2025-10-05,04:00-08:00,1539.8667552321424,5371.0119176310154,3327.8718624338362,2981.2914017817166
2025-10-05,08:00-12:00,6006.8109891546956,1585.2795666666661,3327.8718624338362,2981.2914017817166
2025-10-05,12:00-16:00,2686.6511428610384,0,3327.8718624338362,2981.2914017817166
2025-10-05,16:00-20:00,22.440634753163774,4873.4198131272369,3327.8718624338362,2981.2914017817166
2025-10-05,20:00-24:00,751.09705724161631,2789.983455784989,3327.8718624338362,2981.2914017817166
2025-10-06,00:00-04:00,6887.2604055392021,39.44499126778021,2981.2914017817166,2469.2966881303837
2025-10-06,04:00-08:00,1988.7670597316883,5409.2478755027432,2981.2914017817166,2469.2966881303837
2025-10-06,08:00-12:00,5607.5160736144408,1866.9252666666671,2981.2914017817166,2469.2966881303837
2025-10-06,12:00-16:00,3301.5977843660821,53.508600000000115,2981.2914017817166,2469.2966881303837
2025-10-06,16:00-20:00,51.830612614358458,5120.9910518538281,2981.2914017817166,2469.2966881303837
2025-10-06,20:00-24:00,598.44286243450415,2903.3634436184057,2981.2914017817166,2469.2966881303837
2025-10-07,00:00-04:00,7527.2484716786294,18.05455815196774,2469.2966881303837,2682.1732282418789
2025-10-07,04:00-08:00,1846.4082440092614,5691.5425102320442,2469.2966881303837,2682.1732282418789
2025-10-07,08:00-12:00,5220.539436723886,2540.4685333333337,2469.2966881303837,2682.1732282418789
2025-10-07,12:00-16:00,4903.4693402631183,45.410466666666551,2469.2966881303837,2682.1732282418789
2025-10-07,16:00-20:00,5.7121107168839238,4997.9927997337527,2469.2966881303837,2682.1732282418789
2025-10-07,20:00-24:00,631.87386587584115,2824.4959358886608,2469.2966881303837,2682.1732282418789
2025-10-08,00:00-04:00,7119.0823071186287,23.720101956382791,2682.1732282418789,1241.5210328326159
2025-10-08,04:00-08:00,1818.8780407940412,6059.0607893168562,2682.1732282418789,1241.5210328326159
2025-10-08,08:00-12:00,5613.9648920101126,1836.5570999999998,2682.1732282418789,1241.5210328326159
2025-10-08,12:00-16:00,4244.8427673062852,0,2682.1732282418789,1241.5210328326159
2025-10-08,16:00-20:00,10.590962169360523,5679.7671851286086,2682.1732282418789,1241.5210328326159
2025-10-08,20:00-24:00,245.45173812904659,3130.258472563743,2682.1732282418789,1241.5210328326159
2025-10-09,00:00-04:00,8727.3289751374705,0,1241.5210328326159,1200
2025-10-09,04:00-08:00,1738.5424762312359,5978.0171370583594,1241.5210328326159,1200
2025-10-09,08:00-12:00,5571.0488663803371,2000.4414833333331,1241.5210328326159,1200
2025-10-09,12:00-16:00,4467.4666874061149,27.463783333333289,1241.5210328326159,1200
2025-10-09,16:00-20:00,0,5693.0991010974431,1241.5210328326159,1200
2025-10-09,20:00-24:00,232.87201854974035,3135.5272339278463,1241.5210328326159,1200
2025-10-10,00:00-04:00,4198.1627821376824,40.971584884342576,1200,1438.4594410015536
2025-10-10,04:00-08:00,956.37649214919543,4049.7919891080537,1200,1438.4594410015536
2025-10-10,08:00-12:00,27.211750977785414,0,1200,1438.4594410015536
2025-10-10,12:00-16:00,10535.241041392614,49.792916666666613,1200,1438.4594410015536
2025-10-10,16:00-20:00,3.0359788423790803,5948.7091155394965,1200,1438.4594410015536
2025-10-10,20:00-24:00,271.06771030955451,2648.9084591055066,1200,1438.4594410015536
2025-10-11,00:00-04:00,4316.3795170480089,32.203055447837073,1438.4594410015536,1395.0586939358841
2025-10-11,04:00-08:00,968.66030828771432,4199.9860516199815,1438.4594410015536,1395.0586939358841
2025-10-11,08:00-12:00,0,0,1438.4594410015536,1395.0586939358841
2025-10-11,12:00-16:00,10341.596730425284,12.447528715858576,1438.4594410015536,1395.0586939358841
2025-10-11,16:00-20:00,53.706256937182587,6154.4774576472992,1438.4594410015536,1395.0586939358841
2025-10-11,20:00-24:00,436.32190889743492,2694.4450034205875,1438.4594410015536,1395.0586939358841
2025-10-12,00:00-04:00,8812.4195930350543,31.240715196317954,1395.0586939358841,1200
2025-10-12,04:00-08:00,1824.2780368330618,5996.9952238893966,1395.0586939358841,1200
2025-10-12,08:00-12:00,4407.1431771293519,2088.2217499999997,1395.0586939358841,1200
2025-10-12,12:00-16:00,5493.1513920273201,54.058816666666637,1395.0586939358841,1200
2025-10-12,16:00-20:00,0,5804.3375153226461,1395.0586939358841,1200
2025-10-12,20:00-24:00,150.17529180432643,2957.3044710388594,1395.0586939358841,1200
2025-10-13,00:00-04:00,8801.7230951768797,9.1972871456619032,1200,1305.5092188780332
2025-10-13,04:00-08:00,1852.1563182336274,5734.3727803865859,1200,1305.5092188780332
2025-10-13,08:00-12:00,5609.271352206013,2267.0011166666663,1200,1305.5092188780332
2025-10-13,12:00-16:00,4469.2673218718473,142.68746666666658,1200,1305.5092188780332
2025-10-13,16:00-20:00,40.965313111669502,5590.4051270173422,1200,1305.5092188780332
2025-10-13,20:00-24:00,293.21433188447838,3225.3220884393086,1200,1305.5092188780332
2025-10-14,00:00-04:00,8597.8339591699514,81.543833906128043,1305.5092188780332,1200
2025-10-14,04:00-08:00,1721.6415034062377,6104.7061745581013,1305.5092188780332,1200
2025-10-14,08:00-12:00,3978.8576034728831,2267.4834132127171,1305.5092188780332,1200
2025-10-14,12:00-16:00,5265.4257563205956,108.4996276939038,1305.5092188780332,1200
2025-10-14,16:00-20:00,91.179614259967479,5602.4272612964105,1305.5092188780332,1200
2025-10-14,20:00-24:00,215.25214670781611,2025.1523588263067,1305.5092188780332,1200
2025-10-15,00:00-04:00,8617.8336112304842,46.019419417512495,1200,1214.2864359284702
2025-10-15,04:00-08:00,1797.6815285776213,5896.1212300426087,1200,1214.2864359284702
2025-10-15,08:00-12:00,3623.5049256340171,2494.4266137844384,1200,1214.2864359284702
2025-10-15,12:00-16:00,4018.9027299025788,295.39963124765075,1200,1214.2864359284702
2025-10-15,16:00-20:00,154.73063068618524,5496.6294163059583,1200,1214.2864359284702
2025-10-15,20:00-24:00,225.19251166699132,693.20110640148266,1200,1214.2864359284702
2025-10-16,00:00-04:00,8762.5472920182365,43.83433923403129,1214.2864359284702,1264.8722773045056
2025-10-16,04:00-08:00,1756.140763436516,6041.3332328434681,1214.2864359284702,1264.8722773045056
2025-10-16,08:00-12:00,4761.4727646170122,2447.8275451764766,1214.2864359284702,1264.8722773045056
2025-10-16,12:00-16:00,3953.6486435970446,622.6820665359038,1214.2864359284702,1264.8722773045056
2025-10-16,16:00-20:00,52.427605949865324,5811.9038095433043,1214.2864359284702,1264.8722773045056
2025-10-16,20:00-24:00,301.18578314720696,852.70426016875683,1214.2864359284702,1264.8722773045056
2025-10-17,00:00-04:00,4794.3198562730013,15.072402935329137,1264.8722773045056,1525.9111662978235
2025-10-17,04:00-08:00,904.15386451083145,4147.6372255849537,1264.8722773045056,1525.9111662978235
2025-10-17,08:00-12:00,1346.446000913435,0,1264.8722773045056,1525.9111662978235
2025-10-17,12:00-16:00,8688.8143263844977,0,1264.8722773045056,1525.9111662978235
2025-10-17,16:00-20:00,61.898677444996451,5919.084886438367,1264.8722773045056,1525.9111662978235
2025-10-17,20:00-24:00,235.40731442213985,2668.4129173059682,1264.8722773045056,1525.9111662978235
2025-10-18,00:00-04:00,4315.031233507716,50.823049593289454,1525.9111662978235,1575.6558952317564
2025-10-18,04:00-08:00,875.05519704263725,4170.749251800642,1525.9111662978235,1575.6558952317564
2025-10-18,08:00-12:00,1433.208351199452,0,1525.9111662978235,1575.6558952317564
2025-10-18,12:00-16:00,8901.8784178086262,9.9726500000000051,1525.9111662978235,1575.6558952317564
2025-10-18,16:00-20:00,29.684204704438571,6011.3031012962074,1525.9111662978235,1575.6558952317564
2025-10-18,20:00-24:00,181.19301702172464,2458.5825325098435,1525.9111662978235,1575.6558952317564
2025-10-19,00:00-04:00,8346.2454080773423,41.235862114242423,1575.6558952317564,1310.2954845472491
2025-10-19,04:00-08:00,1723.7132364797124,5833.1040604840546,1575.6558952317564,1310.2954845472491
2025-10-19,08:00-12:00,5122.0301268679596,2620.4168852015014,1575.6558952317564,1310.2954845472491
2025-10-19,12:00-16:00,4621.3102673290614,1015.0567770544959,1575.6558952317564,1310.2954845472491
2025-10-19,16:00-20:00,28.385719111530989,5850.5053008937539,1575.6558952317564,1310.2954845472491
2025-10-19,20:00-24:00,285.58484488444321,1181.5938620955592,1575.6558952317564,1310.2954845472491
2025-10-20,00:00-04:00,8828.2441800395154,31.721385710482764,1310.2954845472491,1200
2025-10-20,04:00-08:00,1798.2101257648005,5758.4079016852374,1310.2954845472491,1200
2025-10-20,08:00-12:00,4061.3706235939485,2916.5646363983024,1310.2954845472491,1200
2025-10-20,12:00-16:00,5596.8579738545777,282.30856666666671,1310.2954845472491,1200
2025-10-20,16:00-20:00,214.84930372174313,5571.155427707432,1310.2954845472491,1200
2025-10-20,20:00-24:00,131.24772422372473,2250.0397621950337,1310.2954845472491,1200
2025-10-21,00:00-04:00,9002.5272878176438,39.111474478861737,1200,1200
2025-10-21,04:00-08:00,1669.1437676045416,5678.5460133592069,1200,1200
2025-10-21,08:00-12:00,3649.4627695642002,2926.3960670539072,1200,1200
2025-10-21,12:00-16:00,4669.3564070550419,704.22365895758276,1200,1200
2025-10-21,16:00-20:00,293.21522005832117,5507.7662445126844,1200,1200
2025-10-21,20:00-24:00,206.70354004537921,931.1878252753163,1200,1200
2025-10-22,00:00-04:00,8980.2662463258584,69.448460480241806,1200,1200
2025-10-22,04:00-08:00,2239.340461248169,5107.867852335723,1200,1200
2025-10-22,08:00-12:00,5474.8435664360795,3910.5651203189955,1200,1200
2025-10-22,12:00-16:00,5337.4628533170062,130.7826025455023,1200,1200
2025-10-22,16:00-20:00,15.82025005617475,5692.4324653897329,1200,1200
2025-10-22,20:00-24:00,162.51859513721104,3079.2075966714096,1200,1200
2025-10-23,00:00-04:00,8863.9841047268619,0.1919447092440123,1200,1481.6794444924205
2025-10-23,04:00-08:00,2757.9658410604743,4738.0865195209635,1200,1481.6794444924205
2025-10-23,08:00-12:00,6282.2781019424674,3468.9682166666666,1200,1481.6794444924205
2025-10-23,12:00-16:00,3462.7298093445233,459.98918333333341,1200,1481.6794444924205
2025-10-23,16:00-20:00,70.796164621253638,5541.2522498212747,1200,1481.6794444924205
2025-10-23,20:00-24:00,232.10874902513604,3090.5892301891213,1200,1481.6794444924205
2025-10-24,00:00-04:00,5043.5714243288958,35.292314901967188,1481.6794444924205,1484.4327720155388
2025-10-24,04:00-08:00,980.53968942931647,4843.9669714137308,1481.6794444924205,1484.4327720155388
2025-10-24,08:00-12:00,3434.6238625062379,20.407116666666674,1481.6794444924205,1484.4327720155388
2025-10-24,12:00-16:00,6943.9253977345461,46.060602209623532,1481.6794444924205,1484.4327720155388
2025-10-24,16:00-20:00,73.095767887127948,6103.0467648201447,1481.6794444924205,1484.4327720155388
2025-10-24,20:00-24:00,233.66671043062672,2483.3807455936321,1481.6794444924205,1484.4327720155388
2025-10-25,00:00-04:00,4992.8974293868978,50.116438660883091,1484.4327720155388,1340.4716058205047
2025-10-25,04:00-08:00,1021.1571400572057,4463.2166333333334,1484.4327720155388,1340.4716058205047
2025-10-25,08:00-12:00,3292.1710828999308,0,1484.4327720155388,1340.4716058205047
2025-10-25,12:00-16:00,6616.4207392365006,0,1484.4327720155388,1340.4716058205047
2025-10-25,16:00-20:00,56.469791686931259,6126.2136640015387,1484.4327720155388,1340.4716058205047
2025-10-25,20:00-24:00,190.26922861791184,2587.2204972069321,1484.4327720155388,1340.4716058205047
2025-10-26,00:00-04:00,8613.4400121461731,24.519508074981786,1340.4716058205047,1530.6884409964371
2025-10-26,04:00-08:00,2750.3866739184682,4415.9642389818264,1340.4716058205047,1530.6884409964371
2025-10-26,08:00-12:00,6000.9247629664869,3071.0337333333327,1340.4716058205047,1530.6884409964371
2025-10-26,12:00-16:00,2986.5368865470855,459.45051666666654,1340.4716058205047,1530.6884409964371
2025-10-26,16:00-20:00,8.8929748022088688,5495.9205464104389,1340.4716058205047,1530.6884409964371
2025-10-26,20:00-24:00,156.4837740597078,2980.4150232709221,1340.4716058205047,1530.6884409964371
2025-10-27,00:00-04:00,8491.2941923800026,16.876840461825282,1530.6884409964371,1254.0598097708878
2025-10-27,04:00-08:00,2622.0516083284942,4381.2748926272297,1530.6884409964371,1254.0598097708878
2025-10-27,08:00-12:00,6559.5086265011641,2923.017233333333,1530.6884409964371,1254.0598097708878
2025-10-27,12:00-16:00,2477.5538273486909,813.03487344462985,1530.6884409964371,1254.0598097708878
2025-10-27,16:00-20:00,51.267149321611896,5739.7501930999842,1530.6884409964371,1254.0598097708878
2025-10-27,20:00-24:00,182.08710382880838,2885.8593663800921,1530.6884409964371,1254.0598097708878
2025-10-28,00:00-04:00,8603.0983129931592,4.6859372242657855,1254.0598097708878,1522.354163073609
2025-10-28,04:00-08:00,2650.2706790443849,4453.3491661070184,1254.0598097708878,1522.354163073609
2025-10-28,08:00-12:00,6125.3806899276588,3539.1711564444927,1254.0598097708878,1522.354163073609
2025-10-28,12:00-16:00,3716.9169200701594,498.93751666666651,1254.0598097708878,1522.354163073609
2025-10-28,16:00-20:00,29.906721472529838,5481.7170351218265,1254.0598097708878,1522.354163073609
2025-10-28,20:00-24:00,222.39928919371272,3072.5320867515848,1254.0598097708878,1522.354163073609
2025-10-29,00:00-04:00,8660.9535784420768,1.3816546583018408,1522.354163073609,1200
2025-10-29,04:00-08:00,2612.5475874792746,4640.8719144910165,1522.354163073609,1200
2025-10-29,08:00-12:00,4209.6846159852685,4541.3643666666667,1522.354163073609,1200
2025-10-29,12:00-16:00,4848.8330399301831,863.85853333333353,1522.354163073609,1200
2025-10-29,16:00-20:00,187.41754479887959,5603.6418200271946,1522.354163073609,1200
2025-10-29,20:00-24:00,144.04763257578657,1376.4224969510274,1522.354163073609,1200
2025-10-30,00:00-04:00,8815.0561613600075,41.391559222735737,1200,1373.4479204536208
2025-10-30,04:00-08:00,2743.0451050543152,4359.3285864838699,1200,1373.4479204536208
2025-10-30,08:00-12:00,5966.4332594063635,3239.0713999999998,1200,1373.4479204536208
2025-10-30,12:00-16:00,3292.9733906895181,582.38986666666642,1200,1373.4479204536208
2025-10-30,16:00-20:00,90.097720701688857,5585.5754414645107,1200,1373.4479204536208
2025-10-30,20:00-24:00,179.83900057457549,3116.9701743610044,1200,1373.4479204536208
2025-10-31,00:00-04:00,5878.8847812237582,27.330594815655388,1373.4479204536208,1680.4225652961695
2025-10-31,04:00-08:00,815.75277621297664,5064.144710749566,1373.4479204536208,1680.4225652961695
2025-10-31,08:00-12:00,2943.4907472179725,46.735616666666601,1373.4479204536208,1680.4225652961695
2025-10-31,12:00-16:00,7187.7673748937541,62.790591714696404,1373.4479204536208,1680.4225652961695
2025-10-31,16:00-20:00,173.43668880482477,6145.2794784413927,1373.4479204536208,1680.4225652961695
2025-10-31,20:00-24:00,254.22245932090198,2352.8212376698216,1373.4479204536208,1680.4225652961695
2025-11-01,00:00-04:00,5282.4970967844947,112.34512613796824,1680.4225652961695,1763.8021963445333
2025-11-01,04:00-08:00,845.57488321491348,4972.8643831499703,1680.4225652961695,1763.8021963445333
2025-11-01,08:00-12:00,3902.9449642410846,18.272566666666609,1680.4225652961695,1763.8021963445333
2025-11-01,12:00-16:00,6428.0282858390947,24.446366566055232,1680.4225652961695,1763.8021963445333
2025-11-01,16:00-20:00,51.430587382487204,5858.3829068127516,1680.4225652961695,1763.8021963445333
2025-11-01,20:00-24:00,177.64717278420022,2456.0266048225471,1680.4225652961695,1763.8021963445333
2025-11-02,00:00-04:00,8159.074188330811,65.29456041789274,1763.8021963445333,1277.2565716790671
2025-11-02,04:00-08:00,2616.7238136580709,4298.3618488104439,1763.8021963445333,1277.2565716790671
2025-11-02,08:00-12:00,5613.8878101219543,4167.2029000000002,1763.8021963445333,1277.2565716790671
2025-11-02,12:00-16:00,5330.5937753602575,929.98913333333314,1763.8021963445333,1277.2565716790671
2025-11-02,16:00-20:00,0,5784.9806450559572,1763.8021963445333,1277.2565716790671
2025-11-02,20:00-24:00,218.12011077242892,2962.1657301585537,1763.8021963445333,1277.2565716790671
2025-11-03,00:00-04:00,8671.9432933905027,72.482089855895424,1277.2565716790671,1418.9890996750328
2025-11-03,04:00-08:00,2737.7239914617294,3759.5412874230487,1277.2565716790671,1418.9890996750328
2025-11-03,08:00-12:00,4928.1970343530684,3963.8820333333329,1277.2565716790671,1418.9890996750328
2025-11-03,12:00-16:00,4632.9990916191264,620.02486666666664,1277.2565716790671,1418.9890996750328
2025-11-03,16:00-20:00,9.9339765478127156,5507.4518852767287,1277.2565716790671,1418.9890996750328
2025-11-03,20:00-24:00,137.24520379606224,3054.6730610942818,1277.2565716790671,1418.9890996750328
2025-11-04,00:00-04:00,8652.224033158047,50.926033127764143,1418.9890996750328,1200
2025-11-04,04:00-08:00,2741.9027638895218,3803.8934826263294,1418.9890996750328,1200
2025-11-04,08:00-12:00,5659.6648483891768,3735.7086166666668,1418.9890996750328,1200
2025-11-04,12:00-16:00,3483.6354237565456,601.87798333333308,1418.9890996750328,1200
2025-11-04,16:00-20:00,0,5722.8125570059747,1418.9890996750328,1200
2025-11-04,20:00-24:00,132.80146323812926,3024.7566282169109,1418.9890996750328,1200
2025-11-05,00:00-04:00,8645.4483753488767,17.909081960201434,1200,1533.8180476325906
2025-11-05,04:00-08:00,2778.5893313569832,3832.138304013316,1200,1533.8180476325906
2025-11-05,08:00-12:00,5758.2634478043965,4274.9791666666661,1200,1533.8180476325906
2025-11-05,12:00-16:00,4509.3673672677451,805.22495000000004,1200,1533.8180476325906
2025-11-05,16:00-20:00,50.570797683394517,5457.4162145390019,1200,1533.8180476325906
2025-11-05,20:00-24:00,179.3392156809208,3068.3746534167649,1200,1533.8180476325906
2025-11-06,00:00-04:00,8390.7736605154169,88.900281519017199,1533.8180476325906,1200
2025-11-06,04:00-08:00,2600.5011522974223,3753.812210204007,1533.8180476325906,1200
2025-11-06,08:00-12:00,5254.6684606454783,5360.6563495247065,1533.8180476325906,1200
2025-11-06,12:00-16:00,5631.4860775366396,496.47459999999978,1533.8180476325906,1200
2025-11-06,16:00-20:00,232.25619481479691,5463.0427003758559,1533.8180476325906,1200
2025-11-06,20:00-24:00,119.00872765872259,3142.7924627552097,1533.8180476325906,1200
2025-11-07,00:00-04:00,6135.0984843690358,85.872194318830225,1200,1762.6033510173397
2025-11-07,04:00-08:00,1063.8269805134842,5547.9545927522086,1200,1762.6033510173397
2025-11-07,08:00-12:00,5281.1078888148413,217.43783948380423,1200,1762.6033510173397
2025-11-07,12:00-16:00,5415.4598440263226,4.0848636013439972,1200,1762.6033510173397
2025-11-07,16:00-20:00,0,5968.82153087609,1200,1762.6033510173397
2025-11-07,20:00-24:00,335.89041266309528,2436.9066874654136,1200,1762.6033510173397
2025-11-08,00:00-04:00,5710.7398628261144,11.416231324050216,1762.6033510173397,1719.209246021938
2025-11-08,04:00-08:00,1051.8133808811604,5258.3163739515858,1762.6033510173397,1719.209246021938
2025-11-08,08:00-12:00,4603.7296420242892,49.758766666666659,1762.6033510173397,1719.209246021938
2025-11-08,12:00-16:00,5258.1701692225415,24.336759259421321,1762.6033510173397,1719.209246021938
2025-11-08,16:00-20:00,83.030838135076579,6015.9040481538323,1762.6033510173397,1719.209246021938
2025-11-08,20:00-24:00,265.9374188918988,2427.7937778449814,1762.6033510173397,1719.209246021938
2025-11-09,00:00-04:00,8319.5856056653702,31.984254469554912,1719.209246021938,1271.8389670463505
2025-11-09,04:00-08:00,2643.1067056040411,2903.8523718805986,1719.209246021938,1271.8389670463505
2025-11-09,08:00-12:00,5778.1317706028212,4545.3632333333335,1719.209246021938,1271.8389670463505
2025-11-09,12:00-16:00,4062.3098364904404,1296.2538833333338,1719.209246021938,1271.8389670463505
2025-11-09,16:00-20:00,93.727506228388734,5585.0510855731864,1719.209246021938,1271.8389670463505
2025-11-09,20:00-24:00,251.8638946943741,3170.5959311092288,1719.209246021938,1271.8389670463505
2025-11-10,00:00-04:00,8892.113999218167,11.924497935853879,1271.8389670463505,1200
2025-11-10,04:00-08:00,2515.3668844480981,2956.6053490066752,1271.8389670463505,1200
2025-11-10,08:00-12:00,5272.650414516429,5193.4969333333338,1271.8389670463505,1200
2025-11-10,12:00-16:00,4524.6399792405682,1147.7873515812319,1271.8389670463505,1200
2025-11-10,16:00-20:00,13.622825236024141,5769.8057061718027,1271.8389670463505,1200
2025-11-10,20:00-24:00,214.43550398648699,2345.6272136958887,1271.8389670463505,1200
2025-11-11,00:00-04:00,8814.9770581660632,6.44995383353546,1200,1435.3373714558256
2025-11-11,04:00-08:00,2712.7063447590999,2532.189729978697,1200,1435.3373714558256
2025-11-11,08:00-12:00,5899.0681333333323,4966.8996333333325,1200,1435.3373714558256
2025-11-11,12:00-16:00,3632.7659679695635,912.66986127916175,1200,1435.3373714558256
2025-11-11,16:00-20:00,39.543706944657501,5457.8156209100325,1200,1435.3373714558256
2025-11-11,20:00-24:00,157.21029566656171,3129.7514868948119,1200,1435.3373714558256
2025-11-12,00:00-04:00,8676.5467592877358,7.4350856808500794,1435.3373714558256,1399.222107162901
2025-11-12,04:00-08:00,2693.3647493990788,2403.8667129822252,1435.3373714558256,1399.222107162901
2025-11-12,08:00-12:00,5786.9054109369772,5221.9529666666667,1435.3373714558256,1399.222107162901
2025-11-12,12:00-16:00,4042.6231598241511,1110.0953333333334,1435.3373714558256,1399.222107162901
2025-11-12,16:00-20:00,73.739918670174319,5628.0238397813328,1435.3373714558256,1399.222107162901
2025-11-12,20:00-24:00,236.84586377829871,3084.2507475553202,1435.3373714558256,1399.222107162901
2025-11-13,00:00-04:00,8525.244610206877,69.13736519696397,1399.222107162901,1342.5381962030858
2025-11-13,04:00-08:00,2823.1555377143027,2349.480619803398,1399.222107162901,1342.5381962030858
2025-11-13,08:00-12:00,5791.930940127444,4163.8605666666672,1399.222107162901,1342.5381962030858
2025-11-13,12:00-16:00,3251.504727886565,1524.9399166666662,1399.222107162901,1342.5381962030858
2025-11-13,16:00-20:00,114.90738529927738,5695.1697019776257,1399.222107162901,1342.5381962030858
2025-11-13,20:00-24:00,221.84539860038512,3038.5841154187397,1399.222107162901,1342.5381962030858
2025-11-14,00:00-04:00,6742.4669676349813,6.8307246420609431,1342.5381962030858,1715.5296467099361
2025-11-14,04:00-08:00,1228.6410854977544,5436.4758530315248,1342.5381962030858,1715.5296467099361
2025-11-14,08:00-12:00,5711.494048681132,132.81046666666657,1342.5381962030858,1715.5296467099361
2025-11-14,12:00-16:00,3714.9233836091848,30.366243361581752,1342.5381962030858,1715.5296467099361
2025-11-14,16:00-20:00,117.69956309049354,6089.7771157831212,1342.5381962030858,1715.5296467099361
2025-11-14,20:00-24:00,346.41376317571189,2435.9747285271783,1342.5381962030858,1715.5296467099361
2025-11-15,00:00-04:00,6301.2260833956734,80.008511572851319,1715.5296467099361,1560.9442174411117
2025-11-15,04:00-08:00,905.46893376239404,5710.3238342228542,1715.5296467099361,1560.9442174411117
2025-11-15,08:00-12:00,6255.9192942194113,291.41733333333332,1715.5296467099361,1560.9442174411117
2025-11-15,12:00-16:00,4139.5745739189351,57.004834346932334,1715.5296467099361,1560.9442174411117
2025-11-15,16:00-20:00,138.43036234990404,6051.2004480512769,1715.5296467099361,1560.9442174411117
2025-11-15,20:00-24:00,242.83421543525651,2515.7692299107698,1715.5296467099361,1560.9442174411117
2025-11-16,00:00-04:00,8438.2764523767291,3.3863385068117395,1560.9442174411117,1200
2025-11-16,04:00-08:00,2571.5968885418188,2626.3441251641407,1560.9442174411117,1200
2025-11-16,08:00-12:00,5570.9031586118081,5915.6871848707924,1560.9442174411117,1200
2025-11-16,12:00-16:00,5786.6481971646162,1257.046151478185,1560.9442174411117,1200
2025-11-16,16:00-20:00,23.020398862629008,5640.7332254724588,1560.9442174411117,1200
2025-11-16,20:00-24:00,216.09941527498097,3192.9538239790049,1560.9442174411117,1200
2025-11-17,00:00-04:00,8671.6815669129755,26.332069531058323,1200,1588.078332256247
2025-11-17,04:00-08:00,2721.6663213647407,2444.238218667168,1200,1588.078332256247
2025-11-17,08:00-12:00,5869.5456070485025,5611.2369999999992,1200,1588.078332256247
2025-11-17,12:00-16:00,4585.4277658238607,975.33293333333302,1200,1588.078332256247
2025-11-17,16:00-20:00,69.970106830008831,5487.6353418429007,1200,1588.078332256247
2025-11-17,20:00-24:00,173.85846455830801,3000.5953019510139,1200,1588.078332256247
2025-11-18,00:00-04:00,8345.4641054429758,2.8834377279137016,1588.078332256247,1216.4028673224032
2025-11-18,04:00-08:00,2700.9013960439215,2354.7727059843214,1588.078332256247,1216.4028673224032
2025-11-18,08:00-12:00,5590.93775948451,5042.0216833333325,1588.078332256247,1216.4028673224032
2025-11-18,12:00-16:00,4775.9307809590073,1841.5974944609598,1588.078332256247,1216.4028673224032
2025-11-18,16:00-20:00,96.311917196680838,5506.0717142179292,1588.078332256247,1216.4028673224032
2025-11-18,20:00-24:00,231.50089811432485,3197.4088370815407,1588.078332256247,1216.4028673224032
2025-11-19,00:00-04:00,8640.9481346672837,87.511647044195797,1216.4028673224032,1200
2025-11-19,04:00-08:00,2659.1404630771458,2672.8049713620921,1216.4028673224032,1200
2025-11-19,08:00-12:00,5496.3824192069369,6267.992549999999,1216.4028673224032,1200
2025-11-19,12:00-16:00,6496.1315879525155,1378.2472876028739,1216.4028673224032,1200
2025-11-19,16:00-20:00,129.60565720235263,5527.7808975848548,1216.4028673224032,1200
2025-11-19,20:00-24:00,144.56132506293835,3169.5085926031747,1216.4028673224032,1200
2025-11-20,00:00-04:00,8906.2987489570696,36.493007826733901,1200,1200
2025-11-20,04:00-08:00,2681.567825338042,2274.1119386553028,1200,1200
2025-11-20,08:00-12:00,5878.964729660267,5078.2322166666663,1200,1200
2025-11-20,12:00-16:00,4633.7356969307393,2037.005638152878,1200,1200
2025-11-20,16:00-20:00,127.94369841283367,5600.8430165567052,1200,1200
2025-11-20,20:00-24:00,210.58018024605758,3148.977794573173,1200,1200
2025-11-21,00:00-04:00,6611.6304142533736,173.9077916965835,1200,1896.0710513871084
2025-11-21,04:00-08:00,1155.0630073469804,5789.8853102541561,1200,1896.0710513871084
2025-11-21,08:00-12:00,6307.7718029273019,267.88211666666666,1200,1896.0710513871084
2025-11-21,12:00-16:00,4285.9865792412456,59.478362487266935,1200,1896.0710513871084
2025-11-21,16:00-20:00,153.93747955199854,5856.8291345512534,1200,1896.0710513871084
2025-11-21,20:00-24:00,242.95694395735637,2419.0037821910655,1200,1896.0710513871084
2025-11-22,00:00-04:00,6213.4811615506414,99.802810591452157,1896.0710513871084,1284.7462262238853
2025-11-22,04:00-08:00,910.12273863315841,5916.388507531844,1896.0710513871084,1284.7462262238853
2025-11-22,08:00-12:00,5745.2622928374531,383.31239077398334,1896.0710513871084,1284.7462262238853
2025-11-22,12:00-16:00,4925.010057162548,0,1896.0710513871084,1284.7462262238853
2025-11-22,16:00-20:00,77.572081480735562,6201.3053030071169,1896.0710513871084,1284.7462262238853
2025-11-22,20:00-24:00,208.79349684407816,2594.3792118344854,1896.0710513871084,1284.7462262238853
2025-11-23,00:00-04:00,8739.7123039290673,27.652934232182815,1284.7462262238853,1304.9517250856868
2025-11-23,04:00-08:00,2501.4756566547967,2443.4490163265059,1284.7462262238853,1304.9517250856868
2025-11-23,08:00-12:00,5397.5274455131776,6690.152694505141,1284.7462262238853,1304.9517250856868
2025-11-23,12:00-16:00,6606.8011265725036,1103.88535,1284.7462262238853,1304.9517250856868
2025-11-23,16:00-20:00,36.638385010602633,5630.169334491995,1284.7462262238853,1304.9517250856868
2025-11-23,20:00-24:00,195.71570902711335,3103.5809291014371,1284.7462262238853,1304.9517250856868
2025-11-24,00:00-04:00,8641.3796200679026,0,1304.9517250856868,1200
2025-11-24,04:00-08:00,2679.2431458762876,2143.9029622519251,1304.9517250856868,1200
2025-11-24,08:00-12:00,6074.9365645857833,5033.4459666666662,1304.9517250856868,1200
2025-11-24,12:00-16:00,3988.3968221518653,1598.1121073308188,1304.9517250856868,1200
2025-11-24,16:00-20:00,68.709687388466776,5548.6003592303005,1304.9517250856868,1200
2025-11-24,20:00-24:00,178.95358319616503,3292.0068899432536,1304.9517250856868,1200
2025-11-25,00:00-04:00,8850.3060448859542,44.135883823745075,1200,1305.2626317904801
2025-11-25,04:00-08:00,2587.6659333741823,2254.3277434320635,1200,1305.2626317904801
2025-11-25,08:00-12:00,5296.7842024594083,6250.8979999999992,1200,1305.2626317904801
2025-11-25,12:00-16:00,6236.2571345731467,1417.1591581312746,1200,1305.2626317904801
2025-11-25,16:00-20:00,79.483000017032964,5550.8320501564558,1200,1305.2626317904801
2025-11-25,20:00-24:00,233.59311730308332,3248.0232362614079,1200,1305.2626317904801
2025-11-26,00:00-04:00,8998.0874965928888,22.712837407099073,1305.2626317904801,1259.1825018141769
2025-11-26,04:00-08:00,2495.3957267246428,2289.3400538156898,1305.2626317904801,1259.1825018141769
2025-11-26,08:00-12:00,5344.2931783001441,6278.1498999999994,1305.2626317904801,1259.1825018141769
2025-11-26,12:00-16:00,5991.853392864592,1808.2315922804019,1305.2626317904801,1259.1825018141769
2025-11-26,16:00-20:00,114.23080179060412,5459.8899897690881,1305.2626317904801,1259.1825018141769
2025-11-26,20:00-24:00,275.69809313572728,2990.9902821273627,1305.2626317904801,1259.1825018141769
2025-11-27,00:00-04:00,8866.6437128562466,0,1259.1825018141769,1350.739888775676
2025-11-27,04:00-08:00,2602.0956628135177,2000.4018123702717,1259.1825018141769,1350.739888775676
2025-11-27,08:00-12:00,5728.3457832205731,5465.9499999999998,1259.1825018141769,1350.739888775676
2025-11-27,12:00-16:00,4826.9369577073658,1793.0580877146465,1259.1825018141769,1350.739888775676
2025-11-27,16:00-20:00,72.466888537445698,5613.9872890603147,1259.1825018141769,1350.739888775676
2025-11-27,20:00-24:00,233.76088071242816,3131.7035701259606,1259.1825018141769,1350.739888775676
2025-11-28,00:00-04:00,6871.4225860253682,22.335603225354532,1350.739888775676,1776.0245977977602
2025-11-28,04:00-08:00,1401.1827282640675,6069.5266087357095,1350.739888775676,1776.0245977977602
2025-11-28,08:00-12:00,5399.9793166666659,487.24363333333309,1350.739888775676,1776.0245977977602
2025-11-28,12:00-16:00,5005.0810274969717,45.469237950700915,1350.739888775676,1776.0245977977602
2025-11-28,16:00-20:00,50.732073397216141,6110.3075425420984,1350.739888775676,1776.0245977977602
2025-11-28,20:00-24:00,441.19553389820419,2409.7316813492098,1350.739888775676,1776.0245977977602
2025-11-29,00:00-04:00,6920.5783240312176,46.180106543364559,1776.0245977977602,1200
2025-11-29,04:00-08:00,1112.0329679958868,6075.4280410018309,1776.0245977977602,1200
2025-11-29,08:00-12:00,4275.4014333333334,493.28879999999992,1776.0245977977602,1200
2025-11-29,12:00-16:00,3944.7942612450802,179.89077112648715,1776.0245977977602,1200
2025-11-29,16:00-20:00,242.95718644240128,5856.6169545385928,1776.0245977977602,1200
2025-11-29,20:00-24:00,231.38259396904917,1416.0063460914546,1776.0245977977602,1200
2025-11-30,00:00-04:00,8899.4225529380838,29.696395406665463,1200,1200
2025-11-30,04:00-08:00,2675.0312467628692,2163.5427566048388,1200,1200
2025-11-30,08:00-12:00,5011.4388243780659,6863.7726495805573,1200,1200
2025-11-30,12:00-16:00,5907.007636862334,2187.2119812589935,1200,1200
2025-11-30,16:00-20:00,65.546221031565437,5577.6215475223216,1200,1200
2025-11-30,20:00-24:00,198.3336600616492,1611.1465846746253,1200,1200
2025-12-01,00:00-04:00,8105.5227716627833,224.26090608838661,1200,1200
2025-12-01,04:00-08:00,2205.3397281847192,2488.5312943505669,1200,1200
2025-12-01,08:00-12:00,5425.431952757488,5639.0064244375244,1200,1200
2025-12-01,12:00-16:00,6256.457952124536,2767.7040575722258,1200,1200
2025-12-01,16:00-20:00,117.2115506282347,5764.1948637127689,1200,1200
2025-12-01,20:00-24:00,118.76769289025981,1121.5750889194228,1200,1200
2025-12-02,00:00-04:00,8246.8199020824686,157.74972339398784,1200,1200.0000000000025
2025-12-02,04:00-08:00,2349.153808335936,2147.5109639916441,1200,1200.0000000000025
2025-12-02,08:00-12:00,4890.2122316358291,6277.4780180532798,1200,1200.0000000000025
2025-12-02,12:00-16:00,6203.4530028063018,2625.9433160676467,1200,1200.0000000000025
2025-12-02,16:00-20:00,89.125970699312802,5969.0370868651007,1200,1200.0000000000025
2025-12-02,20:00-24:00,114.00605426625739,555.42537718748929,1200,1200.0000000000025
2025-12-03,00:00-04:00,8380.6571719968069,178.52139291393166,1200.0000000000025,1200
2025-12-03,04:00-08:00,2328.3233977749387,2030.0192176495291,1200.0000000000025,1200
2025-12-03,08:00-12:00,5358.8752834642546,6475.6396538178178,1200.0000000000025,1200
2025-12-03,12:00-16:00,5924.1806611203974,2757.4992373264372,1200.0000000000025,1200
2025-12-03,16:00-20:00,117.6873767410619,5533.8537528041261,1200.0000000000025,1200
2025-12-03,20:00-24:00,65.994842664558064,986.79891983539812,1200.0000000000025,1200
2025-12-04,00:00-04:00,8535.0579598390796,353.67557149110985,1200,1218.3892570367404
2025-12-04,04:00-08:00,2608.1657741786803,2167.4660177305309,1200,1218.3892570367404
2025-12-04,08:00-12:00,5692.8608497154401,6504.8696353327468,1200,1218.3892570367404
2025-12-04,12:00-16:00,7577.3155314057876,2108.8428687081923,1200,1218.3892570367404
2025-12-04,16:00-20:00,19.361798046270906,5815.8004065591185,1200,1218.3892570367404
2025-12-04,20:00-24:00,143.700922632144,2939.7300658573345,1200,1218.3892570367404
2025-12-05,00:00-04:00,8950.5979906488319,0,1218.3892570367404,1453.7189965552845
2025-12-05,04:00-08:00,1554.9141978358798,7098.2542245936265,1218.3892570367404,1453.7189965552845
2025-12-05,08:00-12:00,4946.3358780294684,1427.7609794120578,1218.3892570367404,1453.7189965552845
2025-12-05,12:00-16:00,5493.566845561445,74.138252588247042,1218.3892570367404,1453.7189965552845
2025-12-05,16:00-20:00,273.09702011704496,6080.0708458730287,1218.3892570367404,1453.7189965552845
2025-12-05,20:00-24:00,236.68928440036592,2486.6919174067143,1218.3892570367404,1453.7189965552845
2025-12-06,00:00-04:00,8326.3990078191018,30.344857479630228,1453.7189965552845,1200
2025-12-06,04:00-08:00,1592.0148876879375,6426.8269380835254,1453.7189965552845,1200
2025-12-06,08:00-12:00,3268.9601714998307,1746.5245499999999,1453.7189965552845,1200
2025-12-06,12:00-16:00,5866.1084063575636,35.692829494240051,1453.7189965552845,1200
2025-12-06,16:00-20:00,143.35097660844212,6167.93945786322,1453.7189965552845,1200
2025-12-06,20:00-24:00,84.771686075147784,1439.1186241780424,1453.7189965552845,1200
2025-12-07,00:00-04:00,8647.6163817963825,28.253701248294988,1200,1200
2025-12-07,04:00-08:00,2367.9734315961068,2227.6513000100331,1200,1200
2025-12-07,08:00-12:00,5843.3031652428781,6032.7959140238763,1200,1200
2025-12-07,12:00-16:00,7145.6686706017572,2538.9611159851302,1200,1200
2025-12-07,16:00-20:00,37.700207605832766,5737.207248507978,1200,1200
2025-12-07,20:00-24:00,199.61659926190316,3071.0522696696189,1200,1200
2025-12-08,00:00-04:00,9368.4384451906208,0,1200,1718.8722380439456
2025-12-08,04:00-08:00,2612.7723919619616,1842.0875423979055,1200,1718.8722380439456
2025-12-08,08:00-12:00,5871.8386510611035,5817.3444627499757,1200,1718.8722380439456
2025-12-08,12:00-16:00,5552.4541874892084,2659.0259721714638,1200,1718.8722380439456
2025-12-08,16:00-20:00,39.24321849921801,5389.8969494944249,1200,1718.8722380439456
2025-12-08,20:00-24:00,360.91392398975165,3107.24532168209,1200,1718.8722380439456
2025-12-09,00:00-04:00,8820.9920399212024,0,1718.8722380439456,1495.1677328885701
2025-12-09,04:00-08:00,2603.138254895,1948.5599789740736,1718.8722380439456,1495.1677328885701
2025-12-09,08:00-12:00,6291.1921605960943,6185.9518073717009,1718.8722380439456,1495.1677328885701
2025-12-09,12:00-16:00,5607.3785192981659,2583.8610174092487,1718.8722380439456,1495.1677328885701
2025-12-09,16:00-20:00,27.11519474437106,5561.6495392228044,1718.8722380439456,1495.1677328885701
2025-12-09,20:00-24:00,295.78958111118789,3074.2523696204844,1718.8722380439456,1495.1677328885701
2025-12-10,00:00-04:00,9052.6276725133412,0,1495.1677328885701,1506.0360438159928
2025-12-10,04:00-08:00,2707.7416500067861,1898.3600546742018,1495.1677328885701,1506.0360438159928
2025-12-10,08:00-12:00,5880.0393043196491,5814.2030789577257,1495.1677328885701,1506.0360438159928
2025-12-10,12:00-16:00,5296.5122047270825,2512.9385705121358,1495.1677328885701,1506.0360438159928
2025-12-10,16:00-20:00,84.469416429110296,5524.7173579984083,1495.1677328885701,1506.0360438159928
2025-12-10,20:00-24:00,185.94641312864542,3037.9421535337851,1495.1677328885701,1506.0360438159928
2025-12-11,00:00-04:00,9084.7588944332037,0,1506.0360438159928,1576.1221326039524
2025-12-11,04:00-08:00,2655.702539541935,1881.3762006312113,1506.0360438159928,1576.1221326039524
2025-12-11,08:00-12:00,5994.3725574577447,6094.9864946756188,1506.0360438159928,1576.1221326039524
2025-12-11,12:00-16:00,4885.2427442121043,1981.3319000000001,1506.0360438159928,1576.1221326039524
2025-12-11,16:00-20:00,6.5607090777666599,5411.3926182182222,1506.0360438159928,1576.1221326039524
2025-12-11,20:00-24:00,269.36837258104674,3113.6000185818616,1506.0360438159928,1576.1221326039524
2025-12-12,00:00-04:00,8943.9612577217958,0,1576.1221326039524,1762.3642328538017
2025-12-12,04:00-08:00,1438.5095487784279,5562.817871263107,1576.1221326039524,1762.3642328538017
2025-12-12,08:00-12:00,5125.834893331571,1598.6587999999997,1576.1221326039524,1762.3642328538017
2025-12-12,12:00-16:00,3581.77670994543,0,1576.1221326039524,1762.3642328538017
2025-12-12,16:00-20:00,36.303687231021385,5894.5688866571272,1576.1221326039524,1762.3642328538017
2025-12-12,20:00-24:00,294.21035828639992,2507.0196806435638,1576.1221326039524,1762.3642328538017
2025-12-13,00:00-04:00,8627.8679259304408,0,1762.3642328538017,1742.8227363588096
2025-12-13,04:00-08:00,1455.9441348023815,5779.165390308428,1762.3642328538017,1742.8227363588096
2025-12-13,08:00-12:00,5705.8866311883612,1675.5021666666667,1762.3642328538017,1742.8227363588096
2025-12-13,12:00-16:00,3546.5753377989918,73.842216666666744,1762.3642328538017,1742.8227363588096
2025-12-13,16:00-20:00,0.11971825044383877,5871.3452638143863,1762.3642328538017,1742.8227363588096
2025-12-13,20:00-24:00,348.2628285927928,2562.3041364057044,1762.3642328538017,1742.8227363588096
2025-12-14,00:00-04:00,8739.2930035382033,0,1742.8227363588096,1469.5780333284911
2025-12-14,04:00-08:00,2668.4191909120409,1813.0579906736473,1742.8227363588096,1469.5780333284911
2025-12-14,08:00-12:00,5704.4411374387591,6514.9493496069754,1742.8227363588096,1469.5780333284911
2025-12-14,12:00-16:00,6222.9709847168906,2429.5693553686419,1742.8227363588096,1469.5780333284911
2025-12-14,16:00-20:00,56.33206152308091,5475.006079372899,1742.8227363588096,1469.5780333284911
2025-12-14,20:00-24:00,259.61880455505514,3170.7083556791872,1742.8227363588096,1469.5780333284911
2025-12-15,00:00-04:00,8865.1746391176093,0,1469.5780333284911,1582.0361647917689
2025-12-15,04:00-08:00,2751.9537097157054,1915.6897225061971,1469.5780333284911,1582.0361647917689
2025-12-15,08:00-12:00,5482.0343208853064,6564.2303368986923,1469.5780333284911,1582.0361647917689
2025-12-15,12:00-16:00,6551.423333667276,2279.6748333333335,1469.5780333284911,1582.0361647917689
2025-12-15,16:00-20:00,13.863507017777188,5391.8746761759912,1469.5780333284911,1582.0361647917689
2025-12-15,20:00-24:00,240.24258493131003,3110.1187099901767,1469.5780333284911,1582.0361647917689
2025-12-16,00:00-04:00,8988.2109488504393,0,1582.0361647917689,1355.1475771644607
2025-12-16,04:00-08:00,2622.5975290708298,1920.7911348611619,1582.0361647917689,1355.1475771644607
2025-12-16,08:00-12:00,5700.8792395212231,6621.626667804152,1582.0361647917689,1355.1475771644607
2025-12-16,12:00-16:00,6129.8185636514017,2149.0348333333332,1582.0361647917689,1355.1475771644607
2025-12-16,16:00-20:00,3.1243778607677086,5474.8658421852751,1582.0361647917689,1355.1475771644607
2025-12-16,20:00-24:00,189.99986939199141,3181.931978641448,1582.0361647917689,1355.1475771644607
2025-12-17,00:00-04:00,9129.0495202951879,0,1355.1475771644607,1602.6006079704125
2025-12-17,04:00-08:00,2658.1853200633395,1865.003617967393,1355.1475771644607,1602.6006079704125
2025-12-17,08:00-12:00,6249.0222564243231,6051.0711317302612,1355.1475771644607,1602.6006079704125
2025-12-17,12:00-16:00,4959.6721175171033,2210.2607333333335,1355.1475771644607,1602.6006079704125
2025-12-17,16:00-20:00,18.213151570300838,5356.6391923028705,1355.1475771644607,1602.6006079704125
2025-12-17,20:00-24:00,273.18011137471194,3157.0488035092212,1355.1475771644607,1602.6006079704125
2025-12-18,00:00-04:00,8645.5502706248462,0,1602.6006079704125,1540.5067338924905
2025-12-18,04:00-08:00,2906.2242102951172,1842.1643527046363,1602.6006079704125,1540.5067338924905
2025-12-18,08:00-12:00,6005.1996923228198,6557.2910439567822,1602.6006079704125,1540.5067338924905
2025-12-18,12:00-16:00,5828.3309495819631,2264.9823000000006,1602.6006079704125,1540.5067338924905
2025-12-18,16:00-20:00,30.384626546930576,5415.5414187068336,1602.6006079704125,1540.5067338924905
2025-12-18,20:00-24:00,149.17280286867151,3063.4440386165652,1602.6006079704125,1540.5067338924905
2025-12-19,00:00-04:00,8957.6713069556645,0,1540.5067338924905,1549.2987568740773
2025-12-19,04:00-08:00,1397.5950541141437,5371.8809333333329,1540.5067338924905,1549.2987568740773
2025-12-19,08:00-12:00,6332.3199500558967,1621.1751166666663,1540.5067338924905,1549.2987568740773
2025-12-19,12:00-16:00,2271.8061656192608,30.50791666666661,1540.5067338924905,1549.2987568740773
2025-12-19,16:00-20:00,1.1547952310557876,5933.528450803823,1540.5067338924905,1549.2987568740773
2025-12-19,20:00-24:00,243.61425693137181,2590.365600261076,1540.5067338924905,1549.2987568740773
2025-12-20,00:00-04:00,8929.3707388210132,0.62097356517369917,1549.2987568740773,1541.4776599470704
2025-12-20,04:00-08:00,1433.534026690608,5375.9767044875807,1549.2987568740773,1541.4776599470704
2025-12-20,08:00-12:00,6442.8647998742344,2062.8946166666669,1549.2987568740773,1541.4776599470704
2025-12-20,12:00-16:00,2739.4774883582772,66.526699999999892,1549.2987568740773,1541.4776599470704
2025-12-20,16:00-20:00,12.447480492992327,5971.0693715530888,1549.2987568740773,1541.4776599470704
2025-12-20,20:00-24:00,176.17496294893675,2514.3849136825111,1549.2987568740773,1541.4776599470704
2025-12-21,00:00-04:00,8783.8328910946311,0,1541.4776599470704,1508.2448846575728
2025-12-21,04:00-08:00,2795.9315793238079,1944.9331391316537,1541.4776599470704,1508.2448846575728
2025-12-21,08:00-12:00,5314.3323887454208,6282.5261893626903,1541.4776599470704,1508.2448846575728
2025-12-21,12:00-16:00,6291.3832040566922,2220.1094166666667,1541.4776599470704,1508.2448846575728
2025-12-21,16:00-20:00,1.3280302798153165,5661.6753358688738,1541.4776599470704,1508.2448846575728
2025-12-21,20:00-24:00,302.98031324599708,2947.3940261952193,1541.4776599470704,1508.2448846575728
2025-12-22,00:00-04:00,8660.2861384141343,0,1508.2448846575728,1319.545482535643
2025-12-22,04:00-08:00,3002.3359159334173,1880.4236191624698,1508.2448846575728,1319.545482535643
2025-12-22,08:00-12:00,6181.3617556399213,6236.3315545666974,1508.2448846575728,1319.545482535643
2025-12-22,12:00-16:00,5490.6831581656352,2421.7454666666663,1508.2448846575728,1319.545482535643
2025-12-22,16:00-20:00,9.3515263223354541,5575.592266942067,1508.2448846575728,1319.545482535643
2025-12-22,20:00-24:00,274.33214482006349,3186.6005724011966,1508.2448846575728,1319.545482535643
2025-12-23,00:00-04:00,9197.4197397075441,0,1319.545482535643,1572.6574057864752
2025-12-23,04:00-08:00,2683.2326508343517,1839.5712785571404,1319.545482535643,1572.6574057864752
2025-12-23,08:00-12:00,6192.3894861715908,6042.2171584990874,1319.545482535643,1572.6574057864752
2025-12-23,12:00-16:00,5135.6766452299016,2384.8644999999997,1319.545482535643,1572.6574057864752
2025-12-23,16:00-20:00,41.022469832080901,5423.8506182636975,1319.545482535643,1572.6574057864752
2025-12-23,20:00-24:00,286.82892416928382,3146.3173456695813,1319.545482535643,1572.6574057864752
2025-12-24,00:00-04:00,9015.7248719089039,0,1572.6574057864752,1471.3815918602727
2025-12-24,04:00-08:00,2537.4845516898949,1857.7661757830033,1572.6574057864752,1471.3815918602727
2025-12-24,08:00-12:00,6046.2562678754784,6214.1595712227963,1572.6574057864752,1471.3815918602727
2025-12-24,12:00-16:00,5596.4902978422633,2412.1902695484227,1572.6574057864752,1471.3815918602727
2025-12-24,16:00-20:00,32.263047599585164,5526.1039256329732,1572.6574057864752,1471.3815918602727
2025-12-24,20:00-24:00,298.69856958107977,3137.7315516091189,1572.6574057864752,1471.3815918602727
2025-12-25,00:00-04:00,9030.1284200172304,0,1471.3815918602727,1446.4513716915685
2025-12-25,04:00-08:00,2676.0281447562979,1940.9173481607427,1471.3815918602727,1446.4513716915685
2025-12-25,08:00-12:00,5819.9302515241525,5829.5331516963324,1471.3815918602727,1446.4513716915685
2025-12-25,12:00-16:00,5141.3824847510805,2202.7063796347006,1471.3815918602727,1446.4513716915685
2025-12-25,16:00-20:00,14.86043809211507,5581.9811036971887,1471.3815918602727,1446.4513716915685
2025-12-25,20:00-24:00,316.60946326362495,3096.4399689105157,1471.3815918602727,1446.4513716915685
2025-12-26,00:00-04:00,8998.2290081740666,0.3411040898677129,1446.4513716915685,2109.4791740943224
2025-12-26,04:00-08:00,1451.9128542063522,5563.6560082094729,1446.4513716915685,2109.4791740943224
2025-12-26,08:00-12:00,6281.353259850649,1738.8788666666669,1446.4513716915685,2109.4791740943224
2025-12-26,12:00-16:00,2919.5802412795479,196.3013,1446.4513716915685,2109.4791740943224
2025-12-26,16:00-20:00,0,5797.7242852223753,1446.4513716915685,2109.4791740943224
2025-12-26,20:00-24:00,325.62388812961609,2287.4998074777254,1446.4513716915685,2109.4791740943224
2025-12-27,00:00-04:00,8304.8614834677101,0,2109.4791740943224,1637.163734047067
2025-12-27,04:00-08:00,1393.4025791269896,5459.8478883213065,2109.4791740943224,1637.163734047067
2025-12-27,08:00-12:00,5452.3128518271915,1699.5235666666663,2109.4791740943224,1637.163734047067
2025-12-27,12:00-16:00,3403.6045600380321,48.046796009456564,2109.4791740943224,1637.163734047067
2025-12-27,16:00-20:00,25.371209025381972,5991.9937828662005,2109.4791740943224,1637.163734047067
2025-12-27,20:00-24:00,369.74973611453373,2574.6068220547754,2109.4791740943224,1637.163734047067
2025-12-28,00:00-04:00,8664.277275701279,0,1637.163734047067,1630.8186262484264
2025-12-28,04:00-08:00,2759.0304485290144,1848.5230400126038,1637.163734047067,1630.8186262484264
2025-12-28,08:00-12:00,5748.2342311384064,6373.6808247945173,1637.163734047067,1630.8186262484264
2025-12-28,12:00-16:00,5299.7821444231849,1733.0160166666665,1637.163734047067,1630.8186262484264
2025-12-28,16:00-20:00,18.261969297460837,5419.2162177385208,1637.163734047067,1630.8186262484264
2025-12-28,20:00-24:00,337.14897261434567,3120.9298815864581,1637.163734047067,1630.8186262484264
2025-12-29,00:00-04:00,9018.5735693955212,23.020240019959374,1630.8186262484264,1302.5276752804937
2025-12-29,04:00-08:00,2000.9313935627017,1345.4072695233804,1630.8186262484264,1302.5276752804937
2025-12-29,08:00-12:00,5851.5210146721101,6235.3442351633603,1630.8186262484264,1302.5276752804937
2025-12-29,12:00-16:00,5584.7189558824766,2333.1184150622598,1630.8186262484264,1302.5276752804937
2025-12-29,16:00-20:00,88.728345775780639,5499.1290172701638,1630.8186262484264,1302.5276752804937
2025-12-29,20:00-24:00,153.88014951872367,3245.1089561659401,1630.8186262484264,1302.5276752804937
2025-12-30,00:00-04:00,9455.6402958035524,0,1302.5276752804937,1406.79944295569
2025-12-30,04:00-08:00,1979.5164884027745,1499.1040781302743,1302.5276752804937,1406.79944295569
2025-12-30,08:00-12:00,5643.5085144179611,7295.7644241533135,1302.5276752804937,1406.79944295569
2025-12-30,12:00-16:00,6534.5838510026369,1786.9572387397379,1302.5276752804937,1406.79944295569
2025-12-30,16:00-20:00,9.8311223548706845,5538.7129871148909,1302.5276752804937,1406.79944295569
2025-12-30,20:00-24:00,173.55719507426568,3060.8930292695154,1302.5276752804937,1406.79944295569
2025-12-31,00:00-04:00,8733.8720409235902,62.717442569393029,1406.79944295569,1200
2025-12-31,04:00-08:00,3049.0593335872059,1870.531694851592,1406.79944295569,1200
2025-12-31,08:00-12:00,5485.2053551613753,7582.959978335145,1406.79944295569,1200
2025-12-31,12:00-16:00,7241.5145595150061,2592.1874699600949,1406.79944295569,1200
2025-12-31,16:00-20:00,128.63665019173538,5537.396056706395,1406.79944295569,1200
2025-12-31,20:00-24:00,128.91303976139011,2601.759649341142,1406.79944295569,1200
