id,source_line,section,kind,source_text,code_locations,test_locations,criterion,implementation_linked,real_acceptance,evidence,acceptance_note
Q2F-L0001-S1,1,2.1,markup,# 问题二：基于尾部校准与动态 SOC 安全裕度的不对称补购损失滚动两阶段随机规划模型,src\q2\rolling.py:368#run_rollout;src\q2\policy.py:48#respond;src\q2\optimization.py:19#build_model,src\q2\test_dispatch.py:14#test_load_priority_and_soc_clipping,main,True,True,processed/main/run_status.json;processed/main/dispatch.csv,主回放已完成334/334日；计算受限10日
Q2F-L0003-S1,3,2.1,markup,## 2.1 问题分析与建模主线,src\q2\rolling.py:368#run_rollout;src\q2\policy.py:48#respond;src\q2\optimization.py:19#build_model,src\q2\test_dispatch.py:14#test_load_priority_and_soc_clipping,main,True,True,processed/main/run_status.json;processed/main/dispatch.csv,主回放已完成334/334日；计算受限10日
Q2F-L0005-S1,5,2.1,sentence,问题二要求微网在每天 0:00 制定当日计划购电策略，而当天真实小区负荷与光伏发电功率在决策时尚未实现；,src\q2\rolling.py:368#run_rollout;src\q2\policy.py:48#respond;src\q2\optimization.py:19#build_model,src\q2\test_dispatch.py:14#test_load_priority_and_soc_clipping,main,True,True,processed/main/run_status.json;processed/main/dispatch.csv,主回放已完成334/334日；计算受限10日
Q2F-L0005-S2,5,2.1,sentence,若微网在实际运行时对小区负荷的供能不足，则不足部分需按交易时刻电价的 5 倍向外网紧急购电。,src\q2\rolling.py:368#run_rollout;src\q2\policy.py:48#respond;src\q2\optimization.py:19#build_model,src\q2\test_dispatch.py:14#test_load_priority_and_soc_clipping,main,True,True,processed/main/run_status.json;processed/main/dispatch.csv,主回放已完成334/334日；计算受限10日
Q2F-L0005-S3,5,2.1,sentence,因此，与问题一相比，本问的核心变化不是储能物理边界发生改变，而是**日前决策必须在负荷与光伏尚未实现时作出，并为实际运行中的供需偏差预留补救机制**。,src\q2\rolling.py:368#run_rollout;src\q2\policy.py:48#respond;src\q2\optimization.py:19#build_model,src\q2\test_dispatch.py:14#test_load_priority_and_soc_clipping,main,True,True,processed/main/run_status.json;processed/main/dispatch.csv,主回放已完成334/334日；计算受限10日
Q2F-L0007-S1,7,2.1,sentence,从随机规划角度，本问具有清晰的“日前决策—随机实现—运行补救”两阶段结构。,src\q2\rolling.py:368#run_rollout;src\q2\policy.py:48#respond;src\q2\optimization.py:19#build_model,src\q2\test_dispatch.py:14#test_load_priority_and_soc_clipping,main,True,True,processed/main/run_status.json;processed/main/dispatch.csv,主回放已完成334/334日；计算受限10日
Q2F-L0007-S2,7,2.1,sentence,第一阶段在每天 0:00、尚未观察到当天真实负荷与光伏之前，确定全天计划购电量及储能响应上限；,src\q2\rolling.py:368#run_rollout;src\q2\policy.py:48#respond;src\q2\optimization.py:19#build_model,src\q2\test_dispatch.py:14#test_load_priority_and_soc_clipping,main,True,True,processed/main/run_status.json;processed/main/dispatch.csv,主回放已完成334/334日；计算受限10日
Q2F-L0007-S3,7,2.1,sentence,第二阶段随着实际负荷与光伏逐时实现，在第一阶段计划不变的前提下，通过储能实际充放电和必要的紧急购电处理供需偏差。,src\q2\rolling.py:368#run_rollout;src\q2\policy.py:48#respond;src\q2\optimization.py:19#build_model,src\q2\test_dispatch.py:14#test_load_priority_and_soc_clipping,main,True,True,processed/main/run_status.json;processed/main/dispatch.csv,主回放已完成334/334日；计算受限10日
Q2F-L0007-S4,7,2.1,sentence,因此，本文将问题二的主模型定位为,src\q2\rolling.py:368#run_rollout;src\q2\policy.py:48#respond;src\q2\optimization.py:19#build_model,src\q2\test_dispatch.py:14#test_load_priority_and_soc_clipping,main,True,True,processed/main/run_status.json;processed/main/dispatch.csv,主回放已完成334/334日；计算受限10日
Q2F-L0009-S1,9,2.1,sentence,\[,src\q2\rolling.py:368#run_rollout;src\q2\policy.py:48#respond;src\q2\optimization.py:19#build_model,src\q2\test_dispatch.py:14#test_load_priority_and_soc_clipping,main,True,True,processed/main/run_status.json;processed/main/dispatch.csv,主回放已完成334/334日；计算受限10日
Q2F-L0010-S1,10,2.1,sentence,\boxed{,src\q2\rolling.py:368#run_rollout;src\q2\policy.py:48#respond;src\q2\optimization.py:19#build_model,src\q2\test_dispatch.py:14#test_load_priority_and_soc_clipping,main,True,True,processed/main/run_status.json;processed/main/dispatch.csv,主回放已完成334/334日；计算受限10日
Q2F-L0011-S1,11,2.1,sentence,\textbf{基于不对称补购损失的储能耦合滚动两阶段随机规划模型}.,src\q2\rolling.py:368#run_rollout;src\q2\policy.py:48#respond;src\q2\optimization.py:19#build_model,src\q2\test_dispatch.py:14#test_load_priority_and_soc_clipping,main,True,True,processed/main/run_status.json;processed/main/dispatch.csv,主回放已完成334/334日；计算受限10日
Q2F-L0012-S1,12,2.1,sentence,},src\q2\rolling.py:368#run_rollout;src\q2\policy.py:48#respond;src\q2\optimization.py:19#build_model,src\q2\test_dispatch.py:14#test_load_priority_and_soc_clipping,main,True,True,processed/main/run_status.json;processed/main/dispatch.csv,主回放已完成334/334日；计算受限10日
Q2F-L0013-S1,13,2.1,sentence,\],src\q2\rolling.py:368#run_rollout;src\q2\policy.py:48#respond;src\q2\optimization.py:19#build_model,src\q2\test_dispatch.py:14#test_load_priority_and_soc_clipping,main,True,True,processed/main/run_status.json;processed/main/dispatch.csv,主回放已完成334/334日；计算受限10日
Q2F-L0015-S1,15,2.1,sentence,其决策顺序可表示为,src\q2\rolling.py:368#run_rollout;src\q2\policy.py:48#respond;src\q2\optimization.py:19#build_model,src\q2\test_dispatch.py:14#test_load_priority_and_soc_clipping,main,True,True,processed/main/run_status.json;processed/main/dispatch.csv,主回放已完成334/334日；计算受限10日
Q2F-L0017-S1,17,2.1,sentence,\[,src\q2\rolling.py:368#run_rollout;src\q2\policy.py:48#respond;src\q2\optimization.py:19#build_model,src\q2\test_dispatch.py:14#test_load_priority_and_soc_clipping,main,True,True,processed/main/run_status.json;processed/main/dispatch.csv,主回放已完成334/334日；计算受限10日
Q2F-L0018-S1,18,2.1,sentence,\boxed{,src\q2\rolling.py:368#run_rollout;src\q2\policy.py:48#respond;src\q2\optimization.py:19#build_model,src\q2\test_dispatch.py:14#test_load_priority_and_soc_clipping,main,True,True,processed/main/run_status.json;processed/main/dispatch.csv,主回放已完成334/334日；计算受限10日
Q2F-L0019-S1,19,2.1,sentence,\underbrace{\text{0:00 日前计划}}_{\text{第一阶段}},src\q2\rolling.py:368#run_rollout;src\q2\policy.py:48#respond;src\q2\optimization.py:19#build_model,src\q2\test_dispatch.py:14#test_load_priority_and_soc_clipping,main,True,True,processed/main/run_status.json;processed/main/dispatch.csv,主回放已完成334/334日；计算受限10日
Q2F-L0020-S1,20,2.1,sentence,\rightarrow,src\q2\rolling.py:368#run_rollout;src\q2\policy.py:48#respond;src\q2\optimization.py:19#build_model,src\q2\test_dispatch.py:14#test_load_priority_and_soc_clipping,main,True,True,processed/main/run_status.json;processed/main/dispatch.csv,主回放已完成334/334日；计算受限10日
Q2F-L0021-S1,21,2.1,sentence,\underbrace{\text{负荷/光伏随机实现}}_{\text{不确定性}},src\q2\rolling.py:368#run_rollout;src\q2\policy.py:48#respond;src\q2\optimization.py:19#build_model,src\q2\test_dispatch.py:14#test_load_priority_and_soc_clipping,main,True,True,processed/main/run_status.json;processed/main/dispatch.csv,主回放已完成334/334日；计算受限10日
Q2F-L0022-S1,22,2.1,sentence,\rightarrow,src\q2\rolling.py:368#run_rollout;src\q2\policy.py:48#respond;src\q2\optimization.py:19#build_model,src\q2\test_dispatch.py:14#test_load_priority_and_soc_clipping,main,True,True,processed/main/run_status.json;processed/main/dispatch.csv,主回放已完成334/334日；计算受限10日
Q2F-L0023-S1,23,2.1,sentence,\underbrace{\text{储能补救与紧急购电}}_{\text{第二阶段}},src\q2\rolling.py:368#run_rollout;src\q2\policy.py:48#respond;src\q2\optimization.py:19#build_model,src\q2\test_dispatch.py:14#test_load_priority_and_soc_clipping,main,True,True,processed/main/run_status.json;processed/main/dispatch.csv,主回放已完成334/334日；计算受限10日
Q2F-L0024-S1,24,2.1,sentence,},src\q2\rolling.py:368#run_rollout;src\q2\policy.py:48#respond;src\q2\optimization.py:19#build_model,src\q2\test_dispatch.py:14#test_load_priority_and_soc_clipping,main,True,True,processed/main/run_status.json;processed/main/dispatch.csv,主回放已完成334/334日；计算受限10日
Q2F-L0025-S1,25,2.1,sentence,\],src\q2\rolling.py:368#run_rollout;src\q2\policy.py:48#respond;src\q2\optimization.py:19#build_model,src\q2\test_dispatch.py:14#test_load_priority_and_soc_clipping,main,True,True,processed/main/run_status.json;processed/main/dispatch.csv,主回放已完成334/334日；计算受限10日
Q2F-L0027-S1,27,2.1,sentence,其中，第二阶段并不意味着在某一时刻一次性获知整日未来真实轨迹后再自由优化。,src\q2\rolling.py:368#run_rollout;src\q2\policy.py:48#respond;src\q2\optimization.py:19#build_model,src\q2\test_dispatch.py:14#test_load_priority_and_soc_clipping,main,True,True,processed/main/run_status.json;processed/main/dispatch.csv,主回放已完成334/334日；计算受限10日
Q2F-L0027-S2,27,2.1,sentence,"为避免场景内的“上帝视角”，本文对第二阶段补救施加**非前瞻的负荷优先执行规则**：第 \(\tau\) 时段的实际储能动作只能依赖第一阶段已经确定的计划、当前已经实现的净负荷以及上一时段 SOC，而不能使用 \(\tau+1,\tau+2,\ldots\) 的未来场景信息。",src\q2\rolling.py:368#run_rollout;src\q2\policy.py:48#respond;src\q2\optimization.py:19#build_model,src\q2\test_dispatch.py:14#test_load_priority_and_soc_clipping,main,True,True,processed/main/run_status.json;processed/main/dispatch.csv,主回放已完成334/334日；计算受限10日
Q2F-L0027-S3,27,2.1,sentence,也就是说，本文所称“两阶段”描述的是“日前计划层—日内补救层”的经济决策层次，而第二阶段内部仍严格满足因果性。,src\q2\rolling.py:368#run_rollout;src\q2\policy.py:48#respond;src\q2\optimization.py:19#build_model,src\q2\test_dispatch.py:14#test_load_priority_and_soc_clipping,main,True,True,processed/main/run_status.json;processed/main/dispatch.csv,主回放已完成334/334日；计算受限10日
Q2F-L0029-S1,29,2.1,sentence,题目规定紧急购电价格为正常购电价格的 5 倍，由此产生显著的不对称补购损失。,src\q2\rolling.py:368#run_rollout;src\q2\policy.py:48#respond;src\q2\optimization.py:19#build_model,src\q2\test_dispatch.py:14#test_load_priority_and_soc_clipping,main,True,True,processed/main/run_status.json;processed/main/dispatch.csv,主回放已完成334/334日；计算受限10日
Q2F-L0029-S2,29,2.1,sentence,无储能单时段退化情形下，少购 1 kWh 的边际缺货损失为 \(4p_t\)，多购 1 kWh 的过量损失为 \(p_t\)，从而可严格推出 \(80\%\) 临界分位数。,src\q2\rolling.py:368#run_rollout;src\q2\policy.py:48#respond;src\q2\optimization.py:19#build_model,src\q2\test_dispatch.py:14#test_load_priority_and_soc_clipping,main,True,True,processed/main/run_status.json;processed/main/dispatch.csv,主回放已完成334/334日；计算受限10日
Q2F-L0029-S3,29,2.1,sentence,该随机报童型结构是本问的理论解释核心；,src\q2\rolling.py:368#run_rollout;src\q2\policy.py:48#respond;src\q2\optimization.py:19#build_model,src\q2\test_dispatch.py:14#test_load_priority_and_soc_clipping,main,True,True,processed/main/run_status.json;processed/main/dispatch.csv,主回放已完成334/334日；计算受限10日
Q2F-L0029-S4,29,2.1,sentence,完整模型再通过 SOC 状态方程将各时段耦合，并通过两阶段随机规划处理预测误差。,src\q2\rolling.py:368#run_rollout;src\q2\policy.py:48#respond;src\q2\optimization.py:19#build_model,src\q2\test_dispatch.py:14#test_load_priority_and_soc_clipping,main,True,True,processed/main/run_status.json;processed/main/dispatch.csv,主回放已完成334/334日；计算受限10日
Q2F-L0031-S1,31,2.1,sentence,考虑到净负荷预测误差具有明显的非对称经济后果，本文在联合误差场景中显式保留不利尾部，并进一步利用历史样本外累计净负荷低估风险构造动态 SOC 安全裕度。,src\q2\rolling.py:368#run_rollout;src\q2\policy.py:48#respond;src\q2\optimization.py:19#build_model,src\q2\test_dispatch.py:14#test_load_priority_and_soc_clipping,main,True,True,processed/main/run_status.json;processed/main/dispatch.csv,主回放已完成334/334日；计算受限10日
Q2F-L0031-S2,31,2.1,sentence,前者用于避免有限近期样本遗漏高代价的净负荷低估轨迹，后者用于防止储能在高风险时段到来前过早耗尽。,src\q2\rolling.py:368#run_rollout;src\q2\policy.py:48#respond;src\q2\optimization.py:19#build_model,src\q2\test_dispatch.py:14#test_load_priority_and_soc_clipping,main,True,True,processed/main/run_status.json;processed/main/dispatch.csv,主回放已完成334/334日；计算受限10日
Q2F-L0031-S3,31,2.1,sentence,二者均只使用第 \(d\) 日 0:00 前已经实现的数据，不改变题目给定的购电价格、储能物理参数和紧急购电定义。,src\q2\rolling.py:368#run_rollout;src\q2\policy.py:48#respond;src\q2\optimization.py:19#build_model,src\q2\test_dispatch.py:14#test_load_priority_and_soc_clipping,main,True,True,processed/main/run_status.json;processed/main/dispatch.csv,主回放已完成334/334日；计算受限10日
Q2F-L0033-S1,33,2.1,sentence,因此，本文采用“**滚动预测—predictor-consistent 联合误差场景—单侧尾部校准—动态 SOC 安全裕度—不对称损失两阶段随机规划—真实回放**”的建模主线。,src\q2\rolling.py:368#run_rollout;src\q2\policy.py:48#respond;src\q2\optimization.py:19#build_model,src\q2\test_dispatch.py:14#test_load_priority_and_soc_clipping,main,True,True,processed/main/run_status.json;processed/main/dispatch.csv,主回放已完成334/334日；计算受限10日
Q2F-L0033-S2,33,2.1,sentence,整体技术路线为,src\q2\rolling.py:368#run_rollout;src\q2\policy.py:48#respond;src\q2\optimization.py:19#build_model,src\q2\test_dispatch.py:14#test_load_priority_and_soc_clipping,main,True,True,processed/main/run_status.json;processed/main/dispatch.csv,主回放已完成334/334日；计算受限10日
Q2F-L0035-S1,35,2.1,sentence,\[,src\q2\rolling.py:368#run_rollout;src\q2\policy.py:48#respond;src\q2\optimization.py:19#build_model,src\q2\test_dispatch.py:14#test_load_priority_and_soc_clipping,main,True,True,processed/main/run_status.json;processed/main/dispatch.csv,主回放已完成334/334日；计算受限10日
Q2F-L0036-S1,36,2.1,sentence,\boxed{,src\q2\rolling.py:368#run_rollout;src\q2\policy.py:48#respond;src\q2\optimization.py:19#build_model,src\q2\test_dispatch.py:14#test_load_priority_and_soc_clipping,main,True,True,processed/main/run_status.json;processed/main/dispatch.csv,主回放已完成334/334日；计算受限10日
Q2F-L0037-S1,37,2.1,sentence,\begin{aligned},src\q2\rolling.py:368#run_rollout;src\q2\policy.py:48#respond;src\q2\optimization.py:19#build_model,src\q2\test_dispatch.py:14#test_load_priority_and_soc_clipping,main,True,True,processed/main/run_status.json;processed/main/dispatch.csv,主回放已完成334/334日；计算受限10日
Q2F-L0038-S1,38,2.1,sentence,&\text{数据清洗与时间索引规范化}\\,src\q2\rolling.py:368#run_rollout;src\q2\policy.py:48#respond;src\q2\optimization.py:19#build_model,src\q2\test_dispatch.py:14#test_load_priority_and_soc_clipping,main,True,True,processed/main/run_status.json;processed/main/dispatch.csv,主回放已完成334/334日；计算受限10日
Q2F-L0039-S1,39,2.1,sentence,\rightarrow{}&\text{事后结构诊断与严格在线信息边界分离}\\,src\q2\rolling.py:368#run_rollout;src\q2\policy.py:48#respond;src\q2\optimization.py:19#build_model,src\q2\test_dispatch.py:14#test_load_priority_and_soc_clipping,main,True,True,processed/main/run_status.json;processed/main/dispatch.csv,主回放已完成334/334日；计算受限10日
Q2F-L0040-S1,40,2.1,sentence,\rightarrow{}&\text{强基线与候选预测模型的因果滚动比较}\\,src\q2\rolling.py:368#run_rollout;src\q2\policy.py:48#respond;src\q2\optimization.py:19#build_model,src\q2\test_dispatch.py:14#test_load_priority_and_soc_clipping,main,True,True,processed/main/run_status.json;processed/main/dispatch.csv,主回放已完成334/334日；计算受限10日
Q2F-L0041-S1,41,2.1,sentence,\rightarrow{}&\text{predictor-conditioned forecast-origin}\times\text{horizon 误差库}\\,src\q2\rolling.py:368#run_rollout;src\q2\policy.py:48#respond;src\q2\optimization.py:19#build_model,src\q2\test_dispatch.py:14#test_load_priority_and_soc_clipping,main,True,True,processed/main/run_status.json;processed/main/dispatch.csv,主回放已完成334/334日；计算受限10日
Q2F-L0042-S1,42,2.1,sentence,\rightarrow{}&\text{联合时序场景构造与单侧尾部校准}\\,src\q2\rolling.py:368#run_rollout;src\q2\policy.py:48#respond;src\q2\optimization.py:19#build_model,src\q2\test_dispatch.py:14#test_load_priority_and_soc_clipping,main,True,True,processed/main/run_status.json;processed/main/dispatch.csv,主回放已完成334/334日；计算受限10日
Q2F-L0043-S1,43,2.1,sentence,\rightarrow{}&\text{5 倍补购规则的 }80\%\text{ 临界分位推导}\\,src\q2\rolling.py:368#run_rollout;src\q2\policy.py:48#respond;src\q2\optimization.py:19#build_model,src\q2\test_dispatch.py:14#test_load_priority_and_soc_clipping,main,True,True,processed/main/run_status.json;processed/main/dispatch.csv,主回放已完成334/334日；计算受限10日
Q2F-L0044-S1,44,2.1,sentence,\rightarrow{}&\text{基于累计低估风险的动态 SOC 安全裕度}\\,src\q2\rolling.py:368#run_rollout;src\q2\policy.py:48#respond;src\q2\optimization.py:19#build_model,src\q2\test_dispatch.py:14#test_load_priority_and_soc_clipping,main,True,True,processed/main/run_status.json;processed/main/dispatch.csv,主回放已完成334/334日；计算受限10日
Q2F-L0045-S1,45,2.1,sentence,\rightarrow{}&\text{储能耦合滚动两阶段随机规划}\\,src\q2\rolling.py:368#run_rollout;src\q2\policy.py:48#respond;src\q2\optimization.py:19#build_model,src\q2\test_dispatch.py:14#test_load_priority_and_soc_clipping,main,True,True,processed/main/run_status.json;processed/main/dispatch.csv,主回放已完成334/334日；计算受限10日
Q2F-L0046-S1,46,2.1,sentence,\rightarrow{}&\text{负荷优先的非前瞻补救执行}\\,src\q2\rolling.py:368#run_rollout;src\q2\policy.py:48#respond;src\q2\optimization.py:19#build_model,src\q2\test_dispatch.py:14#test_load_priority_and_soc_clipping,main,True,True,processed/main/run_status.json;processed/main/dispatch.csv,主回放已完成334/334日；计算受限10日
Q2F-L0047-S1,47,2.1,sentence,\rightarrow{}&\text{24/48/72 h 滚动前瞻与真实回放}.,src\q2\rolling.py:368#run_rollout;src\q2\policy.py:48#respond;src\q2\optimization.py:19#build_model,src\q2\test_dispatch.py:14#test_load_priority_and_soc_clipping,main,True,True,processed/main/run_status.json;processed/main/dispatch.csv,主回放已完成334/334日；计算受限10日
Q2F-L0048-S1,48,2.1,sentence,\end{aligned}},src\q2\rolling.py:368#run_rollout;src\q2\policy.py:48#respond;src\q2\optimization.py:19#build_model,src\q2\test_dispatch.py:14#test_load_priority_and_soc_clipping,main,True,True,processed/main/run_status.json;processed/main/dispatch.csv,主回放已完成334/334日；计算受限10日
Q2F-L0049-S1,49,2.1,sentence,\],src\q2\rolling.py:368#run_rollout;src\q2\policy.py:48#respond;src\q2\optimization.py:19#build_model,src\q2\test_dispatch.py:14#test_load_priority_and_soc_clipping,main,True,True,processed/main/run_status.json;processed/main/dispatch.csv,主回放已完成334/334日；计算受限10日
Q2F-L0051-S1,51,2.1,sentence,主结果仍采用风险中性期望成本目标，不额外引入主观风险厌恶系数；,src\q2\rolling.py:368#run_rollout;src\q2\policy.py:48#respond;src\q2\optimization.py:19#build_model,src\q2\test_dispatch.py:14#test_load_priority_and_soc_clipping,main,True,True,processed/main/run_status.json;processed/main/dispatch.csv,主回放已完成334/334日；计算受限10日
Q2F-L0051-S2,51,2.1,sentence,风险控制主要通过**校准后的场景分布与动态 SOC 安全裕度**实现。,src\q2\rolling.py:368#run_rollout;src\q2\policy.py:48#respond;src\q2\optimization.py:19#build_model,src\q2\test_dispatch.py:14#test_load_priority_and_soc_clipping,main,True,True,processed/main/run_status.json;processed/main/dispatch.csv,主回放已完成334/334日；计算受限10日
Q2F-L0053-S1,53,2.2,markup,## 2.2 数据预处理与信息边界,src\q2\dispatch.py:30#input_data,src\q2\test_q2.py:22#Q2Tests,prepare,True,True,raw/prepared_manifest.json;inputs/processed/quality_checks.csv,原始附件逐值回读及完整准备库摘要核验通过
Q2F-L0055-S1,55,2.2.1,markup,### 2.2.1 原始数据重构,src\q2\data.py:74#read_attachment;src\q2\dispatch.py:30#input_data,src\q2\test_q2.py:22#Q2Tests,prepare,True,True,raw/prepared_manifest.json;inputs/processed/quality_checks.csv,原始附件逐值回读及完整准备库摘要核验通过
Q2F-L0057-S1,57,2.2.1,sentence,附件 2 给出了 2025 年 1 月 1 日至 12 月 31 日的小区负荷与光伏实际发电功率。,src\q2\data.py:74#read_attachment;src\q2\dispatch.py:30#input_data,src\q2\test_q2.py:22#Q2Tests,prepare,True,True,raw/prepared_manifest.json;inputs/processed/quality_checks.csv,原始附件逐值回读及完整准备库摘要核验通过
Q2F-L0057-S2,57,2.2.1,sentence,每日包含 144 个 10 min 时间间隔，因此全年共形成,src\q2\data.py:74#read_attachment;src\q2\dispatch.py:30#input_data,src\q2\test_q2.py:22#Q2Tests,prepare,True,True,raw/prepared_manifest.json;inputs/processed/quality_checks.csv,原始附件逐值回读及完整准备库摘要核验通过
Q2F-L0059-S1,59,2.2.1,sentence,\[,src\q2\data.py:74#read_attachment;src\q2\dispatch.py:30#input_data,src\q2\test_q2.py:22#Q2Tests,prepare,True,True,raw/prepared_manifest.json;inputs/processed/quality_checks.csv,原始附件逐值回读及完整准备库摘要核验通过
Q2F-L0060-S1,60,2.2.1,sentence,365\times 144=52560,src\q2\data.py:74#read_attachment;src\q2\dispatch.py:30#input_data,src\q2\test_q2.py:22#Q2Tests,prepare,True,True,raw/prepared_manifest.json;inputs/processed/quality_checks.csv,原始附件逐值回读及完整准备库摘要核验通过
Q2F-L0061-S1,61,2.2.1,sentence,\],src\q2\data.py:74#read_attachment;src\q2\dispatch.py:30#input_data,src\q2\test_q2.py:22#Q2Tests,prepare,True,True,raw/prepared_manifest.json;inputs/processed/quality_checks.csv,原始附件逐值回读及完整准备库摘要核验通过
Q2F-L0063-S1,63,2.2.1,sentence,个连续观测点。,src\q2\data.py:74#read_attachment;src\q2\dispatch.py:30#input_data,src\q2\test_q2.py:22#Q2Tests,prepare,True,True,raw/prepared_manifest.json;inputs/processed/quality_checks.csv,原始附件逐值回读及完整准备库摘要核验通过
Q2F-L0065-S1,65,2.2.1,sentence,将原始“日期 × 日内时刻”的宽表转换为连续长表，并构造字段：日期、时间段、时间戳、日内序号、星期、月份、年内日序号、小区负荷、光伏功率和净负荷。,src\q2\data.py:74#read_attachment;src\q2\dispatch.py:30#input_data,src\q2\test_q2.py:22#Q2Tests,prepare,True,True,raw/prepared_manifest.json;inputs/processed/quality_checks.csv,原始附件逐值回读及完整准备库摘要核验通过
Q2F-L0067-S1,67,2.2.1,sentence,定义净负荷为,src\q2\data.py:74#read_attachment;src\q2\dispatch.py:30#input_data,src\q2\test_q2.py:22#Q2Tests,prepare,True,True,raw/prepared_manifest.json;inputs/processed/quality_checks.csv,原始附件逐值回读及完整准备库摘要核验通过
Q2F-L0069-S1,69,2.2.1,sentence,\[,src\q2\data.py:74#read_attachment;src\q2\dispatch.py:30#input_data,src\q2\test_q2.py:22#Q2Tests,prepare,True,True,raw/prepared_manifest.json;inputs/processed/quality_checks.csv,原始附件逐值回读及完整准备库摘要核验通过
Q2F-L0070-S1,70,2.2.1,sentence,"N_{d,t}=L_{d,t}-P_{d,t}^{PV},",src\q2\data.py:74#read_attachment;src\q2\dispatch.py:30#input_data,src\q2\test_q2.py:22#Q2Tests,prepare,True,True,raw/prepared_manifest.json;inputs/processed/quality_checks.csv,原始附件逐值回读及完整准备库摘要核验通过
Q2F-L0071-S1,71,2.2.1,sentence,\],src\q2\data.py:74#read_attachment;src\q2\dispatch.py:30#input_data,src\q2\test_q2.py:22#Q2Tests,prepare,True,True,raw/prepared_manifest.json;inputs/processed/quality_checks.csv,原始附件逐值回读及完整准备库摘要核验通过
Q2F-L0073-S1,73,2.2.1,sentence,"其中，\(L_{d,t}\) 表示第 \(d\) 日第 \(t\) 个时段的小区负荷，\(P_{d,t}^{PV}\) 表示相应光伏发电功率。",src\q2\data.py:74#read_attachment;src\q2\dispatch.py:30#input_data,src\q2\test_q2.py:22#Q2Tests,prepare,True,True,raw/prepared_manifest.json;inputs/processed/quality_checks.csv,原始附件逐值回读及完整准备库摘要核验通过
Q2F-L0073-S2,73,2.2.1,sentence,净负荷反映微网在扣除光伏以后对外网和储能系统形成的实际供电压力。,src\q2\data.py:74#read_attachment;src\q2\dispatch.py:30#input_data,src\q2\test_q2.py:22#Q2Tests,prepare,True,True,raw/prepared_manifest.json;inputs/processed/quality_checks.csv,原始附件逐值回读及完整准备库摘要核验通过
Q2F-L0075-S1,75,2.2.2,markup,### 2.2.2 时间索引与单位口径,src\q2\data.py:61#calendar_for_day;src\q2\policy.py:48#respond,src\q2\test_dispatch.py:14#test_load_priority_and_soc_clipping,prepare,True,True,raw/prepared_manifest.json;inputs/processed/quality_checks.csv,原始附件逐值回读及完整准备库摘要核验通过
Q2F-L0077-S1,77,2.2.2,sentence,统一采用 10 min 时间区间的**右端点**作为时间戳，例如：,src\q2\data.py:61#calendar_for_day;src\q2\policy.py:48#respond,src\q2\test_dispatch.py:14#test_load_priority_and_soc_clipping,prepare,True,True,raw/prepared_manifest.json;inputs/processed/quality_checks.csv,原始附件逐值回读及完整准备库摘要核验通过
Q2F-L0079-S1,79,2.2.2,sentence,- 0:10 对应 0:00—0:10；,src\q2\data.py:61#calendar_for_day;src\q2\policy.py:48#respond,src\q2\test_dispatch.py:14#test_load_priority_and_soc_clipping,prepare,True,True,raw/prepared_manifest.json;inputs/processed/quality_checks.csv,原始附件逐值回读及完整准备库摘要核验通过
Q2F-L0080-S1,80,2.2.2,sentence,- 0:20 对应 0:10—0:20；,src\q2\data.py:61#calendar_for_day;src\q2\policy.py:48#respond,src\q2\test_dispatch.py:14#test_load_priority_and_soc_clipping,prepare,True,True,raw/prepared_manifest.json;inputs/processed/quality_checks.csv,原始附件逐值回读及完整准备库摘要核验通过
Q2F-L0081-S1,81,2.2.2,sentence,- 当日 0:00+1 对应 23:50—24:00。,src\q2\data.py:61#calendar_for_day;src\q2\policy.py:48#respond,src\q2\test_dispatch.py:14#test_load_priority_and_soc_clipping,prepare,True,True,raw/prepared_manifest.json;inputs/processed/quality_checks.csv,原始附件逐值回读及完整准备库摘要核验通过
Q2F-L0083-S1,83,2.2.2,sentence,预测阶段仍使用功率单位 kW；,src\q2\data.py:61#calendar_for_day;src\q2\policy.py:48#respond,src\q2\test_dispatch.py:14#test_load_priority_and_soc_clipping,prepare,True,True,raw/prepared_manifest.json;inputs/processed/quality_checks.csv,原始附件逐值回读及完整准备库摘要核验通过
Q2F-L0083-S2,83,2.2.2,sentence,进入优化模型后统一按,src\q2\data.py:61#calendar_for_day;src\q2\policy.py:48#respond,src\q2\test_dispatch.py:14#test_load_priority_and_soc_clipping,prepare,True,True,raw/prepared_manifest.json;inputs/processed/quality_checks.csv,原始附件逐值回读及完整准备库摘要核验通过
Q2F-L0085-S1,85,2.2.2,sentence,\[,src\q2\data.py:61#calendar_for_day;src\q2\policy.py:48#respond,src\q2\test_dispatch.py:14#test_load_priority_and_soc_clipping,prepare,True,True,raw/prepared_manifest.json;inputs/processed/quality_checks.csv,原始附件逐值回读及完整准备库摘要核验通过
Q2F-L0086-S1,86,2.2.2,sentence,\Delta t=\frac16\text{ h},src\q2\data.py:61#calendar_for_day;src\q2\policy.py:48#respond,src\q2\test_dispatch.py:14#test_load_priority_and_soc_clipping,prepare,True,True,raw/prepared_manifest.json;inputs/processed/quality_checks.csv,原始附件逐值回读及完整准备库摘要核验通过
Q2F-L0087-S1,87,2.2.2,sentence,\],src\q2\data.py:61#calendar_for_day;src\q2\policy.py:48#respond,src\q2\test_dispatch.py:14#test_load_priority_and_soc_clipping,prepare,True,True,raw/prepared_manifest.json;inputs/processed/quality_checks.csv,原始附件逐值回读及完整准备库摘要核验通过
Q2F-L0089-S1,89,2.2.2,sentence,换算为电量 kWh，以避免预测与优化阶段的单位混淆。,src\q2\data.py:61#calendar_for_day;src\q2\policy.py:48#respond,src\q2\test_dispatch.py:14#test_load_priority_and_soc_clipping,prepare,True,True,raw/prepared_manifest.json;inputs/processed/quality_checks.csv,原始附件逐值回读及完整准备库摘要核验通过
Q2F-L0091-S1,91,2.2.3,markup,### 2.2.3 严格信息边界与离线分析边界,src\q2\shadows.py:45#build_shadow_library;src\q2\rolling.py:368#run_rollout;src\q2\shadows.py:95#choose_day,src\q2\test_forecast_dispatch.py:438#test_execution_cannot_call_optimizer_and_prefix_cannot_see_future,forecast,True,True,raw/shadows/frozen_lightgbm.json;raw/prepared_manifest.json,已复用并逐摘要核验完整影子预测库；本轮未重训预测器
Q2F-L0093-S1,93,2.2.3,sentence,问题二要求每天 0:00 制定当天计划，因此任何历史时点的预测、模型更新、场景构造和参数选择都必须遵守真实信息到达顺序。,src\q2\shadows.py:45#build_shadow_library;src\q2\rolling.py:368#run_rollout;src\q2\shadows.py:95#choose_day,src\q2\test_forecast_dispatch.py:438#test_execution_cannot_call_optimizer_and_prefix_cannot_see_future,forecast,True,True,raw/shadows/frozen_lightgbm.json;raw/prepared_manifest.json,已复用并逐摘要核验完整影子预测库；本轮未重训预测器
Q2F-L0093-S2,93,2.2.3,sentence,预测第 \(d\) 日时，只允许使用第 \(d\) 日 0:00 以前已经实现的数据：,src\q2\shadows.py:45#build_shadow_library;src\q2\rolling.py:368#run_rollout;src\q2\shadows.py:95#choose_day,src\q2\test_forecast_dispatch.py:438#test_execution_cannot_call_optimizer_and_prefix_cannot_see_future,forecast,True,True,raw/shadows/frozen_lightgbm.json;raw/prepared_manifest.json,已复用并逐摘要核验完整影子预测库；本轮未重训预测器
Q2F-L0095-S1,95,2.2.3,sentence,\[,src\q2\shadows.py:45#build_shadow_library;src\q2\rolling.py:368#run_rollout;src\q2\shadows.py:95#choose_day,src\q2\test_forecast_dispatch.py:438#test_execution_cannot_call_optimizer_and_prefix_cannot_see_future,forecast,True,True,raw/shadows/frozen_lightgbm.json;raw/prepared_manifest.json,已复用并逐摘要核验完整影子预测库；本轮未重训预测器
Q2F-L0096-S1,96,2.2.3,sentence,\boxed{,src\q2\shadows.py:45#build_shadow_library;src\q2\rolling.py:368#run_rollout;src\q2\shadows.py:95#choose_day,src\q2\test_forecast_dispatch.py:438#test_execution_cannot_call_optimizer_and_prefix_cannot_see_future,forecast,True,True,raw/shadows/frozen_lightgbm.json;raw/prepared_manifest.json,已复用并逐摘要核验完整影子预测库；本轮未重训预测器
Q2F-L0097-S1,97,2.2.3,sentence,\mathcal I_d=,src\q2\shadows.py:45#build_shadow_library;src\q2\rolling.py:368#run_rollout;src\q2\shadows.py:95#choose_day,src\q2\test_forecast_dispatch.py:438#test_execution_cannot_call_optimizer_and_prefix_cannot_see_future,forecast,True,True,raw/shadows/frozen_lightgbm.json;raw/prepared_manifest.json,已复用并逐摘要核验完整影子预测库；本轮未重训预测器
Q2F-L0098-S1,98,2.2.3,sentence,"\{L_{j,t},P_{j,t}^{PV}:j<d\}.",src\q2\shadows.py:45#build_shadow_library;src\q2\rolling.py:368#run_rollout;src\q2\shadows.py:95#choose_day,src\q2\test_forecast_dispatch.py:438#test_execution_cannot_call_optimizer_and_prefix_cannot_see_future,forecast,True,True,raw/shadows/frozen_lightgbm.json;raw/prepared_manifest.json,已复用并逐摘要核验完整影子预测库；本轮未重训预测器
Q2F-L0099-S1,99,2.2.3,sentence,},src\q2\shadows.py:45#build_shadow_library;src\q2\rolling.py:368#run_rollout;src\q2\shadows.py:95#choose_day,src\q2\test_forecast_dispatch.py:438#test_execution_cannot_call_optimizer_and_prefix_cannot_see_future,forecast,True,True,raw/shadows/frozen_lightgbm.json;raw/prepared_manifest.json,已复用并逐摘要核验完整影子预测库；本轮未重训预测器
Q2F-L0100-S1,100,2.2.3,sentence,\],src\q2\shadows.py:45#build_shadow_library;src\q2\rolling.py:368#run_rollout;src\q2\shadows.py:95#choose_day,src\q2\test_forecast_dispatch.py:438#test_execution_cannot_call_optimizer_and_prefix_cannot_see_future,forecast,True,True,raw/shadows/frozen_lightgbm.json;raw/prepared_manifest.json,已复用并逐摘要核验完整影子预测库；本轮未重训预测器
Q2F-L0102-S1,102,2.2.3,sentence,第 \(d\) 日及之后的真实数据只能用于事后评价，不能反向参与第 \(d\) 日的预测参数估计、模型选择、残差场景构造或风险参数确定。,src\q2\shadows.py:45#build_shadow_library;src\q2\rolling.py:368#run_rollout;src\q2\shadows.py:95#choose_day,src\q2\test_forecast_dispatch.py:438#test_execution_cannot_call_optimizer_and_prefix_cannot_see_future,forecast,True,True,raw/shadows/frozen_lightgbm.json;raw/prepared_manifest.json,已复用并逐摘要核验完整影子预测库；本轮未重训预测器
Q2F-L0102-S2,102,2.2.3,sentence,因此，本文不采用随机打乱全年样本的训练—测试划分，而采用逐日滚动样本外评估。,src\q2\shadows.py:45#build_shadow_library;src\q2\rolling.py:368#run_rollout;src\q2\shadows.py:95#choose_day,src\q2\test_forecast_dispatch.py:438#test_execution_cannot_call_optimizer_and_prefix_cannot_see_future,forecast,True,True,raw/shadows/frozen_lightgbm.json;raw/prepared_manifest.json,已复用并逐摘要核验完整影子预测库；本轮未重训预测器
Q2F-L0104-S1,104,2.2.3,sentence,同时必须区分两类图表的用途：,src\q2\shadows.py:45#build_shadow_library;src\q2\rolling.py:368#run_rollout;src\q2\shadows.py:95#choose_day,src\q2\test_forecast_dispatch.py:438#test_execution_cannot_call_optimizer_and_prefix_cannot_see_future,forecast,True,True,raw/shadows/frozen_lightgbm.json;raw/prepared_manifest.json,已复用并逐摘要核验完整影子预测库；本轮未重训预测器
Q2F-L0106-S1,106,2.2.3,sentence,1. **全年热力图、全年 ACF/PACF、月平均日曲线等用于论文中的事后描述与机理解释**，用于展示全年总体规律；,src\q2\shadows.py:45#build_shadow_library;src\q2\rolling.py:368#run_rollout;src\q2\shadows.py:95#choose_day,src\q2\test_forecast_dispatch.py:438#test_execution_cannot_call_optimizer_and_prefix_cannot_see_future,forecast,True,True,raw/shadows/frozen_lightgbm.json;raw/prepared_manifest.json,已复用并逐摘要核验完整影子预测库；本轮未重训预测器
Q2F-L0107-S1,107,2.2.3,sentence,2. **在线滚动决策不能利用这些未来区间信息反向改变历史决策**。,src\q2\shadows.py:45#build_shadow_library;src\q2\rolling.py:368#run_rollout;src\q2\shadows.py:95#choose_day,src\q2\test_forecast_dispatch.py:438#test_execution_cannot_call_optimizer_and_prefix_cannot_see_future,forecast,True,True,raw/shadows/frozen_lightgbm.json;raw/prepared_manifest.json,已复用并逐摘要核验完整影子预测库；本轮未重训预测器
Q2F-L0107-S2,107,2.2.3,sentence,候选模型集合和特征字典在正式滚动回测前预先固定；,src\q2\shadows.py:45#build_shadow_library;src\q2\rolling.py:368#run_rollout;src\q2\shadows.py:95#choose_day,src\q2\test_forecast_dispatch.py:438#test_execution_cannot_call_optimizer_and_prefix_cannot_see_future,forecast,True,True,raw/shadows/frozen_lightgbm.json;raw/prepared_manifest.json,已复用并逐摘要核验完整影子预测库；本轮未重训预测器
Q2F-L0107-S3,107,2.2.3,sentence,在第 \(d\) 日真正用于预测的模型参数、历史表现统计和模型选择只允许基于 \(\mathcal I_d\)。,src\q2\shadows.py:45#build_shadow_library;src\q2\rolling.py:368#run_rollout;src\q2\shadows.py:95#choose_day,src\q2\test_forecast_dispatch.py:438#test_execution_cannot_call_optimizer_and_prefix_cannot_see_future,forecast,True,True,raw/shadows/frozen_lightgbm.json;raw/prepared_manifest.json,已复用并逐摘要核验完整影子预测库；本轮未重训预测器
Q2F-L0109-S1,109,2.2.3,sentence,因此，全文关于“ACF/PACF 指导特征设计”的含义统一理解为：日周期、周周期等候选滞后由自然时间结构和预先设定的候选特征给出；,src\q2\shadows.py:45#build_shadow_library;src\q2\rolling.py:368#run_rollout;src\q2\shadows.py:95#choose_day,src\q2\test_forecast_dispatch.py:438#test_execution_cannot_call_optimizer_and_prefix_cannot_see_future,forecast,True,True,raw/shadows/frozen_lightgbm.json;raw/prepared_manifest.json,已复用并逐摘要核验完整影子预测库；本轮未重训预测器
Q2F-L0109-S2,109,2.2.3,sentence,全年图形只负责**事后验证这些结构在全年是否稳定存在**，而不把未来数据带回 2 月等早期决策时点。,src\q2\shadows.py:45#build_shadow_library;src\q2\rolling.py:368#run_rollout;src\q2\shadows.py:95#choose_day,src\q2\test_forecast_dispatch.py:438#test_execution_cannot_call_optimizer_and_prefix_cannot_see_future,forecast,True,True,raw/shadows/frozen_lightgbm.json;raw/prepared_manifest.json,已复用并逐摘要核验完整影子预测库；本轮未重训预测器
Q2F-L0111-S1,111,2.2.4,markup,### 2.2.4 数据完整性与物理一致性检查,src\q2\data.py:74#read_attachment;src\q2\data.py:135#jump_context,src\q2\test_q2.py:22#Q2Tests,prepare,True,True,raw/prepared_manifest.json;inputs/processed/quality_checks.csv,原始附件逐值回读及完整准备库摘要核验通过
Q2F-L0113-S1,113,2.2.4,sentence,依次检查：,src\q2\data.py:74#read_attachment;src\q2\data.py:135#jump_context,src\q2\test_q2.py:22#Q2Tests,prepare,True,True,raw/prepared_manifest.json;inputs/processed/quality_checks.csv,原始附件逐值回读及完整准备库摘要核验通过
Q2F-L0115-S1,115,2.2.4,sentence,1. 全年日期是否连续；,src\q2\data.py:74#read_attachment;src\q2\data.py:135#jump_context,src\q2\test_q2.py:22#Q2Tests,prepare,True,True,raw/prepared_manifest.json;inputs/processed/quality_checks.csv,原始附件逐值回读及完整准备库摘要核验通过
Q2F-L0116-S1,116,2.2.4,sentence,2. 每日是否恰有 144 个时间段；,src\q2\data.py:74#read_attachment;src\q2\data.py:135#jump_context,src\q2\test_q2.py:22#Q2Tests,prepare,True,True,raw/prepared_manifest.json;inputs/processed/quality_checks.csv,原始附件逐值回读及完整准备库摘要核验通过
Q2F-L0117-S1,117,2.2.4,sentence,3. 是否存在重复时间戳；,src\q2\data.py:74#read_attachment;src\q2\data.py:135#jump_context,src\q2\test_q2.py:22#Q2Tests,prepare,True,True,raw/prepared_manifest.json;inputs/processed/quality_checks.csv,原始附件逐值回读及完整准备库摘要核验通过
Q2F-L0118-S1,118,2.2.4,sentence,4. 负荷和光伏是否存在缺失值；,src\q2\data.py:74#read_attachment;src\q2\data.py:135#jump_context,src\q2\test_q2.py:22#Q2Tests,prepare,True,True,raw/prepared_manifest.json;inputs/processed/quality_checks.csv,原始附件逐值回读及完整准备库摘要核验通过
Q2F-L0119-S1,119,2.2.4,sentence,5. 是否存在明显负负荷或负光伏功率；,src\q2\data.py:74#read_attachment;src\q2\data.py:135#jump_context,src\q2\test_q2.py:22#Q2Tests,prepare,True,True,raw/prepared_manifest.json;inputs/processed/quality_checks.csv,原始附件逐值回读及完整准备库摘要核验通过
Q2F-L0120-S1,120,2.2.4,sentence,6. 时间间隔是否始终为 10 min；,src\q2\data.py:74#read_attachment;src\q2\data.py:135#jump_context,src\q2\test_q2.py:22#Q2Tests,prepare,True,True,raw/prepared_manifest.json;inputs/processed/quality_checks.csv,原始附件逐值回读及完整准备库摘要核验通过
Q2F-L0121-S1,121,2.2.4,sentence,7. 单点突变是否具有邻近时段或相似日期的物理解释。,src\q2\data.py:74#read_attachment;src\q2\data.py:135#jump_context,src\q2\test_q2.py:22#Q2Tests,prepare,True,True,raw/prepared_manifest.json;inputs/processed/quality_checks.csv,原始附件逐值回读及完整准备库摘要核验通过
Q2F-L0123-S1,123,2.2.4,sentence,其中，光伏夜间为 0 属于正常物理现象，连续低光伏也可能由天气变化造成，因此不进行简单离群值删除或人为平滑。,src\q2\data.py:74#read_attachment;src\q2\data.py:135#jump_context,src\q2\test_q2.py:22#Q2Tests,prepare,True,True,raw/prepared_manifest.json;inputs/processed/quality_checks.csv,原始附件逐值回读及完整准备库摘要核验通过
Q2F-L0123-S2,123,2.2.4,sentence,数据清洗的目标是消除格式和明显物理错误，而不是压缩真实随机波动。,src\q2\data.py:74#read_attachment;src\q2\data.py:135#jump_context,src\q2\test_q2.py:22#Q2Tests,prepare,True,True,raw/prepared_manifest.json;inputs/processed/quality_checks.csv,原始附件逐值回读及完整准备库摘要核验通过
Q2F-L0126-S1,126,2.2.5,markup,### 2.2.5 1 月历史预热与 2 月 1 日初始 SOC,src\q2\rolling.py:322#warm_start;src\q2\experiments.py:329#run_experiments,src\q2\test_forecast_dispatch.py:192#test_deterministic_certificate_matches_exact_model,warm_and_initials,True,True,processed/experiment_comparison.csv,按最终任务书取消；未运行且不作为论文验收门槛
Q2F-L0128-S1,128,2.2.5,sentence,题目明确给出 2025 年 1 月 1 日 0:00 的储能电量为,src\q2\rolling.py:322#warm_start;src\q2\experiments.py:329#run_experiments,src\q2\test_forecast_dispatch.py:192#test_deterministic_certificate_matches_exact_model,warm_and_initials,True,True,processed/experiment_comparison.csv,按最终任务书取消；未运行且不作为论文验收门槛
Q2F-L0130-S1,130,2.2.5,sentence,\[,src\q2\rolling.py:322#warm_start;src\q2\experiments.py:329#run_experiments,src\q2\test_forecast_dispatch.py:192#test_deterministic_certificate_matches_exact_model,warm_and_initials,True,True,processed/experiment_comparison.csv,按最终任务书取消；未运行且不作为论文验收门槛
Q2F-L0131-S1,131,2.2.5,sentence,"E_{\mathrm{Jan\ 1},0}=6000\text{ kWh},",src\q2\rolling.py:322#warm_start;src\q2\experiments.py:329#run_experiments,src\q2\test_forecast_dispatch.py:192#test_deterministic_certificate_matches_exact_model,warm_and_initials,True,True,processed/experiment_comparison.csv,按最终任务书取消；未运行且不作为论文验收门槛
Q2F-L0132-S1,132,2.2.5,sentence,\],src\q2\rolling.py:322#warm_start;src\q2\experiments.py:329#run_experiments,src\q2\test_forecast_dispatch.py:192#test_deterministic_certificate_matches_exact_model,warm_and_initials,True,True,processed/experiment_comparison.csv,按最终任务书取消；未运行且不作为论文验收门槛
Q2F-L0134-S1,134,2.2.5,sentence,而 `result2.xlsx` 的正式输出从 2025 年 2 月 1 日开始。,src\q2\rolling.py:322#warm_start;src\q2\experiments.py:329#run_experiments,src\q2\test_forecast_dispatch.py:192#test_deterministic_certificate_matches_exact_model,warm_and_initials,True,True,processed/experiment_comparison.csv,按最终任务书取消；未运行且不作为论文验收门槛
Q2F-L0134-S2,134,2.2.5,sentence,附件 2 虽然给出了完整 1 月负荷与光伏数据，但没有给出 1 月实际储能调度轨迹，因此不能仅由负荷、光伏数据唯一反推出 2 月 1 日 SOC。,src\q2\rolling.py:322#warm_start;src\q2\experiments.py:329#run_experiments,src\q2\test_forecast_dispatch.py:192#test_deterministic_certificate_matches_exact_model,warm_and_initials,True,True,processed/experiment_comparison.csv,按最终任务书取消；未运行且不作为论文验收门槛
Q2F-L0136-S1,136,2.2.5,sentence,为避免在正式评价区间之前额外引入一套复杂的储能调度模型，本文采用透明的初始化假设：**1 月仅用于积累预测历史和构造初始样本外误差，储能不参与主动充放电，SOC 保持题目给定的 6000 kWh。,src\q2\rolling.py:322#warm_start;src\q2\experiments.py:329#run_experiments,src\q2\test_forecast_dispatch.py:192#test_deterministic_certificate_matches_exact_model,warm_and_initials,True,True,processed/experiment_comparison.csv,按最终任务书取消；未运行且不作为论文验收门槛
Q2F-L0136-S2,136,2.2.5,sentence,** 即,src\q2\rolling.py:322#warm_start;src\q2\experiments.py:329#run_experiments,src\q2\test_forecast_dispatch.py:192#test_deterministic_certificate_matches_exact_model,warm_and_initials,True,True,processed/experiment_comparison.csv,按最终任务书取消；未运行且不作为论文验收门槛
Q2F-L0138-S1,138,2.2.5,sentence,\[,src\q2\rolling.py:322#warm_start;src\q2\experiments.py:329#run_experiments,src\q2\test_forecast_dispatch.py:192#test_deterministic_certificate_matches_exact_model,warm_and_initials,True,True,processed/experiment_comparison.csv,按最终任务书取消；未运行且不作为论文验收门槛
Q2F-L0139-S1,139,2.2.5,sentence,"c_{d,t}=r_{d,t}=0,\qquad d\in\text{January},",src\q2\rolling.py:322#warm_start;src\q2\experiments.py:329#run_experiments,src\q2\test_forecast_dispatch.py:192#test_deterministic_certificate_matches_exact_model,warm_and_initials,True,True,processed/experiment_comparison.csv,按最终任务书取消；未运行且不作为论文验收门槛
Q2F-L0140-S1,140,2.2.5,sentence,\],src\q2\rolling.py:322#warm_start;src\q2\experiments.py:329#run_experiments,src\q2\test_forecast_dispatch.py:192#test_deterministic_certificate_matches_exact_model,warm_and_initials,True,True,processed/experiment_comparison.csv,按最终任务书取消；未运行且不作为论文验收门槛
Q2F-L0142-S1,142,2.2.5,sentence,从而,src\q2\rolling.py:322#warm_start;src\q2\experiments.py:329#run_experiments,src\q2\test_forecast_dispatch.py:192#test_deterministic_certificate_matches_exact_model,warm_and_initials,True,True,processed/experiment_comparison.csv,按最终任务书取消；未运行且不作为论文验收门槛
Q2F-L0144-S1,144,2.2.5,sentence,\[,src\q2\rolling.py:322#warm_start;src\q2\experiments.py:329#run_experiments,src\q2\test_forecast_dispatch.py:192#test_deterministic_certificate_matches_exact_model,warm_and_initials,True,True,processed/experiment_comparison.csv,按最终任务书取消；未运行且不作为论文验收门槛
Q2F-L0145-S1,145,2.2.5,sentence,\boxed{,src\q2\rolling.py:322#warm_start;src\q2\experiments.py:329#run_experiments,src\q2\test_forecast_dispatch.py:192#test_deterministic_certificate_matches_exact_model,warm_and_initials,True,True,processed/experiment_comparison.csv,按最终任务书取消；未运行且不作为论文验收门槛
Q2F-L0146-S1,146,2.2.5,sentence,"E_{\mathrm{Feb\ 1},0}=6000\text{ kWh}.",src\q2\rolling.py:322#warm_start;src\q2\experiments.py:329#run_experiments,src\q2\test_forecast_dispatch.py:192#test_deterministic_certificate_matches_exact_model,warm_and_initials,True,True,processed/experiment_comparison.csv,按最终任务书取消；未运行且不作为论文验收门槛
Q2F-L0147-S1,147,2.2.5,sentence,},src\q2\rolling.py:322#warm_start;src\q2\experiments.py:329#run_experiments,src\q2\test_forecast_dispatch.py:192#test_deterministic_certificate_matches_exact_model,warm_and_initials,True,True,processed/experiment_comparison.csv,按最终任务书取消；未运行且不作为论文验收门槛
Q2F-L0148-S1,148,2.2.5,sentence,\],src\q2\rolling.py:322#warm_start;src\q2\experiments.py:329#run_experiments,src\q2\test_forecast_dispatch.py:192#test_deterministic_certificate_matches_exact_model,warm_and_initials,True,True,processed/experiment_comparison.csv,按最终任务书取消；未运行且不作为论文验收门槛
Q2F-L0150-S1,150,2.2.5,sentence,其中，1 月负荷与光伏真实数据仍全部用于 2 月以后预测模型的历史训练；,src\q2\rolling.py:322#warm_start;src\q2\experiments.py:329#run_experiments,src\q2\test_forecast_dispatch.py:192#test_deterministic_certificate_matches_exact_model,warm_and_initials,True,True,processed/experiment_comparison.csv,按最终任务书取消；未运行且不作为论文验收门槛
Q2F-L0150-S2,150,2.2.5,sentence,当候选预测器具备足够历史后，可按严格时间顺序保存其影子样本外预测与误差，用于初始化 2 月的 predictor-conditioned 残差场景库，但这一预测预热过程不驱动 1 月储能调度。,src\q2\rolling.py:322#warm_start;src\q2\experiments.py:329#run_experiments,src\q2\test_forecast_dispatch.py:192#test_deterministic_certificate_matches_exact_model,warm_and_initials,True,True,processed/experiment_comparison.csv,按最终任务书取消；未运行且不作为论文验收门槛
Q2F-L0152-S1,152,2.2.5,sentence,上述 6000 kWh 是**明确的初始化假设**，而非题目再次规定的 2 月 1 日状态。,src\q2\rolling.py:322#warm_start;src\q2\experiments.py:329#run_experiments,src\q2\test_forecast_dispatch.py:192#test_deterministic_certificate_matches_exact_model,warm_and_initials,True,True,processed/experiment_comparison.csv,按最终任务书取消；未运行且不作为论文验收门槛
Q2F-L0154-S1,154,2.2.5,markup,---,src\q2\rolling.py:322#warm_start;src\q2\experiments.py:329#run_experiments,src\q2\test_forecast_dispatch.py:192#test_deterministic_certificate_matches_exact_model,warm_and_initials,True,True,processed/experiment_comparison.csv,按最终任务书取消；未运行且不作为论文验收门槛
Q2F-L0156-S1,156,2.3,markup,## 2.3 时间序列结构诊断与图形修正,src\q2\final_diagnostics.py:12#descriptive_corrections,src\q2\test_q2.py:22#Q2Tests,diagnostic,True,True,processed/pv_local_residual_correlations.csv;processed/seasonal_difference_variance.csv;processed/figures/manifest.json,新增图必须与实际目视版本的PNG摘要匹配；重绘后的不同图不能沿用旧验收
Q2F-L0158-S1,158,2.3,sentence,本节图形分为“事后描述图”和“在线建模所允许使用的信息”两层。,src\q2\final_diagnostics.py:12#descriptive_corrections,src\q2\test_q2.py:22#Q2Tests,diagnostic,True,True,processed/pv_local_residual_correlations.csv;processed/seasonal_difference_variance.csv;processed/figures/manifest.json,新增图必须与实际目视版本的PNG摘要匹配；重绘后的不同图不能沿用旧验收
Q2F-L0158-S2,158,2.3,sentence,全文展示的全年图形用于解释数据整体规律；,src\q2\final_diagnostics.py:12#descriptive_corrections,src\q2\test_q2.py:22#Q2Tests,diagnostic,True,True,processed/pv_local_residual_correlations.csv;processed/seasonal_difference_variance.csv;processed/figures/manifest.json,新增图必须与实际目视版本的PNG摘要匹配；重绘后的不同图不能沿用旧验收
Q2F-L0158-S3,158,2.3,sentence,正式历史决策中的模型更新严格遵守第 2.2.3 节的信息边界，不把未来月份的统计规律反向注入早期决策。,src\q2\final_diagnostics.py:12#descriptive_corrections,src\q2\test_q2.py:22#Q2Tests,diagnostic,True,True,processed/pv_local_residual_correlations.csv;processed/seasonal_difference_variance.csv;processed/figures/manifest.json,新增图必须与实际目视版本的PNG摘要匹配；重绘后的不同图不能沿用旧验收
Q2F-L0160-S1,160,2.3.1,markup,### 2.3.1 保留的描述性图形,src\plots\q2.py:18#create_figures;src\q2\diagnostics.py:43#describe,src\q2\test_q2.py:22#Q2Tests,diagnostic,True,True,processed/pv_local_residual_correlations.csv;processed/seasonal_difference_variance.csv;processed/figures/manifest.json,新增图必须与实际目视版本的PNG摘要匹配；重绘后的不同图不能沿用旧验收
Q2F-L0162-S1,162,2.3.1,sentence,正文保留以下图形：,src\plots\q2.py:18#create_figures;src\q2\diagnostics.py:43#describe,src\q2\test_q2.py:22#Q2Tests,diagnostic,True,True,processed/pv_local_residual_correlations.csv;processed/seasonal_difference_variance.csv;processed/figures/manifest.json,新增图必须与实际目视版本的PNG摘要匹配；重绘后的不同图不能沿用旧验收
Q2F-L0164-S1,164,2.3.1,sentence,1. 连续 7 天负荷、光伏与净负荷曲线；,src\plots\q2.py:18#create_figures;src\q2\diagnostics.py:43#describe,src\q2\test_q2.py:22#Q2Tests,diagnostic,True,True,processed/pv_local_residual_correlations.csv;processed/seasonal_difference_variance.csv;processed/figures/manifest.json,新增图必须与实际目视版本的PNG摘要匹配；重绘后的不同图不能沿用旧验收
Q2F-L0165-S1,165,2.3.1,sentence,2. 连续 30 天负荷、光伏与净负荷曲线；,src\plots\q2.py:18#create_figures;src\q2\diagnostics.py:43#describe,src\q2\test_q2.py:22#Q2Tests,diagnostic,True,True,processed/pv_local_residual_correlations.csv;processed/seasonal_difference_variance.csv;processed/figures/manifest.json,新增图必须与实际目视版本的PNG摘要匹配；重绘后的不同图不能沿用旧验收
Q2F-L0166-S1,166,2.3.1,sentence,3. 全年“日期—时间”热力图；,src\plots\q2.py:18#create_figures;src\q2\diagnostics.py:43#describe,src\q2\test_q2.py:22#Q2Tests,diagnostic,True,True,processed/pv_local_residual_correlations.csv;processed/seasonal_difference_variance.csv;processed/figures/manifest.json,新增图必须与实际目视版本的PNG摘要匹配；重绘后的不同图不能沿用旧验收
Q2F-L0167-S1,167,2.3.1,sentence,4. 月平均日曲线；,src\plots\q2.py:18#create_figures;src\q2\diagnostics.py:43#describe,src\q2\test_q2.py:22#Q2Tests,diagnostic,True,True,processed/pv_local_residual_correlations.csv;processed/seasonal_difference_variance.csv;processed/figures/manifest.json,新增图必须与实际目视版本的PNG摘要匹配；重绘后的不同图不能沿用旧验收
Q2F-L0168-S1,168,2.3.1,sentence,5. 星期平均日曲线；,src\plots\q2.py:18#create_figures;src\q2\diagnostics.py:43#describe,src\q2\test_q2.py:22#Q2Tests,diagnostic,True,True,processed/pv_local_residual_correlations.csv;processed/seasonal_difference_variance.csv;processed/figures/manifest.json,新增图必须与实际目视版本的PNG摘要匹配；重绘后的不同图不能沿用旧验收
Q2F-L0169-S1,169,2.3.1,sentence,6. 工作日—周末平均日曲线。,src\plots\q2.py:18#create_figures;src\q2\diagnostics.py:43#describe,src\q2\test_q2.py:22#Q2Tests,diagnostic,True,True,processed/pv_local_residual_correlations.csv;processed/seasonal_difference_variance.csv;processed/figures/manifest.json,新增图必须与实际目视版本的PNG摘要匹配；重绘后的不同图不能沿用旧验收
Q2F-L0171-S1,171,2.3.1,sentence,这些图形本身没有错误，其作用分别是识别日内峰谷、周重复结构、工作日效应、季节变化、峰值时段迁移及异常日期。,src\plots\q2.py:18#create_figures;src\q2\diagnostics.py:43#describe,src\q2\test_q2.py:22#Q2Tests,diagnostic,True,True,processed/pv_local_residual_correlations.csv;processed/seasonal_difference_variance.csv;processed/figures/manifest.json,新增图必须与实际目视版本的PNG摘要匹配；重绘后的不同图不能沿用旧验收
Q2F-L0173-S1,173,2.3.1,sentence,对负荷，应重点解释工作日与周末的稳定差异，以及若干固定时段附近的阶跃变化；,src\plots\q2.py:18#create_figures;src\q2\diagnostics.py:43#describe,src\q2\test_q2.py:22#Q2Tests,diagnostic,True,True,processed/pv_local_residual_correlations.csv;processed/seasonal_difference_variance.csv;processed/figures/manifest.json,新增图必须与实际目视版本的PNG摘要匹配；重绘后的不同图不能沿用旧验收
Q2F-L0173-S2,173,2.3.1,sentence,对光伏，若星期一至星期日的平均曲线基本重合，则应明确解释为“星期变量对光伏缺乏实质性驱动作用”，而不是强行声称存在星期效应。,src\plots\q2.py:18#create_figures;src\q2\diagnostics.py:43#describe,src\q2\test_q2.py:22#Q2Tests,diagnostic,True,True,processed/pv_local_residual_correlations.csv;processed/seasonal_difference_variance.csv;processed/figures/manifest.json,新增图必须与实际目视版本的PNG摘要匹配；重绘后的不同图不能沿用旧验收
Q2F-L0175-S1,175,2.3.2,markup,### 2.3.2 负荷自相关与偏自相关分析,src\q2\diagnostics.py:80#lag_analysis;src\plots\q2.py:18#create_figures,src\q2\test_q2.py:22#Q2Tests,diagnostic,True,True,processed/pv_local_residual_correlations.csv;processed/seasonal_difference_variance.csv;processed/figures/manifest.json,新增图必须与实际目视版本的PNG摘要匹配；重绘后的不同图不能沿用旧验收
Q2F-L0177-S1,177,2.3.2,sentence,对负荷原序列绘制自相关函数与偏自相关函数。,src\q2\diagnostics.py:80#lag_analysis;src\plots\q2.py:18#create_figures,src\q2\test_q2.py:22#Q2Tests,diagnostic,True,True,processed/pv_local_residual_correlations.csv;processed/seasonal_difference_variance.csv;processed/figures/manifest.json,新增图必须与实际目视版本的PNG摘要匹配；重绘后的不同图不能沿用旧验收
Q2F-L0179-S1,179,2.3.2,sentence,自相关函数,src\q2\diagnostics.py:80#lag_analysis;src\plots\q2.py:18#create_figures,src\q2\test_q2.py:22#Q2Tests,diagnostic,True,True,processed/pv_local_residual_correlations.csv;processed/seasonal_difference_variance.csv;processed/figures/manifest.json,新增图必须与实际目视版本的PNG摘要匹配；重绘后的不同图不能沿用旧验收
Q2F-L0181-S1,181,2.3.2,sentence,\[,src\q2\diagnostics.py:80#lag_analysis;src\plots\q2.py:18#create_figures,src\q2\test_q2.py:22#Q2Tests,diagnostic,True,True,processed/pv_local_residual_correlations.csv;processed/seasonal_difference_variance.csv;processed/figures/manifest.json,新增图必须与实际目视版本的PNG摘要匹配；重绘后的不同图不能沿用旧验收
Q2F-L0182-S1,182,2.3.2,sentence,"\rho_L(k)=\operatorname{Corr}(L_t,L_{t-k})",src\q2\diagnostics.py:80#lag_analysis;src\plots\q2.py:18#create_figures,src\q2\test_q2.py:22#Q2Tests,diagnostic,True,True,processed/pv_local_residual_correlations.csv;processed/seasonal_difference_variance.csv;processed/figures/manifest.json,新增图必须与实际目视版本的PNG摘要匹配；重绘后的不同图不能沿用旧验收
Q2F-L0183-S1,183,2.3.2,sentence,\],src\q2\diagnostics.py:80#lag_analysis;src\plots\q2.py:18#create_figures,src\q2\test_q2.py:22#Q2Tests,diagnostic,True,True,processed/pv_local_residual_correlations.csv;processed/seasonal_difference_variance.csv;processed/figures/manifest.json,新增图必须与实际目视版本的PNG摘要匹配；重绘后的不同图不能沿用旧验收
Q2F-L0185-S1,185,2.3.2,sentence,反映当前负荷与过去第 \(k\) 个时刻之间的总体线性相关程度；,src\q2\diagnostics.py:80#lag_analysis;src\plots\q2.py:18#create_figures,src\q2\test_q2.py:22#Q2Tests,diagnostic,True,True,processed/pv_local_residual_correlations.csv;processed/seasonal_difference_variance.csv;processed/figures/manifest.json,新增图必须与实际目视版本的PNG摘要匹配；重绘后的不同图不能沿用旧验收
Q2F-L0185-S2,185,2.3.2,sentence,"偏自相关函数则在控制中间滞后 \(1,\ldots,k-1\) 后，衡量第 \(k\) 阶历史量是否仍具有独立线性关联。",src\q2\diagnostics.py:80#lag_analysis;src\plots\q2.py:18#create_figures,src\q2\test_q2.py:22#Q2Tests,diagnostic,True,True,processed/pv_local_residual_correlations.csv;processed/seasonal_difference_variance.csv;processed/figures/manifest.json,新增图必须与实际目视版本的PNG摘要匹配；重绘后的不同图不能沿用旧验收
Q2F-L0187-S1,187,2.3.2,sentence,由于数据时间分辨率为 10 min，重点标记,src\q2\diagnostics.py:80#lag_analysis;src\plots\q2.py:18#create_figures,src\q2\test_q2.py:22#Q2Tests,diagnostic,True,True,processed/pv_local_residual_correlations.csv;processed/seasonal_difference_variance.csv;processed/figures/manifest.json,新增图必须与实际目视版本的PNG摘要匹配；重绘后的不同图不能沿用旧验收
Q2F-L0189-S1,189,2.3.2,sentence,\[,src\q2\diagnostics.py:80#lag_analysis;src\plots\q2.py:18#create_figures,src\q2\test_q2.py:22#Q2Tests,diagnostic,True,True,processed/pv_local_residual_correlations.csv;processed/seasonal_difference_variance.csv;processed/figures/manifest.json,新增图必须与实际目视版本的PNG摘要匹配；重绘后的不同图不能沿用旧验收
Q2F-L0190-S1,190,2.3.2,sentence,"144=1\text{ d},\qquad",src\q2\diagnostics.py:80#lag_analysis;src\plots\q2.py:18#create_figures,src\q2\test_q2.py:22#Q2Tests,diagnostic,True,True,processed/pv_local_residual_correlations.csv;processed/seasonal_difference_variance.csv;processed/figures/manifest.json,新增图必须与实际目视版本的PNG摘要匹配；重绘后的不同图不能沿用旧验收
Q2F-L0191-S1,191,2.3.2,sentence,"288=2\text{ d},\qquad",src\q2\diagnostics.py:80#lag_analysis;src\plots\q2.py:18#create_figures,src\q2\test_q2.py:22#Q2Tests,diagnostic,True,True,processed/pv_local_residual_correlations.csv;processed/seasonal_difference_variance.csv;processed/figures/manifest.json,新增图必须与实际目视版本的PNG摘要匹配；重绘后的不同图不能沿用旧验收
Q2F-L0192-S1,192,2.3.2,sentence,1008=7\text{ d}.,src\q2\diagnostics.py:80#lag_analysis;src\plots\q2.py:18#create_figures,src\q2\test_q2.py:22#Q2Tests,diagnostic,True,True,processed/pv_local_residual_correlations.csv;processed/seasonal_difference_variance.csv;processed/figures/manifest.json,新增图必须与实际目视版本的PNG摘要匹配；重绘后的不同图不能沿用旧验收
Q2F-L0193-S1,193,2.3.2,sentence,\],src\q2\diagnostics.py:80#lag_analysis;src\plots\q2.py:18#create_figures,src\q2\test_q2.py:22#Q2Tests,diagnostic,True,True,processed/pv_local_residual_correlations.csv;processed/seasonal_difference_variance.csv;processed/figures/manifest.json,新增图必须与实际目视版本的PNG摘要匹配；重绘后的不同图不能沿用旧验收
Q2F-L0195-S1,195,2.3.2,sentence,若自相关函数在 144 的整数倍及 1008 附近出现明显峰值，则说明日周期和周周期具有稳定记忆；,src\q2\diagnostics.py:80#lag_analysis;src\plots\q2.py:18#create_figures,src\q2\test_q2.py:22#Q2Tests,diagnostic,True,True,processed/pv_local_residual_correlations.csv;processed/seasonal_difference_variance.csv;processed/figures/manifest.json,新增图必须与实际目视版本的PNG摘要匹配；重绘后的不同图不能沿用旧验收
Q2F-L0195-S2,195,2.3.2,sentence,偏自相关函数用于判断前一日、前一周同一时刻是否仍具有额外预测价值。,src\q2\diagnostics.py:80#lag_analysis;src\plots\q2.py:18#create_figures,src\q2\test_q2.py:22#Q2Tests,diagnostic,True,True,processed/pv_local_residual_correlations.csv;processed/seasonal_difference_variance.csv;processed/figures/manifest.json,新增图必须与实际目视版本的PNG摘要匹配；重绘后的不同图不能沿用旧验收
Q2F-L0197-S1,197,2.3.2,sentence,这组图的主要用途是**事后验证预先设定的日/周滞后特征是否与全年数据结构一致**，而不是利用全年未来数据替早期历史决策重新选特征，更不是机械地用来确定某个自回归模型的阶数。,src\q2\diagnostics.py:80#lag_analysis;src\plots\q2.py:18#create_figures,src\q2\test_q2.py:22#Q2Tests,diagnostic,True,True,processed/pv_local_residual_correlations.csv;processed/seasonal_difference_variance.csv;processed/figures/manifest.json,新增图必须与实际目视版本的PNG摘要匹配；重绘后的不同图不能沿用旧验收
Q2F-L0199-S1,199,2.3.3,markup,### 2.3.3 光伏相关性图的正确解释,src\q2\final_diagnostics.py:12#descriptive_corrections;src\q2\forecast.py:70#harmonic_forecast,src\q2\test_forecast_dispatch.py:131#test_dhr_orders_and_diagnostics_use_fixed_dictionary,diagnostic,True,True,processed/pv_local_residual_correlations.csv;processed/seasonal_difference_variance.csv;processed/figures/manifest.json,新增图必须与实际目视版本的PNG摘要匹配；重绘后的不同图不能沿用旧验收
Q2F-L0201-S1,201,2.3.3,sentence,原始光伏序列由于夜间长期为 0、白天呈稳定“上升—峰值—下降”形状，会天然产生很高的 1 日和 7 日滞后相关系数。,src\q2\final_diagnostics.py:12#descriptive_corrections;src\q2\forecast.py:70#harmonic_forecast,src\q2\test_forecast_dispatch.py:131#test_dhr_orders_and_diagnostics_use_fixed_dictionary,diagnostic,True,True,processed/pv_local_residual_correlations.csv;processed/seasonal_difference_variance.csv;processed/figures/manifest.json,新增图必须与实际目视版本的PNG摘要匹配；重绘后的不同图不能沿用旧验收
Q2F-L0201-S2,201,2.3.3,sentence,因此，原始光伏高相关性主要说明：,src\q2\final_diagnostics.py:12#descriptive_corrections;src\q2\forecast.py:70#harmonic_forecast,src\q2\test_forecast_dispatch.py:131#test_dhr_orders_and_diagnostics_use_fixed_dictionary,diagnostic,True,True,processed/pv_local_residual_correlations.csv;processed/seasonal_difference_variance.csv;processed/figures/manifest.json,新增图必须与实际目视版本的PNG摘要匹配；重绘后的不同图不能沿用旧验收
Q2F-L0203-S1,203,2.3.3,sentence,\[,src\q2\final_diagnostics.py:12#descriptive_corrections;src\q2\forecast.py:70#harmonic_forecast,src\q2\test_forecast_dispatch.py:131#test_dhr_orders_and_diagnostics_use_fixed_dictionary,diagnostic,True,True,processed/pv_local_residual_correlations.csv;processed/seasonal_difference_variance.csv;processed/figures/manifest.json,新增图必须与实际目视版本的PNG摘要匹配；重绘后的不同图不能沿用旧验收
Q2F-L0204-S1,204,2.3.3,sentence,\boxed{\text{光伏日内形状高度重复}},src\q2\final_diagnostics.py:12#descriptive_corrections;src\q2\forecast.py:70#harmonic_forecast,src\q2\test_forecast_dispatch.py:131#test_dhr_orders_and_diagnostics_use_fixed_dictionary,diagnostic,True,True,processed/pv_local_residual_correlations.csv;processed/seasonal_difference_variance.csv;processed/figures/manifest.json,新增图必须与实际目视版本的PNG摘要匹配；重绘后的不同图不能沿用旧验收
Q2F-L0205-S1,205,2.3.3,sentence,\],src\q2\final_diagnostics.py:12#descriptive_corrections;src\q2\forecast.py:70#harmonic_forecast,src\q2\test_forecast_dispatch.py:131#test_dhr_orders_and_diagnostics_use_fixed_dictionary,diagnostic,True,True,processed/pv_local_residual_correlations.csv;processed/seasonal_difference_variance.csv;processed/figures/manifest.json,新增图必须与实际目视版本的PNG摘要匹配；重绘后的不同图不能沿用旧验收
Q2F-L0207-S1,207,2.3.3,sentence,而不能直接解释为,src\q2\final_diagnostics.py:12#descriptive_corrections;src\q2\forecast.py:70#harmonic_forecast,src\q2\test_forecast_dispatch.py:131#test_dhr_orders_and_diagnostics_use_fixed_dictionary,diagnostic,True,True,processed/pv_local_residual_correlations.csv;processed/seasonal_difference_variance.csv;processed/figures/manifest.json,新增图必须与实际目视版本的PNG摘要匹配；重绘后的不同图不能沿用旧验收
Q2F-L0209-S1,209,2.3.3,sentence,\[,src\q2\final_diagnostics.py:12#descriptive_corrections;src\q2\forecast.py:70#harmonic_forecast,src\q2\test_forecast_dispatch.py:131#test_dhr_orders_and_diagnostics_use_fixed_dictionary,diagnostic,True,True,processed/pv_local_residual_correlations.csv;processed/seasonal_difference_variance.csv;processed/figures/manifest.json,新增图必须与实际目视版本的PNG摘要匹配；重绘后的不同图不能沿用旧验收
Q2F-L0210-S1,210,2.3.3,sentence,\boxed{\text{次日光伏随机振幅具有同等程度的可预测性}}.,src\q2\final_diagnostics.py:12#descriptive_corrections;src\q2\forecast.py:70#harmonic_forecast,src\q2\test_forecast_dispatch.py:131#test_dhr_orders_and_diagnostics_use_fixed_dictionary,diagnostic,True,True,processed/pv_local_residual_correlations.csv;processed/seasonal_difference_variance.csv;processed/figures/manifest.json,新增图必须与实际目视版本的PNG摘要匹配；重绘后的不同图不能沿用旧验收
Q2F-L0211-S1,211,2.3.3,sentence,\],src\q2\final_diagnostics.py:12#descriptive_corrections;src\q2\forecast.py:70#harmonic_forecast,src\q2\test_forecast_dispatch.py:131#test_dhr_orders_and_diagnostics_use_fixed_dictionary,diagnostic,True,True,processed/pv_local_residual_correlations.csv;processed/seasonal_difference_variance.csv;processed/figures/manifest.json,新增图必须与实际目视版本的PNG摘要匹配；重绘后的不同图不能沿用旧验收
Q2F-L0213-S1,213,2.3.3,sentence,若希望研究光伏真正的日际随机性，应先减去局部平均日曲线或候选谐波模型所解释的确定性周期结构，再分析剩余残差的滞后相关性。,src\q2\final_diagnostics.py:12#descriptive_corrections;src\q2\forecast.py:70#harmonic_forecast,src\q2\test_forecast_dispatch.py:131#test_dhr_orders_and_diagnostics_use_fixed_dictionary,diagnostic,True,True,processed/pv_local_residual_correlations.csv;processed/seasonal_difference_variance.csv;processed/figures/manifest.json,新增图必须与实际目视版本的PNG摘要匹配；重绘后的不同图不能沿用旧验收
Q2F-L0215-S1,215,2.3.4,markup,### 2.3.4 频谱图修正,src\q2\diagnostics.py:103#spectral_analysis;src\plots\q2.py:18#create_figures,src\q2\test_q2.py:221#test_spectrum_known_daily_weekly_peaks_and_parseval,diagnostic,True,True,processed/pv_local_residual_correlations.csv;processed/seasonal_difference_variance.csv;processed/figures/manifest.json,新增图必须与实际目视版本的PNG摘要匹配；重绘后的不同图不能沿用旧验收
Q2F-L0217-S1,217,2.3.4,sentence,频谱横轴统一使用频率单位,src\q2\diagnostics.py:103#spectral_analysis;src\plots\q2.py:18#create_figures,src\q2\test_q2.py:221#test_spectrum_known_daily_weekly_peaks_and_parseval,diagnostic,True,True,processed/pv_local_residual_correlations.csv;processed/seasonal_difference_variance.csv;processed/figures/manifest.json,新增图必须与实际目视版本的PNG摘要匹配；重绘后的不同图不能沿用旧验收
Q2F-L0219-S1,219,2.3.4,sentence,\[,src\q2\diagnostics.py:103#spectral_analysis;src\plots\q2.py:18#create_figures,src\q2\test_q2.py:221#test_spectrum_known_daily_weekly_peaks_and_parseval,diagnostic,True,True,processed/pv_local_residual_correlations.csv;processed/seasonal_difference_variance.csv;processed/figures/manifest.json,新增图必须与实际目视版本的PNG摘要匹配；重绘后的不同图不能沿用旧验收
Q2F-L0220-S1,220,2.3.4,sentence,"\mathrm d^{-1},",src\q2\diagnostics.py:103#spectral_analysis;src\plots\q2.py:18#create_figures,src\q2\test_q2.py:221#test_spectrum_known_daily_weekly_peaks_and_parseval,diagnostic,True,True,processed/pv_local_residual_correlations.csv;processed/seasonal_difference_variance.csv;processed/figures/manifest.json,新增图必须与实际目视版本的PNG摘要匹配；重绘后的不同图不能沿用旧验收
Q2F-L0221-S1,221,2.3.4,sentence,\],src\q2\diagnostics.py:103#spectral_analysis;src\plots\q2.py:18#create_figures,src\q2\test_q2.py:221#test_spectrum_known_daily_weekly_peaks_and_parseval,diagnostic,True,True,processed/pv_local_residual_correlations.csv;processed/seasonal_difference_variance.csv;processed/figures/manifest.json,新增图必须与实际目视版本的PNG摘要匹配；重绘后的不同图不能沿用旧验收
Q2F-L0223-S1,223,2.3.4,sentence,重点检查,src\q2\diagnostics.py:103#spectral_analysis;src\plots\q2.py:18#create_figures,src\q2\test_q2.py:221#test_spectrum_known_daily_weekly_peaks_and_parseval,diagnostic,True,True,processed/pv_local_residual_correlations.csv;processed/seasonal_difference_variance.csv;processed/figures/manifest.json,新增图必须与实际目视版本的PNG摘要匹配；重绘后的不同图不能沿用旧验收
Q2F-L0225-S1,225,2.3.4,sentence,\[,src\q2\diagnostics.py:103#spectral_analysis;src\plots\q2.py:18#create_figures,src\q2\test_q2.py:221#test_spectrum_known_daily_weekly_peaks_and_parseval,diagnostic,True,True,processed/pv_local_residual_correlations.csv;processed/seasonal_difference_variance.csv;processed/figures/manifest.json,新增图必须与实际目视版本的PNG摘要匹配；重绘后的不同图不能沿用旧验收
Q2F-L0226-S1,226,2.3.4,sentence,f=1\ \mathrm d^{-1},src\q2\diagnostics.py:103#spectral_analysis;src\plots\q2.py:18#create_figures,src\q2\test_q2.py:221#test_spectrum_known_daily_weekly_peaks_and_parseval,diagnostic,True,True,processed/pv_local_residual_correlations.csv;processed/seasonal_difference_variance.csv;processed/figures/manifest.json,新增图必须与实际目视版本的PNG摘要匹配；重绘后的不同图不能沿用旧验收
Q2F-L0227-S1,227,2.3.4,sentence,\],src\q2\diagnostics.py:103#spectral_analysis;src\plots\q2.py:18#create_figures,src\q2\test_q2.py:221#test_spectrum_known_daily_weekly_peaks_and_parseval,diagnostic,True,True,processed/pv_local_residual_correlations.csv;processed/seasonal_difference_variance.csv;processed/figures/manifest.json,新增图必须与实际目视版本的PNG摘要匹配；重绘后的不同图不能沿用旧验收
Q2F-L0229-S1,229,2.3.4,sentence,和,src\q2\diagnostics.py:103#spectral_analysis;src\plots\q2.py:18#create_figures,src\q2\test_q2.py:221#test_spectrum_known_daily_weekly_peaks_and_parseval,diagnostic,True,True,processed/pv_local_residual_correlations.csv;processed/seasonal_difference_variance.csv;processed/figures/manifest.json,新增图必须与实际目视版本的PNG摘要匹配；重绘后的不同图不能沿用旧验收
Q2F-L0231-S1,231,2.3.4,sentence,\[,src\q2\diagnostics.py:103#spectral_analysis;src\plots\q2.py:18#create_figures,src\q2\test_q2.py:221#test_spectrum_known_daily_weekly_peaks_and_parseval,diagnostic,True,True,processed/pv_local_residual_correlations.csv;processed/seasonal_difference_variance.csv;processed/figures/manifest.json,新增图必须与实际目视版本的PNG摘要匹配；重绘后的不同图不能沿用旧验收
Q2F-L0232-S1,232,2.3.4,sentence,f=\frac17\ \mathrm d^{-1},src\q2\diagnostics.py:103#spectral_analysis;src\plots\q2.py:18#create_figures,src\q2\test_q2.py:221#test_spectrum_known_daily_weekly_peaks_and_parseval,diagnostic,True,True,processed/pv_local_residual_correlations.csv;processed/seasonal_difference_variance.csv;processed/figures/manifest.json,新增图必须与实际目视版本的PNG摘要匹配；重绘后的不同图不能沿用旧验收
Q2F-L0233-S1,233,2.3.4,sentence,\],src\q2\diagnostics.py:103#spectral_analysis;src\plots\q2.py:18#create_figures,src\q2\test_q2.py:221#test_spectrum_known_daily_weekly_peaks_and_parseval,diagnostic,True,True,processed/pv_local_residual_correlations.csv;processed/seasonal_difference_variance.csv;processed/figures/manifest.json,新增图必须与实际目视版本的PNG摘要匹配；重绘后的不同图不能沿用旧验收
Q2F-L0235-S1,235,2.3.4,sentence,附近是否存在显著峰值。,src\q2\diagnostics.py:103#spectral_analysis;src\plots\q2.py:18#create_figures,src\q2\test_q2.py:221#test_spectrum_known_daily_weekly_peaks_and_parseval,diagnostic,True,True,processed/pv_local_residual_correlations.csv;processed/seasonal_difference_variance.csv;processed/figures/manifest.json,新增图必须与实际目视版本的PNG摘要匹配；重绘后的不同图不能沿用旧验收
Q2F-L0237-S1,237,2.3.4,sentence,频谱图仅作为日周期和周周期存在性的辅助证据，不直接承担预测模型定阶功能。,src\q2\diagnostics.py:103#spectral_analysis;src\plots\q2.py:18#create_figures,src\q2\test_q2.py:221#test_spectrum_known_daily_weekly_peaks_and_parseval,diagnostic,True,True,processed/pv_local_residual_correlations.csv;processed/seasonal_difference_variance.csv;processed/figures/manifest.json,新增图必须与实际目视版本的PNG摘要匹配；重绘后的不同图不能沿用旧验收
Q2F-L0237-S2,237,2.3.4,sentence,由于全年序列存在明显月份水平变化、日照长度变化和非平稳性，应避免把低频能量或谱泄漏误解释为新的确定周期。,src\q2\diagnostics.py:103#spectral_analysis;src\plots\q2.py:18#create_figures,src\q2\test_q2.py:221#test_spectrum_known_daily_weekly_peaks_and_parseval,diagnostic,True,True,processed/pv_local_residual_correlations.csv;processed/seasonal_difference_variance.csv;processed/figures/manifest.json,新增图必须与实际目视版本的PNG摘要匹配；重绘后的不同图不能沿用旧验收
Q2F-L0239-S1,239,2.3.5,markup,### 2.3.5 周期稳定性图修正,src\q2\diagnostics.py:126#stability_analysis;src\q2\final_diagnostics.py:12#descriptive_corrections,src\q2\test_q2.py:22#Q2Tests,diagnostic,True,True,processed/pv_local_residual_correlations.csv;processed/seasonal_difference_variance.csv;processed/figures/manifest.json,新增图必须与实际目视版本的PNG摘要匹配；重绘后的不同图不能沿用旧验收
Q2F-L0241-S1,241,2.3.5,sentence,按月份或滚动窗口计算负荷与光伏的 1 日、7 日滞后相关系数及波动强度。,src\q2\diagnostics.py:126#stability_analysis;src\q2\final_diagnostics.py:12#descriptive_corrections,src\q2\test_q2.py:22#Q2Tests,diagnostic,True,True,processed/pv_local_residual_correlations.csv;processed/seasonal_difference_variance.csv;processed/figures/manifest.json,新增图必须与实际目视版本的PNG摘要匹配；重绘后的不同图不能沿用旧验收
Q2F-L0243-S1,243,2.3.5,sentence,对负荷，较高的 7 日相关性可直接解释为稳定周重复结构；,src\q2\diagnostics.py:126#stability_analysis;src\q2\final_diagnostics.py:12#descriptive_corrections,src\q2\test_q2.py:22#Q2Tests,diagnostic,True,True,processed/pv_local_residual_correlations.csv;processed/seasonal_difference_variance.csv;processed/figures/manifest.json,新增图必须与实际目视版本的PNG摘要匹配；重绘后的不同图不能沿用旧验收
Q2F-L0243-S2,243,2.3.5,sentence,对光伏，原始高相关性仍需谨慎，主要反映固定昼夜形状，而不代表天气扰动本身稳定可预测。,src\q2\diagnostics.py:126#stability_analysis;src\q2\final_diagnostics.py:12#descriptive_corrections,src\q2\test_q2.py:22#Q2Tests,diagnostic,True,True,processed/pv_local_residual_correlations.csv;processed/seasonal_difference_variance.csv;processed/figures/manifest.json,新增图必须与实际目视版本的PNG摘要匹配；重绘后的不同图不能沿用旧验收
Q2F-L0245-S1,245,2.3.5,sentence,因此，对光伏可补充“去除局部平均日曲线后的残差相关性”，用于区分确定性日内结构与随机日际波动。,src\q2\diagnostics.py:126#stability_analysis;src\q2\final_diagnostics.py:12#descriptive_corrections,src\q2\test_q2.py:22#Q2Tests,diagnostic,True,True,processed/pv_local_residual_correlations.csv;processed/seasonal_difference_variance.csv;processed/figures/manifest.json,新增图必须与实际目视版本的PNG摘要匹配；重绘后的不同图不能沿用旧验收
Q2F-L0247-S1,247,2.3.6,markup,### 2.3.6 季节差分图修正,src\q2\final_diagnostics.py:12#descriptive_corrections;src\plots\q2_dispatch.py:12#create,src\q2\test_q2.py:214#test_transforms_match_four_term_identity,diagnostic,True,True,processed/pv_local_residual_correlations.csv;processed/seasonal_difference_variance.csv;processed/figures/manifest.json,新增图必须与实际目视版本的PNG摘要匹配；重绘后的不同图不能沿用旧验收
Q2F-L0249-S1,249,2.3.6,sentence,可保留,src\q2\final_diagnostics.py:12#descriptive_corrections;src\plots\q2_dispatch.py:12#create,src\q2\test_q2.py:214#test_transforms_match_four_term_identity,diagnostic,True,True,processed/pv_local_residual_correlations.csv;processed/seasonal_difference_variance.csv;processed/figures/manifest.json,新增图必须与实际目视版本的PNG摘要匹配；重绘后的不同图不能沿用旧验收
Q2F-L0251-S1,251,2.3.6,sentence,\[,src\q2\final_diagnostics.py:12#descriptive_corrections;src\plots\q2_dispatch.py:12#create,src\q2\test_q2.py:214#test_transforms_match_four_term_identity,diagnostic,True,True,processed/pv_local_residual_correlations.csv;processed/seasonal_difference_variance.csv;processed/figures/manifest.json,新增图必须与实际目视版本的PNG摘要匹配；重绘后的不同图不能沿用旧验收
Q2F-L0252-S1,252,2.3.6,sentence,"(1-B^{144})y_t,",src\q2\final_diagnostics.py:12#descriptive_corrections;src\plots\q2_dispatch.py:12#create,src\q2\test_q2.py:214#test_transforms_match_four_term_identity,diagnostic,True,True,processed/pv_local_residual_correlations.csv;processed/seasonal_difference_variance.csv;processed/figures/manifest.json,新增图必须与实际目视版本的PNG摘要匹配；重绘后的不同图不能沿用旧验收
Q2F-L0253-S1,253,2.3.6,sentence,\qquad,src\q2\final_diagnostics.py:12#descriptive_corrections;src\plots\q2_dispatch.py:12#create,src\q2\test_q2.py:214#test_transforms_match_four_term_identity,diagnostic,True,True,processed/pv_local_residual_correlations.csv;processed/seasonal_difference_variance.csv;processed/figures/manifest.json,新增图必须与实际目视版本的PNG摘要匹配；重绘后的不同图不能沿用旧验收
Q2F-L0254-S1,254,2.3.6,sentence,(1-B^{1008})y_t,src\q2\final_diagnostics.py:12#descriptive_corrections;src\plots\q2_dispatch.py:12#create,src\q2\test_q2.py:214#test_transforms_match_four_term_identity,diagnostic,True,True,processed/pv_local_residual_correlations.csv;processed/seasonal_difference_variance.csv;processed/figures/manifest.json,新增图必须与实际目视版本的PNG摘要匹配；重绘后的不同图不能沿用旧验收
Q2F-L0255-S1,255,2.3.6,sentence,\],src\q2\final_diagnostics.py:12#descriptive_corrections;src\plots\q2_dispatch.py:12#create,src\q2\test_q2.py:214#test_transforms_match_four_term_identity,diagnostic,True,True,processed/pv_local_residual_correlations.csv;processed/seasonal_difference_variance.csv;processed/figures/manifest.json,新增图必须与实际目视版本的PNG摘要匹配；重绘后的不同图不能沿用旧验收
Q2F-L0257-S1,257,2.3.6,sentence,对应的季节差分分析，但不再以“差分后均值接近 0”作为主要结论。,src\q2\final_diagnostics.py:12#descriptive_corrections;src\plots\q2_dispatch.py:12#create,src\q2\test_q2.py:214#test_transforms_match_four_term_identity,diagnostic,True,True,processed/pv_local_residual_correlations.csv;processed/seasonal_difference_variance.csv;processed/figures/manifest.json,新增图必须与实际目视版本的PNG摘要匹配；重绘后的不同图不能沿用旧验收
Q2F-L0259-S1,259,2.3.6,sentence,更有意义的是比较差分前后的方差压缩程度。,src\q2\final_diagnostics.py:12#descriptive_corrections;src\plots\q2_dispatch.py:12#create,src\q2\test_q2.py:214#test_transforms_match_four_term_identity,diagnostic,True,True,processed/pv_local_residual_correlations.csv;processed/seasonal_difference_variance.csv;processed/figures/manifest.json,新增图必须与实际目视版本的PNG摘要匹配；重绘后的不同图不能沿用旧验收
Q2F-L0259-S2,259,2.3.6,sentence,例如，如果 7 日差分显著降低负荷波动，则说明周重复结构确实具有很强解释力。,src\q2\final_diagnostics.py:12#descriptive_corrections;src\plots\q2_dispatch.py:12#create,src\q2\test_q2.py:214#test_transforms_match_four_term_identity,diagnostic,True,True,processed/pv_local_residual_correlations.csv;processed/seasonal_difference_variance.csv;processed/figures/manifest.json,新增图必须与实际目视版本的PNG摘要匹配；重绘后的不同图不能沿用旧验收
Q2F-L0261-S1,261,2.3.6,sentence,该图只用于辅助说明周期结构，不再承担“因此必须选择某个季节差分模型”的任务。,src\q2\final_diagnostics.py:12#descriptive_corrections;src\plots\q2_dispatch.py:12#create,src\q2\test_q2.py:214#test_transforms_match_four_term_identity,diagnostic,True,True,processed/pv_local_residual_correlations.csv;processed/seasonal_difference_variance.csv;processed/figures/manifest.json,新增图必须与实际目视版本的PNG摘要匹配；重绘后的不同图不能沿用旧验收
Q2F-L0263-S1,263,2.3.6,markup,---,src\q2\final_diagnostics.py:12#descriptive_corrections;src\plots\q2_dispatch.py:12#create,src\q2\test_q2.py:214#test_transforms_match_four_term_identity,diagnostic,True,True,processed/pv_local_residual_correlations.csv;processed/seasonal_difference_variance.csv;processed/figures/manifest.json,新增图必须与实际目视版本的PNG摘要匹配；重绘后的不同图不能沿用旧验收
Q2F-L0265-S1,265,2.4,markup,## 2.4 预测模型建立与强基线比较,src\q2\forecast.py:17#seasonal;src\q2\experiments.py:28#forecast_audit,src\q2\test_forecast_dispatch.py:112#ForecastTests,forecast,True,True,raw/shadows/frozen_lightgbm.json;raw/prepared_manifest.json,已复用并逐摘要核验完整影子预测库；本轮未重训预测器
Q2F-L0267-S1,267,2.4,sentence,预测模型不以“复杂程度”作为优劣标准，而以严格滚动样本外性能和进入调度后的经济结果为依据。,src\q2\forecast.py:17#seasonal;src\q2\experiments.py:28#forecast_audit,src\q2\test_forecast_dispatch.py:112#ForecastTests,forecast,True,True,raw/shadows/frozen_lightgbm.json;raw/prepared_manifest.json,已复用并逐摘要核验完整影子预测库；本轮未重训预测器
Q2F-L0267-S2,267,2.4,sentence,为防止复杂模型在强季节性数据上徒增复杂度，必须首先设置简单但强有力的季节基线。,src\q2\forecast.py:17#seasonal;src\q2\experiments.py:28#forecast_audit,src\q2\test_forecast_dispatch.py:112#ForecastTests,forecast,True,True,raw/shadows/frozen_lightgbm.json;raw/prepared_manifest.json,已复用并逐摘要核验完整影子预测库；本轮未重训预测器
Q2F-L0269-S1,269,2.4.1,markup,### 2.4.1 强基线模型,src\q2\forecast.py:17#seasonal;src\q2\experiments.py:172#structural_rollout;src\q2\experiments.py:28#forecast_audit,src\q2\test_forecast_dispatch.py:113#test_recursive_seasonal_uses_its_own_previous_prediction,structure,True,True,processed/experiment_comparison.csv,按最终任务书取消；未运行且不作为论文验收门槛
Q2F-L0271-S1,271,2.4.1,markup,#### （1）负荷周季节朴素基线,src\q2\forecast.py:17#seasonal;src\q2\experiments.py:172#structural_rollout;src\q2\experiments.py:28#forecast_audit,src\q2\test_forecast_dispatch.py:113#test_recursive_seasonal_uses_its_own_previous_prediction,structure,True,True,processed/experiment_comparison.csv,按最终任务书取消；未运行且不作为论文验收门槛
Q2F-L0273-S1,273,2.4.1,sentence,利用负荷极强的周重复结构，定义,src\q2\forecast.py:17#seasonal;src\q2\experiments.py:172#structural_rollout;src\q2\experiments.py:28#forecast_audit,src\q2\test_forecast_dispatch.py:113#test_recursive_seasonal_uses_its_own_previous_prediction,structure,True,True,processed/experiment_comparison.csv,按最终任务书取消；未运行且不作为论文验收门槛
Q2F-L0275-S1,275,2.4.1,sentence,\[,src\q2\forecast.py:17#seasonal;src\q2\experiments.py:172#structural_rollout;src\q2\experiments.py:28#forecast_audit,src\q2\test_forecast_dispatch.py:113#test_recursive_seasonal_uses_its_own_previous_prediction,structure,True,True,processed/experiment_comparison.csv,按最终任务书取消；未运行且不作为论文验收门槛
Q2F-L0276-S1,276,2.4.1,sentence,\boxed{,src\q2\forecast.py:17#seasonal;src\q2\experiments.py:172#structural_rollout;src\q2\experiments.py:28#forecast_audit,src\q2\test_forecast_dispatch.py:113#test_recursive_seasonal_uses_its_own_previous_prediction,structure,True,True,processed/experiment_comparison.csv,按最终任务书取消；未运行且不作为论文验收门槛
Q2F-L0277-S1,277,2.4.1,sentence,"\hat L_{d,t}^{\text{基线}}",src\q2\forecast.py:17#seasonal;src\q2\experiments.py:172#structural_rollout;src\q2\experiments.py:28#forecast_audit,src\q2\test_forecast_dispatch.py:113#test_recursive_seasonal_uses_its_own_previous_prediction,structure,True,True,processed/experiment_comparison.csv,按最终任务书取消；未运行且不作为论文验收门槛
Q2F-L0278-S1,278,2.4.1,sentence,"=L_{d-7,t}.",src\q2\forecast.py:17#seasonal;src\q2\experiments.py:172#structural_rollout;src\q2\experiments.py:28#forecast_audit,src\q2\test_forecast_dispatch.py:113#test_recursive_seasonal_uses_its_own_previous_prediction,structure,True,True,processed/experiment_comparison.csv,按最终任务书取消；未运行且不作为论文验收门槛
Q2F-L0279-S1,279,2.4.1,sentence,},src\q2\forecast.py:17#seasonal;src\q2\experiments.py:172#structural_rollout;src\q2\experiments.py:28#forecast_audit,src\q2\test_forecast_dispatch.py:113#test_recursive_seasonal_uses_its_own_previous_prediction,structure,True,True,processed/experiment_comparison.csv,按最终任务书取消；未运行且不作为论文验收门槛
Q2F-L0280-S1,280,2.4.1,sentence,\],src\q2\forecast.py:17#seasonal;src\q2\experiments.py:172#structural_rollout;src\q2\experiments.py:28#forecast_audit,src\q2\test_forecast_dispatch.py:113#test_recursive_seasonal_uses_its_own_previous_prediction,structure,True,True,processed/experiment_comparison.csv,按最终任务书取消；未运行且不作为论文验收门槛
Q2F-L0282-S1,282,2.4.1,sentence,该模型不含任何待估参数，是检验复杂负荷模型是否真正创造预测价值的最低门槛。,src\q2\forecast.py:17#seasonal;src\q2\experiments.py:172#structural_rollout;src\q2\experiments.py:28#forecast_audit,src\q2\test_forecast_dispatch.py:113#test_recursive_seasonal_uses_its_own_previous_prediction,structure,True,True,processed/experiment_comparison.csv,按最终任务书取消；未运行且不作为论文验收门槛
Q2F-L0284-S1,284,2.4.1,markup,#### （2）光伏过去 7 日同刻均值基线,src\q2\forecast.py:17#seasonal;src\q2\experiments.py:172#structural_rollout;src\q2\experiments.py:28#forecast_audit,src\q2\test_forecast_dispatch.py:113#test_recursive_seasonal_uses_its_own_previous_prediction,structure,True,True,processed/experiment_comparison.csv,按最终任务书取消；未运行且不作为论文验收门槛
Q2F-L0286-S1,286,2.4.1,sentence,定义,src\q2\forecast.py:17#seasonal;src\q2\experiments.py:172#structural_rollout;src\q2\experiments.py:28#forecast_audit,src\q2\test_forecast_dispatch.py:113#test_recursive_seasonal_uses_its_own_previous_prediction,structure,True,True,processed/experiment_comparison.csv,按最终任务书取消；未运行且不作为论文验收门槛
Q2F-L0288-S1,288,2.4.1,sentence,\[,src\q2\forecast.py:17#seasonal;src\q2\experiments.py:172#structural_rollout;src\q2\experiments.py:28#forecast_audit,src\q2\test_forecast_dispatch.py:113#test_recursive_seasonal_uses_its_own_previous_prediction,structure,True,True,processed/experiment_comparison.csv,按最终任务书取消；未运行且不作为论文验收门槛
Q2F-L0289-S1,289,2.4.1,sentence,\boxed{,src\q2\forecast.py:17#seasonal;src\q2\experiments.py:172#structural_rollout;src\q2\experiments.py:28#forecast_audit,src\q2\test_forecast_dispatch.py:113#test_recursive_seasonal_uses_its_own_previous_prediction,structure,True,True,processed/experiment_comparison.csv,按最终任务书取消；未运行且不作为论文验收门槛
Q2F-L0290-S1,290,2.4.1,sentence,"\hat P_{d,t}^{PV,\text{基线}}",src\q2\forecast.py:17#seasonal;src\q2\experiments.py:172#structural_rollout;src\q2\experiments.py:28#forecast_audit,src\q2\test_forecast_dispatch.py:113#test_recursive_seasonal_uses_its_own_previous_prediction,structure,True,True,processed/experiment_comparison.csv,按最终任务书取消；未运行且不作为论文验收门槛
Q2F-L0291-S1,291,2.4.1,sentence,"=\frac17\sum_{j=1}^{7}P_{d-j,t}^{PV}.",src\q2\forecast.py:17#seasonal;src\q2\experiments.py:172#structural_rollout;src\q2\experiments.py:28#forecast_audit,src\q2\test_forecast_dispatch.py:113#test_recursive_seasonal_uses_its_own_previous_prediction,structure,True,True,processed/experiment_comparison.csv,按最终任务书取消；未运行且不作为论文验收门槛
Q2F-L0292-S1,292,2.4.1,sentence,},src\q2\forecast.py:17#seasonal;src\q2\experiments.py:172#structural_rollout;src\q2\experiments.py:28#forecast_audit,src\q2\test_forecast_dispatch.py:113#test_recursive_seasonal_uses_its_own_previous_prediction,structure,True,True,processed/experiment_comparison.csv,按最终任务书取消；未运行且不作为论文验收门槛
Q2F-L0293-S1,293,2.4.1,sentence,\],src\q2\forecast.py:17#seasonal;src\q2\experiments.py:172#structural_rollout;src\q2\experiments.py:28#forecast_audit,src\q2\test_forecast_dispatch.py:113#test_recursive_seasonal_uses_its_own_previous_prediction,structure,True,True,processed/experiment_comparison.csv,按最终任务书取消；未运行且不作为论文验收门槛
Q2F-L0295-S1,295,2.4.1,sentence,该模型能够利用短期季节变化和同一时刻的稳定昼夜结构，同时完全满足日前信息边界。,src\q2\forecast.py:17#seasonal;src\q2\experiments.py:172#structural_rollout;src\q2\experiments.py:28#forecast_audit,src\q2\test_forecast_dispatch.py:113#test_recursive_seasonal_uses_its_own_previous_prediction,structure,True,True,processed/experiment_comparison.csv,按最终任务书取消；未运行且不作为论文验收门槛
Q2F-L0297-S1,297,2.4.1,sentence,对附件 2 从 2025 年 2 月 1 日起进行直接核验，负荷周季节朴素基线的平均绝对误差约为,src\q2\forecast.py:17#seasonal;src\q2\experiments.py:172#structural_rollout;src\q2\experiments.py:28#forecast_audit,src\q2\test_forecast_dispatch.py:113#test_recursive_seasonal_uses_its_own_previous_prediction,structure,True,True,processed/experiment_comparison.csv,按最终任务书取消；未运行且不作为论文验收门槛
Q2F-L0299-S1,299,2.4.1,sentence,\[,src\q2\forecast.py:17#seasonal;src\q2\experiments.py:172#structural_rollout;src\q2\experiments.py:28#forecast_audit,src\q2\test_forecast_dispatch.py:113#test_recursive_seasonal_uses_its_own_previous_prediction,structure,True,True,processed/experiment_comparison.csv,按最终任务书取消；未运行且不作为论文验收门槛
Q2F-L0300-S1,300,2.4.1,sentence,"176.80\text{ kW},",src\q2\forecast.py:17#seasonal;src\q2\experiments.py:172#structural_rollout;src\q2\experiments.py:28#forecast_audit,src\q2\test_forecast_dispatch.py:113#test_recursive_seasonal_uses_its_own_previous_prediction,structure,True,True,processed/experiment_comparison.csv,按最终任务书取消；未运行且不作为论文验收门槛
Q2F-L0301-S1,301,2.4.1,sentence,\],src\q2\forecast.py:17#seasonal;src\q2\experiments.py:172#structural_rollout;src\q2\experiments.py:28#forecast_audit,src\q2\test_forecast_dispatch.py:113#test_recursive_seasonal_uses_its_own_previous_prediction,structure,True,True,processed/experiment_comparison.csv,按最终任务书取消；未运行且不作为论文验收门槛
Q2F-L0303-S1,303,2.4.1,sentence,均方根误差约为,src\q2\forecast.py:17#seasonal;src\q2\experiments.py:172#structural_rollout;src\q2\experiments.py:28#forecast_audit,src\q2\test_forecast_dispatch.py:113#test_recursive_seasonal_uses_its_own_previous_prediction,structure,True,True,processed/experiment_comparison.csv,按最终任务书取消；未运行且不作为论文验收门槛
Q2F-L0305-S1,305,2.4.1,sentence,\[,src\q2\forecast.py:17#seasonal;src\q2\experiments.py:172#structural_rollout;src\q2\experiments.py:28#forecast_audit,src\q2\test_forecast_dispatch.py:113#test_recursive_seasonal_uses_its_own_previous_prediction,structure,True,True,processed/experiment_comparison.csv,按最终任务书取消；未运行且不作为论文验收门槛
Q2F-L0306-S1,306,2.4.1,sentence,244.29\text{ kW};,src\q2\forecast.py:17#seasonal;src\q2\experiments.py:172#structural_rollout;src\q2\experiments.py:28#forecast_audit,src\q2\test_forecast_dispatch.py:113#test_recursive_seasonal_uses_its_own_previous_prediction,structure,True,True,processed/experiment_comparison.csv,按最终任务书取消；未运行且不作为论文验收门槛
Q2F-L0307-S1,307,2.4.1,sentence,\],src\q2\forecast.py:17#seasonal;src\q2\experiments.py:172#structural_rollout;src\q2\experiments.py:28#forecast_audit,src\q2\test_forecast_dispatch.py:113#test_recursive_seasonal_uses_its_own_previous_prediction,structure,True,True,processed/experiment_comparison.csv,按最终任务书取消；未运行且不作为论文验收门槛
Q2F-L0309-S1,309,2.4.1,sentence,光伏过去 7 日同刻均值基线的平均绝对误差约为,src\q2\forecast.py:17#seasonal;src\q2\experiments.py:172#structural_rollout;src\q2\experiments.py:28#forecast_audit,src\q2\test_forecast_dispatch.py:113#test_recursive_seasonal_uses_its_own_previous_prediction,structure,True,True,processed/experiment_comparison.csv,按最终任务书取消；未运行且不作为论文验收门槛
Q2F-L0311-S1,311,2.4.1,sentence,\[,src\q2\forecast.py:17#seasonal;src\q2\experiments.py:172#structural_rollout;src\q2\experiments.py:28#forecast_audit,src\q2\test_forecast_dispatch.py:113#test_recursive_seasonal_uses_its_own_previous_prediction,structure,True,True,processed/experiment_comparison.csv,按最终任务书取消；未运行且不作为论文验收门槛
Q2F-L0312-S1,312,2.4.1,sentence,"153.40\text{ kW},",src\q2\forecast.py:17#seasonal;src\q2\experiments.py:172#structural_rollout;src\q2\experiments.py:28#forecast_audit,src\q2\test_forecast_dispatch.py:113#test_recursive_seasonal_uses_its_own_previous_prediction,structure,True,True,processed/experiment_comparison.csv,按最终任务书取消；未运行且不作为论文验收门槛
Q2F-L0313-S1,313,2.4.1,sentence,\],src\q2\forecast.py:17#seasonal;src\q2\experiments.py:172#structural_rollout;src\q2\experiments.py:28#forecast_audit,src\q2\test_forecast_dispatch.py:113#test_recursive_seasonal_uses_its_own_previous_prediction,structure,True,True,processed/experiment_comparison.csv,按最终任务书取消；未运行且不作为论文验收门槛
Q2F-L0315-S1,315,2.4.1,sentence,均方根误差约为,src\q2\forecast.py:17#seasonal;src\q2\experiments.py:172#structural_rollout;src\q2\experiments.py:28#forecast_audit,src\q2\test_forecast_dispatch.py:113#test_recursive_seasonal_uses_its_own_previous_prediction,structure,True,True,processed/experiment_comparison.csv,按最终任务书取消；未运行且不作为论文验收门槛
Q2F-L0317-S1,317,2.4.1,sentence,\[,src\q2\forecast.py:17#seasonal;src\q2\experiments.py:172#structural_rollout;src\q2\experiments.py:28#forecast_audit,src\q2\test_forecast_dispatch.py:113#test_recursive_seasonal_uses_its_own_previous_prediction,structure,True,True,processed/experiment_comparison.csv,按最终任务书取消；未运行且不作为论文验收门槛
Q2F-L0318-S1,318,2.4.1,sentence,303.86\text{ kW}.,src\q2\forecast.py:17#seasonal;src\q2\experiments.py:172#structural_rollout;src\q2\experiments.py:28#forecast_audit,src\q2\test_forecast_dispatch.py:113#test_recursive_seasonal_uses_its_own_previous_prediction,structure,True,True,processed/experiment_comparison.csv,按最终任务书取消；未运行且不作为论文验收门槛
Q2F-L0319-S1,319,2.4.1,sentence,\],src\q2\forecast.py:17#seasonal;src\q2\experiments.py:172#structural_rollout;src\q2\experiments.py:28#forecast_audit,src\q2\test_forecast_dispatch.py:113#test_recursive_seasonal_uses_its_own_previous_prediction,structure,True,True,processed/experiment_comparison.csv,按最终任务书取消；未运行且不作为论文验收门槛
Q2F-L0321-S1,321,2.4.1,sentence,上述数值是利用全年真实数据进行的**事后基线评价**，只用于论文中的模型校验，不参与任何历史时点的在线决策。,src\q2\forecast.py:17#seasonal;src\q2\experiments.py:172#structural_rollout;src\q2\experiments.py:28#forecast_audit,src\q2\test_forecast_dispatch.py:113#test_recursive_seasonal_uses_its_own_previous_prediction,structure,True,True,processed/experiment_comparison.csv,按最终任务书取消；未运行且不作为论文验收门槛
Q2F-L0321-S2,321,2.4.1,sentence,它说明附件 2 中的简单季节基线已经具有较强预测能力，因此复杂模型必须通过严格滚动样本外结果证明其确有增益，不能仅凭模型形式较复杂而直接入选。,src\q2\forecast.py:17#seasonal;src\q2\experiments.py:172#structural_rollout;src\q2\experiments.py:28#forecast_audit,src\q2\test_forecast_dispatch.py:113#test_recursive_seasonal_uses_its_own_previous_prediction,structure,True,True,processed/experiment_comparison.csv,按最终任务书取消；未运行且不作为论文验收门槛
Q2F-L0323-S1,323,2.4.2,markup,### 2.4.2 负荷主候选模型：LightGBM,src\q2\forecast.py:32#load_features;src\q2\forecast.py:41#lightgbm_forecast;src\q2\shadows.py:29#freeze_lightgbm,src\q2\test_forecast_dispatch.py:120#test_exact_eight_load_features_and_actual_candidate;src\q2\test_forecast_dispatch.py:140#test_freezing_cannot_use_february_hyperparameter_performance,forecast,True,True,raw/shadows/frozen_lightgbm.json;raw/prepared_manifest.json,已复用并逐摘要核验完整影子预测库；本轮未重训预测器
Q2F-L0325-S1,325,2.4.2,sentence,负荷具有明显的工作日—周末差异、时段阶跃、周周期和季节交互，属于典型的非线性、分段式时间特征结构。,src\q2\forecast.py:32#load_features;src\q2\forecast.py:41#lightgbm_forecast;src\q2\shadows.py:29#freeze_lightgbm,src\q2\test_forecast_dispatch.py:120#test_exact_eight_load_features_and_actual_candidate;src\q2\test_forecast_dispatch.py:140#test_freezing_cannot_use_february_hyperparameter_performance,forecast,True,True,raw/shadows/frozen_lightgbm.json;raw/prepared_manifest.json,已复用并逐摘要核验完整影子预测库；本轮未重训预测器
Q2F-L0325-S2,325,2.4.2,sentence,因此，负荷主候选模型采用 LightGBM。,src\q2\forecast.py:32#load_features;src\q2\forecast.py:41#lightgbm_forecast;src\q2\shadows.py:29#freeze_lightgbm,src\q2\test_forecast_dispatch.py:120#test_exact_eight_load_features_and_actual_candidate;src\q2\test_forecast_dispatch.py:140#test_freezing_cannot_use_february_hyperparameter_performance,forecast,True,True,raw/shadows/frozen_lightgbm.json;raw/prepared_manifest.json,已复用并逐摘要核验完整影子预测库；本轮未重训预测器
Q2F-L0327-S1,327,2.4.2,sentence,构造特征向量,src\q2\forecast.py:32#load_features;src\q2\forecast.py:41#lightgbm_forecast;src\q2\shadows.py:29#freeze_lightgbm,src\q2\test_forecast_dispatch.py:120#test_exact_eight_load_features_and_actual_candidate;src\q2\test_forecast_dispatch.py:140#test_freezing_cannot_use_february_hyperparameter_performance,forecast,True,True,raw/shadows/frozen_lightgbm.json;raw/prepared_manifest.json,已复用并逐摘要核验完整影子预测库；本轮未重训预测器
Q2F-L0329-S1,329,2.4.2,sentence,\[,src\q2\forecast.py:32#load_features;src\q2\forecast.py:41#lightgbm_forecast;src\q2\shadows.py:29#freeze_lightgbm,src\q2\test_forecast_dispatch.py:120#test_exact_eight_load_features_and_actual_candidate;src\q2\test_forecast_dispatch.py:140#test_freezing_cannot_use_february_hyperparameter_performance,forecast,True,True,raw/shadows/frozen_lightgbm.json;raw/prepared_manifest.json,已复用并逐摘要核验完整影子预测库；本轮未重训预测器
Q2F-L0330-S1,330,2.4.2,sentence,"X_{d,t}^{L}",src\q2\forecast.py:32#load_features;src\q2\forecast.py:41#lightgbm_forecast;src\q2\shadows.py:29#freeze_lightgbm,src\q2\test_forecast_dispatch.py:120#test_exact_eight_load_features_and_actual_candidate;src\q2\test_forecast_dispatch.py:140#test_freezing_cannot_use_february_hyperparameter_performance,forecast,True,True,raw/shadows/frozen_lightgbm.json;raw/prepared_manifest.json,已复用并逐摘要核验完整影子预测库；本轮未重训预测器
Q2F-L0331-S1,331,2.4.2,sentence,=,src\q2\forecast.py:32#load_features;src\q2\forecast.py:41#lightgbm_forecast;src\q2\shadows.py:29#freeze_lightgbm,src\q2\test_forecast_dispatch.py:120#test_exact_eight_load_features_and_actual_candidate;src\q2\test_forecast_dispatch.py:140#test_freezing_cannot_use_february_hyperparameter_performance,forecast,True,True,raw/shadows/frozen_lightgbm.json;raw/prepared_manifest.json,已复用并逐摘要核验完整影子预测库；本轮未重训预测器
Q2F-L0332-S1,332,2.4.2,sentence,\bigl[,src\q2\forecast.py:32#load_features;src\q2\forecast.py:41#lightgbm_forecast;src\q2\shadows.py:29#freeze_lightgbm,src\q2\test_forecast_dispatch.py:120#test_exact_eight_load_features_and_actual_candidate;src\q2\test_forecast_dispatch.py:140#test_freezing_cannot_use_february_hyperparameter_performance,forecast,True,True,raw/shadows/frozen_lightgbm.json;raw/prepared_manifest.json,已复用并逐摘要核验完整影子预测库；本轮未重训预测器
Q2F-L0333-S1,333,2.4.2,sentence,"\tau_t,",src\q2\forecast.py:32#load_features;src\q2\forecast.py:41#lightgbm_forecast;src\q2\shadows.py:29#freeze_lightgbm,src\q2\test_forecast_dispatch.py:120#test_exact_eight_load_features_and_actual_candidate;src\q2\test_forecast_dispatch.py:140#test_freezing_cannot_use_february_hyperparameter_performance,forecast,True,True,raw/shadows/frozen_lightgbm.json;raw/prepared_manifest.json,已复用并逐摘要核验完整影子预测库；本轮未重训预测器
Q2F-L0334-S1,334,2.4.2,sentence,"w_d,",src\q2\forecast.py:32#load_features;src\q2\forecast.py:41#lightgbm_forecast;src\q2\shadows.py:29#freeze_lightgbm,src\q2\test_forecast_dispatch.py:120#test_exact_eight_load_features_and_actual_candidate;src\q2\test_forecast_dispatch.py:140#test_freezing_cannot_use_february_hyperparameter_performance,forecast,True,True,raw/shadows/frozen_lightgbm.json;raw/prepared_manifest.json,已复用并逐摘要核验完整影子预测库；本轮未重训预测器
Q2F-L0335-S1,335,2.4.2,sentence,"u_d,",src\q2\forecast.py:32#load_features;src\q2\forecast.py:41#lightgbm_forecast;src\q2\shadows.py:29#freeze_lightgbm,src\q2\test_forecast_dispatch.py:120#test_exact_eight_load_features_and_actual_candidate;src\q2\test_forecast_dispatch.py:140#test_freezing_cannot_use_february_hyperparameter_performance,forecast,True,True,raw/shadows/frozen_lightgbm.json;raw/prepared_manifest.json,已复用并逐摘要核验完整影子预测库；本轮未重训预测器
Q2F-L0336-S1,336,2.4.2,sentence,"m_d,",src\q2\forecast.py:32#load_features;src\q2\forecast.py:41#lightgbm_forecast;src\q2\shadows.py:29#freeze_lightgbm,src\q2\test_forecast_dispatch.py:120#test_exact_eight_load_features_and_actual_candidate;src\q2\test_forecast_dispatch.py:140#test_freezing_cannot_use_february_hyperparameter_performance,forecast,True,True,raw/shadows/frozen_lightgbm.json;raw/prepared_manifest.json,已复用并逐摘要核验完整影子预测库；本轮未重训预测器
Q2F-L0337-S1,337,2.4.2,sentence,"r_d,",src\q2\forecast.py:32#load_features;src\q2\forecast.py:41#lightgbm_forecast;src\q2\shadows.py:29#freeze_lightgbm,src\q2\test_forecast_dispatch.py:120#test_exact_eight_load_features_and_actual_candidate;src\q2\test_forecast_dispatch.py:140#test_freezing_cannot_use_february_hyperparameter_performance,forecast,True,True,raw/shadows/frozen_lightgbm.json;raw/prepared_manifest.json,已复用并逐摘要核验完整影子预测库；本轮未重训预测器
Q2F-L0338-S1,338,2.4.2,sentence,"L_{d-1,t},",src\q2\forecast.py:32#load_features;src\q2\forecast.py:41#lightgbm_forecast;src\q2\shadows.py:29#freeze_lightgbm,src\q2\test_forecast_dispatch.py:120#test_exact_eight_load_features_and_actual_candidate;src\q2\test_forecast_dispatch.py:140#test_freezing_cannot_use_february_hyperparameter_performance,forecast,True,True,raw/shadows/frozen_lightgbm.json;raw/prepared_manifest.json,已复用并逐摘要核验完整影子预测库；本轮未重训预测器
Q2F-L0339-S1,339,2.4.2,sentence,"L_{d-2,t},",src\q2\forecast.py:32#load_features;src\q2\forecast.py:41#lightgbm_forecast;src\q2\shadows.py:29#freeze_lightgbm,src\q2\test_forecast_dispatch.py:120#test_exact_eight_load_features_and_actual_candidate;src\q2\test_forecast_dispatch.py:140#test_freezing_cannot_use_february_hyperparameter_performance,forecast,True,True,raw/shadows/frozen_lightgbm.json;raw/prepared_manifest.json,已复用并逐摘要核验完整影子预测库；本轮未重训预测器
Q2F-L0340-S1,340,2.4.2,sentence,"L_{d-7,t},",src\q2\forecast.py:32#load_features;src\q2\forecast.py:41#lightgbm_forecast;src\q2\shadows.py:29#freeze_lightgbm,src\q2\test_forecast_dispatch.py:120#test_exact_eight_load_features_and_actual_candidate;src\q2\test_forecast_dispatch.py:140#test_freezing_cannot_use_february_hyperparameter_performance,forecast,True,True,raw/shadows/frozen_lightgbm.json;raw/prepared_manifest.json,已复用并逐摘要核验完整影子预测库；本轮未重训预测器
Q2F-L0341-S1,341,2.4.2,sentence,"\bar L_{d,t}^{(7)},",src\q2\forecast.py:32#load_features;src\q2\forecast.py:41#lightgbm_forecast;src\q2\shadows.py:29#freeze_lightgbm,src\q2\test_forecast_dispatch.py:120#test_exact_eight_load_features_and_actual_candidate;src\q2\test_forecast_dispatch.py:140#test_freezing_cannot_use_february_hyperparameter_performance,forecast,True,True,raw/shadows/frozen_lightgbm.json;raw/prepared_manifest.json,已复用并逐摘要核验完整影子预测库；本轮未重训预测器
Q2F-L0342-S1,342,2.4.2,sentence,"\sigma_{d,t}^{(7)}",src\q2\forecast.py:32#load_features;src\q2\forecast.py:41#lightgbm_forecast;src\q2\shadows.py:29#freeze_lightgbm,src\q2\test_forecast_dispatch.py:120#test_exact_eight_load_features_and_actual_candidate;src\q2\test_forecast_dispatch.py:140#test_freezing_cannot_use_february_hyperparameter_performance,forecast,True,True,raw/shadows/frozen_lightgbm.json;raw/prepared_manifest.json,已复用并逐摘要核验完整影子预测库；本轮未重训预测器
Q2F-L0343-S1,343,2.4.2,sentence,"\bigr],",src\q2\forecast.py:32#load_features;src\q2\forecast.py:41#lightgbm_forecast;src\q2\shadows.py:29#freeze_lightgbm,src\q2\test_forecast_dispatch.py:120#test_exact_eight_load_features_and_actual_candidate;src\q2\test_forecast_dispatch.py:140#test_freezing_cannot_use_february_hyperparameter_performance,forecast,True,True,raw/shadows/frozen_lightgbm.json;raw/prepared_manifest.json,已复用并逐摘要核验完整影子预测库；本轮未重训预测器
Q2F-L0344-S1,344,2.4.2,sentence,\],src\q2\forecast.py:32#load_features;src\q2\forecast.py:41#lightgbm_forecast;src\q2\shadows.py:29#freeze_lightgbm,src\q2\test_forecast_dispatch.py:120#test_exact_eight_load_features_and_actual_candidate;src\q2\test_forecast_dispatch.py:140#test_freezing_cannot_use_february_hyperparameter_performance,forecast,True,True,raw/shadows/frozen_lightgbm.json;raw/prepared_manifest.json,已复用并逐摘要核验完整影子预测库；本轮未重训预测器
Q2F-L0346-S1,346,2.4.2,sentence,其中：,src\q2\forecast.py:32#load_features;src\q2\forecast.py:41#lightgbm_forecast;src\q2\shadows.py:29#freeze_lightgbm,src\q2\test_forecast_dispatch.py:120#test_exact_eight_load_features_and_actual_candidate;src\q2\test_forecast_dispatch.py:140#test_freezing_cannot_use_february_hyperparameter_performance,forecast,True,True,raw/shadows/frozen_lightgbm.json;raw/prepared_manifest.json,已复用并逐摘要核验完整影子预测库；本轮未重训预测器
Q2F-L0348-S1,348,2.4.2,sentence,- \(\tau_t\)：日内第 \(t\) 个 10 min 时段；,src\q2\forecast.py:32#load_features;src\q2\forecast.py:41#lightgbm_forecast;src\q2\shadows.py:29#freeze_lightgbm,src\q2\test_forecast_dispatch.py:120#test_exact_eight_load_features_and_actual_candidate;src\q2\test_forecast_dispatch.py:140#test_freezing_cannot_use_february_hyperparameter_performance,forecast,True,True,raw/shadows/frozen_lightgbm.json;raw/prepared_manifest.json,已复用并逐摘要核验完整影子预测库；本轮未重训预测器
Q2F-L0349-S1,349,2.4.2,sentence,- \(w_d\)：星期类别；,src\q2\forecast.py:32#load_features;src\q2\forecast.py:41#lightgbm_forecast;src\q2\shadows.py:29#freeze_lightgbm,src\q2\test_forecast_dispatch.py:120#test_exact_eight_load_features_and_actual_candidate;src\q2\test_forecast_dispatch.py:140#test_freezing_cannot_use_february_hyperparameter_performance,forecast,True,True,raw/shadows/frozen_lightgbm.json;raw/prepared_manifest.json,已复用并逐摘要核验完整影子预测库；本轮未重训预测器
Q2F-L0350-S1,350,2.4.2,sentence,- \(u_d\)：工作日/周末标记；,src\q2\forecast.py:32#load_features;src\q2\forecast.py:41#lightgbm_forecast;src\q2\shadows.py:29#freeze_lightgbm,src\q2\test_forecast_dispatch.py:120#test_exact_eight_load_features_and_actual_candidate;src\q2\test_forecast_dispatch.py:140#test_freezing_cannot_use_february_hyperparameter_performance,forecast,True,True,raw/shadows/frozen_lightgbm.json;raw/prepared_manifest.json,已复用并逐摘要核验完整影子预测库；本轮未重训预测器
Q2F-L0351-S1,351,2.4.2,sentence,- \(m_d\)：月份；,src\q2\forecast.py:32#load_features;src\q2\forecast.py:41#lightgbm_forecast;src\q2\shadows.py:29#freeze_lightgbm,src\q2\test_forecast_dispatch.py:120#test_exact_eight_load_features_and_actual_candidate;src\q2\test_forecast_dispatch.py:140#test_freezing_cannot_use_february_hyperparameter_performance,forecast,True,True,raw/shadows/frozen_lightgbm.json;raw/prepared_manifest.json,已复用并逐摘要核验完整影子预测库；本轮未重训预测器
Q2F-L0352-S1,352,2.4.2,sentence,- \(r_d\)：年内日序号；,src\q2\forecast.py:32#load_features;src\q2\forecast.py:41#lightgbm_forecast;src\q2\shadows.py:29#freeze_lightgbm,src\q2\test_forecast_dispatch.py:120#test_exact_eight_load_features_and_actual_candidate;src\q2\test_forecast_dispatch.py:140#test_freezing_cannot_use_february_hyperparameter_performance,forecast,True,True,raw/shadows/frozen_lightgbm.json;raw/prepared_manifest.json,已复用并逐摘要核验完整影子预测库；本轮未重训预测器
Q2F-L0353-S1,353,2.4.2,sentence,"- \(L_{d-1,t}\)、\(L_{d-2,t}\)、\(L_{d-7,t}\)：前 1、2、7 日同一时刻负荷；",src\q2\forecast.py:32#load_features;src\q2\forecast.py:41#lightgbm_forecast;src\q2\shadows.py:29#freeze_lightgbm,src\q2\test_forecast_dispatch.py:120#test_exact_eight_load_features_and_actual_candidate;src\q2\test_forecast_dispatch.py:140#test_freezing_cannot_use_february_hyperparameter_performance,forecast,True,True,raw/shadows/frozen_lightgbm.json;raw/prepared_manifest.json,已复用并逐摘要核验完整影子预测库；本轮未重训预测器
Q2F-L0354-S1,354,2.4.2,sentence,"- \(\bar L_{d,t}^{(7)}\)、\(\sigma_{d,t}^{(7)}\)：此前 7 日同一时刻均值和标准差。",src\q2\forecast.py:32#load_features;src\q2\forecast.py:41#lightgbm_forecast;src\q2\shadows.py:29#freeze_lightgbm,src\q2\test_forecast_dispatch.py:120#test_exact_eight_load_features_and_actual_candidate;src\q2\test_forecast_dispatch.py:140#test_freezing_cannot_use_february_hyperparameter_performance,forecast,True,True,raw/shadows/frozen_lightgbm.json;raw/prepared_manifest.json,已复用并逐摘要核验完整影子预测库；本轮未重训预测器
Q2F-L0356-S1,356,2.4.2,sentence,模型写为,src\q2\forecast.py:32#load_features;src\q2\forecast.py:41#lightgbm_forecast;src\q2\shadows.py:29#freeze_lightgbm,src\q2\test_forecast_dispatch.py:120#test_exact_eight_load_features_and_actual_candidate;src\q2\test_forecast_dispatch.py:140#test_freezing_cannot_use_february_hyperparameter_performance,forecast,True,True,raw/shadows/frozen_lightgbm.json;raw/prepared_manifest.json,已复用并逐摘要核验完整影子预测库；本轮未重训预测器
Q2F-L0358-S1,358,2.4.2,sentence,\[,src\q2\forecast.py:32#load_features;src\q2\forecast.py:41#lightgbm_forecast;src\q2\shadows.py:29#freeze_lightgbm,src\q2\test_forecast_dispatch.py:120#test_exact_eight_load_features_and_actual_candidate;src\q2\test_forecast_dispatch.py:140#test_freezing_cannot_use_february_hyperparameter_performance,forecast,True,True,raw/shadows/frozen_lightgbm.json;raw/prepared_manifest.json,已复用并逐摘要核验完整影子预测库；本轮未重训预测器
Q2F-L0359-S1,359,2.4.2,sentence,"\hat L_{d,t}=f_{\mathrm{LGB}}(X_{d,t}^{L}).",src\q2\forecast.py:32#load_features;src\q2\forecast.py:41#lightgbm_forecast;src\q2\shadows.py:29#freeze_lightgbm,src\q2\test_forecast_dispatch.py:120#test_exact_eight_load_features_and_actual_candidate;src\q2\test_forecast_dispatch.py:140#test_freezing_cannot_use_february_hyperparameter_performance,forecast,True,True,raw/shadows/frozen_lightgbm.json;raw/prepared_manifest.json,已复用并逐摘要核验完整影子预测库；本轮未重训预测器
Q2F-L0360-S1,360,2.4.2,sentence,\],src\q2\forecast.py:32#load_features;src\q2\forecast.py:41#lightgbm_forecast;src\q2\shadows.py:29#freeze_lightgbm,src\q2\test_forecast_dispatch.py:120#test_exact_eight_load_features_and_actual_candidate;src\q2\test_forecast_dispatch.py:140#test_freezing_cannot_use_february_hyperparameter_performance,forecast,True,True,raw/shadows/frozen_lightgbm.json;raw/prepared_manifest.json,已复用并逐摘要核验完整影子预测库；本轮未重训预测器
Q2F-L0362-S1,362,2.4.2,sentence,"所有特征在第 \(d\) 日 0:00 均必须已经可得，不使用当天尚未发生的 \(L_{d,t-1}\) 等实时信息。",src\q2\forecast.py:32#load_features;src\q2\forecast.py:41#lightgbm_forecast;src\q2\shadows.py:29#freeze_lightgbm,src\q2\test_forecast_dispatch.py:120#test_exact_eight_load_features_and_actual_candidate;src\q2\test_forecast_dispatch.py:140#test_freezing_cannot_use_february_hyperparameter_performance,forecast,True,True,raw/shadows/frozen_lightgbm.json;raw/prepared_manifest.json,已复用并逐摘要核验完整影子预测库；本轮未重训预测器
Q2F-L0364-S1,364,2.4.2,sentence,负荷最终是否采用该模型，必须满足,src\q2\forecast.py:32#load_features;src\q2\forecast.py:41#lightgbm_forecast;src\q2\shadows.py:29#freeze_lightgbm,src\q2\test_forecast_dispatch.py:120#test_exact_eight_load_features_and_actual_candidate;src\q2\test_forecast_dispatch.py:140#test_freezing_cannot_use_february_hyperparameter_performance,forecast,True,True,raw/shadows/frozen_lightgbm.json;raw/prepared_manifest.json,已复用并逐摘要核验完整影子预测库；本轮未重训预测器
Q2F-L0366-S1,366,2.4.2,sentence,\[,src\q2\forecast.py:32#load_features;src\q2\forecast.py:41#lightgbm_forecast;src\q2\shadows.py:29#freeze_lightgbm,src\q2\test_forecast_dispatch.py:120#test_exact_eight_load_features_and_actual_candidate;src\q2\test_forecast_dispatch.py:140#test_freezing_cannot_use_february_hyperparameter_performance,forecast,True,True,raw/shadows/frozen_lightgbm.json;raw/prepared_manifest.json,已复用并逐摘要核验完整影子预测库；本轮未重训预测器
Q2F-L0367-S1,367,2.4.2,sentence,\boxed{,src\q2\forecast.py:32#load_features;src\q2\forecast.py:41#lightgbm_forecast;src\q2\shadows.py:29#freeze_lightgbm,src\q2\test_forecast_dispatch.py:120#test_exact_eight_load_features_and_actual_candidate;src\q2\test_forecast_dispatch.py:140#test_freezing_cannot_use_february_hyperparameter_performance,forecast,True,True,raw/shadows/frozen_lightgbm.json;raw/prepared_manifest.json,已复用并逐摘要核验完整影子预测库；本轮未重训预测器
Q2F-L0368-S1,368,2.4.2,sentence,\text{滚动样本外性能显著优于周季节朴素基线},src\q2\forecast.py:32#load_features;src\q2\forecast.py:41#lightgbm_forecast;src\q2\shadows.py:29#freeze_lightgbm,src\q2\test_forecast_dispatch.py:120#test_exact_eight_load_features_and_actual_candidate;src\q2\test_forecast_dispatch.py:140#test_freezing_cannot_use_february_hyperparameter_performance,forecast,True,True,raw/shadows/frozen_lightgbm.json;raw/prepared_manifest.json,已复用并逐摘要核验完整影子预测库；本轮未重训预测器
Q2F-L0369-S1,369,2.4.2,sentence,},src\q2\forecast.py:32#load_features;src\q2\forecast.py:41#lightgbm_forecast;src\q2\shadows.py:29#freeze_lightgbm,src\q2\test_forecast_dispatch.py:120#test_exact_eight_load_features_and_actual_candidate;src\q2\test_forecast_dispatch.py:140#test_freezing_cannot_use_february_hyperparameter_performance,forecast,True,True,raw/shadows/frozen_lightgbm.json;raw/prepared_manifest.json,已复用并逐摘要核验完整影子预测库；本轮未重训预测器
Q2F-L0370-S1,370,2.4.2,sentence,\],src\q2\forecast.py:32#load_features;src\q2\forecast.py:41#lightgbm_forecast;src\q2\shadows.py:29#freeze_lightgbm,src\q2\test_forecast_dispatch.py:120#test_exact_eight_load_features_and_actual_candidate;src\q2\test_forecast_dispatch.py:140#test_freezing_cannot_use_february_hyperparameter_performance,forecast,True,True,raw/shadows/frozen_lightgbm.json;raw/prepared_manifest.json,已复用并逐摘要核验完整影子预测库；本轮未重训预测器
Q2F-L0372-S1,372,2.4.2,sentence,这一条件。,src\q2\forecast.py:32#load_features;src\q2\forecast.py:41#lightgbm_forecast;src\q2\shadows.py:29#freeze_lightgbm,src\q2\test_forecast_dispatch.py:120#test_exact_eight_load_features_and_actual_candidate;src\q2\test_forecast_dispatch.py:140#test_freezing_cannot_use_february_hyperparameter_performance,forecast,True,True,raw/shadows/frozen_lightgbm.json;raw/prepared_manifest.json,已复用并逐摘要核验完整影子预测库；本轮未重训预测器
Q2F-L0374-S1,374,2.4.3,markup,### 2.4.3 光伏候选模型与最终选择原则,src\q2\forecast.py:70#harmonic_forecast;src\q2\shadows.py:95#choose_day;src\q2\protocol.py:12#PROTOCOL;src\q2\experiments.py:329#run_experiments,src\q2\test_forecast_dispatch.py:131#test_dhr_orders_and_diagnostics_use_fixed_dictionary,predictor_economics,True,True,processed/experiment_comparison.csv,按最终任务书取消；未运行且不作为论文验收门槛
Q2F-L0376-S1,376,2.4.3,sentence,光伏不能因为“谐波模型形式漂亮”就直接指定复杂模型。,src\q2\forecast.py:70#harmonic_forecast;src\q2\shadows.py:95#choose_day;src\q2\protocol.py:12#PROTOCOL;src\q2\experiments.py:329#run_experiments,src\q2\test_forecast_dispatch.py:131#test_dhr_orders_and_diagnostics_use_fixed_dictionary,predictor_economics,True,True,processed/experiment_comparison.csv,按最终任务书取消；未运行且不作为论文验收门槛
Q2F-L0376-S2,376,2.4.3,sentence,必须至少比较：,src\q2\forecast.py:70#harmonic_forecast;src\q2\shadows.py:95#choose_day;src\q2\protocol.py:12#PROTOCOL;src\q2\experiments.py:329#run_experiments,src\q2\test_forecast_dispatch.py:131#test_dhr_orders_and_diagnostics_use_fixed_dictionary,predictor_economics,True,True,processed/experiment_comparison.csv,按最终任务书取消；未运行且不作为论文验收门槛
Q2F-L0378-S1,378,2.4.3,sentence,\[,src\q2\forecast.py:70#harmonic_forecast;src\q2\shadows.py:95#choose_day;src\q2\protocol.py:12#PROTOCOL;src\q2\experiments.py:329#run_experiments,src\q2\test_forecast_dispatch.py:131#test_dhr_orders_and_diagnostics_use_fixed_dictionary,predictor_economics,True,True,processed/experiment_comparison.csv,按最终任务书取消；未运行且不作为论文验收门槛
Q2F-L0379-S1,379,2.4.3,sentence,\boxed{,src\q2\forecast.py:70#harmonic_forecast;src\q2\shadows.py:95#choose_day;src\q2\protocol.py:12#PROTOCOL;src\q2\experiments.py:329#run_experiments,src\q2\test_forecast_dispatch.py:131#test_dhr_orders_and_diagnostics_use_fixed_dictionary,predictor_economics,True,True,processed/experiment_comparison.csv,按最终任务书取消；未运行且不作为论文验收门槛
Q2F-L0380-S1,380,2.4.3,sentence,\text{过去 7 日同刻均值},src\q2\forecast.py:70#harmonic_forecast;src\q2\shadows.py:95#choose_day;src\q2\protocol.py:12#PROTOCOL;src\q2\experiments.py:329#run_experiments,src\q2\test_forecast_dispatch.py:131#test_dhr_orders_and_diagnostics_use_fixed_dictionary,predictor_economics,True,True,processed/experiment_comparison.csv,按最终任务书取消；未运行且不作为论文验收门槛
Q2F-L0381-S1,381,2.4.3,sentence,\quad\text{与}\quad,src\q2\forecast.py:70#harmonic_forecast;src\q2\shadows.py:95#choose_day;src\q2\protocol.py:12#PROTOCOL;src\q2\experiments.py:329#run_experiments,src\q2\test_forecast_dispatch.py:131#test_dhr_orders_and_diagnostics_use_fixed_dictionary,predictor_economics,True,True,processed/experiment_comparison.csv,按最终任务书取消；未运行且不作为论文验收门槛
Q2F-L0382-S1,382,2.4.3,sentence,\text{动态谐波回归—自回归误差候选模型},src\q2\forecast.py:70#harmonic_forecast;src\q2\shadows.py:95#choose_day;src\q2\protocol.py:12#PROTOCOL;src\q2\experiments.py:329#run_experiments,src\q2\test_forecast_dispatch.py:131#test_dhr_orders_and_diagnostics_use_fixed_dictionary,predictor_economics,True,True,processed/experiment_comparison.csv,按最终任务书取消；未运行且不作为论文验收门槛
Q2F-L0383-S1,383,2.4.3,sentence,},src\q2\forecast.py:70#harmonic_forecast;src\q2\shadows.py:95#choose_day;src\q2\protocol.py:12#PROTOCOL;src\q2\experiments.py:329#run_experiments,src\q2\test_forecast_dispatch.py:131#test_dhr_orders_and_diagnostics_use_fixed_dictionary,predictor_economics,True,True,processed/experiment_comparison.csv,按最终任务书取消；未运行且不作为论文验收门槛
Q2F-L0384-S1,384,2.4.3,sentence,\],src\q2\forecast.py:70#harmonic_forecast;src\q2\shadows.py:95#choose_day;src\q2\protocol.py:12#PROTOCOL;src\q2\experiments.py:329#run_experiments,src\q2\test_forecast_dispatch.py:131#test_dhr_orders_and_diagnostics_use_fixed_dictionary,predictor_economics,True,True,processed/experiment_comparison.csv,按最终任务书取消；未运行且不作为论文验收门槛
Q2F-L0386-S1,386,2.4.3,sentence,并通过严格滚动样本外误差与后续调度成本决定最终采用者。,src\q2\forecast.py:70#harmonic_forecast;src\q2\shadows.py:95#choose_day;src\q2\protocol.py:12#PROTOCOL;src\q2\experiments.py:329#run_experiments,src\q2\test_forecast_dispatch.py:131#test_dhr_orders_and_diagnostics_use_fixed_dictionary,predictor_economics,True,True,processed/experiment_comparison.csv,按最终任务书取消；未运行且不作为论文验收门槛
Q2F-L0388-S1,388,2.4.3,sentence,鉴于 2 月 1 日只有 31 天历史数据，不宜在早期滚动预测中直接用 31 天数据估计完整 365 日傅里叶周期。,src\q2\forecast.py:70#harmonic_forecast;src\q2\shadows.py:95#choose_day;src\q2\protocol.py:12#PROTOCOL;src\q2\experiments.py:329#run_experiments,src\q2\test_forecast_dispatch.py:131#test_dhr_orders_and_diagnostics_use_fixed_dictionary,predictor_economics,True,True,processed/experiment_comparison.csv,按最终任务书取消；未运行且不作为论文验收门槛
Q2F-L0388-S2,388,2.4.3,sentence,否则存在明显的长期周期可识别性不足。,src\q2\forecast.py:70#harmonic_forecast;src\q2\shadows.py:95#choose_day;src\q2\protocol.py:12#PROTOCOL;src\q2\experiments.py:329#run_experiments,src\q2\test_forecast_dispatch.py:131#test_dhr_orders_and_diagnostics_use_fixed_dictionary,predictor_economics,True,True,processed/experiment_comparison.csv,按最终任务书取消；未运行且不作为论文验收门槛
Q2F-L0388-S3,388,2.4.3,sentence,因此，候选动态谐波模型只对**当时历史数据足以识别的确定性周期**建模，不能直接利用未来全年数据估计年度谐波系数。,src\q2\forecast.py:70#harmonic_forecast;src\q2\shadows.py:95#choose_day;src\q2\protocol.py:12#PROTOCOL;src\q2\experiments.py:329#run_experiments,src\q2\test_forecast_dispatch.py:131#test_dhr_orders_and_diagnostics_use_fixed_dictionary,predictor_economics,True,True,processed/experiment_comparison.csv,按最终任务书取消；未运行且不作为论文验收门槛
Q2F-L0390-S1,390,2.4.3,sentence,若采用动态谐波回归候选模型，应先建立可识别的周期部分,src\q2\forecast.py:70#harmonic_forecast;src\q2\shadows.py:95#choose_day;src\q2\protocol.py:12#PROTOCOL;src\q2\experiments.py:329#run_experiments,src\q2\test_forecast_dispatch.py:131#test_dhr_orders_and_diagnostics_use_fixed_dictionary,predictor_economics,True,True,processed/experiment_comparison.csv,按最终任务书取消；未运行且不作为论文验收门槛
Q2F-L0392-S1,392,2.4.3,sentence,\[,src\q2\forecast.py:70#harmonic_forecast;src\q2\shadows.py:95#choose_day;src\q2\protocol.py:12#PROTOCOL;src\q2\experiments.py:329#run_experiments,src\q2\test_forecast_dispatch.py:131#test_dhr_orders_and_diagnostics_use_fixed_dictionary,predictor_economics,True,True,processed/experiment_comparison.csv,按最终任务书取消；未运行且不作为论文验收门槛
Q2F-L0393-S1,393,2.4.3,sentence,"P_{d,t}^{PV}",src\q2\forecast.py:70#harmonic_forecast;src\q2\shadows.py:95#choose_day;src\q2\protocol.py:12#PROTOCOL;src\q2\experiments.py:329#run_experiments,src\q2\test_forecast_dispatch.py:131#test_dhr_orders_and_diagnostics_use_fixed_dictionary,predictor_economics,True,True,processed/experiment_comparison.csv,按最终任务书取消；未运行且不作为论文验收门槛
Q2F-L0394-S1,394,2.4.3,sentence,"=\mu_{d,t}+n_{d,t},",src\q2\forecast.py:70#harmonic_forecast;src\q2\shadows.py:95#choose_day;src\q2\protocol.py:12#PROTOCOL;src\q2\experiments.py:329#run_experiments,src\q2\test_forecast_dispatch.py:131#test_dhr_orders_and_diagnostics_use_fixed_dictionary,predictor_economics,True,True,processed/experiment_comparison.csv,按最终任务书取消；未运行且不作为论文验收门槛
Q2F-L0395-S1,395,2.4.3,sentence,\],src\q2\forecast.py:70#harmonic_forecast;src\q2\shadows.py:95#choose_day;src\q2\protocol.py:12#PROTOCOL;src\q2\experiments.py:329#run_experiments,src\q2\test_forecast_dispatch.py:131#test_dhr_orders_and_diagnostics_use_fixed_dictionary,predictor_economics,True,True,processed/experiment_comparison.csv,按最终任务书取消；未运行且不作为论文验收门槛
Q2F-L0397-S1,397,2.4.3,sentence,"其中 \(\mu_{d,t}\) 主要描述日内周期和可由当前历史窗口识别的缓慢变化，不在早期阶段强行加入完整 365 日固定周期。",src\q2\forecast.py:70#harmonic_forecast;src\q2\shadows.py:95#choose_day;src\q2\protocol.py:12#PROTOCOL;src\q2\experiments.py:329#run_experiments,src\q2\test_forecast_dispatch.py:131#test_dhr_orders_and_diagnostics_use_fixed_dictionary,predictor_economics,True,True,processed/experiment_comparison.csv,按最终任务书取消；未运行且不作为论文验收门槛
Q2F-L0399-S1,399,2.4.3,sentence,得到动态谐波回归残差,src\q2\forecast.py:70#harmonic_forecast;src\q2\shadows.py:95#choose_day;src\q2\protocol.py:12#PROTOCOL;src\q2\experiments.py:329#run_experiments,src\q2\test_forecast_dispatch.py:131#test_dhr_orders_and_diagnostics_use_fixed_dictionary,predictor_economics,True,True,processed/experiment_comparison.csv,按最终任务书取消；未运行且不作为论文验收门槛
Q2F-L0401-S1,401,2.4.3,sentence,\[,src\q2\forecast.py:70#harmonic_forecast;src\q2\shadows.py:95#choose_day;src\q2\protocol.py:12#PROTOCOL;src\q2\experiments.py:329#run_experiments,src\q2\test_forecast_dispatch.py:131#test_dhr_orders_and_diagnostics_use_fixed_dictionary,predictor_economics,True,True,processed/experiment_comparison.csv,按最终任务书取消；未运行且不作为论文验收门槛
Q2F-L0402-S1,402,2.4.3,sentence,e_t=P_t^{PV}-\hat P_t^{\text{谐波}},src\q2\forecast.py:70#harmonic_forecast;src\q2\shadows.py:95#choose_day;src\q2\protocol.py:12#PROTOCOL;src\q2\experiments.py:329#run_experiments,src\q2\test_forecast_dispatch.py:131#test_dhr_orders_and_diagnostics_use_fixed_dictionary,predictor_economics,True,True,processed/experiment_comparison.csv,按最终任务书取消；未运行且不作为论文验收门槛
Q2F-L0403-S1,403,2.4.3,sentence,\],src\q2\forecast.py:70#harmonic_forecast;src\q2\shadows.py:95#choose_day;src\q2\protocol.py:12#PROTOCOL;src\q2\experiments.py:329#run_experiments,src\q2\test_forecast_dispatch.py:131#test_dhr_orders_and_diagnostics_use_fixed_dictionary,predictor_economics,True,True,processed/experiment_comparison.csv,按最终任务书取消；未运行且不作为论文验收门槛
Q2F-L0405-S1,405,2.4.3,sentence,后，再进行以下诊断：,src\q2\forecast.py:70#harmonic_forecast;src\q2\shadows.py:95#choose_day;src\q2\protocol.py:12#PROTOCOL;src\q2\experiments.py:329#run_experiments,src\q2\test_forecast_dispatch.py:131#test_dhr_orders_and_diagnostics_use_fixed_dictionary,predictor_economics,True,True,processed/experiment_comparison.csv,按最终任务书取消；未运行且不作为论文验收门槛
Q2F-L0407-S1,407,2.4.3,sentence,1. 检查残差均值和方差是否基本稳定；,src\q2\forecast.py:70#harmonic_forecast;src\q2\shadows.py:95#choose_day;src\q2\protocol.py:12#PROTOCOL;src\q2\experiments.py:329#run_experiments,src\q2\test_forecast_dispatch.py:131#test_dhr_orders_and_diagnostics_use_fixed_dictionary,predictor_economics,True,True,processed/experiment_comparison.csv,按最终任务书取消；未运行且不作为论文验收门槛
Q2F-L0408-S1,408,2.4.3,sentence,2. 绘制残差自相关函数；,src\q2\forecast.py:70#harmonic_forecast;src\q2\shadows.py:95#choose_day;src\q2\protocol.py:12#PROTOCOL;src\q2\experiments.py:329#run_experiments,src\q2\test_forecast_dispatch.py:131#test_dhr_orders_and_diagnostics_use_fixed_dictionary,predictor_economics,True,True,processed/experiment_comparison.csv,按最终任务书取消；未运行且不作为论文验收门槛
Q2F-L0409-S1,409,2.4.3,sentence,3. 绘制残差偏自相关函数；,src\q2\forecast.py:70#harmonic_forecast;src\q2\shadows.py:95#choose_day;src\q2\protocol.py:12#PROTOCOL;src\q2\experiments.py:329#run_experiments,src\q2\test_forecast_dispatch.py:131#test_dhr_orders_and_diagnostics_use_fixed_dictionary,predictor_economics,True,True,processed/experiment_comparison.csv,按最终任务书取消；未运行且不作为论文验收门槛
Q2F-L0410-S1,410,2.4.3,sentence,4. 必要时进行一次增广迪基—福勒单位根检验，以判断是否仍需差分；,src\q2\forecast.py:70#harmonic_forecast;src\q2\shadows.py:95#choose_day;src\q2\protocol.py:12#PROTOCOL;src\q2\experiments.py:329#run_experiments,src\q2\test_forecast_dispatch.py:131#test_dhr_orders_and_diagnostics_use_fixed_dictionary,predictor_economics,True,True,processed/experiment_comparison.csv,按最终任务书取消；未运行且不作为论文验收门槛
Q2F-L0411-S1,411,2.4.3,sentence,5. 结合赤池信息准则和贝叶斯信息准则选择自回归阶数和移动平均阶数；,src\q2\forecast.py:70#harmonic_forecast;src\q2\shadows.py:95#choose_day;src\q2\protocol.py:12#PROTOCOL;src\q2\experiments.py:329#run_experiments,src\q2\test_forecast_dispatch.py:131#test_dhr_orders_and_diagnostics_use_fixed_dictionary,predictor_economics,True,True,processed/experiment_comparison.csv,按最终任务书取消；未运行且不作为论文验收门槛
Q2F-L0412-S1,412,2.4.3,sentence,6. 最后进行伦格—博克斯白噪声检验。,src\q2\forecast.py:70#harmonic_forecast;src\q2\shadows.py:95#choose_day;src\q2\protocol.py:12#PROTOCOL;src\q2\experiments.py:329#run_experiments,src\q2\test_forecast_dispatch.py:131#test_dhr_orders_and_diagnostics_use_fixed_dictionary,predictor_economics,True,True,processed/experiment_comparison.csv,按最终任务书取消；未运行且不作为论文验收门槛
Q2F-L0414-S1,414,2.4.3,sentence,因此，该候选统计模型的最精简诊断闭环为,src\q2\forecast.py:70#harmonic_forecast;src\q2\shadows.py:95#choose_day;src\q2\protocol.py:12#PROTOCOL;src\q2\experiments.py:329#run_experiments,src\q2\test_forecast_dispatch.py:131#test_dhr_orders_and_diagnostics_use_fixed_dictionary,predictor_economics,True,True,processed/experiment_comparison.csv,按最终任务书取消；未运行且不作为论文验收门槛
Q2F-L0416-S1,416,2.4.3,sentence,\[,src\q2\forecast.py:70#harmonic_forecast;src\q2\shadows.py:95#choose_day;src\q2\protocol.py:12#PROTOCOL;src\q2\experiments.py:329#run_experiments,src\q2\test_forecast_dispatch.py:131#test_dhr_orders_and_diagnostics_use_fixed_dictionary,predictor_economics,True,True,processed/experiment_comparison.csv,按最终任务书取消；未运行且不作为论文验收门槛
Q2F-L0417-S1,417,2.4.3,sentence,\boxed{,src\q2\forecast.py:70#harmonic_forecast;src\q2\shadows.py:95#choose_day;src\q2\protocol.py:12#PROTOCOL;src\q2\experiments.py:329#run_experiments,src\q2\test_forecast_dispatch.py:131#test_dhr_orders_and_diagnostics_use_fixed_dictionary,predictor_economics,True,True,processed/experiment_comparison.csv,按最终任务书取消；未运行且不作为论文验收门槛
Q2F-L0418-S1,418,2.4.3,sentence,\text{动态谐波回归残差},src\q2\forecast.py:70#harmonic_forecast;src\q2\shadows.py:95#choose_day;src\q2\protocol.py:12#PROTOCOL;src\q2\experiments.py:329#run_experiments,src\q2\test_forecast_dispatch.py:131#test_dhr_orders_and_diagnostics_use_fixed_dictionary,predictor_economics,True,True,processed/experiment_comparison.csv,按最终任务书取消；未运行且不作为论文验收门槛
Q2F-L0419-S1,419,2.4.3,sentence,\rightarrow,src\q2\forecast.py:70#harmonic_forecast;src\q2\shadows.py:95#choose_day;src\q2\protocol.py:12#PROTOCOL;src\q2\experiments.py:329#run_experiments,src\q2\test_forecast_dispatch.py:131#test_dhr_orders_and_diagnostics_use_fixed_dictionary,predictor_economics,True,True,processed/experiment_comparison.csv,按最终任务书取消；未运行且不作为论文验收门槛
Q2F-L0420-S1,420,2.4.3,sentence,\text{自相关/偏自相关},src\q2\forecast.py:70#harmonic_forecast;src\q2\shadows.py:95#choose_day;src\q2\protocol.py:12#PROTOCOL;src\q2\experiments.py:329#run_experiments,src\q2\test_forecast_dispatch.py:131#test_dhr_orders_and_diagnostics_use_fixed_dictionary,predictor_economics,True,True,processed/experiment_comparison.csv,按最终任务书取消；未运行且不作为论文验收门槛
Q2F-L0421-S1,421,2.4.3,sentence,\rightarrow,src\q2\forecast.py:70#harmonic_forecast;src\q2\shadows.py:95#choose_day;src\q2\protocol.py:12#PROTOCOL;src\q2\experiments.py:329#run_experiments,src\q2\test_forecast_dispatch.py:131#test_dhr_orders_and_diagnostics_use_fixed_dictionary,predictor_economics,True,True,processed/experiment_comparison.csv,按最终任务书取消；未运行且不作为论文验收门槛
Q2F-L0422-S1,422,2.4.3,sentence,\text{信息准则定阶},src\q2\forecast.py:70#harmonic_forecast;src\q2\shadows.py:95#choose_day;src\q2\protocol.py:12#PROTOCOL;src\q2\experiments.py:329#run_experiments,src\q2\test_forecast_dispatch.py:131#test_dhr_orders_and_diagnostics_use_fixed_dictionary,predictor_economics,True,True,processed/experiment_comparison.csv,按最终任务书取消；未运行且不作为论文验收门槛
Q2F-L0423-S1,423,2.4.3,sentence,\rightarrow,src\q2\forecast.py:70#harmonic_forecast;src\q2\shadows.py:95#choose_day;src\q2\protocol.py:12#PROTOCOL;src\q2\experiments.py:329#run_experiments,src\q2\test_forecast_dispatch.py:131#test_dhr_orders_and_diagnostics_use_fixed_dictionary,predictor_economics,True,True,processed/experiment_comparison.csv,按最终任务书取消；未运行且不作为论文验收门槛
Q2F-L0424-S1,424,2.4.3,sentence,\text{白噪声检验},src\q2\forecast.py:70#harmonic_forecast;src\q2\shadows.py:95#choose_day;src\q2\protocol.py:12#PROTOCOL;src\q2\experiments.py:329#run_experiments,src\q2\test_forecast_dispatch.py:131#test_dhr_orders_and_diagnostics_use_fixed_dictionary,predictor_economics,True,True,processed/experiment_comparison.csv,按最终任务书取消；未运行且不作为论文验收门槛
Q2F-L0425-S1,425,2.4.3,sentence,},src\q2\forecast.py:70#harmonic_forecast;src\q2\shadows.py:95#choose_day;src\q2\protocol.py:12#PROTOCOL;src\q2\experiments.py:329#run_experiments,src\q2\test_forecast_dispatch.py:131#test_dhr_orders_and_diagnostics_use_fixed_dictionary,predictor_economics,True,True,processed/experiment_comparison.csv,按最终任务书取消；未运行且不作为论文验收门槛
Q2F-L0426-S1,426,2.4.3,sentence,\],src\q2\forecast.py:70#harmonic_forecast;src\q2\shadows.py:95#choose_day;src\q2\protocol.py:12#PROTOCOL;src\q2\experiments.py:329#run_experiments,src\q2\test_forecast_dispatch.py:131#test_dhr_orders_and_diagnostics_use_fixed_dictionary,predictor_economics,True,True,processed/experiment_comparison.csv,按最终任务书取消；未运行且不作为论文验收门槛
Q2F-L0428-S1,428,2.4.3,sentence,增广迪基—福勒检验只在判断残差是否需要进一步差分时使用，不再同时叠加另一套平稳性检验，以避免不必要的统计诊断堆叠。,src\q2\forecast.py:70#harmonic_forecast;src\q2\shadows.py:95#choose_day;src\q2\protocol.py:12#PROTOCOL;src\q2\experiments.py:329#run_experiments,src\q2\test_forecast_dispatch.py:131#test_dhr_orders_and_diagnostics_use_fixed_dictionary,predictor_economics,True,True,processed/experiment_comparison.csv,按最终任务书取消；未运行且不作为论文验收门槛
Q2F-L0430-S1,430,2.4.3,sentence,若滚动样本外结果显示复杂光伏模型不能稳定优于“过去 7 日同刻均值”，则最终主模型应直接采用简单基线。,src\q2\forecast.py:70#harmonic_forecast;src\q2\shadows.py:95#choose_day;src\q2\protocol.py:12#PROTOCOL;src\q2\experiments.py:329#run_experiments,src\q2\test_forecast_dispatch.py:131#test_dhr_orders_and_diagnostics_use_fixed_dictionary,predictor_economics,True,True,processed/experiment_comparison.csv,按最终任务书取消；未运行且不作为论文验收门槛
Q2F-L0430-S2,430,2.4.3,sentence,**简单模型只要更准、更稳定、更符合信息边界，就优于无必要的复杂模型。,src\q2\forecast.py:70#harmonic_forecast;src\q2\shadows.py:95#choose_day;src\q2\protocol.py:12#PROTOCOL;src\q2\experiments.py:329#run_experiments,src\q2\test_forecast_dispatch.py:131#test_dhr_orders_and_diagnostics_use_fixed_dictionary,predictor_economics,True,True,processed/experiment_comparison.csv,按最终任务书取消；未运行且不作为论文验收门槛
Q2F-L0430-S3,430,2.4.3,sentence,**,src\q2\forecast.py:70#harmonic_forecast;src\q2\shadows.py:95#choose_day;src\q2\protocol.py:12#PROTOCOL;src\q2\experiments.py:329#run_experiments,src\q2\test_forecast_dispatch.py:131#test_dhr_orders_and_diagnostics_use_fixed_dictionary,predictor_economics,True,True,processed/experiment_comparison.csv,按最终任务书取消；未运行且不作为论文验收门槛
Q2F-L0432-S1,432,2.4.4,markup,### 2.4.4 逐日因果滚动回测、在线模型选择与决策导向评价,src\q2\shadows.py:95#choose_day;src\q2\forecast.py:114#economic_metrics;src\q2\forecast.py:127#select_pipeline,src\q2\test_forecast_dispatch.py:159#test_four_to_one_loss_and_lexicographic_selection;src\q2\test_forecast_dispatch.py:400#test_real_selection_metadata_serializes_numpy_origin_indices,forecast_and_main,True,True,processed/main/run_status.json;processed/main/dispatch.csv,主回放已完成334/334日；计算受限10日
Q2F-L0434-S1,434,2.4.4,sentence,对于第 \(d\) 日的正式全天计划，只允许使用第 \(d\) 日以前的数据估计模型并预测未来 144 个时段。,src\q2\shadows.py:95#choose_day;src\q2\forecast.py:114#economic_metrics;src\q2\forecast.py:127#select_pipeline,src\q2\test_forecast_dispatch.py:159#test_four_to_one_loss_and_lexicographic_selection;src\q2\test_forecast_dispatch.py:400#test_real_selection_metadata_serializes_numpy_origin_indices,forecast_and_main,True,True,processed/main/run_status.json;processed/main/dispatch.csv,主回放已完成334/334日；计算受限10日
Q2F-L0434-S2,434,2.4.4,sentence,滚动优化若需要 \(K\) 日前瞻，则总时段数为,src\q2\shadows.py:95#choose_day;src\q2\forecast.py:114#economic_metrics;src\q2\forecast.py:127#select_pipeline,src\q2\test_forecast_dispatch.py:159#test_four_to_one_loss_and_lexicographic_selection;src\q2\test_forecast_dispatch.py:400#test_real_selection_metadata_serializes_numpy_origin_indices,forecast_and_main,True,True,processed/main/run_status.json;processed/main/dispatch.csv,主回放已完成334/334日；计算受限10日
Q2F-L0436-S1,436,2.4.4,sentence,\[,src\q2\shadows.py:95#choose_day;src\q2\forecast.py:114#economic_metrics;src\q2\forecast.py:127#select_pipeline,src\q2\test_forecast_dispatch.py:159#test_four_to_one_loss_and_lexicographic_selection;src\q2\test_forecast_dispatch.py:400#test_real_selection_metadata_serializes_numpy_origin_indices,forecast_and_main,True,True,processed/main/run_status.json;processed/main/dispatch.csv,主回放已完成334/334日；计算受限10日
Q2F-L0437-S1,437,2.4.4,sentence,"T=144K,",src\q2\shadows.py:95#choose_day;src\q2\forecast.py:114#economic_metrics;src\q2\forecast.py:127#select_pipeline,src\q2\test_forecast_dispatch.py:159#test_four_to_one_loss_and_lexicographic_selection;src\q2\test_forecast_dispatch.py:400#test_real_selection_metadata_serializes_numpy_origin_indices,forecast_and_main,True,True,processed/main/run_status.json;processed/main/dispatch.csv,主回放已完成334/334日；计算受限10日
Q2F-L0438-S1,438,2.4.4,sentence,\qquad,src\q2\shadows.py:95#choose_day;src\q2\forecast.py:114#economic_metrics;src\q2\forecast.py:127#select_pipeline,src\q2\test_forecast_dispatch.py:159#test_four_to_one_loss_and_lexicographic_selection;src\q2\test_forecast_dispatch.py:400#test_real_selection_metadata_serializes_numpy_origin_indices,forecast_and_main,True,True,processed/main/run_status.json;processed/main/dispatch.csv,主回放已完成334/334日；计算受限10日
Q2F-L0439-S1,439,2.4.4,sentence,"K\in\{1,2,3\},",src\q2\shadows.py:95#choose_day;src\q2\forecast.py:114#economic_metrics;src\q2\forecast.py:127#select_pipeline,src\q2\test_forecast_dispatch.py:159#test_four_to_one_loss_and_lexicographic_selection;src\q2\test_forecast_dispatch.py:400#test_real_selection_metadata_serializes_numpy_origin_indices,forecast_and_main,True,True,processed/main/run_status.json;processed/main/dispatch.csv,主回放已完成334/334日；计算受限10日
Q2F-L0440-S1,440,2.4.4,sentence,\],src\q2\shadows.py:95#choose_day;src\q2\forecast.py:114#economic_metrics;src\q2\forecast.py:127#select_pipeline,src\q2\test_forecast_dispatch.py:159#test_four_to_one_loss_and_lexicographic_selection;src\q2\test_forecast_dispatch.py:400#test_real_selection_metadata_serializes_numpy_origin_indices,forecast_and_main,True,True,processed/main/run_status.json;processed/main/dispatch.csv,主回放已完成334/334日；计算受限10日
Q2F-L0442-S1,442,2.4.4,sentence,分别对应 24 h、48 h、72 h。,src\q2\shadows.py:95#choose_day;src\q2\forecast.py:114#economic_metrics;src\q2\forecast.py:127#select_pipeline,src\q2\test_forecast_dispatch.py:159#test_four_to_one_loss_and_lexicographic_selection;src\q2\test_forecast_dispatch.py:400#test_real_selection_metadata_serializes_numpy_origin_indices,forecast_and_main,True,True,processed/main/run_status.json;processed/main/dispatch.csv,主回放已完成334/334日；计算受限10日
Q2F-L0444-S1,444,2.4.4,sentence,第 1 个预测日用于正式全天计划，后续 \(K-1\) 日仅用于估计日末储能的继续价值。,src\q2\shadows.py:95#choose_day;src\q2\forecast.py:114#economic_metrics;src\q2\forecast.py:127#select_pipeline,src\q2\test_forecast_dispatch.py:159#test_four_to_one_loss_and_lexicographic_selection;src\q2\test_forecast_dispatch.py:400#test_real_selection_metadata_serializes_numpy_origin_indices,forecast_and_main,True,True,processed/main/run_status.json;processed/main/dispatch.csv,主回放已完成334/334日；计算受限10日
Q2F-L0444-S2,444,2.4.4,sentence,若模型特征中含有尚未实现的滞后量，则前瞻日必须采用**递推预测**：用前面已经得到的预测值替代尚未观察到的真实值，不允许偷看未来数据。,src\q2\shadows.py:95#choose_day;src\q2\forecast.py:114#economic_metrics;src\q2\forecast.py:127#select_pipeline,src\q2\test_forecast_dispatch.py:159#test_four_to_one_loss_and_lexicographic_selection;src\q2\test_forecast_dispatch.py:400#test_real_selection_metadata_serializes_numpy_origin_indices,forecast_and_main,True,True,processed/main/run_status.json;processed/main/dispatch.csv,主回放已完成334/334日；计算受限10日
Q2F-L0446-S1,446,2.4.4,sentence,例如，对第 \(d+1\) 日负荷预测中的“前 1 日同刻负荷”特征，应使用第 \(d\) 日在 forecast origin \(d\) 时得到的预测值，而不能使用随后才会实现的真实值。,src\q2\shadows.py:95#choose_day;src\q2\forecast.py:114#economic_metrics;src\q2\forecast.py:127#select_pipeline,src\q2\test_forecast_dispatch.py:159#test_four_to_one_loss_and_lexicographic_selection;src\q2\test_forecast_dispatch.py:400#test_real_selection_metadata_serializes_numpy_origin_indices,forecast_and_main,True,True,processed/main/run_status.json;processed/main/dispatch.csv,主回放已完成334/334日；计算受限10日
Q2F-L0446-S2,446,2.4.4,sentence,第 \(d+2\) 日同理递推。,src\q2\shadows.py:95#choose_day;src\q2\forecast.py:114#economic_metrics;src\q2\forecast.py:127#select_pipeline,src\q2\test_forecast_dispatch.py:159#test_four_to_one_loss_and_lexicographic_selection;src\q2\test_forecast_dispatch.py:400#test_real_selection_metadata_serializes_numpy_origin_indices,forecast_and_main,True,True,processed/main/run_status.json;processed/main/dispatch.csv,主回放已完成334/334日；计算受限10日
Q2F-L0448-S1,448,2.4.4,sentence,候选模型集合在正式滚动前预先固定。,src\q2\shadows.py:95#choose_day;src\q2\forecast.py:114#economic_metrics;src\q2\forecast.py:127#select_pipeline,src\q2\test_forecast_dispatch.py:159#test_four_to_one_loss_and_lexicographic_selection;src\q2\test_forecast_dispatch.py:400#test_real_selection_metadata_serializes_numpy_origin_indices,forecast_and_main,True,True,processed/main/run_status.json;processed/main/dispatch.csv,主回放已完成334/334日；计算受限10日
Q2F-L0448-S2,448,2.4.4,sentence,若需要在 LightGBM 与季节基线、或光伏复杂模型与简单基线之间进行选择，则第 \(d\) 日只能根据截至 \(d-1\) 日已经获得的**历史样本外表现**进行在线选择，例如比较累计或最近窗口的 MAE、RMSE 与决策导向损失；,src\q2\shadows.py:95#choose_day;src\q2\forecast.py:114#economic_metrics;src\q2\forecast.py:127#select_pipeline,src\q2\test_forecast_dispatch.py:159#test_four_to_one_loss_and_lexicographic_selection;src\q2\test_forecast_dispatch.py:400#test_real_selection_metadata_serializes_numpy_origin_indices,forecast_and_main,True,True,processed/main/run_status.json;processed/main/dispatch.csv,主回放已完成334/334日；计算受限10日
Q2F-L0448-S3,448,2.4.4,sentence,不能利用 2 月以后甚至全年真实结果反向决定 2 月 1 日应使用哪个模型。,src\q2\shadows.py:95#choose_day;src\q2\forecast.py:114#economic_metrics;src\q2\forecast.py:127#select_pipeline,src\q2\test_forecast_dispatch.py:159#test_four_to_one_loss_and_lexicographic_selection;src\q2\test_forecast_dispatch.py:400#test_real_selection_metadata_serializes_numpy_origin_indices,forecast_and_main,True,True,processed/main/run_status.json;processed/main/dispatch.csv,主回放已完成334/334日；计算受限10日
Q2F-L0448-S4,448,2.4.4,sentence,全年回测结果只用于最终论文的事后比较。,src\q2\shadows.py:95#choose_day;src\q2\forecast.py:114#economic_metrics;src\q2\forecast.py:127#select_pipeline,src\q2\test_forecast_dispatch.py:159#test_four_to_one_loss_and_lexicographic_selection;src\q2\test_forecast_dispatch.py:400#test_real_selection_metadata_serializes_numpy_origin_indices,forecast_and_main,True,True,processed/main/run_status.json;processed/main/dispatch.csv,主回放已完成334/334日；计算受限10日
Q2F-L0450-S1,450,2.4.4,sentence,常规统计评价采用,src\q2\shadows.py:95#choose_day;src\q2\forecast.py:114#economic_metrics;src\q2\forecast.py:127#select_pipeline,src\q2\test_forecast_dispatch.py:159#test_four_to_one_loss_and_lexicographic_selection;src\q2\test_forecast_dispatch.py:400#test_real_selection_metadata_serializes_numpy_origin_indices,forecast_and_main,True,True,processed/main/run_status.json;processed/main/dispatch.csv,主回放已完成334/334日；计算受限10日
Q2F-L0452-S1,452,2.4.4,sentence,\[,src\q2\shadows.py:95#choose_day;src\q2\forecast.py:114#economic_metrics;src\q2\forecast.py:127#select_pipeline,src\q2\test_forecast_dispatch.py:159#test_four_to_one_loss_and_lexicographic_selection;src\q2\test_forecast_dispatch.py:400#test_real_selection_metadata_serializes_numpy_origin_indices,forecast_and_main,True,True,processed/main/run_status.json;processed/main/dispatch.csv,主回放已完成334/334日；计算受限10日
Q2F-L0453-S1,453,2.4.4,sentence,\operatorname{MAE},src\q2\shadows.py:95#choose_day;src\q2\forecast.py:114#economic_metrics;src\q2\forecast.py:127#select_pipeline,src\q2\test_forecast_dispatch.py:159#test_four_to_one_loss_and_lexicographic_selection;src\q2\test_forecast_dispatch.py:400#test_real_selection_metadata_serializes_numpy_origin_indices,forecast_and_main,True,True,processed/main/run_status.json;processed/main/dispatch.csv,主回放已完成334/334日；计算受限10日
Q2F-L0454-S1,454,2.4.4,sentence,=,src\q2\shadows.py:95#choose_day;src\q2\forecast.py:114#economic_metrics;src\q2\forecast.py:127#select_pipeline,src\q2\test_forecast_dispatch.py:159#test_four_to_one_loss_and_lexicographic_selection;src\q2\test_forecast_dispatch.py:400#test_real_selection_metadata_serializes_numpy_origin_indices,forecast_and_main,True,True,processed/main/run_status.json;processed/main/dispatch.csv,主回放已完成334/334日；计算受限10日
Q2F-L0455-S1,455,2.4.4,sentence,"\frac1n\sum_{i=1}^{n}|y_i-\hat y_i|,",src\q2\shadows.py:95#choose_day;src\q2\forecast.py:114#economic_metrics;src\q2\forecast.py:127#select_pipeline,src\q2\test_forecast_dispatch.py:159#test_four_to_one_loss_and_lexicographic_selection;src\q2\test_forecast_dispatch.py:400#test_real_selection_metadata_serializes_numpy_origin_indices,forecast_and_main,True,True,processed/main/run_status.json;processed/main/dispatch.csv,主回放已完成334/334日；计算受限10日
Q2F-L0456-S1,456,2.4.4,sentence,\],src\q2\shadows.py:95#choose_day;src\q2\forecast.py:114#economic_metrics;src\q2\forecast.py:127#select_pipeline,src\q2\test_forecast_dispatch.py:159#test_four_to_one_loss_and_lexicographic_selection;src\q2\test_forecast_dispatch.py:400#test_real_selection_metadata_serializes_numpy_origin_indices,forecast_and_main,True,True,processed/main/run_status.json;processed/main/dispatch.csv,主回放已完成334/334日；计算受限10日
Q2F-L0458-S1,458,2.4.4,sentence,\[,src\q2\shadows.py:95#choose_day;src\q2\forecast.py:114#economic_metrics;src\q2\forecast.py:127#select_pipeline,src\q2\test_forecast_dispatch.py:159#test_four_to_one_loss_and_lexicographic_selection;src\q2\test_forecast_dispatch.py:400#test_real_selection_metadata_serializes_numpy_origin_indices,forecast_and_main,True,True,processed/main/run_status.json;processed/main/dispatch.csv,主回放已完成334/334日；计算受限10日
Q2F-L0459-S1,459,2.4.4,sentence,\operatorname{RMSE},src\q2\shadows.py:95#choose_day;src\q2\forecast.py:114#economic_metrics;src\q2\forecast.py:127#select_pipeline,src\q2\test_forecast_dispatch.py:159#test_four_to_one_loss_and_lexicographic_selection;src\q2\test_forecast_dispatch.py:400#test_real_selection_metadata_serializes_numpy_origin_indices,forecast_and_main,True,True,processed/main/run_status.json;processed/main/dispatch.csv,主回放已完成334/334日；计算受限10日
Q2F-L0460-S1,460,2.4.4,sentence,=,src\q2\shadows.py:95#choose_day;src\q2\forecast.py:114#economic_metrics;src\q2\forecast.py:127#select_pipeline,src\q2\test_forecast_dispatch.py:159#test_four_to_one_loss_and_lexicographic_selection;src\q2\test_forecast_dispatch.py:400#test_real_selection_metadata_serializes_numpy_origin_indices,forecast_and_main,True,True,processed/main/run_status.json;processed/main/dispatch.csv,主回放已完成334/334日；计算受限10日
Q2F-L0461-S1,461,2.4.4,sentence,\sqrt{\frac1n\sum_{i=1}^{n}(y_i-\hat y_i)^2}.,src\q2\shadows.py:95#choose_day;src\q2\forecast.py:114#economic_metrics;src\q2\forecast.py:127#select_pipeline,src\q2\test_forecast_dispatch.py:159#test_four_to_one_loss_and_lexicographic_selection;src\q2\test_forecast_dispatch.py:400#test_real_selection_metadata_serializes_numpy_origin_indices,forecast_and_main,True,True,processed/main/run_status.json;processed/main/dispatch.csv,主回放已完成334/334日；计算受限10日
Q2F-L0462-S1,462,2.4.4,sentence,\],src\q2\shadows.py:95#choose_day;src\q2\forecast.py:114#economic_metrics;src\q2\forecast.py:127#select_pipeline,src\q2\test_forecast_dispatch.py:159#test_four_to_one_loss_and_lexicographic_selection;src\q2\test_forecast_dispatch.py:400#test_real_selection_metadata_serializes_numpy_origin_indices,forecast_and_main,True,True,processed/main/run_status.json;processed/main/dispatch.csv,主回放已完成334/334日；计算受限10日
Q2F-L0464-S1,464,2.4.4,sentence,光伏夜间存在大量零值，因此不以平均绝对百分比误差作为核心指标。,src\q2\shadows.py:95#choose_day;src\q2\forecast.py:114#economic_metrics;src\q2\forecast.py:127#select_pipeline,src\q2\test_forecast_dispatch.py:159#test_four_to_one_loss_and_lexicographic_selection;src\q2\test_forecast_dispatch.py:400#test_real_selection_metadata_serializes_numpy_origin_indices,forecast_and_main,True,True,processed/main/run_status.json;processed/main/dispatch.csv,主回放已完成334/334日；计算受限10日
Q2F-L0466-S1,466,2.4.4,sentence,除负荷和光伏单变量误差外，还计算净负荷误差,src\q2\shadows.py:95#choose_day;src\q2\forecast.py:114#economic_metrics;src\q2\forecast.py:127#select_pipeline,src\q2\test_forecast_dispatch.py:159#test_four_to_one_loss_and_lexicographic_selection;src\q2\test_forecast_dispatch.py:400#test_real_selection_metadata_serializes_numpy_origin_indices,forecast_and_main,True,True,processed/main/run_status.json;processed/main/dispatch.csv,主回放已完成334/334日；计算受限10日
Q2F-L0468-S1,468,2.4.4,sentence,\[,src\q2\shadows.py:95#choose_day;src\q2\forecast.py:114#economic_metrics;src\q2\forecast.py:127#select_pipeline,src\q2\test_forecast_dispatch.py:159#test_four_to_one_loss_and_lexicographic_selection;src\q2\test_forecast_dispatch.py:400#test_real_selection_metadata_serializes_numpy_origin_indices,forecast_and_main,True,True,processed/main/run_status.json;processed/main/dispatch.csv,主回放已完成334/334日；计算受限10日
Q2F-L0469-S1,469,2.4.4,sentence,"e_{d,t}^{N}",src\q2\shadows.py:95#choose_day;src\q2\forecast.py:114#economic_metrics;src\q2\forecast.py:127#select_pipeline,src\q2\test_forecast_dispatch.py:159#test_four_to_one_loss_and_lexicographic_selection;src\q2\test_forecast_dispatch.py:400#test_real_selection_metadata_serializes_numpy_origin_indices,forecast_and_main,True,True,processed/main/run_status.json;processed/main/dispatch.csv,主回放已完成334/334日；计算受限10日
Q2F-L0470-S1,470,2.4.4,sentence,=,src\q2\shadows.py:95#choose_day;src\q2\forecast.py:114#economic_metrics;src\q2\forecast.py:127#select_pipeline,src\q2\test_forecast_dispatch.py:159#test_four_to_one_loss_and_lexicographic_selection;src\q2\test_forecast_dispatch.py:400#test_real_selection_metadata_serializes_numpy_origin_indices,forecast_and_main,True,True,processed/main/run_status.json;processed/main/dispatch.csv,主回放已完成334/334日；计算受限10日
Q2F-L0471-S1,471,2.4.4,sentence,"(L_{d,t}-P_{d,t}^{PV})",src\q2\shadows.py:95#choose_day;src\q2\forecast.py:114#economic_metrics;src\q2\forecast.py:127#select_pipeline,src\q2\test_forecast_dispatch.py:159#test_four_to_one_loss_and_lexicographic_selection;src\q2\test_forecast_dispatch.py:400#test_real_selection_metadata_serializes_numpy_origin_indices,forecast_and_main,True,True,processed/main/run_status.json;processed/main/dispatch.csv,主回放已完成334/334日；计算受限10日
Q2F-L0472-S1,472,2.4.4,sentence,"-(\hat L_{d,t}-\hat P_{d,t}^{PV}).",src\q2\shadows.py:95#choose_day;src\q2\forecast.py:114#economic_metrics;src\q2\forecast.py:127#select_pipeline,src\q2\test_forecast_dispatch.py:159#test_four_to_one_loss_and_lexicographic_selection;src\q2\test_forecast_dispatch.py:400#test_real_selection_metadata_serializes_numpy_origin_indices,forecast_and_main,True,True,processed/main/run_status.json;processed/main/dispatch.csv,主回放已完成334/334日；计算受限10日
Q2F-L0473-S1,473,2.4.4,sentence,\],src\q2\shadows.py:95#choose_day;src\q2\forecast.py:114#economic_metrics;src\q2\forecast.py:127#select_pipeline,src\q2\test_forecast_dispatch.py:159#test_four_to_one_loss_and_lexicographic_selection;src\q2\test_forecast_dispatch.py:400#test_real_selection_metadata_serializes_numpy_origin_indices,forecast_and_main,True,True,processed/main/run_status.json;processed/main/dispatch.csv,主回放已完成334/334日；计算受限10日
Q2F-L0475-S1,475,2.4.4,sentence,进一步，为使预测评价与题目的 5 倍紧急购电机制一致，定义无储能单时段下的净外部需求,src\q2\shadows.py:95#choose_day;src\q2\forecast.py:114#economic_metrics;src\q2\forecast.py:127#select_pipeline,src\q2\test_forecast_dispatch.py:159#test_four_to_one_loss_and_lexicographic_selection;src\q2\test_forecast_dispatch.py:400#test_real_selection_metadata_serializes_numpy_origin_indices,forecast_and_main,True,True,processed/main/run_status.json;processed/main/dispatch.csv,主回放已完成334/334日；计算受限10日
Q2F-L0477-S1,477,2.4.4,sentence,\[,src\q2\shadows.py:95#choose_day;src\q2\forecast.py:114#economic_metrics;src\q2\forecast.py:127#select_pipeline,src\q2\test_forecast_dispatch.py:159#test_four_to_one_loss_and_lexicographic_selection;src\q2\test_forecast_dispatch.py:400#test_real_selection_metadata_serializes_numpy_origin_indices,forecast_and_main,True,True,processed/main/run_status.json;processed/main/dispatch.csv,主回放已完成334/334日；计算受限10日
Q2F-L0478-S1,478,2.4.4,sentence,"D_{d,t}",src\q2\shadows.py:95#choose_day;src\q2\forecast.py:114#economic_metrics;src\q2\forecast.py:127#select_pipeline,src\q2\test_forecast_dispatch.py:159#test_four_to_one_loss_and_lexicographic_selection;src\q2\test_forecast_dispatch.py:400#test_real_selection_metadata_serializes_numpy_origin_indices,forecast_and_main,True,True,processed/main/run_status.json;processed/main/dispatch.csv,主回放已完成334/334日；计算受限10日
Q2F-L0479-S1,479,2.4.4,sentence,=,src\q2\shadows.py:95#choose_day;src\q2\forecast.py:114#economic_metrics;src\q2\forecast.py:127#select_pipeline,src\q2\test_forecast_dispatch.py:159#test_four_to_one_loss_and_lexicographic_selection;src\q2\test_forecast_dispatch.py:400#test_real_selection_metadata_serializes_numpy_origin_indices,forecast_and_main,True,True,processed/main/run_status.json;processed/main/dispatch.csv,主回放已完成334/334日；计算受限10日
Q2F-L0480-S1,480,2.4.4,sentence,\left[,src\q2\shadows.py:95#choose_day;src\q2\forecast.py:114#economic_metrics;src\q2\forecast.py:127#select_pipeline,src\q2\test_forecast_dispatch.py:159#test_four_to_one_loss_and_lexicographic_selection;src\q2\test_forecast_dispatch.py:400#test_real_selection_metadata_serializes_numpy_origin_indices,forecast_and_main,True,True,processed/main/run_status.json;processed/main/dispatch.csv,主回放已完成334/334日；计算受限10日
Q2F-L0481-S1,481,2.4.4,sentence,"\Delta t\left(L_{d,t}-P_{d,t}^{PV}\right)",src\q2\shadows.py:95#choose_day;src\q2\forecast.py:114#economic_metrics;src\q2\forecast.py:127#select_pipeline,src\q2\test_forecast_dispatch.py:159#test_four_to_one_loss_and_lexicographic_selection;src\q2\test_forecast_dispatch.py:400#test_real_selection_metadata_serializes_numpy_origin_indices,forecast_and_main,True,True,processed/main/run_status.json;processed/main/dispatch.csv,主回放已完成334/334日；计算受限10日
Q2F-L0482-S1,482,2.4.4,sentence,"\right]_+,",src\q2\shadows.py:95#choose_day;src\q2\forecast.py:114#economic_metrics;src\q2\forecast.py:127#select_pipeline,src\q2\test_forecast_dispatch.py:159#test_four_to_one_loss_and_lexicographic_selection;src\q2\test_forecast_dispatch.py:400#test_real_selection_metadata_serializes_numpy_origin_indices,forecast_and_main,True,True,processed/main/run_status.json;processed/main/dispatch.csv,主回放已完成334/334日；计算受限10日
Q2F-L0483-S1,483,2.4.4,sentence,\],src\q2\shadows.py:95#choose_day;src\q2\forecast.py:114#economic_metrics;src\q2\forecast.py:127#select_pipeline,src\q2\test_forecast_dispatch.py:159#test_four_to_one_loss_and_lexicographic_selection;src\q2\test_forecast_dispatch.py:400#test_real_selection_metadata_serializes_numpy_origin_indices,forecast_and_main,True,True,processed/main/run_status.json;processed/main/dispatch.csv,主回放已完成334/334日；计算受限10日
Q2F-L0485-S1,485,2.4.4,sentence,并构造不对称经济损失指标,src\q2\shadows.py:95#choose_day;src\q2\forecast.py:114#economic_metrics;src\q2\forecast.py:127#select_pipeline,src\q2\test_forecast_dispatch.py:159#test_four_to_one_loss_and_lexicographic_selection;src\q2\test_forecast_dispatch.py:400#test_real_selection_metadata_serializes_numpy_origin_indices,forecast_and_main,True,True,processed/main/run_status.json;processed/main/dispatch.csv,主回放已完成334/334日；计算受限10日
Q2F-L0487-S1,487,2.4.4,sentence,\[,src\q2\shadows.py:95#choose_day;src\q2\forecast.py:114#economic_metrics;src\q2\forecast.py:127#select_pipeline,src\q2\test_forecast_dispatch.py:159#test_four_to_one_loss_and_lexicographic_selection;src\q2\test_forecast_dispatch.py:400#test_real_selection_metadata_serializes_numpy_origin_indices,forecast_and_main,True,True,processed/main/run_status.json;processed/main/dispatch.csv,主回放已完成334/334日；计算受限10日
Q2F-L0488-S1,488,2.4.4,sentence,\boxed{,src\q2\shadows.py:95#choose_day;src\q2\forecast.py:114#economic_metrics;src\q2\forecast.py:127#select_pipeline,src\q2\test_forecast_dispatch.py:159#test_four_to_one_loss_and_lexicographic_selection;src\q2\test_forecast_dispatch.py:400#test_real_selection_metadata_serializes_numpy_origin_indices,forecast_and_main,True,True,processed/main/run_status.json;processed/main/dispatch.csv,主回放已完成334/334日；计算受限10日
Q2F-L0489-S1,489,2.4.4,sentence,\mathcal L_{\mathrm{econ}},src\q2\shadows.py:95#choose_day;src\q2\forecast.py:114#economic_metrics;src\q2\forecast.py:127#select_pipeline,src\q2\test_forecast_dispatch.py:159#test_four_to_one_loss_and_lexicographic_selection;src\q2\test_forecast_dispatch.py:400#test_real_selection_metadata_serializes_numpy_origin_indices,forecast_and_main,True,True,processed/main/run_status.json;processed/main/dispatch.csv,主回放已完成334/334日；计算受限10日
Q2F-L0490-S1,490,2.4.4,sentence,=,src\q2\shadows.py:95#choose_day;src\q2\forecast.py:114#economic_metrics;src\q2\forecast.py:127#select_pipeline,src\q2\test_forecast_dispatch.py:159#test_four_to_one_loss_and_lexicographic_selection;src\q2\test_forecast_dispatch.py:400#test_real_selection_metadata_serializes_numpy_origin_indices,forecast_and_main,True,True,processed/main/run_status.json;processed/main/dispatch.csv,主回放已完成334/334日；计算受限10日
Q2F-L0491-S1,491,2.4.4,sentence,\frac1n,src\q2\shadows.py:95#choose_day;src\q2\forecast.py:114#economic_metrics;src\q2\forecast.py:127#select_pipeline,src\q2\test_forecast_dispatch.py:159#test_four_to_one_loss_and_lexicographic_selection;src\q2\test_forecast_dispatch.py:400#test_real_selection_metadata_serializes_numpy_origin_indices,forecast_and_main,True,True,processed/main/run_status.json;processed/main/dispatch.csv,主回放已完成334/334日；计算受限10日
Q2F-L0492-S1,492,2.4.4,sentence,"\sum_{d,t}",src\q2\shadows.py:95#choose_day;src\q2\forecast.py:114#economic_metrics;src\q2\forecast.py:127#select_pipeline,src\q2\test_forecast_dispatch.py:159#test_four_to_one_loss_and_lexicographic_selection;src\q2\test_forecast_dispatch.py:400#test_real_selection_metadata_serializes_numpy_origin_indices,forecast_and_main,True,True,processed/main/run_status.json;processed/main/dispatch.csv,主回放已完成334/334日；计算受限10日
Q2F-L0493-S1,493,2.4.4,sentence,\left[,src\q2\shadows.py:95#choose_day;src\q2\forecast.py:114#economic_metrics;src\q2\forecast.py:127#select_pipeline,src\q2\test_forecast_dispatch.py:159#test_four_to_one_loss_and_lexicographic_selection;src\q2\test_forecast_dispatch.py:400#test_real_selection_metadata_serializes_numpy_origin_indices,forecast_and_main,True,True,processed/main/run_status.json;processed/main/dispatch.csv,主回放已完成334/334日；计算受限10日
Q2F-L0494-S1,494,2.4.4,sentence,"p_t(\hat D_{d,t}-D_{d,t})_+",src\q2\shadows.py:95#choose_day;src\q2\forecast.py:114#economic_metrics;src\q2\forecast.py:127#select_pipeline,src\q2\test_forecast_dispatch.py:159#test_four_to_one_loss_and_lexicographic_selection;src\q2\test_forecast_dispatch.py:400#test_real_selection_metadata_serializes_numpy_origin_indices,forecast_and_main,True,True,processed/main/run_status.json;processed/main/dispatch.csv,主回放已完成334/334日；计算受限10日
Q2F-L0495-S1,495,2.4.4,sentence,+,src\q2\shadows.py:95#choose_day;src\q2\forecast.py:114#economic_metrics;src\q2\forecast.py:127#select_pipeline,src\q2\test_forecast_dispatch.py:159#test_four_to_one_loss_and_lexicographic_selection;src\q2\test_forecast_dispatch.py:400#test_real_selection_metadata_serializes_numpy_origin_indices,forecast_and_main,True,True,processed/main/run_status.json;processed/main/dispatch.csv,主回放已完成334/334日；计算受限10日
Q2F-L0496-S1,496,2.4.4,sentence,"4p_t(D_{d,t}-\hat D_{d,t})_+",src\q2\shadows.py:95#choose_day;src\q2\forecast.py:114#economic_metrics;src\q2\forecast.py:127#select_pipeline,src\q2\test_forecast_dispatch.py:159#test_four_to_one_loss_and_lexicographic_selection;src\q2\test_forecast_dispatch.py:400#test_real_selection_metadata_serializes_numpy_origin_indices,forecast_and_main,True,True,processed/main/run_status.json;processed/main/dispatch.csv,主回放已完成334/334日；计算受限10日
Q2F-L0497-S1,497,2.4.4,sentence,\right].,src\q2\shadows.py:95#choose_day;src\q2\forecast.py:114#economic_metrics;src\q2\forecast.py:127#select_pipeline,src\q2\test_forecast_dispatch.py:159#test_four_to_one_loss_and_lexicographic_selection;src\q2\test_forecast_dispatch.py:400#test_real_selection_metadata_serializes_numpy_origin_indices,forecast_and_main,True,True,processed/main/run_status.json;processed/main/dispatch.csv,主回放已完成334/334日；计算受限10日
Q2F-L0498-S1,498,2.4.4,sentence,},src\q2\shadows.py:95#choose_day;src\q2\forecast.py:114#economic_metrics;src\q2\forecast.py:127#select_pipeline,src\q2\test_forecast_dispatch.py:159#test_four_to_one_loss_and_lexicographic_selection;src\q2\test_forecast_dispatch.py:400#test_real_selection_metadata_serializes_numpy_origin_indices,forecast_and_main,True,True,processed/main/run_status.json;processed/main/dispatch.csv,主回放已完成334/334日；计算受限10日
Q2F-L0499-S1,499,2.4.4,sentence,\],src\q2\shadows.py:95#choose_day;src\q2\forecast.py:114#economic_metrics;src\q2\forecast.py:127#select_pipeline,src\q2\test_forecast_dispatch.py:159#test_four_to_one_loss_and_lexicographic_selection;src\q2\test_forecast_dispatch.py:400#test_real_selection_metadata_serializes_numpy_origin_indices,forecast_and_main,True,True,processed/main/run_status.json;processed/main/dispatch.csv,主回放已完成334/334日；计算受限10日
Q2F-L0501-S1,501,2.4.4,sentence,其中，低估 1 kWh 净外部需求会使原本可按 \(p_t\) 购买的电量转化为 \(5p_t\) 的紧急购电，因此其额外损失为 \(4p_t\)；,src\q2\shadows.py:95#choose_day;src\q2\forecast.py:114#economic_metrics;src\q2\forecast.py:127#select_pipeline,src\q2\test_forecast_dispatch.py:159#test_four_to_one_loss_and_lexicographic_selection;src\q2\test_forecast_dispatch.py:400#test_real_selection_metadata_serializes_numpy_origin_indices,forecast_and_main,True,True,processed/main/run_status.json;processed/main/dispatch.csv,主回放已完成334/334日；计算受限10日
Q2F-L0501-S2,501,2.4.4,sentence,高估 1 kWh 的额外损失为 \(p_t\)。,src\q2\shadows.py:95#choose_day;src\q2\forecast.py:114#economic_metrics;src\q2\forecast.py:127#select_pipeline,src\q2\test_forecast_dispatch.py:159#test_four_to_one_loss_and_lexicographic_selection;src\q2\test_forecast_dispatch.py:400#test_real_selection_metadata_serializes_numpy_origin_indices,forecast_and_main,True,True,processed/main/run_status.json;processed/main/dispatch.csv,主回放已完成334/334日；计算受限10日
Q2F-L0501-S3,501,2.4.4,sentence,该指标只用于预测方案的决策导向校验，不替代完整储能随机优化。,src\q2\shadows.py:95#choose_day;src\q2\forecast.py:114#economic_metrics;src\q2\forecast.py:127#select_pipeline,src\q2\test_forecast_dispatch.py:159#test_four_to_one_loss_and_lexicographic_selection;src\q2\test_forecast_dispatch.py:400#test_real_selection_metadata_serializes_numpy_origin_indices,forecast_and_main,True,True,processed/main/run_status.json;processed/main/dispatch.csv,主回放已完成334/334日；计算受限10日
Q2F-L0503-S1,503,2.4.4,sentence,因此，预测部分不进行大规模“模型海选”。,src\q2\shadows.py:95#choose_day;src\q2\forecast.py:114#economic_metrics;src\q2\forecast.py:127#select_pipeline,src\q2\test_forecast_dispatch.py:159#test_four_to_one_loss_and_lexicographic_selection;src\q2\test_forecast_dispatch.py:400#test_real_selection_metadata_serializes_numpy_origin_indices,forecast_and_main,True,True,processed/main/run_status.json;processed/main/dispatch.csv,主回放已完成334/334日；计算受限10日
Q2F-L0503-S2,503,2.4.4,sentence,候选集合预先固定，在线选择只利用过去样本外结果。,src\q2\shadows.py:95#choose_day;src\q2\forecast.py:114#economic_metrics;src\q2\forecast.py:127#select_pipeline,src\q2\test_forecast_dispatch.py:159#test_four_to_one_loss_and_lexicographic_selection;src\q2\test_forecast_dispatch.py:400#test_real_selection_metadata_serializes_numpy_origin_indices,forecast_and_main,True,True,processed/main/run_status.json;processed/main/dispatch.csv,主回放已完成334/334日；计算受限10日
Q2F-L0503-S3,503,2.4.4,sentence,为避免“哪个指标好就选哪个”的事后选择，预先规定模型选择指标的优先级：,src\q2\shadows.py:95#choose_day;src\q2\forecast.py:114#economic_metrics;src\q2\forecast.py:127#select_pipeline,src\q2\test_forecast_dispatch.py:159#test_four_to_one_loss_and_lexicographic_selection;src\q2\test_forecast_dispatch.py:400#test_real_selection_metadata_serializes_numpy_origin_indices,forecast_and_main,True,True,processed/main/run_status.json;processed/main/dispatch.csv,主回放已完成334/334日；计算受限10日
Q2F-L0505-S1,505,2.4.4,sentence,\[,src\q2\shadows.py:95#choose_day;src\q2\forecast.py:114#economic_metrics;src\q2\forecast.py:127#select_pipeline,src\q2\test_forecast_dispatch.py:159#test_four_to_one_loss_and_lexicographic_selection;src\q2\test_forecast_dispatch.py:400#test_real_selection_metadata_serializes_numpy_origin_indices,forecast_and_main,True,True,processed/main/run_status.json;processed/main/dispatch.csv,主回放已完成334/334日；计算受限10日
Q2F-L0506-S1,506,2.4.4,sentence,\boxed{,src\q2\shadows.py:95#choose_day;src\q2\forecast.py:114#economic_metrics;src\q2\forecast.py:127#select_pipeline,src\q2\test_forecast_dispatch.py:159#test_four_to_one_loss_and_lexicographic_selection;src\q2\test_forecast_dispatch.py:400#test_real_selection_metadata_serializes_numpy_origin_indices,forecast_and_main,True,True,processed/main/run_status.json;processed/main/dispatch.csv,主回放已完成334/334日；计算受限10日
Q2F-L0507-S1,507,2.4.4,sentence,\text{历史样本外真实调度费用},src\q2\shadows.py:95#choose_day;src\q2\forecast.py:114#economic_metrics;src\q2\forecast.py:127#select_pipeline,src\q2\test_forecast_dispatch.py:159#test_four_to_one_loss_and_lexicographic_selection;src\q2\test_forecast_dispatch.py:400#test_real_selection_metadata_serializes_numpy_origin_indices,forecast_and_main,True,True,processed/main/run_status.json;processed/main/dispatch.csv,主回放已完成334/334日；计算受限10日
Q2F-L0508-S1,508,2.4.4,sentence,\;>\;,src\q2\shadows.py:95#choose_day;src\q2\forecast.py:114#economic_metrics;src\q2\forecast.py:127#select_pipeline,src\q2\test_forecast_dispatch.py:159#test_four_to_one_loss_and_lexicographic_selection;src\q2\test_forecast_dispatch.py:400#test_real_selection_metadata_serializes_numpy_origin_indices,forecast_and_main,True,True,processed/main/run_status.json;processed/main/dispatch.csv,主回放已完成334/334日；计算受限10日
Q2F-L0509-S1,509,2.4.4,sentence,\mathcal L_{\mathrm{econ}},src\q2\shadows.py:95#choose_day;src\q2\forecast.py:114#economic_metrics;src\q2\forecast.py:127#select_pipeline,src\q2\test_forecast_dispatch.py:159#test_four_to_one_loss_and_lexicographic_selection;src\q2\test_forecast_dispatch.py:400#test_real_selection_metadata_serializes_numpy_origin_indices,forecast_and_main,True,True,processed/main/run_status.json;processed/main/dispatch.csv,主回放已完成334/334日；计算受限10日
Q2F-L0510-S1,510,2.4.4,sentence,\;>\;,src\q2\shadows.py:95#choose_day;src\q2\forecast.py:114#economic_metrics;src\q2\forecast.py:127#select_pipeline,src\q2\test_forecast_dispatch.py:159#test_four_to_one_loss_and_lexicographic_selection;src\q2\test_forecast_dispatch.py:400#test_real_selection_metadata_serializes_numpy_origin_indices,forecast_and_main,True,True,processed/main/run_status.json;processed/main/dispatch.csv,主回放已完成334/334日；计算受限10日
Q2F-L0511-S1,511,2.4.4,sentence,\text{净负荷 MAE/RMSE},src\q2\shadows.py:95#choose_day;src\q2\forecast.py:114#economic_metrics;src\q2\forecast.py:127#select_pipeline,src\q2\test_forecast_dispatch.py:159#test_four_to_one_loss_and_lexicographic_selection;src\q2\test_forecast_dispatch.py:400#test_real_selection_metadata_serializes_numpy_origin_indices,forecast_and_main,True,True,processed/main/run_status.json;processed/main/dispatch.csv,主回放已完成334/334日；计算受限10日
Q2F-L0512-S1,512,2.4.4,sentence,\;>\;,src\q2\shadows.py:95#choose_day;src\q2\forecast.py:114#economic_metrics;src\q2\forecast.py:127#select_pipeline,src\q2\test_forecast_dispatch.py:159#test_four_to_one_loss_and_lexicographic_selection;src\q2\test_forecast_dispatch.py:400#test_real_selection_metadata_serializes_numpy_origin_indices,forecast_and_main,True,True,processed/main/run_status.json;processed/main/dispatch.csv,主回放已完成334/334日；计算受限10日
Q2F-L0513-S1,513,2.4.4,sentence,\text{负荷/光伏单变量 MAE/RMSE}.,src\q2\shadows.py:95#choose_day;src\q2\forecast.py:114#economic_metrics;src\q2\forecast.py:127#select_pipeline,src\q2\test_forecast_dispatch.py:159#test_four_to_one_loss_and_lexicographic_selection;src\q2\test_forecast_dispatch.py:400#test_real_selection_metadata_serializes_numpy_origin_indices,forecast_and_main,True,True,processed/main/run_status.json;processed/main/dispatch.csv,主回放已完成334/334日；计算受限10日
Q2F-L0514-S1,514,2.4.4,sentence,},src\q2\shadows.py:95#choose_day;src\q2\forecast.py:114#economic_metrics;src\q2\forecast.py:127#select_pipeline,src\q2\test_forecast_dispatch.py:159#test_four_to_one_loss_and_lexicographic_selection;src\q2\test_forecast_dispatch.py:400#test_real_selection_metadata_serializes_numpy_origin_indices,forecast_and_main,True,True,processed/main/run_status.json;processed/main/dispatch.csv,主回放已完成334/334日；计算受限10日
Q2F-L0515-S1,515,2.4.4,sentence,\],src\q2\shadows.py:95#choose_day;src\q2\forecast.py:114#economic_metrics;src\q2\forecast.py:127#select_pipeline,src\q2\test_forecast_dispatch.py:159#test_four_to_one_loss_and_lexicographic_selection;src\q2\test_forecast_dispatch.py:400#test_real_selection_metadata_serializes_numpy_origin_indices,forecast_and_main,True,True,processed/main/run_status.json;processed/main/dispatch.csv,主回放已完成334/334日；计算受限10日
Q2F-L0517-S1,517,2.4.4,sentence,其中第一优先级只能使用截至当前已经实现历史日的样本外回放费用，不能利用未来真实日期反向选模。,src\q2\shadows.py:95#choose_day;src\q2\forecast.py:114#economic_metrics;src\q2\forecast.py:127#select_pipeline,src\q2\test_forecast_dispatch.py:159#test_four_to_one_loss_and_lexicographic_selection;src\q2\test_forecast_dispatch.py:400#test_real_selection_metadata_serializes_numpy_origin_indices,forecast_and_main,True,True,processed/main/run_status.json;processed/main/dispatch.csv,主回放已完成334/334日；计算受限10日
Q2F-L0517-S2,517,2.4.4,sentence,若两个候选模型在高优先级指标上的差异小于预先设定的容差，再依次参考下一层指标。,src\q2\shadows.py:95#choose_day;src\q2\forecast.py:114#economic_metrics;src\q2\forecast.py:127#select_pipeline,src\q2\test_forecast_dispatch.py:159#test_four_to_one_loss_and_lexicographic_selection;src\q2\test_forecast_dispatch.py:400#test_real_selection_metadata_serializes_numpy_origin_indices,forecast_and_main,True,True,processed/main/run_status.json;processed/main/dispatch.csv,主回放已完成334/334日；计算受限10日
Q2F-L0517-S3,517,2.4.4,sentence,最终论文同时报告各层指标，用于解释统计精度与经济决策效果之间的一致性或差异。,src\q2\shadows.py:95#choose_day;src\q2\forecast.py:114#economic_metrics;src\q2\forecast.py:127#select_pipeline,src\q2\test_forecast_dispatch.py:159#test_four_to_one_loss_and_lexicographic_selection;src\q2\test_forecast_dispatch.py:400#test_real_selection_metadata_serializes_numpy_origin_indices,forecast_and_main,True,True,processed/main/run_status.json;processed/main/dispatch.csv,主回放已完成334/334日；计算受限10日
Q2F-L0519-S1,519,2.4.4,markup,---,src\q2\shadows.py:95#choose_day;src\q2\forecast.py:114#economic_metrics;src\q2\forecast.py:127#select_pipeline,src\q2\test_forecast_dispatch.py:159#test_four_to_one_loss_and_lexicographic_selection;src\q2\test_forecast_dispatch.py:400#test_real_selection_metadata_serializes_numpy_origin_indices,forecast_and_main,True,True,processed/main/run_status.json;processed/main/dispatch.csv,主回放已完成334/334日；计算受限10日
Q2F-L0521-S1,521,2.5,markup,## 2.5 按预测步长匹配的样本外联合误差场景,src\q2\shadows.py:45#build_shadow_library;src\q2\scenarios.py:28#joint_blocks,src\q2\test_dispatch.py:92#ScenarioTests,scenarios,True,True,processed/main/daily_audit;processed/main/calibration.csv,联合origin×horizon历史块及物理投影已测试；全年场景审计随主回放完成
Q2F-L0523-S1,523,2.5.1,markup,### 2.5.1 predictor-conditioned forecast-origin × horizon 样本外误差,src\q2\shadows.py:45#build_shadow_library;src\q2\shadows.py:95#choose_day;src\q2\scenarios.py:28#joint_blocks,src\q2\test_dispatch.py:146#test_complete_origin_horizon_and_window_fallback,scenarios,True,True,processed/main/daily_audit;processed/main/calibration.csv,联合origin×horizon历史块及物理投影已测试；全年场景审计随主回放完成
Q2F-L0525-S1,525,2.5.1,sentence,滚动前瞻采用多日预测时，不能把“首日前瞻误差”简单复制到第二、第三个前瞻日；,src\q2\shadows.py:45#build_shadow_library;src\q2\shadows.py:95#choose_day;src\q2\scenarios.py:28#joint_blocks,src\q2\test_dispatch.py:146#test_complete_origin_horizon_and_window_fallback,scenarios,True,True,processed/main/daily_audit;processed/main/calibration.csv,联合origin×horizon历史块及物理投影已测试；全年场景审计随主回放完成
Q2F-L0525-S2,525,2.5.1,sentence,同时，当在线预测器可能在季节基线、LightGBM 或光伏统计模型之间切换时，也不能把不同预测器产生的误差无条件混入同一场景库。,src\q2\shadows.py:45#build_shadow_library;src\q2\shadows.py:95#choose_day;src\q2\scenarios.py:28#joint_blocks,src\q2\test_dispatch.py:146#test_complete_origin_horizon_and_window_fallback,scenarios,True,True,processed/main/daily_audit;processed/main/calibration.csv,联合origin×horizon历史块及物理投影已测试；全年场景审计随主回放完成
Q2F-L0525-S3,525,2.5.1,sentence,因此，误差库同时按**预测器（predictor）—预测起点（forecast origin）—预测步长（horizon）**建立。,src\q2\shadows.py:45#build_shadow_library;src\q2\shadows.py:95#choose_day;src\q2\scenarios.py:28#joint_blocks,src\q2\test_dispatch.py:146#test_complete_origin_horizon_and_window_fallback,scenarios,True,True,processed/main/daily_audit;processed/main/calibration.csv,联合origin×horizon历史块及物理投影已测试；全年场景审计随主回放完成
Q2F-L0527-S1,527,2.5.1,sentence,记候选预测器为 \(m\in\mathcal M\)。,src\q2\shadows.py:45#build_shadow_library;src\q2\shadows.py:95#choose_day;src\q2\scenarios.py:28#joint_blocks,src\q2\test_dispatch.py:146#test_complete_origin_horizon_and_window_fallback,scenarios,True,True,processed/main/daily_audit;processed/main/calibration.csv,联合origin×horizon历史块及物理投影已测试；全年场景审计随主回放完成
Q2F-L0527-S2,527,2.5.1,sentence,对历史预测起点 \(j\)，使用第 \(j\) 日 0:00 当时可得的信息，为每个候选预测器保存严格样本外的“影子预测（shadow forecast）”。,src\q2\shadows.py:45#build_shadow_library;src\q2\shadows.py:95#choose_day;src\q2\scenarios.py:28#joint_blocks,src\q2\test_dispatch.py:146#test_complete_origin_horizon_and_window_fallback,scenarios,True,True,processed/main/daily_audit;processed/main/calibration.csv,联合origin×horizon历史块及物理投影已测试；全年场景审计随主回放完成
Q2F-L0527-S3,527,2.5.1,sentence,若采用负荷—光伏分开预测，则定义,src\q2\shadows.py:45#build_shadow_library;src\q2\shadows.py:95#choose_day;src\q2\scenarios.py:28#joint_blocks,src\q2\test_dispatch.py:146#test_complete_origin_horizon_and_window_fallback,scenarios,True,True,processed/main/daily_audit;processed/main/calibration.csv,联合origin×horizon历史块及物理投影已测试；全年场景审计随主回放完成
Q2F-L0529-S1,529,2.5.1,sentence,\[,src\q2\shadows.py:45#build_shadow_library;src\q2\shadows.py:95#choose_day;src\q2\scenarios.py:28#joint_blocks,src\q2\test_dispatch.py:146#test_complete_origin_horizon_and_window_fallback,scenarios,True,True,processed/main/daily_audit;processed/main/calibration.csv,联合origin×horizon历史块及物理投影已测试；全年场景审计随主回放完成
Q2F-L0530-S1,530,2.5.1,sentence,\boxed{,src\q2\shadows.py:45#build_shadow_library;src\q2\shadows.py:95#choose_day;src\q2\scenarios.py:28#joint_blocks,src\q2\test_dispatch.py:146#test_complete_origin_horizon_and_window_fallback,scenarios,True,True,processed/main/daily_audit;processed/main/calibration.csv,联合origin×horizon历史块及物理投影已测试；全年场景审计随主回放完成
Q2F-L0531-S1,531,2.5.1,sentence,"e_{j,h,t}^{L,(m)}",src\q2\shadows.py:45#build_shadow_library;src\q2\shadows.py:95#choose_day;src\q2\scenarios.py:28#joint_blocks,src\q2\test_dispatch.py:146#test_complete_origin_horizon_and_window_fallback,scenarios,True,True,processed/main/daily_audit;processed/main/calibration.csv,联合origin×horizon历史块及物理投影已测试；全年场景审计随主回放完成
Q2F-L0532-S1,532,2.5.1,sentence,=,src\q2\shadows.py:45#build_shadow_library;src\q2\shadows.py:95#choose_day;src\q2\scenarios.py:28#joint_blocks,src\q2\test_dispatch.py:146#test_complete_origin_horizon_and_window_fallback,scenarios,True,True,processed/main/daily_audit;processed/main/calibration.csv,联合origin×horizon历史块及物理投影已测试；全年场景审计随主回放完成
Q2F-L0533-S1,533,2.5.1,sentence,"L_{j+h,t}",src\q2\shadows.py:45#build_shadow_library;src\q2\shadows.py:95#choose_day;src\q2\scenarios.py:28#joint_blocks,src\q2\test_dispatch.py:146#test_complete_origin_horizon_and_window_fallback,scenarios,True,True,processed/main/daily_audit;processed/main/calibration.csv,联合origin×horizon历史块及物理投影已测试；全年场景审计随主回放完成
Q2F-L0534-S1,534,2.5.1,sentence,-,src\q2\shadows.py:45#build_shadow_library;src\q2\shadows.py:95#choose_day;src\q2\scenarios.py:28#joint_blocks,src\q2\test_dispatch.py:146#test_complete_origin_horizon_and_window_fallback,scenarios,True,True,processed/main/daily_audit;processed/main/calibration.csv,联合origin×horizon历史块及物理投影已测试；全年场景审计随主回放完成
Q2F-L0535-S1,535,2.5.1,sentence,"\hat L_{j+h\mid j,t}^{(m)},",src\q2\shadows.py:45#build_shadow_library;src\q2\shadows.py:95#choose_day;src\q2\scenarios.py:28#joint_blocks,src\q2\test_dispatch.py:146#test_complete_origin_horizon_and_window_fallback,scenarios,True,True,processed/main/daily_audit;processed/main/calibration.csv,联合origin×horizon历史块及物理投影已测试；全年场景审计随主回放完成
Q2F-L0536-S1,536,2.5.1,sentence,},src\q2\shadows.py:45#build_shadow_library;src\q2\shadows.py:95#choose_day;src\q2\scenarios.py:28#joint_blocks,src\q2\test_dispatch.py:146#test_complete_origin_horizon_and_window_fallback,scenarios,True,True,processed/main/daily_audit;processed/main/calibration.csv,联合origin×horizon历史块及物理投影已测试；全年场景审计随主回放完成
Q2F-L0537-S1,537,2.5.1,sentence,\],src\q2\shadows.py:45#build_shadow_library;src\q2\shadows.py:95#choose_day;src\q2\scenarios.py:28#joint_blocks,src\q2\test_dispatch.py:146#test_complete_origin_horizon_and_window_fallback,scenarios,True,True,processed/main/daily_audit;processed/main/calibration.csv,联合origin×horizon历史块及物理投影已测试；全年场景审计随主回放完成
Q2F-L0539-S1,539,2.5.1,sentence,\[,src\q2\shadows.py:45#build_shadow_library;src\q2\shadows.py:95#choose_day;src\q2\scenarios.py:28#joint_blocks,src\q2\test_dispatch.py:146#test_complete_origin_horizon_and_window_fallback,scenarios,True,True,processed/main/daily_audit;processed/main/calibration.csv,联合origin×horizon历史块及物理投影已测试；全年场景审计随主回放完成
Q2F-L0540-S1,540,2.5.1,sentence,\boxed{,src\q2\shadows.py:45#build_shadow_library;src\q2\shadows.py:95#choose_day;src\q2\scenarios.py:28#joint_blocks,src\q2\test_dispatch.py:146#test_complete_origin_horizon_and_window_fallback,scenarios,True,True,processed/main/daily_audit;processed/main/calibration.csv,联合origin×horizon历史块及物理投影已测试；全年场景审计随主回放完成
Q2F-L0541-S1,541,2.5.1,sentence,"e_{j,h,t}^{PV,(m)}",src\q2\shadows.py:45#build_shadow_library;src\q2\shadows.py:95#choose_day;src\q2\scenarios.py:28#joint_blocks,src\q2\test_dispatch.py:146#test_complete_origin_horizon_and_window_fallback,scenarios,True,True,processed/main/daily_audit;processed/main/calibration.csv,联合origin×horizon历史块及物理投影已测试；全年场景审计随主回放完成
Q2F-L0542-S1,542,2.5.1,sentence,=,src\q2\shadows.py:45#build_shadow_library;src\q2\shadows.py:95#choose_day;src\q2\scenarios.py:28#joint_blocks,src\q2\test_dispatch.py:146#test_complete_origin_horizon_and_window_fallback,scenarios,True,True,processed/main/daily_audit;processed/main/calibration.csv,联合origin×horizon历史块及物理投影已测试；全年场景审计随主回放完成
Q2F-L0543-S1,543,2.5.1,sentence,"P_{j+h,t}^{PV}",src\q2\shadows.py:45#build_shadow_library;src\q2\shadows.py:95#choose_day;src\q2\scenarios.py:28#joint_blocks,src\q2\test_dispatch.py:146#test_complete_origin_horizon_and_window_fallback,scenarios,True,True,processed/main/daily_audit;processed/main/calibration.csv,联合origin×horizon历史块及物理投影已测试；全年场景审计随主回放完成
Q2F-L0544-S1,544,2.5.1,sentence,-,src\q2\shadows.py:45#build_shadow_library;src\q2\shadows.py:95#choose_day;src\q2\scenarios.py:28#joint_blocks,src\q2\test_dispatch.py:146#test_complete_origin_horizon_and_window_fallback,scenarios,True,True,processed/main/daily_audit;processed/main/calibration.csv,联合origin×horizon历史块及物理投影已测试；全年场景审计随主回放完成
Q2F-L0545-S1,545,2.5.1,sentence,"\hat P_{j+h\mid j,t}^{PV,(m)},",src\q2\shadows.py:45#build_shadow_library;src\q2\shadows.py:95#choose_day;src\q2\scenarios.py:28#joint_blocks,src\q2\test_dispatch.py:146#test_complete_origin_horizon_and_window_fallback,scenarios,True,True,processed/main/daily_audit;processed/main/calibration.csv,联合origin×horizon历史块及物理投影已测试；全年场景审计随主回放完成
Q2F-L0546-S1,546,2.5.1,sentence,},src\q2\shadows.py:45#build_shadow_library;src\q2\shadows.py:95#choose_day;src\q2\scenarios.py:28#joint_blocks,src\q2\test_dispatch.py:146#test_complete_origin_horizon_and_window_fallback,scenarios,True,True,processed/main/daily_audit;processed/main/calibration.csv,联合origin×horizon历史块及物理投影已测试；全年场景审计随主回放完成
Q2F-L0547-S1,547,2.5.1,sentence,\],src\q2\shadows.py:45#build_shadow_library;src\q2\shadows.py:95#choose_day;src\q2\scenarios.py:28#joint_blocks,src\q2\test_dispatch.py:146#test_complete_origin_horizon_and_window_fallback,scenarios,True,True,processed/main/daily_audit;processed/main/calibration.csv,联合origin×horizon历史块及物理投影已测试；全年场景审计随主回放完成
Q2F-L0549-S1,549,2.5.1,sentence,其中,src\q2\shadows.py:45#build_shadow_library;src\q2\shadows.py:95#choose_day;src\q2\scenarios.py:28#joint_blocks,src\q2\test_dispatch.py:146#test_complete_origin_horizon_and_window_fallback,scenarios,True,True,processed/main/daily_audit;processed/main/calibration.csv,联合origin×horizon历史块及物理投影已测试；全年场景审计随主回放完成
Q2F-L0551-S1,551,2.5.1,sentence,\[,src\q2\shadows.py:45#build_shadow_library;src\q2\shadows.py:95#choose_day;src\q2\scenarios.py:28#joint_blocks,src\q2\test_dispatch.py:146#test_complete_origin_horizon_and_window_fallback,scenarios,True,True,processed/main/daily_audit;processed/main/calibration.csv,联合origin×horizon历史块及物理投影已测试；全年场景审计随主回放完成
Q2F-L0552-S1,552,2.5.1,sentence,"h=0,1,\ldots,K-1,",src\q2\shadows.py:45#build_shadow_library;src\q2\shadows.py:95#choose_day;src\q2\scenarios.py:28#joint_blocks,src\q2\test_dispatch.py:146#test_complete_origin_horizon_and_window_fallback,scenarios,True,True,processed/main/daily_audit;processed/main/calibration.csv,联合origin×horizon历史块及物理投影已测试；全年场景审计随主回放完成
Q2F-L0553-S1,553,2.5.1,sentence,\qquad,src\q2\shadows.py:45#build_shadow_library;src\q2\shadows.py:95#choose_day;src\q2\scenarios.py:28#joint_blocks,src\q2\test_dispatch.py:146#test_complete_origin_horizon_and_window_fallback,scenarios,True,True,processed/main/daily_audit;processed/main/calibration.csv,联合origin×horizon历史块及物理投影已测试；全年场景审计随主回放完成
Q2F-L0554-S1,554,2.5.1,sentence,"t=1,\ldots,144.",src\q2\shadows.py:45#build_shadow_library;src\q2\shadows.py:95#choose_day;src\q2\scenarios.py:28#joint_blocks,src\q2\test_dispatch.py:146#test_complete_origin_horizon_and_window_fallback,scenarios,True,True,processed/main/daily_audit;processed/main/calibration.csv,联合origin×horizon历史块及物理投影已测试；全年场景审计随主回放完成
Q2F-L0555-S1,555,2.5.1,sentence,\],src\q2\shadows.py:45#build_shadow_library;src\q2\shadows.py:95#choose_day;src\q2\scenarios.py:28#joint_blocks,src\q2\test_dispatch.py:146#test_complete_origin_horizon_and_window_fallback,scenarios,True,True,processed/main/daily_audit;processed/main/calibration.csv,联合origin×horizon历史块及物理投影已测试；全年场景审计随主回放完成
Q2F-L0557-S1,557,2.5.1,sentence,这里 \(h=0\) 表示滚动窗口的第 1 个前瞻日，\(h=1\) 表示第 2 个前瞻日，依此类推。,src\q2\shadows.py:45#build_shadow_library;src\q2\shadows.py:95#choose_day;src\q2\scenarios.py:28#joint_blocks,src\q2\test_dispatch.py:146#test_complete_origin_horizon_and_window_fallback,scenarios,True,True,processed/main/daily_audit;processed/main/calibration.csv,联合origin×horizon历史块及物理投影已测试；全年场景审计随主回放完成
Q2F-L0557-S2,557,2.5.1,sentence,所有影子预测均必须复现当时真实可用的信息集合，不允许使用后来才实现的数据。,src\q2\shadows.py:45#build_shadow_library;src\q2\shadows.py:95#choose_day;src\q2\scenarios.py:28#joint_blocks,src\q2\test_dispatch.py:146#test_complete_origin_horizon_and_window_fallback,scenarios,True,True,processed/main/daily_audit;processed/main/calibration.csv,联合origin×horizon历史块及物理投影已测试；全年场景审计随主回放完成
Q2F-L0559-S1,559,2.5.1,sentence,将同一预测器 \(m\)、同一 forecast origin \(j\) 下未来 \(K\) 日的负荷—光伏误差共同组成,src\q2\shadows.py:45#build_shadow_library;src\q2\shadows.py:95#choose_day;src\q2\scenarios.py:28#joint_blocks,src\q2\test_dispatch.py:146#test_complete_origin_horizon_and_window_fallback,scenarios,True,True,processed/main/daily_audit;processed/main/calibration.csv,联合origin×horizon历史块及物理投影已测试；全年场景审计随主回放完成
Q2F-L0561-S1,561,2.5.1,sentence,\[,src\q2\shadows.py:45#build_shadow_library;src\q2\shadows.py:95#choose_day;src\q2\scenarios.py:28#joint_blocks,src\q2\test_dispatch.py:146#test_complete_origin_horizon_and_window_fallback,scenarios,True,True,processed/main/daily_audit;processed/main/calibration.csv,联合origin×horizon历史块及物理投影已测试；全年场景审计随主回放完成
Q2F-L0562-S1,562,2.5.1,sentence,\boxed{,src\q2\shadows.py:45#build_shadow_library;src\q2\shadows.py:95#choose_day;src\q2\scenarios.py:28#joint_blocks,src\q2\test_dispatch.py:146#test_complete_origin_horizon_and_window_fallback,scenarios,True,True,processed/main/daily_audit;processed/main/calibration.csv,联合origin×horizon历史块及物理投影已测试；全年场景审计随主回放完成
Q2F-L0563-S1,563,2.5.1,sentence,"\mathbf B_{j}^{(K,m)}",src\q2\shadows.py:45#build_shadow_library;src\q2\shadows.py:95#choose_day;src\q2\scenarios.py:28#joint_blocks,src\q2\test_dispatch.py:146#test_complete_origin_horizon_and_window_fallback,scenarios,True,True,processed/main/daily_audit;processed/main/calibration.csv,联合origin×horizon历史块及物理投影已测试；全年场景审计随主回放完成
Q2F-L0564-S1,564,2.5.1,sentence,=,src\q2\shadows.py:45#build_shadow_library;src\q2\shadows.py:95#choose_day;src\q2\scenarios.py:28#joint_blocks,src\q2\test_dispatch.py:146#test_complete_origin_horizon_and_window_fallback,scenarios,True,True,processed/main/daily_audit;processed/main/calibration.csv,联合origin×horizon历史块及物理投影已测试；全年场景审计随主回放完成
Q2F-L0565-S1,565,2.5.1,sentence,\left(,src\q2\shadows.py:45#build_shadow_library;src\q2\shadows.py:95#choose_day;src\q2\scenarios.py:28#joint_blocks,src\q2\test_dispatch.py:146#test_complete_origin_horizon_and_window_fallback,scenarios,True,True,processed/main/daily_audit;processed/main/calibration.csv,联合origin×horizon历史块及物理投影已测试；全年场景审计随主回放完成
Q2F-L0566-S1,566,2.5.1,sentence,"\mathbf e_{j,0}^{(m)},",src\q2\shadows.py:45#build_shadow_library;src\q2\shadows.py:95#choose_day;src\q2\scenarios.py:28#joint_blocks,src\q2\test_dispatch.py:146#test_complete_origin_horizon_and_window_fallback,scenarios,True,True,processed/main/daily_audit;processed/main/calibration.csv,联合origin×horizon历史块及物理投影已测试；全年场景审计随主回放完成
Q2F-L0567-S1,567,2.5.1,sentence,"\mathbf e_{j,1}^{(m)},",src\q2\shadows.py:45#build_shadow_library;src\q2\shadows.py:95#choose_day;src\q2\scenarios.py:28#joint_blocks,src\q2\test_dispatch.py:146#test_complete_origin_horizon_and_window_fallback,scenarios,True,True,processed/main/daily_audit;processed/main/calibration.csv,联合origin×horizon历史块及物理投影已测试；全年场景审计随主回放完成
Q2F-L0568-S1,568,2.5.1,sentence,"\ldots,",src\q2\shadows.py:45#build_shadow_library;src\q2\shadows.py:95#choose_day;src\q2\scenarios.py:28#joint_blocks,src\q2\test_dispatch.py:146#test_complete_origin_horizon_and_window_fallback,scenarios,True,True,processed/main/daily_audit;processed/main/calibration.csv,联合origin×horizon历史块及物理投影已测试；全年场景审计随主回放完成
Q2F-L0569-S1,569,2.5.1,sentence,"\mathbf e_{j,K-1}^{(m)}",src\q2\shadows.py:45#build_shadow_library;src\q2\shadows.py:95#choose_day;src\q2\scenarios.py:28#joint_blocks,src\q2\test_dispatch.py:146#test_complete_origin_horizon_and_window_fallback,scenarios,True,True,processed/main/daily_audit;processed/main/calibration.csv,联合origin×horizon历史块及物理投影已测试；全年场景审计随主回放完成
Q2F-L0570-S1,570,2.5.1,sentence,"\right),",src\q2\shadows.py:45#build_shadow_library;src\q2\shadows.py:95#choose_day;src\q2\scenarios.py:28#joint_blocks,src\q2\test_dispatch.py:146#test_complete_origin_horizon_and_window_fallback,scenarios,True,True,processed/main/daily_audit;processed/main/calibration.csv,联合origin×horizon历史块及物理投影已测试；全年场景审计随主回放完成
Q2F-L0571-S1,571,2.5.1,sentence,},src\q2\shadows.py:45#build_shadow_library;src\q2\shadows.py:95#choose_day;src\q2\scenarios.py:28#joint_blocks,src\q2\test_dispatch.py:146#test_complete_origin_horizon_and_window_fallback,scenarios,True,True,processed/main/daily_audit;processed/main/calibration.csv,联合origin×horizon历史块及物理投影已测试；全年场景审计随主回放完成
Q2F-L0572-S1,572,2.5.1,sentence,\],src\q2\shadows.py:45#build_shadow_library;src\q2\shadows.py:95#choose_day;src\q2\scenarios.py:28#joint_blocks,src\q2\test_dispatch.py:146#test_complete_origin_horizon_and_window_fallback,scenarios,True,True,processed/main/daily_audit;processed/main/calibration.csv,联合origin×horizon历史块及物理投影已测试；全年场景审计随主回放完成
Q2F-L0574-S1,574,2.5.1,sentence,"其中每个 \(\mathbf e_{j,h}^{(m)}\) 同时包含该前瞻日 144 个负荷误差和 144 个光伏误差。",src\q2\shadows.py:45#build_shadow_library;src\q2\shadows.py:95#choose_day;src\q2\scenarios.py:28#joint_blocks,src\q2\test_dispatch.py:146#test_complete_origin_horizon_and_window_fallback,scenarios,True,True,processed/main/daily_audit;processed/main/calibration.csv,联合origin×horizon历史块及物理投影已测试；全年场景审计随主回放完成
Q2F-L0574-S2,574,2.5.1,sentence,该结构同时保留：,src\q2\shadows.py:45#build_shadow_library;src\q2\shadows.py:95#choose_day;src\q2\scenarios.py:28#joint_blocks,src\q2\test_dispatch.py:146#test_complete_origin_horizon_and_window_fallback,scenarios,True,True,processed/main/daily_audit;processed/main/calibration.csv,联合origin×horizon历史块及物理投影已测试；全年场景审计随主回放完成
Q2F-L0576-S1,576,2.5.1,sentence,1. 同一日前瞻内部的 10 min 时间相关；,src\q2\shadows.py:45#build_shadow_library;src\q2\shadows.py:95#choose_day;src\q2\scenarios.py:28#joint_blocks,src\q2\test_dispatch.py:146#test_complete_origin_horizon_and_window_fallback,scenarios,True,True,processed/main/daily_audit;processed/main/calibration.csv,联合origin×horizon历史块及物理投影已测试；全年场景审计随主回放完成
Q2F-L0577-S1,577,2.5.1,sentence,2. 负荷误差与光伏误差的联合关系；,src\q2\shadows.py:45#build_shadow_library;src\q2\shadows.py:95#choose_day;src\q2\scenarios.py:28#joint_blocks,src\q2\test_dispatch.py:146#test_complete_origin_horizon_and_window_fallback,scenarios,True,True,processed/main/daily_audit;processed/main/calibration.csv,联合origin×horizon历史块及物理投影已测试；全年场景审计随主回放完成
Q2F-L0578-S1,578,2.5.1,sentence,3. 相邻前瞻日之间的持续天气和负荷状态；,src\q2\shadows.py:45#build_shadow_library;src\q2\shadows.py:95#choose_day;src\q2\scenarios.py:28#joint_blocks,src\q2\test_dispatch.py:146#test_complete_origin_horizon_and_window_fallback,scenarios,True,True,processed/main/daily_audit;processed/main/calibration.csv,联合origin×horizon历史块及物理投影已测试；全年场景审计随主回放完成
Q2F-L0579-S1,579,2.5.1,sentence,4. 不同 horizon 各自的误差尺度；,src\q2\shadows.py:45#build_shadow_library;src\q2\shadows.py:95#choose_day;src\q2\scenarios.py:28#joint_blocks,src\q2\test_dispatch.py:146#test_complete_origin_horizon_and_window_fallback,scenarios,True,True,processed/main/daily_audit;processed/main/calibration.csv,联合origin×horizon历史块及物理投影已测试；全年场景审计随主回放完成
Q2F-L0580-S1,580,2.5.1,sentence,5. **当前预测器自身的误差分布特征。,src\q2\shadows.py:45#build_shadow_library;src\q2\shadows.py:95#choose_day;src\q2\scenarios.py:28#joint_blocks,src\q2\test_dispatch.py:146#test_complete_origin_horizon_and_window_fallback,scenarios,True,True,processed/main/daily_audit;processed/main/calibration.csv,联合origin×horizon历史块及物理投影已测试；全年场景审计随主回放完成
Q2F-L0580-S2,580,2.5.1,sentence,**,src\q2\shadows.py:45#build_shadow_library;src\q2\shadows.py:95#choose_day;src\q2\scenarios.py:28#joint_blocks,src\q2\test_dispatch.py:146#test_complete_origin_horizon_and_window_fallback,scenarios,True,True,processed/main/daily_audit;processed/main/calibration.csv,联合origin×horizon历史块及物理投影已测试；全年场景审计随主回放完成
Q2F-L0582-S1,582,2.5.1,sentence,第 \(d\) 日在线选择预测器 \(m_d\) 后，场景原则上仅从与 \(m_d\) 一致的历史误差块,src\q2\shadows.py:45#build_shadow_library;src\q2\shadows.py:95#choose_day;src\q2\scenarios.py:28#joint_blocks,src\q2\test_dispatch.py:146#test_complete_origin_horizon_and_window_fallback,scenarios,True,True,processed/main/daily_audit;processed/main/calibration.csv,联合origin×horizon历史块及物理投影已测试；全年场景审计随主回放完成
Q2F-L0584-S1,584,2.5.1,sentence,\[,src\q2\shadows.py:45#build_shadow_library;src\q2\shadows.py:95#choose_day;src\q2\scenarios.py:28#joint_blocks,src\q2\test_dispatch.py:146#test_complete_origin_horizon_and_window_fallback,scenarios,True,True,processed/main/daily_audit;processed/main/calibration.csv,联合origin×horizon历史块及物理投影已测试；全年场景审计随主回放完成
Q2F-L0585-S1,585,2.5.1,sentence,\boxed{,src\q2\shadows.py:45#build_shadow_library;src\q2\shadows.py:95#choose_day;src\q2\scenarios.py:28#joint_blocks,src\q2\test_dispatch.py:146#test_complete_origin_horizon_and_window_fallback,scenarios,True,True,processed/main/daily_audit;processed/main/calibration.csv,联合origin×horizon历史块及物理投影已测试；全年场景审计随主回放完成
Q2F-L0586-S1,586,2.5.1,sentence,\mathcal E_d^{(m_d)},src\q2\shadows.py:45#build_shadow_library;src\q2\shadows.py:95#choose_day;src\q2\scenarios.py:28#joint_blocks,src\q2\test_dispatch.py:146#test_complete_origin_horizon_and_window_fallback,scenarios,True,True,processed/main/daily_audit;processed/main/calibration.csv,联合origin×horizon历史块及物理投影已测试；全年场景审计随主回放完成
Q2F-L0587-S1,587,2.5.1,sentence,=,src\q2\shadows.py:45#build_shadow_library;src\q2\shadows.py:95#choose_day;src\q2\scenarios.py:28#joint_blocks,src\q2\test_dispatch.py:146#test_complete_origin_horizon_and_window_fallback,scenarios,True,True,processed/main/daily_audit;processed/main/calibration.csv,联合origin×horizon历史块及物理投影已测试；全年场景审计随主回放完成
Q2F-L0588-S1,588,2.5.1,sentence,\left\{,src\q2\shadows.py:45#build_shadow_library;src\q2\shadows.py:95#choose_day;src\q2\scenarios.py:28#joint_blocks,src\q2\test_dispatch.py:146#test_complete_origin_horizon_and_window_fallback,scenarios,True,True,processed/main/daily_audit;processed/main/calibration.csv,联合origin×horizon历史块及物理投影已测试；全年场景审计随主回放完成
Q2F-L0589-S1,589,2.5.1,sentence,"\mathbf B_j^{(K,m_d)}:",src\q2\shadows.py:45#build_shadow_library;src\q2\shadows.py:95#choose_day;src\q2\scenarios.py:28#joint_blocks,src\q2\test_dispatch.py:146#test_complete_origin_horizon_and_window_fallback,scenarios,True,True,processed/main/daily_audit;processed/main/calibration.csv,联合origin×horizon历史块及物理投影已测试；全年场景审计随主回放完成
Q2F-L0590-S1,590,2.5.1,sentence,j+K-1<d,src\q2\shadows.py:45#build_shadow_library;src\q2\shadows.py:95#choose_day;src\q2\scenarios.py:28#joint_blocks,src\q2\test_dispatch.py:146#test_complete_origin_horizon_and_window_fallback,scenarios,True,True,processed/main/daily_audit;processed/main/calibration.csv,联合origin×horizon历史块及物理投影已测试；全年场景审计随主回放完成
Q2F-L0591-S1,591,2.5.1,sentence,\right\},src\q2\shadows.py:45#build_shadow_library;src\q2\shadows.py:95#choose_day;src\q2\scenarios.py:28#joint_blocks,src\q2\test_dispatch.py:146#test_complete_origin_horizon_and_window_fallback,scenarios,True,True,processed/main/daily_audit;processed/main/calibration.csv,联合origin×horizon历史块及物理投影已测试；全年场景审计随主回放完成
Q2F-L0592-S1,592,2.5.1,sentence,},src\q2\shadows.py:45#build_shadow_library;src\q2\shadows.py:95#choose_day;src\q2\scenarios.py:28#joint_blocks,src\q2\test_dispatch.py:146#test_complete_origin_horizon_and_window_fallback,scenarios,True,True,processed/main/daily_audit;processed/main/calibration.csv,联合origin×horizon历史块及物理投影已测试；全年场景审计随主回放完成
Q2F-L0593-S1,593,2.5.1,sentence,\],src\q2\shadows.py:45#build_shadow_library;src\q2\shadows.py:95#choose_day;src\q2\scenarios.py:28#joint_blocks,src\q2\test_dispatch.py:146#test_complete_origin_horizon_and_window_fallback,scenarios,True,True,processed/main/daily_audit;processed/main/calibration.csv,联合origin×horizon历史块及物理投影已测试；全年场景审计随主回放完成
Q2F-L0595-S1,595,2.5.1,sentence,中构造。,src\q2\shadows.py:45#build_shadow_library;src\q2\shadows.py:95#choose_day;src\q2\scenarios.py:28#joint_blocks,src\q2\test_dispatch.py:146#test_complete_origin_horizon_and_window_fallback,scenarios,True,True,processed/main/daily_audit;processed/main/calibration.csv,联合origin×horizon历史块及物理投影已测试；全年场景审计随主回放完成
Q2F-L0595-S2,595,2.5.1,sentence,这样避免用季节朴素模型的误差去描述 LightGBM 的预测不确定性，保证“预测器—残差—随机场景”三者一致。,src\q2\shadows.py:45#build_shadow_library;src\q2\shadows.py:95#choose_day;src\q2\scenarios.py:28#joint_blocks,src\q2\test_dispatch.py:146#test_complete_origin_horizon_and_window_fallback,scenarios,True,True,processed/main/daily_audit;processed/main/calibration.csv,联合origin×horizon历史块及物理投影已测试；全年场景审计随主回放完成
Q2F-L0597-S1,597,2.5.1,sentence,若最终采用的是一个固定的在线集成器或模型选择器，则也可以直接保存该**完整在线预测流程**产生的严格样本外残差，而不必机械拆分为单模型误差池；,src\q2\shadows.py:45#build_shadow_library;src\q2\shadows.py:95#choose_day;src\q2\scenarios.py:28#joint_blocks,src\q2\test_dispatch.py:146#test_complete_origin_horizon_and_window_fallback,scenarios,True,True,processed/main/daily_audit;processed/main/calibration.csv,联合origin×horizon历史块及物理投影已测试；全年场景审计随主回放完成
Q2F-L0597-S2,597,2.5.1,sentence,核心要求是场景误差分布必须与当天实际使用的预测流程保持 predictor-consistent。,src\q2\shadows.py:45#build_shadow_library;src\q2\shadows.py:95#choose_day;src\q2\scenarios.py:28#joint_blocks,src\q2\test_dispatch.py:146#test_complete_origin_horizon_and_window_fallback,scenarios,True,True,processed/main/daily_audit;processed/main/calibration.csv,联合origin×horizon历史块及物理投影已测试；全年场景审计随主回放完成
Q2F-L0599-S1,599,2.5.1,sentence,因此，本模型不再使用“不同 forecast origin 的首日前瞻误差直接拼接多日前瞻场景”，也不把不同预测器的历史误差无条件混合。,src\q2\shadows.py:45#build_shadow_library;src\q2\shadows.py:95#choose_day;src\q2\scenarios.py:28#joint_blocks,src\q2\test_dispatch.py:146#test_complete_origin_horizon_and_window_fallback,scenarios,True,True,processed/main/daily_audit;processed/main/calibration.csv,联合origin×horizon历史块及物理投影已测试；全年场景审计随主回放完成
Q2F-L0601-S1,601,2.5.2,markup,### 2.5.2 年初小样本与可用历史块,src\q2\scenarios.py:9#eligible_origins;src\q2\scenarios.py:19#history_window,src\q2\test_dispatch.py:146#test_complete_origin_horizon_and_window_fallback,scenarios,True,True,processed/main/daily_audit;processed/main/calibration.csv,联合origin×horizon历史块及物理投影已测试；全年场景审计随主回放完成
Q2F-L0603-S1,603,2.5.2,sentence,在第 \(d\) 日 0:00，只能使用那些已经完全实现、且其整个 \(K\) 日预测误差已经可计算的历史 forecast origin。,src\q2\scenarios.py:9#eligible_origins;src\q2\scenarios.py:19#history_window,src\q2\test_dispatch.py:146#test_complete_origin_horizon_and_window_fallback,scenarios,True,True,processed/main/daily_audit;processed/main/calibration.csv,联合origin×horizon历史块及物理投影已测试；全年场景审计随主回放完成
Q2F-L0603-S2,603,2.5.2,sentence,可用集合记为,src\q2\scenarios.py:9#eligible_origins;src\q2\scenarios.py:19#history_window,src\q2\test_dispatch.py:146#test_complete_origin_horizon_and_window_fallback,scenarios,True,True,processed/main/daily_audit;processed/main/calibration.csv,联合origin×horizon历史块及物理投影已测试；全年场景审计随主回放完成
Q2F-L0605-S1,605,2.5.2,sentence,\[,src\q2\scenarios.py:9#eligible_origins;src\q2\scenarios.py:19#history_window,src\q2\test_dispatch.py:146#test_complete_origin_horizon_and_window_fallback,scenarios,True,True,processed/main/daily_audit;processed/main/calibration.csv,联合origin×horizon历史块及物理投影已测试；全年场景审计随主回放完成
Q2F-L0606-S1,606,2.5.2,sentence,\boxed{,src\q2\scenarios.py:9#eligible_origins;src\q2\scenarios.py:19#history_window,src\q2\test_dispatch.py:146#test_complete_origin_horizon_and_window_fallback,scenarios,True,True,processed/main/daily_audit;processed/main/calibration.csv,联合origin×horizon历史块及物理投影已测试；全年场景审计随主回放完成
Q2F-L0607-S1,607,2.5.2,sentence,"\mathcal J_d^{(K,m_d)}",src\q2\scenarios.py:9#eligible_origins;src\q2\scenarios.py:19#history_window,src\q2\test_dispatch.py:146#test_complete_origin_horizon_and_window_fallback,scenarios,True,True,processed/main/daily_audit;processed/main/calibration.csv,联合origin×horizon历史块及物理投影已测试；全年场景审计随主回放完成
Q2F-L0608-S1,608,2.5.2,sentence,=,src\q2\scenarios.py:9#eligible_origins;src\q2\scenarios.py:19#history_window,src\q2\test_dispatch.py:146#test_complete_origin_horizon_and_window_fallback,scenarios,True,True,processed/main/daily_audit;processed/main/calibration.csv,联合origin×horizon历史块及物理投影已测试；全年场景审计随主回放完成
Q2F-L0609-S1,609,2.5.2,sentence,"\{j:\ j+K-1<d,\ \mathbf B_j^{(K,m_d)}\text{ 已形成}\}.",src\q2\scenarios.py:9#eligible_origins;src\q2\scenarios.py:19#history_window,src\q2\test_dispatch.py:146#test_complete_origin_horizon_and_window_fallback,scenarios,True,True,processed/main/daily_audit;processed/main/calibration.csv,联合origin×horizon历史块及物理投影已测试；全年场景审计随主回放完成
Q2F-L0610-S1,610,2.5.2,sentence,},src\q2\scenarios.py:9#eligible_origins;src\q2\scenarios.py:19#history_window,src\q2\test_dispatch.py:146#test_complete_origin_horizon_and_window_fallback,scenarios,True,True,processed/main/daily_audit;processed/main/calibration.csv,联合origin×horizon历史块及物理投影已测试；全年场景审计随主回放完成
Q2F-L0611-S1,611,2.5.2,sentence,\],src\q2\scenarios.py:9#eligible_origins;src\q2\scenarios.py:19#history_window,src\q2\test_dispatch.py:146#test_complete_origin_horizon_and_window_fallback,scenarios,True,True,processed/main/daily_audit;processed/main/calibration.csv,联合origin×horizon历史块及物理投影已测试；全年场景审计随主回放完成
Q2F-L0613-S1,613,2.5.2,sentence,2 月初可用历史起点很少，因此即使通过有放回重采样生成数百或数千个场景，也只是重复有限的真实历史块，并不会增加真正独立的信息量。,src\q2\scenarios.py:9#eligible_origins;src\q2\scenarios.py:19#history_window,src\q2\test_dispatch.py:146#test_complete_origin_horizon_and_window_fallback,scenarios,True,True,processed/main/daily_audit;processed/main/calibration.csv,联合origin×horizon历史块及物理投影已测试；全年场景审计随主回放完成
Q2F-L0613-S2,613,2.5.2,sentence,故本文始终同时报告,src\q2\scenarios.py:9#eligible_origins;src\q2\scenarios.py:19#history_window,src\q2\test_dispatch.py:146#test_complete_origin_horizon_and_window_fallback,scenarios,True,True,processed/main/daily_audit;processed/main/calibration.csv,联合origin×horizon历史块及物理投影已测试；全年场景审计随主回放完成
Q2F-L0615-S1,615,2.5.2,sentence,\[,src\q2\scenarios.py:9#eligible_origins;src\q2\scenarios.py:19#history_window,src\q2\test_dispatch.py:146#test_complete_origin_horizon_and_window_fallback,scenarios,True,True,processed/main/daily_audit;processed/main/calibration.csv,联合origin×horizon历史块及物理投影已测试；全年场景审计随主回放完成
Q2F-L0616-S1,616,2.5.2,sentence,"M_d=|\mathcal J_d^{(K,m_d)}|",src\q2\scenarios.py:9#eligible_origins;src\q2\scenarios.py:19#history_window,src\q2\test_dispatch.py:146#test_complete_origin_horizon_and_window_fallback,scenarios,True,True,processed/main/daily_audit;processed/main/calibration.csv,联合origin×horizon历史块及物理投影已测试；全年场景审计随主回放完成
Q2F-L0617-S1,617,2.5.2,sentence,\],src\q2\scenarios.py:9#eligible_origins;src\q2\scenarios.py:19#history_window,src\q2\test_dispatch.py:146#test_complete_origin_horizon_and_window_fallback,scenarios,True,True,processed/main/daily_audit;processed/main/calibration.csv,联合origin×horizon历史块及物理投影已测试；全年场景审计随主回放完成
Q2F-L0619-S1,619,2.5.2,sentence,和重采样场景数 \(S\)，明确区分“有效历史信息量”与“数值场景数量”。,src\q2\scenarios.py:9#eligible_origins;src\q2\scenarios.py:19#history_window,src\q2\test_dispatch.py:146#test_complete_origin_horizon_and_window_fallback,scenarios,True,True,processed/main/daily_audit;processed/main/calibration.csv,联合origin×horizon历史块及物理投影已测试；全年场景审计随主回放完成
Q2F-L0621-S1,621,2.5.3,markup,### 2.5.3 季节异方差、条件历史窗口与覆盖率监测,src\q2\scenarios.py:19#history_window;src\q2\shadows.py:95#choose_day,src\q2\test_dispatch.py:146#test_complete_origin_horizon_and_window_fallback,scenarios,True,True,processed/main/daily_audit;processed/main/calibration.csv,联合origin×horizon历史块及物理投影已测试；全年场景审计随主回放完成
Q2F-L0623-S1,623,2.5.3,sentence,预测误差可能随季节显著变化，因此不把全年所有历史误差块无条件等价混合。,src\q2\scenarios.py:19#history_window;src\q2\shadows.py:95#choose_day,src\q2\test_dispatch.py:146#test_complete_origin_horizon_and_window_fallback,scenarios,True,True,processed/main/daily_audit;processed/main/calibration.csv,联合origin×horizon历史块及物理投影已测试；全年场景审计随主回放完成
Q2F-L0623-S2,623,2.5.3,sentence,预测第 \(d\) 日时，主体场景优先使用**较近历史窗口和相似日期类型**的 forecast origin；,src\q2\scenarios.py:19#history_window;src\q2\shadows.py:95#choose_day,src\q2\test_dispatch.py:146#test_complete_origin_horizon_and_window_fallback,scenarios,True,True,processed/main/daily_audit;processed/main/calibration.csv,联合origin×horizon历史块及物理投影已测试；全年场景审计随主回放完成
Q2F-L0623-S3,623,2.5.3,sentence,候选窗口可取最近 28、56、84 天或 expanding window，并通过仅使用过去数据的场景覆盖率和首日决策稳定性进行比较。,src\q2\scenarios.py:19#history_window;src\q2\shadows.py:95#choose_day,src\q2\test_dispatch.py:146#test_complete_origin_horizon_and_window_fallback,scenarios,True,True,processed/main/daily_audit;processed/main/calibration.csv,联合origin×horizon历史块及物理投影已测试；全年场景审计随主回放完成
Q2F-L0625-S1,625,2.5.3,sentence,仅使用短窗口虽然能够跟踪近期状态，但在月份切换、天气状态突变或季节过渡阶段可能遗漏历史上已经出现过的严重净负荷低估。,src\q2\scenarios.py:19#history_window;src\q2\shadows.py:95#choose_day,src\q2\test_dispatch.py:146#test_complete_origin_horizon_and_window_fallback,scenarios,True,True,processed/main/daily_audit;processed/main/calibration.csv,联合origin×horizon历史块及物理投影已测试；全年场景审计随主回放完成
Q2F-L0625-S2,625,2.5.3,sentence,为此，在每天 0:00 同时维护两个仅由过去数据组成的误差池：,src\q2\scenarios.py:19#history_window;src\q2\shadows.py:95#choose_day,src\q2\test_dispatch.py:146#test_complete_origin_horizon_and_window_fallback,scenarios,True,True,processed/main/daily_audit;processed/main/calibration.csv,联合origin×horizon历史块及物理投影已测试；全年场景审计随主回放完成
Q2F-L0627-S1,627,2.5.3,sentence,1. **局部主体误差池** \(\mathcal E_d^{\mathrm{local}}\)：优先反映最近 28/56 天的当前状态；,src\q2\scenarios.py:19#history_window;src\q2\shadows.py:95#choose_day,src\q2\test_dispatch.py:146#test_complete_origin_horizon_and_window_fallback,scenarios,True,True,processed/main/daily_audit;processed/main/calibration.csv,联合origin×horizon历史块及物理投影已测试；全年场景审计随主回放完成
Q2F-L0628-S1,628,2.5.3,sentence,2. **长期尾部误差池** \(\mathcal E_d^{\mathrm{tail}}\)：从截至 \(d-1\) 日全部可用、且与当前预测流程一致的历史样本外误差块中提取最不利的净负荷低估轨迹。,src\q2\scenarios.py:19#history_window;src\q2\shadows.py:95#choose_day,src\q2\test_dispatch.py:146#test_complete_origin_horizon_and_window_fallback,scenarios,True,True,processed/main/daily_audit;processed/main/calibration.csv,联合origin×horizon历史块及物理投影已测试；全年场景审计随主回放完成
Q2F-L0630-S1,630,2.5.3,sentence,同时利用过去滚动样本外预测计算 80% 和 90% 场景区间的经验覆盖率。,src\q2\scenarios.py:19#history_window;src\q2\shadows.py:95#choose_day,src\q2\test_dispatch.py:146#test_complete_origin_horizon_and_window_fallback,scenarios,True,True,processed/main/daily_audit;processed/main/calibration.csv,联合origin×horizon历史块及物理投影已测试；全年场景审计随主回放完成
Q2F-L0630-S2,630,2.5.3,sentence,若近期覆盖率持续低于名义水平，则判定当前局部场景存在 under-dispersion，不通过未来真实数据修正当天预测，而是启用下一节的历史尾部校准机制。,src\q2\scenarios.py:19#history_window;src\q2\shadows.py:95#choose_day,src\q2\test_dispatch.py:146#test_complete_origin_horizon_and_window_fallback,scenarios,True,True,processed/main/daily_audit;processed/main/calibration.csv,联合origin×horizon历史块及物理投影已测试；全年场景审计随主回放完成
Q2F-L0632-S1,632,2.5.3,sentence,若年初样本不足，则从短窗口逐步扩展到更长历史，避免在本已有限的数据上再过度切分。,src\q2\scenarios.py:19#history_window;src\q2\shadows.py:95#choose_day,src\q2\test_dispatch.py:146#test_complete_origin_horizon_and_window_fallback,scenarios,True,True,processed/main/daily_audit;processed/main/calibration.csv,联合origin×horizon历史块及物理投影已测试；全年场景审计随主回放完成
Q2F-L0632-S2,632,2.5.3,sentence,上述窗口选择、覆盖率统计与尾部提取均只使用第 \(d\) 日以前已经实现的信息，不利用未来月份残差反向确定历史日场景。,src\q2\scenarios.py:19#history_window;src\q2\shadows.py:95#choose_day,src\q2\test_dispatch.py:146#test_complete_origin_horizon_and_window_fallback,scenarios,True,True,processed/main/daily_audit;processed/main/calibration.csv,联合origin×horizon历史块及物理投影已测试；全年场景审计随主回放完成
Q2F-L0634-S1,634,2.5.4,markup,### 2.5.4 场景生成与物理投影,src\q2\scenarios.py:28#joint_blocks;src\q2\scenarios.py:132#construct,src\q2\test_dispatch.py:116#test_no_bootstrap_below_forty_and_physical_projection,scenarios,True,True,processed/main/daily_audit;processed/main/calibration.csv,联合origin×horizon历史块及物理投影已测试；全年场景审计随主回放完成
Q2F-L0636-S1,636,2.5.4,sentence,设第 \(d\) 日 0:00 已得到未来 \(K\) 日递推点预测,src\q2\scenarios.py:28#joint_blocks;src\q2\scenarios.py:132#construct,src\q2\test_dispatch.py:116#test_no_bootstrap_below_forty_and_physical_projection,scenarios,True,True,processed/main/daily_audit;processed/main/calibration.csv,联合origin×horizon历史块及物理投影已测试；全年场景审计随主回放完成
Q2F-L0638-S1,638,2.5.4,sentence,\[,src\q2\scenarios.py:28#joint_blocks;src\q2\scenarios.py:132#construct,src\q2\test_dispatch.py:116#test_no_bootstrap_below_forty_and_physical_projection,scenarios,True,True,processed/main/daily_audit;processed/main/calibration.csv,联合origin×horizon历史块及物理投影已测试；全年场景审计随主回放完成
Q2F-L0639-S1,639,2.5.4,sentence,"\hat L_{d+h\mid d,t},",src\q2\scenarios.py:28#joint_blocks;src\q2\scenarios.py:132#construct,src\q2\test_dispatch.py:116#test_no_bootstrap_below_forty_and_physical_projection,scenarios,True,True,processed/main/daily_audit;processed/main/calibration.csv,联合origin×horizon历史块及物理投影已测试；全年场景审计随主回放完成
Q2F-L0640-S1,640,2.5.4,sentence,\qquad,src\q2\scenarios.py:28#joint_blocks;src\q2\scenarios.py:132#construct,src\q2\test_dispatch.py:116#test_no_bootstrap_below_forty_and_physical_projection,scenarios,True,True,processed/main/daily_audit;processed/main/calibration.csv,联合origin×horizon历史块及物理投影已测试；全年场景审计随主回放完成
Q2F-L0641-S1,641,2.5.4,sentence,"\hat P_{d+h\mid d,t}^{PV},",src\q2\scenarios.py:28#joint_blocks;src\q2\scenarios.py:132#construct,src\q2\test_dispatch.py:116#test_no_bootstrap_below_forty_and_physical_projection,scenarios,True,True,processed/main/daily_audit;processed/main/calibration.csv,联合origin×horizon历史块及物理投影已测试；全年场景审计随主回放完成
Q2F-L0642-S1,642,2.5.4,sentence,\qquad,src\q2\scenarios.py:28#joint_blocks;src\q2\scenarios.py:132#construct,src\q2\test_dispatch.py:116#test_no_bootstrap_below_forty_and_physical_projection,scenarios,True,True,processed/main/daily_audit;processed/main/calibration.csv,联合origin×horizon历史块及物理投影已测试；全年场景审计随主回放完成
Q2F-L0643-S1,643,2.5.4,sentence,"h=0,\ldots,K-1.",src\q2\scenarios.py:28#joint_blocks;src\q2\scenarios.py:132#construct,src\q2\test_dispatch.py:116#test_no_bootstrap_below_forty_and_physical_projection,scenarios,True,True,processed/main/daily_audit;processed/main/calibration.csv,联合origin×horizon历史块及物理投影已测试；全年场景审计随主回放完成
Q2F-L0644-S1,644,2.5.4,sentence,\],src\q2\scenarios.py:28#joint_blocks;src\q2\scenarios.py:132#construct,src\q2\test_dispatch.py:116#test_no_bootstrap_below_forty_and_physical_projection,scenarios,True,True,processed/main/daily_audit;processed/main/calibration.csv,联合origin×horizon历史块及物理投影已测试；全年场景审计随主回放完成
Q2F-L0646-S1,646,2.5.4,sentence,设第 \(d\) 日在线选择的预测器为 \(m_d\)。,src\q2\scenarios.py:28#joint_blocks;src\q2\scenarios.py:132#construct,src\q2\test_dispatch.py:116#test_no_bootstrap_below_forty_and_physical_projection,scenarios,True,True,processed/main/daily_audit;processed/main/calibration.csv,联合origin×horizon历史块及物理投影已测试；全年场景审计随主回放完成
Q2F-L0646-S2,646,2.5.4,sentence,"从符合当前历史窗口条件、且与 \(m_d\) 一致的 \(\mathbf B_{j_s}^{(K,m_d)}\) 中抽取第 \(s\) 个误差块，则场景为",src\q2\scenarios.py:28#joint_blocks;src\q2\scenarios.py:132#construct,src\q2\test_dispatch.py:116#test_no_bootstrap_below_forty_and_physical_projection,scenarios,True,True,processed/main/daily_audit;processed/main/calibration.csv,联合origin×horizon历史块及物理投影已测试；全年场景审计随主回放完成
Q2F-L0648-S1,648,2.5.4,sentence,\[,src\q2\scenarios.py:28#joint_blocks;src\q2\scenarios.py:132#construct,src\q2\test_dispatch.py:116#test_no_bootstrap_below_forty_and_physical_projection,scenarios,True,True,processed/main/daily_audit;processed/main/calibration.csv,联合origin×horizon历史块及物理投影已测试；全年场景审计随主回放完成
Q2F-L0649-S1,649,2.5.4,sentence,"L_{d+h,t}^{(s)}",src\q2\scenarios.py:28#joint_blocks;src\q2\scenarios.py:132#construct,src\q2\test_dispatch.py:116#test_no_bootstrap_below_forty_and_physical_projection,scenarios,True,True,processed/main/daily_audit;processed/main/calibration.csv,联合origin×horizon历史块及物理投影已测试；全年场景审计随主回放完成
Q2F-L0650-S1,650,2.5.4,sentence,=,src\q2\scenarios.py:28#joint_blocks;src\q2\scenarios.py:132#construct,src\q2\test_dispatch.py:116#test_no_bootstrap_below_forty_and_physical_projection,scenarios,True,True,processed/main/daily_audit;processed/main/calibration.csv,联合origin×horizon历史块及物理投影已测试；全年场景审计随主回放完成
Q2F-L0651-S1,651,2.5.4,sentence,"\hat L_{d+h\mid d,t}^{(m_d)}",src\q2\scenarios.py:28#joint_blocks;src\q2\scenarios.py:132#construct,src\q2\test_dispatch.py:116#test_no_bootstrap_below_forty_and_physical_projection,scenarios,True,True,processed/main/daily_audit;processed/main/calibration.csv,联合origin×horizon历史块及物理投影已测试；全年场景审计随主回放完成
Q2F-L0652-S1,652,2.5.4,sentence,+,src\q2\scenarios.py:28#joint_blocks;src\q2\scenarios.py:132#construct,src\q2\test_dispatch.py:116#test_no_bootstrap_below_forty_and_physical_projection,scenarios,True,True,processed/main/daily_audit;processed/main/calibration.csv,联合origin×horizon历史块及物理投影已测试；全年场景审计随主回放完成
Q2F-L0653-S1,653,2.5.4,sentence,"e_{j_s,h,t}^{L,(m_d)},",src\q2\scenarios.py:28#joint_blocks;src\q2\scenarios.py:132#construct,src\q2\test_dispatch.py:116#test_no_bootstrap_below_forty_and_physical_projection,scenarios,True,True,processed/main/daily_audit;processed/main/calibration.csv,联合origin×horizon历史块及物理投影已测试；全年场景审计随主回放完成
Q2F-L0654-S1,654,2.5.4,sentence,\],src\q2\scenarios.py:28#joint_blocks;src\q2\scenarios.py:132#construct,src\q2\test_dispatch.py:116#test_no_bootstrap_below_forty_and_physical_projection,scenarios,True,True,processed/main/daily_audit;processed/main/calibration.csv,联合origin×horizon历史块及物理投影已测试；全年场景审计随主回放完成
Q2F-L0656-S1,656,2.5.4,sentence,\[,src\q2\scenarios.py:28#joint_blocks;src\q2\scenarios.py:132#construct,src\q2\test_dispatch.py:116#test_no_bootstrap_below_forty_and_physical_projection,scenarios,True,True,processed/main/daily_audit;processed/main/calibration.csv,联合origin×horizon历史块及物理投影已测试；全年场景审计随主回放完成
Q2F-L0657-S1,657,2.5.4,sentence,"P_{d+h,t}^{PV,(s)}",src\q2\scenarios.py:28#joint_blocks;src\q2\scenarios.py:132#construct,src\q2\test_dispatch.py:116#test_no_bootstrap_below_forty_and_physical_projection,scenarios,True,True,processed/main/daily_audit;processed/main/calibration.csv,联合origin×horizon历史块及物理投影已测试；全年场景审计随主回放完成
Q2F-L0658-S1,658,2.5.4,sentence,=,src\q2\scenarios.py:28#joint_blocks;src\q2\scenarios.py:132#construct,src\q2\test_dispatch.py:116#test_no_bootstrap_below_forty_and_physical_projection,scenarios,True,True,processed/main/daily_audit;processed/main/calibration.csv,联合origin×horizon历史块及物理投影已测试；全年场景审计随主回放完成
Q2F-L0659-S1,659,2.5.4,sentence,"\hat P_{d+h\mid d,t}^{PV,(m_d)}",src\q2\scenarios.py:28#joint_blocks;src\q2\scenarios.py:132#construct,src\q2\test_dispatch.py:116#test_no_bootstrap_below_forty_and_physical_projection,scenarios,True,True,processed/main/daily_audit;processed/main/calibration.csv,联合origin×horizon历史块及物理投影已测试；全年场景审计随主回放完成
Q2F-L0660-S1,660,2.5.4,sentence,+,src\q2\scenarios.py:28#joint_blocks;src\q2\scenarios.py:132#construct,src\q2\test_dispatch.py:116#test_no_bootstrap_below_forty_and_physical_projection,scenarios,True,True,processed/main/daily_audit;processed/main/calibration.csv,联合origin×horizon历史块及物理投影已测试；全年场景审计随主回放完成
Q2F-L0661-S1,661,2.5.4,sentence,"e_{j_s,h,t}^{PV,(m_d)}.",src\q2\scenarios.py:28#joint_blocks;src\q2\scenarios.py:132#construct,src\q2\test_dispatch.py:116#test_no_bootstrap_below_forty_and_physical_projection,scenarios,True,True,processed/main/daily_audit;processed/main/calibration.csv,联合origin×horizon历史块及物理投影已测试；全年场景审计随主回放完成
Q2F-L0662-S1,662,2.5.4,sentence,\],src\q2\scenarios.py:28#joint_blocks;src\q2\scenarios.py:132#construct,src\q2\test_dispatch.py:116#test_no_bootstrap_below_forty_and_physical_projection,scenarios,True,True,processed/main/daily_audit;processed/main/calibration.csv,联合origin×horizon历史块及物理投影已测试；全年场景审计随主回放完成
Q2F-L0664-S1,664,2.5.4,sentence,场景生成后进行物理投影,src\q2\scenarios.py:28#joint_blocks;src\q2\scenarios.py:132#construct,src\q2\test_dispatch.py:116#test_no_bootstrap_below_forty_and_physical_projection,scenarios,True,True,processed/main/daily_audit;processed/main/calibration.csv,联合origin×horizon历史块及物理投影已测试；全年场景审计随主回放完成
Q2F-L0666-S1,666,2.5.4,sentence,\[,src\q2\scenarios.py:28#joint_blocks;src\q2\scenarios.py:132#construct,src\q2\test_dispatch.py:116#test_no_bootstrap_below_forty_and_physical_projection,scenarios,True,True,processed/main/daily_audit;processed/main/calibration.csv,联合origin×horizon历史块及物理投影已测试；全年场景审计随主回放完成
Q2F-L0667-S1,667,2.5.4,sentence,"L_{d+h,t}^{(s)}\ge0,",src\q2\scenarios.py:28#joint_blocks;src\q2\scenarios.py:132#construct,src\q2\test_dispatch.py:116#test_no_bootstrap_below_forty_and_physical_projection,scenarios,True,True,processed/main/daily_audit;processed/main/calibration.csv,联合origin×horizon历史块及物理投影已测试；全年场景审计随主回放完成
Q2F-L0668-S1,668,2.5.4,sentence,\qquad,src\q2\scenarios.py:28#joint_blocks;src\q2\scenarios.py:132#construct,src\q2\test_dispatch.py:116#test_no_bootstrap_below_forty_and_physical_projection,scenarios,True,True,processed/main/daily_audit;processed/main/calibration.csv,联合origin×horizon历史块及物理投影已测试；全年场景审计随主回放完成
Q2F-L0669-S1,669,2.5.4,sentence,"P_{d+h,t}^{PV,(s)}\ge0.",src\q2\scenarios.py:28#joint_blocks;src\q2\scenarios.py:132#construct,src\q2\test_dispatch.py:116#test_no_bootstrap_below_forty_and_physical_projection,scenarios,True,True,processed/main/daily_audit;processed/main/calibration.csv,联合origin×horizon历史块及物理投影已测试；全年场景审计随主回放完成
Q2F-L0670-S1,670,2.5.4,sentence,\],src\q2\scenarios.py:28#joint_blocks;src\q2\scenarios.py:132#construct,src\q2\test_dispatch.py:116#test_no_bootstrap_below_forty_and_physical_projection,scenarios,True,True,processed/main/daily_audit;processed/main/calibration.csv,联合origin×horizon历史块及物理投影已测试；全年场景审计随主回放完成
Q2F-L0672-S1,672,2.5.4,sentence,若题目未给出光伏额定装机容量，则不使用“全年真实最大光伏功率”作为早期预测日上界，以避免未来信息泄漏。,src\q2\scenarios.py:28#joint_blocks;src\q2\scenarios.py:132#construct,src\q2\test_dispatch.py:116#test_no_bootstrap_below_forty_and_physical_projection,scenarios,True,True,processed/main/daily_audit;processed/main/calibration.csv,联合origin×horizon历史块及物理投影已测试；全年场景审计随主回放完成
Q2F-L0674-S1,674,2.5.4,sentence,进入调度模型前，将场景转换为 10 min 净负荷电量,src\q2\scenarios.py:28#joint_blocks;src\q2\scenarios.py:132#construct,src\q2\test_dispatch.py:116#test_no_bootstrap_below_forty_and_physical_projection,scenarios,True,True,processed/main/daily_audit;processed/main/calibration.csv,联合origin×horizon历史块及物理投影已测试；全年场景审计随主回放完成
Q2F-L0676-S1,676,2.5.4,sentence,\[,src\q2\scenarios.py:28#joint_blocks;src\q2\scenarios.py:132#construct,src\q2\test_dispatch.py:116#test_no_bootstrap_below_forty_and_physical_projection,scenarios,True,True,processed/main/daily_audit;processed/main/calibration.csv,联合origin×horizon历史块及物理投影已测试；全年场景审计随主回放完成
Q2F-L0677-S1,677,2.5.4,sentence,\boxed{,src\q2\scenarios.py:28#joint_blocks;src\q2\scenarios.py:132#construct,src\q2\test_dispatch.py:116#test_no_bootstrap_below_forty_and_physical_projection,scenarios,True,True,processed/main/daily_audit;processed/main/calibration.csv,联合origin×horizon历史块及物理投影已测试；全年场景审计随主回放完成
Q2F-L0678-S1,678,2.5.4,sentence,n_{\tau}^{(s)},src\q2\scenarios.py:28#joint_blocks;src\q2\scenarios.py:132#construct,src\q2\test_dispatch.py:116#test_no_bootstrap_below_forty_and_physical_projection,scenarios,True,True,processed/main/daily_audit;processed/main/calibration.csv,联合origin×horizon历史块及物理投影已测试；全年场景审计随主回放完成
Q2F-L0679-S1,679,2.5.4,sentence,=,src\q2\scenarios.py:28#joint_blocks;src\q2\scenarios.py:132#construct,src\q2\test_dispatch.py:116#test_no_bootstrap_below_forty_and_physical_projection,scenarios,True,True,processed/main/daily_audit;processed/main/calibration.csv,联合origin×horizon历史块及物理投影已测试；全年场景审计随主回放完成
Q2F-L0680-S1,680,2.5.4,sentence,\Delta t,src\q2\scenarios.py:28#joint_blocks;src\q2\scenarios.py:132#construct,src\q2\test_dispatch.py:116#test_no_bootstrap_below_forty_and_physical_projection,scenarios,True,True,processed/main/daily_audit;processed/main/calibration.csv,联合origin×horizon历史块及物理投影已测试；全年场景审计随主回放完成
Q2F-L0681-S1,681,2.5.4,sentence,\left(,src\q2\scenarios.py:28#joint_blocks;src\q2\scenarios.py:132#construct,src\q2\test_dispatch.py:116#test_no_bootstrap_below_forty_and_physical_projection,scenarios,True,True,processed/main/daily_audit;processed/main/calibration.csv,联合origin×horizon历史块及物理投影已测试；全年场景审计随主回放完成
Q2F-L0682-S1,682,2.5.4,sentence,"L_{\tau}^{(s)}-P_{\tau}^{PV,(s)}",src\q2\scenarios.py:28#joint_blocks;src\q2\scenarios.py:132#construct,src\q2\test_dispatch.py:116#test_no_bootstrap_below_forty_and_physical_projection,scenarios,True,True,processed/main/daily_audit;processed/main/calibration.csv,联合origin×horizon历史块及物理投影已测试；全年场景审计随主回放完成
Q2F-L0683-S1,683,2.5.4,sentence,"\right),",src\q2\scenarios.py:28#joint_blocks;src\q2\scenarios.py:132#construct,src\q2\test_dispatch.py:116#test_no_bootstrap_below_forty_and_physical_projection,scenarios,True,True,processed/main/daily_audit;processed/main/calibration.csv,联合origin×horizon历史块及物理投影已测试；全年场景审计随主回放完成
Q2F-L0684-S1,684,2.5.4,sentence,\qquad,src\q2\scenarios.py:28#joint_blocks;src\q2\scenarios.py:132#construct,src\q2\test_dispatch.py:116#test_no_bootstrap_below_forty_and_physical_projection,scenarios,True,True,processed/main/daily_audit;processed/main/calibration.csv,联合origin×horizon历史块及物理投影已测试；全年场景审计随主回放完成
Q2F-L0685-S1,685,2.5.4,sentence,"\tau=1,\ldots,T=144K.",src\q2\scenarios.py:28#joint_blocks;src\q2\scenarios.py:132#construct,src\q2\test_dispatch.py:116#test_no_bootstrap_below_forty_and_physical_projection,scenarios,True,True,processed/main/daily_audit;processed/main/calibration.csv,联合origin×horizon历史块及物理投影已测试；全年场景审计随主回放完成
Q2F-L0686-S1,686,2.5.4,sentence,},src\q2\scenarios.py:28#joint_blocks;src\q2\scenarios.py:132#construct,src\q2\test_dispatch.py:116#test_no_bootstrap_below_forty_and_physical_projection,scenarios,True,True,processed/main/daily_audit;processed/main/calibration.csv,联合origin×horizon历史块及物理投影已测试；全年场景审计随主回放完成
Q2F-L0687-S1,687,2.5.4,sentence,\],src\q2\scenarios.py:28#joint_blocks;src\q2\scenarios.py:132#construct,src\q2\test_dispatch.py:116#test_no_bootstrap_below_forty_and_physical_projection,scenarios,True,True,processed/main/daily_audit;processed/main/calibration.csv,联合origin×horizon历史块及物理投影已测试；全年场景审计随主回放完成
Q2F-L0689-S1,689,2.5.4,sentence,这里 \(n_\tau^{(s)}\) 允许为负；,src\q2\scenarios.py:28#joint_blocks;src\q2\scenarios.py:132#construct,src\q2\test_dispatch.py:116#test_no_bootstrap_below_forty_and_physical_projection,scenarios,True,True,processed/main/daily_audit;processed/main/calibration.csv,联合origin×horizon历史块及物理投影已测试；全年场景审计随主回放完成
Q2F-L0689-S2,689,2.5.4,sentence,负值表示该时段光伏发电超过负荷，剩余光伏可以用于储能充电，仍无法利用的部分才进入未利用电量。,src\q2\scenarios.py:28#joint_blocks;src\q2\scenarios.py:132#construct,src\q2\test_dispatch.py:116#test_no_bootstrap_below_forty_and_physical_projection,scenarios,True,True,processed/main/daily_audit;processed/main/calibration.csv,联合origin×horizon历史块及物理投影已测试；全年场景审计随主回放完成
Q2F-L0691-S1,691,2.5.5,markup,### 2.5.5 单侧尾部校准与压力场景增强,src\q2\scenarios.py:44#cumulative_pressure;src\q2\scenarios.py:132#construct;src\q2\rolling.py:103#select_resolution,src\q2\test_dispatch.py:102#test_tail_strata_preserve_count_origins_and_probability_mass;src\q2\test_dispatch.py:139#test_tail_stratification_does_not_increase_reduced_scenario_count,scenarios,True,True,processed/main/daily_audit;processed/main/calibration.csv,联合origin×horizon历史块及物理投影已测试；全年场景审计随主回放完成
Q2F-L0693-S1,693,2.5.5,sentence,题目的紧急购电价格为正常电价的 5 倍，因此“实际净负荷高于预测”的误差方向具有更高经济代价。,src\q2\scenarios.py:44#cumulative_pressure;src\q2\scenarios.py:132#construct;src\q2\rolling.py:103#select_resolution,src\q2\test_dispatch.py:102#test_tail_strata_preserve_count_origins_and_probability_mass;src\q2\test_dispatch.py:139#test_tail_stratification_does_not_increase_reduced_scenario_count,scenarios,True,True,processed/main/daily_audit;processed/main/calibration.csv,联合origin×horizon历史块及物理投影已测试；全年场景审计随主回放完成
Q2F-L0693-S2,693,2.5.5,sentence,定义 10 min 净负荷电量预测误差,src\q2\scenarios.py:44#cumulative_pressure;src\q2\scenarios.py:132#construct;src\q2\rolling.py:103#select_resolution,src\q2\test_dispatch.py:102#test_tail_strata_preserve_count_origins_and_probability_mass;src\q2\test_dispatch.py:139#test_tail_stratification_does_not_increase_reduced_scenario_count,scenarios,True,True,processed/main/daily_audit;processed/main/calibration.csv,联合origin×horizon历史块及物理投影已测试；全年场景审计随主回放完成
Q2F-L0695-S1,695,2.5.5,sentence,\[,src\q2\scenarios.py:44#cumulative_pressure;src\q2\scenarios.py:132#construct;src\q2\rolling.py:103#select_resolution,src\q2\test_dispatch.py:102#test_tail_strata_preserve_count_origins_and_probability_mass;src\q2\test_dispatch.py:139#test_tail_stratification_does_not_increase_reduced_scenario_count,scenarios,True,True,processed/main/daily_audit;processed/main/calibration.csv,联合origin×horizon历史块及物理投影已测试；全年场景审计随主回放完成
Q2F-L0696-S1,696,2.5.5,sentence,\boxed{,src\q2\scenarios.py:44#cumulative_pressure;src\q2\scenarios.py:132#construct;src\q2\rolling.py:103#select_resolution,src\q2\test_dispatch.py:102#test_tail_strata_preserve_count_origins_and_probability_mass;src\q2\test_dispatch.py:139#test_tail_stratification_does_not_increase_reduced_scenario_count,scenarios,True,True,processed/main/daily_audit;processed/main/calibration.csv,联合origin×horizon历史块及物理投影已测试；全年场景审计随主回放完成
Q2F-L0697-S1,697,2.5.5,sentence,"e_{j,h,t}^{N}",src\q2\scenarios.py:44#cumulative_pressure;src\q2\scenarios.py:132#construct;src\q2\rolling.py:103#select_resolution,src\q2\test_dispatch.py:102#test_tail_strata_preserve_count_origins_and_probability_mass;src\q2\test_dispatch.py:139#test_tail_stratification_does_not_increase_reduced_scenario_count,scenarios,True,True,processed/main/daily_audit;processed/main/calibration.csv,联合origin×horizon历史块及物理投影已测试；全年场景审计随主回放完成
Q2F-L0698-S1,698,2.5.5,sentence,=,src\q2\scenarios.py:44#cumulative_pressure;src\q2\scenarios.py:132#construct;src\q2\rolling.py:103#select_resolution,src\q2\test_dispatch.py:102#test_tail_strata_preserve_count_origins_and_probability_mass;src\q2\test_dispatch.py:139#test_tail_stratification_does_not_increase_reduced_scenario_count,scenarios,True,True,processed/main/daily_audit;processed/main/calibration.csv,联合origin×horizon历史块及物理投影已测试；全年场景审计随主回放完成
Q2F-L0699-S1,699,2.5.5,sentence,\Delta t,src\q2\scenarios.py:44#cumulative_pressure;src\q2\scenarios.py:132#construct;src\q2\rolling.py:103#select_resolution,src\q2\test_dispatch.py:102#test_tail_strata_preserve_count_origins_and_probability_mass;src\q2\test_dispatch.py:139#test_tail_stratification_does_not_increase_reduced_scenario_count,scenarios,True,True,processed/main/daily_audit;processed/main/calibration.csv,联合origin×horizon历史块及物理投影已测试；全年场景审计随主回放完成
Q2F-L0700-S1,700,2.5.5,sentence,\left[,src\q2\scenarios.py:44#cumulative_pressure;src\q2\scenarios.py:132#construct;src\q2\rolling.py:103#select_resolution,src\q2\test_dispatch.py:102#test_tail_strata_preserve_count_origins_and_probability_mass;src\q2\test_dispatch.py:139#test_tail_stratification_does_not_increase_reduced_scenario_count,scenarios,True,True,processed/main/daily_audit;processed/main/calibration.csv,联合origin×horizon历史块及物理投影已测试；全年场景审计随主回放完成
Q2F-L0701-S1,701,2.5.5,sentence,"\left(L_{j+h,t}-P_{j+h,t}^{PV}\right)",src\q2\scenarios.py:44#cumulative_pressure;src\q2\scenarios.py:132#construct;src\q2\rolling.py:103#select_resolution,src\q2\test_dispatch.py:102#test_tail_strata_preserve_count_origins_and_probability_mass;src\q2\test_dispatch.py:139#test_tail_stratification_does_not_increase_reduced_scenario_count,scenarios,True,True,processed/main/daily_audit;processed/main/calibration.csv,联合origin×horizon历史块及物理投影已测试；全年场景审计随主回放完成
Q2F-L0702-S1,702,2.5.5,sentence,-,src\q2\scenarios.py:44#cumulative_pressure;src\q2\scenarios.py:132#construct;src\q2\rolling.py:103#select_resolution,src\q2\test_dispatch.py:102#test_tail_strata_preserve_count_origins_and_probability_mass;src\q2\test_dispatch.py:139#test_tail_stratification_does_not_increase_reduced_scenario_count,scenarios,True,True,processed/main/daily_audit;processed/main/calibration.csv,联合origin×horizon历史块及物理投影已测试；全年场景审计随主回放完成
Q2F-L0703-S1,703,2.5.5,sentence,"\left(\hat L_{j+h\mid j,t}-\hat P_{j+h\mid j,t}^{PV}\right)",src\q2\scenarios.py:44#cumulative_pressure;src\q2\scenarios.py:132#construct;src\q2\rolling.py:103#select_resolution,src\q2\test_dispatch.py:102#test_tail_strata_preserve_count_origins_and_probability_mass;src\q2\test_dispatch.py:139#test_tail_stratification_does_not_increase_reduced_scenario_count,scenarios,True,True,processed/main/daily_audit;processed/main/calibration.csv,联合origin×horizon历史块及物理投影已测试；全年场景审计随主回放完成
Q2F-L0704-S1,704,2.5.5,sentence,\right].,src\q2\scenarios.py:44#cumulative_pressure;src\q2\scenarios.py:132#construct;src\q2\rolling.py:103#select_resolution,src\q2\test_dispatch.py:102#test_tail_strata_preserve_count_origins_and_probability_mass;src\q2\test_dispatch.py:139#test_tail_stratification_does_not_increase_reduced_scenario_count,scenarios,True,True,processed/main/daily_audit;processed/main/calibration.csv,联合origin×horizon历史块及物理投影已测试；全年场景审计随主回放完成
Q2F-L0705-S1,705,2.5.5,sentence,},src\q2\scenarios.py:44#cumulative_pressure;src\q2\scenarios.py:132#construct;src\q2\rolling.py:103#select_resolution,src\q2\test_dispatch.py:102#test_tail_strata_preserve_count_origins_and_probability_mass;src\q2\test_dispatch.py:139#test_tail_stratification_does_not_increase_reduced_scenario_count,scenarios,True,True,processed/main/daily_audit;processed/main/calibration.csv,联合origin×horizon历史块及物理投影已测试；全年场景审计随主回放完成
Q2F-L0706-S1,706,2.5.5,sentence,\],src\q2\scenarios.py:44#cumulative_pressure;src\q2\scenarios.py:132#construct;src\q2\rolling.py:103#select_resolution,src\q2\test_dispatch.py:102#test_tail_strata_preserve_count_origins_and_probability_mass;src\q2\test_dispatch.py:139#test_tail_stratification_does_not_increase_reduced_scenario_count,scenarios,True,True,processed/main/daily_audit;processed/main/calibration.csv,联合origin×horizon历史块及物理投影已测试；全年场景审计随主回放完成
Q2F-L0708-S1,708,2.5.5,sentence,"其中 \(e_{j,h,t}^{N}>0\) 表示日前模型低估了实际净负荷。",src\q2\scenarios.py:44#cumulative_pressure;src\q2\scenarios.py:132#construct;src\q2\rolling.py:103#select_resolution,src\q2\test_dispatch.py:102#test_tail_strata_preserve_count_origins_and_probability_mass;src\q2\test_dispatch.py:139#test_tail_stratification_does_not_increase_reduced_scenario_count,scenarios,True,True,processed/main/daily_audit;processed/main/calibration.csv,联合origin×horizon历史块及物理投影已测试；全年场景审计随主回放完成
Q2F-L0708-S2,708,2.5.5,sentence,考虑储能的跨时段能量耦合，对每个历史联合误差块定义累计压力得分,src\q2\scenarios.py:44#cumulative_pressure;src\q2\scenarios.py:132#construct;src\q2\rolling.py:103#select_resolution,src\q2\test_dispatch.py:102#test_tail_strata_preserve_count_origins_and_probability_mass;src\q2\test_dispatch.py:139#test_tail_stratification_does_not_increase_reduced_scenario_count,scenarios,True,True,processed/main/daily_audit;processed/main/calibration.csv,联合origin×horizon历史块及物理投影已测试；全年场景审计随主回放完成
Q2F-L0710-S1,710,2.5.5,sentence,\[,src\q2\scenarios.py:44#cumulative_pressure;src\q2\scenarios.py:132#construct;src\q2\rolling.py:103#select_resolution,src\q2\test_dispatch.py:102#test_tail_strata_preserve_count_origins_and_probability_mass;src\q2\test_dispatch.py:139#test_tail_stratification_does_not_increase_reduced_scenario_count,scenarios,True,True,processed/main/daily_audit;processed/main/calibration.csv,联合origin×horizon历史块及物理投影已测试；全年场景审计随主回放完成
Q2F-L0711-S1,711,2.5.5,sentence,\boxed{,src\q2\scenarios.py:44#cumulative_pressure;src\q2\scenarios.py:132#construct;src\q2\rolling.py:103#select_resolution,src\q2\test_dispatch.py:102#test_tail_strata_preserve_count_origins_and_probability_mass;src\q2\test_dispatch.py:139#test_tail_stratification_does_not_increase_reduced_scenario_count,scenarios,True,True,processed/main/daily_audit;processed/main/calibration.csv,联合origin×horizon历史块及物理投影已测试；全年场景审计随主回放完成
Q2F-L0712-S1,712,2.5.5,sentence,S_j,src\q2\scenarios.py:44#cumulative_pressure;src\q2\scenarios.py:132#construct;src\q2\rolling.py:103#select_resolution,src\q2\test_dispatch.py:102#test_tail_strata_preserve_count_origins_and_probability_mass;src\q2\test_dispatch.py:139#test_tail_stratification_does_not_increase_reduced_scenario_count,scenarios,True,True,processed/main/daily_audit;processed/main/calibration.csv,联合origin×horizon历史块及物理投影已测试；全年场景审计随主回放完成
Q2F-L0713-S1,713,2.5.5,sentence,=,src\q2\scenarios.py:44#cumulative_pressure;src\q2\scenarios.py:132#construct;src\q2\rolling.py:103#select_resolution,src\q2\test_dispatch.py:102#test_tail_strata_preserve_count_origins_and_probability_mass;src\q2\test_dispatch.py:139#test_tail_stratification_does_not_increase_reduced_scenario_count,scenarios,True,True,processed/main/daily_audit;processed/main/calibration.csv,联合origin×horizon历史块及物理投影已测试；全年场景审计随主回放完成
Q2F-L0714-S1,714,2.5.5,sentence,\max_{1\le k\le 144K},src\q2\scenarios.py:44#cumulative_pressure;src\q2\scenarios.py:132#construct;src\q2\rolling.py:103#select_resolution,src\q2\test_dispatch.py:102#test_tail_strata_preserve_count_origins_and_probability_mass;src\q2\test_dispatch.py:139#test_tail_stratification_does_not_increase_reduced_scenario_count,scenarios,True,True,processed/main/daily_audit;processed/main/calibration.csv,联合origin×horizon历史块及物理投影已测试；全年场景审计随主回放完成
Q2F-L0715-S1,715,2.5.5,sentence,\left[,src\q2\scenarios.py:44#cumulative_pressure;src\q2\scenarios.py:132#construct;src\q2\rolling.py:103#select_resolution,src\q2\test_dispatch.py:102#test_tail_strata_preserve_count_origins_and_probability_mass;src\q2\test_dispatch.py:139#test_tail_stratification_does_not_increase_reduced_scenario_count,scenarios,True,True,processed/main/daily_audit;processed/main/calibration.csv,联合origin×horizon历史块及物理投影已测试；全年场景审计随主回放完成
Q2F-L0716-S1,716,2.5.5,sentence,"\sum_{u=1}^{k}e_{j,u}^{N}",src\q2\scenarios.py:44#cumulative_pressure;src\q2\scenarios.py:132#construct;src\q2\rolling.py:103#select_resolution,src\q2\test_dispatch.py:102#test_tail_strata_preserve_count_origins_and_probability_mass;src\q2\test_dispatch.py:139#test_tail_stratification_does_not_increase_reduced_scenario_count,scenarios,True,True,processed/main/daily_audit;processed/main/calibration.csv,联合origin×horizon历史块及物理投影已测试；全年场景审计随主回放完成
Q2F-L0717-S1,717,2.5.5,sentence,\right]_+ .,src\q2\scenarios.py:44#cumulative_pressure;src\q2\scenarios.py:132#construct;src\q2\rolling.py:103#select_resolution,src\q2\test_dispatch.py:102#test_tail_strata_preserve_count_origins_and_probability_mass;src\q2\test_dispatch.py:139#test_tail_stratification_does_not_increase_reduced_scenario_count,scenarios,True,True,processed/main/daily_audit;processed/main/calibration.csv,联合origin×horizon历史块及物理投影已测试；全年场景审计随主回放完成
Q2F-L0718-S1,718,2.5.5,sentence,},src\q2\scenarios.py:44#cumulative_pressure;src\q2\scenarios.py:132#construct;src\q2\rolling.py:103#select_resolution,src\q2\test_dispatch.py:102#test_tail_strata_preserve_count_origins_and_probability_mass;src\q2\test_dispatch.py:139#test_tail_stratification_does_not_increase_reduced_scenario_count,scenarios,True,True,processed/main/daily_audit;processed/main/calibration.csv,联合origin×horizon历史块及物理投影已测试；全年场景审计随主回放完成
Q2F-L0719-S1,719,2.5.5,sentence,\],src\q2\scenarios.py:44#cumulative_pressure;src\q2\scenarios.py:132#construct;src\q2\rolling.py:103#select_resolution,src\q2\test_dispatch.py:102#test_tail_strata_preserve_count_origins_and_probability_mass;src\q2\test_dispatch.py:139#test_tail_stratification_does_not_increase_reduced_scenario_count,scenarios,True,True,processed/main/daily_audit;processed/main/calibration.csv,联合origin×horizon历史块及物理投影已测试；全年场景审计随主回放完成
Q2F-L0721-S1,721,2.5.5,sentence,该指标衡量连续净负荷低估对储能 SOC 造成的最大累计压力，比单点最大误差更符合储能系统的运行机理。,src\q2\scenarios.py:44#cumulative_pressure;src\q2\scenarios.py:132#construct;src\q2\rolling.py:103#select_resolution,src\q2\test_dispatch.py:102#test_tail_strata_preserve_count_origins_and_probability_mass;src\q2\test_dispatch.py:139#test_tail_stratification_does_not_increase_reduced_scenario_count,scenarios,True,True,processed/main/daily_audit;processed/main/calibration.csv,联合origin×horizon历史块及物理投影已测试；全年场景审计随主回放完成
Q2F-L0723-S1,723,2.5.5,sentence,在第 \(d\) 日 0:00，将全部可用且与当前预测流程一致的历史误差块按 \(S_j\) 排序，取压力得分最高的 20% 作为尾部层，其余作为主体层。,src\q2\scenarios.py:44#cumulative_pressure;src\q2\scenarios.py:132#construct;src\q2\rolling.py:103#select_resolution,src\q2\test_dispatch.py:102#test_tail_strata_preserve_count_origins_and_probability_mass;src\q2\test_dispatch.py:139#test_tail_stratification_does_not_increase_reduced_scenario_count,scenarios,True,True,processed/main/daily_audit;processed/main/calibration.csv,联合origin×horizon历史块及物理投影已测试；全年场景审计随主回放完成
Q2F-L0723-S2,723,2.5.5,sentence,保持总场景数 \(S\) 不变，采用分层抽样：,src\q2\scenarios.py:44#cumulative_pressure;src\q2\scenarios.py:132#construct;src\q2\rolling.py:103#select_resolution,src\q2\test_dispatch.py:102#test_tail_strata_preserve_count_origins_and_probability_mass;src\q2\test_dispatch.py:139#test_tail_stratification_does_not_increase_reduced_scenario_count,scenarios,True,True,processed/main/daily_audit;processed/main/calibration.csv,联合origin×horizon历史块及物理投影已测试；全年场景审计随主回放完成
Q2F-L0725-S1,725,2.5.5,sentence,\[,src\q2\scenarios.py:44#cumulative_pressure;src\q2\scenarios.py:132#construct;src\q2\rolling.py:103#select_resolution,src\q2\test_dispatch.py:102#test_tail_strata_preserve_count_origins_and_probability_mass;src\q2\test_dispatch.py:139#test_tail_stratification_does_not_increase_reduced_scenario_count,scenarios,True,True,processed/main/daily_audit;processed/main/calibration.csv,联合origin×horizon历史块及物理投影已测试；全年场景审计随主回放完成
Q2F-L0726-S1,726,2.5.5,sentence,"S_{\mathrm{tail}}=\max\{1,\operatorname{round}(0.2S)\},",src\q2\scenarios.py:44#cumulative_pressure;src\q2\scenarios.py:132#construct;src\q2\rolling.py:103#select_resolution,src\q2\test_dispatch.py:102#test_tail_strata_preserve_count_origins_and_probability_mass;src\q2\test_dispatch.py:139#test_tail_stratification_does_not_increase_reduced_scenario_count,scenarios,True,True,processed/main/daily_audit;processed/main/calibration.csv,联合origin×horizon历史块及物理投影已测试；全年场景审计随主回放完成
Q2F-L0727-S1,727,2.5.5,sentence,\qquad,src\q2\scenarios.py:44#cumulative_pressure;src\q2\scenarios.py:132#construct;src\q2\rolling.py:103#select_resolution,src\q2\test_dispatch.py:102#test_tail_strata_preserve_count_origins_and_probability_mass;src\q2\test_dispatch.py:139#test_tail_stratification_does_not_increase_reduced_scenario_count,scenarios,True,True,processed/main/daily_audit;processed/main/calibration.csv,联合origin×horizon历史块及物理投影已测试；全年场景审计随主回放完成
Q2F-L0728-S1,728,2.5.5,sentence,S_{\mathrm{body}}=S-S_{\mathrm{tail}}.,src\q2\scenarios.py:44#cumulative_pressure;src\q2\scenarios.py:132#construct;src\q2\rolling.py:103#select_resolution,src\q2\test_dispatch.py:102#test_tail_strata_preserve_count_origins_and_probability_mass;src\q2\test_dispatch.py:139#test_tail_stratification_does_not_increase_reduced_scenario_count,scenarios,True,True,processed/main/daily_audit;processed/main/calibration.csv,联合origin×horizon历史块及物理投影已测试；全年场景审计随主回放完成
Q2F-L0729-S1,729,2.5.5,sentence,\],src\q2\scenarios.py:44#cumulative_pressure;src\q2\scenarios.py:132#construct;src\q2\rolling.py:103#select_resolution,src\q2\test_dispatch.py:102#test_tail_strata_preserve_count_origins_and_probability_mass;src\q2\test_dispatch.py:139#test_tail_stratification_does_not_increase_reduced_scenario_count,scenarios,True,True,processed/main/daily_audit;processed/main/calibration.csv,联合origin×horizon历史块及物理投影已测试；全年场景审计随主回放完成
Q2F-L0731-S1,731,2.5.5,sentence,主体场景优先从近期历史窗口抽取；,src\q2\scenarios.py:44#cumulative_pressure;src\q2\scenarios.py:132#construct;src\q2\rolling.py:103#select_resolution,src\q2\test_dispatch.py:102#test_tail_strata_preserve_count_origins_and_probability_mass;src\q2\test_dispatch.py:139#test_tail_stratification_does_not_increase_reduced_scenario_count,scenarios,True,True,processed/main/daily_audit;processed/main/calibration.csv,联合origin×horizon历史块及物理投影已测试；全年场景审计随主回放完成
Q2F-L0731-S2,731,2.5.5,sentence,尾部场景从截至当前已经实现的历史尾部层抽取。,src\q2\scenarios.py:44#cumulative_pressure;src\q2\scenarios.py:132#construct;src\q2\rolling.py:103#select_resolution,src\q2\test_dispatch.py:102#test_tail_strata_preserve_count_origins_and_probability_mass;src\q2\test_dispatch.py:139#test_tail_stratification_does_not_increase_reduced_scenario_count,scenarios,True,True,processed/main/daily_audit;processed/main/calibration.csv,联合origin×horizon历史块及物理投影已测试；全年场景审计随主回放完成
Q2F-L0731-S3,731,2.5.5,sentence,若采用等概率经验分布，则主体层和尾部层分别保持约 80% 与 20% 的历史概率质量，并在各层内部均分该层概率。,src\q2\scenarios.py:44#cumulative_pressure;src\q2\scenarios.py:132#construct;src\q2\rolling.py:103#select_resolution,src\q2\test_dispatch.py:102#test_tail_strata_preserve_count_origins_and_probability_mass;src\q2\test_dispatch.py:139#test_tail_stratification_does_not_increase_reduced_scenario_count,scenarios,True,True,processed/main/daily_audit;processed/main/calibration.csv,联合origin×horizon历史块及物理投影已测试；全年场景审计随主回放完成
Q2F-L0731-S4,731,2.5.5,sentence,这样既不人为提高紧急购电惩罚，也不增加场景总数，只保证有限场景集中稳定保留已经观察到的不利净负荷轨迹。,src\q2\scenarios.py:44#cumulative_pressure;src\q2\scenarios.py:132#construct;src\q2\rolling.py:103#select_resolution,src\q2\test_dispatch.py:102#test_tail_strata_preserve_count_origins_and_probability_mass;src\q2\test_dispatch.py:139#test_tail_stratification_does_not_increase_reduced_scenario_count,scenarios,True,True,processed/main/daily_audit;processed/main/calibration.csv,联合origin×horizon历史块及物理投影已测试；全年场景审计随主回放完成
Q2F-L0733-S1,733,2.5.5,sentence,当历史样本过少时，尾部层至少保留 1 个可用压力块；,src\q2\scenarios.py:44#cumulative_pressure;src\q2\scenarios.py:132#construct;src\q2\rolling.py:103#select_resolution,src\q2\test_dispatch.py:102#test_tail_strata_preserve_count_origins_and_probability_mass;src\q2\test_dispatch.py:139#test_tail_stratification_does_not_increase_reduced_scenario_count,scenarios,True,True,processed/main/daily_audit;processed/main/calibration.csv,联合origin×horizon历史块及物理投影已测试；全年场景审计随主回放完成
Q2F-L0733-S2,733,2.5.5,sentence,所有抽样和排序均严格使用第 \(d\) 日以前的数据，不利用当天及未来真实数据。,src\q2\scenarios.py:44#cumulative_pressure;src\q2\scenarios.py:132#construct;src\q2\rolling.py:103#select_resolution,src\q2\test_dispatch.py:102#test_tail_strata_preserve_count_origins_and_probability_mass;src\q2\test_dispatch.py:139#test_tail_stratification_does_not_increase_reduced_scenario_count,scenarios,True,True,processed/main/daily_audit;processed/main/calibration.csv,联合origin×horizon历史块及物理投影已测试；全年场景审计随主回放完成
Q2F-L0735-S1,735,2.5.6,markup,### 2.5.6 场景概率与场景缩减,src\q2\scenarios.py:132#construct;src\q2\scenarios.py:68#weighted_quantile,src\q2\test_dispatch.py:102#test_tail_strata_preserve_count_origins_and_probability_mass;src\q2\test_dispatch.py:126#test_weighted_quantile_uses_discrete_probability,scenarios,True,True,processed/main/daily_audit;processed/main/calibration.csv,联合origin×horizon历史块及物理投影已测试；全年场景审计随主回放完成
Q2F-L0737-S1,737,2.5.6,sentence,若直接使用 \(S\) 个等权历史/重采样场景，则,src\q2\scenarios.py:132#construct;src\q2\scenarios.py:68#weighted_quantile,src\q2\test_dispatch.py:102#test_tail_strata_preserve_count_origins_and_probability_mass;src\q2\test_dispatch.py:126#test_weighted_quantile_uses_discrete_probability,scenarios,True,True,processed/main/daily_audit;processed/main/calibration.csv,联合origin×horizon历史块及物理投影已测试；全年场景审计随主回放完成
Q2F-L0739-S1,739,2.5.6,sentence,\[,src\q2\scenarios.py:132#construct;src\q2\scenarios.py:68#weighted_quantile,src\q2\test_dispatch.py:102#test_tail_strata_preserve_count_origins_and_probability_mass;src\q2\test_dispatch.py:126#test_weighted_quantile_uses_discrete_probability,scenarios,True,True,processed/main/daily_audit;processed/main/calibration.csv,联合origin×horizon历史块及物理投影已测试；全年场景审计随主回放完成
Q2F-L0740-S1,740,2.5.6,sentence,"\pi_s=\frac1S,",src\q2\scenarios.py:132#construct;src\q2\scenarios.py:68#weighted_quantile,src\q2\test_dispatch.py:102#test_tail_strata_preserve_count_origins_and_probability_mass;src\q2\test_dispatch.py:126#test_weighted_quantile_uses_discrete_probability,scenarios,True,True,processed/main/daily_audit;processed/main/calibration.csv,联合origin×horizon历史块及物理投影已测试；全年场景审计随主回放完成
Q2F-L0741-S1,741,2.5.6,sentence,\qquad,src\q2\scenarios.py:132#construct;src\q2\scenarios.py:68#weighted_quantile,src\q2\test_dispatch.py:102#test_tail_strata_preserve_count_origins_and_probability_mass;src\q2\test_dispatch.py:126#test_weighted_quantile_uses_discrete_probability,scenarios,True,True,processed/main/daily_audit;processed/main/calibration.csv,联合origin×horizon历史块及物理投影已测试；全年场景审计随主回放完成
Q2F-L0742-S1,742,2.5.6,sentence,\sum_{s=1}^{S}\pi_s=1.,src\q2\scenarios.py:132#construct;src\q2\scenarios.py:68#weighted_quantile,src\q2\test_dispatch.py:102#test_tail_strata_preserve_count_origins_and_probability_mass;src\q2\test_dispatch.py:126#test_weighted_quantile_uses_discrete_probability,scenarios,True,True,processed/main/daily_audit;processed/main/calibration.csv,联合origin×horizon历史块及物理投影已测试；全年场景审计随主回放完成
Q2F-L0743-S1,743,2.5.6,sentence,\],src\q2\scenarios.py:132#construct;src\q2\scenarios.py:68#weighted_quantile,src\q2\test_dispatch.py:102#test_tail_strata_preserve_count_origins_and_probability_mass;src\q2\test_dispatch.py:126#test_weighted_quantile_uses_discrete_probability,scenarios,True,True,processed/main/daily_audit;processed/main/calibration.csv,联合origin×horizon历史块及物理投影已测试；全年场景审计随主回放完成
Q2F-L0745-S1,745,2.5.6,sentence,若为控制计算规模采用聚类场景缩减，则代表场景概率必须汇总被归并场景的概率质量，而不能继续简单等权。,src\q2\scenarios.py:132#construct;src\q2\scenarios.py:68#weighted_quantile,src\q2\test_dispatch.py:102#test_tail_strata_preserve_count_origins_and_probability_mass;src\q2\test_dispatch.py:126#test_weighted_quantile_uses_discrete_probability,scenarios,True,True,processed/main/daily_audit;processed/main/calibration.csv,联合origin×horizon历史块及物理投影已测试；全年场景审计随主回放完成
Q2F-L0745-S2,745,2.5.6,sentence,场景缩减只属于计算技术，不作为本问核心创新。,src\q2\scenarios.py:132#construct;src\q2\scenarios.py:68#weighted_quantile,src\q2\test_dispatch.py:102#test_tail_strata_preserve_count_origins_and_probability_mass;src\q2\test_dispatch.py:126#test_weighted_quantile_uses_discrete_probability,scenarios,True,True,processed/main/daily_audit;processed/main/calibration.csv,联合origin×horizon历史块及物理投影已测试；全年场景审计随主回放完成
Q2F-L0747-S1,747,2.5.6,sentence,本文不采用“逐时独立高斯噪声 + 大规模蒙特卡洛”作为主场景方法，因为 horizon-specific 的整块历史误差更能保留非正态、异方差、日内连续性、跨日持续性以及负荷—光伏联合关系。,src\q2\scenarios.py:132#construct;src\q2\scenarios.py:68#weighted_quantile,src\q2\test_dispatch.py:102#test_tail_strata_preserve_count_origins_and_probability_mass;src\q2\test_dispatch.py:126#test_weighted_quantile_uses_discrete_probability,scenarios,True,True,processed/main/daily_audit;processed/main/calibration.csv,联合origin×horizon历史块及物理投影已测试；全年场景审计随主回放完成
Q2F-L0749-S1,749,2.5.6,markup,---,src\q2\scenarios.py:132#construct;src\q2\scenarios.py:68#weighted_quantile,src\q2\test_dispatch.py:102#test_tail_strata_preserve_count_origins_and_probability_mass;src\q2\test_dispatch.py:126#test_weighted_quantile_uses_discrete_probability,scenarios,True,True,processed/main/daily_audit;processed/main/calibration.csv,联合origin×horizon历史块及物理投影已测试；全年场景审计随主回放完成
Q2F-L0751-S1,751,2.6,markup,## 2.6 5 倍紧急购电机制与 80% 临界分位结构,src\q2\forecast.py:114#economic_metrics;src\q2\scenarios.py:68#weighted_quantile;src\q2\experiments.py:154#no_storage_quantile,src\q2\test_dispatch.py:71#test_no_storage_optimizer_is_eighty_percent_quantile;src\q2\test_dispatch.py:126#test_weighted_quantile_uses_discrete_probability,quantile,True,True,raw/test_manifest.json,80%临界分位由5倍紧急购电解析推导及单元测试验收；取消额外全年实验
Q2F-L0753-S1,753,2.6,sentence,为了揭示题目价格规则本身隐含的最优决策结构，先暂时忽略储能跨时段耦合。,src\q2\forecast.py:114#economic_metrics;src\q2\scenarios.py:68#weighted_quantile;src\q2\experiments.py:154#no_storage_quantile,src\q2\test_dispatch.py:71#test_no_storage_optimizer_is_eighty_percent_quantile;src\q2\test_dispatch.py:126#test_weighted_quantile_uses_discrete_probability,quantile,True,True,raw/test_manifest.json,80%临界分位由5倍紧急购电解析推导及单元测试验收；取消额外全年实验
Q2F-L0753-S2,753,2.6,sentence,定义某一时段在无储能条件下需要由外网承担的净外部需求电量为,src\q2\forecast.py:114#economic_metrics;src\q2\scenarios.py:68#weighted_quantile;src\q2\experiments.py:154#no_storage_quantile,src\q2\test_dispatch.py:71#test_no_storage_optimizer_is_eighty_percent_quantile;src\q2\test_dispatch.py:126#test_weighted_quantile_uses_discrete_probability,quantile,True,True,raw/test_manifest.json,80%临界分位由5倍紧急购电解析推导及单元测试验收；取消额外全年实验
Q2F-L0755-S1,755,2.6,sentence,\[,src\q2\forecast.py:114#economic_metrics;src\q2\scenarios.py:68#weighted_quantile;src\q2\experiments.py:154#no_storage_quantile,src\q2\test_dispatch.py:71#test_no_storage_optimizer_is_eighty_percent_quantile;src\q2\test_dispatch.py:126#test_weighted_quantile_uses_discrete_probability,quantile,True,True,raw/test_manifest.json,80%临界分位由5倍紧急购电解析推导及单元测试验收；取消额外全年实验
Q2F-L0756-S1,756,2.6,sentence,D_t,src\q2\forecast.py:114#economic_metrics;src\q2\scenarios.py:68#weighted_quantile;src\q2\experiments.py:154#no_storage_quantile,src\q2\test_dispatch.py:71#test_no_storage_optimizer_is_eighty_percent_quantile;src\q2\test_dispatch.py:126#test_weighted_quantile_uses_discrete_probability,quantile,True,True,raw/test_manifest.json,80%临界分位由5倍紧急购电解析推导及单元测试验收；取消额外全年实验
Q2F-L0757-S1,757,2.6,sentence,=,src\q2\forecast.py:114#economic_metrics;src\q2\scenarios.py:68#weighted_quantile;src\q2\experiments.py:154#no_storage_quantile,src\q2\test_dispatch.py:71#test_no_storage_optimizer_is_eighty_percent_quantile;src\q2\test_dispatch.py:126#test_weighted_quantile_uses_discrete_probability,quantile,True,True,raw/test_manifest.json,80%临界分位由5倍紧急购电解析推导及单元测试验收；取消额外全年实验
Q2F-L0758-S1,758,2.6,sentence,\left[,src\q2\forecast.py:114#economic_metrics;src\q2\scenarios.py:68#weighted_quantile;src\q2\experiments.py:154#no_storage_quantile,src\q2\test_dispatch.py:71#test_no_storage_optimizer_is_eighty_percent_quantile;src\q2\test_dispatch.py:126#test_weighted_quantile_uses_discrete_probability,quantile,True,True,raw/test_manifest.json,80%临界分位由5倍紧急购电解析推导及单元测试验收；取消额外全年实验
Q2F-L0759-S1,759,2.6,sentence,\Delta t\left(L_t-P_t^{PV}\right),src\q2\forecast.py:114#economic_metrics;src\q2\scenarios.py:68#weighted_quantile;src\q2\experiments.py:154#no_storage_quantile,src\q2\test_dispatch.py:71#test_no_storage_optimizer_is_eighty_percent_quantile;src\q2\test_dispatch.py:126#test_weighted_quantile_uses_discrete_probability,quantile,True,True,raw/test_manifest.json,80%临界分位由5倍紧急购电解析推导及单元测试验收；取消额外全年实验
Q2F-L0760-S1,760,2.6,sentence,\right]_+,src\q2\forecast.py:114#economic_metrics;src\q2\scenarios.py:68#weighted_quantile;src\q2\experiments.py:154#no_storage_quantile,src\q2\test_dispatch.py:71#test_no_storage_optimizer_is_eighty_percent_quantile;src\q2\test_dispatch.py:126#test_weighted_quantile_uses_discrete_probability,quantile,True,True,raw/test_manifest.json,80%临界分位由5倍紧急购电解析推导及单元测试验收；取消额外全年实验
Q2F-L0761-S1,761,2.6,sentence,\ge0.,src\q2\forecast.py:114#economic_metrics;src\q2\scenarios.py:68#weighted_quantile;src\q2\experiments.py:154#no_storage_quantile,src\q2\test_dispatch.py:71#test_no_storage_optimizer_is_eighty_percent_quantile;src\q2\test_dispatch.py:126#test_weighted_quantile_uses_discrete_probability,quantile,True,True,raw/test_manifest.json,80%临界分位由5倍紧急购电解析推导及单元测试验收；取消额外全年实验
Q2F-L0762-S1,762,2.6,sentence,\],src\q2\forecast.py:114#economic_metrics;src\q2\scenarios.py:68#weighted_quantile;src\q2\experiments.py:154#no_storage_quantile,src\q2\test_dispatch.py:71#test_no_storage_optimizer_is_eighty_percent_quantile;src\q2\test_dispatch.py:126#test_weighted_quantile_uses_discrete_probability,quantile,True,True,raw/test_manifest.json,80%临界分位由5倍紧急购电解析推导及单元测试验收；取消额外全年实验
Q2F-L0764-S1,764,2.6,sentence,若计划购电量为 \(g_t\ge0\)，正常电价为 \(p_t>0\)，不足部分按 \(5p_t\) 紧急购电，则随机成本为,src\q2\forecast.py:114#economic_metrics;src\q2\scenarios.py:68#weighted_quantile;src\q2\experiments.py:154#no_storage_quantile,src\q2\test_dispatch.py:71#test_no_storage_optimizer_is_eighty_percent_quantile;src\q2\test_dispatch.py:126#test_weighted_quantile_uses_discrete_probability,quantile,True,True,raw/test_manifest.json,80%临界分位由5倍紧急购电解析推导及单元测试验收；取消额外全年实验
Q2F-L0766-S1,766,2.6,sentence,\[,src\q2\forecast.py:114#economic_metrics;src\q2\scenarios.py:68#weighted_quantile;src\q2\experiments.py:154#no_storage_quantile,src\q2\test_dispatch.py:71#test_no_storage_optimizer_is_eighty_percent_quantile;src\q2\test_dispatch.py:126#test_weighted_quantile_uses_discrete_probability,quantile,True,True,raw/test_manifest.json,80%临界分位由5倍紧急购电解析推导及单元测试验收；取消额外全年实验
Q2F-L0767-S1,767,2.6,sentence,"C(g_t,D_t)",src\q2\forecast.py:114#economic_metrics;src\q2\scenarios.py:68#weighted_quantile;src\q2\experiments.py:154#no_storage_quantile,src\q2\test_dispatch.py:71#test_no_storage_optimizer_is_eighty_percent_quantile;src\q2\test_dispatch.py:126#test_weighted_quantile_uses_discrete_probability,quantile,True,True,raw/test_manifest.json,80%临界分位由5倍紧急购电解析推导及单元测试验收；取消额外全年实验
Q2F-L0768-S1,768,2.6,sentence,=,src\q2\forecast.py:114#economic_metrics;src\q2\scenarios.py:68#weighted_quantile;src\q2\experiments.py:154#no_storage_quantile,src\q2\test_dispatch.py:71#test_no_storage_optimizer_is_eighty_percent_quantile;src\q2\test_dispatch.py:126#test_weighted_quantile_uses_discrete_probability,quantile,True,True,raw/test_manifest.json,80%临界分位由5倍紧急购电解析推导及单元测试验收；取消额外全年实验
Q2F-L0769-S1,769,2.6,sentence,p_tg_t,src\q2\forecast.py:114#economic_metrics;src\q2\scenarios.py:68#weighted_quantile;src\q2\experiments.py:154#no_storage_quantile,src\q2\test_dispatch.py:71#test_no_storage_optimizer_is_eighty_percent_quantile;src\q2\test_dispatch.py:126#test_weighted_quantile_uses_discrete_probability,quantile,True,True,raw/test_manifest.json,80%临界分位由5倍紧急购电解析推导及单元测试验收；取消额外全年实验
Q2F-L0770-S1,770,2.6,sentence,+,src\q2\forecast.py:114#economic_metrics;src\q2\scenarios.py:68#weighted_quantile;src\q2\experiments.py:154#no_storage_quantile,src\q2\test_dispatch.py:71#test_no_storage_optimizer_is_eighty_percent_quantile;src\q2\test_dispatch.py:126#test_weighted_quantile_uses_discrete_probability,quantile,True,True,raw/test_manifest.json,80%临界分位由5倍紧急购电解析推导及单元测试验收；取消额外全年实验
Q2F-L0771-S1,771,2.6,sentence,5p_t(D_t-g_t)_+.,src\q2\forecast.py:114#economic_metrics;src\q2\scenarios.py:68#weighted_quantile;src\q2\experiments.py:154#no_storage_quantile,src\q2\test_dispatch.py:71#test_no_storage_optimizer_is_eighty_percent_quantile;src\q2\test_dispatch.py:126#test_weighted_quantile_uses_discrete_probability,quantile,True,True,raw/test_manifest.json,80%临界分位由5倍紧急购电解析推导及单元测试验收；取消额外全年实验
Q2F-L0772-S1,772,2.6,sentence,\],src\q2\forecast.py:114#economic_metrics;src\q2\scenarios.py:68#weighted_quantile;src\q2\experiments.py:154#no_storage_quantile,src\q2\test_dispatch.py:71#test_no_storage_optimizer_is_eighty_percent_quantile;src\q2\test_dispatch.py:126#test_weighted_quantile_uses_discrete_probability,quantile,True,True,raw/test_manifest.json,80%临界分位由5倍紧急购电解析推导及单元测试验收；取消额外全年实验
Q2F-L0774-S1,774,2.6,sentence,其期望成本为,src\q2\forecast.py:114#economic_metrics;src\q2\scenarios.py:68#weighted_quantile;src\q2\experiments.py:154#no_storage_quantile,src\q2\test_dispatch.py:71#test_no_storage_optimizer_is_eighty_percent_quantile;src\q2\test_dispatch.py:126#test_weighted_quantile_uses_discrete_probability,quantile,True,True,raw/test_manifest.json,80%临界分位由5倍紧急购电解析推导及单元测试验收；取消额外全年实验
Q2F-L0776-S1,776,2.6,sentence,\[,src\q2\forecast.py:114#economic_metrics;src\q2\scenarios.py:68#weighted_quantile;src\q2\experiments.py:154#no_storage_quantile,src\q2\test_dispatch.py:71#test_no_storage_optimizer_is_eighty_percent_quantile;src\q2\test_dispatch.py:126#test_weighted_quantile_uses_discrete_probability,quantile,True,True,raw/test_manifest.json,80%临界分位由5倍紧急购电解析推导及单元测试验收；取消额外全年实验
Q2F-L0777-S1,777,2.6,sentence,\Phi(g_t),src\q2\forecast.py:114#economic_metrics;src\q2\scenarios.py:68#weighted_quantile;src\q2\experiments.py:154#no_storage_quantile,src\q2\test_dispatch.py:71#test_no_storage_optimizer_is_eighty_percent_quantile;src\q2\test_dispatch.py:126#test_weighted_quantile_uses_discrete_probability,quantile,True,True,raw/test_manifest.json,80%临界分位由5倍紧急购电解析推导及单元测试验收；取消额外全年实验
Q2F-L0778-S1,778,2.6,sentence,=,src\q2\forecast.py:114#economic_metrics;src\q2\scenarios.py:68#weighted_quantile;src\q2\experiments.py:154#no_storage_quantile,src\q2\test_dispatch.py:71#test_no_storage_optimizer_is_eighty_percent_quantile;src\q2\test_dispatch.py:126#test_weighted_quantile_uses_discrete_probability,quantile,True,True,raw/test_manifest.json,80%临界分位由5倍紧急购电解析推导及单元测试验收；取消额外全年实验
Q2F-L0779-S1,779,2.6,sentence,p_tg_t,src\q2\forecast.py:114#economic_metrics;src\q2\scenarios.py:68#weighted_quantile;src\q2\experiments.py:154#no_storage_quantile,src\q2\test_dispatch.py:71#test_no_storage_optimizer_is_eighty_percent_quantile;src\q2\test_dispatch.py:126#test_weighted_quantile_uses_discrete_probability,quantile,True,True,raw/test_manifest.json,80%临界分位由5倍紧急购电解析推导及单元测试验收；取消额外全年实验
Q2F-L0780-S1,780,2.6,sentence,+,src\q2\forecast.py:114#economic_metrics;src\q2\scenarios.py:68#weighted_quantile;src\q2\experiments.py:154#no_storage_quantile,src\q2\test_dispatch.py:71#test_no_storage_optimizer_is_eighty_percent_quantile;src\q2\test_dispatch.py:126#test_weighted_quantile_uses_discrete_probability,quantile,True,True,raw/test_manifest.json,80%临界分位由5倍紧急购电解析推导及单元测试验收；取消额外全年实验
Q2F-L0781-S1,781,2.6,sentence,"5p_t\,\mathbb E(D_t-g_t)_+.",src\q2\forecast.py:114#economic_metrics;src\q2\scenarios.py:68#weighted_quantile;src\q2\experiments.py:154#no_storage_quantile,src\q2\test_dispatch.py:71#test_no_storage_optimizer_is_eighty_percent_quantile;src\q2\test_dispatch.py:126#test_weighted_quantile_uses_discrete_probability,quantile,True,True,raw/test_manifest.json,80%临界分位由5倍紧急购电解析推导及单元测试验收；取消额外全年实验
Q2F-L0782-S1,782,2.6,sentence,\],src\q2\forecast.py:114#economic_metrics;src\q2\scenarios.py:68#weighted_quantile;src\q2\experiments.py:154#no_storage_quantile,src\q2\test_dispatch.py:71#test_no_storage_optimizer_is_eighty_percent_quantile;src\q2\test_dispatch.py:126#test_weighted_quantile_uses_discrete_probability,quantile,True,True,raw/test_manifest.json,80%临界分位由5倍紧急购电解析推导及单元测试验收；取消额外全年实验
Q2F-L0784-S1,784,2.6,sentence,当 \(D_t\) 具有连续分布时，,src\q2\forecast.py:114#economic_metrics;src\q2\scenarios.py:68#weighted_quantile;src\q2\experiments.py:154#no_storage_quantile,src\q2\test_dispatch.py:71#test_no_storage_optimizer_is_eighty_percent_quantile;src\q2\test_dispatch.py:126#test_weighted_quantile_uses_discrete_probability,quantile,True,True,raw/test_manifest.json,80%临界分位由5倍紧急购电解析推导及单元测试验收；取消额外全年实验
Q2F-L0786-S1,786,2.6,sentence,\[,src\q2\forecast.py:114#economic_metrics;src\q2\scenarios.py:68#weighted_quantile;src\q2\experiments.py:154#no_storage_quantile,src\q2\test_dispatch.py:71#test_no_storage_optimizer_is_eighty_percent_quantile;src\q2\test_dispatch.py:126#test_weighted_quantile_uses_discrete_probability,quantile,True,True,raw/test_manifest.json,80%临界分位由5倍紧急购电解析推导及单元测试验收；取消额外全年实验
Q2F-L0787-S1,787,2.6,sentence,\frac{\mathrm d\Phi(g_t)}{\mathrm dg_t},src\q2\forecast.py:114#economic_metrics;src\q2\scenarios.py:68#weighted_quantile;src\q2\experiments.py:154#no_storage_quantile,src\q2\test_dispatch.py:71#test_no_storage_optimizer_is_eighty_percent_quantile;src\q2\test_dispatch.py:126#test_weighted_quantile_uses_discrete_probability,quantile,True,True,raw/test_manifest.json,80%临界分位由5倍紧急购电解析推导及单元测试验收；取消额外全年实验
Q2F-L0788-S1,788,2.6,sentence,=,src\q2\forecast.py:114#economic_metrics;src\q2\scenarios.py:68#weighted_quantile;src\q2\experiments.py:154#no_storage_quantile,src\q2\test_dispatch.py:71#test_no_storage_optimizer_is_eighty_percent_quantile;src\q2\test_dispatch.py:126#test_weighted_quantile_uses_discrete_probability,quantile,True,True,raw/test_manifest.json,80%临界分位由5倍紧急购电解析推导及单元测试验收；取消额外全年实验
Q2F-L0789-S1,789,2.6,sentence,p_t,src\q2\forecast.py:114#economic_metrics;src\q2\scenarios.py:68#weighted_quantile;src\q2\experiments.py:154#no_storage_quantile,src\q2\test_dispatch.py:71#test_no_storage_optimizer_is_eighty_percent_quantile;src\q2\test_dispatch.py:126#test_weighted_quantile_uses_discrete_probability,quantile,True,True,raw/test_manifest.json,80%临界分位由5倍紧急购电解析推导及单元测试验收；取消额外全年实验
Q2F-L0790-S1,790,2.6,sentence,-,src\q2\forecast.py:114#economic_metrics;src\q2\scenarios.py:68#weighted_quantile;src\q2\experiments.py:154#no_storage_quantile,src\q2\test_dispatch.py:71#test_no_storage_optimizer_is_eighty_percent_quantile;src\q2\test_dispatch.py:126#test_weighted_quantile_uses_discrete_probability,quantile,True,True,raw/test_manifest.json,80%临界分位由5倍紧急购电解析推导及单元测试验收；取消额外全年实验
Q2F-L0791-S1,791,2.6,sentence,5p_t\Pr(D_t>g_t).,src\q2\forecast.py:114#economic_metrics;src\q2\scenarios.py:68#weighted_quantile;src\q2\experiments.py:154#no_storage_quantile,src\q2\test_dispatch.py:71#test_no_storage_optimizer_is_eighty_percent_quantile;src\q2\test_dispatch.py:126#test_weighted_quantile_uses_discrete_probability,quantile,True,True,raw/test_manifest.json,80%临界分位由5倍紧急购电解析推导及单元测试验收；取消额外全年实验
Q2F-L0792-S1,792,2.6,sentence,\],src\q2\forecast.py:114#economic_metrics;src\q2\scenarios.py:68#weighted_quantile;src\q2\experiments.py:154#no_storage_quantile,src\q2\test_dispatch.py:71#test_no_storage_optimizer_is_eighty_percent_quantile;src\q2\test_dispatch.py:126#test_weighted_quantile_uses_discrete_probability,quantile,True,True,raw/test_manifest.json,80%临界分位由5倍紧急购电解析推导及单元测试验收；取消额外全年实验
Q2F-L0794-S1,794,2.6,sentence,最优点满足,src\q2\forecast.py:114#economic_metrics;src\q2\scenarios.py:68#weighted_quantile;src\q2\experiments.py:154#no_storage_quantile,src\q2\test_dispatch.py:71#test_no_storage_optimizer_is_eighty_percent_quantile;src\q2\test_dispatch.py:126#test_weighted_quantile_uses_discrete_probability,quantile,True,True,raw/test_manifest.json,80%临界分位由5倍紧急购电解析推导及单元测试验收；取消额外全年实验
Q2F-L0796-S1,796,2.6,sentence,\[,src\q2\forecast.py:114#economic_metrics;src\q2\scenarios.py:68#weighted_quantile;src\q2\experiments.py:154#no_storage_quantile,src\q2\test_dispatch.py:71#test_no_storage_optimizer_is_eighty_percent_quantile;src\q2\test_dispatch.py:126#test_weighted_quantile_uses_discrete_probability,quantile,True,True,raw/test_manifest.json,80%临界分位由5倍紧急购电解析推导及单元测试验收；取消额外全年实验
Q2F-L0797-S1,797,2.6,sentence,p_t,src\q2\forecast.py:114#economic_metrics;src\q2\scenarios.py:68#weighted_quantile;src\q2\experiments.py:154#no_storage_quantile,src\q2\test_dispatch.py:71#test_no_storage_optimizer_is_eighty_percent_quantile;src\q2\test_dispatch.py:126#test_weighted_quantile_uses_discrete_probability,quantile,True,True,raw/test_manifest.json,80%临界分位由5倍紧急购电解析推导及单元测试验收；取消额外全年实验
Q2F-L0798-S1,798,2.6,sentence,-,src\q2\forecast.py:114#economic_metrics;src\q2\scenarios.py:68#weighted_quantile;src\q2\experiments.py:154#no_storage_quantile,src\q2\test_dispatch.py:71#test_no_storage_optimizer_is_eighty_percent_quantile;src\q2\test_dispatch.py:126#test_weighted_quantile_uses_discrete_probability,quantile,True,True,raw/test_manifest.json,80%临界分位由5倍紧急购电解析推导及单元测试验收；取消额外全年实验
Q2F-L0799-S1,799,2.6,sentence,5p_t\Pr(D_t>g_t^*),src\q2\forecast.py:114#economic_metrics;src\q2\scenarios.py:68#weighted_quantile;src\q2\experiments.py:154#no_storage_quantile,src\q2\test_dispatch.py:71#test_no_storage_optimizer_is_eighty_percent_quantile;src\q2\test_dispatch.py:126#test_weighted_quantile_uses_discrete_probability,quantile,True,True,raw/test_manifest.json,80%临界分位由5倍紧急购电解析推导及单元测试验收；取消额外全年实验
Q2F-L0800-S1,800,2.6,sentence,"=0,",src\q2\forecast.py:114#economic_metrics;src\q2\scenarios.py:68#weighted_quantile;src\q2\experiments.py:154#no_storage_quantile,src\q2\test_dispatch.py:71#test_no_storage_optimizer_is_eighty_percent_quantile;src\q2\test_dispatch.py:126#test_weighted_quantile_uses_discrete_probability,quantile,True,True,raw/test_manifest.json,80%临界分位由5倍紧急购电解析推导及单元测试验收；取消额外全年实验
Q2F-L0801-S1,801,2.6,sentence,\],src\q2\forecast.py:114#economic_metrics;src\q2\scenarios.py:68#weighted_quantile;src\q2\experiments.py:154#no_storage_quantile,src\q2\test_dispatch.py:71#test_no_storage_optimizer_is_eighty_percent_quantile;src\q2\test_dispatch.py:126#test_weighted_quantile_uses_discrete_probability,quantile,True,True,raw/test_manifest.json,80%临界分位由5倍紧急购电解析推导及单元测试验收；取消额外全年实验
Q2F-L0803-S1,803,2.6,sentence,从而,src\q2\forecast.py:114#economic_metrics;src\q2\scenarios.py:68#weighted_quantile;src\q2\experiments.py:154#no_storage_quantile,src\q2\test_dispatch.py:71#test_no_storage_optimizer_is_eighty_percent_quantile;src\q2\test_dispatch.py:126#test_weighted_quantile_uses_discrete_probability,quantile,True,True,raw/test_manifest.json,80%临界分位由5倍紧急购电解析推导及单元测试验收；取消额外全年实验
Q2F-L0805-S1,805,2.6,sentence,\[,src\q2\forecast.py:114#economic_metrics;src\q2\scenarios.py:68#weighted_quantile;src\q2\experiments.py:154#no_storage_quantile,src\q2\test_dispatch.py:71#test_no_storage_optimizer_is_eighty_percent_quantile;src\q2\test_dispatch.py:126#test_weighted_quantile_uses_discrete_probability,quantile,True,True,raw/test_manifest.json,80%临界分位由5倍紧急购电解析推导及单元测试验收；取消额外全年实验
Q2F-L0806-S1,806,2.6,sentence,\Pr(D_t\le g_t^*),src\q2\forecast.py:114#economic_metrics;src\q2\scenarios.py:68#weighted_quantile;src\q2\experiments.py:154#no_storage_quantile,src\q2\test_dispatch.py:71#test_no_storage_optimizer_is_eighty_percent_quantile;src\q2\test_dispatch.py:126#test_weighted_quantile_uses_discrete_probability,quantile,True,True,raw/test_manifest.json,80%临界分位由5倍紧急购电解析推导及单元测试验收；取消额外全年实验
Q2F-L0807-S1,807,2.6,sentence,=,src\q2\forecast.py:114#economic_metrics;src\q2\scenarios.py:68#weighted_quantile;src\q2\experiments.py:154#no_storage_quantile,src\q2\test_dispatch.py:71#test_no_storage_optimizer_is_eighty_percent_quantile;src\q2\test_dispatch.py:126#test_weighted_quantile_uses_discrete_probability,quantile,True,True,raw/test_manifest.json,80%临界分位由5倍紧急购电解析推导及单元测试验收；取消额外全年实验
Q2F-L0808-S1,808,2.6,sentence,1-\frac15,src\q2\forecast.py:114#economic_metrics;src\q2\scenarios.py:68#weighted_quantile;src\q2\experiments.py:154#no_storage_quantile,src\q2\test_dispatch.py:71#test_no_storage_optimizer_is_eighty_percent_quantile;src\q2\test_dispatch.py:126#test_weighted_quantile_uses_discrete_probability,quantile,True,True,raw/test_manifest.json,80%临界分位由5倍紧急购电解析推导及单元测试验收；取消额外全年实验
Q2F-L0809-S1,809,2.6,sentence,=,src\q2\forecast.py:114#economic_metrics;src\q2\scenarios.py:68#weighted_quantile;src\q2\experiments.py:154#no_storage_quantile,src\q2\test_dispatch.py:71#test_no_storage_optimizer_is_eighty_percent_quantile;src\q2\test_dispatch.py:126#test_weighted_quantile_uses_discrete_probability,quantile,True,True,raw/test_manifest.json,80%临界分位由5倍紧急购电解析推导及单元测试验收；取消额外全年实验
Q2F-L0810-S1,810,2.6,sentence,\boxed{0.8}.,src\q2\forecast.py:114#economic_metrics;src\q2\scenarios.py:68#weighted_quantile;src\q2\experiments.py:154#no_storage_quantile,src\q2\test_dispatch.py:71#test_no_storage_optimizer_is_eighty_percent_quantile;src\q2\test_dispatch.py:126#test_weighted_quantile_uses_discrete_probability,quantile,True,True,raw/test_manifest.json,80%临界分位由5倍紧急购电解析推导及单元测试验收；取消额外全年实验
Q2F-L0811-S1,811,2.6,sentence,\],src\q2\forecast.py:114#economic_metrics;src\q2\scenarios.py:68#weighted_quantile;src\q2\experiments.py:154#no_storage_quantile,src\q2\test_dispatch.py:71#test_no_storage_optimizer_is_eighty_percent_quantile;src\q2\test_dispatch.py:126#test_weighted_quantile_uses_discrete_probability,quantile,True,True,raw/test_manifest.json,80%临界分位由5倍紧急购电解析推导及单元测试验收；取消额外全年实验
Q2F-L0813-S1,813,2.6,sentence,即,src\q2\forecast.py:114#economic_metrics;src\q2\scenarios.py:68#weighted_quantile;src\q2\experiments.py:154#no_storage_quantile,src\q2\test_dispatch.py:71#test_no_storage_optimizer_is_eighty_percent_quantile;src\q2\test_dispatch.py:126#test_weighted_quantile_uses_discrete_probability,quantile,True,True,raw/test_manifest.json,80%临界分位由5倍紧急购电解析推导及单元测试验收；取消额外全年实验
Q2F-L0815-S1,815,2.6,sentence,\[,src\q2\forecast.py:114#economic_metrics;src\q2\scenarios.py:68#weighted_quantile;src\q2\experiments.py:154#no_storage_quantile,src\q2\test_dispatch.py:71#test_no_storage_optimizer_is_eighty_percent_quantile;src\q2\test_dispatch.py:126#test_weighted_quantile_uses_discrete_probability,quantile,True,True,raw/test_manifest.json,80%临界分位由5倍紧急购电解析推导及单元测试验收；取消额外全年实验
Q2F-L0816-S1,816,2.6,sentence,\boxed{,src\q2\forecast.py:114#economic_metrics;src\q2\scenarios.py:68#weighted_quantile;src\q2\experiments.py:154#no_storage_quantile,src\q2\test_dispatch.py:71#test_no_storage_optimizer_is_eighty_percent_quantile;src\q2\test_dispatch.py:126#test_weighted_quantile_uses_discrete_probability,quantile,True,True,raw/test_manifest.json,80%临界分位由5倍紧急购电解析推导及单元测试验收；取消额外全年实验
Q2F-L0817-S1,817,2.6,sentence,g_t^*,src\q2\forecast.py:114#economic_metrics;src\q2\scenarios.py:68#weighted_quantile;src\q2\experiments.py:154#no_storage_quantile,src\q2\test_dispatch.py:71#test_no_storage_optimizer_is_eighty_percent_quantile;src\q2\test_dispatch.py:126#test_weighted_quantile_uses_discrete_probability,quantile,True,True,raw/test_manifest.json,80%临界分位由5倍紧急购电解析推导及单元测试验收；取消额外全年实验
Q2F-L0818-S1,818,2.6,sentence,=,src\q2\forecast.py:114#economic_metrics;src\q2\scenarios.py:68#weighted_quantile;src\q2\experiments.py:154#no_storage_quantile,src\q2\test_dispatch.py:71#test_no_storage_optimizer_is_eighty_percent_quantile;src\q2\test_dispatch.py:126#test_weighted_quantile_uses_discrete_probability,quantile,True,True,raw/test_manifest.json,80%临界分位由5倍紧急购电解析推导及单元测试验收；取消额外全年实验
Q2F-L0819-S1,819,2.6,sentence,Q_{0.8}(D_t).,src\q2\forecast.py:114#economic_metrics;src\q2\scenarios.py:68#weighted_quantile;src\q2\experiments.py:154#no_storage_quantile,src\q2\test_dispatch.py:71#test_no_storage_optimizer_is_eighty_percent_quantile;src\q2\test_dispatch.py:126#test_weighted_quantile_uses_discrete_probability,quantile,True,True,raw/test_manifest.json,80%临界分位由5倍紧急购电解析推导及单元测试验收；取消额外全年实验
Q2F-L0820-S1,820,2.6,sentence,},src\q2\forecast.py:114#economic_metrics;src\q2\scenarios.py:68#weighted_quantile;src\q2\experiments.py:154#no_storage_quantile,src\q2\test_dispatch.py:71#test_no_storage_optimizer_is_eighty_percent_quantile;src\q2\test_dispatch.py:126#test_weighted_quantile_uses_discrete_probability,quantile,True,True,raw/test_manifest.json,80%临界分位由5倍紧急购电解析推导及单元测试验收；取消额外全年实验
Q2F-L0821-S1,821,2.6,sentence,\],src\q2\forecast.py:114#economic_metrics;src\q2\scenarios.py:68#weighted_quantile;src\q2\experiments.py:154#no_storage_quantile,src\q2\test_dispatch.py:71#test_no_storage_optimizer_is_eighty_percent_quantile;src\q2\test_dispatch.py:126#test_weighted_quantile_uses_discrete_probability,quantile,True,True,raw/test_manifest.json,80%临界分位由5倍紧急购电解析推导及单元测试验收；取消额外全年实验
Q2F-L0823-S1,823,2.6,sentence,若经验分布是离散的，则相应的最优条件写为,src\q2\forecast.py:114#economic_metrics;src\q2\scenarios.py:68#weighted_quantile;src\q2\experiments.py:154#no_storage_quantile,src\q2\test_dispatch.py:71#test_no_storage_optimizer_is_eighty_percent_quantile;src\q2\test_dispatch.py:126#test_weighted_quantile_uses_discrete_probability,quantile,True,True,raw/test_manifest.json,80%临界分位由5倍紧急购电解析推导及单元测试验收；取消额外全年实验
Q2F-L0825-S1,825,2.6,sentence,\[,src\q2\forecast.py:114#economic_metrics;src\q2\scenarios.py:68#weighted_quantile;src\q2\experiments.py:154#no_storage_quantile,src\q2\test_dispatch.py:71#test_no_storage_optimizer_is_eighty_percent_quantile;src\q2\test_dispatch.py:126#test_weighted_quantile_uses_discrete_probability,quantile,True,True,raw/test_manifest.json,80%临界分位由5倍紧急购电解析推导及单元测试验收；取消额外全年实验
Q2F-L0826-S1,826,2.6,sentence,"F_{D_t}(g_t^{*-})\le0.8\le F_{D_t}(g_t^*),",src\q2\forecast.py:114#economic_metrics;src\q2\scenarios.py:68#weighted_quantile;src\q2\experiments.py:154#no_storage_quantile,src\q2\test_dispatch.py:71#test_no_storage_optimizer_is_eighty_percent_quantile;src\q2\test_dispatch.py:126#test_weighted_quantile_uses_discrete_probability,quantile,True,True,raw/test_manifest.json,80%临界分位由5倍紧急购电解析推导及单元测试验收；取消额外全年实验
Q2F-L0827-S1,827,2.6,sentence,\],src\q2\forecast.py:114#economic_metrics;src\q2\scenarios.py:68#weighted_quantile;src\q2\experiments.py:154#no_storage_quantile,src\q2\test_dispatch.py:71#test_no_storage_optimizer_is_eighty_percent_quantile;src\q2\test_dispatch.py:126#test_weighted_quantile_uses_discrete_probability,quantile,True,True,raw/test_manifest.json,80%临界分位由5倍紧急购电解析推导及单元测试验收；取消额外全年实验
Q2F-L0829-S1,829,2.6,sentence,仍对应 80% 分位点集合。,src\q2\forecast.py:114#economic_metrics;src\q2\scenarios.py:68#weighted_quantile;src\q2\experiments.py:154#no_storage_quantile,src\q2\test_dispatch.py:71#test_no_storage_optimizer_is_eighty_percent_quantile;src\q2\test_dispatch.py:126#test_weighted_quantile_uses_discrete_probability,quantile,True,True,raw/test_manifest.json,80%临界分位由5倍紧急购电解析推导及单元测试验收；取消额外全年实验
Q2F-L0831-S1,831,2.6,sentence,该结论也可以从不对称损失理解：计划少买 1 kWh 且发生短缺时，相比提前购买多付,src\q2\forecast.py:114#economic_metrics;src\q2\scenarios.py:68#weighted_quantile;src\q2\experiments.py:154#no_storage_quantile,src\q2\test_dispatch.py:71#test_no_storage_optimizer_is_eighty_percent_quantile;src\q2\test_dispatch.py:126#test_weighted_quantile_uses_discrete_probability,quantile,True,True,raw/test_manifest.json,80%临界分位由5倍紧急购电解析推导及单元测试验收；取消额外全年实验
Q2F-L0833-S1,833,2.6,sentence,\[,src\q2\forecast.py:114#economic_metrics;src\q2\scenarios.py:68#weighted_quantile;src\q2\experiments.py:154#no_storage_quantile,src\q2\test_dispatch.py:71#test_no_storage_optimizer_is_eighty_percent_quantile;src\q2\test_dispatch.py:126#test_weighted_quantile_uses_discrete_probability,quantile,True,True,raw/test_manifest.json,80%临界分位由5倍紧急购电解析推导及单元测试验收；取消额外全年实验
Q2F-L0834-S1,834,2.6,sentence,"5p_t-p_t=4p_t,",src\q2\forecast.py:114#economic_metrics;src\q2\scenarios.py:68#weighted_quantile;src\q2\experiments.py:154#no_storage_quantile,src\q2\test_dispatch.py:71#test_no_storage_optimizer_is_eighty_percent_quantile;src\q2\test_dispatch.py:126#test_weighted_quantile_uses_discrete_probability,quantile,True,True,raw/test_manifest.json,80%临界分位由5倍紧急购电解析推导及单元测试验收；取消额外全年实验
Q2F-L0835-S1,835,2.6,sentence,\],src\q2\forecast.py:114#economic_metrics;src\q2\scenarios.py:68#weighted_quantile;src\q2\experiments.py:154#no_storage_quantile,src\q2\test_dispatch.py:71#test_no_storage_optimizer_is_eighty_percent_quantile;src\q2\test_dispatch.py:126#test_weighted_quantile_uses_discrete_probability,quantile,True,True,raw/test_manifest.json,80%临界分位由5倍紧急购电解析推导及单元测试验收；取消额外全年实验
Q2F-L0837-S1,837,2.6,sentence,而计划多买 1 kWh 的损失为 \(p_t\)，因此缺货损失与过量损失之比为 \(4:1\)，临界分位数自然为,src\q2\forecast.py:114#economic_metrics;src\q2\scenarios.py:68#weighted_quantile;src\q2\experiments.py:154#no_storage_quantile,src\q2\test_dispatch.py:71#test_no_storage_optimizer_is_eighty_percent_quantile;src\q2\test_dispatch.py:126#test_weighted_quantile_uses_discrete_probability,quantile,True,True,raw/test_manifest.json,80%临界分位由5倍紧急购电解析推导及单元测试验收；取消额外全年实验
Q2F-L0839-S1,839,2.6,sentence,\[,src\q2\forecast.py:114#economic_metrics;src\q2\scenarios.py:68#weighted_quantile;src\q2\experiments.py:154#no_storage_quantile,src\q2\test_dispatch.py:71#test_no_storage_optimizer_is_eighty_percent_quantile;src\q2\test_dispatch.py:126#test_weighted_quantile_uses_discrete_probability,quantile,True,True,raw/test_manifest.json,80%临界分位由5倍紧急购电解析推导及单元测试验收；取消额外全年实验
Q2F-L0840-S1,840,2.6,sentence,\frac{4}{4+1}=0.8.,src\q2\forecast.py:114#economic_metrics;src\q2\scenarios.py:68#weighted_quantile;src\q2\experiments.py:154#no_storage_quantile,src\q2\test_dispatch.py:71#test_no_storage_optimizer_is_eighty_percent_quantile;src\q2\test_dispatch.py:126#test_weighted_quantile_uses_discrete_probability,quantile,True,True,raw/test_manifest.json,80%临界分位由5倍紧急购电解析推导及单元测试验收；取消额外全年实验
Q2F-L0841-S1,841,2.6,sentence,\],src\q2\forecast.py:114#economic_metrics;src\q2\scenarios.py:68#weighted_quantile;src\q2\experiments.py:154#no_storage_quantile,src\q2\test_dispatch.py:71#test_no_storage_optimizer_is_eighty_percent_quantile;src\q2\test_dispatch.py:126#test_weighted_quantile_uses_discrete_probability,quantile,True,True,raw/test_manifest.json,80%临界分位由5倍紧急购电解析推导及单元测试验收；取消额外全年实验
Q2F-L0843-S1,843,2.6,sentence,值得注意的是，\(p_t\) 在分位条件中约去，所以 **80% 不是人为选择的风险参数，而是题目“紧急电价为正常电价 5 倍”直接推出的结构量。,src\q2\forecast.py:114#economic_metrics;src\q2\scenarios.py:68#weighted_quantile;src\q2\experiments.py:154#no_storage_quantile,src\q2\test_dispatch.py:71#test_no_storage_optimizer_is_eighty_percent_quantile;src\q2\test_dispatch.py:126#test_weighted_quantile_uses_discrete_probability,quantile,True,True,raw/test_manifest.json,80%临界分位由5倍紧急购电解析推导及单元测试验收；取消额外全年实验
Q2F-L0843-S2,843,2.6,sentence,**,src\q2\forecast.py:114#economic_metrics;src\q2\scenarios.py:68#weighted_quantile;src\q2\experiments.py:154#no_storage_quantile,src\q2\test_dispatch.py:71#test_no_storage_optimizer_is_eighty_percent_quantile;src\q2\test_dispatch.py:126#test_weighted_quantile_uses_discrete_probability,quantile,True,True,raw/test_manifest.json,80%临界分位由5倍紧急购电解析推导及单元测试验收；取消额外全年实验
Q2F-L0845-S1,845,2.6,sentence,完整问题中，储能状态方程把各时段连接起来，因此不能机械地令每个时段 \(g_t=Q_{0.8}(D_t)\)。,src\q2\forecast.py:114#economic_metrics;src\q2\scenarios.py:68#weighted_quantile;src\q2\experiments.py:154#no_storage_quantile,src\q2\test_dispatch.py:71#test_no_storage_optimizer_is_eighty_percent_quantile;src\q2\test_dispatch.py:126#test_weighted_quantile_uses_discrete_probability,quantile,True,True,raw/test_manifest.json,80%临界分位由5倍紧急购电解析推导及单元测试验收；取消额外全年实验
Q2F-L0845-S2,845,2.6,sentence,80% 分位结果只作为无储能单时段退化情形的解析基准，用于解释为什么完整模型会天然偏向防止净负荷低估，并据此将问题定位为,src\q2\forecast.py:114#economic_metrics;src\q2\scenarios.py:68#weighted_quantile;src\q2\experiments.py:154#no_storage_quantile,src\q2\test_dispatch.py:71#test_no_storage_optimizer_is_eighty_percent_quantile;src\q2\test_dispatch.py:126#test_weighted_quantile_uses_discrete_probability,quantile,True,True,raw/test_manifest.json,80%临界分位由5倍紧急购电解析推导及单元测试验收；取消额外全年实验
Q2F-L0847-S1,847,2.6,sentence,\[,src\q2\forecast.py:114#economic_metrics;src\q2\scenarios.py:68#weighted_quantile;src\q2\experiments.py:154#no_storage_quantile,src\q2\test_dispatch.py:71#test_no_storage_optimizer_is_eighty_percent_quantile;src\q2\test_dispatch.py:126#test_weighted_quantile_uses_discrete_probability,quantile,True,True,raw/test_manifest.json,80%临界分位由5倍紧急购电解析推导及单元测试验收；取消额外全年实验
Q2F-L0848-S1,848,2.6,sentence,\boxed{,src\q2\forecast.py:114#economic_metrics;src\q2\scenarios.py:68#weighted_quantile;src\q2\experiments.py:154#no_storage_quantile,src\q2\test_dispatch.py:71#test_no_storage_optimizer_is_eighty_percent_quantile;src\q2\test_dispatch.py:126#test_weighted_quantile_uses_discrete_probability,quantile,True,True,raw/test_manifest.json,80%临界分位由5倍紧急购电解析推导及单元测试验收；取消额外全年实验
Q2F-L0849-S1,849,2.6,sentence,\textbf{储能耦合的多时段随机报童型购电问题}.,src\q2\forecast.py:114#economic_metrics;src\q2\scenarios.py:68#weighted_quantile;src\q2\experiments.py:154#no_storage_quantile,src\q2\test_dispatch.py:71#test_no_storage_optimizer_is_eighty_percent_quantile;src\q2\test_dispatch.py:126#test_weighted_quantile_uses_discrete_probability,quantile,True,True,raw/test_manifest.json,80%临界分位由5倍紧急购电解析推导及单元测试验收；取消额外全年实验
Q2F-L0850-S1,850,2.6,sentence,},src\q2\forecast.py:114#economic_metrics;src\q2\scenarios.py:68#weighted_quantile;src\q2\experiments.py:154#no_storage_quantile,src\q2\test_dispatch.py:71#test_no_storage_optimizer_is_eighty_percent_quantile;src\q2\test_dispatch.py:126#test_weighted_quantile_uses_discrete_probability,quantile,True,True,raw/test_manifest.json,80%临界分位由5倍紧急购电解析推导及单元测试验收；取消额外全年实验
Q2F-L0851-S1,851,2.6,sentence,\],src\q2\forecast.py:114#economic_metrics;src\q2\scenarios.py:68#weighted_quantile;src\q2\experiments.py:154#no_storage_quantile,src\q2\test_dispatch.py:71#test_no_storage_optimizer_is_eighty_percent_quantile;src\q2\test_dispatch.py:126#test_weighted_quantile_uses_discrete_probability,quantile,True,True,raw/test_manifest.json,80%临界分位由5倍紧急购电解析推导及单元测试验收；取消额外全年实验
Q2F-L0853-S1,853,2.6,markup,---,src\q2\forecast.py:114#economic_metrics;src\q2\scenarios.py:68#weighted_quantile;src\q2\experiments.py:154#no_storage_quantile,src\q2\test_dispatch.py:71#test_no_storage_optimizer_is_eighty_percent_quantile;src\q2\test_dispatch.py:126#test_weighted_quantile_uses_discrete_probability,quantile,True,True,raw/test_manifest.json,80%临界分位由5倍紧急购电解析推导及单元测试验收；取消额外全年实验
Q2F-L0855-S1,855,2.7,markup,## 2.7 储能耦合滚动两阶段随机规划模型,src\q2\policy.py:15#Policy;src\q2\policy.py:48#respond;src\q2\optimization.py:19#build_model,src\q2\test_dispatch.py:13#PolicyTests,main,True,True,processed/main/run_status.json;processed/main/dispatch.csv,主回放已完成334/334日；计算受限10日
Q2F-L0857-S1,857,2.7.1,markup,### 2.7.1 滚动时域与终端效应,src\q2\rolling.py:182#make_day;src\q2\rolling.py:368#run_rollout,src\q2\test_forecast_dispatch.py:287#RollingTests,horizons,True,True,processed/experiment_comparison.csv,按最终任务书取消；未运行且不作为论文验收门槛
Q2F-L0859-S1,859,2.7.1,sentence,若每天只优化当天 24 h，且不给 24:00 后的储能赋予任何价值，优化器会倾向于在窗口末端过度放电。,src\q2\rolling.py:182#make_day;src\q2\rolling.py:368#run_rollout,src\q2\test_forecast_dispatch.py:287#RollingTests,horizons,True,True,processed/experiment_comparison.csv,按最终任务书取消；未运行且不作为论文验收门槛
Q2F-L0859-S2,859,2.7.1,sentence,为减少有限时域终端效应，本文采用滚动前瞻：,src\q2\rolling.py:182#make_day;src\q2\rolling.py:368#run_rollout,src\q2\test_forecast_dispatch.py:287#RollingTests,horizons,True,True,processed/experiment_comparison.csv,按最终任务书取消；未运行且不作为论文验收门槛
Q2F-L0861-S1,861,2.7.1,sentence,\[,src\q2\rolling.py:182#make_day;src\q2\rolling.py:368#run_rollout,src\q2\test_forecast_dispatch.py:287#RollingTests,horizons,True,True,processed/experiment_comparison.csv,按最终任务书取消；未运行且不作为论文验收门槛
Q2F-L0862-S1,862,2.7.1,sentence,\boxed{,src\q2\rolling.py:182#make_day;src\q2\rolling.py:368#run_rollout,src\q2\test_forecast_dispatch.py:287#RollingTests,horizons,True,True,processed/experiment_comparison.csv,按最终任务书取消；未运行且不作为论文验收门槛
Q2F-L0863-S1,863,2.7.1,sentence,\text{每天 0:00 预测未来 }K\text{ 日},src\q2\rolling.py:182#make_day;src\q2\rolling.py:368#run_rollout,src\q2\test_forecast_dispatch.py:287#RollingTests,horizons,True,True,processed/experiment_comparison.csv,按最终任务书取消；未运行且不作为论文验收门槛
Q2F-L0864-S1,864,2.7.1,sentence,\rightarrow,src\q2\rolling.py:182#make_day;src\q2\rolling.py:368#run_rollout,src\q2\test_forecast_dispatch.py:287#RollingTests,horizons,True,True,processed/experiment_comparison.csv,按最终任务书取消；未运行且不作为论文验收门槛
Q2F-L0865-S1,865,2.7.1,sentence,\text{优化未来 }T=144K\text{ 个时段},src\q2\rolling.py:182#make_day;src\q2\rolling.py:368#run_rollout,src\q2\test_forecast_dispatch.py:287#RollingTests,horizons,True,True,processed/experiment_comparison.csv,按最终任务书取消；未运行且不作为论文验收门槛
Q2F-L0866-S1,866,2.7.1,sentence,\rightarrow,src\q2\rolling.py:182#make_day;src\q2\rolling.py:368#run_rollout,src\q2\test_forecast_dispatch.py:287#RollingTests,horizons,True,True,processed/experiment_comparison.csv,按最终任务书取消；未运行且不作为论文验收门槛
Q2F-L0867-S1,867,2.7.1,sentence,\text{只执行前 144 个时段}.,src\q2\rolling.py:182#make_day;src\q2\rolling.py:368#run_rollout,src\q2\test_forecast_dispatch.py:287#RollingTests,horizons,True,True,processed/experiment_comparison.csv,按最终任务书取消；未运行且不作为论文验收门槛
Q2F-L0868-S1,868,2.7.1,sentence,},src\q2\rolling.py:182#make_day;src\q2\rolling.py:368#run_rollout,src\q2\test_forecast_dispatch.py:287#RollingTests,horizons,True,True,processed/experiment_comparison.csv,按最终任务书取消；未运行且不作为论文验收门槛
Q2F-L0869-S1,869,2.7.1,sentence,\],src\q2\rolling.py:182#make_day;src\q2\rolling.py:368#run_rollout,src\q2\test_forecast_dispatch.py:287#RollingTests,horizons,True,True,processed/experiment_comparison.csv,按最终任务书取消；未运行且不作为论文验收门槛
Q2F-L0871-S1,871,2.7.1,sentence,候选取,src\q2\rolling.py:182#make_day;src\q2\rolling.py:368#run_rollout,src\q2\test_forecast_dispatch.py:287#RollingTests,horizons,True,True,processed/experiment_comparison.csv,按最终任务书取消；未运行且不作为论文验收门槛
Q2F-L0873-S1,873,2.7.1,sentence,\[,src\q2\rolling.py:182#make_day;src\q2\rolling.py:368#run_rollout,src\q2\test_forecast_dispatch.py:287#RollingTests,horizons,True,True,processed/experiment_comparison.csv,按最终任务书取消；未运行且不作为论文验收门槛
Q2F-L0874-S1,874,2.7.1,sentence,"K\in\{1,2,3\},",src\q2\rolling.py:182#make_day;src\q2\rolling.py:368#run_rollout,src\q2\test_forecast_dispatch.py:287#RollingTests,horizons,True,True,processed/experiment_comparison.csv,按最终任务书取消；未运行且不作为论文验收门槛
Q2F-L0875-S1,875,2.7.1,sentence,\],src\q2\rolling.py:182#make_day;src\q2\rolling.py:368#run_rollout,src\q2\test_forecast_dispatch.py:287#RollingTests,horizons,True,True,processed/experiment_comparison.csv,按最终任务书取消；未运行且不作为论文验收门槛
Q2F-L0877-S1,877,2.7.1,sentence,即 24 h、48 h、72 h 前瞻。,src\q2\rolling.py:182#make_day;src\q2\rolling.py:368#run_rollout,src\q2\test_forecast_dispatch.py:287#RollingTests,horizons,True,True,processed/experiment_comparison.csv,按最终任务书取消；未运行且不作为论文验收门槛
Q2F-L0877-S2,877,2.7.1,sentence,最终不把 48 h 预先当成理论真值，而比较不同 \(K\) 下首日计划购电、储能执行轨迹和期望成本；,src\q2\rolling.py:182#make_day;src\q2\rolling.py:368#run_rollout,src\q2\test_forecast_dispatch.py:287#RollingTests,horizons,True,True,processed/experiment_comparison.csv,按最终任务书取消；未运行且不作为论文验收门槛
Q2F-L0877-S3,877,2.7.1,sentence,若 48 h 与 72 h 的首日策略已经基本稳定，则采用 48 h 作为计算量与终端误差的折中。,src\q2\rolling.py:182#make_day;src\q2\rolling.py:368#run_rollout,src\q2\test_forecast_dispatch.py:287#RollingTests,horizons,True,True,processed/experiment_comparison.csv,按最终任务书取消；未运行且不作为论文验收门槛
Q2F-L0879-S1,879,2.7.1,sentence,模型不额外强制 \(E_T=E_0\) 等题目未给出的跨日周期条件。,src\q2\rolling.py:182#make_day;src\q2\rolling.py:368#run_rollout,src\q2\test_forecast_dispatch.py:287#RollingTests,horizons,True,True,processed/experiment_comparison.csv,按最终任务书取消；未运行且不作为论文验收门槛
Q2F-L0879-S2,879,2.7.1,sentence,后续前瞻日的计划只用于估计储能继续价值，第二天 0:00 会根据新增信息重新预测并重新优化。,src\q2\rolling.py:182#make_day;src\q2\rolling.py:368#run_rollout,src\q2\test_forecast_dispatch.py:287#RollingTests,horizons,True,True,processed/experiment_comparison.csv,按最终任务书取消；未运行且不作为论文验收门槛
Q2F-L0881-S1,881,2.7.1,sentence,"严格地说，第 \(d\) 日 0:00 对第 2、3 个前瞻日得到的 \(g_\tau,c_\tau^p,r_\tau^p\) 属于**开环代理计划（open-loop proxy）**：它们不会被实际执行，而仅用于近似当前日末 SOC 的 continuation value。",src\q2\rolling.py:182#make_day;src\q2\rolling.py:368#run_rollout,src\q2\test_forecast_dispatch.py:287#RollingTests,horizons,True,True,processed/experiment_comparison.csv,按最终任务书取消；未运行且不作为论文验收门槛
Q2F-L0881-S2,881,2.7.1,sentence,因此，本文采用的是滚动开环前瞻近似，而不是完整的多阶段场景树随机规划。,src\q2\rolling.py:182#make_day;src\q2\rolling.py:368#run_rollout,src\q2\test_forecast_dispatch.py:287#RollingTests,horizons,True,True,processed/experiment_comparison.csv,按最终任务书取消；未运行且不作为论文验收门槛
Q2F-L0881-S3,881,2.7.1,sentence,"该近似是否充分，由 \(K=1,2,3\) 下首日策略的收敛性和真实回放费用进行检验。",src\q2\rolling.py:182#make_day;src\q2\rolling.py:368#run_rollout,src\q2\test_forecast_dispatch.py:287#RollingTests,horizons,True,True,processed/experiment_comparison.csv,按最终任务书取消；未运行且不作为论文验收门槛
Q2F-L0883-S1,883,2.7.2,markup,### 2.7.2 第一阶段：日前购电与储能响应计划,src\q2\policy.py:15#Policy;src\q2\optimization.py:19#build_model;src\q2\rolling.py:368#run_rollout,src\q2\test_dispatch.py:20#test_frozen_parameters_and_causal_prefix,main,True,True,processed/main/run_status.json;processed/main/dispatch.csv,主回放已完成334/334日；计算受限10日
Q2F-L0885-S1,885,2.7.2,sentence,在第 \(d\) 日 0:00，真实负荷和光伏尚未实现。,src\q2\policy.py:15#Policy;src\q2\optimization.py:19#build_model;src\q2\rolling.py:368#run_rollout,src\q2\test_dispatch.py:20#test_frozen_parameters_and_causal_prefix,main,True,True,processed/main/run_status.json;processed/main/dispatch.csv,主回放已完成334/334日；计算受限10日
Q2F-L0885-S2,885,2.7.2,sentence,"第一阶段对滚动窗口 \(\tau=1,\ldots,T\) 确定场景无关的日前决策",src\q2\policy.py:15#Policy;src\q2\optimization.py:19#build_model;src\q2\rolling.py:368#run_rollout,src\q2\test_dispatch.py:20#test_frozen_parameters_and_causal_prefix,main,True,True,processed/main/run_status.json;processed/main/dispatch.csv,主回放已完成334/334日；计算受限10日
Q2F-L0887-S1,887,2.7.2,sentence,\[,src\q2\policy.py:15#Policy;src\q2\optimization.py:19#build_model;src\q2\rolling.py:368#run_rollout,src\q2\test_dispatch.py:20#test_frozen_parameters_and_causal_prefix,main,True,True,processed/main/run_status.json;processed/main/dispatch.csv,主回放已完成334/334日；计算受限10日
Q2F-L0888-S1,888,2.7.2,sentence,\boxed{,src\q2\policy.py:15#Policy;src\q2\optimization.py:19#build_model;src\q2\rolling.py:368#run_rollout,src\q2\test_dispatch.py:20#test_frozen_parameters_and_causal_prefix,main,True,True,processed/main/run_status.json;processed/main/dispatch.csv,主回放已完成334/334日；计算受限10日
Q2F-L0889-S1,889,2.7.2,sentence,x=,src\q2\policy.py:15#Policy;src\q2\optimization.py:19#build_model;src\q2\rolling.py:368#run_rollout,src\q2\test_dispatch.py:20#test_frozen_parameters_and_causal_prefix,main,True,True,processed/main/run_status.json;processed/main/dispatch.csv,主回放已完成334/334日；计算受限10日
Q2F-L0890-S1,890,2.7.2,sentence,\left\{,src\q2\policy.py:15#Policy;src\q2\optimization.py:19#build_model;src\q2\rolling.py:368#run_rollout,src\q2\test_dispatch.py:20#test_frozen_parameters_and_causal_prefix,main,True,True,processed/main/run_status.json;processed/main/dispatch.csv,主回放已完成334/334日；计算受限10日
Q2F-L0891-S1,891,2.7.2,sentence,"g_\tau,c_\tau^p,r_\tau^p",src\q2\policy.py:15#Policy;src\q2\optimization.py:19#build_model;src\q2\rolling.py:368#run_rollout,src\q2\test_dispatch.py:20#test_frozen_parameters_and_causal_prefix,main,True,True,processed/main/run_status.json;processed/main/dispatch.csv,主回放已完成334/334日；计算受限10日
Q2F-L0892-S1,892,2.7.2,sentence,\right\}_{\tau=1}^{T}.,src\q2\policy.py:15#Policy;src\q2\optimization.py:19#build_model;src\q2\rolling.py:368#run_rollout,src\q2\test_dispatch.py:20#test_frozen_parameters_and_causal_prefix,main,True,True,processed/main/run_status.json;processed/main/dispatch.csv,主回放已完成334/334日；计算受限10日
Q2F-L0893-S1,893,2.7.2,sentence,},src\q2\policy.py:15#Policy;src\q2\optimization.py:19#build_model;src\q2\rolling.py:368#run_rollout,src\q2\test_dispatch.py:20#test_frozen_parameters_and_causal_prefix,main,True,True,processed/main/run_status.json;processed/main/dispatch.csv,主回放已完成334/334日；计算受限10日
Q2F-L0894-S1,894,2.7.2,sentence,\],src\q2\policy.py:15#Policy;src\q2\optimization.py:19#build_model;src\q2\rolling.py:368#run_rollout,src\q2\test_dispatch.py:20#test_frozen_parameters_and_causal_prefix,main,True,True,processed/main/run_status.json;processed/main/dispatch.csv,主回放已完成334/334日；计算受限10日
Q2F-L0896-S1,896,2.7.2,sentence,其中：,src\q2\policy.py:15#Policy;src\q2\optimization.py:19#build_model;src\q2\rolling.py:368#run_rollout,src\q2\test_dispatch.py:20#test_frozen_parameters_and_causal_prefix,main,True,True,processed/main/run_status.json;processed/main/dispatch.csv,主回放已完成334/334日；计算受限10日
Q2F-L0898-S1,898,2.7.2,sentence,- \(g_\tau\ge0\)：计划外网购电量，kWh；,src\q2\policy.py:15#Policy;src\q2\optimization.py:19#build_model;src\q2\rolling.py:368#run_rollout,src\q2\test_dispatch.py:20#test_frozen_parameters_and_causal_prefix,main,True,True,processed/main/run_status.json;processed/main/dispatch.csv,主回放已完成334/334日；计算受限10日
Q2F-L0899-S1,899,2.7.2,sentence,- \(c_\tau^{p}\ge0\)：当期允许的计划充电响应上限，kWh；,src\q2\policy.py:15#Policy;src\q2\optimization.py:19#build_model;src\q2\rolling.py:368#run_rollout,src\q2\test_dispatch.py:20#test_frozen_parameters_and_causal_prefix,main,True,True,processed/main/run_status.json;processed/main/dispatch.csv,主回放已完成334/334日；计算受限10日
Q2F-L0900-S1,900,2.7.2,sentence,- \(r_\tau^{p}\ge0\)：当期允许的计划放电响应上限，kWh。,src\q2\policy.py:15#Policy;src\q2\optimization.py:19#build_model;src\q2\rolling.py:368#run_rollout,src\q2\test_dispatch.py:20#test_frozen_parameters_and_causal_prefix,main,True,True,processed/main/run_status.json;processed/main/dispatch.csv,主回放已完成334/334日；计算受限10日
Q2F-L0902-S1,902,2.7.2,sentence,满足,src\q2\policy.py:15#Policy;src\q2\optimization.py:19#build_model;src\q2\rolling.py:368#run_rollout,src\q2\test_dispatch.py:20#test_frozen_parameters_and_causal_prefix,main,True,True,processed/main/run_status.json;processed/main/dispatch.csv,主回放已完成334/334日；计算受限10日
Q2F-L0904-S1,904,2.7.2,sentence,\[,src\q2\policy.py:15#Policy;src\q2\optimization.py:19#build_model;src\q2\rolling.py:368#run_rollout,src\q2\test_dispatch.py:20#test_frozen_parameters_and_causal_prefix,main,True,True,processed/main/run_status.json;processed/main/dispatch.csv,主回放已完成334/334日；计算受限10日
Q2F-L0905-S1,905,2.7.2,sentence,"0\le c_\tau^{p}\le \bar C,",src\q2\policy.py:15#Policy;src\q2\optimization.py:19#build_model;src\q2\rolling.py:368#run_rollout,src\q2\test_dispatch.py:20#test_frozen_parameters_and_causal_prefix,main,True,True,processed/main/run_status.json;processed/main/dispatch.csv,主回放已完成334/334日；计算受限10日
Q2F-L0906-S1,906,2.7.2,sentence,\qquad,src\q2\policy.py:15#Policy;src\q2\optimization.py:19#build_model;src\q2\rolling.py:368#run_rollout,src\q2\test_dispatch.py:20#test_frozen_parameters_and_causal_prefix,main,True,True,processed/main/run_status.json;processed/main/dispatch.csv,主回放已完成334/334日；计算受限10日
Q2F-L0907-S1,907,2.7.2,sentence,"0\le r_\tau^{p}\le \bar D,",src\q2\policy.py:15#Policy;src\q2\optimization.py:19#build_model;src\q2\rolling.py:368#run_rollout,src\q2\test_dispatch.py:20#test_frozen_parameters_and_causal_prefix,main,True,True,processed/main/run_status.json;processed/main/dispatch.csv,主回放已完成334/334日；计算受限10日
Q2F-L0908-S1,908,2.7.2,sentence,\],src\q2\policy.py:15#Policy;src\q2\optimization.py:19#build_model;src\q2\rolling.py:368#run_rollout,src\q2\test_dispatch.py:20#test_frozen_parameters_and_causal_prefix,main,True,True,processed/main/run_status.json;processed/main/dispatch.csv,主回放已完成334/334日；计算受限10日
Q2F-L0910-S1,910,2.7.2,sentence,\[,src\q2\policy.py:15#Policy;src\q2\optimization.py:19#build_model;src\q2\rolling.py:368#run_rollout,src\q2\test_dispatch.py:20#test_frozen_parameters_and_causal_prefix,main,True,True,processed/main/run_status.json;processed/main/dispatch.csv,主回放已完成334/334日；计算受限10日
Q2F-L0911-S1,911,2.7.2,sentence,\bar C=\bar D=5000\times\frac16=833.33\text{ kWh}.,src\q2\policy.py:15#Policy;src\q2\optimization.py:19#build_model;src\q2\rolling.py:368#run_rollout,src\q2\test_dispatch.py:20#test_frozen_parameters_and_causal_prefix,main,True,True,processed/main/run_status.json;processed/main/dispatch.csv,主回放已完成334/334日；计算受限10日
Q2F-L0912-S1,912,2.7.2,sentence,\],src\q2\policy.py:15#Policy;src\q2\optimization.py:19#build_model;src\q2\rolling.py:368#run_rollout,src\q2\test_dispatch.py:20#test_frozen_parameters_and_causal_prefix,main,True,True,processed/main/run_status.json;processed/main/dispatch.csv,主回放已完成334/334日；计算受限10日
Q2F-L0914-S1,914,2.7.2,sentence,"这里的 \(c_\tau^{p},r_\tau^{p}\) 不是必须完成的刚性充放电量，而是第一阶段提前确定的**储能补救响应上限**。",src\q2\policy.py:15#Policy;src\q2\optimization.py:19#build_model;src\q2\rolling.py:368#run_rollout,src\q2\test_dispatch.py:20#test_frozen_parameters_and_causal_prefix,main,True,True,processed/main/run_status.json;processed/main/dispatch.csv,主回放已完成334/334日；计算受限10日
Q2F-L0914-S2,914,2.7.2,sentence,它们规定日内运行时储能最多可以在何种幅度内响应实际供需偏差；,src\q2\policy.py:15#Policy;src\q2\optimization.py:19#build_model;src\q2\rolling.py:368#run_rollout,src\q2\test_dispatch.py:20#test_frozen_parameters_and_causal_prefix,main,True,True,processed/main/run_status.json;processed/main/dispatch.csv,主回放已完成334/334日；计算受限10日
Q2F-L0914-S3,914,2.7.2,sentence,实际充放电量仍由第二阶段的当前供需状态和 SOC 决定。,src\q2\policy.py:15#Policy;src\q2\optimization.py:19#build_model;src\q2\rolling.py:368#run_rollout,src\q2\test_dispatch.py:20#test_frozen_parameters_and_causal_prefix,main,True,True,processed/main/run_status.json;processed/main/dispatch.csv,主回放已完成334/334日；计算受限10日
Q2F-L0916-S1,916,2.7.2,sentence,允许 \(c_\tau^p\) 与 \(r_\tau^p\) 同时为正并不意味着实际同时充放电，因为第二阶段的负荷优先补救规则在任一时段只会激活一个方向。,src\q2\policy.py:15#Policy;src\q2\optimization.py:19#build_model;src\q2\rolling.py:368#run_rollout,src\q2\test_dispatch.py:20#test_frozen_parameters_and_causal_prefix,main,True,True,processed/main/run_status.json;processed/main/dispatch.csv,主回放已完成334/334日；计算受限10日
Q2F-L0916-S2,916,2.7.2,sentence,这样既避免在 0:00 人为锁死全天实际充放电轨迹，又保持真实运行中的物理互斥。,src\q2\policy.py:15#Policy;src\q2\optimization.py:19#build_model;src\q2\rolling.py:368#run_rollout,src\q2\test_dispatch.py:20#test_frozen_parameters_and_causal_prefix,main,True,True,processed/main/run_status.json;processed/main/dispatch.csv,主回放已完成334/334日；计算受限10日
Q2F-L0918-S1,918,2.7.3,markup,### 2.7.3 第二阶段：负荷优先的非前瞻储能补救,src\q2\policy.py:48#respond;src\q2\optimization.py:19#build_model,src\q2\test_dispatch.py:14#test_load_priority_and_soc_clipping;src\q2\test_dispatch.py:57#test_exact_indicator_mapping_fixed_random_paths,main,True,True,processed/main/run_status.json;processed/main/dispatch.csv,主回放已完成334/334日；计算受限10日
Q2F-L0920-S1,920,2.7.3,sentence,当随机场景 \(s\) 中的负荷与光伏逐时实现后，第二阶段产生场景相关的补救量,src\q2\policy.py:48#respond;src\q2\optimization.py:19#build_model,src\q2\test_dispatch.py:14#test_load_priority_and_soc_clipping;src\q2\test_dispatch.py:57#test_exact_indicator_mapping_fixed_random_paths,main,True,True,processed/main/run_status.json;processed/main/dispatch.csv,主回放已完成334/334日；计算受限10日
Q2F-L0922-S1,922,2.7.3,sentence,\[,src\q2\policy.py:48#respond;src\q2\optimization.py:19#build_model,src\q2\test_dispatch.py:14#test_load_priority_and_soc_clipping;src\q2\test_dispatch.py:57#test_exact_indicator_mapping_fixed_random_paths,main,True,True,processed/main/run_status.json;processed/main/dispatch.csv,主回放已完成334/334日；计算受限10日
Q2F-L0923-S1,923,2.7.3,sentence,\boxed{,src\q2\policy.py:48#respond;src\q2\optimization.py:19#build_model,src\q2\test_dispatch.py:14#test_load_priority_and_soc_clipping;src\q2\test_dispatch.py:57#test_exact_indicator_mapping_fixed_random_paths,main,True,True,processed/main/run_status.json;processed/main/dispatch.csv,主回放已完成334/334日；计算受限10日
Q2F-L0924-S1,924,2.7.3,sentence,y^{(s)},src\q2\policy.py:48#respond;src\q2\optimization.py:19#build_model,src\q2\test_dispatch.py:14#test_load_priority_and_soc_clipping;src\q2\test_dispatch.py:57#test_exact_indicator_mapping_fixed_random_paths,main,True,True,processed/main/run_status.json;processed/main/dispatch.csv,主回放已完成334/334日；计算受限10日
Q2F-L0925-S1,925,2.7.3,sentence,=,src\q2\policy.py:48#respond;src\q2\optimization.py:19#build_model,src\q2\test_dispatch.py:14#test_load_priority_and_soc_clipping;src\q2\test_dispatch.py:57#test_exact_indicator_mapping_fixed_random_paths,main,True,True,processed/main/run_status.json;processed/main/dispatch.csv,主回放已完成334/334日；计算受限10日
Q2F-L0926-S1,926,2.7.3,sentence,\left\{,src\q2\policy.py:48#respond;src\q2\optimization.py:19#build_model,src\q2\test_dispatch.py:14#test_load_priority_and_soc_clipping;src\q2\test_dispatch.py:57#test_exact_indicator_mapping_fixed_random_paths,main,True,True,processed/main/run_status.json;processed/main/dispatch.csv,主回放已完成334/334日；计算受限10日
Q2F-L0927-S1,927,2.7.3,sentence,"c_\tau^{(s)},r_\tau^{(s)},q_\tau^{(s)},w_\tau^{(s)},E_\tau^{(s)}",src\q2\policy.py:48#respond;src\q2\optimization.py:19#build_model,src\q2\test_dispatch.py:14#test_load_priority_and_soc_clipping;src\q2\test_dispatch.py:57#test_exact_indicator_mapping_fixed_random_paths,main,True,True,processed/main/run_status.json;processed/main/dispatch.csv,主回放已完成334/334日；计算受限10日
Q2F-L0928-S1,928,2.7.3,sentence,\right\}_{\tau=1}^{T}.,src\q2\policy.py:48#respond;src\q2\optimization.py:19#build_model,src\q2\test_dispatch.py:14#test_load_priority_and_soc_clipping;src\q2\test_dispatch.py:57#test_exact_indicator_mapping_fixed_random_paths,main,True,True,processed/main/run_status.json;processed/main/dispatch.csv,主回放已完成334/334日；计算受限10日
Q2F-L0929-S1,929,2.7.3,sentence,},src\q2\policy.py:48#respond;src\q2\optimization.py:19#build_model,src\q2\test_dispatch.py:14#test_load_priority_and_soc_clipping;src\q2\test_dispatch.py:57#test_exact_indicator_mapping_fixed_random_paths,main,True,True,processed/main/run_status.json;processed/main/dispatch.csv,主回放已完成334/334日；计算受限10日
Q2F-L0930-S1,930,2.7.3,sentence,\],src\q2\policy.py:48#respond;src\q2\optimization.py:19#build_model,src\q2\test_dispatch.py:14#test_load_priority_and_soc_clipping;src\q2\test_dispatch.py:57#test_exact_indicator_mapping_fixed_random_paths,main,True,True,processed/main/run_status.json;processed/main/dispatch.csv,主回放已完成334/334日；计算受限10日
Q2F-L0932-S1,932,2.7.3,sentence,其中，\(c_\tau^{(s)}\)、\(r_\tau^{(s)}\) 分别为实际充、放电量，\(q_\tau^{(s)}\) 为紧急购电量，\(w_\tau^{(s)}\) 为未利用电量，\(E_\tau^{(s)}\) 为储能状态。,src\q2\policy.py:48#respond;src\q2\optimization.py:19#build_model,src\q2\test_dispatch.py:14#test_load_priority_and_soc_clipping;src\q2\test_dispatch.py:57#test_exact_indicator_mapping_fixed_random_paths,main,True,True,processed/main/run_status.json;processed/main/dispatch.csv,主回放已完成334/334日；计算受限10日
Q2F-L0934-S1,934,2.7.3,sentence,需要强调的是，本文的第二阶段不是“完整场景一次性揭示后自由优化”的完美信息补救。,src\q2\policy.py:48#respond;src\q2\optimization.py:19#build_model,src\q2\test_dispatch.py:14#test_load_priority_and_soc_clipping;src\q2\test_dispatch.py:57#test_exact_indicator_mapping_fixed_random_paths,main,True,True,processed/main/run_status.json;processed/main/dispatch.csv,主回放已完成334/334日；计算受限10日
Q2F-L0934-S2,934,2.7.3,sentence,第 \(\tau\) 时段开始时，实际补救只能使用：,src\q2\policy.py:48#respond;src\q2\optimization.py:19#build_model,src\q2\test_dispatch.py:14#test_load_priority_and_soc_clipping;src\q2\test_dispatch.py:57#test_exact_indicator_mapping_fixed_random_paths,main,True,True,processed/main/run_status.json;processed/main/dispatch.csv,主回放已完成334/334日；计算受限10日
Q2F-L0936-S1,936,2.7.3,sentence,"- 第一阶段已经确定的 \(g_\tau,c_\tau^p,r_\tau^p\)；",src\q2\policy.py:48#respond;src\q2\optimization.py:19#build_model,src\q2\test_dispatch.py:14#test_load_priority_and_soc_clipping;src\q2\test_dispatch.py:57#test_exact_indicator_mapping_fixed_random_paths,main,True,True,processed/main/run_status.json;processed/main/dispatch.csv,主回放已完成334/334日；计算受限10日
Q2F-L0937-S1,937,2.7.3,sentence,- 当期已经实现的净负荷 \(n_\tau^{(s)}\)；,src\q2\policy.py:48#respond;src\q2\optimization.py:19#build_model,src\q2\test_dispatch.py:14#test_load_priority_and_soc_clipping;src\q2\test_dispatch.py:57#test_exact_indicator_mapping_fixed_random_paths,main,True,True,processed/main/run_status.json;processed/main/dispatch.csv,主回放已完成334/334日；计算受限10日
Q2F-L0938-S1,938,2.7.3,sentence,- 上一时段储能状态 \(E_{\tau-1}^{(s)}\)。,src\q2\policy.py:48#respond;src\q2\optimization.py:19#build_model,src\q2\test_dispatch.py:14#test_load_priority_and_soc_clipping;src\q2\test_dispatch.py:57#test_exact_indicator_mapping_fixed_random_paths,main,True,True,processed/main/run_status.json;processed/main/dispatch.csv,主回放已完成334/334日；计算受限10日
Q2F-L0940-S1,940,2.7.3,sentence,"不允许使用该场景未来 \(\tau+1,\tau+2,\ldots\) 时段的信息。",src\q2\policy.py:48#respond;src\q2\optimization.py:19#build_model,src\q2\test_dispatch.py:14#test_load_priority_and_soc_clipping;src\q2\test_dispatch.py:57#test_exact_indicator_mapping_fixed_random_paths,main,True,True,processed/main/run_status.json;processed/main/dispatch.csv,主回放已完成334/334日；计算受限10日
Q2F-L0940-S2,940,2.7.3,sentence,定义计划购电后的即时净缺口,src\q2\policy.py:48#respond;src\q2\optimization.py:19#build_model,src\q2\test_dispatch.py:14#test_load_priority_and_soc_clipping;src\q2\test_dispatch.py:57#test_exact_indicator_mapping_fixed_random_paths,main,True,True,processed/main/run_status.json;processed/main/dispatch.csv,主回放已完成334/334日；计算受限10日
Q2F-L0942-S1,942,2.7.3,sentence,\[,src\q2\policy.py:48#respond;src\q2\optimization.py:19#build_model,src\q2\test_dispatch.py:14#test_load_priority_and_soc_clipping;src\q2\test_dispatch.py:57#test_exact_indicator_mapping_fixed_random_paths,main,True,True,processed/main/run_status.json;processed/main/dispatch.csv,主回放已完成334/334日；计算受限10日
Q2F-L0943-S1,943,2.7.3,sentence,x_\tau^{(s)}=n_\tau^{(s)}-g_\tau.,src\q2\policy.py:48#respond;src\q2\optimization.py:19#build_model,src\q2\test_dispatch.py:14#test_load_priority_and_soc_clipping;src\q2\test_dispatch.py:57#test_exact_indicator_mapping_fixed_random_paths,main,True,True,processed/main/run_status.json;processed/main/dispatch.csv,主回放已完成334/334日；计算受限10日
Q2F-L0944-S1,944,2.7.3,sentence,\],src\q2\policy.py:48#respond;src\q2\optimization.py:19#build_model,src\q2\test_dispatch.py:14#test_load_priority_and_soc_clipping;src\q2\test_dispatch.py:57#test_exact_indicator_mapping_fixed_random_paths,main,True,True,processed/main/run_status.json;processed/main/dispatch.csv,主回放已完成334/334日；计算受限10日
Q2F-L0946-S1,946,2.7.3,sentence,若 \(x_\tau^{(s)}>0\)，说明计划购电与当期光伏合计仍不足以覆盖当前负荷。,src\q2\policy.py:48#respond;src\q2\optimization.py:19#build_model,src\q2\test_dispatch.py:14#test_load_priority_and_soc_clipping;src\q2\test_dispatch.py:57#test_exact_indicator_mapping_fixed_random_paths,main,True,True,processed/main/run_status.json;processed/main/dispatch.csv,主回放已完成334/334日；计算受限10日
Q2F-L0946-S2,946,2.7.3,sentence,此时取消充电，实际放电不超过第一阶段放电响应上限、当前缺口以及 SOC 可用能量：,src\q2\policy.py:48#respond;src\q2\optimization.py:19#build_model,src\q2\test_dispatch.py:14#test_load_priority_and_soc_clipping;src\q2\test_dispatch.py:57#test_exact_indicator_mapping_fixed_random_paths,main,True,True,processed/main/run_status.json;processed/main/dispatch.csv,主回放已完成334/334日；计算受限10日
Q2F-L0948-S1,948,2.7.3,sentence,\[,src\q2\policy.py:48#respond;src\q2\optimization.py:19#build_model,src\q2\test_dispatch.py:14#test_load_priority_and_soc_clipping;src\q2\test_dispatch.py:57#test_exact_indicator_mapping_fixed_random_paths,main,True,True,processed/main/run_status.json;processed/main/dispatch.csv,主回放已完成334/334日；计算受限10日
Q2F-L0949-S1,949,2.7.3,sentence,\boxed{,src\q2\policy.py:48#respond;src\q2\optimization.py:19#build_model,src\q2\test_dispatch.py:14#test_load_priority_and_soc_clipping;src\q2\test_dispatch.py:57#test_exact_indicator_mapping_fixed_random_paths,main,True,True,processed/main/run_status.json;processed/main/dispatch.csv,主回放已完成334/334日；计算受限10日
Q2F-L0950-S1,950,2.7.3,sentence,"c_\tau^{(s)}=0,",src\q2\policy.py:48#respond;src\q2\optimization.py:19#build_model,src\q2\test_dispatch.py:14#test_load_priority_and_soc_clipping;src\q2\test_dispatch.py:57#test_exact_indicator_mapping_fixed_random_paths,main,True,True,processed/main/run_status.json;processed/main/dispatch.csv,主回放已完成334/334日；计算受限10日
Q2F-L0951-S1,951,2.7.3,sentence,},src\q2\policy.py:48#respond;src\q2\optimization.py:19#build_model,src\q2\test_dispatch.py:14#test_load_priority_and_soc_clipping;src\q2\test_dispatch.py:57#test_exact_indicator_mapping_fixed_random_paths,main,True,True,processed/main/run_status.json;processed/main/dispatch.csv,主回放已完成334/334日；计算受限10日
Q2F-L0952-S1,952,2.7.3,sentence,\],src\q2\policy.py:48#respond;src\q2\optimization.py:19#build_model,src\q2\test_dispatch.py:14#test_load_priority_and_soc_clipping;src\q2\test_dispatch.py:57#test_exact_indicator_mapping_fixed_random_paths,main,True,True,processed/main/run_status.json;processed/main/dispatch.csv,主回放已完成334/334日；计算受限10日
Q2F-L0954-S1,954,2.7.3,sentence,\[,src\q2\policy.py:48#respond;src\q2\optimization.py:19#build_model,src\q2\test_dispatch.py:14#test_load_priority_and_soc_clipping;src\q2\test_dispatch.py:57#test_exact_indicator_mapping_fixed_random_paths,main,True,True,processed/main/run_status.json;processed/main/dispatch.csv,主回放已完成334/334日；计算受限10日
Q2F-L0955-S1,955,2.7.3,sentence,\boxed{,src\q2\policy.py:48#respond;src\q2\optimization.py:19#build_model,src\q2\test_dispatch.py:14#test_load_priority_and_soc_clipping;src\q2\test_dispatch.py:57#test_exact_indicator_mapping_fixed_random_paths,main,True,True,processed/main/run_status.json;processed/main/dispatch.csv,主回放已完成334/334日；计算受限10日
Q2F-L0956-S1,956,2.7.3,sentence,r_\tau^{(s)},src\q2\policy.py:48#respond;src\q2\optimization.py:19#build_model,src\q2\test_dispatch.py:14#test_load_priority_and_soc_clipping;src\q2\test_dispatch.py:57#test_exact_indicator_mapping_fixed_random_paths,main,True,True,processed/main/run_status.json;processed/main/dispatch.csv,主回放已完成334/334日；计算受限10日
Q2F-L0957-S1,957,2.7.3,sentence,=,src\q2\policy.py:48#respond;src\q2\optimization.py:19#build_model,src\q2\test_dispatch.py:14#test_load_priority_and_soc_clipping;src\q2\test_dispatch.py:57#test_exact_indicator_mapping_fixed_random_paths,main,True,True,processed/main/run_status.json;processed/main/dispatch.csv,主回放已完成334/334日；计算受限10日
Q2F-L0958-S1,958,2.7.3,sentence,\min\left\{,src\q2\policy.py:48#respond;src\q2\optimization.py:19#build_model,src\q2\test_dispatch.py:14#test_load_priority_and_soc_clipping;src\q2\test_dispatch.py:57#test_exact_indicator_mapping_fixed_random_paths,main,True,True,processed/main/run_status.json;processed/main/dispatch.csv,主回放已完成334/334日；计算受限10日
Q2F-L0959-S1,959,2.7.3,sentence,"r_\tau^{p},",src\q2\policy.py:48#respond;src\q2\optimization.py:19#build_model,src\q2\test_dispatch.py:14#test_load_priority_and_soc_clipping;src\q2\test_dispatch.py:57#test_exact_indicator_mapping_fixed_random_paths,main,True,True,processed/main/run_status.json;processed/main/dispatch.csv,主回放已完成334/334日；计算受限10日
Q2F-L0960-S1,960,2.7.3,sentence,"[x_\tau^{(s)}]_+,",src\q2\policy.py:48#respond;src\q2\optimization.py:19#build_model,src\q2\test_dispatch.py:14#test_load_priority_and_soc_clipping;src\q2\test_dispatch.py:57#test_exact_indicator_mapping_fixed_random_paths,main,True,True,processed/main/run_status.json;processed/main/dispatch.csv,主回放已完成334/334日；计算受限10日
Q2F-L0961-S1,961,2.7.3,sentence,\eta_d\bigl[E_{\tau-1}^{(s)}-E_{\min}-R_\tau\bigr]_+,src\q2\policy.py:48#respond;src\q2\optimization.py:19#build_model,src\q2\test_dispatch.py:14#test_load_priority_and_soc_clipping;src\q2\test_dispatch.py:57#test_exact_indicator_mapping_fixed_random_paths,main,True,True,processed/main/run_status.json;processed/main/dispatch.csv,主回放已完成334/334日；计算受限10日
Q2F-L0962-S1,962,2.7.3,sentence,\right\}.,src\q2\policy.py:48#respond;src\q2\optimization.py:19#build_model,src\q2\test_dispatch.py:14#test_load_priority_and_soc_clipping;src\q2\test_dispatch.py:57#test_exact_indicator_mapping_fixed_random_paths,main,True,True,processed/main/run_status.json;processed/main/dispatch.csv,主回放已完成334/334日；计算受限10日
Q2F-L0963-S1,963,2.7.3,sentence,},src\q2\policy.py:48#respond;src\q2\optimization.py:19#build_model,src\q2\test_dispatch.py:14#test_load_priority_and_soc_clipping;src\q2\test_dispatch.py:57#test_exact_indicator_mapping_fixed_random_paths,main,True,True,processed/main/run_status.json;processed/main/dispatch.csv,主回放已完成334/334日；计算受限10日
Q2F-L0964-S1,964,2.7.3,sentence,\],src\q2\policy.py:48#respond;src\q2\optimization.py:19#build_model,src\q2\test_dispatch.py:14#test_load_priority_and_soc_clipping;src\q2\test_dispatch.py:57#test_exact_indicator_mapping_fixed_random_paths,main,True,True,processed/main/run_status.json;processed/main/dispatch.csv,主回放已完成334/334日；计算受限10日
Q2F-L0966-S1,966,2.7.3,sentence,剩余仍未覆盖的小区负荷缺口才触发紧急购电：,src\q2\policy.py:48#respond;src\q2\optimization.py:19#build_model,src\q2\test_dispatch.py:14#test_load_priority_and_soc_clipping;src\q2\test_dispatch.py:57#test_exact_indicator_mapping_fixed_random_paths,main,True,True,processed/main/run_status.json;processed/main/dispatch.csv,主回放已完成334/334日；计算受限10日
Q2F-L0968-S1,968,2.7.3,sentence,\[,src\q2\policy.py:48#respond;src\q2\optimization.py:19#build_model,src\q2\test_dispatch.py:14#test_load_priority_and_soc_clipping;src\q2\test_dispatch.py:57#test_exact_indicator_mapping_fixed_random_paths,main,True,True,processed/main/run_status.json;processed/main/dispatch.csv,主回放已完成334/334日；计算受限10日
Q2F-L0969-S1,969,2.7.3,sentence,\boxed{,src\q2\policy.py:48#respond;src\q2\optimization.py:19#build_model,src\q2\test_dispatch.py:14#test_load_priority_and_soc_clipping;src\q2\test_dispatch.py:57#test_exact_indicator_mapping_fixed_random_paths,main,True,True,processed/main/run_status.json;processed/main/dispatch.csv,主回放已完成334/334日；计算受限10日
Q2F-L0970-S1,970,2.7.3,sentence,q_\tau^{(s)},src\q2\policy.py:48#respond;src\q2\optimization.py:19#build_model,src\q2\test_dispatch.py:14#test_load_priority_and_soc_clipping;src\q2\test_dispatch.py:57#test_exact_indicator_mapping_fixed_random_paths,main,True,True,processed/main/run_status.json;processed/main/dispatch.csv,主回放已完成334/334日；计算受限10日
Q2F-L0971-S1,971,2.7.3,sentence,=,src\q2\policy.py:48#respond;src\q2\optimization.py:19#build_model,src\q2\test_dispatch.py:14#test_load_priority_and_soc_clipping;src\q2\test_dispatch.py:57#test_exact_indicator_mapping_fixed_random_paths,main,True,True,processed/main/run_status.json;processed/main/dispatch.csv,主回放已完成334/334日；计算受限10日
Q2F-L0972-S1,972,2.7.3,sentence,\left[,src\q2\policy.py:48#respond;src\q2\optimization.py:19#build_model,src\q2\test_dispatch.py:14#test_load_priority_and_soc_clipping;src\q2\test_dispatch.py:57#test_exact_indicator_mapping_fixed_random_paths,main,True,True,processed/main/run_status.json;processed/main/dispatch.csv,主回放已完成334/334日；计算受限10日
Q2F-L0973-S1,973,2.7.3,sentence,x_\tau^{(s)}-r_\tau^{(s)},src\q2\policy.py:48#respond;src\q2\optimization.py:19#build_model,src\q2\test_dispatch.py:14#test_load_priority_and_soc_clipping;src\q2\test_dispatch.py:57#test_exact_indicator_mapping_fixed_random_paths,main,True,True,processed/main/run_status.json;processed/main/dispatch.csv,主回放已完成334/334日；计算受限10日
Q2F-L0974-S1,974,2.7.3,sentence,\right]_+.,src\q2\policy.py:48#respond;src\q2\optimization.py:19#build_model,src\q2\test_dispatch.py:14#test_load_priority_and_soc_clipping;src\q2\test_dispatch.py:57#test_exact_indicator_mapping_fixed_random_paths,main,True,True,processed/main/run_status.json;processed/main/dispatch.csv,主回放已完成334/334日；计算受限10日
Q2F-L0975-S1,975,2.7.3,sentence,},src\q2\policy.py:48#respond;src\q2\optimization.py:19#build_model,src\q2\test_dispatch.py:14#test_load_priority_and_soc_clipping;src\q2\test_dispatch.py:57#test_exact_indicator_mapping_fixed_random_paths,main,True,True,processed/main/run_status.json;processed/main/dispatch.csv,主回放已完成334/334日；计算受限10日
Q2F-L0976-S1,976,2.7.3,sentence,\],src\q2\policy.py:48#respond;src\q2\optimization.py:19#build_model,src\q2\test_dispatch.py:14#test_load_priority_and_soc_clipping;src\q2\test_dispatch.py:57#test_exact_indicator_mapping_fixed_random_paths,main,True,True,processed/main/run_status.json;processed/main/dispatch.csv,主回放已完成334/334日；计算受限10日
Q2F-L0978-S1,978,2.7.3,sentence,若 \(x_\tau^{(s)}<0\)，说明计划购电与当期光伏在满足负荷后仍有剩余。,src\q2\policy.py:48#respond;src\q2\optimization.py:19#build_model,src\q2\test_dispatch.py:14#test_load_priority_and_soc_clipping;src\q2\test_dispatch.py:57#test_exact_indicator_mapping_fixed_random_paths,main,True,True,processed/main/run_status.json;processed/main/dispatch.csv,主回放已完成334/334日；计算受限10日
Q2F-L0978-S2,978,2.7.3,sentence,此时不执行放电，并在剩余电量、电池剩余容量及第一阶段充电响应上限允许范围内充电：,src\q2\policy.py:48#respond;src\q2\optimization.py:19#build_model,src\q2\test_dispatch.py:14#test_load_priority_and_soc_clipping;src\q2\test_dispatch.py:57#test_exact_indicator_mapping_fixed_random_paths,main,True,True,processed/main/run_status.json;processed/main/dispatch.csv,主回放已完成334/334日；计算受限10日
Q2F-L0980-S1,980,2.7.3,sentence,\[,src\q2\policy.py:48#respond;src\q2\optimization.py:19#build_model,src\q2\test_dispatch.py:14#test_load_priority_and_soc_clipping;src\q2\test_dispatch.py:57#test_exact_indicator_mapping_fixed_random_paths,main,True,True,processed/main/run_status.json;processed/main/dispatch.csv,主回放已完成334/334日；计算受限10日
Q2F-L0981-S1,981,2.7.3,sentence,\boxed{,src\q2\policy.py:48#respond;src\q2\optimization.py:19#build_model,src\q2\test_dispatch.py:14#test_load_priority_and_soc_clipping;src\q2\test_dispatch.py:57#test_exact_indicator_mapping_fixed_random_paths,main,True,True,processed/main/run_status.json;processed/main/dispatch.csv,主回放已完成334/334日；计算受限10日
Q2F-L0982-S1,982,2.7.3,sentence,"r_\tau^{(s)}=0,",src\q2\policy.py:48#respond;src\q2\optimization.py:19#build_model,src\q2\test_dispatch.py:14#test_load_priority_and_soc_clipping;src\q2\test_dispatch.py:57#test_exact_indicator_mapping_fixed_random_paths,main,True,True,processed/main/run_status.json;processed/main/dispatch.csv,主回放已完成334/334日；计算受限10日
Q2F-L0983-S1,983,2.7.3,sentence,},src\q2\policy.py:48#respond;src\q2\optimization.py:19#build_model,src\q2\test_dispatch.py:14#test_load_priority_and_soc_clipping;src\q2\test_dispatch.py:57#test_exact_indicator_mapping_fixed_random_paths,main,True,True,processed/main/run_status.json;processed/main/dispatch.csv,主回放已完成334/334日；计算受限10日
Q2F-L0984-S1,984,2.7.3,sentence,\],src\q2\policy.py:48#respond;src\q2\optimization.py:19#build_model,src\q2\test_dispatch.py:14#test_load_priority_and_soc_clipping;src\q2\test_dispatch.py:57#test_exact_indicator_mapping_fixed_random_paths,main,True,True,processed/main/run_status.json;processed/main/dispatch.csv,主回放已完成334/334日；计算受限10日
Q2F-L0986-S1,986,2.7.3,sentence,\[,src\q2\policy.py:48#respond;src\q2\optimization.py:19#build_model,src\q2\test_dispatch.py:14#test_load_priority_and_soc_clipping;src\q2\test_dispatch.py:57#test_exact_indicator_mapping_fixed_random_paths,main,True,True,processed/main/run_status.json;processed/main/dispatch.csv,主回放已完成334/334日；计算受限10日
Q2F-L0987-S1,987,2.7.3,sentence,\boxed{,src\q2\policy.py:48#respond;src\q2\optimization.py:19#build_model,src\q2\test_dispatch.py:14#test_load_priority_and_soc_clipping;src\q2\test_dispatch.py:57#test_exact_indicator_mapping_fixed_random_paths,main,True,True,processed/main/run_status.json;processed/main/dispatch.csv,主回放已完成334/334日；计算受限10日
Q2F-L0988-S1,988,2.7.3,sentence,c_\tau^{(s)},src\q2\policy.py:48#respond;src\q2\optimization.py:19#build_model,src\q2\test_dispatch.py:14#test_load_priority_and_soc_clipping;src\q2\test_dispatch.py:57#test_exact_indicator_mapping_fixed_random_paths,main,True,True,processed/main/run_status.json;processed/main/dispatch.csv,主回放已完成334/334日；计算受限10日
Q2F-L0989-S1,989,2.7.3,sentence,=,src\q2\policy.py:48#respond;src\q2\optimization.py:19#build_model,src\q2\test_dispatch.py:14#test_load_priority_and_soc_clipping;src\q2\test_dispatch.py:57#test_exact_indicator_mapping_fixed_random_paths,main,True,True,processed/main/run_status.json;processed/main/dispatch.csv,主回放已完成334/334日；计算受限10日
Q2F-L0990-S1,990,2.7.3,sentence,\min\left\{,src\q2\policy.py:48#respond;src\q2\optimization.py:19#build_model,src\q2\test_dispatch.py:14#test_load_priority_and_soc_clipping;src\q2\test_dispatch.py:57#test_exact_indicator_mapping_fixed_random_paths,main,True,True,processed/main/run_status.json;processed/main/dispatch.csv,主回放已完成334/334日；计算受限10日
Q2F-L0991-S1,991,2.7.3,sentence,"c_\tau^{p},",src\q2\policy.py:48#respond;src\q2\optimization.py:19#build_model,src\q2\test_dispatch.py:14#test_load_priority_and_soc_clipping;src\q2\test_dispatch.py:57#test_exact_indicator_mapping_fixed_random_paths,main,True,True,processed/main/run_status.json;processed/main/dispatch.csv,主回放已完成334/334日；计算受限10日
Q2F-L0992-S1,992,2.7.3,sentence,"[-x_\tau^{(s)}]_+,",src\q2\policy.py:48#respond;src\q2\optimization.py:19#build_model,src\q2\test_dispatch.py:14#test_load_priority_and_soc_clipping;src\q2\test_dispatch.py:57#test_exact_indicator_mapping_fixed_random_paths,main,True,True,processed/main/run_status.json;processed/main/dispatch.csv,主回放已完成334/334日；计算受限10日
Q2F-L0993-S1,993,2.7.3,sentence,\frac{E_{\max}-E_{\tau-1}^{(s)}}{\eta_c},src\q2\policy.py:48#respond;src\q2\optimization.py:19#build_model,src\q2\test_dispatch.py:14#test_load_priority_and_soc_clipping;src\q2\test_dispatch.py:57#test_exact_indicator_mapping_fixed_random_paths,main,True,True,processed/main/run_status.json;processed/main/dispatch.csv,主回放已完成334/334日；计算受限10日
Q2F-L0994-S1,994,2.7.3,sentence,\right\}.,src\q2\policy.py:48#respond;src\q2\optimization.py:19#build_model,src\q2\test_dispatch.py:14#test_load_priority_and_soc_clipping;src\q2\test_dispatch.py:57#test_exact_indicator_mapping_fixed_random_paths,main,True,True,processed/main/run_status.json;processed/main/dispatch.csv,主回放已完成334/334日；计算受限10日
Q2F-L0995-S1,995,2.7.3,sentence,},src\q2\policy.py:48#respond;src\q2\optimization.py:19#build_model,src\q2\test_dispatch.py:14#test_load_priority_and_soc_clipping;src\q2\test_dispatch.py:57#test_exact_indicator_mapping_fixed_random_paths,main,True,True,processed/main/run_status.json;processed/main/dispatch.csv,主回放已完成334/334日；计算受限10日
Q2F-L0996-S1,996,2.7.3,sentence,\],src\q2\policy.py:48#respond;src\q2\optimization.py:19#build_model,src\q2\test_dispatch.py:14#test_load_priority_and_soc_clipping;src\q2\test_dispatch.py:57#test_exact_indicator_mapping_fixed_random_paths,main,True,True,processed/main/run_status.json;processed/main/dispatch.csv,主回放已完成334/334日；计算受限10日
Q2F-L0998-S1,998,2.7.3,sentence,剩余仍无法被负荷或储能吸收的部分记为未利用电量：,src\q2\policy.py:48#respond;src\q2\optimization.py:19#build_model,src\q2\test_dispatch.py:14#test_load_priority_and_soc_clipping;src\q2\test_dispatch.py:57#test_exact_indicator_mapping_fixed_random_paths,main,True,True,processed/main/run_status.json;processed/main/dispatch.csv,主回放已完成334/334日；计算受限10日
Q2F-L1000-S1,1000,2.7.3,sentence,\[,src\q2\policy.py:48#respond;src\q2\optimization.py:19#build_model,src\q2\test_dispatch.py:14#test_load_priority_and_soc_clipping;src\q2\test_dispatch.py:57#test_exact_indicator_mapping_fixed_random_paths,main,True,True,processed/main/run_status.json;processed/main/dispatch.csv,主回放已完成334/334日；计算受限10日
Q2F-L1001-S1,1001,2.7.3,sentence,\boxed{,src\q2\policy.py:48#respond;src\q2\optimization.py:19#build_model,src\q2\test_dispatch.py:14#test_load_priority_and_soc_clipping;src\q2\test_dispatch.py:57#test_exact_indicator_mapping_fixed_random_paths,main,True,True,processed/main/run_status.json;processed/main/dispatch.csv,主回放已完成334/334日；计算受限10日
Q2F-L1002-S1,1002,2.7.3,sentence,w_\tau^{(s)},src\q2\policy.py:48#respond;src\q2\optimization.py:19#build_model,src\q2\test_dispatch.py:14#test_load_priority_and_soc_clipping;src\q2\test_dispatch.py:57#test_exact_indicator_mapping_fixed_random_paths,main,True,True,processed/main/run_status.json;processed/main/dispatch.csv,主回放已完成334/334日；计算受限10日
Q2F-L1003-S1,1003,2.7.3,sentence,=,src\q2\policy.py:48#respond;src\q2\optimization.py:19#build_model,src\q2\test_dispatch.py:14#test_load_priority_and_soc_clipping;src\q2\test_dispatch.py:57#test_exact_indicator_mapping_fixed_random_paths,main,True,True,processed/main/run_status.json;processed/main/dispatch.csv,主回放已完成334/334日；计算受限10日
Q2F-L1004-S1,1004,2.7.3,sentence,\left[,src\q2\policy.py:48#respond;src\q2\optimization.py:19#build_model,src\q2\test_dispatch.py:14#test_load_priority_and_soc_clipping;src\q2\test_dispatch.py:57#test_exact_indicator_mapping_fixed_random_paths,main,True,True,processed/main/run_status.json;processed/main/dispatch.csv,主回放已完成334/334日；计算受限10日
Q2F-L1005-S1,1005,2.7.3,sentence,g_\tau+r_\tau^{(s)}-n_\tau^{(s)}-c_\tau^{(s)},src\q2\policy.py:48#respond;src\q2\optimization.py:19#build_model,src\q2\test_dispatch.py:14#test_load_priority_and_soc_clipping;src\q2\test_dispatch.py:57#test_exact_indicator_mapping_fixed_random_paths,main,True,True,processed/main/run_status.json;processed/main/dispatch.csv,主回放已完成334/334日；计算受限10日
Q2F-L1006-S1,1006,2.7.3,sentence,\right]_+.,src\q2\policy.py:48#respond;src\q2\optimization.py:19#build_model,src\q2\test_dispatch.py:14#test_load_priority_and_soc_clipping;src\q2\test_dispatch.py:57#test_exact_indicator_mapping_fixed_random_paths,main,True,True,processed/main/run_status.json;processed/main/dispatch.csv,主回放已完成334/334日；计算受限10日
Q2F-L1007-S1,1007,2.7.3,sentence,},src\q2\policy.py:48#respond;src\q2\optimization.py:19#build_model,src\q2\test_dispatch.py:14#test_load_priority_and_soc_clipping;src\q2\test_dispatch.py:57#test_exact_indicator_mapping_fixed_random_paths,main,True,True,processed/main/run_status.json;processed/main/dispatch.csv,主回放已完成334/334日；计算受限10日
Q2F-L1008-S1,1008,2.7.3,sentence,\],src\q2\policy.py:48#respond;src\q2\optimization.py:19#build_model,src\q2\test_dispatch.py:14#test_load_priority_and_soc_clipping;src\q2\test_dispatch.py:57#test_exact_indicator_mapping_fixed_random_paths,main,True,True,processed/main/run_status.json;processed/main/dispatch.csv,主回放已完成334/334日；计算受限10日
Q2F-L1010-S1,1010,2.7.3,sentence,于是第二阶段补救满足,src\q2\policy.py:48#respond;src\q2\optimization.py:19#build_model,src\q2\test_dispatch.py:14#test_load_priority_and_soc_clipping;src\q2\test_dispatch.py:57#test_exact_indicator_mapping_fixed_random_paths,main,True,True,processed/main/run_status.json;processed/main/dispatch.csv,主回放已完成334/334日；计算受限10日
Q2F-L1012-S1,1012,2.7.3,sentence,\[,src\q2\policy.py:48#respond;src\q2\optimization.py:19#build_model,src\q2\test_dispatch.py:14#test_load_priority_and_soc_clipping;src\q2\test_dispatch.py:57#test_exact_indicator_mapping_fixed_random_paths,main,True,True,processed/main/run_status.json;processed/main/dispatch.csv,主回放已完成334/334日；计算受限10日
Q2F-L1013-S1,1013,2.7.3,sentence,\boxed{,src\q2\policy.py:48#respond;src\q2\optimization.py:19#build_model,src\q2\test_dispatch.py:14#test_load_priority_and_soc_clipping;src\q2\test_dispatch.py:57#test_exact_indicator_mapping_fixed_random_paths,main,True,True,processed/main/run_status.json;processed/main/dispatch.csv,主回放已完成334/334日；计算受限10日
Q2F-L1014-S1,1014,2.7.3,sentence,q_\tau^{(s)}>0,src\q2\policy.py:48#respond;src\q2\optimization.py:19#build_model,src\q2\test_dispatch.py:14#test_load_priority_and_soc_clipping;src\q2\test_dispatch.py:57#test_exact_indicator_mapping_fixed_random_paths,main,True,True,processed/main/run_status.json;processed/main/dispatch.csv,主回放已完成334/334日；计算受限10日
Q2F-L1015-S1,1015,2.7.3,sentence,\Rightarrow,src\q2\policy.py:48#respond;src\q2\optimization.py:19#build_model,src\q2\test_dispatch.py:14#test_load_priority_and_soc_clipping;src\q2\test_dispatch.py:57#test_exact_indicator_mapping_fixed_random_paths,main,True,True,processed/main/run_status.json;processed/main/dispatch.csv,主回放已完成334/334日；计算受限10日
Q2F-L1016-S1,1016,2.7.3,sentence,"c_\tau^{(s)}=0,",src\q2\policy.py:48#respond;src\q2\optimization.py:19#build_model,src\q2\test_dispatch.py:14#test_load_priority_and_soc_clipping;src\q2\test_dispatch.py:57#test_exact_indicator_mapping_fixed_random_paths,main,True,True,processed/main/run_status.json;processed/main/dispatch.csv,主回放已完成334/334日；计算受限10日
Q2F-L1017-S1,1017,2.7.3,sentence,},src\q2\policy.py:48#respond;src\q2\optimization.py:19#build_model,src\q2\test_dispatch.py:14#test_load_priority_and_soc_clipping;src\q2\test_dispatch.py:57#test_exact_indicator_mapping_fixed_random_paths,main,True,True,processed/main/run_status.json;processed/main/dispatch.csv,主回放已完成334/334日；计算受限10日
Q2F-L1018-S1,1018,2.7.3,sentence,\],src\q2\policy.py:48#respond;src\q2\optimization.py:19#build_model,src\q2\test_dispatch.py:14#test_load_priority_and_soc_clipping;src\q2\test_dispatch.py:57#test_exact_indicator_mapping_fixed_random_paths,main,True,True,processed/main/run_status.json;processed/main/dispatch.csv,主回放已完成334/334日；计算受限10日
Q2F-L1020-S1,1020,2.7.3,sentence,即绝不会为了完成充电计划而按 5 倍价格紧急购电。,src\q2\policy.py:48#respond;src\q2\optimization.py:19#build_model,src\q2\test_dispatch.py:14#test_load_priority_and_soc_clipping;src\q2\test_dispatch.py:57#test_exact_indicator_mapping_fixed_random_paths,main,True,True,processed/main/run_status.json;processed/main/dispatch.csv,主回放已完成334/334日；计算受限10日
Q2F-L1020-S2,1020,2.7.3,sentence,该规则本质上是对两阶段随机规划第二阶段补救集合施加的**非前瞻、负荷优先约束**，其作用是保证第二阶段补救与实际运行时的信息结构一致。,src\q2\policy.py:48#respond;src\q2\optimization.py:19#build_model,src\q2\test_dispatch.py:14#test_load_priority_and_soc_clipping;src\q2\test_dispatch.py:57#test_exact_indicator_mapping_fixed_random_paths,main,True,True,processed/main/run_status.json;processed/main/dispatch.csv,主回放已完成334/334日；计算受限10日
Q2F-L1022-S1,1022,2.7.4,markup,### 2.7.4 动态 SOC 安全裕度：防止储能提前耗尽,src\q2\scenarios.py:50#dynamic_reserve;src\q2\policy.py:48#respond;src\q2\policy.py:88#validate_replay;src\q2\optimization.py:19#build_model,src\q2\test_dispatch.py:93#test_cumulative_pressure_and_dynamic_reserve_use_kwh_paths;src\q2\test_dispatch.py:39#test_indicator_model_and_replay_share_dynamic_reserve;src\q2\test_linear_policy.py:57#test_dynamic_reserve_linear_native_and_replay_are_equivalent,main,True,True,processed/main/run_status.json;processed/main/dispatch.csv,主回放已完成334/334日；计算受限10日
Q2F-L1024-S1,1024,2.7.4,sentence,储能的物理下限为 \(E_{\min}=1200\text{ kWh}\)。,src\q2\scenarios.py:50#dynamic_reserve;src\q2\policy.py:48#respond;src\q2\policy.py:88#validate_replay;src\q2\optimization.py:19#build_model,src\q2\test_dispatch.py:93#test_cumulative_pressure_and_dynamic_reserve_use_kwh_paths;src\q2\test_dispatch.py:39#test_indicator_model_and_replay_share_dynamic_reserve;src\q2\test_linear_policy.py:57#test_dynamic_reserve_linear_native_and_replay_are_equivalent,main,True,True,processed/main/run_status.json;processed/main/dispatch.csv,主回放已完成334/334日；计算受限10日
Q2F-L1024-S2,1024,2.7.4,sentence,当日前预测在前序时段连续低估净负荷时，若储能过早承担大量供需缺口，则晚高峰到来前可能已经逼近物理下限。,src\q2\scenarios.py:50#dynamic_reserve;src\q2\policy.py:48#respond;src\q2\policy.py:88#validate_replay;src\q2\optimization.py:19#build_model,src\q2\test_dispatch.py:93#test_cumulative_pressure_and_dynamic_reserve_use_kwh_paths;src\q2\test_dispatch.py:39#test_indicator_model_and_replay_share_dynamic_reserve;src\q2\test_linear_policy.py:57#test_dynamic_reserve_linear_native_and_replay_are_equivalent,main,True,True,processed/main/run_status.json;processed/main/dispatch.csv,主回放已完成334/334日；计算受限10日
Q2F-L1024-S3,1024,2.7.4,sentence,为降低这种路径依赖造成的高额紧急购电风险，本文设置随时段变化的运行安全裕度。,src\q2\scenarios.py:50#dynamic_reserve;src\q2\policy.py:48#respond;src\q2\policy.py:88#validate_replay;src\q2\optimization.py:19#build_model,src\q2\test_dispatch.py:93#test_cumulative_pressure_and_dynamic_reserve_use_kwh_paths;src\q2\test_dispatch.py:39#test_indicator_model_and_replay_share_dynamic_reserve;src\q2\test_linear_policy.py:57#test_dynamic_reserve_linear_native_and_replay_are_equivalent,main,True,True,processed/main/run_status.json;processed/main/dispatch.csv,主回放已完成334/334日；计算受限10日
Q2F-L1026-S1,1026,2.7.4,sentence,为避免这种“前期误差透支后期储能”的路径风险，本文在不改变物理下限的前提下，引入**随时段变化的运行安全裕度** \(R_\tau\)。,src\q2\scenarios.py:50#dynamic_reserve;src\q2\policy.py:48#respond;src\q2\policy.py:88#validate_replay;src\q2\optimization.py:19#build_model,src\q2\test_dispatch.py:93#test_cumulative_pressure_and_dynamic_reserve_use_kwh_paths;src\q2\test_dispatch.py:39#test_indicator_model_and_replay_share_dynamic_reserve;src\q2\test_linear_policy.py:57#test_dynamic_reserve_linear_native_and_replay_are_equivalent,main,True,True,processed/main/run_status.json;processed/main/dispatch.csv,主回放已完成334/334日；计算受限10日
Q2F-L1026-S2,1026,2.7.4,sentence,\(R_\tau\) 在每天 0:00 根据历史样本外净负荷误差块一次性计算并冻结，日内执行过程中不使用未来真实信息。,src\q2\scenarios.py:50#dynamic_reserve;src\q2\policy.py:48#respond;src\q2\policy.py:88#validate_replay;src\q2\optimization.py:19#build_model,src\q2\test_dispatch.py:93#test_cumulative_pressure_and_dynamic_reserve_use_kwh_paths;src\q2\test_dispatch.py:39#test_indicator_model_and_replay_share_dynamic_reserve;src\q2\test_linear_policy.py:57#test_dynamic_reserve_linear_native_and_replay_are_equivalent,main,True,True,processed/main/run_status.json;processed/main/dispatch.csv,主回放已完成334/334日；计算受限10日
Q2F-L1028-S1,1028,2.7.4,sentence,对历史误差块 \(j\)，定义从时段 \(\tau\) 开始到当日结束的最大累计净负荷低估量,src\q2\scenarios.py:50#dynamic_reserve;src\q2\policy.py:48#respond;src\q2\policy.py:88#validate_replay;src\q2\optimization.py:19#build_model,src\q2\test_dispatch.py:93#test_cumulative_pressure_and_dynamic_reserve_use_kwh_paths;src\q2\test_dispatch.py:39#test_indicator_model_and_replay_share_dynamic_reserve;src\q2\test_linear_policy.py:57#test_dynamic_reserve_linear_native_and_replay_are_equivalent,main,True,True,processed/main/run_status.json;processed/main/dispatch.csv,主回放已完成334/334日；计算受限10日
Q2F-L1030-S1,1030,2.7.4,sentence,\[,src\q2\scenarios.py:50#dynamic_reserve;src\q2\policy.py:48#respond;src\q2\policy.py:88#validate_replay;src\q2\optimization.py:19#build_model,src\q2\test_dispatch.py:93#test_cumulative_pressure_and_dynamic_reserve_use_kwh_paths;src\q2\test_dispatch.py:39#test_indicator_model_and_replay_share_dynamic_reserve;src\q2\test_linear_policy.py:57#test_dynamic_reserve_linear_native_and_replay_are_equivalent,main,True,True,processed/main/run_status.json;processed/main/dispatch.csv,主回放已完成334/334日；计算受限10日
Q2F-L1031-S1,1031,2.7.4,sentence,\boxed{,src\q2\scenarios.py:50#dynamic_reserve;src\q2\policy.py:48#respond;src\q2\policy.py:88#validate_replay;src\q2\optimization.py:19#build_model,src\q2\test_dispatch.py:93#test_cumulative_pressure_and_dynamic_reserve_use_kwh_paths;src\q2\test_dispatch.py:39#test_indicator_model_and_replay_share_dynamic_reserve;src\q2\test_linear_policy.py:57#test_dynamic_reserve_linear_native_and_replay_are_equivalent,main,True,True,processed/main/run_status.json;processed/main/dispatch.csv,主回放已完成334/334日；计算受限10日
Q2F-L1032-S1,1032,2.7.4,sentence,"B_{j,\tau}",src\q2\scenarios.py:50#dynamic_reserve;src\q2\policy.py:48#respond;src\q2\policy.py:88#validate_replay;src\q2\optimization.py:19#build_model,src\q2\test_dispatch.py:93#test_cumulative_pressure_and_dynamic_reserve_use_kwh_paths;src\q2\test_dispatch.py:39#test_indicator_model_and_replay_share_dynamic_reserve;src\q2\test_linear_policy.py:57#test_dynamic_reserve_linear_native_and_replay_are_equivalent,main,True,True,processed/main/run_status.json;processed/main/dispatch.csv,主回放已完成334/334日；计算受限10日
Q2F-L1033-S1,1033,2.7.4,sentence,=,src\q2\scenarios.py:50#dynamic_reserve;src\q2\policy.py:48#respond;src\q2\policy.py:88#validate_replay;src\q2\optimization.py:19#build_model,src\q2\test_dispatch.py:93#test_cumulative_pressure_and_dynamic_reserve_use_kwh_paths;src\q2\test_dispatch.py:39#test_indicator_model_and_replay_share_dynamic_reserve;src\q2\test_linear_policy.py:57#test_dynamic_reserve_linear_native_and_replay_are_equivalent,main,True,True,processed/main/run_status.json;processed/main/dispatch.csv,主回放已完成334/334日；计算受限10日
Q2F-L1034-S1,1034,2.7.4,sentence,\max_{\tau\le k\le 144},src\q2\scenarios.py:50#dynamic_reserve;src\q2\policy.py:48#respond;src\q2\policy.py:88#validate_replay;src\q2\optimization.py:19#build_model,src\q2\test_dispatch.py:93#test_cumulative_pressure_and_dynamic_reserve_use_kwh_paths;src\q2\test_dispatch.py:39#test_indicator_model_and_replay_share_dynamic_reserve;src\q2\test_linear_policy.py:57#test_dynamic_reserve_linear_native_and_replay_are_equivalent,main,True,True,processed/main/run_status.json;processed/main/dispatch.csv,主回放已完成334/334日；计算受限10日
Q2F-L1035-S1,1035,2.7.4,sentence,\left[,src\q2\scenarios.py:50#dynamic_reserve;src\q2\policy.py:48#respond;src\q2\policy.py:88#validate_replay;src\q2\optimization.py:19#build_model,src\q2\test_dispatch.py:93#test_cumulative_pressure_and_dynamic_reserve_use_kwh_paths;src\q2\test_dispatch.py:39#test_indicator_model_and_replay_share_dynamic_reserve;src\q2\test_linear_policy.py:57#test_dynamic_reserve_linear_native_and_replay_are_equivalent,main,True,True,processed/main/run_status.json;processed/main/dispatch.csv,主回放已完成334/334日；计算受限10日
Q2F-L1036-S1,1036,2.7.4,sentence,"\sum_{u=\tau}^{k} e_{j,u}^{N}",src\q2\scenarios.py:50#dynamic_reserve;src\q2\policy.py:48#respond;src\q2\policy.py:88#validate_replay;src\q2\optimization.py:19#build_model,src\q2\test_dispatch.py:93#test_cumulative_pressure_and_dynamic_reserve_use_kwh_paths;src\q2\test_dispatch.py:39#test_indicator_model_and_replay_share_dynamic_reserve;src\q2\test_linear_policy.py:57#test_dynamic_reserve_linear_native_and_replay_are_equivalent,main,True,True,processed/main/run_status.json;processed/main/dispatch.csv,主回放已完成334/334日；计算受限10日
Q2F-L1037-S1,1037,2.7.4,sentence,\right]_+ .,src\q2\scenarios.py:50#dynamic_reserve;src\q2\policy.py:48#respond;src\q2\policy.py:88#validate_replay;src\q2\optimization.py:19#build_model,src\q2\test_dispatch.py:93#test_cumulative_pressure_and_dynamic_reserve_use_kwh_paths;src\q2\test_dispatch.py:39#test_indicator_model_and_replay_share_dynamic_reserve;src\q2\test_linear_policy.py:57#test_dynamic_reserve_linear_native_and_replay_are_equivalent,main,True,True,processed/main/run_status.json;processed/main/dispatch.csv,主回放已完成334/334日；计算受限10日
Q2F-L1038-S1,1038,2.7.4,sentence,},src\q2\scenarios.py:50#dynamic_reserve;src\q2\policy.py:48#respond;src\q2\policy.py:88#validate_replay;src\q2\optimization.py:19#build_model,src\q2\test_dispatch.py:93#test_cumulative_pressure_and_dynamic_reserve_use_kwh_paths;src\q2\test_dispatch.py:39#test_indicator_model_and_replay_share_dynamic_reserve;src\q2\test_linear_policy.py:57#test_dynamic_reserve_linear_native_and_replay_are_equivalent,main,True,True,processed/main/run_status.json;processed/main/dispatch.csv,主回放已完成334/334日；计算受限10日
Q2F-L1039-S1,1039,2.7.4,sentence,\],src\q2\scenarios.py:50#dynamic_reserve;src\q2\policy.py:48#respond;src\q2\policy.py:88#validate_replay;src\q2\optimization.py:19#build_model,src\q2\test_dispatch.py:93#test_cumulative_pressure_and_dynamic_reserve_use_kwh_paths;src\q2\test_dispatch.py:39#test_indicator_model_and_replay_share_dynamic_reserve;src\q2\test_linear_policy.py:57#test_dynamic_reserve_linear_native_and_replay_are_equivalent,main,True,True,processed/main/run_status.json;processed/main/dispatch.csv,主回放已完成334/334日；计算受限10日
Q2F-L1041-S1,1041,2.7.4,sentence,"其中负误差可以抵消后续正误差，因此 \(B_{j,\tau}\) 描述从当前时刻向后看，历史上为了抵御连续预测低估所需要的最大额外母线侧电量。",src\q2\scenarios.py:50#dynamic_reserve;src\q2\policy.py:48#respond;src\q2\policy.py:88#validate_replay;src\q2\optimization.py:19#build_model,src\q2\test_dispatch.py:93#test_cumulative_pressure_and_dynamic_reserve_use_kwh_paths;src\q2\test_dispatch.py:39#test_indicator_model_and_replay_share_dynamic_reserve;src\q2\test_linear_policy.py:57#test_dynamic_reserve_linear_native_and_replay_are_equivalent,main,True,True,processed/main/run_status.json;processed/main/dispatch.csv,主回放已完成334/334日；计算受限10日
Q2F-L1041-S2,1041,2.7.4,sentence,受第 2.6 节 80% 临界分位结构启发，主方案以 0.8 作为动态安全裕度的经济性基准分位，取,src\q2\scenarios.py:50#dynamic_reserve;src\q2\policy.py:48#respond;src\q2\policy.py:88#validate_replay;src\q2\optimization.py:19#build_model,src\q2\test_dispatch.py:93#test_cumulative_pressure_and_dynamic_reserve_use_kwh_paths;src\q2\test_dispatch.py:39#test_indicator_model_and_replay_share_dynamic_reserve;src\q2\test_linear_policy.py:57#test_dynamic_reserve_linear_native_and_replay_are_equivalent,main,True,True,processed/main/run_status.json;processed/main/dispatch.csv,主回放已完成334/334日；计算受限10日
Q2F-L1043-S1,1043,2.7.4,sentence,\[,src\q2\scenarios.py:50#dynamic_reserve;src\q2\policy.py:48#respond;src\q2\policy.py:88#validate_replay;src\q2\optimization.py:19#build_model,src\q2\test_dispatch.py:93#test_cumulative_pressure_and_dynamic_reserve_use_kwh_paths;src\q2\test_dispatch.py:39#test_indicator_model_and_replay_share_dynamic_reserve;src\q2\test_linear_policy.py:57#test_dynamic_reserve_linear_native_and_replay_are_equivalent,main,True,True,processed/main/run_status.json;processed/main/dispatch.csv,主回放已完成334/334日；计算受限10日
Q2F-L1044-S1,1044,2.7.4,sentence,\boxed{,src\q2\scenarios.py:50#dynamic_reserve;src\q2\policy.py:48#respond;src\q2\policy.py:88#validate_replay;src\q2\optimization.py:19#build_model,src\q2\test_dispatch.py:93#test_cumulative_pressure_and_dynamic_reserve_use_kwh_paths;src\q2\test_dispatch.py:39#test_indicator_model_and_replay_share_dynamic_reserve;src\q2\test_linear_policy.py:57#test_dynamic_reserve_linear_native_and_replay_are_equivalent,main,True,True,processed/main/run_status.json;processed/main/dispatch.csv,主回放已完成334/334日；计算受限10日
Q2F-L1045-S1,1045,2.7.4,sentence,R_\tau,src\q2\scenarios.py:50#dynamic_reserve;src\q2\policy.py:48#respond;src\q2\policy.py:88#validate_replay;src\q2\optimization.py:19#build_model,src\q2\test_dispatch.py:93#test_cumulative_pressure_and_dynamic_reserve_use_kwh_paths;src\q2\test_dispatch.py:39#test_indicator_model_and_replay_share_dynamic_reserve;src\q2\test_linear_policy.py:57#test_dynamic_reserve_linear_native_and_replay_are_equivalent,main,True,True,processed/main/run_status.json;processed/main/dispatch.csv,主回放已完成334/334日；计算受限10日
Q2F-L1046-S1,1046,2.7.4,sentence,=,src\q2\scenarios.py:50#dynamic_reserve;src\q2\policy.py:48#respond;src\q2\policy.py:88#validate_replay;src\q2\optimization.py:19#build_model,src\q2\test_dispatch.py:93#test_cumulative_pressure_and_dynamic_reserve_use_kwh_paths;src\q2\test_dispatch.py:39#test_indicator_model_and_replay_share_dynamic_reserve;src\q2\test_linear_policy.py:57#test_dynamic_reserve_linear_native_and_replay_are_equivalent,main,True,True,processed/main/run_status.json;processed/main/dispatch.csv,主回放已完成334/334日；计算受限10日
Q2F-L1047-S1,1047,2.7.4,sentence,\min\left\{,src\q2\scenarios.py:50#dynamic_reserve;src\q2\policy.py:48#respond;src\q2\policy.py:88#validate_replay;src\q2\optimization.py:19#build_model,src\q2\test_dispatch.py:93#test_cumulative_pressure_and_dynamic_reserve_use_kwh_paths;src\q2\test_dispatch.py:39#test_indicator_model_and_replay_share_dynamic_reserve;src\q2\test_linear_policy.py:57#test_dynamic_reserve_linear_native_and_replay_are_equivalent,main,True,True,processed/main/run_status.json;processed/main/dispatch.csv,主回放已完成334/334日；计算受限10日
Q2F-L1048-S1,1048,2.7.4,sentence,"E_{\max}-E_{\min},",src\q2\scenarios.py:50#dynamic_reserve;src\q2\policy.py:48#respond;src\q2\policy.py:88#validate_replay;src\q2\optimization.py:19#build_model,src\q2\test_dispatch.py:93#test_cumulative_pressure_and_dynamic_reserve_use_kwh_paths;src\q2\test_dispatch.py:39#test_indicator_model_and_replay_share_dynamic_reserve;src\q2\test_linear_policy.py:57#test_dynamic_reserve_linear_native_and_replay_are_equivalent,main,True,True,processed/main/run_status.json;processed/main/dispatch.csv,主回放已完成334/334日；计算受限10日
Q2F-L1049-S1,1049,2.7.4,sentence,\frac{1}{\eta_d},src\q2\scenarios.py:50#dynamic_reserve;src\q2\policy.py:48#respond;src\q2\policy.py:88#validate_replay;src\q2\optimization.py:19#build_model,src\q2\test_dispatch.py:93#test_cumulative_pressure_and_dynamic_reserve_use_kwh_paths;src\q2\test_dispatch.py:39#test_indicator_model_and_replay_share_dynamic_reserve;src\q2\test_linear_policy.py:57#test_dynamic_reserve_linear_native_and_replay_are_equivalent,main,True,True,processed/main/run_status.json;processed/main/dispatch.csv,主回放已完成334/334日；计算受限10日
Q2F-L1050-S1,1050,2.7.4,sentence,"Q_{0.8}\!\left(\{B_{j,\tau}\}_{j\in\mathcal J_d}\right)",src\q2\scenarios.py:50#dynamic_reserve;src\q2\policy.py:48#respond;src\q2\policy.py:88#validate_replay;src\q2\optimization.py:19#build_model,src\q2\test_dispatch.py:93#test_cumulative_pressure_and_dynamic_reserve_use_kwh_paths;src\q2\test_dispatch.py:39#test_indicator_model_and_replay_share_dynamic_reserve;src\q2\test_linear_policy.py:57#test_dynamic_reserve_linear_native_and_replay_are_equivalent,main,True,True,processed/main/run_status.json;processed/main/dispatch.csv,主回放已完成334/334日；计算受限10日
Q2F-L1051-S1,1051,2.7.4,sentence,"\right\},",src\q2\scenarios.py:50#dynamic_reserve;src\q2\policy.py:48#respond;src\q2\policy.py:88#validate_replay;src\q2\optimization.py:19#build_model,src\q2\test_dispatch.py:93#test_cumulative_pressure_and_dynamic_reserve_use_kwh_paths;src\q2\test_dispatch.py:39#test_indicator_model_and_replay_share_dynamic_reserve;src\q2\test_linear_policy.py:57#test_dynamic_reserve_linear_native_and_replay_are_equivalent,main,True,True,processed/main/run_status.json;processed/main/dispatch.csv,主回放已完成334/334日；计算受限10日
Q2F-L1052-S1,1052,2.7.4,sentence,"\qquad \tau=1,\ldots,144.",src\q2\scenarios.py:50#dynamic_reserve;src\q2\policy.py:48#respond;src\q2\policy.py:88#validate_replay;src\q2\optimization.py:19#build_model,src\q2\test_dispatch.py:93#test_cumulative_pressure_and_dynamic_reserve_use_kwh_paths;src\q2\test_dispatch.py:39#test_indicator_model_and_replay_share_dynamic_reserve;src\q2\test_linear_policy.py:57#test_dynamic_reserve_linear_native_and_replay_are_equivalent,main,True,True,processed/main/run_status.json;processed/main/dispatch.csv,主回放已完成334/334日；计算受限10日
Q2F-L1053-S1,1053,2.7.4,sentence,},src\q2\scenarios.py:50#dynamic_reserve;src\q2\policy.py:48#respond;src\q2\policy.py:88#validate_replay;src\q2\optimization.py:19#build_model,src\q2\test_dispatch.py:93#test_cumulative_pressure_and_dynamic_reserve_use_kwh_paths;src\q2\test_dispatch.py:39#test_indicator_model_and_replay_share_dynamic_reserve;src\q2\test_linear_policy.py:57#test_dynamic_reserve_linear_native_and_replay_are_equivalent,main,True,True,processed/main/run_status.json;processed/main/dispatch.csv,主回放已完成334/334日；计算受限10日
Q2F-L1054-S1,1054,2.7.4,sentence,\],src\q2\scenarios.py:50#dynamic_reserve;src\q2\policy.py:48#respond;src\q2\policy.py:88#validate_replay;src\q2\optimization.py:19#build_model,src\q2\test_dispatch.py:93#test_cumulative_pressure_and_dynamic_reserve_use_kwh_paths;src\q2\test_dispatch.py:39#test_indicator_model_and_replay_share_dynamic_reserve;src\q2\test_linear_policy.py:57#test_dynamic_reserve_linear_native_and_replay_are_equivalent,main,True,True,processed/main/run_status.json;processed/main/dispatch.csv,主回放已完成334/334日；计算受限10日
Q2F-L1056-S1,1056,2.7.4,sentence,这里 \(1/\eta_d\) 将母线侧备用电量转换为电池 SOC 需要保留的能量。,src\q2\scenarios.py:50#dynamic_reserve;src\q2\policy.py:48#respond;src\q2\policy.py:88#validate_replay;src\q2\optimization.py:19#build_model,src\q2\test_dispatch.py:93#test_cumulative_pressure_and_dynamic_reserve_use_kwh_paths;src\q2\test_dispatch.py:39#test_indicator_model_and_replay_share_dynamic_reserve;src\q2\test_linear_policy.py:57#test_dynamic_reserve_linear_native_and_replay_are_equivalent,main,True,True,processed/main/run_status.json;processed/main/dispatch.csv,主回放已完成334/334日；计算受限10日
Q2F-L1056-S2,1056,2.7.4,sentence,0.8 来自第 2.6 节所揭示的 5 倍紧急购电不对称损失结构，并作为多时段储能安全裕度的经济性基准。,src\q2\scenarios.py:50#dynamic_reserve;src\q2\policy.py:48#respond;src\q2\policy.py:88#validate_replay;src\q2\optimization.py:19#build_model,src\q2\test_dispatch.py:93#test_cumulative_pressure_and_dynamic_reserve_use_kwh_paths;src\q2\test_dispatch.py:39#test_indicator_model_and_replay_share_dynamic_reserve;src\q2\test_linear_policy.py:57#test_dynamic_reserve_linear_native_and_replay_are_equivalent,main,True,True,processed/main/run_status.json;processed/main/dispatch.csv,主回放已完成334/334日；计算受限10日
Q2F-L1056-S3,1056,2.7.4,sentence,由于越接近日末未来累计误差窗口越短，\(R_\tau\) 会自然衰减，而不是全天固定锁住一大块电池容量。,src\q2\scenarios.py:50#dynamic_reserve;src\q2\policy.py:48#respond;src\q2\policy.py:88#validate_replay;src\q2\optimization.py:19#build_model,src\q2\test_dispatch.py:93#test_cumulative_pressure_and_dynamic_reserve_use_kwh_paths;src\q2\test_dispatch.py:39#test_indicator_model_and_replay_share_dynamic_reserve;src\q2\test_linear_policy.py:57#test_dynamic_reserve_linear_native_and_replay_are_equivalent,main,True,True,processed/main/run_status.json;processed/main/dispatch.csv,主回放已完成334/334日；计算受限10日
Q2F-L1058-S1,1058,2.7.4,sentence,于是第二阶段放电规则修改为,src\q2\scenarios.py:50#dynamic_reserve;src\q2\policy.py:48#respond;src\q2\policy.py:88#validate_replay;src\q2\optimization.py:19#build_model,src\q2\test_dispatch.py:93#test_cumulative_pressure_and_dynamic_reserve_use_kwh_paths;src\q2\test_dispatch.py:39#test_indicator_model_and_replay_share_dynamic_reserve;src\q2\test_linear_policy.py:57#test_dynamic_reserve_linear_native_and_replay_are_equivalent,main,True,True,processed/main/run_status.json;processed/main/dispatch.csv,主回放已完成334/334日；计算受限10日
Q2F-L1060-S1,1060,2.7.4,sentence,\[,src\q2\scenarios.py:50#dynamic_reserve;src\q2\policy.py:48#respond;src\q2\policy.py:88#validate_replay;src\q2\optimization.py:19#build_model,src\q2\test_dispatch.py:93#test_cumulative_pressure_and_dynamic_reserve_use_kwh_paths;src\q2\test_dispatch.py:39#test_indicator_model_and_replay_share_dynamic_reserve;src\q2\test_linear_policy.py:57#test_dynamic_reserve_linear_native_and_replay_are_equivalent,main,True,True,processed/main/run_status.json;processed/main/dispatch.csv,主回放已完成334/334日；计算受限10日
Q2F-L1061-S1,1061,2.7.4,sentence,\boxed{,src\q2\scenarios.py:50#dynamic_reserve;src\q2\policy.py:48#respond;src\q2\policy.py:88#validate_replay;src\q2\optimization.py:19#build_model,src\q2\test_dispatch.py:93#test_cumulative_pressure_and_dynamic_reserve_use_kwh_paths;src\q2\test_dispatch.py:39#test_indicator_model_and_replay_share_dynamic_reserve;src\q2\test_linear_policy.py:57#test_dynamic_reserve_linear_native_and_replay_are_equivalent,main,True,True,processed/main/run_status.json;processed/main/dispatch.csv,主回放已完成334/334日；计算受限10日
Q2F-L1062-S1,1062,2.7.4,sentence,r_\tau^{(s)},src\q2\scenarios.py:50#dynamic_reserve;src\q2\policy.py:48#respond;src\q2\policy.py:88#validate_replay;src\q2\optimization.py:19#build_model,src\q2\test_dispatch.py:93#test_cumulative_pressure_and_dynamic_reserve_use_kwh_paths;src\q2\test_dispatch.py:39#test_indicator_model_and_replay_share_dynamic_reserve;src\q2\test_linear_policy.py:57#test_dynamic_reserve_linear_native_and_replay_are_equivalent,main,True,True,processed/main/run_status.json;processed/main/dispatch.csv,主回放已完成334/334日；计算受限10日
Q2F-L1063-S1,1063,2.7.4,sentence,=,src\q2\scenarios.py:50#dynamic_reserve;src\q2\policy.py:48#respond;src\q2\policy.py:88#validate_replay;src\q2\optimization.py:19#build_model,src\q2\test_dispatch.py:93#test_cumulative_pressure_and_dynamic_reserve_use_kwh_paths;src\q2\test_dispatch.py:39#test_indicator_model_and_replay_share_dynamic_reserve;src\q2\test_linear_policy.py:57#test_dynamic_reserve_linear_native_and_replay_are_equivalent,main,True,True,processed/main/run_status.json;processed/main/dispatch.csv,主回放已完成334/334日；计算受限10日
Q2F-L1064-S1,1064,2.7.4,sentence,\min\left\{,src\q2\scenarios.py:50#dynamic_reserve;src\q2\policy.py:48#respond;src\q2\policy.py:88#validate_replay;src\q2\optimization.py:19#build_model,src\q2\test_dispatch.py:93#test_cumulative_pressure_and_dynamic_reserve_use_kwh_paths;src\q2\test_dispatch.py:39#test_indicator_model_and_replay_share_dynamic_reserve;src\q2\test_linear_policy.py:57#test_dynamic_reserve_linear_native_and_replay_are_equivalent,main,True,True,processed/main/run_status.json;processed/main/dispatch.csv,主回放已完成334/334日；计算受限10日
Q2F-L1065-S1,1065,2.7.4,sentence,"r_\tau^{p},",src\q2\scenarios.py:50#dynamic_reserve;src\q2\policy.py:48#respond;src\q2\policy.py:88#validate_replay;src\q2\optimization.py:19#build_model,src\q2\test_dispatch.py:93#test_cumulative_pressure_and_dynamic_reserve_use_kwh_paths;src\q2\test_dispatch.py:39#test_indicator_model_and_replay_share_dynamic_reserve;src\q2\test_linear_policy.py:57#test_dynamic_reserve_linear_native_and_replay_are_equivalent,main,True,True,processed/main/run_status.json;processed/main/dispatch.csv,主回放已完成334/334日；计算受限10日
Q2F-L1066-S1,1066,2.7.4,sentence,"[x_\tau^{(s)}]_+,",src\q2\scenarios.py:50#dynamic_reserve;src\q2\policy.py:48#respond;src\q2\policy.py:88#validate_replay;src\q2\optimization.py:19#build_model,src\q2\test_dispatch.py:93#test_cumulative_pressure_and_dynamic_reserve_use_kwh_paths;src\q2\test_dispatch.py:39#test_indicator_model_and_replay_share_dynamic_reserve;src\q2\test_linear_policy.py:57#test_dynamic_reserve_linear_native_and_replay_are_equivalent,main,True,True,processed/main/run_status.json;processed/main/dispatch.csv,主回放已完成334/334日；计算受限10日
Q2F-L1067-S1,1067,2.7.4,sentence,\eta_d\bigl[E_{\tau-1}^{(s)}-E_{\min}-R_\tau\bigr]_+,src\q2\scenarios.py:50#dynamic_reserve;src\q2\policy.py:48#respond;src\q2\policy.py:88#validate_replay;src\q2\optimization.py:19#build_model,src\q2\test_dispatch.py:93#test_cumulative_pressure_and_dynamic_reserve_use_kwh_paths;src\q2\test_dispatch.py:39#test_indicator_model_and_replay_share_dynamic_reserve;src\q2\test_linear_policy.py:57#test_dynamic_reserve_linear_native_and_replay_are_equivalent,main,True,True,processed/main/run_status.json;processed/main/dispatch.csv,主回放已完成334/334日；计算受限10日
Q2F-L1068-S1,1068,2.7.4,sentence,\right\}.,src\q2\scenarios.py:50#dynamic_reserve;src\q2\policy.py:48#respond;src\q2\policy.py:88#validate_replay;src\q2\optimization.py:19#build_model,src\q2\test_dispatch.py:93#test_cumulative_pressure_and_dynamic_reserve_use_kwh_paths;src\q2\test_dispatch.py:39#test_indicator_model_and_replay_share_dynamic_reserve;src\q2\test_linear_policy.py:57#test_dynamic_reserve_linear_native_and_replay_are_equivalent,main,True,True,processed/main/run_status.json;processed/main/dispatch.csv,主回放已完成334/334日；计算受限10日
Q2F-L1069-S1,1069,2.7.4,sentence,},src\q2\scenarios.py:50#dynamic_reserve;src\q2\policy.py:48#respond;src\q2\policy.py:88#validate_replay;src\q2\optimization.py:19#build_model,src\q2\test_dispatch.py:93#test_cumulative_pressure_and_dynamic_reserve_use_kwh_paths;src\q2\test_dispatch.py:39#test_indicator_model_and_replay_share_dynamic_reserve;src\q2\test_linear_policy.py:57#test_dynamic_reserve_linear_native_and_replay_are_equivalent,main,True,True,processed/main/run_status.json;processed/main/dispatch.csv,主回放已完成334/334日；计算受限10日
Q2F-L1070-S1,1070,2.7.4,sentence,\],src\q2\scenarios.py:50#dynamic_reserve;src\q2\policy.py:48#respond;src\q2\policy.py:88#validate_replay;src\q2\optimization.py:19#build_model,src\q2\test_dispatch.py:93#test_cumulative_pressure_and_dynamic_reserve_use_kwh_paths;src\q2\test_dispatch.py:39#test_indicator_model_and_replay_share_dynamic_reserve;src\q2\test_linear_policy.py:57#test_dynamic_reserve_linear_native_and_replay_are_equivalent,main,True,True,processed/main/run_status.json;processed/main/dispatch.csv,主回放已完成334/334日；计算受限10日
Q2F-L1072-S1,1072,2.7.4,sentence,即储能只有在扣除物理下限和当前安全裕度后仍有可用能量时才继续放电。,src\q2\scenarios.py:50#dynamic_reserve;src\q2\policy.py:48#respond;src\q2\policy.py:88#validate_replay;src\q2\optimization.py:19#build_model,src\q2\test_dispatch.py:93#test_cumulative_pressure_and_dynamic_reserve_use_kwh_paths;src\q2\test_dispatch.py:39#test_indicator_model_and_replay_share_dynamic_reserve;src\q2\test_linear_policy.py:57#test_dynamic_reserve_linear_native_and_replay_are_equivalent,main,True,True,processed/main/run_status.json;processed/main/dispatch.csv,主回放已完成334/334日；计算受限10日
Q2F-L1072-S2,1072,2.7.4,sentence,若 SOC 已低于 \(E_{\min}+R_\tau\)，模型并不强制按高价紧急购电为电池充电，而只是停止进一步透支储能；,src\q2\scenarios.py:50#dynamic_reserve;src\q2\policy.py:48#respond;src\q2\policy.py:88#validate_replay;src\q2\optimization.py:19#build_model,src\q2\test_dispatch.py:93#test_cumulative_pressure_and_dynamic_reserve_use_kwh_paths;src\q2\test_dispatch.py:39#test_indicator_model_and_replay_share_dynamic_reserve;src\q2\test_linear_policy.py:57#test_dynamic_reserve_linear_native_and_replay_are_equivalent,main,True,True,processed/main/run_status.json;processed/main/dispatch.csv,主回放已完成334/334日；计算受限10日
Q2F-L1072-S3,1072,2.7.4,sentence,第一阶段优化器会通过普通计划购电量和充电响应上限主动权衡“提前多买少量普通电”与“未来可能发生 5 倍紧急购电”之间的成本。,src\q2\scenarios.py:50#dynamic_reserve;src\q2\policy.py:48#respond;src\q2\policy.py:88#validate_replay;src\q2\optimization.py:19#build_model,src\q2\test_dispatch.py:93#test_cumulative_pressure_and_dynamic_reserve_use_kwh_paths;src\q2\test_dispatch.py:39#test_indicator_model_and_replay_share_dynamic_reserve;src\q2\test_linear_policy.py:57#test_dynamic_reserve_linear_native_and_replay_are_equivalent,main,True,True,processed/main/run_status.json;processed/main/dispatch.csv,主回放已完成334/334日；计算受限10日
Q2F-L1074-S1,1074,2.7.4,sentence,为避免对第 2、3 个仅承担 continuation value 的开环代理日前瞻引入不必要的保守性，主实现仅对每天真正执行的前 144 个时段使用 \(R_\tau\)；,src\q2\scenarios.py:50#dynamic_reserve;src\q2\policy.py:48#respond;src\q2\policy.py:88#validate_replay;src\q2\optimization.py:19#build_model,src\q2\test_dispatch.py:93#test_cumulative_pressure_and_dynamic_reserve_use_kwh_paths;src\q2\test_dispatch.py:39#test_indicator_model_and_replay_share_dynamic_reserve;src\q2\test_linear_policy.py:57#test_dynamic_reserve_linear_native_and_replay_are_equivalent,main,True,True,processed/main/run_status.json;processed/main/dispatch.csv,主回放已完成334/334日；计算受限10日
Q2F-L1074-S2,1074,2.7.4,sentence,后续代理日仍使用原物理下限。,src\q2\scenarios.py:50#dynamic_reserve;src\q2\policy.py:48#respond;src\q2\policy.py:88#validate_replay;src\q2\optimization.py:19#build_model,src\q2\test_dispatch.py:93#test_cumulative_pressure_and_dynamic_reserve_use_kwh_paths;src\q2\test_dispatch.py:39#test_indicator_model_and_replay_share_dynamic_reserve;src\q2\test_linear_policy.py:57#test_dynamic_reserve_linear_native_and_replay_are_equivalent,main,True,True,processed/main/run_status.json;processed/main/dispatch.csv,主回放已完成334/334日；计算受限10日
Q2F-L1074-S3,1074,2.7.4,sentence,这样既保留滚动时域结构，又使安全裕度严格对应当天实际可执行策略。,src\q2\scenarios.py:50#dynamic_reserve;src\q2\policy.py:48#respond;src\q2\policy.py:88#validate_replay;src\q2\optimization.py:19#build_model,src\q2\test_dispatch.py:93#test_cumulative_pressure_and_dynamic_reserve_use_kwh_paths;src\q2\test_dispatch.py:39#test_indicator_model_and_replay_share_dynamic_reserve;src\q2\test_linear_policy.py:57#test_dynamic_reserve_linear_native_and_replay_are_equivalent,main,True,True,processed/main/run_status.json;processed/main/dispatch.csv,主回放已完成334/334日；计算受限10日
Q2F-L1076-S1,1076,2.7.4,sentence,该安全裕度不会改变题目给定的 \(1200\text{ kWh}\) 物理下限：\(E_{\min}\) 仍是电池绝对安全边界，\(R_\tau\) 只是日前策略为抵御预测低估而主动保留的可释放能量。,src\q2\scenarios.py:50#dynamic_reserve;src\q2\policy.py:48#respond;src\q2\policy.py:88#validate_replay;src\q2\optimization.py:19#build_model,src\q2\test_dispatch.py:93#test_cumulative_pressure_and_dynamic_reserve_use_kwh_paths;src\q2\test_dispatch.py:39#test_indicator_model_and_replay_share_dynamic_reserve;src\q2\test_linear_policy.py:57#test_dynamic_reserve_linear_native_and_replay_are_equivalent,main,True,True,processed/main/run_status.json;processed/main/dispatch.csv,主回放已完成334/334日；计算受限10日
Q2F-L1078-S1,1078,2.7.5,markup,### 2.7.5 第二阶段场景能量平衡与未利用电量,src\q2\policy.py:48#respond;src\q2\policy.py:88#validate_replay;src\q2\optimization.py:19#build_model,src\q2\test_dispatch.py:14#test_load_priority_and_soc_clipping,main,True,True,processed/main/run_status.json;processed/main/dispatch.csv,主回放已完成334/334日；计算受限10日
Q2F-L1080-S1,1080,2.7.5,sentence,上述补救规则满足场景能量平衡,src\q2\policy.py:48#respond;src\q2\policy.py:88#validate_replay;src\q2\optimization.py:19#build_model,src\q2\test_dispatch.py:14#test_load_priority_and_soc_clipping,main,True,True,processed/main/run_status.json;processed/main/dispatch.csv,主回放已完成334/334日；计算受限10日
Q2F-L1082-S1,1082,2.7.5,sentence,\[,src\q2\policy.py:48#respond;src\q2\policy.py:88#validate_replay;src\q2\optimization.py:19#build_model,src\q2\test_dispatch.py:14#test_load_priority_and_soc_clipping,main,True,True,processed/main/run_status.json;processed/main/dispatch.csv,主回放已完成334/334日；计算受限10日
Q2F-L1083-S1,1083,2.7.5,sentence,\boxed{,src\q2\policy.py:48#respond;src\q2\policy.py:88#validate_replay;src\q2\optimization.py:19#build_model,src\q2\test_dispatch.py:14#test_load_priority_and_soc_clipping,main,True,True,processed/main/run_status.json;processed/main/dispatch.csv,主回放已完成334/334日；计算受限10日
Q2F-L1084-S1,1084,2.7.5,sentence,g_\tau+r_\tau^{(s)}+q_\tau^{(s)},src\q2\policy.py:48#respond;src\q2\policy.py:88#validate_replay;src\q2\optimization.py:19#build_model,src\q2\test_dispatch.py:14#test_load_priority_and_soc_clipping,main,True,True,processed/main/run_status.json;processed/main/dispatch.csv,主回放已完成334/334日；计算受限10日
Q2F-L1085-S1,1085,2.7.5,sentence,=,src\q2\policy.py:48#respond;src\q2\policy.py:88#validate_replay;src\q2\optimization.py:19#build_model,src\q2\test_dispatch.py:14#test_load_priority_and_soc_clipping,main,True,True,processed/main/run_status.json;processed/main/dispatch.csv,主回放已完成334/334日；计算受限10日
Q2F-L1086-S1,1086,2.7.5,sentence,n_\tau^{(s)}+c_\tau^{(s)}+w_\tau^{(s)}.,src\q2\policy.py:48#respond;src\q2\policy.py:88#validate_replay;src\q2\optimization.py:19#build_model,src\q2\test_dispatch.py:14#test_load_priority_and_soc_clipping,main,True,True,processed/main/run_status.json;processed/main/dispatch.csv,主回放已完成334/334日；计算受限10日
Q2F-L1087-S1,1087,2.7.5,sentence,},src\q2\policy.py:48#respond;src\q2\policy.py:88#validate_replay;src\q2\optimization.py:19#build_model,src\q2\test_dispatch.py:14#test_load_priority_and_soc_clipping,main,True,True,processed/main/run_status.json;processed/main/dispatch.csv,主回放已完成334/334日；计算受限10日
Q2F-L1088-S1,1088,2.7.5,sentence,\],src\q2\policy.py:48#respond;src\q2\policy.py:88#validate_replay;src\q2\optimization.py:19#build_model,src\q2\test_dispatch.py:14#test_load_priority_and_soc_clipping,main,True,True,processed/main/run_status.json;processed/main/dispatch.csv,主回放已完成334/334日；计算受限10日
Q2F-L1090-S1,1090,2.7.5,sentence,当 \(n_\tau^{(s)}<0\) 时，表示光伏大于负荷；,src\q2\policy.py:48#respond;src\q2\policy.py:88#validate_replay;src\q2\optimization.py:19#build_model,src\q2\test_dispatch.py:14#test_load_priority_and_soc_clipping,main,True,True,processed/main/run_status.json;processed/main/dispatch.csv,主回放已完成334/334日；计算受限10日
Q2F-L1090-S2,1090,2.7.5,sentence,剩余光伏可优先用于储能充电，仍无法吸收的部分计入 \(w_\tau^{(s)}\)。,src\q2\policy.py:48#respond;src\q2\policy.py:88#validate_replay;src\q2\optimization.py:19#build_model,src\q2\test_dispatch.py:14#test_load_priority_and_soc_clipping,main,True,True,processed/main/run_status.json;processed/main/dispatch.csv,主回放已完成334/334日；计算受限10日
Q2F-L1090-S3,1090,2.7.5,sentence,当第一阶段计划购电量最终没有全部被负荷或储能利用时，对应电量同样进入 \(w_\tau^{(s)}\)。,src\q2\policy.py:48#respond;src\q2\policy.py:88#validate_replay;src\q2\optimization.py:19#build_model,src\q2\test_dispatch.py:14#test_load_priority_and_soc_clipping,main,True,True,processed/main/run_status.json;processed/main/dispatch.csv,主回放已完成334/334日；计算受限10日
Q2F-L1092-S1,1092,2.7.5,sentence,因此，\(w_\tau^{(s)}\) 表示**无回售收益的未利用电量**：题目没有规定余电回售机制，故该部分不产生额外回售收入；,src\q2\policy.py:48#respond;src\q2\policy.py:88#validate_replay;src\q2\optimization.py:19#build_model,src\q2\test_dispatch.py:14#test_load_priority_and_soc_clipping,main,True,True,processed/main/run_status.json;processed/main/dispatch.csv,主回放已完成334/334日；计算受限10日
Q2F-L1092-S2,1092,2.7.5,sentence,若其中包含已经计划购买但最终未利用的电量，其购电成本 \(p_\tau g_\tau\) 仍然已经发生，不能理解为“免费电量”。,src\q2\policy.py:48#respond;src\q2\policy.py:88#validate_replay;src\q2\optimization.py:19#build_model,src\q2\test_dispatch.py:14#test_load_priority_and_soc_clipping,main,True,True,processed/main/run_status.json;processed/main/dispatch.csv,主回放已完成334/334日；计算受限10日
Q2F-L1094-S1,1094,2.7.6,markup,### 2.7.6 第二阶段储能状态与效率口径,src\q2\optimization.py:19#build_model;src\q2\optimization.py:159#solve_policy;src\q2\optimization.py:233#certify_policy;src\q2\relaxation.py:29#recourse_bound;src\q2\linear_policy.py:13#build_linear_policy;src\q2\linear_policy.py:188#solve_linear_policy,src\q2\test_dispatch.py:84#test_unfixed_policy_replay_matches_solver;src\q2\test_forecast_dispatch.py:199#test_lower_bound_is_not_executed_and_oracles_are_nested;src\q2\test_linear_policy.py:12#LinearPolicyTests,compute,True,True,processed/main/daily_audit;processed/main/solver_statistics.json,334日均有可靠入选策略；另有候选受限或采用补充预算的日期10日
Q2F-L1096-S1,1096,2.7.6,sentence,场景实际储能状态由第二阶段实际执行量更新：,src\q2\optimization.py:19#build_model;src\q2\optimization.py:159#solve_policy;src\q2\optimization.py:233#certify_policy;src\q2\relaxation.py:29#recourse_bound;src\q2\linear_policy.py:13#build_linear_policy;src\q2\linear_policy.py:188#solve_linear_policy,src\q2\test_dispatch.py:84#test_unfixed_policy_replay_matches_solver;src\q2\test_forecast_dispatch.py:199#test_lower_bound_is_not_executed_and_oracles_are_nested;src\q2\test_linear_policy.py:12#LinearPolicyTests,compute,True,True,processed/main/daily_audit;processed/main/solver_statistics.json,334日均有可靠入选策略；另有候选受限或采用补充预算的日期10日
Q2F-L1098-S1,1098,2.7.6,sentence,\[,src\q2\optimization.py:19#build_model;src\q2\optimization.py:159#solve_policy;src\q2\optimization.py:233#certify_policy;src\q2\relaxation.py:29#recourse_bound;src\q2\linear_policy.py:13#build_linear_policy;src\q2\linear_policy.py:188#solve_linear_policy,src\q2\test_dispatch.py:84#test_unfixed_policy_replay_matches_solver;src\q2\test_forecast_dispatch.py:199#test_lower_bound_is_not_executed_and_oracles_are_nested;src\q2\test_linear_policy.py:12#LinearPolicyTests,compute,True,True,processed/main/daily_audit;processed/main/solver_statistics.json,334日均有可靠入选策略；另有候选受限或采用补充预算的日期10日
Q2F-L1099-S1,1099,2.7.6,sentence,\boxed{,src\q2\optimization.py:19#build_model;src\q2\optimization.py:159#solve_policy;src\q2\optimization.py:233#certify_policy;src\q2\relaxation.py:29#recourse_bound;src\q2\linear_policy.py:13#build_linear_policy;src\q2\linear_policy.py:188#solve_linear_policy,src\q2\test_dispatch.py:84#test_unfixed_policy_replay_matches_solver;src\q2\test_forecast_dispatch.py:199#test_lower_bound_is_not_executed_and_oracles_are_nested;src\q2\test_linear_policy.py:12#LinearPolicyTests,compute,True,True,processed/main/daily_audit;processed/main/solver_statistics.json,334日均有可靠入选策略；另有候选受限或采用补充预算的日期10日
Q2F-L1100-S1,1100,2.7.6,sentence,E_\tau^{(s)},src\q2\optimization.py:19#build_model;src\q2\optimization.py:159#solve_policy;src\q2\optimization.py:233#certify_policy;src\q2\relaxation.py:29#recourse_bound;src\q2\linear_policy.py:13#build_linear_policy;src\q2\linear_policy.py:188#solve_linear_policy,src\q2\test_dispatch.py:84#test_unfixed_policy_replay_matches_solver;src\q2\test_forecast_dispatch.py:199#test_lower_bound_is_not_executed_and_oracles_are_nested;src\q2\test_linear_policy.py:12#LinearPolicyTests,compute,True,True,processed/main/daily_audit;processed/main/solver_statistics.json,334日均有可靠入选策略；另有候选受限或采用补充预算的日期10日
Q2F-L1101-S1,1101,2.7.6,sentence,=,src\q2\optimization.py:19#build_model;src\q2\optimization.py:159#solve_policy;src\q2\optimization.py:233#certify_policy;src\q2\relaxation.py:29#recourse_bound;src\q2\linear_policy.py:13#build_linear_policy;src\q2\linear_policy.py:188#solve_linear_policy,src\q2\test_dispatch.py:84#test_unfixed_policy_replay_matches_solver;src\q2\test_forecast_dispatch.py:199#test_lower_bound_is_not_executed_and_oracles_are_nested;src\q2\test_linear_policy.py:12#LinearPolicyTests,compute,True,True,processed/main/daily_audit;processed/main/solver_statistics.json,334日均有可靠入选策略；另有候选受限或采用补充预算的日期10日
Q2F-L1102-S1,1102,2.7.6,sentence,E_{\tau-1}^{(s)},src\q2\optimization.py:19#build_model;src\q2\optimization.py:159#solve_policy;src\q2\optimization.py:233#certify_policy;src\q2\relaxation.py:29#recourse_bound;src\q2\linear_policy.py:13#build_linear_policy;src\q2\linear_policy.py:188#solve_linear_policy,src\q2\test_dispatch.py:84#test_unfixed_policy_replay_matches_solver;src\q2\test_forecast_dispatch.py:199#test_lower_bound_is_not_executed_and_oracles_are_nested;src\q2\test_linear_policy.py:12#LinearPolicyTests,compute,True,True,processed/main/daily_audit;processed/main/solver_statistics.json,334日均有可靠入选策略；另有候选受限或采用补充预算的日期10日
Q2F-L1103-S1,1103,2.7.6,sentence,+\eta_c c_\tau^{(s)},src\q2\optimization.py:19#build_model;src\q2\optimization.py:159#solve_policy;src\q2\optimization.py:233#certify_policy;src\q2\relaxation.py:29#recourse_bound;src\q2\linear_policy.py:13#build_linear_policy;src\q2\linear_policy.py:188#solve_linear_policy,src\q2\test_dispatch.py:84#test_unfixed_policy_replay_matches_solver;src\q2\test_forecast_dispatch.py:199#test_lower_bound_is_not_executed_and_oracles_are_nested;src\q2\test_linear_policy.py:12#LinearPolicyTests,compute,True,True,processed/main/daily_audit;processed/main/solver_statistics.json,334日均有可靠入选策略；另有候选受限或采用补充预算的日期10日
Q2F-L1104-S1,1104,2.7.6,sentence,-\frac{r_\tau^{(s)}}{\eta_d}.,src\q2\optimization.py:19#build_model;src\q2\optimization.py:159#solve_policy;src\q2\optimization.py:233#certify_policy;src\q2\relaxation.py:29#recourse_bound;src\q2\linear_policy.py:13#build_linear_policy;src\q2\linear_policy.py:188#solve_linear_policy,src\q2\test_dispatch.py:84#test_unfixed_policy_replay_matches_solver;src\q2\test_forecast_dispatch.py:199#test_lower_bound_is_not_executed_and_oracles_are_nested;src\q2\test_linear_policy.py:12#LinearPolicyTests,compute,True,True,processed/main/daily_audit;processed/main/solver_statistics.json,334日均有可靠入选策略；另有候选受限或采用补充预算的日期10日
Q2F-L1105-S1,1105,2.7.6,sentence,},src\q2\optimization.py:19#build_model;src\q2\optimization.py:159#solve_policy;src\q2\optimization.py:233#certify_policy;src\q2\relaxation.py:29#recourse_bound;src\q2\linear_policy.py:13#build_linear_policy;src\q2\linear_policy.py:188#solve_linear_policy,src\q2\test_dispatch.py:84#test_unfixed_policy_replay_matches_solver;src\q2\test_forecast_dispatch.py:199#test_lower_bound_is_not_executed_and_oracles_are_nested;src\q2\test_linear_policy.py:12#LinearPolicyTests,compute,True,True,processed/main/daily_audit;processed/main/solver_statistics.json,334日均有可靠入选策略；另有候选受限或采用补充预算的日期10日
Q2F-L1106-S1,1106,2.7.6,sentence,\],src\q2\optimization.py:19#build_model;src\q2\optimization.py:159#solve_policy;src\q2\optimization.py:233#certify_policy;src\q2\relaxation.py:29#recourse_bound;src\q2\linear_policy.py:13#build_linear_policy;src\q2\linear_policy.py:188#solve_linear_policy,src\q2\test_dispatch.py:84#test_unfixed_policy_replay_matches_solver;src\q2\test_forecast_dispatch.py:199#test_lower_bound_is_not_executed_and_oracles_are_nested;src\q2\test_linear_policy.py:12#LinearPolicyTests,compute,True,True,processed/main/daily_audit;processed/main/solver_statistics.json,334日均有可靠入选策略；另有候选受限或采用补充预算的日期10日
Q2F-L1108-S1,1108,2.7.6,sentence,并满足,src\q2\optimization.py:19#build_model;src\q2\optimization.py:159#solve_policy;src\q2\optimization.py:233#certify_policy;src\q2\relaxation.py:29#recourse_bound;src\q2\linear_policy.py:13#build_linear_policy;src\q2\linear_policy.py:188#solve_linear_policy,src\q2\test_dispatch.py:84#test_unfixed_policy_replay_matches_solver;src\q2\test_forecast_dispatch.py:199#test_lower_bound_is_not_executed_and_oracles_are_nested;src\q2\test_linear_policy.py:12#LinearPolicyTests,compute,True,True,processed/main/daily_audit;processed/main/solver_statistics.json,334日均有可靠入选策略；另有候选受限或采用补充预算的日期10日
Q2F-L1110-S1,1110,2.7.6,sentence,\[,src\q2\optimization.py:19#build_model;src\q2\optimization.py:159#solve_policy;src\q2\optimization.py:233#certify_policy;src\q2\relaxation.py:29#recourse_bound;src\q2\linear_policy.py:13#build_linear_policy;src\q2\linear_policy.py:188#solve_linear_policy,src\q2\test_dispatch.py:84#test_unfixed_policy_replay_matches_solver;src\q2\test_forecast_dispatch.py:199#test_lower_bound_is_not_executed_and_oracles_are_nested;src\q2\test_linear_policy.py:12#LinearPolicyTests,compute,True,True,processed/main/daily_audit;processed/main/solver_statistics.json,334日均有可靠入选策略；另有候选受限或采用补充预算的日期10日
Q2F-L1111-S1,1111,2.7.6,sentence,1200\le E_\tau^{(s)}\le10800.,src\q2\optimization.py:19#build_model;src\q2\optimization.py:159#solve_policy;src\q2\optimization.py:233#certify_policy;src\q2\relaxation.py:29#recourse_bound;src\q2\linear_policy.py:13#build_linear_policy;src\q2\linear_policy.py:188#solve_linear_policy,src\q2\test_dispatch.py:84#test_unfixed_policy_replay_matches_solver;src\q2\test_forecast_dispatch.py:199#test_lower_bound_is_not_executed_and_oracles_are_nested;src\q2\test_linear_policy.py:12#LinearPolicyTests,compute,True,True,processed/main/daily_audit;processed/main/solver_statistics.json,334日均有可靠入选策略；另有候选受限或采用补充预算的日期10日
Q2F-L1112-S1,1112,2.7.6,sentence,\],src\q2\optimization.py:19#build_model;src\q2\optimization.py:159#solve_policy;src\q2\optimization.py:233#certify_policy;src\q2\relaxation.py:29#recourse_bound;src\q2\linear_policy.py:13#build_linear_policy;src\q2\linear_policy.py:188#solve_linear_policy,src\q2\test_dispatch.py:84#test_unfixed_policy_replay_matches_solver;src\q2\test_forecast_dispatch.py:199#test_lower_bound_is_not_executed_and_oracles_are_nested;src\q2\test_linear_policy.py:12#LinearPolicyTests,compute,True,True,processed/main/daily_audit;processed/main/solver_statistics.json,334日均有可靠入选策略；另有候选受限或采用补充预算的日期10日
Q2F-L1114-S1,1114,2.7.6,sentence,本文固定采用与问题一一致的效率口径：将题目“充放电效率为 90%”解释为充电和放电各自效率，取,src\q2\optimization.py:19#build_model;src\q2\optimization.py:159#solve_policy;src\q2\optimization.py:233#certify_policy;src\q2\relaxation.py:29#recourse_bound;src\q2\linear_policy.py:13#build_linear_policy;src\q2\linear_policy.py:188#solve_linear_policy,src\q2\test_dispatch.py:84#test_unfixed_policy_replay_matches_solver;src\q2\test_forecast_dispatch.py:199#test_lower_bound_is_not_executed_and_oracles_are_nested;src\q2\test_linear_policy.py:12#LinearPolicyTests,compute,True,True,processed/main/daily_audit;processed/main/solver_statistics.json,334日均有可靠入选策略；另有候选受限或采用补充预算的日期10日
Q2F-L1116-S1,1116,2.7.6,sentence,\[,src\q2\optimization.py:19#build_model;src\q2\optimization.py:159#solve_policy;src\q2\optimization.py:233#certify_policy;src\q2\relaxation.py:29#recourse_bound;src\q2\linear_policy.py:13#build_linear_policy;src\q2\linear_policy.py:188#solve_linear_policy,src\q2\test_dispatch.py:84#test_unfixed_policy_replay_matches_solver;src\q2\test_forecast_dispatch.py:199#test_lower_bound_is_not_executed_and_oracles_are_nested;src\q2\test_linear_policy.py:12#LinearPolicyTests,compute,True,True,processed/main/daily_audit;processed/main/solver_statistics.json,334日均有可靠入选策略；另有候选受限或采用补充预算的日期10日
Q2F-L1117-S1,1117,2.7.6,sentence,\boxed{,src\q2\optimization.py:19#build_model;src\q2\optimization.py:159#solve_policy;src\q2\optimization.py:233#certify_policy;src\q2\relaxation.py:29#recourse_bound;src\q2\linear_policy.py:13#build_linear_policy;src\q2\linear_policy.py:188#solve_linear_policy,src\q2\test_dispatch.py:84#test_unfixed_policy_replay_matches_solver;src\q2\test_forecast_dispatch.py:199#test_lower_bound_is_not_executed_and_oracles_are_nested;src\q2\test_linear_policy.py:12#LinearPolicyTests,compute,True,True,processed/main/daily_audit;processed/main/solver_statistics.json,334日均有可靠入选策略；另有候选受限或采用补充预算的日期10日
Q2F-L1118-S1,1118,2.7.6,sentence,\eta_c=\eta_d=0.9.,src\q2\optimization.py:19#build_model;src\q2\optimization.py:159#solve_policy;src\q2\optimization.py:233#certify_policy;src\q2\relaxation.py:29#recourse_bound;src\q2\linear_policy.py:13#build_linear_policy;src\q2\linear_policy.py:188#solve_linear_policy,src\q2\test_dispatch.py:84#test_unfixed_policy_replay_matches_solver;src\q2\test_forecast_dispatch.py:199#test_lower_bound_is_not_executed_and_oracles_are_nested;src\q2\test_linear_policy.py:12#LinearPolicyTests,compute,True,True,processed/main/daily_audit;processed/main/solver_statistics.json,334日均有可靠入选策略；另有候选受限或采用补充预算的日期10日
Q2F-L1119-S1,1119,2.7.6,sentence,},src\q2\optimization.py:19#build_model;src\q2\optimization.py:159#solve_policy;src\q2\optimization.py:233#certify_policy;src\q2\relaxation.py:29#recourse_bound;src\q2\linear_policy.py:13#build_linear_policy;src\q2\linear_policy.py:188#solve_linear_policy,src\q2\test_dispatch.py:84#test_unfixed_policy_replay_matches_solver;src\q2\test_forecast_dispatch.py:199#test_lower_bound_is_not_executed_and_oracles_are_nested;src\q2\test_linear_policy.py:12#LinearPolicyTests,compute,True,True,processed/main/daily_audit;processed/main/solver_statistics.json,334日均有可靠入选策略；另有候选受限或采用补充预算的日期10日
Q2F-L1120-S1,1120,2.7.6,sentence,\],src\q2\optimization.py:19#build_model;src\q2\optimization.py:159#solve_policy;src\q2\optimization.py:233#certify_policy;src\q2\relaxation.py:29#recourse_bound;src\q2\linear_policy.py:13#build_linear_policy;src\q2\linear_policy.py:188#solve_linear_policy,src\q2\test_dispatch.py:84#test_unfixed_policy_replay_matches_solver;src\q2\test_forecast_dispatch.py:199#test_lower_bound_is_not_executed_and_oracles_are_nested;src\q2\test_linear_policy.py:12#LinearPolicyTests,compute,True,True,processed/main/daily_audit;processed/main/solver_statistics.json,334日均有可靠入选策略；另有候选受限或采用补充预算的日期10日
Q2F-L1122-S1,1122,2.7.6,sentence,其中 \(c_\tau^{(s)}\) 和 \(r_\tau^{(s)}\) 均按母线侧电量定义：充入 \(c\) kWh 时电池增加 \(0.9c\) kWh；,src\q2\optimization.py:19#build_model;src\q2\optimization.py:159#solve_policy;src\q2\optimization.py:233#certify_policy;src\q2\relaxation.py:29#recourse_bound;src\q2\linear_policy.py:13#build_linear_policy;src\q2\linear_policy.py:188#solve_linear_policy,src\q2\test_dispatch.py:84#test_unfixed_policy_replay_matches_solver;src\q2\test_forecast_dispatch.py:199#test_lower_bound_is_not_executed_and_oracles_are_nested;src\q2\test_linear_policy.py:12#LinearPolicyTests,compute,True,True,processed/main/daily_audit;processed/main/solver_statistics.json,334日均有可靠入选策略；另有候选受限或采用补充预算的日期10日
Q2F-L1122-S2,1122,2.7.6,sentence,向母线提供 \(r\) kWh 时电池减少 \(r/0.9\) kWh。,src\q2\optimization.py:19#build_model;src\q2\optimization.py:159#solve_policy;src\q2\optimization.py:233#certify_policy;src\q2\relaxation.py:29#recourse_bound;src\q2\linear_policy.py:13#build_linear_policy;src\q2\linear_policy.py:188#solve_linear_policy,src\q2\test_dispatch.py:84#test_unfixed_policy_replay_matches_solver;src\q2\test_forecast_dispatch.py:199#test_lower_bound_is_not_executed_and_oracles_are_nested;src\q2\test_linear_policy.py:12#LinearPolicyTests,compute,True,True,processed/main/daily_audit;processed/main/solver_statistics.json,334日均有可靠入选策略；另有候选受限或采用补充预算的日期10日
Q2F-L1122-S3,1122,2.7.6,sentence,问题二全文不再保留 \(\sqrt{0.9}\) 等另一套口径；,src\q2\optimization.py:19#build_model;src\q2\optimization.py:159#solve_policy;src\q2\optimization.py:233#certify_policy;src\q2\relaxation.py:29#recourse_bound;src\q2\linear_policy.py:13#build_linear_policy;src\q2\linear_policy.py:188#solve_linear_policy,src\q2\test_dispatch.py:84#test_unfixed_policy_replay_matches_solver;src\q2\test_forecast_dispatch.py:199#test_lower_bound_is_not_executed_and_oracles_are_nested;src\q2\test_linear_policy.py:12#LinearPolicyTests,compute,True,True,processed/main/daily_audit;processed/main/solver_statistics.json,334日均有可靠入选策略；另有候选受限或采用补充预算的日期10日
Q2F-L1122-S4,1122,2.7.6,sentence,若问题一最终采用不同定义，则两问必须统一后整体重算。,src\q2\optimization.py:19#build_model;src\q2\optimization.py:159#solve_policy;src\q2\optimization.py:233#certify_policy;src\q2\relaxation.py:29#recourse_bound;src\q2\linear_policy.py:13#build_linear_policy;src\q2\linear_policy.py:188#solve_linear_policy,src\q2\test_dispatch.py:84#test_unfixed_policy_replay_matches_solver;src\q2\test_forecast_dispatch.py:199#test_lower_bound_is_not_executed_and_oracles_are_nested;src\q2\test_linear_policy.py:12#LinearPolicyTests,compute,True,True,processed/main/daily_audit;processed/main/solver_statistics.json,334日均有可靠入选策略；另有候选受限或采用补充预算的日期10日
Q2F-L1124-S1,1124,2.7.7,markup,### 2.7.7 两阶段结构、场景响应量、最优性口径与求解形式,src\q2\optimization.py:19#build_model;src\q2\optimization.py:159#solve_policy;src\q2\linear_policy.py:13#build_linear_policy;src\q2\rolling.py:182#make_day,src\q2\test_dispatch.py:39#test_indicator_model_and_replay_share_dynamic_reserve;src\q2\test_linear_policy.py:57#test_dynamic_reserve_linear_native_and_replay_are_equivalent,main,True,True,processed/main/run_status.json;processed/main/dispatch.csv,主回放已完成334/334日；计算受限10日
Q2F-L1126-S1,1126,2.7.7,sentence,从两阶段随机规划的决策层次看，第一阶段真正由优化器在每天 0:00 主动选择的日前决策为,src\q2\optimization.py:19#build_model;src\q2\optimization.py:159#solve_policy;src\q2\linear_policy.py:13#build_linear_policy;src\q2\rolling.py:182#make_day,src\q2\test_dispatch.py:39#test_indicator_model_and_replay_share_dynamic_reserve;src\q2\test_linear_policy.py:57#test_dynamic_reserve_linear_native_and_replay_are_equivalent,main,True,True,processed/main/run_status.json;processed/main/dispatch.csv,主回放已完成334/334日；计算受限10日
Q2F-L1128-S1,1128,2.7.7,sentence,\[,src\q2\optimization.py:19#build_model;src\q2\optimization.py:159#solve_policy;src\q2\linear_policy.py:13#build_linear_policy;src\q2\rolling.py:182#make_day,src\q2\test_dispatch.py:39#test_indicator_model_and_replay_share_dynamic_reserve;src\q2\test_linear_policy.py:57#test_dynamic_reserve_linear_native_and_replay_are_equivalent,main,True,True,processed/main/run_status.json;processed/main/dispatch.csv,主回放已完成334/334日；计算受限10日
Q2F-L1129-S1,1129,2.7.7,sentence,\boxed{,src\q2\optimization.py:19#build_model;src\q2\optimization.py:159#solve_policy;src\q2\linear_policy.py:13#build_linear_policy;src\q2\rolling.py:182#make_day,src\q2\test_dispatch.py:39#test_indicator_model_and_replay_share_dynamic_reserve;src\q2\test_linear_policy.py:57#test_dynamic_reserve_linear_native_and_replay_are_equivalent,main,True,True,processed/main/run_status.json;processed/main/dispatch.csv,主回放已完成334/334日；计算受限10日
Q2F-L1130-S1,1130,2.7.7,sentence,x=,src\q2\optimization.py:19#build_model;src\q2\optimization.py:159#solve_policy;src\q2\linear_policy.py:13#build_linear_policy;src\q2\rolling.py:182#make_day,src\q2\test_dispatch.py:39#test_indicator_model_and_replay_share_dynamic_reserve;src\q2\test_linear_policy.py:57#test_dynamic_reserve_linear_native_and_replay_are_equivalent,main,True,True,processed/main/run_status.json;processed/main/dispatch.csv,主回放已完成334/334日；计算受限10日
Q2F-L1131-S1,1131,2.7.7,sentence,"\{g_\tau,c_\tau^p,r_\tau^p\}_{\tau=1}^{T}.",src\q2\optimization.py:19#build_model;src\q2\optimization.py:159#solve_policy;src\q2\linear_policy.py:13#build_linear_policy;src\q2\rolling.py:182#make_day,src\q2\test_dispatch.py:39#test_indicator_model_and_replay_share_dynamic_reserve;src\q2\test_linear_policy.py:57#test_dynamic_reserve_linear_native_and_replay_are_equivalent,main,True,True,processed/main/run_status.json;processed/main/dispatch.csv,主回放已完成334/334日；计算受限10日
Q2F-L1132-S1,1132,2.7.7,sentence,},src\q2\optimization.py:19#build_model;src\q2\optimization.py:159#solve_policy;src\q2\linear_policy.py:13#build_linear_policy;src\q2\rolling.py:182#make_day,src\q2\test_dispatch.py:39#test_indicator_model_and_replay_share_dynamic_reserve;src\q2\test_linear_policy.py:57#test_dynamic_reserve_linear_native_and_replay_are_equivalent,main,True,True,processed/main/run_status.json;processed/main/dispatch.csv,主回放已完成334/334日；计算受限10日
Q2F-L1133-S1,1133,2.7.7,sentence,\],src\q2\optimization.py:19#build_model;src\q2\optimization.py:159#solve_policy;src\q2\linear_policy.py:13#build_linear_policy;src\q2\rolling.py:182#make_day,src\q2\test_dispatch.py:39#test_indicator_model_and_replay_share_dynamic_reserve;src\q2\test_linear_policy.py:57#test_dynamic_reserve_linear_native_and_replay_are_equivalent,main,True,True,processed/main/run_status.json;processed/main/dispatch.csv,主回放已完成334/334日；计算受限10日
Q2F-L1135-S1,1135,2.7.7,sentence,其中，\(x\) 在所有随机场景之间共享，且必须在当天真实负荷与光伏实现之前确定。,src\q2\optimization.py:19#build_model;src\q2\optimization.py:159#solve_policy;src\q2\linear_policy.py:13#build_linear_policy;src\q2\rolling.py:182#make_day,src\q2\test_dispatch.py:39#test_indicator_model_and_replay_share_dynamic_reserve;src\q2\test_linear_policy.py:57#test_dynamic_reserve_linear_native_and_replay_are_equivalent,main,True,True,processed/main/run_status.json;processed/main/dispatch.csv,主回放已完成334/334日；计算受限10日
Q2F-L1137-S1,1137,2.7.7,sentence,对任一场景 \(s\)，定义第二阶段**场景响应量（补救量）向量**,src\q2\optimization.py:19#build_model;src\q2\optimization.py:159#solve_policy;src\q2\linear_policy.py:13#build_linear_policy;src\q2\rolling.py:182#make_day,src\q2\test_dispatch.py:39#test_indicator_model_and_replay_share_dynamic_reserve;src\q2\test_linear_policy.py:57#test_dynamic_reserve_linear_native_and_replay_are_equivalent,main,True,True,processed/main/run_status.json;processed/main/dispatch.csv,主回放已完成334/334日；计算受限10日
Q2F-L1139-S1,1139,2.7.7,sentence,\[,src\q2\optimization.py:19#build_model;src\q2\optimization.py:159#solve_policy;src\q2\linear_policy.py:13#build_linear_policy;src\q2\rolling.py:182#make_day,src\q2\test_dispatch.py:39#test_indicator_model_and_replay_share_dynamic_reserve;src\q2\test_linear_policy.py:57#test_dynamic_reserve_linear_native_and_replay_are_equivalent,main,True,True,processed/main/run_status.json;processed/main/dispatch.csv,主回放已完成334/334日；计算受限10日
Q2F-L1140-S1,1140,2.7.7,sentence,\boxed{,src\q2\optimization.py:19#build_model;src\q2\optimization.py:159#solve_policy;src\q2\linear_policy.py:13#build_linear_policy;src\q2\rolling.py:182#make_day,src\q2\test_dispatch.py:39#test_indicator_model_and_replay_share_dynamic_reserve;src\q2\test_linear_policy.py:57#test_dynamic_reserve_linear_native_and_replay_are_equivalent,main,True,True,processed/main/run_status.json;processed/main/dispatch.csv,主回放已完成334/334日；计算受限10日
Q2F-L1141-S1,1141,2.7.7,sentence,y^{(s)},src\q2\optimization.py:19#build_model;src\q2\optimization.py:159#solve_policy;src\q2\linear_policy.py:13#build_linear_policy;src\q2\rolling.py:182#make_day,src\q2\test_dispatch.py:39#test_indicator_model_and_replay_share_dynamic_reserve;src\q2\test_linear_policy.py:57#test_dynamic_reserve_linear_native_and_replay_are_equivalent,main,True,True,processed/main/run_status.json;processed/main/dispatch.csv,主回放已完成334/334日；计算受限10日
Q2F-L1142-S1,1142,2.7.7,sentence,=,src\q2\optimization.py:19#build_model;src\q2\optimization.py:159#solve_policy;src\q2\linear_policy.py:13#build_linear_policy;src\q2\rolling.py:182#make_day,src\q2\test_dispatch.py:39#test_indicator_model_and_replay_share_dynamic_reserve;src\q2\test_linear_policy.py:57#test_dynamic_reserve_linear_native_and_replay_are_equivalent,main,True,True,processed/main/run_status.json;processed/main/dispatch.csv,主回放已完成334/334日；计算受限10日
Q2F-L1143-S1,1143,2.7.7,sentence,"\{c_\tau^{(s)},r_\tau^{(s)},q_\tau^{(s)},w_\tau^{(s)},E_\tau^{(s)}\}_{\tau=1}^{T}.",src\q2\optimization.py:19#build_model;src\q2\optimization.py:159#solve_policy;src\q2\linear_policy.py:13#build_linear_policy;src\q2\rolling.py:182#make_day,src\q2\test_dispatch.py:39#test_indicator_model_and_replay_share_dynamic_reserve;src\q2\test_linear_policy.py:57#test_dynamic_reserve_linear_native_and_replay_are_equivalent,main,True,True,processed/main/run_status.json;processed/main/dispatch.csv,主回放已完成334/334日；计算受限10日
Q2F-L1144-S1,1144,2.7.7,sentence,},src\q2\optimization.py:19#build_model;src\q2\optimization.py:159#solve_policy;src\q2\linear_policy.py:13#build_linear_policy;src\q2\rolling.py:182#make_day,src\q2\test_dispatch.py:39#test_indicator_model_and_replay_share_dynamic_reserve;src\q2\test_linear_policy.py:57#test_dynamic_reserve_linear_native_and_replay_are_equivalent,main,True,True,processed/main/run_status.json;processed/main/dispatch.csv,主回放已完成334/334日；计算受限10日
Q2F-L1145-S1,1145,2.7.7,sentence,\],src\q2\optimization.py:19#build_model;src\q2\optimization.py:159#solve_policy;src\q2\linear_policy.py:13#build_linear_policy;src\q2\rolling.py:182#make_day,src\q2\test_dispatch.py:39#test_indicator_model_and_replay_share_dynamic_reserve;src\q2\test_linear_policy.py:57#test_dynamic_reserve_linear_native_and_replay_are_equivalent,main,True,True,processed/main/run_status.json;processed/main/dispatch.csv,主回放已完成334/334日；计算受限10日
Q2F-L1147-S1,1147,2.7.7,sentence,这里的 \(y^{(s)}\) 仅用于统一记号，**不应理解为完整场景揭示后可由优化器再次自由选择的一组控制量**。,src\q2\optimization.py:19#build_model;src\q2\optimization.py:159#solve_policy;src\q2\linear_policy.py:13#build_linear_policy;src\q2\rolling.py:182#make_day,src\q2\test_dispatch.py:39#test_indicator_model_and_replay_share_dynamic_reserve;src\q2\test_linear_policy.py:57#test_dynamic_reserve_linear_native_and_replay_are_equivalent,main,True,True,processed/main/run_status.json;processed/main/dispatch.csv,主回放已完成334/334日；计算受限10日
Q2F-L1147-S2,1147,2.7.7,sentence,其中：,src\q2\optimization.py:19#build_model;src\q2\optimization.py:159#solve_policy;src\q2\linear_policy.py:13#build_linear_policy;src\q2\rolling.py:182#make_day,src\q2\test_dispatch.py:39#test_indicator_model_and_replay_share_dynamic_reserve;src\q2\test_linear_policy.py:57#test_dynamic_reserve_linear_native_and_replay_are_equivalent,main,True,True,processed/main/run_status.json;processed/main/dispatch.csv,主回放已完成334/334日；计算受限10日
Q2F-L1149-S1,1149,2.7.7,sentence,"- \(c_\tau^{(s)},r_\tau^{(s)}\) 为由第一阶段计划、当期已实现净负荷和上一时段 SOC 按第 2.7.3 节非前瞻规则诱导出的实际充放电执行量；",src\q2\optimization.py:19#build_model;src\q2\optimization.py:159#solve_policy;src\q2\linear_policy.py:13#build_linear_policy;src\q2\rolling.py:182#make_day,src\q2\test_dispatch.py:39#test_indicator_model_and_replay_share_dynamic_reserve;src\q2\test_linear_policy.py:57#test_dynamic_reserve_linear_native_and_replay_are_equivalent,main,True,True,processed/main/run_status.json;processed/main/dispatch.csv,主回放已完成334/334日；计算受限10日
Q2F-L1150-S1,1150,2.7.7,sentence,- \(E_\tau^{(s)}\) 为由储能状态方程逐时递推得到的状态量；,src\q2\optimization.py:19#build_model;src\q2\optimization.py:159#solve_policy;src\q2\linear_policy.py:13#build_linear_policy;src\q2\rolling.py:182#make_day,src\q2\test_dispatch.py:39#test_indicator_model_and_replay_share_dynamic_reserve;src\q2\test_linear_policy.py:57#test_dynamic_reserve_linear_native_and_replay_are_equivalent,main,True,True,processed/main/run_status.json;processed/main/dispatch.csv,主回放已完成334/334日；计算受限10日
Q2F-L1151-S1,1151,2.7.7,sentence,"- \(q_\tau^{(s)},w_\tau^{(s)}\) 分别为由供需缺口和剩余电量确定的紧急购电量与未利用电量。",src\q2\optimization.py:19#build_model;src\q2\optimization.py:159#solve_policy;src\q2\linear_policy.py:13#build_linear_policy;src\q2\rolling.py:182#make_day,src\q2\test_dispatch.py:39#test_indicator_model_and_replay_share_dynamic_reserve;src\q2\test_linear_policy.py:57#test_dynamic_reserve_linear_native_and_replay_are_equivalent,main,True,True,processed/main/run_status.json;processed/main/dispatch.csv,主回放已完成334/334日；计算受限10日
Q2F-L1153-S1,1153,2.7.7,sentence,因此，本模型的两阶段结构应理解为,src\q2\optimization.py:19#build_model;src\q2\optimization.py:159#solve_policy;src\q2\linear_policy.py:13#build_linear_policy;src\q2\rolling.py:182#make_day,src\q2\test_dispatch.py:39#test_indicator_model_and_replay_share_dynamic_reserve;src\q2\test_linear_policy.py:57#test_dynamic_reserve_linear_native_and_replay_are_equivalent,main,True,True,processed/main/run_status.json;processed/main/dispatch.csv,主回放已完成334/334日；计算受限10日
Q2F-L1155-S1,1155,2.7.7,sentence,\[,src\q2\optimization.py:19#build_model;src\q2\optimization.py:159#solve_policy;src\q2\linear_policy.py:13#build_linear_policy;src\q2\rolling.py:182#make_day,src\q2\test_dispatch.py:39#test_indicator_model_and_replay_share_dynamic_reserve;src\q2\test_linear_policy.py:57#test_dynamic_reserve_linear_native_and_replay_are_equivalent,main,True,True,processed/main/run_status.json;processed/main/dispatch.csv,主回放已完成334/334日；计算受限10日
Q2F-L1156-S1,1156,2.7.7,sentence,\boxed{,src\q2\optimization.py:19#build_model;src\q2\optimization.py:159#solve_policy;src\q2\linear_policy.py:13#build_linear_policy;src\q2\rolling.py:182#make_day,src\q2\test_dispatch.py:39#test_indicator_model_and_replay_share_dynamic_reserve;src\q2\test_linear_policy.py:57#test_dynamic_reserve_linear_native_and_replay_are_equivalent,main,True,True,processed/main/run_status.json;processed/main/dispatch.csv,主回放已完成334/334日；计算受限10日
Q2F-L1157-S1,1157,2.7.7,sentence,\text{here-and-now 日前决策},src\q2\optimization.py:19#build_model;src\q2\optimization.py:159#solve_policy;src\q2\linear_policy.py:13#build_linear_policy;src\q2\rolling.py:182#make_day,src\q2\test_dispatch.py:39#test_indicator_model_and_replay_share_dynamic_reserve;src\q2\test_linear_policy.py:57#test_dynamic_reserve_linear_native_and_replay_are_equivalent,main,True,True,processed/main/run_status.json;processed/main/dispatch.csv,主回放已完成334/334日；计算受限10日
Q2F-L1158-S1,1158,2.7.7,sentence,\;+\;,src\q2\optimization.py:19#build_model;src\q2\optimization.py:159#solve_policy;src\q2\linear_policy.py:13#build_linear_policy;src\q2\rolling.py:182#make_day,src\q2\test_dispatch.py:39#test_indicator_model_and_replay_share_dynamic_reserve;src\q2\test_linear_policy.py:57#test_dynamic_reserve_linear_native_and_replay_are_equivalent,main,True,True,processed/main/run_status.json;processed/main/dispatch.csv,主回放已完成334/334日；计算受限10日
Q2F-L1159-S1,1159,2.7.7,sentence,\text{非前瞻场景响应/补救},src\q2\optimization.py:19#build_model;src\q2\optimization.py:159#solve_policy;src\q2\linear_policy.py:13#build_linear_policy;src\q2\rolling.py:182#make_day,src\q2\test_dispatch.py:39#test_indicator_model_and_replay_share_dynamic_reserve;src\q2\test_linear_policy.py:57#test_dynamic_reserve_linear_native_and_replay_are_equivalent,main,True,True,processed/main/run_status.json;processed/main/dispatch.csv,主回放已完成334/334日；计算受限10日
Q2F-L1160-S1,1160,2.7.7,sentence,},src\q2\optimization.py:19#build_model;src\q2\optimization.py:159#solve_policy;src\q2\linear_policy.py:13#build_linear_policy;src\q2\rolling.py:182#make_day,src\q2\test_dispatch.py:39#test_indicator_model_and_replay_share_dynamic_reserve;src\q2\test_linear_policy.py:57#test_dynamic_reserve_linear_native_and_replay_are_equivalent,main,True,True,processed/main/run_status.json;processed/main/dispatch.csv,主回放已完成334/334日；计算受限10日
Q2F-L1161-S1,1161,2.7.7,sentence,\],src\q2\optimization.py:19#build_model;src\q2\optimization.py:159#solve_policy;src\q2\linear_policy.py:13#build_linear_policy;src\q2\rolling.py:182#make_day,src\q2\test_dispatch.py:39#test_indicator_model_and_replay_share_dynamic_reserve;src\q2\test_linear_policy.py:57#test_dynamic_reserve_linear_native_and_replay_are_equivalent,main,True,True,processed/main/run_status.json;processed/main/dispatch.csv,主回放已完成334/334日；计算受限10日
Q2F-L1163-S1,1163,2.7.7,sentence,而不是“完整随机场景一次性揭示后，再对 \(y^{(s)}\) 进行自由 recourse 优化”。,src\q2\optimization.py:19#build_model;src\q2\optimization.py:159#solve_policy;src\q2\linear_policy.py:13#build_linear_policy;src\q2\rolling.py:182#make_day,src\q2\test_dispatch.py:39#test_indicator_model_and_replay_share_dynamic_reserve;src\q2\test_linear_policy.py:57#test_dynamic_reserve_linear_native_and_replay_are_equivalent,main,True,True,processed/main/run_status.json;processed/main/dispatch.csv,主回放已完成334/334日；计算受限10日
Q2F-L1165-S1,1165,2.7.7,sentence,"在数学实现中，为了将 \([\cdot]_+\)、\(\min\{\cdot\}\)、状态递推及分段逻辑精确写成 MILP，\(c_\tau^{(s)},r_\tau^{(s)},q_\tau^{(s)},w_\tau^{(s)},E_\tau^{(s)}\) 可以在求解器中声明为变量；",src\q2\optimization.py:19#build_model;src\q2\optimization.py:159#solve_policy;src\q2\linear_policy.py:13#build_linear_policy;src\q2\rolling.py:182#make_day,src\q2\test_dispatch.py:39#test_indicator_model_and_replay_share_dynamic_reserve;src\q2\test_linear_policy.py:57#test_dynamic_reserve_linear_native_and_replay_are_equivalent,main,True,True,processed/main/run_status.json;processed/main/dispatch.csv,主回放已完成334/334日；计算受限10日
Q2F-L1165-S2,1165,2.7.7,sentence,但这些量受到指示约束、辅助变量和状态方程的精确绑定，其角色是**场景响应量、状态量或线性化辅助变量**，而不是具有额外自由度的第二阶段控制决策。,src\q2\optimization.py:19#build_model;src\q2\optimization.py:159#solve_policy;src\q2\linear_policy.py:13#build_linear_policy;src\q2\rolling.py:182#make_day,src\q2\test_dispatch.py:39#test_indicator_model_and_replay_share_dynamic_reserve;src\q2\test_linear_policy.py:57#test_dynamic_reserve_linear_native_and_replay_are_equivalent,main,True,True,processed/main/run_status.json;processed/main/dispatch.csv,主回放已完成334/334日；计算受限10日
Q2F-L1167-S1,1167,2.7.7,sentence,可将场景 \(s\) 下由第一阶段决策 \(x\) 通过上述非前瞻响应映射所诱导的补救成本记为,src\q2\optimization.py:19#build_model;src\q2\optimization.py:159#solve_policy;src\q2\linear_policy.py:13#build_linear_policy;src\q2\rolling.py:182#make_day,src\q2\test_dispatch.py:39#test_indicator_model_and_replay_share_dynamic_reserve;src\q2\test_linear_policy.py:57#test_dynamic_reserve_linear_native_and_replay_are_equivalent,main,True,True,processed/main/run_status.json;processed/main/dispatch.csv,主回放已完成334/334日；计算受限10日
Q2F-L1169-S1,1169,2.7.7,sentence,\[,src\q2\optimization.py:19#build_model;src\q2\optimization.py:159#solve_policy;src\q2\linear_policy.py:13#build_linear_policy;src\q2\rolling.py:182#make_day,src\q2\test_dispatch.py:39#test_indicator_model_and_replay_share_dynamic_reserve;src\q2\test_linear_policy.py:57#test_dynamic_reserve_linear_native_and_replay_are_equivalent,main,True,True,processed/main/run_status.json;processed/main/dispatch.csv,主回放已完成334/334日；计算受限10日
Q2F-L1170-S1,1170,2.7.7,sentence,Q_s(x).,src\q2\optimization.py:19#build_model;src\q2\optimization.py:159#solve_policy;src\q2\linear_policy.py:13#build_linear_policy;src\q2\rolling.py:182#make_day,src\q2\test_dispatch.py:39#test_indicator_model_and_replay_share_dynamic_reserve;src\q2\test_linear_policy.py:57#test_dynamic_reserve_linear_native_and_replay_are_equivalent,main,True,True,processed/main/run_status.json;processed/main/dispatch.csv,主回放已完成334/334日；计算受限10日
Q2F-L1171-S1,1171,2.7.7,sentence,\],src\q2\optimization.py:19#build_model;src\q2\optimization.py:159#solve_policy;src\q2\linear_policy.py:13#build_linear_policy;src\q2\rolling.py:182#make_day,src\q2\test_dispatch.py:39#test_indicator_model_and_replay_share_dynamic_reserve;src\q2\test_linear_policy.py:57#test_dynamic_reserve_linear_native_and_replay_are_equivalent,main,True,True,processed/main/run_status.json;processed/main/dispatch.csv,主回放已完成334/334日；计算受限10日
Q2F-L1173-S1,1173,2.7.7,sentence,其中，\(Q_s(x)\) 由第 2.7.3—2.7.6 节的负荷优先执行规则、动态 SOC 安全裕度、场景能量平衡和 SOC 状态约束共同确定。,src\q2\optimization.py:19#build_model;src\q2\optimization.py:159#solve_policy;src\q2\linear_policy.py:13#build_linear_policy;src\q2\rolling.py:182#make_day,src\q2\test_dispatch.py:39#test_indicator_model_and_replay_share_dynamic_reserve;src\q2\test_linear_policy.py:57#test_dynamic_reserve_linear_native_and_replay_are_equivalent,main,True,True,processed/main/run_status.json;processed/main/dispatch.csv,主回放已完成334/334日；计算受限10日
Q2F-L1173-S2,1173,2.7.7,sentence,这里的 \(Q_s(x)\) 是**给定 \(x\) 和场景 \(s\) 后由既定响应规则诱导得到的场景成本函数**，而不是在第二阶段对 \(y^{(s)}\) 再进行一次自由最小化后得到的价值函数。,src\q2\optimization.py:19#build_model;src\q2\optimization.py:159#solve_policy;src\q2\linear_policy.py:13#build_linear_policy;src\q2\rolling.py:182#make_day,src\q2\test_dispatch.py:39#test_indicator_model_and_replay_share_dynamic_reserve;src\q2\test_linear_policy.py:57#test_dynamic_reserve_linear_native_and_replay_are_equivalent,main,True,True,processed/main/run_status.json;processed/main/dispatch.csv,主回放已完成334/334日；计算受限10日
Q2F-L1175-S1,1175,2.7.7,sentence,于是主模型可概括为,src\q2\optimization.py:19#build_model;src\q2\optimization.py:159#solve_policy;src\q2\linear_policy.py:13#build_linear_policy;src\q2\rolling.py:182#make_day,src\q2\test_dispatch.py:39#test_indicator_model_and_replay_share_dynamic_reserve;src\q2\test_linear_policy.py:57#test_dynamic_reserve_linear_native_and_replay_are_equivalent,main,True,True,processed/main/run_status.json;processed/main/dispatch.csv,主回放已完成334/334日；计算受限10日
Q2F-L1177-S1,1177,2.7.7,sentence,\[,src\q2\optimization.py:19#build_model;src\q2\optimization.py:159#solve_policy;src\q2\linear_policy.py:13#build_linear_policy;src\q2\rolling.py:182#make_day,src\q2\test_dispatch.py:39#test_indicator_model_and_replay_share_dynamic_reserve;src\q2\test_linear_policy.py:57#test_dynamic_reserve_linear_native_and_replay_are_equivalent,main,True,True,processed/main/run_status.json;processed/main/dispatch.csv,主回放已完成334/334日；计算受限10日
Q2F-L1178-S1,1178,2.7.7,sentence,\boxed{,src\q2\optimization.py:19#build_model;src\q2\optimization.py:159#solve_policy;src\q2\linear_policy.py:13#build_linear_policy;src\q2\rolling.py:182#make_day,src\q2\test_dispatch.py:39#test_indicator_model_and_replay_share_dynamic_reserve;src\q2\test_linear_policy.py:57#test_dynamic_reserve_linear_native_and_replay_are_equivalent,main,True,True,processed/main/run_status.json;processed/main/dispatch.csv,主回放已完成334/334日；计算受限10日
Q2F-L1179-S1,1179,2.7.7,sentence,\min_{x\in\mathcal X},src\q2\optimization.py:19#build_model;src\q2\optimization.py:159#solve_policy;src\q2\linear_policy.py:13#build_linear_policy;src\q2\rolling.py:182#make_day,src\q2\test_dispatch.py:39#test_indicator_model_and_replay_share_dynamic_reserve;src\q2\test_linear_policy.py:57#test_dynamic_reserve_linear_native_and_replay_are_equivalent,main,True,True,processed/main/run_status.json;processed/main/dispatch.csv,主回放已完成334/334日；计算受限10日
Q2F-L1180-S1,1180,2.7.7,sentence,\left[,src\q2\optimization.py:19#build_model;src\q2\optimization.py:159#solve_policy;src\q2\linear_policy.py:13#build_linear_policy;src\q2\rolling.py:182#make_day,src\q2\test_dispatch.py:39#test_indicator_model_and_replay_share_dynamic_reserve;src\q2\test_linear_policy.py:57#test_dynamic_reserve_linear_native_and_replay_are_equivalent,main,True,True,processed/main/run_status.json;processed/main/dispatch.csv,主回放已完成334/334日；计算受限10日
Q2F-L1181-S1,1181,2.7.7,sentence,C^{(1)}(x),src\q2\optimization.py:19#build_model;src\q2\optimization.py:159#solve_policy;src\q2\linear_policy.py:13#build_linear_policy;src\q2\rolling.py:182#make_day,src\q2\test_dispatch.py:39#test_indicator_model_and_replay_share_dynamic_reserve;src\q2\test_linear_policy.py:57#test_dynamic_reserve_linear_native_and_replay_are_equivalent,main,True,True,processed/main/run_status.json;processed/main/dispatch.csv,主回放已完成334/334日；计算受限10日
Q2F-L1182-S1,1182,2.7.7,sentence,+,src\q2\optimization.py:19#build_model;src\q2\optimization.py:159#solve_policy;src\q2\linear_policy.py:13#build_linear_policy;src\q2\rolling.py:182#make_day,src\q2\test_dispatch.py:39#test_indicator_model_and_replay_share_dynamic_reserve;src\q2\test_linear_policy.py:57#test_dynamic_reserve_linear_native_and_replay_are_equivalent,main,True,True,processed/main/run_status.json;processed/main/dispatch.csv,主回放已完成334/334日；计算受限10日
Q2F-L1183-S1,1183,2.7.7,sentence,\sum_{s=1}^{S}\pi_s Q_s(x),src\q2\optimization.py:19#build_model;src\q2\optimization.py:159#solve_policy;src\q2\linear_policy.py:13#build_linear_policy;src\q2\rolling.py:182#make_day,src\q2\test_dispatch.py:39#test_indicator_model_and_replay_share_dynamic_reserve;src\q2\test_linear_policy.py:57#test_dynamic_reserve_linear_native_and_replay_are_equivalent,main,True,True,processed/main/run_status.json;processed/main/dispatch.csv,主回放已完成334/334日；计算受限10日
Q2F-L1184-S1,1184,2.7.7,sentence,\right].,src\q2\optimization.py:19#build_model;src\q2\optimization.py:159#solve_policy;src\q2\linear_policy.py:13#build_linear_policy;src\q2\rolling.py:182#make_day,src\q2\test_dispatch.py:39#test_indicator_model_and_replay_share_dynamic_reserve;src\q2\test_linear_policy.py:57#test_dynamic_reserve_linear_native_and_replay_are_equivalent,main,True,True,processed/main/run_status.json;processed/main/dispatch.csv,主回放已完成334/334日；计算受限10日
Q2F-L1185-S1,1185,2.7.7,sentence,},src\q2\optimization.py:19#build_model;src\q2\optimization.py:159#solve_policy;src\q2\linear_policy.py:13#build_linear_policy;src\q2\rolling.py:182#make_day,src\q2\test_dispatch.py:39#test_indicator_model_and_replay_share_dynamic_reserve;src\q2\test_linear_policy.py:57#test_dynamic_reserve_linear_native_and_replay_are_equivalent,main,True,True,processed/main/run_status.json;processed/main/dispatch.csv,主回放已完成334/334日；计算受限10日
Q2F-L1186-S1,1186,2.7.7,sentence,\],src\q2\optimization.py:19#build_model;src\q2\optimization.py:159#solve_policy;src\q2\linear_policy.py:13#build_linear_policy;src\q2\rolling.py:182#make_day,src\q2\test_dispatch.py:39#test_indicator_model_and_replay_share_dynamic_reserve;src\q2\test_linear_policy.py:57#test_dynamic_reserve_linear_native_and_replay_are_equivalent,main,True,True,processed/main/run_status.json;processed/main/dispatch.csv,主回放已完成334/334日；计算受限10日
Q2F-L1188-S1,1188,2.7.7,sentence,需要说明的是，本文预先规定“负荷优先 + 日前响应上限 + 当前净负荷/SOC 因果裁剪”的参数化非前瞻响应结构，再优化第一阶段参数 \(x\)。,src\q2\optimization.py:19#build_model;src\q2\optimization.py:159#solve_policy;src\q2\linear_policy.py:13#build_linear_policy;src\q2\rolling.py:182#make_day,src\q2\test_dispatch.py:39#test_indicator_model_and_replay_share_dynamic_reserve;src\q2\test_linear_policy.py:57#test_dynamic_reserve_linear_native_and_replay_are_equivalent,main,True,True,processed/main/run_status.json;processed/main/dispatch.csv,主回放已完成334/334日；计算受限10日
Q2F-L1188-S2,1188,2.7.7,sentence,因此得到的是,src\q2\optimization.py:19#build_model;src\q2\optimization.py:159#solve_policy;src\q2\linear_policy.py:13#build_linear_policy;src\q2\rolling.py:182#make_day,src\q2\test_dispatch.py:39#test_indicator_model_and_replay_share_dynamic_reserve;src\q2\test_linear_policy.py:57#test_dynamic_reserve_linear_native_and_replay_are_equivalent,main,True,True,processed/main/run_status.json;processed/main/dispatch.csv,主回放已完成334/334日；计算受限10日
Q2F-L1190-S1,1190,2.7.7,sentence,\[,src\q2\optimization.py:19#build_model;src\q2\optimization.py:159#solve_policy;src\q2\linear_policy.py:13#build_linear_policy;src\q2\rolling.py:182#make_day,src\q2\test_dispatch.py:39#test_indicator_model_and_replay_share_dynamic_reserve;src\q2\test_linear_policy.py:57#test_dynamic_reserve_linear_native_and_replay_are_equivalent,main,True,True,processed/main/run_status.json;processed/main/dispatch.csv,主回放已完成334/334日；计算受限10日
Q2F-L1191-S1,1191,2.7.7,sentence,\boxed{,src\q2\optimization.py:19#build_model;src\q2\optimization.py:159#solve_policy;src\q2\linear_policy.py:13#build_linear_policy;src\q2\rolling.py:182#make_day,src\q2\test_dispatch.py:39#test_indicator_model_and_replay_share_dynamic_reserve;src\q2\test_linear_policy.py:57#test_dynamic_reserve_linear_native_and_replay_are_equivalent,main,True,True,processed/main/run_status.json;processed/main/dispatch.csv,主回放已完成334/334日；计算受限10日
Q2F-L1192-S1,1192,2.7.7,sentence,\text{所构造参数化非前瞻补救策略类内的最优日前决策},src\q2\optimization.py:19#build_model;src\q2\optimization.py:159#solve_policy;src\q2\linear_policy.py:13#build_linear_policy;src\q2\rolling.py:182#make_day,src\q2\test_dispatch.py:39#test_indicator_model_and_replay_share_dynamic_reserve;src\q2\test_linear_policy.py:57#test_dynamic_reserve_linear_native_and_replay_are_equivalent,main,True,True,processed/main/run_status.json;processed/main/dispatch.csv,主回放已完成334/334日；计算受限10日
Q2F-L1193-S1,1193,2.7.7,sentence,},src\q2\optimization.py:19#build_model;src\q2\optimization.py:159#solve_policy;src\q2\linear_policy.py:13#build_linear_policy;src\q2\rolling.py:182#make_day,src\q2\test_dispatch.py:39#test_indicator_model_and_replay_share_dynamic_reserve;src\q2\test_linear_policy.py:57#test_dynamic_reserve_linear_native_and_replay_are_equivalent,main,True,True,processed/main/run_status.json;processed/main/dispatch.csv,主回放已完成334/334日；计算受限10日
Q2F-L1194-S1,1194,2.7.7,sentence,\],src\q2\optimization.py:19#build_model;src\q2\optimization.py:159#solve_policy;src\q2\linear_policy.py:13#build_linear_policy;src\q2\rolling.py:182#make_day,src\q2\test_dispatch.py:39#test_indicator_model_and_replay_share_dynamic_reserve;src\q2\test_linear_policy.py:57#test_dynamic_reserve_linear_native_and_replay_are_equivalent,main,True,True,processed/main/run_status.json;processed/main/dispatch.csv,主回放已完成334/334日；计算受限10日
Q2F-L1196-S1,1196,2.7.7,sentence,而不是宣称在所有可能的动态储能控制策略中取得理论全局最优。,src\q2\optimization.py:19#build_model;src\q2\optimization.py:159#solve_policy;src\q2\linear_policy.py:13#build_linear_policy;src\q2\rolling.py:182#make_day,src\q2\test_dispatch.py:39#test_indicator_model_and_replay_share_dynamic_reserve;src\q2\test_linear_policy.py:57#test_dynamic_reserve_linear_native_and_replay_are_equivalent,main,True,True,processed/main/run_status.json;processed/main/dispatch.csv,主回放已完成334/334日；计算受限10日
Q2F-L1196-S2,1196,2.7.7,sentence,该限制是有意的建模取舍：以压缩部分策略空间为代价，换取题意一致性、非前瞻性、可解释性和全年滚动求解的可实施性。,src\q2\optimization.py:19#build_model;src\q2\optimization.py:159#solve_policy;src\q2\linear_policy.py:13#build_linear_policy;src\q2\rolling.py:182#make_day,src\q2\test_dispatch.py:39#test_indicator_model_and_replay_share_dynamic_reserve;src\q2\test_linear_policy.py:57#test_dynamic_reserve_linear_native_and_replay_are_equivalent,main,True,True,processed/main/run_status.json;processed/main/dispatch.csv,主回放已完成334/334日；计算受限10日
Q2F-L1198-S1,1198,2.7.7,sentence,数学实现固定采用**场景型 MILP**：将 \([\cdot]_+\) 与 \(\min\{\cdot\}\) 的分段逻辑通过辅助变量和指示约束精确展开，从而保证求解器中的场景变量严格对应上述非前瞻响应映射。,src\q2\optimization.py:19#build_model;src\q2\optimization.py:159#solve_policy;src\q2\linear_policy.py:13#build_linear_policy;src\q2\rolling.py:182#make_day,src\q2\test_dispatch.py:39#test_indicator_model_and_replay_share_dynamic_reserve;src\q2\test_linear_policy.py:57#test_dynamic_reserve_linear_native_and_replay_are_equivalent,main,True,True,processed/main/run_status.json;processed/main/dispatch.csv,主回放已完成334/334日；计算受限10日
Q2F-L1198-S2,1198,2.7.7,sentence,最终论文应报告实际使用的 MILP 求解器及版本、场景数 \(S\)、前瞻长度 \(K\)、连续/二元变量规模、约束规模、平均与最大求解时间以及 optimality gap；,src\q2\optimization.py:19#build_model;src\q2\optimization.py:159#solve_policy;src\q2\linear_policy.py:13#build_linear_policy;src\q2\rolling.py:182#make_day,src\q2\test_dispatch.py:39#test_indicator_model_and_replay_share_dynamic_reserve;src\q2\test_linear_policy.py:57#test_dynamic_reserve_linear_native_and_replay_are_equivalent,main,True,True,processed/main/run_status.json;processed/main/dispatch.csv,主回放已完成334/334日；计算受限10日
Q2F-L1198-S3,1198,2.7.7,sentence,这些数值必须由实际运行结果给出。,src\q2\optimization.py:19#build_model;src\q2\optimization.py:159#solve_policy;src\q2\linear_policy.py:13#build_linear_policy;src\q2\rolling.py:182#make_day,src\q2\test_dispatch.py:39#test_indicator_model_and_replay_share_dynamic_reserve;src\q2\test_linear_policy.py:57#test_dynamic_reserve_linear_native_and_replay_are_equivalent,main,True,True,processed/main/run_status.json;processed/main/dispatch.csv,主回放已完成334/334日；计算受限10日
Q2F-L1200-S1,1200,2.7.7,sentence,因此，本问的主模型类别是**滚动两阶段随机规划**；,src\q2\optimization.py:19#build_model;src\q2\optimization.py:159#solve_policy;src\q2\linear_policy.py:13#build_linear_policy;src\q2\rolling.py:182#make_day,src\q2\test_dispatch.py:39#test_indicator_model_and_replay_share_dynamic_reserve;src\q2\test_linear_policy.py:57#test_dynamic_reserve_linear_native_and_replay_are_equivalent,main,True,True,processed/main/run_status.json;processed/main/dispatch.csv,主回放已完成334/334日；计算受限10日
Q2F-L1200-S2,1200,2.7.7,sentence,80% 临界分位是题目不对称补购机制对应的随机报童型结构；,src\q2\optimization.py:19#build_model;src\q2\optimization.py:159#solve_policy;src\q2\linear_policy.py:13#build_linear_policy;src\q2\rolling.py:182#make_day,src\q2\test_dispatch.py:39#test_indicator_model_and_replay_share_dynamic_reserve;src\q2\test_linear_policy.py:57#test_dynamic_reserve_linear_native_and_replay_are_equivalent,main,True,True,processed/main/run_status.json;processed/main/dispatch.csv,主回放已完成334/334日；计算受限10日
Q2F-L1200-S3,1200,2.7.7,sentence,负荷优先非前瞻规则则是第二阶段场景响应机制的物理与信息约束，三者分别承担“模型骨架—理论解释—执行约束”的不同作用。,src\q2\optimization.py:19#build_model;src\q2\optimization.py:159#solve_policy;src\q2\linear_policy.py:13#build_linear_policy;src\q2\rolling.py:182#make_day,src\q2\test_dispatch.py:39#test_indicator_model_and_replay_share_dynamic_reserve;src\q2\test_linear_policy.py:57#test_dynamic_reserve_linear_native_and_replay_are_equivalent,main,True,True,processed/main/run_status.json;processed/main/dispatch.csv,主回放已完成334/334日；计算受限10日
Q2F-L1202-S1,1202,2.8,markup,## 2.8 风险中性期望成本目标,src\q2\optimization.py:19#build_model;src\q2\optimization.py:159#solve_policy,src\q2\test_dispatch.py:84#test_unfixed_policy_replay_matches_solver,main,True,True,processed/main/run_status.json;processed/main/dispatch.csv,主回放已完成334/334日；计算受限10日
Q2F-L1204-S1,1204,2.8,sentence,题目要求尽可能节省购电费用，且没有给定风险厌恶系数，因此 `result2.xlsx` 的主结果采用风险中性期望成本最小化。,src\q2\optimization.py:19#build_model;src\q2\optimization.py:159#solve_policy,src\q2\test_dispatch.py:84#test_unfixed_policy_replay_matches_solver,main,True,True,processed/main/run_status.json;processed/main/dispatch.csv,主回放已完成334/334日；计算受限10日
Q2F-L1206-S1,1206,2.8,sentence,在两阶段结构下，第一阶段成本为全天计划购电成本。,src\q2\optimization.py:19#build_model;src\q2\optimization.py:159#solve_policy,src\q2\test_dispatch.py:84#test_unfixed_policy_replay_matches_solver,main,True,True,processed/main/run_status.json;processed/main/dispatch.csv,主回放已完成334/334日；计算受限10日
Q2F-L1206-S2,1206,2.8,sentence,对滚动窗口内按日重复使用附件 1 的日内电价曲线，记相应时段电价为 \(p_\tau\)，则,src\q2\optimization.py:19#build_model;src\q2\optimization.py:159#solve_policy,src\q2\test_dispatch.py:84#test_unfixed_policy_replay_matches_solver,main,True,True,processed/main/run_status.json;processed/main/dispatch.csv,主回放已完成334/334日；计算受限10日
Q2F-L1208-S1,1208,2.8,sentence,\[,src\q2\optimization.py:19#build_model;src\q2\optimization.py:159#solve_policy,src\q2\test_dispatch.py:84#test_unfixed_policy_replay_matches_solver,main,True,True,processed/main/run_status.json;processed/main/dispatch.csv,主回放已完成334/334日；计算受限10日
Q2F-L1209-S1,1209,2.8,sentence,\boxed{,src\q2\optimization.py:19#build_model;src\q2\optimization.py:159#solve_policy,src\q2\test_dispatch.py:84#test_unfixed_policy_replay_matches_solver,main,True,True,processed/main/run_status.json;processed/main/dispatch.csv,主回放已完成334/334日；计算受限10日
Q2F-L1210-S1,1210,2.8,sentence,C^{(1)}(x),src\q2\optimization.py:19#build_model;src\q2\optimization.py:159#solve_policy,src\q2\test_dispatch.py:84#test_unfixed_policy_replay_matches_solver,main,True,True,processed/main/run_status.json;processed/main/dispatch.csv,主回放已完成334/334日；计算受限10日
Q2F-L1211-S1,1211,2.8,sentence,=,src\q2\optimization.py:19#build_model;src\q2\optimization.py:159#solve_policy,src\q2\test_dispatch.py:84#test_unfixed_policy_replay_matches_solver,main,True,True,processed/main/run_status.json;processed/main/dispatch.csv,主回放已完成334/334日；计算受限10日
Q2F-L1212-S1,1212,2.8,sentence,C^{\mathrm{plan}},src\q2\optimization.py:19#build_model;src\q2\optimization.py:159#solve_policy,src\q2\test_dispatch.py:84#test_unfixed_policy_replay_matches_solver,main,True,True,processed/main/run_status.json;processed/main/dispatch.csv,主回放已完成334/334日；计算受限10日
Q2F-L1213-S1,1213,2.8,sentence,=,src\q2\optimization.py:19#build_model;src\q2\optimization.py:159#solve_policy,src\q2\test_dispatch.py:84#test_unfixed_policy_replay_matches_solver,main,True,True,processed/main/run_status.json;processed/main/dispatch.csv,主回放已完成334/334日；计算受限10日
Q2F-L1214-S1,1214,2.8,sentence,\sum_{\tau=1}^{T}p_\tau g_\tau.,src\q2\optimization.py:19#build_model;src\q2\optimization.py:159#solve_policy,src\q2\test_dispatch.py:84#test_unfixed_policy_replay_matches_solver,main,True,True,processed/main/run_status.json;processed/main/dispatch.csv,主回放已完成334/334日；计算受限10日
Q2F-L1215-S1,1215,2.8,sentence,},src\q2\optimization.py:19#build_model;src\q2\optimization.py:159#solve_policy,src\q2\test_dispatch.py:84#test_unfixed_policy_replay_matches_solver,main,True,True,processed/main/run_status.json;processed/main/dispatch.csv,主回放已完成334/334日；计算受限10日
Q2F-L1216-S1,1216,2.8,sentence,\],src\q2\optimization.py:19#build_model;src\q2\optimization.py:159#solve_policy,src\q2\test_dispatch.py:84#test_unfixed_policy_replay_matches_solver,main,True,True,processed/main/run_status.json;processed/main/dispatch.csv,主回放已完成334/334日；计算受限10日
Q2F-L1218-S1,1218,2.8,sentence,"第一阶段的 \(c_\tau^p,r_\tau^p\) 为储能响应上限，本身不直接产生额外购电费用，但会影响第二阶段不同随机场景下的储能补救能力。",src\q2\optimization.py:19#build_model;src\q2\optimization.py:159#solve_policy,src\q2\test_dispatch.py:84#test_unfixed_policy_replay_matches_solver,main,True,True,processed/main/run_status.json;processed/main/dispatch.csv,主回放已完成334/334日；计算受限10日
Q2F-L1220-S1,1220,2.8,sentence,"对于场景 \(s\)，给定第一阶段决策后，由第 2.7 节的负荷优先非前瞻响应规则逐时诱导得到场景响应量 \(c_\tau^{(s)},r_\tau^{(s)},q_\tau^{(s)},w_\tau^{(s)},E_\tau^{(s)}\)。",src\q2\optimization.py:19#build_model;src\q2\optimization.py:159#solve_policy,src\q2\test_dispatch.py:84#test_unfixed_policy_replay_matches_solver,main,True,True,processed/main/run_status.json;processed/main/dispatch.csv,主回放已完成334/334日；计算受限10日
Q2F-L1220-S2,1220,2.8,sentence,其中紧急购电成本为,src\q2\optimization.py:19#build_model;src\q2\optimization.py:159#solve_policy,src\q2\test_dispatch.py:84#test_unfixed_policy_replay_matches_solver,main,True,True,processed/main/run_status.json;processed/main/dispatch.csv,主回放已完成334/334日；计算受限10日
Q2F-L1222-S1,1222,2.8,sentence,\[,src\q2\optimization.py:19#build_model;src\q2\optimization.py:159#solve_policy,src\q2\test_dispatch.py:84#test_unfixed_policy_replay_matches_solver,main,True,True,processed/main/run_status.json;processed/main/dispatch.csv,主回放已完成334/334日；计算受限10日
Q2F-L1223-S1,1223,2.8,sentence,\boxed{,src\q2\optimization.py:19#build_model;src\q2\optimization.py:159#solve_policy,src\q2\test_dispatch.py:84#test_unfixed_policy_replay_matches_solver,main,True,True,processed/main/run_status.json;processed/main/dispatch.csv,主回放已完成334/334日；计算受限10日
Q2F-L1224-S1,1224,2.8,sentence,Q_s(x),src\q2\optimization.py:19#build_model;src\q2\optimization.py:159#solve_policy,src\q2\test_dispatch.py:84#test_unfixed_policy_replay_matches_solver,main,True,True,processed/main/run_status.json;processed/main/dispatch.csv,主回放已完成334/334日；计算受限10日
Q2F-L1225-S1,1225,2.8,sentence,=,src\q2\optimization.py:19#build_model;src\q2\optimization.py:159#solve_policy,src\q2\test_dispatch.py:84#test_unfixed_policy_replay_matches_solver,main,True,True,processed/main/run_status.json;processed/main/dispatch.csv,主回放已完成334/334日；计算受限10日
Q2F-L1226-S1,1226,2.8,sentence,C_s^{\mathrm{em}},src\q2\optimization.py:19#build_model;src\q2\optimization.py:159#solve_policy,src\q2\test_dispatch.py:84#test_unfixed_policy_replay_matches_solver,main,True,True,processed/main/run_status.json;processed/main/dispatch.csv,主回放已完成334/334日；计算受限10日
Q2F-L1227-S1,1227,2.8,sentence,=,src\q2\optimization.py:19#build_model;src\q2\optimization.py:159#solve_policy,src\q2\test_dispatch.py:84#test_unfixed_policy_replay_matches_solver,main,True,True,processed/main/run_status.json;processed/main/dispatch.csv,主回放已完成334/334日；计算受限10日
Q2F-L1228-S1,1228,2.8,sentence,\sum_{\tau=1}^{T}5p_\tau q_\tau^{(s)}.,src\q2\optimization.py:19#build_model;src\q2\optimization.py:159#solve_policy,src\q2\test_dispatch.py:84#test_unfixed_policy_replay_matches_solver,main,True,True,processed/main/run_status.json;processed/main/dispatch.csv,主回放已完成334/334日；计算受限10日
Q2F-L1229-S1,1229,2.8,sentence,},src\q2\optimization.py:19#build_model;src\q2\optimization.py:159#solve_policy,src\q2\test_dispatch.py:84#test_unfixed_policy_replay_matches_solver,main,True,True,processed/main/run_status.json;processed/main/dispatch.csv,主回放已完成334/334日；计算受限10日
Q2F-L1230-S1,1230,2.8,sentence,\],src\q2\optimization.py:19#build_model;src\q2\optimization.py:159#solve_policy,src\q2\test_dispatch.py:84#test_unfixed_policy_replay_matches_solver,main,True,True,processed/main/run_status.json;processed/main/dispatch.csv,主回放已完成334/334日；计算受限10日
Q2F-L1232-S1,1232,2.8,sentence,因此风险中性滚动两阶段随机规划主问题写为,src\q2\optimization.py:19#build_model;src\q2\optimization.py:159#solve_policy,src\q2\test_dispatch.py:84#test_unfixed_policy_replay_matches_solver,main,True,True,processed/main/run_status.json;processed/main/dispatch.csv,主回放已完成334/334日；计算受限10日
Q2F-L1234-S1,1234,2.8,sentence,\[,src\q2\optimization.py:19#build_model;src\q2\optimization.py:159#solve_policy,src\q2\test_dispatch.py:84#test_unfixed_policy_replay_matches_solver,main,True,True,processed/main/run_status.json;processed/main/dispatch.csv,主回放已完成334/334日；计算受限10日
Q2F-L1235-S1,1235,2.8,sentence,\boxed{,src\q2\optimization.py:19#build_model;src\q2\optimization.py:159#solve_policy,src\q2\test_dispatch.py:84#test_unfixed_policy_replay_matches_solver,main,True,True,processed/main/run_status.json;processed/main/dispatch.csv,主回放已完成334/334日；计算受限10日
Q2F-L1236-S1,1236,2.8,sentence,\min_{x\in\mathcal X},src\q2\optimization.py:19#build_model;src\q2\optimization.py:159#solve_policy,src\q2\test_dispatch.py:84#test_unfixed_policy_replay_matches_solver,main,True,True,processed/main/run_status.json;processed/main/dispatch.csv,主回放已完成334/334日；计算受限10日
Q2F-L1237-S1,1237,2.8,sentence,J(x),src\q2\optimization.py:19#build_model;src\q2\optimization.py:159#solve_policy,src\q2\test_dispatch.py:84#test_unfixed_policy_replay_matches_solver,main,True,True,processed/main/run_status.json;processed/main/dispatch.csv,主回放已完成334/334日；计算受限10日
Q2F-L1238-S1,1238,2.8,sentence,=,src\q2\optimization.py:19#build_model;src\q2\optimization.py:159#solve_policy,src\q2\test_dispatch.py:84#test_unfixed_policy_replay_matches_solver,main,True,True,processed/main/run_status.json;processed/main/dispatch.csv,主回放已完成334/334日；计算受限10日
Q2F-L1239-S1,1239,2.8,sentence,\underbrace{C^{(1)}(x)}_{\text{第一阶段计划购电成本}},src\q2\optimization.py:19#build_model;src\q2\optimization.py:159#solve_policy,src\q2\test_dispatch.py:84#test_unfixed_policy_replay_matches_solver,main,True,True,processed/main/run_status.json;processed/main/dispatch.csv,主回放已完成334/334日；计算受限10日
Q2F-L1240-S1,1240,2.8,sentence,+,src\q2\optimization.py:19#build_model;src\q2\optimization.py:159#solve_policy,src\q2\test_dispatch.py:84#test_unfixed_policy_replay_matches_solver,main,True,True,processed/main/run_status.json;processed/main/dispatch.csv,主回放已完成334/334日；计算受限10日
Q2F-L1241-S1,1241,2.8,sentence,\underbrace{\sum_{s=1}^{S}\pi_sQ_s(x)}_{\text{第二阶段期望补救成本}},src\q2\optimization.py:19#build_model;src\q2\optimization.py:159#solve_policy,src\q2\test_dispatch.py:84#test_unfixed_policy_replay_matches_solver,main,True,True,processed/main/run_status.json;processed/main/dispatch.csv,主回放已完成334/334日；计算受限10日
Q2F-L1242-S1,1242,2.8,sentence,},src\q2\optimization.py:19#build_model;src\q2\optimization.py:159#solve_policy,src\q2\test_dispatch.py:84#test_unfixed_policy_replay_matches_solver,main,True,True,processed/main/run_status.json;processed/main/dispatch.csv,主回放已完成334/334日；计算受限10日
Q2F-L1243-S1,1243,2.8,sentence,\],src\q2\optimization.py:19#build_model;src\q2\optimization.py:159#solve_policy,src\q2\test_dispatch.py:84#test_unfixed_policy_replay_matches_solver,main,True,True,processed/main/run_status.json;processed/main/dispatch.csv,主回放已完成334/334日；计算受限10日
Q2F-L1245-S1,1245,2.8,sentence,subject to：第一阶段计划购电与储能响应上限约束、第二阶段负荷优先非前瞻补救规则、场景能量平衡、SOC 约束及滚动时域边界。,src\q2\optimization.py:19#build_model;src\q2\optimization.py:159#solve_policy,src\q2\test_dispatch.py:84#test_unfixed_policy_replay_matches_solver,main,True,True,processed/main/run_status.json;processed/main/dispatch.csv,主回放已完成334/334日；计算受限10日
Q2F-L1247-S1,1247,2.8,sentence,该目标完全来自题目价格规则，不额外放大紧急购电价格，也不引入额外的主观风险厌恶系数。,src\q2\optimization.py:19#build_model;src\q2\optimization.py:159#solve_policy,src\q2\test_dispatch.py:84#test_unfixed_policy_replay_matches_solver,main,True,True,processed/main/run_status.json;processed/main/dispatch.csv,主回放已完成334/334日；计算受限10日
Q2F-L1247-S2,1247,2.8,sentence,尾部场景校准保证历史上高压力的净负荷低估轨迹能够进入有限场景集，动态 SOC 安全裕度则避免储能在高风险时段前被过早透支。,src\q2\optimization.py:19#build_model;src\q2\optimization.py:159#solve_policy,src\q2\test_dispatch.py:84#test_unfixed_policy_replay_matches_solver,main,True,True,processed/main/run_status.json;processed/main/dispatch.csv,主回放已完成334/334日；计算受限10日
Q2F-L1249-S1,1249,2.8,sentence,结合第 2.6 节可知，当去掉储能并退化到单时段时，该两阶段模型仍自动退化为随机报童问题，并给出 80% 临界分位策略。,src\q2\optimization.py:19#build_model;src\q2\optimization.py:159#solve_policy,src\q2\test_dispatch.py:84#test_unfixed_policy_replay_matches_solver,main,True,True,processed/main/run_status.json;processed/main/dispatch.csv,主回放已完成334/334日；计算受限10日
Q2F-L1252-S1,1252,2.8,markup,---,src\q2\optimization.py:19#build_model;src\q2\optimization.py:159#solve_policy,src\q2\test_dispatch.py:84#test_unfixed_policy_replay_matches_solver,main,True,True,processed/main/run_status.json;processed/main/dispatch.csv,主回放已完成334/334日；计算受限10日
Q2F-L1254-S1,1254,2.9,markup,## 2.9 每日滚动求解与真实数据回放,src\q2\rolling.py:368#run_rollout;src\q2\export_dispatch.py:226#export_result,src\q2\test_forecast_dispatch.py:236#ExportTests;src\q2\test_forecast_dispatch.py:287#RollingTests,main,True,True,processed/main/run_status.json;processed/main/dispatch.csv,主回放已完成334/334日；计算受限10日
Q2F-L1256-S1,1256,2.9.1,markup,### 2.9.1 1 月历史预热与固定 SOC 初始化,src\q2\rolling.py:322#warm_start;src\q2\shadows.py:45#build_shadow_library,src\q2\test_forecast_dispatch.py:192#test_deterministic_certificate_matches_exact_model,warm,True,True,processed/warm_start.json,1月仅积累预测历史，储能不主动调度；2月1日SOC固定为6000kWh
Q2F-L1258-S1,1258,2.9.1,sentence,1 月仅作为预测历史与误差库的预热区间，不进行储能主动调度。,src\q2\rolling.py:322#warm_start;src\q2\shadows.py:45#build_shadow_library,src\q2\test_forecast_dispatch.py:192#test_deterministic_certificate_matches_exact_model,warm,True,True,processed/warm_start.json,1月仅积累预测历史，储能不主动调度；2月1日SOC固定为6000kWh
Q2F-L1258-S2,1258,2.9.1,sentence,由题目给定,src\q2\rolling.py:322#warm_start;src\q2\shadows.py:45#build_shadow_library,src\q2\test_forecast_dispatch.py:192#test_deterministic_certificate_matches_exact_model,warm,True,True,processed/warm_start.json,1月仅积累预测历史，储能不主动调度；2月1日SOC固定为6000kWh
Q2F-L1260-S1,1260,2.9.1,sentence,\[,src\q2\rolling.py:322#warm_start;src\q2\shadows.py:45#build_shadow_library,src\q2\test_forecast_dispatch.py:192#test_deterministic_certificate_matches_exact_model,warm,True,True,processed/warm_start.json,1月仅积累预测历史，储能不主动调度；2月1日SOC固定为6000kWh
Q2F-L1261-S1,1261,2.9.1,sentence,"E_{\mathrm{Jan\ 1},0}=6000\text{ kWh},",src\q2\rolling.py:322#warm_start;src\q2\shadows.py:45#build_shadow_library,src\q2\test_forecast_dispatch.py:192#test_deterministic_certificate_matches_exact_model,warm,True,True,processed/warm_start.json,1月仅积累预测历史，储能不主动调度；2月1日SOC固定为6000kWh
Q2F-L1262-S1,1262,2.9.1,sentence,\],src\q2\rolling.py:322#warm_start;src\q2\shadows.py:45#build_shadow_library,src\q2\test_forecast_dispatch.py:192#test_deterministic_certificate_matches_exact_model,warm,True,True,processed/warm_start.json,1月仅积累预测历史，储能不主动调度；2月1日SOC固定为6000kWh
Q2F-L1264-S1,1264,2.9.1,sentence,并令整个 1 月,src\q2\rolling.py:322#warm_start;src\q2\shadows.py:45#build_shadow_library,src\q2\test_forecast_dispatch.py:192#test_deterministic_certificate_matches_exact_model,warm,True,True,processed/warm_start.json,1月仅积累预测历史，储能不主动调度；2月1日SOC固定为6000kWh
Q2F-L1266-S1,1266,2.9.1,sentence,\[,src\q2\rolling.py:322#warm_start;src\q2\shadows.py:45#build_shadow_library,src\q2\test_forecast_dispatch.py:192#test_deterministic_certificate_matches_exact_model,warm,True,True,processed/warm_start.json,1月仅积累预测历史，储能不主动调度；2月1日SOC固定为6000kWh
Q2F-L1267-S1,1267,2.9.1,sentence,"c_{d,t}=r_{d,t}=0,",src\q2\rolling.py:322#warm_start;src\q2\shadows.py:45#build_shadow_library,src\q2\test_forecast_dispatch.py:192#test_deterministic_certificate_matches_exact_model,warm,True,True,processed/warm_start.json,1月仅积累预测历史，储能不主动调度；2月1日SOC固定为6000kWh
Q2F-L1268-S1,1268,2.9.1,sentence,\],src\q2\rolling.py:322#warm_start;src\q2\shadows.py:45#build_shadow_library,src\q2\test_forecast_dispatch.py:192#test_deterministic_certificate_matches_exact_model,warm,True,True,processed/warm_start.json,1月仅积累预测历史，储能不主动调度；2月1日SOC固定为6000kWh
Q2F-L1270-S1,1270,2.9.1,sentence,故,src\q2\rolling.py:322#warm_start;src\q2\shadows.py:45#build_shadow_library,src\q2\test_forecast_dispatch.py:192#test_deterministic_certificate_matches_exact_model,warm,True,True,processed/warm_start.json,1月仅积累预测历史，储能不主动调度；2月1日SOC固定为6000kWh
Q2F-L1272-S1,1272,2.9.1,sentence,\[,src\q2\rolling.py:322#warm_start;src\q2\shadows.py:45#build_shadow_library,src\q2\test_forecast_dispatch.py:192#test_deterministic_certificate_matches_exact_model,warm,True,True,processed/warm_start.json,1月仅积累预测历史，储能不主动调度；2月1日SOC固定为6000kWh
Q2F-L1273-S1,1273,2.9.1,sentence,"\boxed{E_{\mathrm{Feb\ 1},0}=6000\text{ kWh}}.",src\q2\rolling.py:322#warm_start;src\q2\shadows.py:45#build_shadow_library,src\q2\test_forecast_dispatch.py:192#test_deterministic_certificate_matches_exact_model,warm,True,True,processed/warm_start.json,1月仅积累预测历史，储能不主动调度；2月1日SOC固定为6000kWh
Q2F-L1274-S1,1274,2.9.1,sentence,\],src\q2\rolling.py:322#warm_start;src\q2\shadows.py:45#build_shadow_library,src\q2\test_forecast_dispatch.py:192#test_deterministic_certificate_matches_exact_model,warm,True,True,processed/warm_start.json,1月仅积累预测历史，储能不主动调度；2月1日SOC固定为6000kWh
Q2F-L1276-S1,1276,2.9.1,sentence,1 月真实负荷与光伏数据用于训练 2 月以后的预测器，并在具备足够历史后按时间顺序保存候选预测器的影子样本外误差，以初始化正式阶段的 predictor-conditioned 场景库。,src\q2\rolling.py:322#warm_start;src\q2\shadows.py:45#build_shadow_library,src\q2\test_forecast_dispatch.py:192#test_deterministic_certificate_matches_exact_model,warm,True,True,processed/warm_start.json,1月仅积累预测历史，储能不主动调度；2月1日SOC固定为6000kWh
Q2F-L1276-S2,1276,2.9.1,sentence,该过程不涉及 1 月储能优化，1 月费用也不计入正式结果。,src\q2\rolling.py:322#warm_start;src\q2\shadows.py:45#build_shadow_library,src\q2\test_forecast_dispatch.py:192#test_deterministic_certificate_matches_exact_model,warm,True,True,processed/warm_start.json,1月仅积累预测历史，储能不主动调度；2月1日SOC固定为6000kWh
Q2F-L1278-S1,1278,2.9.2,markup,### 2.9.2 2 月 1 日起的正式逐日流程,src\q2\rolling.py:182#make_day;src\q2\rolling.py:368#run_rollout;src\q2\checkpoint.py:92#read_checkpoint,src\q2\test_forecast_dispatch.py:287#RollingTests,main,True,True,processed/main/run_status.json;processed/main/dispatch.csv,主回放已完成334/334日；计算受限10日
Q2F-L1280-S1,1280,2.9.2,sentence,对第 \(d\) 日执行：,src\q2\rolling.py:182#make_day;src\q2\rolling.py:368#run_rollout;src\q2\checkpoint.py:92#read_checkpoint,src\q2\test_forecast_dispatch.py:287#RollingTests,main,True,True,processed/main/run_status.json;processed/main/dispatch.csv,主回放已完成334/334日；计算受限10日
Q2F-L1282-S1,1282,2.9.2,sentence,1. 读取第 \(d\) 日 0:00 前已经实现的全部历史数据和上一日真实日末 SOC；,src\q2\rolling.py:182#make_day;src\q2\rolling.py:368#run_rollout;src\q2\checkpoint.py:92#read_checkpoint,src\q2\test_forecast_dispatch.py:287#RollingTests,main,True,True,processed/main/run_status.json;processed/main/dispatch.csv,主回放已完成334/334日；计算受限10日
Q2F-L1283-S1,1283,2.9.2,sentence,2. 候选模型集合保持预先固定，并仅根据截至 \(d-1\) 日的历史样本外表现更新/选择当日预测器；,src\q2\rolling.py:182#make_day;src\q2\rolling.py:368#run_rollout;src\q2\checkpoint.py:92#read_checkpoint,src\q2\test_forecast_dispatch.py:287#RollingTests,main,True,True,processed/main/run_status.json;processed/main/dispatch.csv,主回放已完成334/334日；计算受限10日
Q2F-L1284-S1,1284,2.9.2,sentence,3. 生成未来 \(K\) 日递推预测；,src\q2\rolling.py:182#make_day;src\q2\rolling.py:368#run_rollout;src\q2\checkpoint.py:92#read_checkpoint,src\q2\test_forecast_dispatch.py:287#RollingTests,main,True,True,processed/main/run_status.json;processed/main/dispatch.csv,主回放已完成334/334日；计算受限10日
Q2F-L1285-S1,1285,2.9.2,sentence,4. 从截至当前已经完整形成、且与当日所选预测器一致的 predictor-conditioned forecast-origin × horizon 联合误差块中构造主体场景，并按第 2.5.5 节补充历史上最不利的净负荷低估压力场景；,src\q2\rolling.py:182#make_day;src\q2\rolling.py:368#run_rollout;src\q2\checkpoint.py:92#read_checkpoint,src\q2\test_forecast_dispatch.py:287#RollingTests,main,True,True,processed/main/run_status.json;processed/main/dispatch.csv,主回放已完成334/334日；计算受限10日
Q2F-L1286-S1,1286,2.9.2,sentence,5. 根据截至 \(d-1\) 日的历史样本外净负荷误差，按第 2.7.4 节计算并冻结当天 144 个时段的动态 SOC 安全裕度 \(R_t\)；,src\q2\rolling.py:182#make_day;src\q2\rolling.py:368#run_rollout;src\q2\checkpoint.py:92#read_checkpoint,src\q2\test_forecast_dispatch.py:287#RollingTests,main,True,True,processed/main/run_status.json;processed/main/dispatch.csv,主回放已完成334/334日；计算受限10日
Q2F-L1287-S1,1287,2.9.2,sentence,"6. 求解校准场景下的风险中性储能耦合滚动两阶段随机规划模型，得到未来 \(K\) 日的第一阶段日前计划 \(g,c^p,r^p\)；",src\q2\rolling.py:182#make_day;src\q2\rolling.py:368#run_rollout;src\q2\checkpoint.py:92#read_checkpoint,src\q2\test_forecast_dispatch.py:287#RollingTests,main,True,True,processed/main/run_status.json;processed/main/dispatch.csv,主回放已完成334/334日；计算受限10日
Q2F-L1288-S1,1288,2.9.2,sentence,7. 只保留前 144 个时段作为当天真正计划，并同时保留当天已冻结的 \(R_t\)；,src\q2\rolling.py:182#make_day;src\q2\rolling.py:368#run_rollout;src\q2\checkpoint.py:92#read_checkpoint,src\q2\test_forecast_dispatch.py:287#RollingTests,main,True,True,processed/main/run_status.json;processed/main/dispatch.csv,主回放已完成334/334日；计算受限10日
Q2F-L1289-S1,1289,2.9.2,sentence,8. 用附件 2 当天真实负荷和光伏逐 10 min 回放，储能严格按照“负荷优先 + 动态安全裕度”的因果规则执行；,src\q2\rolling.py:182#make_day;src\q2\rolling.py:368#run_rollout;src\q2\checkpoint.py:92#read_checkpoint,src\q2\test_forecast_dispatch.py:287#RollingTests,main,True,True,processed/main/run_status.json;processed/main/dispatch.csv,主回放已完成334/334日；计算受限10日
Q2F-L1290-S1,1290,2.9.2,sentence,"9. 记录真实 \(c^{\mathrm{real}},r^{\mathrm{real}},q^{\mathrm{real}},w^{\mathrm{real}},E^{\mathrm{real}}\)；",src\q2\rolling.py:182#make_day;src\q2\rolling.py:368#run_rollout;src\q2\checkpoint.py:92#read_checkpoint,src\q2\test_forecast_dispatch.py:287#RollingTests,main,True,True,processed/main/run_status.json;processed/main/dispatch.csv,主回放已完成334/334日；计算受限10日
Q2F-L1291-S1,1291,2.9.2,sentence,10. 将当天 24:00 的真实 SOC 传递到下一日；,src\q2\rolling.py:182#make_day;src\q2\rolling.py:368#run_rollout;src\q2\checkpoint.py:92#read_checkpoint,src\q2\test_forecast_dispatch.py:287#RollingTests,main,True,True,processed/main/run_status.json;processed/main/dispatch.csv,主回放已完成334/334日；计算受限10日
Q2F-L1292-S1,1292,2.9.2,sentence,11. 第二天 0:00 再利用新增历史重新预测、重新校准尾部场景并更新安全裕度。,src\q2\rolling.py:182#make_day;src\q2\rolling.py:368#run_rollout;src\q2\checkpoint.py:92#read_checkpoint,src\q2\test_forecast_dispatch.py:287#RollingTests,main,True,True,processed/main/run_status.json;processed/main/dispatch.csv,主回放已完成334/334日；计算受限10日
Q2F-L1294-S1,1294,2.9.3,markup,### 2.9.3 真实回放公式,src\q2\rolling.py:296#dispatch_frame;src\q2\export_dispatch.py:47#emergency_events;src\q2\export_dispatch.py:226#export_result,src\q2\test_forecast_dispatch.py:268#test_complete_template_roundtrip_and_partial_rejection;src\q2\test_forecast_dispatch.py:258#test_cross_midnight_events_and_empty_events,export,True,True,processed/main/template_audit.json,仅完整334日通过物理/模板回读后导出result2；合成模板测试不代表正式结果
Q2F-L1296-S1,1296,2.9.3,sentence,定义当天第 \(t\) 个 10 min 时段真实净负荷电量,src\q2\rolling.py:296#dispatch_frame;src\q2\export_dispatch.py:47#emergency_events;src\q2\export_dispatch.py:226#export_result,src\q2\test_forecast_dispatch.py:268#test_complete_template_roundtrip_and_partial_rejection;src\q2\test_forecast_dispatch.py:258#test_cross_midnight_events_and_empty_events,export,True,True,processed/main/template_audit.json,仅完整334日通过物理/模板回读后导出result2；合成模板测试不代表正式结果
Q2F-L1298-S1,1298,2.9.3,sentence,\[,src\q2\rolling.py:296#dispatch_frame;src\q2\export_dispatch.py:47#emergency_events;src\q2\export_dispatch.py:226#export_result,src\q2\test_forecast_dispatch.py:268#test_complete_template_roundtrip_and_partial_rejection;src\q2\test_forecast_dispatch.py:258#test_cross_midnight_events_and_empty_events,export,True,True,processed/main/template_audit.json,仅完整334日通过物理/模板回读后导出result2；合成模板测试不代表正式结果
Q2F-L1299-S1,1299,2.9.3,sentence,"n_{d,t}^{\mathrm{real}}",src\q2\rolling.py:296#dispatch_frame;src\q2\export_dispatch.py:47#emergency_events;src\q2\export_dispatch.py:226#export_result,src\q2\test_forecast_dispatch.py:268#test_complete_template_roundtrip_and_partial_rejection;src\q2\test_forecast_dispatch.py:258#test_cross_midnight_events_and_empty_events,export,True,True,processed/main/template_audit.json,仅完整334日通过物理/模板回读后导出result2；合成模板测试不代表正式结果
Q2F-L1300-S1,1300,2.9.3,sentence,=,src\q2\rolling.py:296#dispatch_frame;src\q2\export_dispatch.py:47#emergency_events;src\q2\export_dispatch.py:226#export_result,src\q2\test_forecast_dispatch.py:268#test_complete_template_roundtrip_and_partial_rejection;src\q2\test_forecast_dispatch.py:258#test_cross_midnight_events_and_empty_events,export,True,True,processed/main/template_audit.json,仅完整334日通过物理/模板回读后导出result2；合成模板测试不代表正式结果
Q2F-L1301-S1,1301,2.9.3,sentence,\Delta t,src\q2\rolling.py:296#dispatch_frame;src\q2\export_dispatch.py:47#emergency_events;src\q2\export_dispatch.py:226#export_result,src\q2\test_forecast_dispatch.py:268#test_complete_template_roundtrip_and_partial_rejection;src\q2\test_forecast_dispatch.py:258#test_cross_midnight_events_and_empty_events,export,True,True,processed/main/template_audit.json,仅完整334日通过物理/模板回读后导出result2；合成模板测试不代表正式结果
Q2F-L1302-S1,1302,2.9.3,sentence,\left(,src\q2\rolling.py:296#dispatch_frame;src\q2\export_dispatch.py:47#emergency_events;src\q2\export_dispatch.py:226#export_result,src\q2\test_forecast_dispatch.py:268#test_complete_template_roundtrip_and_partial_rejection;src\q2\test_forecast_dispatch.py:258#test_cross_midnight_events_and_empty_events,export,True,True,processed/main/template_audit.json,仅完整334日通过物理/模板回读后导出result2；合成模板测试不代表正式结果
Q2F-L1303-S1,1303,2.9.3,sentence,"L_{d,t}^{\mathrm{real}}-P_{d,t}^{PV,\mathrm{real}}",src\q2\rolling.py:296#dispatch_frame;src\q2\export_dispatch.py:47#emergency_events;src\q2\export_dispatch.py:226#export_result,src\q2\test_forecast_dispatch.py:268#test_complete_template_roundtrip_and_partial_rejection;src\q2\test_forecast_dispatch.py:258#test_cross_midnight_events_and_empty_events,export,True,True,processed/main/template_audit.json,仅完整334日通过物理/模板回读后导出result2；合成模板测试不代表正式结果
Q2F-L1304-S1,1304,2.9.3,sentence,"\right),",src\q2\rolling.py:296#dispatch_frame;src\q2\export_dispatch.py:47#emergency_events;src\q2\export_dispatch.py:226#export_result,src\q2\test_forecast_dispatch.py:268#test_complete_template_roundtrip_and_partial_rejection;src\q2\test_forecast_dispatch.py:258#test_cross_midnight_events_and_empty_events,export,True,True,processed/main/template_audit.json,仅完整334日通过物理/模板回读后导出result2；合成模板测试不代表正式结果
Q2F-L1305-S1,1305,2.9.3,sentence,\],src\q2\rolling.py:296#dispatch_frame;src\q2\export_dispatch.py:47#emergency_events;src\q2\export_dispatch.py:226#export_result,src\q2\test_forecast_dispatch.py:268#test_complete_template_roundtrip_and_partial_rejection;src\q2\test_forecast_dispatch.py:258#test_cross_midnight_events_and_empty_events,export,True,True,processed/main/template_audit.json,仅完整334日通过物理/模板回读后导出result2；合成模板测试不代表正式结果
Q2F-L1307-S1,1307,2.9.3,sentence,以及全天计划购电后的真实即时缺口,src\q2\rolling.py:296#dispatch_frame;src\q2\export_dispatch.py:47#emergency_events;src\q2\export_dispatch.py:226#export_result,src\q2\test_forecast_dispatch.py:268#test_complete_template_roundtrip_and_partial_rejection;src\q2\test_forecast_dispatch.py:258#test_cross_midnight_events_and_empty_events,export,True,True,processed/main/template_audit.json,仅完整334日通过物理/模板回读后导出result2；合成模板测试不代表正式结果
Q2F-L1309-S1,1309,2.9.3,sentence,\[,src\q2\rolling.py:296#dispatch_frame;src\q2\export_dispatch.py:47#emergency_events;src\q2\export_dispatch.py:226#export_result,src\q2\test_forecast_dispatch.py:268#test_complete_template_roundtrip_and_partial_rejection;src\q2\test_forecast_dispatch.py:258#test_cross_midnight_events_and_empty_events,export,True,True,processed/main/template_audit.json,仅完整334日通过物理/模板回读后导出result2；合成模板测试不代表正式结果
Q2F-L1310-S1,1310,2.9.3,sentence,"x_{d,t}^{\mathrm{real}}",src\q2\rolling.py:296#dispatch_frame;src\q2\export_dispatch.py:47#emergency_events;src\q2\export_dispatch.py:226#export_result,src\q2\test_forecast_dispatch.py:268#test_complete_template_roundtrip_and_partial_rejection;src\q2\test_forecast_dispatch.py:258#test_cross_midnight_events_and_empty_events,export,True,True,processed/main/template_audit.json,仅完整334日通过物理/模板回读后导出result2；合成模板测试不代表正式结果
Q2F-L1311-S1,1311,2.9.3,sentence,=,src\q2\rolling.py:296#dispatch_frame;src\q2\export_dispatch.py:47#emergency_events;src\q2\export_dispatch.py:226#export_result,src\q2\test_forecast_dispatch.py:268#test_complete_template_roundtrip_and_partial_rejection;src\q2\test_forecast_dispatch.py:258#test_cross_midnight_events_and_empty_events,export,True,True,processed/main/template_audit.json,仅完整334日通过物理/模板回读后导出result2；合成模板测试不代表正式结果
Q2F-L1312-S1,1312,2.9.3,sentence,"n_{d,t}^{\mathrm{real}}-g_{d,t}.",src\q2\rolling.py:296#dispatch_frame;src\q2\export_dispatch.py:47#emergency_events;src\q2\export_dispatch.py:226#export_result,src\q2\test_forecast_dispatch.py:268#test_complete_template_roundtrip_and_partial_rejection;src\q2\test_forecast_dispatch.py:258#test_cross_midnight_events_and_empty_events,export,True,True,processed/main/template_audit.json,仅完整334日通过物理/模板回读后导出result2；合成模板测试不代表正式结果
Q2F-L1313-S1,1313,2.9.3,sentence,\],src\q2\rolling.py:296#dispatch_frame;src\q2\export_dispatch.py:47#emergency_events;src\q2\export_dispatch.py:226#export_result,src\q2\test_forecast_dispatch.py:268#test_complete_template_roundtrip_and_partial_rejection;src\q2\test_forecast_dispatch.py:258#test_cross_midnight_events_and_empty_events,export,True,True,processed/main/template_audit.json,仅完整334日通过物理/模板回读后导出result2；合成模板测试不代表正式结果
Q2F-L1315-S1,1315,2.9.3,sentence,"当天动态安全裕度 \(R_{d,t}\) 已在 0:00 利用历史样本外误差计算并冻结，因此真实回放不会利用当天未来真实负荷或光伏信息。",src\q2\rolling.py:296#dispatch_frame;src\q2\export_dispatch.py:47#emergency_events;src\q2\export_dispatch.py:226#export_result,src\q2\test_forecast_dispatch.py:268#test_complete_template_roundtrip_and_partial_rejection;src\q2\test_forecast_dispatch.py:258#test_cross_midnight_events_and_empty_events,export,True,True,processed/main/template_audit.json,仅完整334日通过物理/模板回读后导出result2；合成模板测试不代表正式结果
Q2F-L1317-S1,1317,2.9.3,sentence,实际充放电按“负荷优先 + 当日 0:00 已冻结的动态 SOC 安全裕度”规则逐时计算：,src\q2\rolling.py:296#dispatch_frame;src\q2\export_dispatch.py:47#emergency_events;src\q2\export_dispatch.py:226#export_result,src\q2\test_forecast_dispatch.py:268#test_complete_template_roundtrip_and_partial_rejection;src\q2\test_forecast_dispatch.py:258#test_cross_midnight_events_and_empty_events,export,True,True,processed/main/template_audit.json,仅完整334日通过物理/模板回读后导出result2；合成模板测试不代表正式结果
Q2F-L1319-S1,1319,2.9.3,sentence,\[,src\q2\rolling.py:296#dispatch_frame;src\q2\export_dispatch.py:47#emergency_events;src\q2\export_dispatch.py:226#export_result,src\q2\test_forecast_dispatch.py:268#test_complete_template_roundtrip_and_partial_rejection;src\q2\test_forecast_dispatch.py:258#test_cross_midnight_events_and_empty_events,export,True,True,processed/main/template_audit.json,仅完整334日通过物理/模板回读后导出result2；合成模板测试不代表正式结果
Q2F-L1320-S1,1320,2.9.3,sentence,\boxed{,src\q2\rolling.py:296#dispatch_frame;src\q2\export_dispatch.py:47#emergency_events;src\q2\export_dispatch.py:226#export_result,src\q2\test_forecast_dispatch.py:268#test_complete_template_roundtrip_and_partial_rejection;src\q2\test_forecast_dispatch.py:258#test_cross_midnight_events_and_empty_events,export,True,True,processed/main/template_audit.json,仅完整334日通过物理/模板回读后导出result2；合成模板测试不代表正式结果
Q2F-L1321-S1,1321,2.9.3,sentence,"c_{d,t}^{\mathrm{real}}",src\q2\rolling.py:296#dispatch_frame;src\q2\export_dispatch.py:47#emergency_events;src\q2\export_dispatch.py:226#export_result,src\q2\test_forecast_dispatch.py:268#test_complete_template_roundtrip_and_partial_rejection;src\q2\test_forecast_dispatch.py:258#test_cross_midnight_events_and_empty_events,export,True,True,processed/main/template_audit.json,仅完整334日通过物理/模板回读后导出result2；合成模板测试不代表正式结果
Q2F-L1322-S1,1322,2.9.3,sentence,=,src\q2\rolling.py:296#dispatch_frame;src\q2\export_dispatch.py:47#emergency_events;src\q2\export_dispatch.py:226#export_result,src\q2\test_forecast_dispatch.py:268#test_complete_template_roundtrip_and_partial_rejection;src\q2\test_forecast_dispatch.py:258#test_cross_midnight_events_and_empty_events,export,True,True,processed/main/template_audit.json,仅完整334日通过物理/模板回读后导出result2；合成模板测试不代表正式结果
Q2F-L1323-S1,1323,2.9.3,sentence,\min\left\{,src\q2\rolling.py:296#dispatch_frame;src\q2\export_dispatch.py:47#emergency_events;src\q2\export_dispatch.py:226#export_result,src\q2\test_forecast_dispatch.py:268#test_complete_template_roundtrip_and_partial_rejection;src\q2\test_forecast_dispatch.py:258#test_cross_midnight_events_and_empty_events,export,True,True,processed/main/template_audit.json,仅完整334日通过物理/模板回读后导出result2；合成模板测试不代表正式结果
Q2F-L1324-S1,1324,2.9.3,sentence,"c_{d,t}^{p},",src\q2\rolling.py:296#dispatch_frame;src\q2\export_dispatch.py:47#emergency_events;src\q2\export_dispatch.py:226#export_result,src\q2\test_forecast_dispatch.py:268#test_complete_template_roundtrip_and_partial_rejection;src\q2\test_forecast_dispatch.py:258#test_cross_midnight_events_and_empty_events,export,True,True,processed/main/template_audit.json,仅完整334日通过物理/模板回读后导出result2；合成模板测试不代表正式结果
Q2F-L1325-S1,1325,2.9.3,sentence,"[-x_{d,t}^{\mathrm{real}}]_+,",src\q2\rolling.py:296#dispatch_frame;src\q2\export_dispatch.py:47#emergency_events;src\q2\export_dispatch.py:226#export_result,src\q2\test_forecast_dispatch.py:268#test_complete_template_roundtrip_and_partial_rejection;src\q2\test_forecast_dispatch.py:258#test_cross_midnight_events_and_empty_events,export,True,True,processed/main/template_audit.json,仅完整334日通过物理/模板回读后导出result2；合成模板测试不代表正式结果
Q2F-L1326-S1,1326,2.9.3,sentence,"\frac{E_{\max}-E_{d,t-1}^{\mathrm{real}}}{\eta_c}",src\q2\rolling.py:296#dispatch_frame;src\q2\export_dispatch.py:47#emergency_events;src\q2\export_dispatch.py:226#export_result,src\q2\test_forecast_dispatch.py:268#test_complete_template_roundtrip_and_partial_rejection;src\q2\test_forecast_dispatch.py:258#test_cross_midnight_events_and_empty_events,export,True,True,processed/main/template_audit.json,仅完整334日通过物理/模板回读后导出result2；合成模板测试不代表正式结果
Q2F-L1327-S1,1327,2.9.3,sentence,\right\}.,src\q2\rolling.py:296#dispatch_frame;src\q2\export_dispatch.py:47#emergency_events;src\q2\export_dispatch.py:226#export_result,src\q2\test_forecast_dispatch.py:268#test_complete_template_roundtrip_and_partial_rejection;src\q2\test_forecast_dispatch.py:258#test_cross_midnight_events_and_empty_events,export,True,True,processed/main/template_audit.json,仅完整334日通过物理/模板回读后导出result2；合成模板测试不代表正式结果
Q2F-L1328-S1,1328,2.9.3,sentence,},src\q2\rolling.py:296#dispatch_frame;src\q2\export_dispatch.py:47#emergency_events;src\q2\export_dispatch.py:226#export_result,src\q2\test_forecast_dispatch.py:268#test_complete_template_roundtrip_and_partial_rejection;src\q2\test_forecast_dispatch.py:258#test_cross_midnight_events_and_empty_events,export,True,True,processed/main/template_audit.json,仅完整334日通过物理/模板回读后导出result2；合成模板测试不代表正式结果
Q2F-L1329-S1,1329,2.9.3,sentence,\],src\q2\rolling.py:296#dispatch_frame;src\q2\export_dispatch.py:47#emergency_events;src\q2\export_dispatch.py:226#export_result,src\q2\test_forecast_dispatch.py:268#test_complete_template_roundtrip_and_partial_rejection;src\q2\test_forecast_dispatch.py:258#test_cross_midnight_events_and_empty_events,export,True,True,processed/main/template_audit.json,仅完整334日通过物理/模板回读后导出result2；合成模板测试不代表正式结果
Q2F-L1331-S1,1331,2.9.3,sentence,\[,src\q2\rolling.py:296#dispatch_frame;src\q2\export_dispatch.py:47#emergency_events;src\q2\export_dispatch.py:226#export_result,src\q2\test_forecast_dispatch.py:268#test_complete_template_roundtrip_and_partial_rejection;src\q2\test_forecast_dispatch.py:258#test_cross_midnight_events_and_empty_events,export,True,True,processed/main/template_audit.json,仅完整334日通过物理/模板回读后导出result2；合成模板测试不代表正式结果
Q2F-L1332-S1,1332,2.9.3,sentence,\boxed{,src\q2\rolling.py:296#dispatch_frame;src\q2\export_dispatch.py:47#emergency_events;src\q2\export_dispatch.py:226#export_result,src\q2\test_forecast_dispatch.py:268#test_complete_template_roundtrip_and_partial_rejection;src\q2\test_forecast_dispatch.py:258#test_cross_midnight_events_and_empty_events,export,True,True,processed/main/template_audit.json,仅完整334日通过物理/模板回读后导出result2；合成模板测试不代表正式结果
Q2F-L1333-S1,1333,2.9.3,sentence,"r_{d,t}^{\mathrm{real}}",src\q2\rolling.py:296#dispatch_frame;src\q2\export_dispatch.py:47#emergency_events;src\q2\export_dispatch.py:226#export_result,src\q2\test_forecast_dispatch.py:268#test_complete_template_roundtrip_and_partial_rejection;src\q2\test_forecast_dispatch.py:258#test_cross_midnight_events_and_empty_events,export,True,True,processed/main/template_audit.json,仅完整334日通过物理/模板回读后导出result2；合成模板测试不代表正式结果
Q2F-L1334-S1,1334,2.9.3,sentence,=,src\q2\rolling.py:296#dispatch_frame;src\q2\export_dispatch.py:47#emergency_events;src\q2\export_dispatch.py:226#export_result,src\q2\test_forecast_dispatch.py:268#test_complete_template_roundtrip_and_partial_rejection;src\q2\test_forecast_dispatch.py:258#test_cross_midnight_events_and_empty_events,export,True,True,processed/main/template_audit.json,仅完整334日通过物理/模板回读后导出result2；合成模板测试不代表正式结果
Q2F-L1335-S1,1335,2.9.3,sentence,\min\left\{,src\q2\rolling.py:296#dispatch_frame;src\q2\export_dispatch.py:47#emergency_events;src\q2\export_dispatch.py:226#export_result,src\q2\test_forecast_dispatch.py:268#test_complete_template_roundtrip_and_partial_rejection;src\q2\test_forecast_dispatch.py:258#test_cross_midnight_events_and_empty_events,export,True,True,processed/main/template_audit.json,仅完整334日通过物理/模板回读后导出result2；合成模板测试不代表正式结果
Q2F-L1336-S1,1336,2.9.3,sentence,"r_{d,t}^{p},",src\q2\rolling.py:296#dispatch_frame;src\q2\export_dispatch.py:47#emergency_events;src\q2\export_dispatch.py:226#export_result,src\q2\test_forecast_dispatch.py:268#test_complete_template_roundtrip_and_partial_rejection;src\q2\test_forecast_dispatch.py:258#test_cross_midnight_events_and_empty_events,export,True,True,processed/main/template_audit.json,仅完整334日通过物理/模板回读后导出result2；合成模板测试不代表正式结果
Q2F-L1337-S1,1337,2.9.3,sentence,"[x_{d,t}^{\mathrm{real}}]_+,",src\q2\rolling.py:296#dispatch_frame;src\q2\export_dispatch.py:47#emergency_events;src\q2\export_dispatch.py:226#export_result,src\q2\test_forecast_dispatch.py:268#test_complete_template_roundtrip_and_partial_rejection;src\q2\test_forecast_dispatch.py:258#test_cross_midnight_events_and_empty_events,export,True,True,processed/main/template_audit.json,仅完整334日通过物理/模板回读后导出result2；合成模板测试不代表正式结果
Q2F-L1338-S1,1338,2.9.3,sentence,"\eta_d\bigl[E_{d,t-1}^{\mathrm{real}}-E_{\min}-R_{d,t}\bigr]_+",src\q2\rolling.py:296#dispatch_frame;src\q2\export_dispatch.py:47#emergency_events;src\q2\export_dispatch.py:226#export_result,src\q2\test_forecast_dispatch.py:268#test_complete_template_roundtrip_and_partial_rejection;src\q2\test_forecast_dispatch.py:258#test_cross_midnight_events_and_empty_events,export,True,True,processed/main/template_audit.json,仅完整334日通过物理/模板回读后导出result2；合成模板测试不代表正式结果
Q2F-L1339-S1,1339,2.9.3,sentence,\right\}.,src\q2\rolling.py:296#dispatch_frame;src\q2\export_dispatch.py:47#emergency_events;src\q2\export_dispatch.py:226#export_result,src\q2\test_forecast_dispatch.py:268#test_complete_template_roundtrip_and_partial_rejection;src\q2\test_forecast_dispatch.py:258#test_cross_midnight_events_and_empty_events,export,True,True,processed/main/template_audit.json,仅完整334日通过物理/模板回读后导出result2；合成模板测试不代表正式结果
Q2F-L1340-S1,1340,2.9.3,sentence,},src\q2\rolling.py:296#dispatch_frame;src\q2\export_dispatch.py:47#emergency_events;src\q2\export_dispatch.py:226#export_result,src\q2\test_forecast_dispatch.py:268#test_complete_template_roundtrip_and_partial_rejection;src\q2\test_forecast_dispatch.py:258#test_cross_midnight_events_and_empty_events,export,True,True,processed/main/template_audit.json,仅完整334日通过物理/模板回读后导出result2；合成模板测试不代表正式结果
Q2F-L1341-S1,1341,2.9.3,sentence,\],src\q2\rolling.py:296#dispatch_frame;src\q2\export_dispatch.py:47#emergency_events;src\q2\export_dispatch.py:226#export_result,src\q2\test_forecast_dispatch.py:268#test_complete_template_roundtrip_and_partial_rejection;src\q2\test_forecast_dispatch.py:258#test_cross_midnight_events_and_empty_events,export,True,True,processed/main/template_audit.json,仅完整334日通过物理/模板回读后导出result2；合成模板测试不代表正式结果
Q2F-L1343-S1,1343,2.9.3,sentence,虽然 \(c^p\) 与 \(r^p\) 都可以为正，但实际充电只在 \(x<0\) 时执行、实际放电只在 \(x>0\) 时执行，因此真实充放电不会在同一时段同时发生。,src\q2\rolling.py:296#dispatch_frame;src\q2\export_dispatch.py:47#emergency_events;src\q2\export_dispatch.py:226#export_result,src\q2\test_forecast_dispatch.py:268#test_complete_template_roundtrip_and_partial_rejection;src\q2\test_forecast_dispatch.py:258#test_cross_midnight_events_and_empty_events,export,True,True,processed/main/template_audit.json,仅完整334日通过物理/模板回读后导出result2；合成模板测试不代表正式结果
Q2F-L1345-S1,1345,2.9.3,sentence,紧急购电量为,src\q2\rolling.py:296#dispatch_frame;src\q2\export_dispatch.py:47#emergency_events;src\q2\export_dispatch.py:226#export_result,src\q2\test_forecast_dispatch.py:268#test_complete_template_roundtrip_and_partial_rejection;src\q2\test_forecast_dispatch.py:258#test_cross_midnight_events_and_empty_events,export,True,True,processed/main/template_audit.json,仅完整334日通过物理/模板回读后导出result2；合成模板测试不代表正式结果
Q2F-L1347-S1,1347,2.9.3,sentence,\[,src\q2\rolling.py:296#dispatch_frame;src\q2\export_dispatch.py:47#emergency_events;src\q2\export_dispatch.py:226#export_result,src\q2\test_forecast_dispatch.py:268#test_complete_template_roundtrip_and_partial_rejection;src\q2\test_forecast_dispatch.py:258#test_cross_midnight_events_and_empty_events,export,True,True,processed/main/template_audit.json,仅完整334日通过物理/模板回读后导出result2；合成模板测试不代表正式结果
Q2F-L1348-S1,1348,2.9.3,sentence,\boxed{,src\q2\rolling.py:296#dispatch_frame;src\q2\export_dispatch.py:47#emergency_events;src\q2\export_dispatch.py:226#export_result,src\q2\test_forecast_dispatch.py:268#test_complete_template_roundtrip_and_partial_rejection;src\q2\test_forecast_dispatch.py:258#test_cross_midnight_events_and_empty_events,export,True,True,processed/main/template_audit.json,仅完整334日通过物理/模板回读后导出result2；合成模板测试不代表正式结果
Q2F-L1349-S1,1349,2.9.3,sentence,"q_{d,t}^{\mathrm{real}}",src\q2\rolling.py:296#dispatch_frame;src\q2\export_dispatch.py:47#emergency_events;src\q2\export_dispatch.py:226#export_result,src\q2\test_forecast_dispatch.py:268#test_complete_template_roundtrip_and_partial_rejection;src\q2\test_forecast_dispatch.py:258#test_cross_midnight_events_and_empty_events,export,True,True,processed/main/template_audit.json,仅完整334日通过物理/模板回读后导出result2；合成模板测试不代表正式结果
Q2F-L1350-S1,1350,2.9.3,sentence,=,src\q2\rolling.py:296#dispatch_frame;src\q2\export_dispatch.py:47#emergency_events;src\q2\export_dispatch.py:226#export_result,src\q2\test_forecast_dispatch.py:268#test_complete_template_roundtrip_and_partial_rejection;src\q2\test_forecast_dispatch.py:258#test_cross_midnight_events_and_empty_events,export,True,True,processed/main/template_audit.json,仅完整334日通过物理/模板回读后导出result2；合成模板测试不代表正式结果
Q2F-L1351-S1,1351,2.9.3,sentence,\left[,src\q2\rolling.py:296#dispatch_frame;src\q2\export_dispatch.py:47#emergency_events;src\q2\export_dispatch.py:226#export_result,src\q2\test_forecast_dispatch.py:268#test_complete_template_roundtrip_and_partial_rejection;src\q2\test_forecast_dispatch.py:258#test_cross_midnight_events_and_empty_events,export,True,True,processed/main/template_audit.json,仅完整334日通过物理/模板回读后导出result2；合成模板测试不代表正式结果
Q2F-L1352-S1,1352,2.9.3,sentence,"n_{d,t}^{\mathrm{real}}",src\q2\rolling.py:296#dispatch_frame;src\q2\export_dispatch.py:47#emergency_events;src\q2\export_dispatch.py:226#export_result,src\q2\test_forecast_dispatch.py:268#test_complete_template_roundtrip_and_partial_rejection;src\q2\test_forecast_dispatch.py:258#test_cross_midnight_events_and_empty_events,export,True,True,processed/main/template_audit.json,仅完整334日通过物理/模板回读后导出result2；合成模板测试不代表正式结果
Q2F-L1353-S1,1353,2.9.3,sentence,"-g_{d,t}",src\q2\rolling.py:296#dispatch_frame;src\q2\export_dispatch.py:47#emergency_events;src\q2\export_dispatch.py:226#export_result,src\q2\test_forecast_dispatch.py:268#test_complete_template_roundtrip_and_partial_rejection;src\q2\test_forecast_dispatch.py:258#test_cross_midnight_events_and_empty_events,export,True,True,processed/main/template_audit.json,仅完整334日通过物理/模板回读后导出result2；合成模板测试不代表正式结果
Q2F-L1354-S1,1354,2.9.3,sentence,"-r_{d,t}^{\mathrm{real}}",src\q2\rolling.py:296#dispatch_frame;src\q2\export_dispatch.py:47#emergency_events;src\q2\export_dispatch.py:226#export_result,src\q2\test_forecast_dispatch.py:268#test_complete_template_roundtrip_and_partial_rejection;src\q2\test_forecast_dispatch.py:258#test_cross_midnight_events_and_empty_events,export,True,True,processed/main/template_audit.json,仅完整334日通过物理/模板回读后导出result2；合成模板测试不代表正式结果
Q2F-L1355-S1,1355,2.9.3,sentence,\right]_+.,src\q2\rolling.py:296#dispatch_frame;src\q2\export_dispatch.py:47#emergency_events;src\q2\export_dispatch.py:226#export_result,src\q2\test_forecast_dispatch.py:268#test_complete_template_roundtrip_and_partial_rejection;src\q2\test_forecast_dispatch.py:258#test_cross_midnight_events_and_empty_events,export,True,True,processed/main/template_audit.json,仅完整334日通过物理/模板回读后导出result2；合成模板测试不代表正式结果
Q2F-L1356-S1,1356,2.9.3,sentence,},src\q2\rolling.py:296#dispatch_frame;src\q2\export_dispatch.py:47#emergency_events;src\q2\export_dispatch.py:226#export_result,src\q2\test_forecast_dispatch.py:268#test_complete_template_roundtrip_and_partial_rejection;src\q2\test_forecast_dispatch.py:258#test_cross_midnight_events_and_empty_events,export,True,True,processed/main/template_audit.json,仅完整334日通过物理/模板回读后导出result2；合成模板测试不代表正式结果
Q2F-L1357-S1,1357,2.9.3,sentence,\],src\q2\rolling.py:296#dispatch_frame;src\q2\export_dispatch.py:47#emergency_events;src\q2\export_dispatch.py:226#export_result,src\q2\test_forecast_dispatch.py:268#test_complete_template_roundtrip_and_partial_rejection;src\q2\test_forecast_dispatch.py:258#test_cross_midnight_events_and_empty_events,export,True,True,processed/main/template_audit.json,仅完整334日通过物理/模板回读后导出result2；合成模板测试不代表正式结果
Q2F-L1359-S1,1359,2.9.3,sentence,未利用电量为,src\q2\rolling.py:296#dispatch_frame;src\q2\export_dispatch.py:47#emergency_events;src\q2\export_dispatch.py:226#export_result,src\q2\test_forecast_dispatch.py:268#test_complete_template_roundtrip_and_partial_rejection;src\q2\test_forecast_dispatch.py:258#test_cross_midnight_events_and_empty_events,export,True,True,processed/main/template_audit.json,仅完整334日通过物理/模板回读后导出result2；合成模板测试不代表正式结果
Q2F-L1361-S1,1361,2.9.3,sentence,\[,src\q2\rolling.py:296#dispatch_frame;src\q2\export_dispatch.py:47#emergency_events;src\q2\export_dispatch.py:226#export_result,src\q2\test_forecast_dispatch.py:268#test_complete_template_roundtrip_and_partial_rejection;src\q2\test_forecast_dispatch.py:258#test_cross_midnight_events_and_empty_events,export,True,True,processed/main/template_audit.json,仅完整334日通过物理/模板回读后导出result2；合成模板测试不代表正式结果
Q2F-L1362-S1,1362,2.9.3,sentence,\boxed{,src\q2\rolling.py:296#dispatch_frame;src\q2\export_dispatch.py:47#emergency_events;src\q2\export_dispatch.py:226#export_result,src\q2\test_forecast_dispatch.py:268#test_complete_template_roundtrip_and_partial_rejection;src\q2\test_forecast_dispatch.py:258#test_cross_midnight_events_and_empty_events,export,True,True,processed/main/template_audit.json,仅完整334日通过物理/模板回读后导出result2；合成模板测试不代表正式结果
Q2F-L1363-S1,1363,2.9.3,sentence,"w_{d,t}^{\mathrm{real}}",src\q2\rolling.py:296#dispatch_frame;src\q2\export_dispatch.py:47#emergency_events;src\q2\export_dispatch.py:226#export_result,src\q2\test_forecast_dispatch.py:268#test_complete_template_roundtrip_and_partial_rejection;src\q2\test_forecast_dispatch.py:258#test_cross_midnight_events_and_empty_events,export,True,True,processed/main/template_audit.json,仅完整334日通过物理/模板回读后导出result2；合成模板测试不代表正式结果
Q2F-L1364-S1,1364,2.9.3,sentence,=,src\q2\rolling.py:296#dispatch_frame;src\q2\export_dispatch.py:47#emergency_events;src\q2\export_dispatch.py:226#export_result,src\q2\test_forecast_dispatch.py:268#test_complete_template_roundtrip_and_partial_rejection;src\q2\test_forecast_dispatch.py:258#test_cross_midnight_events_and_empty_events,export,True,True,processed/main/template_audit.json,仅完整334日通过物理/模板回读后导出result2；合成模板测试不代表正式结果
Q2F-L1365-S1,1365,2.9.3,sentence,\left[,src\q2\rolling.py:296#dispatch_frame;src\q2\export_dispatch.py:47#emergency_events;src\q2\export_dispatch.py:226#export_result,src\q2\test_forecast_dispatch.py:268#test_complete_template_roundtrip_and_partial_rejection;src\q2\test_forecast_dispatch.py:258#test_cross_midnight_events_and_empty_events,export,True,True,processed/main/template_audit.json,仅完整334日通过物理/模板回读后导出result2；合成模板测试不代表正式结果
Q2F-L1366-S1,1366,2.9.3,sentence,"g_{d,t}",src\q2\rolling.py:296#dispatch_frame;src\q2\export_dispatch.py:47#emergency_events;src\q2\export_dispatch.py:226#export_result,src\q2\test_forecast_dispatch.py:268#test_complete_template_roundtrip_and_partial_rejection;src\q2\test_forecast_dispatch.py:258#test_cross_midnight_events_and_empty_events,export,True,True,processed/main/template_audit.json,仅完整334日通过物理/模板回读后导出result2；合成模板测试不代表正式结果
Q2F-L1367-S1,1367,2.9.3,sentence,"+r_{d,t}^{\mathrm{real}}",src\q2\rolling.py:296#dispatch_frame;src\q2\export_dispatch.py:47#emergency_events;src\q2\export_dispatch.py:226#export_result,src\q2\test_forecast_dispatch.py:268#test_complete_template_roundtrip_and_partial_rejection;src\q2\test_forecast_dispatch.py:258#test_cross_midnight_events_and_empty_events,export,True,True,processed/main/template_audit.json,仅完整334日通过物理/模板回读后导出result2；合成模板测试不代表正式结果
Q2F-L1368-S1,1368,2.9.3,sentence,"-n_{d,t}^{\mathrm{real}}",src\q2\rolling.py:296#dispatch_frame;src\q2\export_dispatch.py:47#emergency_events;src\q2\export_dispatch.py:226#export_result,src\q2\test_forecast_dispatch.py:268#test_complete_template_roundtrip_and_partial_rejection;src\q2\test_forecast_dispatch.py:258#test_cross_midnight_events_and_empty_events,export,True,True,processed/main/template_audit.json,仅完整334日通过物理/模板回读后导出result2；合成模板测试不代表正式结果
Q2F-L1369-S1,1369,2.9.3,sentence,"-c_{d,t}^{\mathrm{real}}",src\q2\rolling.py:296#dispatch_frame;src\q2\export_dispatch.py:47#emergency_events;src\q2\export_dispatch.py:226#export_result,src\q2\test_forecast_dispatch.py:268#test_complete_template_roundtrip_and_partial_rejection;src\q2\test_forecast_dispatch.py:258#test_cross_midnight_events_and_empty_events,export,True,True,processed/main/template_audit.json,仅完整334日通过物理/模板回读后导出result2；合成模板测试不代表正式结果
Q2F-L1370-S1,1370,2.9.3,sentence,\right]_+.,src\q2\rolling.py:296#dispatch_frame;src\q2\export_dispatch.py:47#emergency_events;src\q2\export_dispatch.py:226#export_result,src\q2\test_forecast_dispatch.py:268#test_complete_template_roundtrip_and_partial_rejection;src\q2\test_forecast_dispatch.py:258#test_cross_midnight_events_and_empty_events,export,True,True,processed/main/template_audit.json,仅完整334日通过物理/模板回读后导出result2；合成模板测试不代表正式结果
Q2F-L1371-S1,1371,2.9.3,sentence,},src\q2\rolling.py:296#dispatch_frame;src\q2\export_dispatch.py:47#emergency_events;src\q2\export_dispatch.py:226#export_result,src\q2\test_forecast_dispatch.py:268#test_complete_template_roundtrip_and_partial_rejection;src\q2\test_forecast_dispatch.py:258#test_cross_midnight_events_and_empty_events,export,True,True,processed/main/template_audit.json,仅完整334日通过物理/模板回读后导出result2；合成模板测试不代表正式结果
Q2F-L1372-S1,1372,2.9.3,sentence,\],src\q2\rolling.py:296#dispatch_frame;src\q2\export_dispatch.py:47#emergency_events;src\q2\export_dispatch.py:226#export_result,src\q2\test_forecast_dispatch.py:268#test_complete_template_roundtrip_and_partial_rejection;src\q2\test_forecast_dispatch.py:258#test_cross_midnight_events_and_empty_events,export,True,True,processed/main/template_audit.json,仅完整334日通过物理/模板回读后导出result2；合成模板测试不代表正式结果
Q2F-L1374-S1,1374,2.9.3,sentence,实际 SOC 更新为,src\q2\rolling.py:296#dispatch_frame;src\q2\export_dispatch.py:47#emergency_events;src\q2\export_dispatch.py:226#export_result,src\q2\test_forecast_dispatch.py:268#test_complete_template_roundtrip_and_partial_rejection;src\q2\test_forecast_dispatch.py:258#test_cross_midnight_events_and_empty_events,export,True,True,processed/main/template_audit.json,仅完整334日通过物理/模板回读后导出result2；合成模板测试不代表正式结果
Q2F-L1376-S1,1376,2.9.3,sentence,\[,src\q2\rolling.py:296#dispatch_frame;src\q2\export_dispatch.py:47#emergency_events;src\q2\export_dispatch.py:226#export_result,src\q2\test_forecast_dispatch.py:268#test_complete_template_roundtrip_and_partial_rejection;src\q2\test_forecast_dispatch.py:258#test_cross_midnight_events_and_empty_events,export,True,True,processed/main/template_audit.json,仅完整334日通过物理/模板回读后导出result2；合成模板测试不代表正式结果
Q2F-L1377-S1,1377,2.9.3,sentence,\boxed{,src\q2\rolling.py:296#dispatch_frame;src\q2\export_dispatch.py:47#emergency_events;src\q2\export_dispatch.py:226#export_result,src\q2\test_forecast_dispatch.py:268#test_complete_template_roundtrip_and_partial_rejection;src\q2\test_forecast_dispatch.py:258#test_cross_midnight_events_and_empty_events,export,True,True,processed/main/template_audit.json,仅完整334日通过物理/模板回读后导出result2；合成模板测试不代表正式结果
Q2F-L1378-S1,1378,2.9.3,sentence,"E_{d,t}^{\mathrm{real}}",src\q2\rolling.py:296#dispatch_frame;src\q2\export_dispatch.py:47#emergency_events;src\q2\export_dispatch.py:226#export_result,src\q2\test_forecast_dispatch.py:268#test_complete_template_roundtrip_and_partial_rejection;src\q2\test_forecast_dispatch.py:258#test_cross_midnight_events_and_empty_events,export,True,True,processed/main/template_audit.json,仅完整334日通过物理/模板回读后导出result2；合成模板测试不代表正式结果
Q2F-L1379-S1,1379,2.9.3,sentence,=,src\q2\rolling.py:296#dispatch_frame;src\q2\export_dispatch.py:47#emergency_events;src\q2\export_dispatch.py:226#export_result,src\q2\test_forecast_dispatch.py:268#test_complete_template_roundtrip_and_partial_rejection;src\q2\test_forecast_dispatch.py:258#test_cross_midnight_events_and_empty_events,export,True,True,processed/main/template_audit.json,仅完整334日通过物理/模板回读后导出result2；合成模板测试不代表正式结果
Q2F-L1380-S1,1380,2.9.3,sentence,"E_{d,t-1}^{\mathrm{real}}",src\q2\rolling.py:296#dispatch_frame;src\q2\export_dispatch.py:47#emergency_events;src\q2\export_dispatch.py:226#export_result,src\q2\test_forecast_dispatch.py:268#test_complete_template_roundtrip_and_partial_rejection;src\q2\test_forecast_dispatch.py:258#test_cross_midnight_events_and_empty_events,export,True,True,processed/main/template_audit.json,仅完整334日通过物理/模板回读后导出result2；合成模板测试不代表正式结果
Q2F-L1381-S1,1381,2.9.3,sentence,"+0.9c_{d,t}^{\mathrm{real}}",src\q2\rolling.py:296#dispatch_frame;src\q2\export_dispatch.py:47#emergency_events;src\q2\export_dispatch.py:226#export_result,src\q2\test_forecast_dispatch.py:268#test_complete_template_roundtrip_and_partial_rejection;src\q2\test_forecast_dispatch.py:258#test_cross_midnight_events_and_empty_events,export,True,True,processed/main/template_audit.json,仅完整334日通过物理/模板回读后导出result2；合成模板测试不代表正式结果
Q2F-L1382-S1,1382,2.9.3,sentence,"-\frac{r_{d,t}^{\mathrm{real}}}{0.9}.",src\q2\rolling.py:296#dispatch_frame;src\q2\export_dispatch.py:47#emergency_events;src\q2\export_dispatch.py:226#export_result,src\q2\test_forecast_dispatch.py:268#test_complete_template_roundtrip_and_partial_rejection;src\q2\test_forecast_dispatch.py:258#test_cross_midnight_events_and_empty_events,export,True,True,processed/main/template_audit.json,仅完整334日通过物理/模板回读后导出result2；合成模板测试不代表正式结果
Q2F-L1383-S1,1383,2.9.3,sentence,},src\q2\rolling.py:296#dispatch_frame;src\q2\export_dispatch.py:47#emergency_events;src\q2\export_dispatch.py:226#export_result,src\q2\test_forecast_dispatch.py:268#test_complete_template_roundtrip_and_partial_rejection;src\q2\test_forecast_dispatch.py:258#test_cross_midnight_events_and_empty_events,export,True,True,processed/main/template_audit.json,仅完整334日通过物理/模板回读后导出result2；合成模板测试不代表正式结果
Q2F-L1384-S1,1384,2.9.3,sentence,\],src\q2\rolling.py:296#dispatch_frame;src\q2\export_dispatch.py:47#emergency_events;src\q2\export_dispatch.py:226#export_result,src\q2\test_forecast_dispatch.py:268#test_complete_template_roundtrip_and_partial_rejection;src\q2\test_forecast_dispatch.py:258#test_cross_midnight_events_and_empty_events,export,True,True,processed/main/template_audit.json,仅完整334日通过物理/模板回读后导出result2；合成模板测试不代表正式结果
Q2F-L1386-S1,1386,2.9.3,sentence,由构造直接得到,src\q2\rolling.py:296#dispatch_frame;src\q2\export_dispatch.py:47#emergency_events;src\q2\export_dispatch.py:226#export_result,src\q2\test_forecast_dispatch.py:268#test_complete_template_roundtrip_and_partial_rejection;src\q2\test_forecast_dispatch.py:258#test_cross_midnight_events_and_empty_events,export,True,True,processed/main/template_audit.json,仅完整334日通过物理/模板回读后导出result2；合成模板测试不代表正式结果
Q2F-L1388-S1,1388,2.9.3,sentence,\[,src\q2\rolling.py:296#dispatch_frame;src\q2\export_dispatch.py:47#emergency_events;src\q2\export_dispatch.py:226#export_result,src\q2\test_forecast_dispatch.py:268#test_complete_template_roundtrip_and_partial_rejection;src\q2\test_forecast_dispatch.py:258#test_cross_midnight_events_and_empty_events,export,True,True,processed/main/template_audit.json,仅完整334日通过物理/模板回读后导出result2；合成模板测试不代表正式结果
Q2F-L1389-S1,1389,2.9.3,sentence,\boxed{,src\q2\rolling.py:296#dispatch_frame;src\q2\export_dispatch.py:47#emergency_events;src\q2\export_dispatch.py:226#export_result,src\q2\test_forecast_dispatch.py:268#test_complete_template_roundtrip_and_partial_rejection;src\q2\test_forecast_dispatch.py:258#test_cross_midnight_events_and_empty_events,export,True,True,processed/main/template_audit.json,仅完整334日通过物理/模板回读后导出result2；合成模板测试不代表正式结果
Q2F-L1390-S1,1390,2.9.3,sentence,"q_{d,t}^{\mathrm{real}}>0",src\q2\rolling.py:296#dispatch_frame;src\q2\export_dispatch.py:47#emergency_events;src\q2\export_dispatch.py:226#export_result,src\q2\test_forecast_dispatch.py:268#test_complete_template_roundtrip_and_partial_rejection;src\q2\test_forecast_dispatch.py:258#test_cross_midnight_events_and_empty_events,export,True,True,processed/main/template_audit.json,仅完整334日通过物理/模板回读后导出result2；合成模板测试不代表正式结果
Q2F-L1391-S1,1391,2.9.3,sentence,\Rightarrow,src\q2\rolling.py:296#dispatch_frame;src\q2\export_dispatch.py:47#emergency_events;src\q2\export_dispatch.py:226#export_result,src\q2\test_forecast_dispatch.py:268#test_complete_template_roundtrip_and_partial_rejection;src\q2\test_forecast_dispatch.py:258#test_cross_midnight_events_and_empty_events,export,True,True,processed/main/template_audit.json,仅完整334日通过物理/模板回读后导出result2；合成模板测试不代表正式结果
Q2F-L1392-S1,1392,2.9.3,sentence,"c_{d,t}^{\mathrm{real}}=0,",src\q2\rolling.py:296#dispatch_frame;src\q2\export_dispatch.py:47#emergency_events;src\q2\export_dispatch.py:226#export_result,src\q2\test_forecast_dispatch.py:268#test_complete_template_roundtrip_and_partial_rejection;src\q2\test_forecast_dispatch.py:258#test_cross_midnight_events_and_empty_events,export,True,True,processed/main/template_audit.json,仅完整334日通过物理/模板回读后导出result2；合成模板测试不代表正式结果
Q2F-L1393-S1,1393,2.9.3,sentence,},src\q2\rolling.py:296#dispatch_frame;src\q2\export_dispatch.py:47#emergency_events;src\q2\export_dispatch.py:226#export_result,src\q2\test_forecast_dispatch.py:268#test_complete_template_roundtrip_and_partial_rejection;src\q2\test_forecast_dispatch.py:258#test_cross_midnight_events_and_empty_events,export,True,True,processed/main/template_audit.json,仅完整334日通过物理/模板回读后导出result2；合成模板测试不代表正式结果
Q2F-L1394-S1,1394,2.9.3,sentence,\],src\q2\rolling.py:296#dispatch_frame;src\q2\export_dispatch.py:47#emergency_events;src\q2\export_dispatch.py:226#export_result,src\q2\test_forecast_dispatch.py:268#test_complete_template_roundtrip_and_partial_rejection;src\q2\test_forecast_dispatch.py:258#test_cross_midnight_events_and_empty_events,export,True,True,processed/main/template_audit.json,仅完整334日通过物理/模板回读后导出result2；合成模板测试不代表正式结果
Q2F-L1396-S1,1396,2.9.3,sentence,因此不会出现“负荷已经满足，却为了完成充电计划而触发 5 倍紧急购电”的现象。,src\q2\rolling.py:296#dispatch_frame;src\q2\export_dispatch.py:47#emergency_events;src\q2\export_dispatch.py:226#export_result,src\q2\test_forecast_dispatch.py:268#test_complete_template_roundtrip_and_partial_rejection;src\q2\test_forecast_dispatch.py:258#test_cross_midnight_events_and_empty_events,export,True,True,processed/main/template_audit.json,仅完整334日通过物理/模板回读后导出result2；合成模板测试不代表正式结果
Q2F-L1398-S1,1398,2.9.3,sentence,真实购电费用为,src\q2\rolling.py:296#dispatch_frame;src\q2\export_dispatch.py:47#emergency_events;src\q2\export_dispatch.py:226#export_result,src\q2\test_forecast_dispatch.py:268#test_complete_template_roundtrip_and_partial_rejection;src\q2\test_forecast_dispatch.py:258#test_cross_midnight_events_and_empty_events,export,True,True,processed/main/template_audit.json,仅完整334日通过物理/模板回读后导出result2；合成模板测试不代表正式结果
Q2F-L1400-S1,1400,2.9.3,sentence,\[,src\q2\rolling.py:296#dispatch_frame;src\q2\export_dispatch.py:47#emergency_events;src\q2\export_dispatch.py:226#export_result,src\q2\test_forecast_dispatch.py:268#test_complete_template_roundtrip_and_partial_rejection;src\q2\test_forecast_dispatch.py:258#test_cross_midnight_events_and_empty_events,export,True,True,processed/main/template_audit.json,仅完整334日通过物理/模板回读后导出result2；合成模板测试不代表正式结果
Q2F-L1401-S1,1401,2.9.3,sentence,\boxed{,src\q2\rolling.py:296#dispatch_frame;src\q2\export_dispatch.py:47#emergency_events;src\q2\export_dispatch.py:226#export_result,src\q2\test_forecast_dispatch.py:268#test_complete_template_roundtrip_and_partial_rejection;src\q2\test_forecast_dispatch.py:258#test_cross_midnight_events_and_empty_events,export,True,True,processed/main/template_audit.json,仅完整334日通过物理/模板回读后导出result2；合成模板测试不代表正式结果
Q2F-L1402-S1,1402,2.9.3,sentence,C_d^{\mathrm{real}},src\q2\rolling.py:296#dispatch_frame;src\q2\export_dispatch.py:47#emergency_events;src\q2\export_dispatch.py:226#export_result,src\q2\test_forecast_dispatch.py:268#test_complete_template_roundtrip_and_partial_rejection;src\q2\test_forecast_dispatch.py:258#test_cross_midnight_events_and_empty_events,export,True,True,processed/main/template_audit.json,仅完整334日通过物理/模板回读后导出result2；合成模板测试不代表正式结果
Q2F-L1403-S1,1403,2.9.3,sentence,=,src\q2\rolling.py:296#dispatch_frame;src\q2\export_dispatch.py:47#emergency_events;src\q2\export_dispatch.py:226#export_result,src\q2\test_forecast_dispatch.py:268#test_complete_template_roundtrip_and_partial_rejection;src\q2\test_forecast_dispatch.py:258#test_cross_midnight_events_and_empty_events,export,True,True,processed/main/template_audit.json,仅完整334日通过物理/模板回读后导出result2；合成模板测试不代表正式结果
Q2F-L1404-S1,1404,2.9.3,sentence,\sum_{t=1}^{144},src\q2\rolling.py:296#dispatch_frame;src\q2\export_dispatch.py:47#emergency_events;src\q2\export_dispatch.py:226#export_result,src\q2\test_forecast_dispatch.py:268#test_complete_template_roundtrip_and_partial_rejection;src\q2\test_forecast_dispatch.py:258#test_cross_midnight_events_and_empty_events,export,True,True,processed/main/template_audit.json,仅完整334日通过物理/模板回读后导出result2；合成模板测试不代表正式结果
Q2F-L1405-S1,1405,2.9.3,sentence,\left(,src\q2\rolling.py:296#dispatch_frame;src\q2\export_dispatch.py:47#emergency_events;src\q2\export_dispatch.py:226#export_result,src\q2\test_forecast_dispatch.py:268#test_complete_template_roundtrip_and_partial_rejection;src\q2\test_forecast_dispatch.py:258#test_cross_midnight_events_and_empty_events,export,True,True,processed/main/template_audit.json,仅完整334日通过物理/模板回读后导出result2；合成模板测试不代表正式结果
Q2F-L1406-S1,1406,2.9.3,sentence,"p_tg_{d,t}",src\q2\rolling.py:296#dispatch_frame;src\q2\export_dispatch.py:47#emergency_events;src\q2\export_dispatch.py:226#export_result,src\q2\test_forecast_dispatch.py:268#test_complete_template_roundtrip_and_partial_rejection;src\q2\test_forecast_dispatch.py:258#test_cross_midnight_events_and_empty_events,export,True,True,processed/main/template_audit.json,仅完整334日通过物理/模板回读后导出result2；合成模板测试不代表正式结果
Q2F-L1407-S1,1407,2.9.3,sentence,"+5p_tq_{d,t}^{\mathrm{real}}",src\q2\rolling.py:296#dispatch_frame;src\q2\export_dispatch.py:47#emergency_events;src\q2\export_dispatch.py:226#export_result,src\q2\test_forecast_dispatch.py:268#test_complete_template_roundtrip_and_partial_rejection;src\q2\test_forecast_dispatch.py:258#test_cross_midnight_events_and_empty_events,export,True,True,processed/main/template_audit.json,仅完整334日通过物理/模板回读后导出result2；合成模板测试不代表正式结果
Q2F-L1408-S1,1408,2.9.3,sentence,\right).,src\q2\rolling.py:296#dispatch_frame;src\q2\export_dispatch.py:47#emergency_events;src\q2\export_dispatch.py:226#export_result,src\q2\test_forecast_dispatch.py:268#test_complete_template_roundtrip_and_partial_rejection;src\q2\test_forecast_dispatch.py:258#test_cross_midnight_events_and_empty_events,export,True,True,processed/main/template_audit.json,仅完整334日通过物理/模板回读后导出result2；合成模板测试不代表正式结果
Q2F-L1409-S1,1409,2.9.3,sentence,},src\q2\rolling.py:296#dispatch_frame;src\q2\export_dispatch.py:47#emergency_events;src\q2\export_dispatch.py:226#export_result,src\q2\test_forecast_dispatch.py:268#test_complete_template_roundtrip_and_partial_rejection;src\q2\test_forecast_dispatch.py:258#test_cross_midnight_events_and_empty_events,export,True,True,processed/main/template_audit.json,仅完整334日通过物理/模板回读后导出result2；合成模板测试不代表正式结果
Q2F-L1410-S1,1410,2.9.3,sentence,\],src\q2\rolling.py:296#dispatch_frame;src\q2\export_dispatch.py:47#emergency_events;src\q2\export_dispatch.py:226#export_result,src\q2\test_forecast_dispatch.py:268#test_complete_template_roundtrip_and_partial_rejection;src\q2\test_forecast_dispatch.py:258#test_cross_midnight_events_and_empty_events,export,True,True,processed/main/template_audit.json,仅完整334日通过物理/模板回读后导出result2；合成模板测试不代表正式结果
Q2F-L1412-S1,1412,2.9.3,sentence,"全天计划购电中即使存在最终未利用部分 \(w_{d,t}^{\mathrm{real}}>0\)，也仍按 \(p_tg_{d,t}\) 完整付费；",src\q2\rolling.py:296#dispatch_frame;src\q2\export_dispatch.py:47#emergency_events;src\q2\export_dispatch.py:226#export_result,src\q2\test_forecast_dispatch.py:268#test_complete_template_roundtrip_and_partial_rejection;src\q2\test_forecast_dispatch.py:258#test_cross_midnight_events_and_empty_events,export,True,True,processed/main/template_audit.json,仅完整334日通过物理/模板回读后导出result2；合成模板测试不代表正式结果
Q2F-L1412-S2,1412,2.9.3,sentence,\(w\) 仅表示无回售收益的未利用电量。,src\q2\rolling.py:296#dispatch_frame;src\q2\export_dispatch.py:47#emergency_events;src\q2\export_dispatch.py:226#export_result,src\q2\test_forecast_dispatch.py:268#test_complete_template_roundtrip_and_partial_rejection;src\q2\test_forecast_dispatch.py:258#test_cross_midnight_events_and_empty_events,export,True,True,processed/main/template_audit.json,仅完整334日通过物理/模板回读后导出result2；合成模板测试不代表正式结果
Q2F-L1414-S1,1414,2.9.3,sentence,生成 `result2.xlsx` 时，前 144 个时段的全天计划购电逐 10 min 写入“计划购电量”；,src\q2\rolling.py:296#dispatch_frame;src\q2\export_dispatch.py:47#emergency_events;src\q2\export_dispatch.py:226#export_result,src\q2\test_forecast_dispatch.py:268#test_complete_template_roundtrip_and_partial_rejection;src\q2\test_forecast_dispatch.py:258#test_cross_midnight_events_and_empty_events,export,True,True,processed/main/template_audit.json,仅完整334日通过物理/模板回读后导出result2；合成模板测试不代表正式结果
Q2F-L1414-S2,1414,2.9.3,sentence,“充放电量”填写真实回放得到的储能执行量和 0:00/24:00 SOC；,src\q2\rolling.py:296#dispatch_frame;src\q2\export_dispatch.py:47#emergency_events;src\q2\export_dispatch.py:226#export_result,src\q2\test_forecast_dispatch.py:268#test_complete_template_roundtrip_and_partial_rejection;src\q2\test_forecast_dispatch.py:258#test_cross_midnight_events_and_empty_events,export,True,True,processed/main/template_audit.json,仅完整334日通过物理/模板回读后导出result2；合成模板测试不代表正式结果
Q2F-L1414-S3,1414,2.9.3,sentence,"紧急购电结果将连续满足 \(q_{d,t}^{\mathrm{real}}>0\) 的 10 min 时段合并为连续区间并汇总电量。",src\q2\rolling.py:296#dispatch_frame;src\q2\export_dispatch.py:47#emergency_events;src\q2\export_dispatch.py:226#export_result,src\q2\test_forecast_dispatch.py:268#test_complete_template_roundtrip_and_partial_rejection;src\q2\test_forecast_dispatch.py:258#test_cross_midnight_events_and_empty_events,export,True,True,processed/main/template_audit.json,仅完整334日通过物理/模板回读后导出result2；合成模板测试不代表正式结果
Q2F-L1416-S1,1416,2.9.3,markup,---,src\q2\rolling.py:296#dispatch_frame;src\q2\export_dispatch.py:47#emergency_events;src\q2\export_dispatch.py:226#export_result,src\q2\test_forecast_dispatch.py:268#test_complete_template_roundtrip_and_partial_rejection;src\q2\test_forecast_dispatch.py:258#test_cross_midnight_events_and_empty_events,export,True,True,processed/main/template_audit.json,仅完整334日通过物理/模板回读后导出result2；合成模板测试不代表正式结果
Q2F-L1418-S1,1418,2.10,markup,## 2.10 模型检验与结果评价,src\q2\experiments.py:329#run_experiments,src\q2\test_forecast_dispatch.py:168#ComparatorTests,experiments,True,True,processed/experiment_comparison.csv,按最终任务书取消；未运行且不作为论文验收门槛
Q2F-L1420-S1,1420,2.10,sentence,为控制计算量，模型检验只保留与论文结论直接相关、且不需要额外大规模重复求解的三类指标。,src\q2\experiments.py:329#run_experiments,src\q2\test_forecast_dispatch.py:168#ComparatorTests,experiments,True,True,processed/experiment_comparison.csv,按最终任务书取消；未运行且不作为论文验收门槛
Q2F-L1422-S1,1422,2.10.1,markup,### 2.10.1 预测与场景覆盖检验,src\q2\experiments.py:28#forecast_audit;src\q2\shadows.py:95#choose_day,src\q2\test_forecast_dispatch.py:112#ForecastTests;src\q2\test_forecast_dispatch.py:287#RollingTests,forecast_and_main,True,True,processed/main/run_status.json;processed/main/dispatch.csv,主回放已完成334/334日；计算受限10日
Q2F-L1424-S1,1424,2.10.1,sentence,对正式逐日预测统计负荷、光伏和净负荷的 MAE、RMSE，并对最终场景集计算 80% 与 90% 预测区间经验覆盖率：,src\q2\experiments.py:28#forecast_audit;src\q2\shadows.py:95#choose_day,src\q2\test_forecast_dispatch.py:112#ForecastTests;src\q2\test_forecast_dispatch.py:287#RollingTests,forecast_and_main,True,True,processed/main/run_status.json;processed/main/dispatch.csv,主回放已完成334/334日；计算受限10日
Q2F-L1426-S1,1426,2.10.1,sentence,\[,src\q2\experiments.py:28#forecast_audit;src\q2\shadows.py:95#choose_day,src\q2\test_forecast_dispatch.py:112#ForecastTests;src\q2\test_forecast_dispatch.py:287#RollingTests,forecast_and_main,True,True,processed/main/run_status.json;processed/main/dispatch.csv,主回放已完成334/334日；计算受限10日
Q2F-L1427-S1,1427,2.10.1,sentence,\widehat{\mathrm{PICP}}_{80},src\q2\experiments.py:28#forecast_audit;src\q2\shadows.py:95#choose_day,src\q2\test_forecast_dispatch.py:112#ForecastTests;src\q2\test_forecast_dispatch.py:287#RollingTests,forecast_and_main,True,True,processed/main/run_status.json;processed/main/dispatch.csv,主回放已完成334/334日；计算受限10日
Q2F-L1428-S1,1428,2.10.1,sentence,=,src\q2\experiments.py:28#forecast_audit;src\q2\shadows.py:95#choose_day,src\q2\test_forecast_dispatch.py:112#ForecastTests;src\q2\test_forecast_dispatch.py:287#RollingTests,forecast_and_main,True,True,processed/main/run_status.json;processed/main/dispatch.csv,主回放已完成334/334日；计算受限10日
Q2F-L1429-S1,1429,2.10.1,sentence,\frac1N\sum_i,src\q2\experiments.py:28#forecast_audit;src\q2\shadows.py:95#choose_day,src\q2\test_forecast_dispatch.py:112#ForecastTests;src\q2\test_forecast_dispatch.py:287#RollingTests,forecast_and_main,True,True,processed/main/run_status.json;processed/main/dispatch.csv,主回放已完成334/334日；计算受限10日
Q2F-L1430-S1,1430,2.10.1,sentence,\mathbf 1\left\{,src\q2\experiments.py:28#forecast_audit;src\q2\shadows.py:95#choose_day,src\q2\test_forecast_dispatch.py:112#ForecastTests;src\q2\test_forecast_dispatch.py:287#RollingTests,forecast_and_main,True,True,processed/main/run_status.json;processed/main/dispatch.csv,主回放已完成334/334日；计算受限10日
Q2F-L1431-S1,1431,2.10.1,sentence,N_i^{\mathrm{real}},src\q2\experiments.py:28#forecast_audit;src\q2\shadows.py:95#choose_day,src\q2\test_forecast_dispatch.py:112#ForecastTests;src\q2\test_forecast_dispatch.py:287#RollingTests,forecast_and_main,True,True,processed/main/run_status.json;processed/main/dispatch.csv,主回放已完成334/334日；计算受限10日
Q2F-L1432-S1,1432,2.10.1,sentence,\in,src\q2\experiments.py:28#forecast_audit;src\q2\shadows.py:95#choose_day,src\q2\test_forecast_dispatch.py:112#ForecastTests;src\q2\test_forecast_dispatch.py:287#RollingTests,forecast_and_main,True,True,processed/main/run_status.json;processed/main/dispatch.csv,主回放已完成334/334日；计算受限10日
Q2F-L1433-S1,1433,2.10.1,sentence,"[Q_{0.1,i}^{\mathrm{scen}},Q_{0.9,i}^{\mathrm{scen}}]",src\q2\experiments.py:28#forecast_audit;src\q2\shadows.py:95#choose_day,src\q2\test_forecast_dispatch.py:112#ForecastTests;src\q2\test_forecast_dispatch.py:287#RollingTests,forecast_and_main,True,True,processed/main/run_status.json;processed/main/dispatch.csv,主回放已完成334/334日；计算受限10日
Q2F-L1434-S1,1434,2.10.1,sentence,"\right\},",src\q2\experiments.py:28#forecast_audit;src\q2\shadows.py:95#choose_day,src\q2\test_forecast_dispatch.py:112#ForecastTests;src\q2\test_forecast_dispatch.py:287#RollingTests,forecast_and_main,True,True,processed/main/run_status.json;processed/main/dispatch.csv,主回放已完成334/334日；计算受限10日
Q2F-L1435-S1,1435,2.10.1,sentence,\],src\q2\experiments.py:28#forecast_audit;src\q2\shadows.py:95#choose_day,src\q2\test_forecast_dispatch.py:112#ForecastTests;src\q2\test_forecast_dispatch.py:287#RollingTests,forecast_and_main,True,True,processed/main/run_status.json;processed/main/dispatch.csv,主回放已完成334/334日；计算受限10日
Q2F-L1437-S1,1437,2.10.1,sentence,\[,src\q2\experiments.py:28#forecast_audit;src\q2\shadows.py:95#choose_day,src\q2\test_forecast_dispatch.py:112#ForecastTests;src\q2\test_forecast_dispatch.py:287#RollingTests,forecast_and_main,True,True,processed/main/run_status.json;processed/main/dispatch.csv,主回放已完成334/334日；计算受限10日
Q2F-L1438-S1,1438,2.10.1,sentence,\widehat{\mathrm{PICP}}_{90},src\q2\experiments.py:28#forecast_audit;src\q2\shadows.py:95#choose_day,src\q2\test_forecast_dispatch.py:112#ForecastTests;src\q2\test_forecast_dispatch.py:287#RollingTests,forecast_and_main,True,True,processed/main/run_status.json;processed/main/dispatch.csv,主回放已完成334/334日；计算受限10日
Q2F-L1439-S1,1439,2.10.1,sentence,=,src\q2\experiments.py:28#forecast_audit;src\q2\shadows.py:95#choose_day,src\q2\test_forecast_dispatch.py:112#ForecastTests;src\q2\test_forecast_dispatch.py:287#RollingTests,forecast_and_main,True,True,processed/main/run_status.json;processed/main/dispatch.csv,主回放已完成334/334日；计算受限10日
Q2F-L1440-S1,1440,2.10.1,sentence,\frac1N\sum_i,src\q2\experiments.py:28#forecast_audit;src\q2\shadows.py:95#choose_day,src\q2\test_forecast_dispatch.py:112#ForecastTests;src\q2\test_forecast_dispatch.py:287#RollingTests,forecast_and_main,True,True,processed/main/run_status.json;processed/main/dispatch.csv,主回放已完成334/334日；计算受限10日
Q2F-L1441-S1,1441,2.10.1,sentence,\mathbf 1\left\{,src\q2\experiments.py:28#forecast_audit;src\q2\shadows.py:95#choose_day,src\q2\test_forecast_dispatch.py:112#ForecastTests;src\q2\test_forecast_dispatch.py:287#RollingTests,forecast_and_main,True,True,processed/main/run_status.json;processed/main/dispatch.csv,主回放已完成334/334日；计算受限10日
Q2F-L1442-S1,1442,2.10.1,sentence,N_i^{\mathrm{real}},src\q2\experiments.py:28#forecast_audit;src\q2\shadows.py:95#choose_day,src\q2\test_forecast_dispatch.py:112#ForecastTests;src\q2\test_forecast_dispatch.py:287#RollingTests,forecast_and_main,True,True,processed/main/run_status.json;processed/main/dispatch.csv,主回放已完成334/334日；计算受限10日
Q2F-L1443-S1,1443,2.10.1,sentence,\in,src\q2\experiments.py:28#forecast_audit;src\q2\shadows.py:95#choose_day,src\q2\test_forecast_dispatch.py:112#ForecastTests;src\q2\test_forecast_dispatch.py:287#RollingTests,forecast_and_main,True,True,processed/main/run_status.json;processed/main/dispatch.csv,主回放已完成334/334日；计算受限10日
Q2F-L1444-S1,1444,2.10.1,sentence,"[Q_{0.05,i}^{\mathrm{scen}},Q_{0.95,i}^{\mathrm{scen}}]",src\q2\experiments.py:28#forecast_audit;src\q2\shadows.py:95#choose_day,src\q2\test_forecast_dispatch.py:112#ForecastTests;src\q2\test_forecast_dispatch.py:287#RollingTests,forecast_and_main,True,True,processed/main/run_status.json;processed/main/dispatch.csv,主回放已完成334/334日；计算受限10日
Q2F-L1445-S1,1445,2.10.1,sentence,\right\}.,src\q2\experiments.py:28#forecast_audit;src\q2\shadows.py:95#choose_day,src\q2\test_forecast_dispatch.py:112#ForecastTests;src\q2\test_forecast_dispatch.py:287#RollingTests,forecast_and_main,True,True,processed/main/run_status.json;processed/main/dispatch.csv,主回放已完成334/334日；计算受限10日
Q2F-L1446-S1,1446,2.10.1,sentence,\],src\q2\experiments.py:28#forecast_audit;src\q2\shadows.py:95#choose_day,src\q2\test_forecast_dispatch.py:112#ForecastTests;src\q2\test_forecast_dispatch.py:287#RollingTests,forecast_and_main,True,True,processed/main/run_status.json;processed/main/dispatch.csv,主回放已完成334/334日；计算受限10日
Q2F-L1448-S1,1448,2.10.1,sentence,该检验直接使用正式滚动过程中保存的预测与场景，不额外求解 MILP。,src\q2\experiments.py:28#forecast_audit;src\q2\shadows.py:95#choose_day,src\q2\test_forecast_dispatch.py:112#ForecastTests;src\q2\test_forecast_dispatch.py:287#RollingTests,forecast_and_main,True,True,processed/main/run_status.json;processed/main/dispatch.csv,主回放已完成334/334日；计算受限10日
Q2F-L1448-S2,1448,2.10.1,sentence,重点检查场景区间是否能够合理覆盖真实净负荷，特别是高净负荷方向的尾部风险。,src\q2\experiments.py:28#forecast_audit;src\q2\shadows.py:95#choose_day,src\q2\test_forecast_dispatch.py:112#ForecastTests;src\q2\test_forecast_dispatch.py:287#RollingTests,forecast_and_main,True,True,processed/main/run_status.json;processed/main/dispatch.csv,主回放已完成334/334日；计算受限10日
Q2F-L1450-S1,1450,2.10.2,markup,### 2.10.2 物理可行性与数值一致性检验,src\q2\experiments.py:28#forecast_audit;src\q2\rolling.py:368#run_rollout,src\q2\test_dispatch.py:146#test_complete_origin_horizon_and_window_fallback,calibration,True,True,processed/scenario_calibration_summary.csv,覆盖率按horizon和月份汇总；低覆盖必须如实报告，不能视作预设覆盖保证
Q2F-L1452-S1,1452,2.10.2,sentence,对 2025 年 2 月 1 日至 12 月 31 日全部正式回放结果统一检查：,src\q2\experiments.py:28#forecast_audit;src\q2\rolling.py:368#run_rollout,src\q2\test_dispatch.py:146#test_complete_origin_horizon_and_window_fallback,calibration,True,True,processed/scenario_calibration_summary.csv,覆盖率按horizon和月份汇总；低覆盖必须如实报告，不能视作预设覆盖保证
Q2F-L1454-S1,1454,2.10.2,sentence,1. 储能状态始终满足 \(1200\le E_t\le10800\)；,src\q2\experiments.py:28#forecast_audit;src\q2\rolling.py:368#run_rollout,src\q2\test_dispatch.py:146#test_complete_origin_horizon_and_window_fallback,calibration,True,True,processed/scenario_calibration_summary.csv,覆盖率按horizon和月份汇总；低覆盖必须如实报告，不能视作预设覆盖保证
Q2F-L1455-S1,1455,2.10.2,sentence,2. 充放电功率不超过题目给定上限；,src\q2\experiments.py:28#forecast_audit;src\q2\rolling.py:368#run_rollout,src\q2\test_dispatch.py:146#test_complete_origin_horizon_and_window_fallback,calibration,True,True,processed/scenario_calibration_summary.csv,覆盖率按horizon和月份汇总；低覆盖必须如实报告，不能视作预设覆盖保证
Q2F-L1456-S1,1456,2.10.2,sentence,3. 任一 10 min 时段不同时充电和放电；,src\q2\experiments.py:28#forecast_audit;src\q2\rolling.py:368#run_rollout,src\q2\test_dispatch.py:146#test_complete_origin_horizon_and_window_fallback,calibration,True,True,processed/scenario_calibration_summary.csv,覆盖率按horizon和月份汇总；低覆盖必须如实报告，不能视作预设覆盖保证
Q2F-L1457-S1,1457,2.10.2,sentence,4. 能量平衡残差接近数值零；,src\q2\experiments.py:28#forecast_audit;src\q2\rolling.py:368#run_rollout,src\q2\test_dispatch.py:146#test_complete_origin_horizon_and_window_fallback,calibration,True,True,processed/scenario_calibration_summary.csv,覆盖率按horizon和月份汇总；低覆盖必须如实报告，不能视作预设覆盖保证
Q2F-L1458-S1,1458,2.10.2,sentence,5. 满足 \(q_t>0\Rightarrow c_t=0\)，即不会为了充电而触发 5 倍紧急购电。,src\q2\experiments.py:28#forecast_audit;src\q2\rolling.py:368#run_rollout,src\q2\test_dispatch.py:146#test_complete_origin_horizon_and_window_fallback,calibration,True,True,processed/scenario_calibration_summary.csv,覆盖率按horizon和月份汇总；低覆盖必须如实报告，不能视作预设覆盖保证
Q2F-L1460-S1,1460,2.10.2,sentence,上述检验均由最终结果直接计算，不需要额外优化实验。,src\q2\experiments.py:28#forecast_audit;src\q2\rolling.py:368#run_rollout,src\q2\test_dispatch.py:146#test_complete_origin_horizon_and_window_fallback,calibration,True,True,processed/scenario_calibration_summary.csv,覆盖率按horizon和月份汇总；低覆盖必须如实报告，不能视作预设覆盖保证
Q2F-L1462-S1,1462,2.10.3,markup,### 2.10.3 经济结果评价,src\q2\rolling.py:103#select_resolution;src\q2\scenarios.py:185#quantile_comparison;src\q2\experiments.py:85#scenario_audit;src\q2\experiments.py:329#run_experiments,src\q2\test_dispatch.py:129#test_tail_protection_and_cluster_probability,scenario_sensitivity,True,True,processed/experiment_comparison.csv,按最终任务书取消；未运行且不作为论文验收门槛
Q2F-L1464-S1,1464,2.10.3,sentence,最终结果主要报告：,src\q2\rolling.py:103#select_resolution;src\q2\scenarios.py:185#quantile_comparison;src\q2\experiments.py:85#scenario_audit;src\q2\experiments.py:329#run_experiments,src\q2\test_dispatch.py:129#test_tail_protection_and_cluster_probability,scenario_sensitivity,True,True,processed/experiment_comparison.csv,按最终任务书取消；未运行且不作为论文验收门槛
Q2F-L1466-S1,1466,2.10.3,sentence,- 全期计划购电量与计划购电费用；,src\q2\rolling.py:103#select_resolution;src\q2\scenarios.py:185#quantile_comparison;src\q2\experiments.py:85#scenario_audit;src\q2\experiments.py:329#run_experiments,src\q2\test_dispatch.py:129#test_tail_protection_and_cluster_probability,scenario_sensitivity,True,True,processed/experiment_comparison.csv,按最终任务书取消；未运行且不作为论文验收门槛
Q2F-L1467-S1,1467,2.10.3,sentence,- 全期紧急购电量、紧急购电次数与紧急购电费用；,src\q2\rolling.py:103#select_resolution;src\q2\scenarios.py:185#quantile_comparison;src\q2\experiments.py:85#scenario_audit;src\q2\experiments.py:329#run_experiments,src\q2\test_dispatch.py:129#test_tail_protection_and_cluster_probability,scenario_sensitivity,True,True,processed/experiment_comparison.csv,按最终任务书取消；未运行且不作为论文验收门槛
Q2F-L1468-S1,1468,2.10.3,sentence,- 总购电费用；,src\q2\rolling.py:103#select_resolution;src\q2\scenarios.py:185#quantile_comparison;src\q2\experiments.py:85#scenario_audit;src\q2\experiments.py:329#run_experiments,src\q2\test_dispatch.py:129#test_tail_protection_and_cluster_probability,scenario_sensitivity,True,True,processed/experiment_comparison.csv,按最终任务书取消；未运行且不作为论文验收门槛
Q2F-L1469-S1,1469,2.10.3,sentence,- 紧急购电量占全部外网购电量的比例；,src\q2\rolling.py:103#select_resolution;src\q2\scenarios.py:185#quantile_comparison;src\q2\experiments.py:85#scenario_audit;src\q2\experiments.py:329#run_experiments,src\q2\test_dispatch.py:129#test_tail_protection_and_cluster_probability,scenario_sensitivity,True,True,processed/experiment_comparison.csv,按最终任务书取消；未运行且不作为论文验收门槛
Q2F-L1470-S1,1470,2.10.3,sentence,- 未利用电量与储能累计充放电量；,src\q2\rolling.py:103#select_resolution;src\q2\scenarios.py:185#quantile_comparison;src\q2\experiments.py:85#scenario_audit;src\q2\experiments.py:329#run_experiments,src\q2\test_dispatch.py:129#test_tail_protection_and_cluster_probability,scenario_sensitivity,True,True,processed/experiment_comparison.csv,按最终任务书取消；未运行且不作为论文验收门槛
Q2F-L1471-S1,1471,2.10.3,sentence,- 题目指定日期的计划购电、储能充放电、0:00/24:00 SOC 与紧急购电结果。,src\q2\rolling.py:103#select_resolution;src\q2\scenarios.py:185#quantile_comparison;src\q2\experiments.py:85#scenario_audit;src\q2\experiments.py:329#run_experiments,src\q2\test_dispatch.py:129#test_tail_protection_and_cluster_probability,scenario_sensitivity,True,True,processed/experiment_comparison.csv,按最终任务书取消；未运行且不作为论文验收门槛
Q2F-L1473-S1,1473,2.10.3,sentence,模型的评价重点不是要求紧急购电绝对为零，而是在满足供电与储能物理约束的前提下，使高价紧急购电保持在较低水平，并实现较低的综合购电费用。,src\q2\rolling.py:103#select_resolution;src\q2\scenarios.py:185#quantile_comparison;src\q2\experiments.py:85#scenario_audit;src\q2\experiments.py:329#run_experiments,src\q2\test_dispatch.py:129#test_tail_protection_and_cluster_probability,scenario_sensitivity,True,True,processed/experiment_comparison.csv,按最终任务书取消；未运行且不作为论文验收门槛
Q2F-L1475-S1,1475,2.10.3,markup,---,src\q2\rolling.py:103#select_resolution;src\q2\scenarios.py:185#quantile_comparison;src\q2\experiments.py:85#scenario_audit;src\q2\experiments.py:329#run_experiments,src\q2\test_dispatch.py:129#test_tail_protection_and_cluster_probability,scenario_sensitivity,True,True,processed/experiment_comparison.csv,按最终任务书取消；未运行且不作为论文验收门槛
Q2F-L1477-S1,1477,2.11,markup,## 2.11 本问最终模型定位,src\q2\dispatch.py:189#run_main;src\q2\experiments.py:329#run_experiments;src\q2\policy.py:48#respond,src\q2\test_dispatch.py:13#PolicyTests;src\q2\test_forecast_dispatch.py:287#RollingTests,all,True,True,processed/acceptance.json,所有必需条件同时验收；当前不得用局部结果宣称整体通过
Q2F-L1479-S1,1479,2.11,sentence,问题二的主模型概括为,src\q2\dispatch.py:189#run_main;src\q2\experiments.py:329#run_experiments;src\q2\policy.py:48#respond,src\q2\test_dispatch.py:13#PolicyTests;src\q2\test_forecast_dispatch.py:287#RollingTests,all,True,True,processed/acceptance.json,所有必需条件同时验收；当前不得用局部结果宣称整体通过
Q2F-L1481-S1,1481,2.11,sentence,\[,src\q2\dispatch.py:189#run_main;src\q2\experiments.py:329#run_experiments;src\q2\policy.py:48#respond,src\q2\test_dispatch.py:13#PolicyTests;src\q2\test_forecast_dispatch.py:287#RollingTests,all,True,True,processed/acceptance.json,所有必需条件同时验收；当前不得用局部结果宣称整体通过
Q2F-L1482-S1,1482,2.11,sentence,\boxed{,src\q2\dispatch.py:189#run_main;src\q2\experiments.py:329#run_experiments;src\q2\policy.py:48#respond,src\q2\test_dispatch.py:13#PolicyTests;src\q2\test_forecast_dispatch.py:287#RollingTests,all,True,True,processed/acceptance.json,所有必需条件同时验收；当前不得用局部结果宣称整体通过
Q2F-L1483-S1,1483,2.11,sentence,\textbf{基于尾部校准与动态 SOC 安全裕度的不对称补购损失滚动两阶段随机规划模型}.,src\q2\dispatch.py:189#run_main;src\q2\experiments.py:329#run_experiments;src\q2\policy.py:48#respond,src\q2\test_dispatch.py:13#PolicyTests;src\q2\test_forecast_dispatch.py:287#RollingTests,all,True,True,processed/acceptance.json,所有必需条件同时验收；当前不得用局部结果宣称整体通过
Q2F-L1484-S1,1484,2.11,sentence,},src\q2\dispatch.py:189#run_main;src\q2\experiments.py:329#run_experiments;src\q2\policy.py:48#respond,src\q2\test_dispatch.py:13#PolicyTests;src\q2\test_forecast_dispatch.py:287#RollingTests,all,True,True,processed/acceptance.json,所有必需条件同时验收；当前不得用局部结果宣称整体通过
Q2F-L1485-S1,1485,2.11,sentence,\],src\q2\dispatch.py:189#run_main;src\q2\experiments.py:329#run_experiments;src\q2\policy.py:48#respond,src\q2\test_dispatch.py:13#PolicyTests;src\q2\test_forecast_dispatch.py:287#RollingTests,all,True,True,processed/acceptance.json,所有必需条件同时验收；当前不得用局部结果宣称整体通过
Q2F-L1487-S1,1487,2.11,sentence,其理论与方法层次分别为：,src\q2\dispatch.py:189#run_main;src\q2\experiments.py:329#run_experiments;src\q2\policy.py:48#respond,src\q2\test_dispatch.py:13#PolicyTests;src\q2\test_forecast_dispatch.py:287#RollingTests,all,True,True,processed/acceptance.json,所有必需条件同时验收；当前不得用局部结果宣称整体通过
Q2F-L1489-S1,1489,2.11,sentence,1. **主模型骨架——滚动两阶段随机规划**：第一阶段在每天 0:00、真实负荷和光伏尚未实现时制定计划购电量及储能响应上限；,src\q2\dispatch.py:189#run_main;src\q2\experiments.py:329#run_experiments;src\q2\policy.py:48#respond,src\q2\test_dispatch.py:13#PolicyTests;src\q2\test_forecast_dispatch.py:287#RollingTests,all,True,True,processed/acceptance.json,所有必需条件同时验收；当前不得用局部结果宣称整体通过
Q2F-L1489-S2,1489,2.11,sentence,第二阶段在随机供需实现后承担储能补救与紧急购电；,src\q2\dispatch.py:189#run_main;src\q2\experiments.py:329#run_experiments;src\q2\policy.py:48#respond,src\q2\test_dispatch.py:13#PolicyTests;src\q2\test_forecast_dispatch.py:287#RollingTests,all,True,True,processed/acceptance.json,所有必需条件同时验收；当前不得用局部结果宣称整体通过
Q2F-L1490-S1,1490,2.11,sentence,2. **题目驱动的理论结构——多时段随机报童型不对称损失**：5 倍紧急购电价格对应 \(4:1\) 的缺货—过量损失比，在无储能单时段退化情形下严格推出 \(Q_{0.8}\) 临界分位；,src\q2\dispatch.py:189#run_main;src\q2\experiments.py:329#run_experiments;src\q2\policy.py:48#respond,src\q2\test_dispatch.py:13#PolicyTests;src\q2\test_forecast_dispatch.py:287#RollingTests,all,True,True,processed/acceptance.json,所有必需条件同时验收；当前不得用局部结果宣称整体通过
Q2F-L1490-S2,1490,2.11,sentence,完整问题再由 SOC 将各时段耦合；,src\q2\dispatch.py:189#run_main;src\q2\experiments.py:329#run_experiments;src\q2\policy.py:48#respond,src\q2\test_dispatch.py:13#PolicyTests;src\q2\test_forecast_dispatch.py:287#RollingTests,all,True,True,processed/acceptance.json,所有必需条件同时验收；当前不得用局部结果宣称整体通过
Q2F-L1491-S1,1491,2.11,sentence,3. **第二阶段补救机制——负荷优先、非前瞻储能执行**：第二阶段并非获知整条未来场景后自由调整储能，而是仅依据当前已实现净负荷、当前 SOC 和第一阶段计划进行补救，避免完美信息偏差；,src\q2\dispatch.py:189#run_main;src\q2\experiments.py:329#run_experiments;src\q2\policy.py:48#respond,src\q2\test_dispatch.py:13#PolicyTests;src\q2\test_forecast_dispatch.py:287#RollingTests,all,True,True,processed/acceptance.json,所有必需条件同时验收；当前不得用局部结果宣称整体通过
Q2F-L1492-S1,1492,2.11,sentence,4. **严格信息边界**：全年结构图只用于事后解释；,src\q2\dispatch.py:189#run_main;src\q2\experiments.py:329#run_experiments;src\q2\policy.py:48#respond,src\q2\test_dispatch.py:13#PolicyTests;src\q2\test_forecast_dispatch.py:287#RollingTests,all,True,True,processed/acceptance.json,所有必需条件同时验收；当前不得用局部结果宣称整体通过
Q2F-L1492-S2,1492,2.11,sentence,历史日预测、模型更新和场景构造严格只使用当时已经实现的信息；,src\q2\dispatch.py:189#run_main;src\q2\experiments.py:329#run_experiments;src\q2\policy.py:48#respond,src\q2\test_dispatch.py:13#PolicyTests;src\q2\test_forecast_dispatch.py:287#RollingTests,all,True,True,processed/acceptance.json,所有必需条件同时验收；当前不得用局部结果宣称整体通过
Q2F-L1493-S1,1493,2.11,sentence,5. **1 月历史预热与固定 SOC 初始化**：1 月仅用于积累预测历史和初始样本外误差，储能不主动充放电，因此明确取 2 月 1 日初始 SOC 为 6000 kWh，；,src\q2\dispatch.py:189#run_main;src\q2\experiments.py:329#run_experiments;src\q2\policy.py:48#respond,src\q2\test_dispatch.py:13#PolicyTests;src\q2\test_forecast_dispatch.py:287#RollingTests,all,True,True,processed/acceptance.json,所有必需条件同时验收；当前不得用局部结果宣称整体通过
Q2F-L1494-S1,1494,2.11,sentence,6. **强基线与有限候选模型**：不进行无意义的算法堆叠，复杂模型必须在过去样本外表现上证明价值；,src\q2\dispatch.py:189#run_main;src\q2\experiments.py:329#run_experiments;src\q2\policy.py:48#respond,src\q2\test_dispatch.py:13#PolicyTests;src\q2\test_forecast_dispatch.py:287#RollingTests,all,True,True,processed/acceptance.json,所有必需条件同时验收；当前不得用局部结果宣称整体通过
Q2F-L1495-S1,1495,2.11,sentence,7. **predictor-conditioned forecast-origin × horizon 误差场景**：一日前、二日前、三日前预测分别匹配相应预测步长，并保证场景误差与当天实际使用的预测器一致；,src\q2\dispatch.py:189#run_main;src\q2\experiments.py:329#run_experiments;src\q2\policy.py:48#respond,src\q2\test_dispatch.py:13#PolicyTests;src\q2\test_forecast_dispatch.py:287#RollingTests,all,True,True,processed/acceptance.json,所有必需条件同时验收；当前不得用局部结果宣称整体通过
Q2F-L1496-S1,1496,2.11,sentence,8. **单侧尾部校准**：在近期主体误差池之外，从全部可用历史中保留累计净负荷低估最严重的上 20% 压力块，防止有限场景集遗漏高代价尾部；,src\q2\dispatch.py:189#run_main;src\q2\experiments.py:329#run_experiments;src\q2\policy.py:48#respond,src\q2\test_dispatch.py:13#PolicyTests;src\q2\test_forecast_dispatch.py:287#RollingTests,all,True,True,processed/acceptance.json,所有必需条件同时验收；当前不得用局部结果宣称整体通过
Q2F-L1497-S1,1497,2.11,sentence,9. **动态 SOC 安全裕度**：利用历史样本外累计净负荷低估的 80% 分位构造时变备用能量，避免白天预测误差提前透支晚高峰储能；,src\q2\dispatch.py:189#run_main;src\q2\experiments.py:329#run_experiments;src\q2\policy.py:48#respond,src\q2\test_dispatch.py:13#PolicyTests;src\q2\test_forecast_dispatch.py:287#RollingTests,all,True,True,processed/acceptance.json,所有必需条件同时验收；当前不得用局部结果宣称整体通过
Q2F-L1498-S1,1498,2.11,sentence,10. **风险中性主目标**：最小化第一阶段计划购电成本与第二阶段期望紧急购电成本之和，不人为改变题目 5 倍价格；,src\q2\dispatch.py:189#run_main;src\q2\experiments.py:329#run_experiments;src\q2\policy.py:48#respond,src\q2\test_dispatch.py:13#PolicyTests;src\q2\test_forecast_dispatch.py:287#RollingTests,all,True,True,processed/acceptance.json,所有必需条件同时验收；当前不得用局部结果宣称整体通过
Q2F-L1499-S1,1499,2.11,sentence,11. **滚动时域与开环前瞻近似**：第 2、3 个前瞻日仅提供 continuation value 的开环代理计划，通过滚动前瞻估计当前日末 SOC 的继续价值，而不人为规定日末 SOC；,src\q2\dispatch.py:189#run_main;src\q2\experiments.py:329#run_experiments;src\q2\policy.py:48#respond,src\q2\test_dispatch.py:13#PolicyTests;src\q2\test_forecast_dispatch.py:287#RollingTests,all,True,True,processed/acceptance.json,所有必需条件同时验收；当前不得用局部结果宣称整体通过
Q2F-L1500-S1,1500,2.11,sentence,12. **真实逐日回放**：每天只执行滚动窗口的首日计划，并按照“第一阶段计划—实际供需实现—动态安全裕度约束下的非前瞻补救—负荷不足再紧急购电”的顺序生成 `result2.xlsx`。,src\q2\dispatch.py:189#run_main;src\q2\experiments.py:329#run_experiments;src\q2\policy.py:48#respond,src\q2\test_dispatch.py:13#PolicyTests;src\q2\test_forecast_dispatch.py:287#RollingTests,all,True,True,processed/acceptance.json,所有必需条件同时验收；当前不得用局部结果宣称整体通过
Q2F-L1502-S1,1502,2.11,sentence,因此，第二问的逻辑层次可简化为,src\q2\dispatch.py:189#run_main;src\q2\experiments.py:329#run_experiments;src\q2\policy.py:48#respond,src\q2\test_dispatch.py:13#PolicyTests;src\q2\test_forecast_dispatch.py:287#RollingTests,all,True,True,processed/acceptance.json,所有必需条件同时验收；当前不得用局部结果宣称整体通过
Q2F-L1504-S1,1504,2.11,sentence,\[,src\q2\dispatch.py:189#run_main;src\q2\experiments.py:329#run_experiments;src\q2\policy.py:48#respond,src\q2\test_dispatch.py:13#PolicyTests;src\q2\test_forecast_dispatch.py:287#RollingTests,all,True,True,processed/acceptance.json,所有必需条件同时验收；当前不得用局部结果宣称整体通过
Q2F-L1505-S1,1505,2.11,sentence,\boxed{,src\q2\dispatch.py:189#run_main;src\q2\experiments.py:329#run_experiments;src\q2\policy.py:48#respond,src\q2\test_dispatch.py:13#PolicyTests;src\q2\test_forecast_dispatch.py:287#RollingTests,all,True,True,processed/acceptance.json,所有必需条件同时验收；当前不得用局部结果宣称整体通过
Q2F-L1506-S1,1506,2.11,sentence,\underbrace{\text{滚动两阶段随机规划}}_{\text{主模型类别}},src\q2\dispatch.py:189#run_main;src\q2\experiments.py:329#run_experiments;src\q2\policy.py:48#respond,src\q2\test_dispatch.py:13#PolicyTests;src\q2\test_forecast_dispatch.py:287#RollingTests,all,True,True,processed/acceptance.json,所有必需条件同时验收；当前不得用局部结果宣称整体通过
Q2F-L1507-S1,1507,2.11,sentence,+,src\q2\dispatch.py:189#run_main;src\q2\experiments.py:329#run_experiments;src\q2\policy.py:48#respond,src\q2\test_dispatch.py:13#PolicyTests;src\q2\test_forecast_dispatch.py:287#RollingTests,all,True,True,processed/acceptance.json,所有必需条件同时验收；当前不得用局部结果宣称整体通过
Q2F-L1508-S1,1508,2.11,sentence,\underbrace{\text{随机报童型不对称损失}}_{\text{理论结构}},src\q2\dispatch.py:189#run_main;src\q2\experiments.py:329#run_experiments;src\q2\policy.py:48#respond,src\q2\test_dispatch.py:13#PolicyTests;src\q2\test_forecast_dispatch.py:287#RollingTests,all,True,True,processed/acceptance.json,所有必需条件同时验收；当前不得用局部结果宣称整体通过
Q2F-L1509-S1,1509,2.11,sentence,+,src\q2\dispatch.py:189#run_main;src\q2\experiments.py:329#run_experiments;src\q2\policy.py:48#respond,src\q2\test_dispatch.py:13#PolicyTests;src\q2\test_forecast_dispatch.py:287#RollingTests,all,True,True,processed/acceptance.json,所有必需条件同时验收；当前不得用局部结果宣称整体通过
Q2F-L1510-S1,1510,2.11,sentence,\underbrace{\text{尾部校准 + 动态 SOC 安全裕度}}_{\text{风险控制机制}},src\q2\dispatch.py:189#run_main;src\q2\experiments.py:329#run_experiments;src\q2\policy.py:48#respond,src\q2\test_dispatch.py:13#PolicyTests;src\q2\test_forecast_dispatch.py:287#RollingTests,all,True,True,processed/acceptance.json,所有必需条件同时验收；当前不得用局部结果宣称整体通过
Q2F-L1511-S1,1511,2.11,sentence,+,src\q2\dispatch.py:189#run_main;src\q2\experiments.py:329#run_experiments;src\q2\policy.py:48#respond,src\q2\test_dispatch.py:13#PolicyTests;src\q2\test_forecast_dispatch.py:287#RollingTests,all,True,True,processed/acceptance.json,所有必需条件同时验收；当前不得用局部结果宣称整体通过
Q2F-L1512-S1,1512,2.11,sentence,\underbrace{\text{负荷优先非前瞻储能补救}}_{\text{第二阶段执行机制}}.,src\q2\dispatch.py:189#run_main;src\q2\experiments.py:329#run_experiments;src\q2\policy.py:48#respond,src\q2\test_dispatch.py:13#PolicyTests;src\q2\test_forecast_dispatch.py:287#RollingTests,all,True,True,processed/acceptance.json,所有必需条件同时验收；当前不得用局部结果宣称整体通过
Q2F-L1513-S1,1513,2.11,sentence,},src\q2\dispatch.py:189#run_main;src\q2\experiments.py:329#run_experiments;src\q2\policy.py:48#respond,src\q2\test_dispatch.py:13#PolicyTests;src\q2\test_forecast_dispatch.py:287#RollingTests,all,True,True,processed/acceptance.json,所有必需条件同时验收；当前不得用局部结果宣称整体通过
Q2F-L1514-S1,1514,2.11,sentence,\],src\q2\dispatch.py:189#run_main;src\q2\experiments.py:329#run_experiments;src\q2\policy.py:48#respond,src\q2\test_dispatch.py:13#PolicyTests;src\q2\test_forecast_dispatch.py:287#RollingTests,all,True,True,processed/acceptance.json,所有必需条件同时验收；当前不得用局部结果宣称整体通过
Q2F-L1516-S1,1516,2.11,sentence,最终技术主线为,src\q2\dispatch.py:189#run_main;src\q2\experiments.py:329#run_experiments;src\q2\policy.py:48#respond,src\q2\test_dispatch.py:13#PolicyTests;src\q2\test_forecast_dispatch.py:287#RollingTests,all,True,True,processed/acceptance.json,所有必需条件同时验收；当前不得用局部结果宣称整体通过
Q2F-L1518-S1,1518,2.11,sentence,\[,src\q2\dispatch.py:189#run_main;src\q2\experiments.py:329#run_experiments;src\q2\policy.py:48#respond,src\q2\test_dispatch.py:13#PolicyTests;src\q2\test_forecast_dispatch.py:287#RollingTests,all,True,True,processed/acceptance.json,所有必需条件同时验收；当前不得用局部结果宣称整体通过
Q2F-L1519-S1,1519,2.11,sentence,\boxed{,src\q2\dispatch.py:189#run_main;src\q2\experiments.py:329#run_experiments;src\q2\policy.py:48#respond,src\q2\test_dispatch.py:13#PolicyTests;src\q2\test_forecast_dispatch.py:287#RollingTests,all,True,True,processed/acceptance.json,所有必需条件同时验收；当前不得用局部结果宣称整体通过
Q2F-L1520-S1,1520,2.11,sentence,\begin{aligned},src\q2\dispatch.py:189#run_main;src\q2\experiments.py:329#run_experiments;src\q2\policy.py:48#respond,src\q2\test_dispatch.py:13#PolicyTests;src\q2\test_forecast_dispatch.py:287#RollingTests,all,True,True,processed/acceptance.json,所有必需条件同时验收；当前不得用局部结果宣称整体通过
Q2F-L1521-S1,1521,2.11,sentence,&\text{数据结构与信息边界分离}\\,src\q2\dispatch.py:189#run_main;src\q2\experiments.py:329#run_experiments;src\q2\policy.py:48#respond,src\q2\test_dispatch.py:13#PolicyTests;src\q2\test_forecast_dispatch.py:287#RollingTests,all,True,True,processed/acceptance.json,所有必需条件同时验收；当前不得用局部结果宣称整体通过
Q2F-L1522-S1,1522,2.11,sentence,\rightarrow{}&\text{1 月历史预热与固定 SOC 初始化}\\,src\q2\dispatch.py:189#run_main;src\q2\experiments.py:329#run_experiments;src\q2\policy.py:48#respond,src\q2\test_dispatch.py:13#PolicyTests;src\q2\test_forecast_dispatch.py:287#RollingTests,all,True,True,processed/acceptance.json,所有必需条件同时验收；当前不得用局部结果宣称整体通过
Q2F-L1523-S1,1523,2.11,sentence,\rightarrow{}&\text{因果滚动预测与在线模型选择}\\,src\q2\dispatch.py:189#run_main;src\q2\experiments.py:329#run_experiments;src\q2\policy.py:48#respond,src\q2\test_dispatch.py:13#PolicyTests;src\q2\test_forecast_dispatch.py:287#RollingTests,all,True,True,processed/acceptance.json,所有必需条件同时验收；当前不得用局部结果宣称整体通过
Q2F-L1524-S1,1524,2.11,sentence,\rightarrow{}&\text{predictor-consistent horizon-specific 联合误差场景}\\,src\q2\dispatch.py:189#run_main;src\q2\experiments.py:329#run_experiments;src\q2\policy.py:48#respond,src\q2\test_dispatch.py:13#PolicyTests;src\q2\test_forecast_dispatch.py:287#RollingTests,all,True,True,processed/acceptance.json,所有必需条件同时验收；当前不得用局部结果宣称整体通过
Q2F-L1525-S1,1525,2.11,sentence,\rightarrow{}&\text{历史尾部压力块校准}\\,src\q2\dispatch.py:189#run_main;src\q2\experiments.py:329#run_experiments;src\q2\policy.py:48#respond,src\q2\test_dispatch.py:13#PolicyTests;src\q2\test_forecast_dispatch.py:287#RollingTests,all,True,True,processed/acceptance.json,所有必需条件同时验收；当前不得用局部结果宣称整体通过
Q2F-L1526-S1,1526,2.11,sentence,\rightarrow{}&\text{5 倍补购}\Rightarrow Q_{0.8}\text{ 理论基准}\\,src\q2\dispatch.py:189#run_main;src\q2\experiments.py:329#run_experiments;src\q2\policy.py:48#respond,src\q2\test_dispatch.py:13#PolicyTests;src\q2\test_forecast_dispatch.py:287#RollingTests,all,True,True,processed/acceptance.json,所有必需条件同时验收；当前不得用局部结果宣称整体通过
Q2F-L1527-S1,1527,2.11,sentence,\rightarrow{}&\text{动态 SOC 安全裕度}\\,src\q2\dispatch.py:189#run_main;src\q2\experiments.py:329#run_experiments;src\q2\policy.py:48#respond,src\q2\test_dispatch.py:13#PolicyTests;src\q2\test_forecast_dispatch.py:287#RollingTests,all,True,True,processed/acceptance.json,所有必需条件同时验收；当前不得用局部结果宣称整体通过
Q2F-L1528-S1,1528,2.11,sentence,\rightarrow{}&\text{第一阶段日前购电与储能响应计划}\\,src\q2\dispatch.py:189#run_main;src\q2\experiments.py:329#run_experiments;src\q2\policy.py:48#respond,src\q2\test_dispatch.py:13#PolicyTests;src\q2\test_forecast_dispatch.py:287#RollingTests,all,True,True,processed/acceptance.json,所有必需条件同时验收；当前不得用局部结果宣称整体通过
Q2F-L1529-S1,1529,2.11,sentence,\rightarrow{}&\text{第二阶段负荷优先非前瞻补救}\\,src\q2\dispatch.py:189#run_main;src\q2\experiments.py:329#run_experiments;src\q2\policy.py:48#respond,src\q2\test_dispatch.py:13#PolicyTests;src\q2\test_forecast_dispatch.py:287#RollingTests,all,True,True,processed/acceptance.json,所有必需条件同时验收；当前不得用局部结果宣称整体通过
Q2F-L1530-S1,1530,2.11,sentence,\rightarrow{}&\text{滚动时域真实回放与结果检验}.,src\q2\dispatch.py:189#run_main;src\q2\experiments.py:329#run_experiments;src\q2\policy.py:48#respond,src\q2\test_dispatch.py:13#PolicyTests;src\q2\test_forecast_dispatch.py:287#RollingTests,all,True,True,processed/acceptance.json,所有必需条件同时验收；当前不得用局部结果宣称整体通过
Q2F-L1531-S1,1531,2.11,sentence,\end{aligned}},src\q2\dispatch.py:189#run_main;src\q2\experiments.py:329#run_experiments;src\q2\policy.py:48#respond,src\q2\test_dispatch.py:13#PolicyTests;src\q2\test_forecast_dispatch.py:287#RollingTests,all,True,True,processed/acceptance.json,所有必需条件同时验收；当前不得用局部结果宣称整体通过
Q2F-L1532-S1,1532,2.11,sentence,\],src\q2\dispatch.py:189#run_main;src\q2\experiments.py:329#run_experiments;src\q2\policy.py:48#respond,src\q2\test_dispatch.py:13#PolicyTests;src\q2\test_forecast_dispatch.py:287#RollingTests,all,True,True,processed/acceptance.json,所有必需条件同时验收；当前不得用局部结果宣称整体通过
Q2F-L1534-S1,1534,2.11,sentence,该框架的主要创新不在于增加算法数量，也不在于把问题二包装成复杂的 144 阶段随机控制，而在于：在清晰的**滚动两阶段随机规划**骨架下，从 5 倍紧急补购机制中提炼可证明的 \(80\%\) 临界分位结构，并将**预测器一致、预测步长一致的联合误差场景、单侧历史尾部校准、由累计净负荷低估风险驱动的动态 SOC 安全裕度、跨时段 SOC 耦合以及负荷优先的非前瞻补救机制**统一到一个可执行、可回放、可检验的随机购电框架中。,src\q2\dispatch.py:189#run_main;src\q2\experiments.py:329#run_experiments;src\q2\policy.py:48#respond,src\q2\test_dispatch.py:13#PolicyTests;src\q2\test_forecast_dispatch.py:287#RollingTests,all,True,True,processed/acceptance.json,所有必需条件同时验收；当前不得用局部结果宣称整体通过
Q2F-L1537-S1,1537,2.11,markup,---,src\q2\dispatch.py:189#run_main;src\q2\experiments.py:329#run_experiments;src\q2\policy.py:48#respond,src\q2\test_dispatch.py:13#PolicyTests;src\q2\test_forecast_dispatch.py:287#RollingTests,all,True,True,processed/acceptance.json,所有必需条件同时验收；当前不得用局部结果宣称整体通过
