date,interval,charge_kwh,discharge_kwh,soc_at_0000,soc_at_2400
2025-02-01,00:00-04:00,2336.2505550836704,0,8482.7663850000008,8783.2797770299258
2025-02-01,04:00-08:00,238.45346158299984,6559.1605953562275,8482.7663850000008,8783.2797770299258
2025-02-01,08:00-12:00,5255.704062556697,666.17066974857471,8482.7663850000008,8783.2797770299258
2025-02-01,12:00-16:00,3664.4579931282424,212.45443991684971,8482.7663850000008,8783.2797770299258
2025-02-01,16:00-20:00,184.16078193328076,5698.6099016699427,8482.7663850000008,8783.2797770299258
2025-02-01,20:00-24:00,7661.5726166701752,2259.0279119550701,8482.7663850000008,8783.2797770299258
2025-02-02,00:00-04:00,1666.9264873976695,45.273616666666726,8783.2797770299258,8767.3072963361374
2025-02-02,04:00-08:00,1610.6506533509641,1495.2258452380947,8783.2797770299258,8767.3072963361374
2025-02-02,08:00-12:00,5865.5830976190464,6255.0597196272774,8783.2797770299258,8767.3072963361374
2025-02-02,12:00-16:00,4377.404204683884,1341.0498166666669,8783.2797770299258,8767.3072963361374
2025-02-02,16:00-20:00,0.95055555555518367,5242.1237181308088,8783.2797770299258,8767.3072963361374
2025-02-02,20:00-24:00,7759.7496499999997,2873.4668816666663,8783.2797770299258,8767.3072963361374
2025-02-03,00:00-04:00,1606.5222508963534,47.731733333333409,8767.3072963361374,8561.7065244102796
2025-02-03,04:00-08:00,1720.8796626396215,1472.8663952380948,8767.3072963361374,8561.7065244102796
2025-02-03,08:00-12:00,5793.1360928571421,6533.5148981987068,8767.3072963361374,8561.7065244102796
2025-02-03,12:00-16:00,5061.6252100336715,1604.0157452380952,8767.3072963361374,8561.7065244102796
2025-02-03,16:00-20:00,94.826043503821424,5433.1093375593773,8767.3072963361374,8561.7065244102796
2025-02-03,20:00-24:00,7690.89411229284,2887.7881166666662,8767.3072963361374,8561.7065244102796
2025-02-04,00:00-04:00,2256.3197942392062,11.525437543859653,8561.7065244102796,8606.4598363592268
2025-02-04,04:00-08:00,1228.4369967019366,1522.3085455012529,8561.7065244102796,8606.4598363592268
2025-02-04,08:00-12:00,5783.8690234085207,6882.1790531814677,8561.7065244102796,8606.4598363592268
2025-02-04,12:00-16:00,6227.4590087864908,2202.9706642105261,8561.7065244102796,8606.4598363592268
2025-02-04,16:00-20:00,146.90290105603657,5253.1794238220591,8561.7065244102796,8606.4598363592268
2025-02-04,20:00-24:00,7583.5398312280686,2901.0462148771921,8561.7065244102796,8606.4598363592268
2025-02-05,00:00-04:00,1750.5446165044134,18.21437183168598,8606.4598363592268,8285.7530494234452
2025-02-05,04:00-08:00,1761.3091266470226,1613.9766953722842,8606.4598363592268,8285.7530494234452
2025-02-05,08:00-12:00,5562.9325579642864,7026.955475639621,8606.4598363592268,8285.7530494234452
2025-02-05,12:00-16:00,5978.1760940944996,1559.5668499999997,8606.4598363592268,8285.7530494234452
2025-02-05,16:00-20:00,43.476057863022781,5586.2305941546128,8606.4598363592268,8285.7530494234452
2025-02-05,20:00-24:00,7590.7203016666663,2860.2907125833331,8606.4598363592268,8285.7530494234452
2025-02-06,00:00-04:00,2227.9797485242143,0,8285.7530494234452,8747.2141455555611
2025-02-06,04:00-08:00,1563.461842651386,1613.0507309523812,8285.7530494234452,8747.2141455555611
2025-02-06,08:00-12:00,5800.942766666667,6208.8222444079938,8285.7530494234452,8747.2141455555611
2025-02-06,12:00-16:00,5148.2646044425537,1855.2304285714279,8285.7530494234452,8747.2141455555611
2025-02-06,16:00-20:00,57.556439476778081,5030.9694848095223,8285.7530494234452,8747.2141455555611
2025-02-06,20:00-24:00,7540.6896500000003,2971.1171166666663,8285.7530494234452,8747.2141455555611
2025-02-07,00:00-04:00,1824.9415678693279,18.894607142860934,8747.2141455555611,8393.3307644708984
2025-02-07,04:00-08:00,479.25827922062331,6271.076837668692,8747.2141455555611,8393.3307644708984
2025-02-07,08:00-12:00,5060.9513547619044,1115.3134500000001,8747.2141455555611,8393.3307644708984
2025-02-07,12:00-16:00,4058.0490003846262,30.393869047619035,8747.2141455555611,8393.3307644708984
2025-02-07,16:00-20:00,43.847383803642543,5859.2047023095229,8747.2141455555611,8393.3307644708984
2025-02-07,20:00-24:00,7541.2218333333321,2420.3098064999999,8747.2141455555611,8393.3307644708984
2025-02-08,00:00-04:00,973.5771531746035,154.67488333333341,8393.3307644708984,7977.316030370368
2025-02-08,04:00-08:00,909.79240000000016,6336.4776309523804,8393.3307644708984,7977.316030370368
2025-02-08,08:00-12:00,5660.7360023809524,376.85931666666664,8393.3307644708984,7977.316030370368
2025-02-08,12:00-16:00,3609.8706337386889,18.701689447384013,8393.3307644708984,7977.316030370368
2025-02-08,16:00-20:00,9.585840690476914,6285.37350402421,8393.3307644708984,7977.316030370368
2025-02-08,20:00-24:00,7605.0749999999989,2404.9222305541248,8393.3307644708984,7977.316030370368
2025-02-09,00:00-04:00,2136.7887791665835,38.241483333332894,7977.316030370368,7807.1424601851841
2025-02-09,04:00-08:00,1933.1265172565907,1977.9406126980116,7977.316030370368,7807.1424601851841
2025-02-09,08:00-12:00,5073.5518452380957,6851.0932047619044,7977.316030370368,7807.1424601851841
2025-02-09,12:00-16:00,6364.3180579071131,1846.1257309523814,7977.316030370368,7807.1424601851841
2025-02-09,16:00-20:00,319.903309611993,5630.8136231954732,7977.316030370368,7807.1424601851841
2025-02-09,20:00-24:00,7354.3233999999984,2586.3712046616674,7977.316030370368,7807.1424601851841
2025-02-10,00:00-04:00,2430.9431664609037,3.4953333333332921,7807.1424601851841,7954.639692597515
2025-02-10,04:00-08:00,2044.5248206439187,1679.9894503882313,7807.1424601851841,7954.639692597515
2025-02-10,08:00-12:00,5908.712088095238,4989.0509499999998,7807.1424601851841,7954.639692597515
2025-02-10,12:00-16:00,2855.9462658142261,1358.3948166666667,7807.1424601851841,7954.639692597515
2025-02-10,16:00-20:00,15.191985714285579,5437.2882939374003,7807.1424601851841,7954.639692597515
2025-02-10,20:00-24:00,7262.712923267396,3018.6389589999999,7807.1424601851841,7954.639692597515
2025-02-11,00:00-04:00,2146.7374652332419,48.844990852151568,7954.639692597515,7855.7617718518513
2025-02-11,04:00-08:00,1964.4478296992679,2166.1031339047636,7954.639692597515,7855.7617718518513
2025-02-11,08:00-12:00,5943.043914285714,5970.5322142857149,7954.639692597515,7855.7617718518513
2025-02-11,12:00-16:00,4660.3238554379832,1172.4833666666668,7954.639692597515,7855.7617718518513
2025-02-11,16:00-20:00,21.779703115816016,5664.9784437619046,7954.639692597515,7855.7617718518513
2025-02-11,20:00-24:00,7409.902133333333,3004.4982490952389,7954.639692597515,7855.7617718518513
2025-02-12,00:00-04:00,2501.2098747989476,8.3286753844992063,7855.7617718518513,7847.7535587566108
2025-02-12,04:00-08:00,1738.7094946057859,2180.6788315238109,7855.7617718518513,7847.7535587566108
2025-02-12,08:00-12:00,5890.8697690476183,5470.291395238095,7855.7617718518513,7847.7535587566108
2025-02-12,12:00-16:00,4678.5350007054676,1710.8181071428576,7855.7617718518513,7847.7535587566108
2025-02-12,16:00-20:00,69.716872861647431,5607.1784693988866,7855.7617718518513,7847.7535587566108
2025-02-12,20:00-24:00,7368.1094833333327,3050.1038143333335,7855.7617718518513,7847.7535587566108
2025-02-13,00:00-04:00,2158.740997663931,90.658878542032767,7847.7535587566108,6886.9758459179093
2025-02-13,04:00-08:00,1873.1566140350724,2498.9479833333326,7847.7535587566108,6886.9758459179093
2025-02-13,08:00-12:00,6026.8222785714279,4255.5024008333312,7847.7535587566108,6886.9758459179093
2025-02-13,12:00-16:00,2631.1333317391391,776.65005000000019,7847.7535587566108,6886.9758459179093
2025-02-13,16:00-20:00,0,5540.4781790238121,7847.7535587566108,6886.9758459179093
2025-02-13,20:00-24:00,6178.2135236830418,2985.5965138333331,7847.7535587566108,6886.9758459179093
2025-02-14,00:00-04:00,714.03436523041307,47.208666666666829,6886.9758459179093,6348.7695376288384
2025-02-14,04:00-08:00,1064.7134225965553,6174.7949309523801,6886.9758459179093,6348.7695376288384
2025-02-14,08:00-12:00,4632.9864930629046,213.09401666666668,6886.9758459179093,6348.7695376288384
2025-02-14,12:00-16:00,5880.63529066518,2.3338095238094922,6886.9758459179093,6348.7695376288384
2025-02-14,16:00-20:00,39.986000000000047,6231.2591798530275,6886.9758459179093,6348.7695376288384
2025-02-14,20:00-24:00,5701.6488840920993,2423.2386828718095,6886.9758459179093,6348.7695376288384
2025-02-15,00:00-04:00,946.91051552952854,84.935416666666583,6348.7695376288384,7599.1411991558725
2025-02-15,04:00-08:00,1133.147057142857,5852.7331327067768,6348.7695376288384,7599.1411991558725
2025-02-15,08:00-12:00,5149.1920075249827,159.00708333333333,6348.7695376288384,7599.1411991558725
2025-02-15,12:00-16:00,5243.3220850382195,194.20497095826022,6348.7695376288384,7599.1411991558725
2025-02-15,16:00-20:00,3.8181550952377847,6125.2225941507695,6348.7695376288384,7599.1411991558725
2025-02-15,20:00-24:00,7132.1951184036443,2341.5161071847797,6348.7695376288384,7599.1411991558725
2025-02-16,00:00-04:00,2508.9062096680777,61.290972398587201,7599.1411991558725,7782.4392150000003
2025-02-16,04:00-08:00,2038.3953928571427,3334.4837472142849,7599.1411991558725,7782.4392150000003
2025-02-16,08:00-12:00,5398.8930259144381,6030.0741261904768,7599.1411991558725,7782.4392150000003
2025-02-16,12:00-16:00,6109.6879795632185,839.72365000000002,7599.1411991558725,7782.4392150000003
2025-02-16,16:00-20:00,61.52572878747651,5777.9626260339064,7599.1411991558725,7782.4392150000003
2025-02-16,20:00-24:00,7371.5813499999995,2817.5783102032228,7599.1411991558725,7782.4392150000003
2025-02-17,00:00-04:00,2099.6457835299857,58.144550196651721,7782.4392150000003,7832.2794497911855
2025-02-17,04:00-08:00,2278.182993902682,3284.2525718809538,7782.4392150000003,7832.2794497911855
2025-02-17,08:00-12:00,5907.4845928571422,4143.1846666666661,7782.4392150000003,7832.2794497911855
2025-02-17,12:00-16:00,3132.134339888305,666.74614999999994,7782.4392150000003,7832.2794497911855
2025-02-17,16:00-20:00,62.419204761904439,5691.8536500000018,7782.4392150000003,7832.2794497911855
2025-02-17,20:00-24:00,7342.6763958512511,2977.2222816845838,7782.4392150000003,7832.2794497911855
2025-02-18,00:00-04:00,2240.5147375336037,66.410882451496832,7832.2794497911855,8071.0273291534349
2025-02-18,04:00-08:00,2099.0019380952381,3333.5833319107151,7832.2794497911855,8071.0273291534349
2025-02-18,08:00-12:00,5808.5905570840678,4380.5646333333334,7832.2794497911855,8071.0273291534349
2025-02-18,12:00-16:00,4075.6365592067264,1069.7251285714278,7832.2794497911855,8071.0273291534349
2025-02-18,16:00-20:00,23.124657142857018,5532.1965142142835,7832.2794497911855,8071.0273291534349
2025-02-18,20:00-24:00,7436.3048720752458,2966.0168082142832,7832.2794497911855,8071.0273291534349
2025-02-19,00:00-04:00,1725.7145012051765,162.51094470898886,8071.0273291534349,7585.8970001851849
2025-02-19,04:00-08:00,2125.8558764550239,3751.3718181245254,8071.0273291534349,7585.8970001851849
2025-02-19,08:00-12:00,5865.6851857142847,5252.5895833333325,8071.0273291534349,7585.8970001851849
2025-02-19,12:00-16:00,5578.2647019646229,1169.7465613095233,8071.0273291534349,7585.8970001851849
2025-02-19,16:00-20:00,189.12367686183688,5491.5740508580202,8071.0273291534349,7585.8970001851849
2025-02-19,20:00-24:00,7133.3153499999989,2929.3713644197928,8071.0273291534349,7585.8970001851849
2025-02-20,00:00-04:00,2775.665664873603,64.991347190474812,7585.8970001851849,6185.3647906311426
2025-02-20,04:00-08:00,1766.3753733098179,3780.7424623777115,7585.8970001851849,6185.3647906311426
2025-02-20,08:00-12:00,5658.9283761904753,4990.1271547619035,7585.8970001851849,6185.3647906311426
2025-02-20,12:00-16:00,4696.2276195727154,338.17593333333343,7585.8970001851849,6185.3647906311426
2025-02-20,16:00-20:00,5.2874333333331833,5448.4712724047613,7585.8970001851849,6185.3647906311426
2025-02-20,20:00-24:00,5329.2034468799875,3025.6380289999997,7585.8970001851849,6185.3647906311426
2025-02-21,00:00-04:00,968.15087443100606,50.238366666666707,6185.3647906311426,5931.0580528858409
2025-02-21,04:00-08:00,984.37894623750526,5720.2959333333329,6185.3647906311426,5931.0580528858409
2025-02-21,08:00-12:00,4132.9264029100559,125.67031666666668,6185.3647906311426,5931.0580528858409
2025-02-21,12:00-16:00,6321.1811901234551,39.583026166664801,6185.3647906311426,5931.0580528858409
2025-02-21,16:00-20:00,81.072142827746944,5938.503431695266,6185.3647906311426,5931.0580528858409
2025-02-21,20:00-24:00,4748.7594009196255,2316.1248449761829,6185.3647906311426,5931.0580528858409
2025-02-22,00:00-04:00,746.30678565300457,34.13994041740051,5931.0580528858409,7915.509719179895
2025-02-22,04:00-08:00,1035.5776059082873,5453.5895,5931.0580528858409,7915.509719179895
2025-02-22,08:00-12:00,3779.047453174604,144.0951,5931.0580528858409,7915.509719179895
2025-02-22,12:00-16:00,6801.8734550420568,144.87147857142872,5931.0580528858409,7915.509719179895
2025-02-22,16:00-20:00,58.901240476190566,6129.175514619048,5931.0580528858409,7915.509719179895
2025-02-22,20:00-24:00,7427.1386333333321,2385.686557333333,5931.0580528858409,7915.509719179895
2025-02-23,00:00-04:00,2189.1552589237644,57.936349999999948,7915.509719179895,7885.442725230535
2025-02-23,04:00-08:00,1926.7712949285719,3951.4494250489615,7915.509719179895,7885.442725230535
2025-02-23,08:00-12:00,5566.3212387730646,4905.8492071428564,7915.509719179895,7885.442725230535
2025-02-23,12:00-16:00,5179.3330004115232,636.1697476190476,7915.509719179895,7885.442725230535
2025-02-23,16:00-20:00,151.71134297296061,5425.915228142856,7915.509719179895,7885.442725230535
2025-02-23,20:00-24:00,7241.1355089275166,3075.8267289999999,7915.509719179895,7885.442725230535
2025-02-24,00:00-04:00,2449.2460005374992,50.931583333333379,7885.442725230535,7854.4723195388324
2025-02-24,04:00-08:00,1859.0432624879325,4189.7591098771254,7885.442725230535,7854.4723195388324
2025-02-24,08:00-12:00,5658.6207404761899,3639.0998999999993,7885.442725230535,7854.4723195388324
2025-02-24,12:00-16:00,3686.8084209876533,605.71734047619054,7885.442725230535,7854.4723195388324
2025-02-24,16:00-20:00,14.381750000000125,5418.4294524388597,7885.442725230535,7854.4723195388324
2025-02-24,20:00-24:00,7334.1987833333324,3135.7981348333328,7885.442725230535,7854.4723195388324
2025-02-25,00:00-04:00,2213.1095314647891,75.733583333333513,7854.4723195388324,7781.1964175792227
2025-02-25,04:00-08:00,1940.8392498236369,4347.0844908300987,7854.4723195388324,7781.1964175792227
2025-02-25,08:00-12:00,6320.8966999999993,3066.2635666666665,7854.4723195388324,7781.1964175792227
2025-02-25,12:00-16:00,2511.8373416479762,379.15653333333358,7854.4723195388324,7781.1964175792227
2025-02-25,16:00-20:00,0,5413.574550012032,7854.4723195388324,7781.1964175792227
2025-02-25,20:00-24:00,7104.6390666666657,3058.1063181666668,7854.4723195388324,7781.1964175792227
2025-02-26,00:00-04:00,2420.48930915652,18.350877944859349,7781.1964175792227,8006.2607820106814
2025-02-26,04:00-08:00,1832.6406827067781,4201.0661976666643,7781.1964175792227,8006.2607820106814
2025-02-26,08:00-12:00,5603.4584490355755,3363.2576833333337,7781.1964175792227,8006.2607820106814
2025-02-26,12:00-16:00,3681.0738783250808,889.27013859599469,7781.1964175792227,8006.2607820106814
2025-02-26,16:00-20:00,92.967216614521817,5537.8110331666649,7781.1964175792227,8006.2607820106814
2025-02-26,20:00-24:00,7504.3894666666656,2907.0515333333333,7781.1964175792227,8006.2607820106814
2025-02-27,00:00-04:00,2255.8824823941641,31.45900000000006,8006.2607820106814,5762.0948555253253
2025-02-27,04:00-08:00,1724.8344877703371,4664.0966995952349,8006.2607820106814,5762.0948555253253
2025-02-27,08:00-12:00,6215.2621333333327,4486.3603999999996,8006.2607820106814,5762.0948555253253
2025-02-27,12:00-16:00,4954.6117084656034,575.69716190476174,8006.2607820106814,5762.0948555253253
2025-02-27,16:00-20:00,17.69684303351039,5615.3621704796187,8006.2607820106814,5762.0948555253253
2025-02-27,20:00-24:00,5031.7706301839235,3008.8211128537109,8006.2607820106814,5762.0948555253253
2025-02-28,00:00-04:00,857.05737016880448,11.193149999999946,5762.0948555253253,5701.3555654535394
2025-02-28,04:00-08:00,1008.2713357142856,5362.0597166666666,5762.0948555253253,5701.3555654535394
2025-02-28,08:00-12:00,2285.5797976190461,45.653383333333366,5762.0948555253253,5701.3555654535394
2025-02-28,12:00-16:00,8139.4228030738459,2.1898166666666534,5762.0948555253253,5701.3555654535394
2025-02-28,16:00-20:00,54.130444385655835,6118.5571595194879,5762.0948555253253,5701.3555654535394
2025-02-28,20:00-24:00,4831.7970327220373,2427.7817496622347,5762.0948555253253,5701.3555654535394
2025-03-01,00:00-04:00,1138.4831140350907,62.186449999999979,5701.3555654535394,7927.2914716158839
2025-03-01,04:00-08:00,1428.6023701758493,4696.125766666667,5701.3555654535394,7927.2914716158839
2025-03-01,08:00-12:00,2365.380230952379,11.433066666666642,5701.3555654535394,7927.2914716158839
2025-03-01,12:00-16:00,6621.2691915343967,84.6040571428573,5701.3555654535394,7927.2914716158839
2025-03-01,16:00-20:00,64.261111904761947,6179.5059934523797,5701.3555654535394,7927.2914716158839
2025-03-01,20:00-24:00,7425.7305430887973,2388.2208654952465,5701.3555654535394,7927.2914716158839
2025-03-02,00:00-04:00,2487.0903553474259,0,7927.2914716158839,7802.6701199999998
2025-03-02,04:00-08:00,1658.3700386243413,4284.282052356104,7927.2914716158839,7802.6701199999998
2025-03-02,08:00-12:00,4201.3748523809518,4084.2152000000001,7927.2914716158839,7802.6701199999998
2025-03-02,12:00-16:00,3066.6507337663452,1101.1630428571423,7927.2914716158839,7802.6701199999998
2025-03-02,16:00-20:00,67.136797942387375,5726.0509505347118,7927.2914716158839,7802.6701199999998
2025-03-02,20:00-24:00,7372.5206943333333,187.49418334611826,7927.2914716158839,7802.6701199999998
2025-03-03,00:00-04:00,2405.4436494121155,62.520994650210923,7802.6701199999998,7701.5266288888897
2025-03-03,04:00-08:00,1829.7054042124864,4675.8548561428597,7802.6701199999998,7701.5266288888897
2025-03-03,08:00-12:00,4647.8476202612637,4634.4979906428562,7802.6701199999998,7701.5266288888897
2025-03-03,12:00-16:00,4555.530678504163,1404.1606115092607,7802.6701199999998,7701.5266288888897
2025-03-03,16:00-20:00,127.04998342857243,5625.0091638299982,7802.6701199999998,7701.5266288888897
2025-03-03,20:00-24:00,7238.4706166666656,540.26436673788339,7802.6701199999998,7701.5266288888897
2025-03-04,00:00-04:00,2731.5112448853606,118.22885000000008,7701.5266288888897,7900.7083480562178
2025-03-04,04:00-08:00,1823.434769400352,4032.3325728095242,7701.5266288888897,7900.7083480562178
2025-03-04,08:00-12:00,5187.049991952822,4354.3683285714287,7701.5266288888897,7900.7083480562178
2025-03-04,12:00-16:00,5136.5737287996762,857.21269145310862,7701.5266288888897,7900.7083480562178
2025-03-04,16:00-20:00,155.30549972692381,5484.9150480771614,7701.5266288888897,7900.7083480562178
2025-03-04,20:00-24:00,7284.7048166666664,3051.7288034979424,7701.5266288888897,7900.7083480562178
2025-03-05,00:00-04:00,2415.7000627848306,19.863683333333256,7900.7083480562178,7882.301891534391
2025-03-05,04:00-08:00,1744.7774327905659,3448.5729759634478,7900.7083480562178,7882.301891534391
2025-03-05,08:00-12:00,6104.810247619047,3157.9047833333329,7900.7083480562178,7882.301891534391
2025-03-05,12:00-16:00,2257.9349532764513,908.1064547619053,7900.7083480562178,7882.301891534391
2025-03-05,16:00-20:00,35.660356027343269,5543.8400243882952,7900.7083480562178,7882.301891534391
2025-03-05,20:00-24:00,7293.67965,3018.853678112901,7900.7083480562178,7882.301891534391
2025-03-06,00:00-04:00,2112.189193550229,103.0289674185467,7882.301891534391,5555.2035664628856
2025-03-06,04:00-08:00,2001.2267547619047,2990.1309552857124,7882.301891534391,5555.2035664628856
2025-03-06,08:00-12:00,6167.4875547619049,3131.0269666666668,7882.301891534391,5555.2035664628856
2025-03-06,12:00-16:00,1739.1837236625609,913.47903809523791,7882.301891534391,5555.2035664628856
2025-03-06,16:00-20:00,124.25485144033462,5559.4392022619113,7882.301891534391,5555.2035664628856
2025-03-06,20:00-24:00,4586.1662804614116,2948.9951333333333,7882.301891534391,5555.2035664628856
2025-03-07,00:00-04:00,922.33174044182147,14.615133333333404,5555.2035664628856,4593.6777412111451
2025-03-07,04:00-08:00,1422.525824401718,4137.6816833333332,5555.2035664628856,4593.6777412111451
2025-03-07,08:00-12:00,7516.2598577307472,0,5555.2035664628856,4593.6777412111451
2025-03-07,12:00-16:00,1092.726536499873,141.21130714285724,5555.2035664628856,4593.6777412111451
2025-03-07,16:00-20:00,159.65395492335671,6092.9204683995467,5555.2035664628856,4593.6777412111451
2025-03-07,20:00-24:00,3496.4762828944649,2313.0237499999994,5555.2035664628856,4593.6777412111451
2025-03-08,00:00-04:00,491.56073512639483,42.729200000000219,4593.6777412111451,8117.0447198010324
2025-03-08,04:00-08:00,813.75961666666683,4068.8902520424108,4593.6777412111451,8117.0447198010324
2025-03-08,08:00-12:00,7956.2934721340371,0,4593.6777412111451,8117.0447198010324
2025-03-08,12:00-16:00,2710.373194532629,0,4593.6777412111451,8117.0447198010324
2025-03-08,16:00-20:00,63.397045855379005,6085.1343213219279,4593.6777412111451,8117.0447198010324
2025-03-08,20:00-24:00,7319.6841166666654,2309.8211724999996,4593.6777412111451,8117.0447198010324
2025-03-09,00:00-04:00,1764.137407804845,225.8347333333337,8117.0447198010324,8042.3835557407428
2025-03-09,04:00-08:00,1645.6904880952377,4770.1249266234527,8117.0447198010324,8042.3835557407428
2025-03-09,08:00-12:00,5890.8247690476182,3177.3516666666674,8117.0447198010324,8042.3835557407428
2025-03-09,12:00-16:00,4393.3062800759899,504.1356666666664,8117.0447198010324,8042.3835557407428
2025-03-09,16:00-20:00,7.1022927689591597,5483.6095375411896,8117.0447198010324,8042.3835557407428
2025-03-09,20:00-24:00,7375.3171364999998,2978.0050000000001,8117.0447198010324,8042.3835557407428
2025-03-10,00:00-04:00,1758.5403812179327,82.043474104472466,8042.3835557407428,7755.9350907407406
2025-03-10,04:00-08:00,1492.1467976190479,4990.1601201420435,8042.3835557407428,7755.9350907407406
2025-03-10,08:00-12:00,4873.5187167348477,3718.9982207781063,8042.3835557407428,7755.9350907407406
2025-03-10,12:00-16:00,4437.8825683085333,413.50975,8042.3835557407428,7755.9350907407406
2025-03-10,16:00-20:00,315.28219166988822,5778.6887386660792,8042.3835557407428,7755.9350907407406
2025-03-10,20:00-24:00,7288.4414999999999,1608.7111608050041,8042.3835557407428,7755.9350907407406
2025-03-11,00:00-04:00,2255.360413697822,70.831816666666441,7755.9350907407406,7850.057791945017
2025-03-11,04:00-08:00,1582.0661523809522,4910.0228282430908,7755.9350907407406,7850.057791945017
2025-03-11,08:00-12:00,5892.882678953556,2513.6938833333329,7755.9350907407406,7850.057791945017
2025-03-11,12:00-16:00,3664.6567114700119,750.63310290476136,7755.9350907407406,7850.057791945017
2025-03-11,16:00-20:00,57.924263531669226,5809.462406267412,7755.9350907407406,7850.057791945017
2025-03-11,20:00-24:00,7459.3335879077122,2799.5468159336856,7755.9350907407406,7850.057791945017
2025-03-12,00:00-04:00,2111.1529883150588,295.23009373544153,7850.057791945017,7568.1078479277785
2025-03-12,04:00-08:00,1385.0935570217518,4942.3902738095239,7850.057791945017,7568.1078479277785
2025-03-12,08:00-12:00,6570.3415690476177,2414.2354833333334,7850.057791945017,7568.1078479277785
2025-03-12,12:00-16:00,3153.6010890655061,442.67292857142837,7850.057791945017,7568.1078479277785
2025-03-12,16:00-20:00,79.675097619047506,5773.085520976193,7850.057791945017,7568.1078479277785
2025-03-12,20:00-24:00,7132.2206334999992,2936.1294461904754,7850.057791945017,7568.1078479277785
2025-03-13,00:00-04:00,2287.9332660884702,136.98013333333324,7568.1078479277785,3861.269555796513
2025-03-13,04:00-08:00,1017.9286663727247,5037.2336730238039,7568.1078479277785,3861.269555796513
2025-03-13,08:00-12:00,4711.4014452380943,3234.8314220714296,7568.1078479277785,3861.269555796513
2025-03-13,12:00-16:00,4116.4324252812012,396.33458809523756,7568.1078479277785,3861.269555796513
2025-03-13,16:00-20:00,210.76250000000005,5866.638297163945,7568.1078479277785,3861.269555796513
2025-03-13,20:00-24:00,3068.2666337949622,1148.4435480185007,7568.1078479277785,3861.269555796513
2025-03-14,00:00-04:00,787.9373007157194,85.665850558497482,3861.269555796513,4050.6165470036176
2025-03-14,04:00-08:00,956.82954761904762,3722.7378968095281,3861.269555796513,4050.6165470036176
2025-03-14,08:00-12:00,6509.8156023809479,0,3861.269555796513,4050.6165470036176
2025-03-14,12:00-16:00,4156.85106428572,29.207059523809825,3861.269555796513,4050.6165470036176
2025-03-14,16:00-20:00,113.07769392200797,6348.3417886655043,3861.269555796513,4050.6165470036176
2025-03-14,20:00-24:00,3128.1417387848705,2322.2839999999997,3861.269555796513,4050.6165470036176
2025-03-15,00:00-04:00,559.65028333333339,75.848497787674489,4050.6165470036176,7664.2181894053165
2025-03-15,04:00-08:00,1017.7275095238094,3767.3824067298665,4050.6165470036176,7664.2181894053165
2025-03-15,08:00-12:00,5005.7154976190486,0,4050.6165470036176,7664.2181894053165
2025-03-15,12:00-16:00,5660.9511690476174,0,4050.6165470036176,7664.2181894053165
2025-03-15,16:00-20:00,38.225696649029764,6162.1798629875957,4050.6165470036176,7664.2181894053165
2025-03-15,20:00-24:00,7151.6388166666657,2483.814022333333,4050.6165470036176,7664.2181894053165
2025-03-16,00:00-04:00,1868.9691885208424,90.813800000000242,7664.2181894053165,7982.248911354538
2025-03-16,04:00-08:00,1090.9552381540279,5358.4849785714287,7664.2181894053165,7982.248911354538
2025-03-16,08:00-12:00,6209.7701714285704,2268.2894166666665,7664.2181894053165,7982.248911354538
2025-03-16,12:00-16:00,4559.2704183421465,580.66983854761838,7664.2181894053165,7982.248911354538
2025-03-16,16:00-20:00,91.117958348031323,5507.5818693761557,7664.2181894053165,7982.248911354538
2025-03-16,20:00-24:00,7167.2645666666658,2907.6839556666664,7664.2181894053165,7982.248911354538
2025-03-17,00:00-04:00,1888.6565479070732,173.02354788360128,7982.248911354538,8249.2367573168267
2025-03-17,04:00-08:00,976.43502380952373,4813.6501209285725,7982.248911354538,8249.2367573168267
2025-03-17,08:00-12:00,6717.5132478506657,1631.6283999999996,7982.248911354538,8249.2367573168267
2025-03-17,12:00-16:00,1767.0981005065005,38.981316666666615,7982.248911354538,8249.2367573168267
2025-03-17,16:00-20:00,92.445487948267271,5480.6888745952374,7982.248911354538,8249.2367573168267
2025-03-17,20:00-24:00,7536.528019656429,2994.4665849794237,7982.248911354538,8249.2367573168267
2025-03-18,00:00-04:00,1469.0912426638442,25.942483333333371,8249.2367573168267,7954.1456019439183
2025-03-18,04:00-08:00,1074.5917761904761,5398.7938085476198,8249.2367573168267,7954.1456019439183
2025-03-18,08:00-12:00,6067.0067959870648,2979.9600349761949,8249.2367573168267,7954.1456019439183
2025-03-18,12:00-16:00,4933.9561875520294,270.78001666666671,8249.2367573168267,7954.1456019439183
2025-03-18,16:00-20:00,58.280317460318656,5536.7364666666635,8249.2367573168267,7954.1456019439183
2025-03-18,20:00-24:00,7333.2602073333328,3011.6803166666664,8249.2367573168267,7954.1456019439183
2025-03-19,00:00-04:00,1721.0634049676714,6.3648333333333085,7954.1456019439183,8460.2198782275154
2025-03-19,04:00-08:00,1093.4027470017627,5083.0505745878982,7954.1456019439183,8460.2198782275154
2025-03-19,08:00-12:00,6240.2993738095229,3015.0726309523811,7954.1456019439183,8460.2198782275154
2025-03-19,12:00-16:00,4500.1106358380757,313.69269378571573,7954.1456019439183,8460.2198782275154
2025-03-19,16:00-20:00,43.320745238095242,5256.8923952380947,7954.1456019439183,8460.2198782275154
2025-03-19,20:00-24:00,7604.0051333333331,3043.2436760000001,7954.1456019439183,8460.2198782275154
2025-03-20,00:00-04:00,1171.2042715952371,111.47284621651147,8460.2198782275154,3855.5237498862116
2025-03-20,04:00-08:00,1068.247341670068,4874.9516790952366,8460.2198782275154,3855.5237498862116
2025-03-20,08:00-12:00,6038.0292356463888,2777.3772166666663,8460.2198782275154,3855.5237498862116
2025-03-20,12:00-16:00,4221.687836158655,385.83968455839602,8460.2198782275154,3855.5237498862116
2025-03-20,16:00-20:00,137.83558256907747,5522.4120461698658,8460.2198782275154,3855.5237498862116
2025-03-20,20:00-24:00,2917.0498153229191,3070.95685,8460.2198782275154,3855.5237498862116
2025-03-21,00:00-04:00,529.15107740140934,272.25868333333335,3855.5237498862116,3663.8561489040094
2025-03-21,04:00-08:00,1021.7322081159691,3373.9281528333322,3855.5237498862116,3663.8561489040094
2025-03-21,08:00-12:00,4610.7455619047623,0,3855.5237498862116,3663.8561489040094
2025-03-21,12:00-16:00,6055.9211047619037,0,3855.5237498862116,3663.8561489040094
2025-03-21,16:00-20:00,13.646753080617296,6080.9034308844812,3855.5237498862116,3663.8561489040094
2025-03-21,20:00-24:00,2656.142192050896,2504.155080658436,3855.5237498862116,3663.8561489040094
2025-03-22,00:00-04:00,896.54057637943697,49.882199999999955,3663.8561489040094,8570.200413939283
2025-03-22,04:00-08:00,956.87336666666693,3375.8456333333334,3663.8561489040094,8570.200413939283
2025-03-22,08:00-12:00,3908.4791309523807,0,3663.8561489040094,8570.200413939283
2025-03-22,12:00-16:00,6396.4492708406833,33.570000000000007,3663.8561489040094,8570.200413939283
2025-03-22,16:00-20:00,126.53492830952351,5911.2684187536743,3663.8561489040094,8570.200413939283
2025-03-22,20:00-24:00,7529.6652166666654,2263.5033261316871,3663.8561489040094,8570.200413939283
2025-03-23,00:00-04:00,1278.2014305854241,148.32723496240897,8570.200413939283,7951.5080210933847
2025-03-23,04:00-08:00,906.47766428571424,5684.24217028571,8570.200413939283,7951.5080210933847
2025-03-23,08:00-12:00,5653.9069264579502,2550.7722333333331,8570.200413939283,7951.5080210933847
2025-03-23,12:00-16:00,4993.5742659582711,3.8885666666666716,8570.200413939283,7951.5080210933847
2025-03-23,16:00-20:00,37.094328571428605,5731.2131191190456,8570.200413939283,7951.5080210933847
2025-03-23,20:00-24:00,7512.2543045952398,2947.402054761907,8570.200413939283,7951.5080210933847
2025-03-24,00:00-04:00,2040.3368769450285,118.68803333333324,7951.5080210933847,8056.8065535978858
2025-03-24,04:00-08:00,940.99435120517774,5533.0543982142844,7951.5080210933847,8056.8065535978858
2025-03-24,08:00-12:00,6158.2883699756057,2436.6965833333334,7951.5080210933847,8056.8065535978858
2025-03-24,12:00-16:00,4260.9518607222726,354.29706068023722,7951.5080210933847,8056.8065535978858
2025-03-24,16:00-20:00,205.32833630888396,5401.4596929285726,7951.5080210933847,8056.8065535978858
2025-03-24,20:00-24:00,7282.3557166666669,2980.5225168333327,7951.5080210933847,8056.8065535978858
2025-03-25,00:00-04:00,1722.5783992788938,218.16844857014917,8056.8065535978858,7835.7415050543514
2025-03-25,04:00-08:00,969.1714938514599,5278.9048307539761,8056.8065535978858,7835.7415050543514
2025-03-25,08:00-12:00,4564.6252819924912,2854.3700323495614,8056.8065535978858,7835.7415050543514
2025-03-25,12:00-16:00,5774.1601468579292,163.38920925957024,8056.8065535978858,7835.7415050543514
2025-03-25,16:00-20:00,174.33842324626249,5611.9720785541331,8056.8065535978858,7835.7415050543514
2025-03-25,20:00-24:00,7374.9909713204515,2741.8443646052619,8056.8065535978858,7835.7415050543514
2025-03-26,00:00-04:00,2087.8122999999996,234.56854412270479,7835.7415050543514,8015.8275161512129
2025-03-26,04:00-08:00,795.16232501469779,5403.6668077380955,7835.7415050543514,8015.8275161512129
2025-03-26,08:00-12:00,6116.6586832233888,2230.9748333333328,7835.7415050543514,8015.8275161512129
2025-03-26,12:00-16:00,4009.0615444103241,0,7835.7415050543514,8015.8275161512129
2025-03-26,16:00-20:00,22.974783333333335,5554.6550071428564,7835.7415050543514,8015.8275161512129
2025-03-26,20:00-24:00,7410.2598419285732,2972.0202747831972,7835.7415050543514,8015.8275161512129
2025-03-27,00:00-04:00,1932.9201989266335,229.82038333333344,8015.8275161512129,3292.1458097543518
2025-03-27,04:00-08:00,905.3945190476187,5346.6321517868901,8015.8275161512129,3292.1458097543518
2025-03-27,08:00-12:00,5329.7659428470743,2361.6196,8015.8275161512129,3292.1458097543518
2025-03-27,12:00-16:00,4800.8560863724906,64.306702380952558,8015.8275161512129,3292.1458097543518
2025-03-27,16:00-20:00,100.66607341504698,5593.7740823064059,8015.8275161512129,3292.1458097543518
2025-03-27,20:00-24:00,2286.00928005795,3093.2064174897114,8015.8275161512129,3292.1458097543518
2025-03-28,00:00-04:00,1024.452877346786,79.824633333333168,3292.1458097543518,3748.2485179522555
2025-03-28,04:00-08:00,1016.3668181416165,3359.331961904762,3292.1458097543518,3748.2485179522555
2025-03-28,08:00-12:00,3135.7673500000019,0,3292.1458097543518,3748.2485179522555
2025-03-28,12:00-16:00,7411.3455056957664,0,3292.1458097543518,3748.2485179522555
2025-03-28,16:00-20:00,29.988195785713458,5919.9405994197605,3292.1458097543518,3748.2485179522555
2025-03-28,20:00-24:00,2387.1256121693091,2384.4979188667753,3292.1458097543518,3748.2485179522555
2025-03-29,00:00-04:00,313.12927951775362,139.64668609021845,3748.2485179522555,7908.33837574074
2025-03-29,04:00-08:00,978.13327380952387,2999.3801857142853,3748.2485179522555,7908.33837574074
2025-03-29,08:00-12:00,2611.3377333333342,0,3748.2485179522555,7908.33837574074
2025-03-29,12:00-16:00,7808.0209548794792,0,3748.2485179522555,7908.33837574074
2025-03-29,16:00-20:00,0,6334.0688285476172,3748.2485179522555,7908.33837574074
2025-03-29,20:00-24:00,7475.7713185463972,2323.8014013083011,3748.2485179522555,7908.33837574074
2025-03-30,00:00-04:00,1979.6509365064856,253.57554999999979,7908.33837574074,8321.308140571693
2025-03-30,04:00-08:00,1013.4102860964115,5342.0327071428574,7908.33837574074,8321.308140571693
2025-03-30,08:00-12:00,5620.3044657656956,2082.7988499999992,7908.33837574074,8321.308140571693
2025-03-30,12:00-16:00,4360.0375914607494,233.34313095238087,7908.33837574074,8321.308140571693
2025-03-30,16:00-20:00,50.828088810953531,5389.1252134319702,7908.33837574074,8321.308140571693
2025-03-30,20:00-24:00,7456.6678999999986,2916.98016772357,7908.33837574074,8321.308140571693
2025-03-31,00:00-04:00,1626.5466874600202,55.005486785714538,8321.308140571693,8046.6596249999993
2025-03-31,04:00-08:00,1015.7664543202388,5442.5995285714289,8321.308140571693,8046.6596249999993
2025-03-31,08:00-12:00,4532.7225467959588,1297.139983333333,8321.308140571693,8046.6596249999993
2025-03-31,12:00-16:00,3869.4694639206373,438.42389625245198,8321.308140571693,8046.6596249999993
2025-03-31,16:00-20:00,137.35778037374331,5569.5817098411226,8321.308140571693,8046.6596249999993
2025-03-31,20:00-24:00,7614.2540499999986,2669.2878153556617,8321.308140571693,8046.6596249999993
2025-04-01,00:00-04:00,1900.8445190476198,170.37809794239354,8046.6596249999993,8015.3988149999986
2025-04-01,04:00-08:00,955.83860232217023,5635.2443165238128,8046.6596249999993,8015.3988149999986
2025-04-01,08:00-12:00,2542.590635009205,1632.0572833333335,8046.6596249999993,8015.3988149999986
2025-04-01,12:00-16:00,3276.2023834505203,308.12819523809469,8046.6596249999993,8015.3988149999986
2025-04-01,16:00-20:00,191.80411182285604,5389.5502511558743,8046.6596249999993,8015.3988149999986
2025-04-01,20:00-24:00,7645.2013166666657,267.88665514491186,8046.6596249999993,8015.3988149999986
2025-04-02,00:00-04:00,1887.3092836022033,68.788080259470462,8015.3988149999986,7936.6291200000005
2025-04-02,04:00-08:00,834.3765389006536,6574.5681616957672,8015.3988149999986,7936.6291200000005
2025-04-02,08:00-12:00,2535.1173093849948,1695.0682077720726,8015.3988149999986,7936.6291200000005
2025-04-02,12:00-16:00,4715.3829561970842,0,8015.3988149999986,7936.6291200000005
2025-04-02,16:00-20:00,635.60289477161609,5363.4401102954298,8015.3988149999986,7936.6291200000005
2025-04-02,20:00-24:00,7506.4943999999996,1041.5977055910635,8015.3988149999986,7936.6291200000005
2025-04-03,00:00-04:00,2202.6248731233818,99.540916666666476,7936.6291200000005,3196.7405148682178
2025-04-03,04:00-08:00,959.20762568924454,6352.7305976190473,7936.6291200000005,3196.7405148682178
2025-04-03,08:00-12:00,5765.1130076497238,2171.779017752513,7936.6291200000005,3196.7405148682178
2025-04-03,12:00-16:00,5037.392762090406,127.57119761904792,7936.6291200000005,3196.7405148682178
2025-04-03,16:00-20:00,51.401214386856353,5556.1145238095223,7936.6291200000005,3196.7405148682178
2025-04-03,20:00-24:00,2030.5912099358839,2955.6913523809549,7936.6291200000005,3196.7405148682178
2025-04-04,00:00-04:00,720.51768333333325,110.54029741383425,3196.7405148682178,3487.2347608843506
2025-04-04,04:00-08:00,886.39242410346765,2934.3306833333331,3196.7405148682178,3487.2347608843506
2025-04-04,08:00-12:00,373.1920390946546,0,3196.7405148682178,3487.2347608843506
2025-04-04,12:00-16:00,10227.063924290485,0,3196.7405148682178,3487.2347608843506
2025-04-04,16:00-20:00,26.929357142857128,5957.004047037417,3196.7405148682178,3487.2347608843506
2025-04-04,20:00-24:00,2091.8707815402686,2340.7127805,3196.7405148682178,3487.2347608843506
2025-04-05,00:00-04:00,409.60362908793564,254.49835476190481,3487.2347608843506,7992.1353368261234
2025-04-05,04:00-08:00,980.7589857142857,2603.7453571428573,3487.2347608843506,7992.1353368261234
2025-04-05,08:00-12:00,261.75190952381143,0,3487.2347608843506,7992.1353368261234
2025-04-05,12:00-16:00,10001.876126425628,0,3487.2347608843506,7992.1353368261234
2025-04-05,16:00-20:00,18.62489226190398,6058.2319282141652,3487.2347608843506,7992.1353368261234
2025-04-05,20:00-24:00,7295.382694393662,2393.1924138333334,3487.2347608843506,7992.1353368261234
2025-04-06,00:00-04:00,2292.3183297956575,102.21341010216554,7992.1353368261234,8161.1123921693124
2025-04-06,04:00-08:00,962.48054761904768,5952.8817286597368,7992.1353368261234,8161.1123921693124
2025-04-06,08:00-12:00,5525.4462111036628,1729.0060333333331,7992.1353368261234,8161.1123921693124
2025-04-06,12:00-16:00,4065.6242874655386,160.56471428571425,7992.1353368261234,8161.1123921693124
2025-04-06,16:00-20:00,140.95291405055849,5528.0282954523773,7992.1353368261234,8161.1123921693124
2025-04-06,20:00-24:00,7600.5852028410991,3051.0265375870072,7992.1353368261234,8161.1123921693124
2025-04-07,00:00-04:00,2174.8960232485624,91.567579288227876,8161.1123921693124,8299.2709572773747
2025-04-07,04:00-08:00,1000.914984892451,5842.8069856792472,8161.1123921693124,8299.2709572773747
2025-04-07,08:00-12:00,5977.6424933499338,1346.7818324752511,8161.1123921693124,8299.2709572773747
2025-04-07,12:00-16:00,2895.868130450378,103.79527738213157,8161.1123921693124,8299.2709572773747
2025-04-07,16:00-20:00,0,5395.1441080966724,8161.1123921693124,8299.2709572773747
2025-04-07,20:00-24:00,7469.0420476810541,2905.4360889753443,8161.1123921693124,8299.2709572773747
2025-04-08,00:00-04:00,2099.4534864002721,3.5786666666666633,8299.2709572773747,7731.6621004240742
2025-04-08,04:00-08:00,711.26015307400996,6329.5343285714225,8299.2709572773747,7731.6621004240742
2025-04-08,08:00-12:00,5621.6449012959083,2133.4674333333332,8299.2709572773747,7731.6621004240742
2025-04-08,12:00-16:00,4807.6360459410071,54.381132761907445,8299.2709572773747,7731.6621004240742
2025-04-08,16:00-20:00,70.629962669024451,5701.205966333333,8299.2709572773747,7731.6621004240742
2025-04-08,20:00-24:00,7312.8209140514391,2993.6712688809525,8299.2709572773747,7731.6621004240742
2025-04-09,00:00-04:00,2459.6849475593763,12.553333333333399,7731.6621004240742,7714.1619239419351
2025-04-09,04:00-08:00,965.07732768960045,6072.1053928571455,7731.6621004240742,7714.1619239419351
2025-04-09,08:00-12:00,3353.3036950029395,1897.9170833333333,7731.6621004240742,7714.1619239419351
2025-04-09,12:00-16:00,4040.3918148806542,456.82801767355278,7731.6621004240742,7714.1619239419351
2025-04-09,16:00-20:00,244.62909185773043,5360.5764523809521,7731.6621004240742,7714.1619239419351
2025-04-09,20:00-24:00,7249.810471046595,1049.2167311654903,7731.6621004240742,7714.1619239419351
2025-04-10,00:00-04:00,2535.1353138740437,66.261116666666453,7714.1619239419351,3009.9411777230707
2025-04-10,04:00-08:00,1068.569338095238,6215.4915928571427,7714.1619239419351,3009.9411777230707
2025-04-10,08:00-12:00,5130.5829594356255,1971.0340333333338,7714.1619239419351,3009.9411777230707
2025-04-10,12:00-16:00,4965.6523614050502,130.0513480476211,7714.1619239419351,3009.9411777230707
2025-04-10,16:00-20:00,64.998795238094999,5723.3753050190662,7714.1619239419351,3009.9411777230707
2025-04-10,20:00-24:00,2075.3879104330417,2958.2498852428357,7714.1619239419351,3009.9411777230707
2025-04-11,00:00-04:00,594.70937857142872,137.0579825420881,3009.9411777230707,2816.4650670299511
2025-04-11,04:00-08:00,862.95581144108473,2544.8628166666667,3009.9411777230707,2816.4650670299511
2025-04-11,08:00-12:00,89.516207142856317,0,3009.9411777230707,2816.4650670299511
2025-04-11,12:00-16:00,10419.452848842149,0,3009.9411777230707,2816.4650670299511
2025-04-11,16:00-20:00,62.700680952380921,6256.9361088571441,3009.9411777230707,2816.4650670299511
2025-04-11,20:00-24:00,1574.6571822378689,2254.5052000000001,3009.9411777230707,2816.4650670299511
2025-04-12,00:00-04:00,763.02192919354104,45.499106121870177,2816.4650670299511,8442.1922267556256
2025-04-12,04:00-08:00,1042.7602985855397,2031.0604304437434,2816.4650670299511,8442.1922267556256
2025-04-12,08:00-12:00,768.78815714285645,0,2816.4650670299511,8442.1922267556256
2025-04-12,12:00-16:00,8859.6777338912198,0,2816.4650670299511,8442.1922267556256
2025-04-12,16:00-20:00,117.5596617473804,5934.7358740156424,2816.4650670299511,8442.1922267556256
2025-04-12,20:00-24:00,7525.6332180199515,2378.2773545158366,2816.4650670299511,8442.1922267556256
2025-04-13,00:00-04:00,1872.9338859561312,58.646032164488702,8442.1922267556256,8036.2633586638922
2025-04-13,04:00-08:00,831.98675540573458,6062.3575577500033,8442.1922267556256,8036.2633586638922
2025-04-13,08:00-12:00,3872.6371494946193,1701.5809833333331,8442.1922267556256,8036.2633586638922
2025-04-13,12:00-16:00,5699.7404426839566,0,8442.1922267556256,8036.2633586638922
2025-04-13,16:00-20:00,34.271238497688799,5427.9927801150607,8442.1922267556256,8036.2633586638922
2025-04-13,20:00-24:00,7304.2099224818139,3003.5399374808344,8442.1922267556256,8036.2633586638922
2025-04-14,00:00-04:00,2185.1639447756497,42.206939131230342,8036.2633586638922,8118.0488980247255
2025-04-14,04:00-08:00,979.12191680277715,6086.9013064289493,8036.2633586638922,8118.0488980247255
2025-04-14,08:00-12:00,4473.8659571121407,1490.4905009023792,8036.2633586638922,8118.0488980247255
2025-04-14,12:00-16:00,4839.5787043527071,0,8036.2633586638922,8118.0488980247255
2025-04-14,16:00-20:00,3.9272976690881478,5560.8064646956273,8036.2633586638922,8118.0488980247255
2025-04-14,20:00-24:00,7585.9979892651681,3000.789009498867,8036.2633586638922,8118.0488980247255
2025-04-15,00:00-04:00,2292.754422011194,22.542880168665079,8118.0488980247255,8589.0036848062227
2025-04-15,04:00-08:00,725.30151475751916,5670.2172122734046,8118.0488980247255,8589.0036848062227
2025-04-15,08:00-12:00,5890.3761593687486,845.3337499999999,8118.0488980247255,8589.0036848062227
2025-04-15,12:00-16:00,2228.2971712143626,105.13655851881499,8118.0488980247255,8589.0036848062227
2025-04-15,16:00-20:00,44.735415041539341,5284.913018333471,8118.0488980247255,8589.0036848062227
2025-04-15,20:00-24:00,7712.7293522200707,2952.2944406391885,8118.0488980247255,8589.0036848062227
2025-04-16,00:00-04:00,1578.2998398330158,123.03646649299276,8589.0036848062227,7982.0206604537379
2025-04-16,04:00-08:00,950.50651742585524,5962.5135427938148,8589.0036848062227,7982.0206604537379
2025-04-16,08:00-12:00,2706.3352757064285,1537.1825713526157,8589.0036848062227,7982.0206604537379
2025-04-16,12:00-16:00,5119.4448107926582,176.96837545589574,8589.0036848062227,7982.0206604537379
2025-04-16,16:00-20:00,518.53242783149801,5275.9993416430552,8589.0036848062227,7982.0206604537379
2025-04-16,20:00-24:00,7595.4933295820638,2430.160307127795,8589.0036848062227,7982.0206604537379
2025-04-17,00:00-04:00,2177.6527145752111,141.13068333333342,7982.0206604537379,3083.0862782578033
2025-04-17,04:00-08:00,841.65171190476167,5890.4788140714281,7982.0206604537379,3083.0862782578033
2025-04-17,08:00-12:00,4065.6611897707207,1400.9938499999998,7982.0206604537379,3083.0862782578033
2025-04-17,12:00-16:00,5354.8519624044693,107.46748571428543,7982.0206604537379,3083.0862782578033
2025-04-17,16:00-20:00,68.02719011645047,5600.6129798571401,7982.0206604537379,3083.0862782578033
2025-04-17,20:00-24:00,1936.5013755591267,2968.2775079080534,7982.0206604537379,3083.0862782578033
2025-04-18,00:00-04:00,306.55308359362385,260.04774653145284,3083.0862782578033,3037.6041895933763
2025-04-18,04:00-08:00,958.44885238095219,2117.2822690476191,3083.0862782578033,3037.6041895933763
2025-04-18,08:00-12:00,0,0,3083.0862782578033,3037.6041895933763
2025-04-18,12:00-16:00,10244.321971614372,0,3083.0862782578033,3037.6041895933763
2025-04-18,16:00-20:00,5.0883803644905861,5950.4850220088183,3083.0862782578033,3037.6041895933763
2025-04-18,20:00-24:00,1686.4765282480889,2405.8387833333336,3083.0862782578033,3037.6041895933763
2025-04-19,00:00-04:00,202.37379506831758,284.56351108559596,3037.6041895933763,8285.0917484209367
2025-04-19,04:00-08:00,853.05227193966766,2184.6641212203285,3037.6041895933763,8285.0917484209367
2025-04-19,08:00-12:00,56.996004761903251,0,3037.6041895933763,8285.0917484209367
2025-04-19,12:00-16:00,10560.891337701574,0,3037.6041895933763,8285.0917484209367
2025-04-19,16:00-20:00,0,5809.3793540872393,3037.6041895933763,8285.0917484209367
2025-04-19,20:00-24:00,7396.6471531790739,2445.3222664089672,3037.6041895933763,8285.0917484209367
2025-04-20,00:00-04:00,1959.155505309149,64.560110786363111,8285.0917484209367,8471.6304032973458
2025-04-20,04:00-08:00,852.37307737646086,5844.5462929444921,8285.0917484209367,8471.6304032973458
2025-04-20,08:00-12:00,5044.7740180937963,1913.1177455668012,8285.0917484209367,8471.6304032973458
2025-04-20,12:00-16:00,4608.5881085894835,10.919898869987131,8285.0917484209367,8471.6304032973458
2025-04-20,16:00-20:00,74.248322782497553,5307.6637398345092,8285.0917484209367,8471.6304032973458
2025-04-20,20:00-24:00,7424.6980098367067,2862.0154266194345,8285.0917484209367,8471.6304032973458
2025-04-21,00:00-04:00,1888.229834679961,107.42389884100044,8471.6304032973458,8175.4846976636172
2025-04-21,04:00-08:00,831.21476866432852,5302.7915586251993,8471.6304032973458,8175.4846976636172
2025-04-21,08:00-12:00,4549.1150902628506,1148.3090333333332,8471.6304032973458,8175.4846976636172
2025-04-21,12:00-16:00,3416.859893896441,1.1327380459779306,8471.6304032973458,8175.4846976636172
2025-04-21,16:00-20:00,37.948300023241586,5217.5298321903065,8471.6304032973458,8175.4846976636172
2025-04-21,20:00-24:00,7166.0736233732805,2979.7916978636217,8471.6304032973458,8175.4846976636172
2025-04-22,00:00-04:00,2027.6930782048537,157.58063532156893,8175.4846976636172,8128.9771923395383
2025-04-22,04:00-08:00,930.52232791805727,6287.6008608571647,8175.4846976636172,8128.9771923395383
2025-04-22,08:00-12:00,4562.9159337933961,1105.9440690503609,8175.4846976636172,8128.9771923395383
2025-04-22,12:00-16:00,4927.020614898729,169.81374606834584,8175.4846976636172,8128.9771923395383
2025-04-22,16:00-20:00,0,5262.6430634459994,8175.4846976636172,8128.9771923395383
2025-04-22,20:00-24:00,7215.7920024716595,2986.0689854504594,8175.4846976636172,8128.9771923395383
2025-04-23,00:00-04:00,2277.7749284149982,39.204652033577531,8128.9771923395383,8383.9521827760418
2025-04-23,04:00-08:00,870.25775536391791,5757.5361600970809,8128.9771923395383,8383.9521827760418
2025-04-23,08:00-12:00,4732.6466051550024,1184.0062437815552,8128.9771923395383,8383.9521827760418
2025-04-23,12:00-16:00,3705.3300725557474,0,8128.9771923395383,8383.9521827760418
2025-04-23,16:00-20:00,3.5222119047618889,5302.3531396857425,8128.9771923395383,8383.9521827760418
2025-04-23,20:00-24:00,7497.2517142973666,2947.7167760395464,8128.9771923395383,8383.9521827760418
2025-04-24,00:00-04:00,1753.6439544277196,120.02922538461496,8383.9521827760418,2240.8949419412033
2025-04-24,04:00-08:00,865.67629952380969,5694.2211301648349,8383.9521827760418,2240.8949419412033
2025-04-24,08:00-12:00,4688.4468422344316,1076.4757128846154,8383.9521827760418,2240.8949419412033
2025-04-24,12:00-16:00,3883.7996987962933,0,8383.9521827760418,2240.8949419412033
2025-04-24,16:00-20:00,0,5542.0428352895342,8383.9521827760418,2240.8949419412033
2025-04-24,20:00-24:00,1126.2672040496407,3073.4281522435895,8383.9521827760418,2240.8949419412033
2025-04-25,00:00-04:00,637.17764774436534,34.314167589564477,2240.8949419412033,2122.7381471693161
2025-04-25,04:00-08:00,982.61798861324178,1679.9578857142858,2240.8949419412033,2122.7381471693161
2025-04-25,08:00-12:00,0,0,2240.8949419412033,2122.7381471693161
2025-04-25,12:00-16:00,10006.706345811242,0,2240.8949419412033,2122.7381471693161
2025-04-25,16:00-20:00,3.8520833333332876,6087.2574316190457,2240.8949419412033,2122.7381471693161
2025-04-25,20:00-24:00,1040.3818023515578,2568.1076833333332,2240.8949419412033,2122.7381471693161
2025-04-26,00:00-04:00,514.68501279762972,133.4697629811327,2122.7381471693161,7651.4419649205302
2025-04-26,04:00-08:00,1133.0569609174995,1632.0970440263964,2122.7381471693161,7651.4419649205302
2025-04-26,08:00-12:00,0,0,2122.7381471693161,7651.4419649205302
2025-04-26,12:00-16:00,10173.37219240233,0,2122.7381471693161,7651.4419649205302
2025-04-26,16:00-20:00,0,6336.2167746897012,2122.7381471693161,7651.4419649205302
2025-04-26,20:00-24:00,7181.8110627325677,2314.752417695202,2122.7381471693161,7651.4419649205302
2025-04-27,00:00-04:00,2312.3036061373559,1.9301686125096467,7651.4419649205302,7732.4872164386761
2025-04-27,04:00-08:00,1171.828770407888,5818.9608308574261,7651.4419649205302,7732.4872164386761
2025-04-27,08:00-12:00,5678.3883234843552,1460.7626666666667,7651.4419649205302,7732.4872164386761
2025-04-27,12:00-16:00,3325.573000844629,255.90501735675053,7651.4419649205302,7732.4872164386761
2025-04-27,16:00-20:00,30.294239349775467,5963.6354043422334,7651.4419649205302,7732.4872164386761
2025-04-27,20:00-24:00,7313.5300146517038,2489.718729247405,7651.4419649205302,7732.4872164386761
2025-04-28,00:00-04:00,2219.9300045648824,62.78983550576578,7732.4872164386761,7871.8362674759519
2025-04-28,04:00-08:00,1166.9570878133027,5406.9627036371903,7732.4872164386761,7871.8362674759519
2025-04-28,08:00-12:00,1406.7793658367184,1768.5438995257391,7732.4872164386761,7871.8362674759519
2025-04-28,12:00-16:00,2986.9580401687708,436.28602584753503,7732.4872164386761,7871.8362674759519
2025-04-28,16:00-20:00,165.62512348007311,4641.1182239882155,7732.4872164386761,7871.8362674759519
2025-04-28,20:00-24:00,7508.957243203673,77.602726266618447,7732.4872164386761,7871.8362674759519
2025-04-29,00:00-04:00,2572.3978659633831,15.111059242380634,7871.8362674759519,8100.1443910155367
2025-04-29,04:00-08:00,707.24432780590621,4871.4610024147469,7871.8362674759519,8100.1443910155367
2025-04-29,08:00-12:00,6001.5218899087695,748.44524999999999,7871.8362674759519,8100.1443910155367
2025-04-29,12:00-16:00,941.69637425869189,228.40195023979348,7871.8362674759519,8100.1443910155367
2025-04-29,16:00-20:00,177.21833034401436,5848.8987326107836,7871.8362674759519,8100.1443910155367
2025-04-29,20:00-24:00,7666.8271011283732,2716.3984647280768,7871.8362674759519,8100.1443910155367
2025-04-30,00:00-04:00,1439.6086686740471,81.055299987989201,8100.1443910155367,8320.233014371337
2025-04-30,04:00-08:00,1226.569555673258,5610.0196947408795,8100.1443910155367,8320.233014371337
2025-04-30,08:00-12:00,4004.5227554176026,583.3332666666663,8100.1443910155367,8320.233014371337
2025-04-30,12:00-16:00,4075.3216245332951,0,8100.1443910155367,8320.233014371337
2025-04-30,16:00-20:00,56.784738323924103,5294.377058785296,8100.1443910155367,8320.233014371337
2025-04-30,20:00-24:00,7431.9499501025402,3003.288325905934,8100.1443910155367,8320.233014371337
2025-05-01,00:00-04:00,638.42281771712658,141.12348631519941,8320.233014371337,1460.0115471144852
2025-05-01,04:00-08:00,1027.5063966643954,6161.1030532258919,8320.233014371337,1460.0115471144852
2025-05-01,08:00-12:00,5606.1358850220258,1355.7561152743465,8320.233014371337,1460.0115471144852
2025-05-01,12:00-16:00,4959.5329218542047,17.821455337547377,8320.233014371337,1460.0115471144852
2025-05-01,16:00-20:00,32.289954816173292,6309.2690875173075,8320.233014371337,1460.0115471144852
2025-05-01,20:00-24:00,726.07865382111527,2710.9990930758563,8320.233014371337,1460.0115471144852
2025-05-02,00:00-04:00,695.56380608059249,88.021816541355008,1460.0115471144852,1642.5951393322321
2025-05-02,04:00-08:00,1011.4363971178018,1528.6587404523816,1460.0115471144852,1642.5951393322321
2025-05-02,08:00-12:00,0,0,1460.0115471144852,1642.5951393322321
2025-05-02,12:00-16:00,9498.7874774332595,0,1460.0115471144852,1642.5951393322321
2025-05-02,16:00-20:00,42.052749999999982,6953.2952612685604,1460.0115471144852,1642.5951393322321
2025-05-02,20:00-24:00,785.04613333333305,1012.3370655533727,1460.0115471144852,1642.5951393322321
2025-05-03,00:00-04:00,792.79034330516299,156.43644999999987,1642.5951393322321,7580.9319622222201
2025-05-03,04:00-08:00,1443.7939309523806,1705.9034685476199,1642.5951393322321,7580.9319622222201
2025-05-03,08:00-12:00,10237.4951,0,1642.5951393322321,7580.9319622222201
2025-05-03,12:00-16:00,0,0,1642.5951393322321,7580.9319622222201
2025-05-03,16:00-20:00,64.446838095237851,6864.0422934285725,1642.5951393322321,7580.9319622222201
2025-05-03,20:00-24:00,7158.3652666666658,1883.5967454285703,1642.5951393322321,7580.9319622222201
2025-05-04,00:00-04:00,2244.8838571428564,55.360216666666702,7580.9319622222201,7482.7279394444449
2025-05-04,04:00-08:00,855.0861023809523,4998.9361072310385,7580.9319622222201,7482.7279394444449
2025-05-04,08:00-12:00,4846.9403642857133,844.72166666666658,7580.9319622222201,7482.7279394444449
2025-05-04,12:00-16:00,2912.5702003440165,0,7580.9319622222201,7482.7279394444449
2025-05-04,16:00-20:00,0,6023.6866761904766,7580.9319622222201,7482.7279394444449
2025-05-04,20:00-24:00,6988.0372166666657,2622.1683238095225,7580.9319622222201,7482.7279394444449
2025-05-05,00:00-04:00,2675.7208164903004,138.43094999999994,7482.7279394444449,7546.1567999999979
2025-05-05,04:00-08:00,896.10026904761901,6531.1885523809524,7482.7279394444449,7546.1567999999979
2025-05-05,08:00-12:00,4252.6780785714282,1641.1443166666672,7482.7279394444449,7546.1567999999979
2025-05-05,12:00-16:00,6121.5609266901856,0,7482.7279394444449,7546.1567999999979
2025-05-05,16:00-20:00,51.516369047619037,5873.0296453103092,7482.7279394444449,7546.1567999999979
2025-05-05,20:00-24:00,7051.2853333333333,2808.6986136182609,7482.7279394444449,7546.1567999999979
2025-05-06,00:00-04:00,2442.0873238095296,337.76774999999986,7546.1567999999979,7340.1467400000001
2025-05-06,04:00-08:00,794.39316904761893,6272.9023928571423,7546.1567999999979,7340.1467400000001
2025-05-06,08:00-12:00,4680.0101166666664,1607.7201428571436,7546.1567999999979,7340.1467400000001
2025-05-06,12:00-16:00,5845.0515703703732,0,7546.1567999999979,7340.1467400000001
2025-05-06,16:00-20:00,2.9631547619048888,5767.6292952380954,7546.1567999999979,7340.1467400000001
2025-05-06,20:00-24:00,6822.3852666666662,2874.770860119047,7546.1567999999979,7340.1467400000001
2025-05-07,00:00-04:00,2233.4929907407413,247.05175000000008,7340.1467400000001,7582.0808305555547
2025-05-07,04:00-08:00,877.71922857142852,6192.2642999999989,7340.1467400000001,7582.0808305555547
2025-05-07,08:00-12:00,4272.7050876372723,1450.5558690476182,7340.1467400000001,7582.0808305555547
2025-05-07,12:00-16:00,5916.0465910714274,169.41140995238089,7340.1467400000001,7582.0808305555547
2025-05-07,16:00-20:00,68.620790309523272,5997.2671690476182,7340.1467400000001,7582.0808305555547
2025-05-07,20:00-24:00,7136.6564166666649,2334.9541155000029,7340.1467400000001,7582.0808305555547
2025-05-08,00:00-04:00,2666.0168209538456,105.97561336805063,7582.0808305555547,3560.385363301179
2025-05-08,04:00-08:00,905.64770006198182,5313.5775789285562,7582.0808305555547,3560.385363301179
2025-05-08,08:00-12:00,3555.3047298907209,1345.9257333333335,7582.0808305555547,3560.385363301179
2025-05-08,12:00-16:00,3793.9981338239331,390.15056670259287,7582.0808305555547,3560.385363301179
2025-05-08,16:00-20:00,1250.3291228800535,5037.9886859123108,7582.0808305555547,3560.385363301179
2025-05-08,20:00-24:00,1835.2962265965393,2771.2478569918353,7582.0808305555547,3560.385363301179
2025-05-09,00:00-04:00,212.09146760300271,579.92231041685682,3560.385363301179,4620.7853496460584
2025-05-09,04:00-08:00,695.97906486705779,1861.6684957703824,3560.385363301179,4620.7853496460584
2025-05-09,08:00-12:00,2063.2236209638763,0,3560.385363301179,4620.7853496460584
2025-05-09,12:00-16:00,8087.0317468329486,0,3560.385363301179,4620.7853496460584
2025-05-09,16:00-20:00,102.27154182505001,5392.1484011091579,3560.385363301179,4620.7853496460584
2025-05-09,20:00-24:00,2352.3933555832787,2157.4233511101343,3560.385363301179,4620.7853496460584
2025-05-10,00:00-04:00,239.21910684884315,523.00395070109585,4620.7853496460584,9827.1861867050375
2025-05-10,04:00-08:00,101.99588127013794,1981.7173195792902,4620.7853496460584,9827.1861867050375
2025-05-10,08:00-12:00,1542.4735669618879,0,4620.7853496460584,9827.1861867050375
2025-05-10,12:00-16:00,8074.3539826955966,0,4620.7853496460584,9827.1861867050375
2025-05-10,16:00-20:00,159.23508482056207,5236.8312431028371,4620.7853496460584,9827.1861867050375
2025-05-10,20:00-24:00,7857.4834192466442,2132.2431771570587,4620.7853496460584,9827.1861867050375
2025-05-11,00:00-04:00,303.06475476190485,302.96900476190456,9827.1861867050375,9601.4710112433913
2025-05-11,04:00-08:00,950.85252380952375,4766.4245800583449,9827.1861867050375,9601.4710112433913
2025-05-11,08:00-12:00,2919.6467380952381,1309.3334666666669,9827.1861867050375,9601.4710112433913
2025-05-11,12:00-16:00,4995.5367741916489,172.71215714285742,9827.1861867050375,9601.4710112433913
2025-05-11,16:00-20:00,0,5191.6003823582068,9827.1861867050375,9601.4710112433913
2025-05-11,20:00-24:00,8007.858666666667,2373.4412275227423,9827.1861867050375,9601.4710112433913
2025-05-12,00:00-04:00,544.27208571428525,342.33889285714315,9601.4710112433913,9846.3845177240346
2025-05-12,04:00-08:00,1354.7195261904758,4099.7482262646663,9601.4710112433913,9846.3845177240346
2025-05-12,08:00-12:00,5071.6642591147702,533.24598333333313,9601.4710112433913,9846.3845177240346
2025-05-12,12:00-16:00,503.42955161762075,0,9601.4710112433913,9846.3845177240346
2025-05-12,16:00-20:00,107.05748630217531,5167.3410403817034,9601.4710112433913,9846.3845177240346
2025-05-12,20:00-24:00,8024.9402333333328,2277.831046571428,9601.4710112433913,9846.3845177240346
2025-05-13,00:00-04:00,472.21378277577253,38.045616666666774,9846.3845177240346,9753.8896321693137
2025-05-13,04:00-08:00,683.02897530863629,4868.80842142857,9846.3845177240346,9753.8896321693137
2025-05-13,08:00-12:00,3656.3847119047605,1461.5088166666665,9846.3845177240346,9753.8896321693137
2025-05-13,12:00-16:00,4110.1216519988229,0,9846.3845177240346,9753.8896321693137
2025-05-13,16:00-20:00,2.0143855396802084,5173.9579907157095,9846.3845177240346,9753.8896321693137
2025-05-13,20:00-24:00,8128.6638833333327,2353.3907381190475,9846.3845177240346,9753.8896321693137
2025-05-14,00:00-04:00,446.84846894806651,154.59381525447935,9753.8896321693137,9980.2064804312668
2025-05-14,04:00-08:00,937.35326411147128,5113.6157637701363,9753.8896321693137,9980.2064804312668
2025-05-14,08:00-12:00,4110.6554480588202,933.57079999999985,9753.8896321693137,9980.2064804312668
2025-05-14,12:00-16:00,3324.0066584769957,0,9753.8896321693137,9980.2064804312668
2025-05-14,16:00-20:00,0,4901.6203606836398,9753.8896321693137,9980.2064804312668
2025-05-14,20:00-24:00,7994.1836958974618,2311.4826006051653,9753.8896321693137,9980.2064804312668
2025-05-15,00:00-04:00,215.14982034964379,207.01835470475623,9980.2064804312668,4950.9299977612327
2025-05-15,04:00-08:00,978.34462737979902,5533.3885111328764,9980.2064804312668,4950.9299977612327
2025-05-15,08:00-12:00,5259.9031220414718,858.70558333333372,9980.2064804312668,4950.9299977612327
2025-05-15,12:00-16:00,2718.2055636323385,129.02679348206931,9980.2064804312668,4950.9299977612327
2025-05-15,16:00-20:00,242.43319618968826,4914.4297549931416,9980.2064804312668,4950.9299977612327
2025-05-15,20:00-24:00,1883.5506909748433,2034.8253234167651,9980.2064804312668,4950.9299977612327
2025-05-16,00:00-04:00,61.694236496397622,418.46568579059999,4950.9299977612327,4085.1846120093333
2025-05-16,04:00-08:00,87.972307177141658,2228.2745374294709,4950.9299977612327,4085.1846120093333
2025-05-16,08:00-12:00,1804.5107782347816,0,4950.9299977612327,4085.1846120093333
2025-05-16,12:00-16:00,7812.3698697397822,0,4950.9299977612327,4085.1846120093333
2025-05-16,16:00-20:00,11.92482143306853,5015.421517734294,4950.9299977612327,4085.1846120093333
2025-05-16,20:00-24:00,1459.7243102082709,2219.9481280867913,4950.9299977612327,4085.1846120093333
2025-05-17,00:00-04:00,36.629180008455819,837.63547197354637,4085.1846120093333,9650.609259314333
2025-05-17,04:00-08:00,113.16033326892577,1343.1842429967769,4085.1846120093333,9650.609259314333
2025-05-17,08:00-12:00,1533.6887380952332,0,4085.1846120093333,9650.609259314333
2025-05-17,12:00-16:00,8469.7977537655588,0,4085.1846120093333,9650.609259314333
2025-05-17,16:00-20:00,80.823020456012785,5388.8146121408663,4085.1846120093333,9650.609259314333
2025-05-17,20:00-24:00,8006.2138351888525,2196.1369075485782,4085.1846120093333,9650.609259314333
2025-05-18,00:00-04:00,246.20785000000035,232.39894047619043,9650.609259314333,9642.3417834051397
2025-05-18,04:00-08:00,952.37777142857135,5716.0096222876582,9650.609259314333,9642.3417834051397
2025-05-18,08:00-12:00,4077.2877166666663,1307.0698095238097,9650.609259314333,9642.3417834051397
2025-05-18,12:00-16:00,4770.8682501646072,0,9650.609259314333,9642.3417834051397
2025-05-18,16:00-20:00,187.73994125219963,4698.2446510476166,9650.609259314333,9642.3417834051397
2025-05-18,20:00-24:00,7498.4069085159981,2417.3573397857144,9650.609259314333,9642.3417834051397
2025-05-19,00:00-04:00,453.57926190476223,127.3796268741504,9642.3417834051397,9163.164286515499
2025-05-19,04:00-08:00,940.37682142857102,5178.5061071428572,9642.3417834051397,9163.164286515499
2025-05-19,08:00-12:00,5034.9942000000001,855.96669999999995,9642.3417834051397,9163.164286515499
2025-05-19,12:00-16:00,2464.5618511757816,7.7705952380953818,9642.3417834051397,9163.164286515499
2025-05-19,16:00-20:00,27.16194529688639,5001.247741023808,9642.3417834051397,9163.164286515499
2025-05-19,20:00-24:00,7670.4258067397295,2699.1798850238092,9642.3417834051397,9163.164286515499
2025-05-20,00:00-04:00,474.56656260182956,58.483378571428943,9163.164286515499,8926.220934826335
2025-05-20,04:00-08:00,1094.5610404761906,5216.1445000000003,9163.164286515499,8926.220934826335
2025-05-20,08:00-12:00,4005.1100047619038,976.46113333333335,9163.164286515499,8926.220934826335
2025-05-20,12:00-16:00,3289.7827460767157,228.24269523809483,9163.164286515499,8926.220934826335
2025-05-20,16:00-20:00,965.96906612199621,5055.6775788095219,9163.164286515499,8926.220934826335
2025-05-20,20:00-24:00,7226.927167884638,2494.3421667857137,9163.164286515499,8926.220934826335
2025-05-21,00:00-04:00,1130.5711777080583,171.0497836514254,8926.220934826335,9340.4364419268677
2025-05-21,04:00-08:00,926.23684191530037,4544.6161487832596,8926.220934826335,9340.4364419268677
2025-05-21,08:00-12:00,3451.2354237085406,833.27336666666656,8926.220934826335,9340.4364419268677
2025-05-21,12:00-16:00,3498.5901609779467,163.04651628313027,8926.220934826335,9340.4364419268677
2025-05-21,16:00-20:00,156.92359880494811,5017.1014463289048,8926.220934826335,9340.4364419268677
2025-05-21,20:00-24:00,7458.2911145409398,2361.8159191972773,8926.220934826335,9340.4364419268677
2025-05-22,00:00-04:00,538.01037061807301,96.597437521933898,9340.4364419268677,3949.7877610092305
2025-05-22,04:00-08:00,1047.9574300344018,5077.115126135549,9340.4364419268677,3949.7877610092305
2025-05-22,08:00-12:00,4116.2598466389063,942.09869999999989,9340.4364419268677,3949.7877610092305
2025-05-22,12:00-16:00,3477.0535080653099,31.900845803266776,9340.4364419268677,3949.7877610092305
2025-05-22,16:00-20:00,155.21636008360929,5207.071514807365,9340.4364419268677,3949.7877610092305
2025-05-22,20:00-24:00,1687.8389808987681,2424.8927505924103,9340.4364419268677,3949.7877610092305
2025-05-23,00:00-04:00,135.10398017403395,649.29989864164486,3949.7877610092305,4236.5866943485989
2025-05-23,04:00-08:00,78.038898707715859,1558.2193209761936,3949.7877610092305,4236.5866943485989
2025-05-23,08:00-12:00,1111.507734247474,0,3949.7877610092305,4236.5866943485989
2025-05-23,12:00-16:00,9012.0286889813069,0,3949.7877610092305,4236.5866943485989
2025-05-23,16:00-20:00,109.70683758865209,5370.5444879262323,3949.7877610092305,4236.5866943485989
2025-05-23,20:00-24:00,1830.9856574964267,2108.4884081789437,3949.7877610092305,4236.5866943485989
2025-05-24,00:00-04:00,129.15992817074977,823.35835875739951,4236.5866943485989,10128.106206228613
2025-05-24,04:00-08:00,95.145513145364603,1688.4395351781768,4236.5866943485989,10128.106206228613
2025-05-24,08:00-12:00,1612.3408531494781,0,4236.5866943485989,10128.106206228613
2025-05-24,12:00-16:00,8557.0202104996388,0,4236.5866943485989,10128.106206228613
2025-05-24,16:00-20:00,88.98809681923484,4991.4093844561194,4236.5866943485989,10128.106206228613
2025-05-24,20:00-24:00,7979.1187334964616,2148.4615624938424,4236.5866943485989,10128.106206228613
2025-05-25,00:00-04:00,455.72308095238066,161.46000000000015,10128.106206228613,9024.9176964776998
2025-05-25,04:00-08:00,734.07025572444138,4897.7702883139773,10128.106206228613,9024.9176964776998
2025-05-25,08:00-12:00,4969.8872122500125,773.88031666666666,10128.106206228613,9024.9176964776998
2025-05-25,12:00-16:00,1788.239228079206,0,10128.106206228613,9024.9176964776998
2025-05-25,16:00-20:00,70.959465020577596,5191.4533930952384,10128.106206228613,9024.9176964776998
2025-05-25,20:00-24:00,7383.0000835348928,2443.827914404761,10128.106206228613,9024.9176964776998
2025-05-26,00:00-04:00,683.79868333333354,63.099633333333372,9024.9176964776998,8107.4124749999992
2025-05-26,04:00-08:00,867.8723761904763,5515.45810952381,9024.9176964776998,8107.4124749999992
2025-05-26,08:00-12:00,1690.6507333333334,1381.0132238095239,9024.9176964776998,8107.4124749999992
2025-05-26,12:00-16:00,4462.703383679288,0,9024.9176964776998,8107.4124749999992
2025-05-26,16:00-20:00,552.70820117999892,5078.0835886666682,9024.9176964776998,8107.4124749999992
2025-05-26,20:00-24:00,7842.4500166666658,1829.2486934469043,9024.9176964776998,8107.4124749999992
2025-05-27,00:00-04:00,1891.5473070576272,60.780229504793851,8107.4124749999992,9662.9165497283393
2025-05-27,04:00-08:00,1004.0453534479261,4744.2983436582927,8107.4124749999992,9662.9165497283393
2025-05-27,08:00-12:00,4426.2655065400941,949.36821666666663,8107.4124749999992,9662.9165497283393
2025-05-27,12:00-16:00,2774.1610457071333,0,8107.4124749999992,9662.9165497283393
2025-05-27,16:00-20:00,47.866683662327382,5035.8793272763905,8107.4124749999992,9662.9165497283393
2025-05-27,20:00-24:00,7948.6475037672917,2464.6722697860978,8107.4124749999992,9662.9165497283393
2025-05-28,00:00-04:00,294.26841196001601,305.01813663421285,9662.9165497283393,9958.6146043028111
2025-05-28,04:00-08:00,1010.7382740903573,5488.9070397668011,9662.9165497283393,9958.6146043028111
2025-05-28,08:00-12:00,1829.4698367156682,1132.4931666666666,9662.9165497283393,9958.6146043028111
2025-05-28,12:00-16:00,6271.8397264338337,0,9662.9165497283393,9958.6146043028111
2025-05-28,16:00-20:00,436.03731346172253,5058.5228767807848,9662.9165497283393,9958.6146043028111
2025-05-28,20:00-24:00,8236.653671569411,2392.9263907616396,9662.9165497283393,9958.6146043028111
2025-05-29,00:00-04:00,281.18553661575061,337.16953491306288,9958.6146043028111,3262.8861427997936
2025-05-29,04:00-08:00,892.44230262326516,5742.1018163961435,9958.6146043028111,3262.8861427997936
2025-05-29,08:00-12:00,2290.0271920757377,1527.8002610493772,9958.6146043028111,3262.8861427997936
2025-05-29,12:00-16:00,5632.4218673903652,5.6831215698511812,9958.6146043028111,3262.8861427997936
2025-05-29,16:00-20:00,460.33416783096033,5109.297071974599,9958.6146043028111,3262.8861427997936
2025-05-29,20:00-24:00,1698.7589448410013,2420.7915186651185,9958.6146043028111,3262.8861427997936
2025-05-30,00:00-04:00,237.672699294533,374.03059285714323,3262.8861427997936,3229.9093939091708
2025-05-30,04:00-08:00,215.1304780178657,1409.2162547619048,3262.8861427997936,3229.9093939091708
2025-05-30,08:00-12:00,704.43233571428914,0,3262.8861427997936,3229.9093939091708
2025-05-30,12:00-16:00,9418.8747574661938,0,3262.8861427997936,3229.9093939091708
2025-05-30,16:00-20:00,83.001145238094296,5827.3772511904754,3262.8861427997936,3229.9093939091708
2025-05-30,20:00-24:00,1271.0927095463412,2082.5203166666665,3262.8861427997936,3229.9093939091708
2025-05-31,00:00-04:00,133.50614770723024,508.52412619047578,3229.9093939091708,9138.9097497807888
2025-05-31,04:00-08:00,83.960097096805498,1494.5419866190473,3229.9093939091708,9138.9097497807888
2025-05-31,08:00-12:00,0,0,3229.9093939091708,9138.9097497807888
2025-05-31,12:00-16:00,10051.911549999999,0,3229.9093939091708,9138.9097497807888
2025-05-31,16:00-20:00,612.50928946119552,5616.0206282619038,3229.9093939091708,9138.9097497807888
2025-05-31,20:00-24:00,7751.2279150571321,2155.6360880952379,3229.9093939091708,9138.9097497807888
2025-06-01,00:00-04:00,52.278557142857267,802.03077356595475,9138.9097497807888,6682.3355229921672
2025-06-01,04:00-08:00,984.07748333333302,4879.8014404761907,9138.9097497807888,6682.3355229921672
2025-06-01,08:00-12:00,469.72235247022695,2302.6349535462764,9138.9097497807888,6682.3355229921672
2025-06-01,12:00-16:00,1932.4630928571423,1349.7317619047619,9138.9097497807888,6682.3355229921672
2025-06-01,16:00-20:00,0,596.03844881040743,9138.9097497807888,6682.3355229921672
2025-06-01,20:00-24:00,6261.4572999999991,137.67844230704969,9138.9097497807888,6682.3355229921672
2025-06-02,00:00-04:00,2370.3331196030572,413.50139761904779,6682.3355229921672,6630.1309605555552
2025-06-02,04:00-08:00,997.18388571428579,5610.8994738095234,6682.3355229921672,6630.1309605555552
2025-06-02,08:00-12:00,4366.4338374146719,1637.3898735714283,6682.3355229921672,6630.1309605555552
2025-06-02,12:00-16:00,2301.7291547619047,1078.8321488896559,6682.3355229921672,6630.1309605555552
2025-06-02,16:00-20:00,0,4322.3798747733745,6682.3355229921672,6630.1309605555552
2025-06-02,20:00-24:00,6151.2071166666665,95.359900000000039,6682.3355229921672,6630.1309605555552
2025-06-03,00:00-04:00,2603.0492009726827,392.83802180767623,6630.1309605555552,6749.4119334828592
2025-06-03,04:00-08:00,925.62167633027866,5428.3250493613232,6630.1309605555552,6749.4119334828592
2025-06-03,08:00-12:00,3155.9795788975825,1924.178203946396,6630.1309605555552,6749.4119334828592
2025-06-03,12:00-16:00,3964.341387094425,802.33377671324365,6630.1309605555552,6749.4119334828592
2025-06-03,16:00-20:00,0,4965.1262057402819,6630.1309605555552,6749.4119334828592
2025-06-03,20:00-24:00,6238.2111888328318,58.480322820021179,6630.1309605555552,6749.4119334828592
2025-06-04,00:00-04:00,2242.8659473647249,54.546830952380901,6749.4119334828592,6809.8061895304381
2025-06-04,04:00-08:00,796.61798571428551,5496.4261404761901,6749.4119334828592,6809.8061895304381
2025-06-04,08:00-12:00,4797.8347687638434,1905.4797545000024,6749.4119334828592,6809.8061895304381
2025-06-04,12:00-16:00,2777.4042605439631,749.55911666666657,6749.4119334828592,6809.8061895304381
2025-06-04,16:00-20:00,0,5386.3844970726595,6749.4119334828592,6809.8061895304381
2025-06-04,20:00-24:00,6233.1179883671539,0,6749.4119334828592,6809.8061895304381
2025-06-05,00:00-04:00,2144.7856689814616,87.114990476190428,6809.8061895304381,1200
2025-06-05,04:00-08:00,975.10372142857113,5692.2907197433833,6809.8061895304381,1200
2025-06-05,08:00-12:00,4820.9926333333333,1796.5302665899446,6809.8061895304381,1200
2025-06-05,12:00-16:00,4528.3524326835923,969.72966428571442,6809.8061895304381,1200
2025-06-05,16:00-20:00,0,6535.8554786684281,6809.8061895304381,1200
2025-06-05,20:00-24:00,308.86184650205769,317.56245618623495,6809.8061895304381,1200
2025-06-06,00:00-04:00,1578.4008113414136,66.987308014947914,1200,2101.4621491215312
2025-06-06,04:00-08:00,1035.398468925571,1954.0202400013086,1200,2101.4621491215312
2025-06-06,08:00-12:00,7170.4745535098782,0,1200,2101.4621491215312
2025-06-06,12:00-16:00,3377.4638798234496,0,1200,2101.4621491215312
2025-06-06,16:00-20:00,0,7572.9907130612773,1200,2101.4621491215312
2025-06-06,20:00-24:00,1199.2930973951904,1227.1207616194499,1200,2101.4621491215312
2025-06-07,00:00-04:00,783.51982086309226,114.6628884304269,2101.4621491215312,7531.7374537006217
2025-06-07,04:00-08:00,1324.3629475963405,1959.5542787220024,2101.4621491215312,7531.7374537006217
2025-06-07,08:00-12:00,5977.8824950021863,0,2101.4621491215312,7531.7374537006217
2025-06-07,12:00-16:00,4140.0387278261042,2.1341769098062144,2101.4621491215312,7531.7374537006217
2025-06-07,16:00-20:00,0,7646.4579848913218,2101.4621491215312,7531.7374537006217
2025-06-07,20:00-24:00,7078.1074864168777,1026.1111938659851,2101.4621491215312,7531.7374537006217
2025-06-08,00:00-04:00,3637.9022407862622,79.987086434321185,7531.7374537006217,9175.3555471531909
2025-06-08,04:00-08:00,882.1143972959602,3529.6632793606932,7531.7374537006217,9175.3555471531909
2025-06-08,08:00-12:00,4458.3664175144804,721.40361756887705,7531.7374537006217,9175.3555471531909
2025-06-08,12:00-16:00,667.86584761657582,540.97133656942606,7531.7374537006217,9175.3555471531909
2025-06-08,16:00-20:00,157.60470584553855,5385.2489722334712,7531.7374537006217,9175.3555471531909
2025-06-08,20:00-24:00,7796.2752226500979,2519.5737774101271,7531.7374537006217,9175.3555471531909
2025-06-09,00:00-04:00,1805.1605031631252,88.908183333333568,9175.3555471531909,9590.3893660055564
2025-06-09,04:00-08:00,231.56551296296098,4085.3750619047596,9175.3555471531909,9590.3893660055564
2025-06-09,08:00-12:00,5109.6567904761905,2292.6109666666662,9175.3555471531909,9590.3893660055564
2025-06-09,12:00-16:00,3577.6985137272131,757.43164999999999,9175.3555471531909,9590.3893660055564
2025-06-09,16:00-20:00,0,4887.4109023809524,9175.3555471531909,9590.3893660055564
2025-06-09,20:00-24:00,8090.36828145238,2754.4369761904754,9175.3555471531909,9590.3893660055564
2025-06-10,00:00-04:00,1344.0118155493801,23.664266666666549,9590.3893660055564,9867.5856158004572
2025-06-10,04:00-08:00,484.39480643591946,3682.8732499999996,9590.3893660055564,9867.5856158004572
2025-06-10,08:00-12:00,5564.2596880952378,3020.4630833333331,9590.3893660055564,9867.5856158004572
2025-06-10,12:00-16:00,3534.8940651396251,1035.6737333333331,9590.3893660055564,9867.5856158004572
2025-06-10,16:00-20:00,0,4735.526814285713,9590.3893660055564,9867.5856158004572
2025-06-10,20:00-24:00,8130.124725962879,2689.0471595238091,9590.3893660055564,9867.5856158004572
2025-06-11,00:00-04:00,1054.564377505666,15.024199999999951,9867.5856158004572,9988.782335754946
2025-06-11,04:00-08:00,27.298671428571595,4254.2673295476179,9867.5856158004572,9988.782335754946
2025-06-11,08:00-12:00,5578.6498785714284,4407.8445943095257,9867.5856158004572,9988.782335754946
2025-06-11,12:00-16:00,7182.0997040270413,1696.2071619047615,9867.5856158004572,9988.782335754946
2025-06-11,16:00-20:00,5.7302763080547772,4854.3535999999995,9867.5856158004572,9988.782335754946
2025-06-11,20:00-24:00,8233.8796113914432,2549.8263068571437,9867.5856158004572,9988.782335754946
2025-06-12,00:00-04:00,907.25028950415378,39.496065914050291,9988.782335754946,7700.8778936903336
2025-06-12,04:00-08:00,667.95717996576957,3581.7311461758118,9988.782335754946,7700.8778936903336
2025-06-12,08:00-12:00,5801.2429969639106,2574.8273772359989,9988.782335754946,7700.8778936903336
2025-06-12,12:00-16:00,3194.8584294037682,1636.6097184820503,9988.782335754946,7700.8778936903336
2025-06-12,16:00-20:00,112.68773990211503,4676.7444980993259,9988.782335754946,7700.8778936903336
2025-06-12,20:00-24:00,4702.3342318296218,2012.6331946820787,9988.782335754946,7700.8778936903336
2025-06-13,00:00-04:00,772.73300846639677,105.38768760054819,7700.8778936903336,7410.6706684277297
2025-06-13,04:00-08:00,181.83825575563952,3784.7843786446656,7700.8778936903336,7410.6706684277297
2025-06-13,08:00-12:00,6635.2452969192818,13.859816666666726,7700.8778936903336,7410.6706684277297
2025-06-13,12:00-16:00,673.44489390878528,0,7700.8778936903336,7410.6706684277297
2025-06-13,16:00-20:00,0,4411.3310372624383,7700.8778936903336,7410.6706684277297
2025-06-13,20:00-24:00,4764.8517189558852,2498.5952535068755,7700.8778936903336,7410.6706684277297
2025-06-14,00:00-04:00,709.89057239434169,200.65362967294521,7410.6706684277297,10152.962849651834
2025-06-14,04:00-08:00,314.64949219342441,2927.3911735153383,7410.6706684277297,10152.962849651834
2025-06-14,08:00-12:00,6603.1651225768337,0,7410.6706684277297,10152.962849651834
2025-06-14,12:00-16:00,0,0,7410.6706684277297,10152.962849651834
2025-06-14,16:00-20:00,0,4540.7031833308474,7410.6706684277297,10152.962849651834
2025-06-14,20:00-24:00,8064.9497867971377,2574.239579288183,7410.6706684277297,10152.962849651834
2025-06-15,00:00-04:00,718.93016705351772,26.535564285714258,10152.962849651834,10292.980369568408
2025-06-15,04:00-08:00,731.45233603761858,3445.4500714285723,10152.962849651834,10292.980369568408
2025-06-15,08:00-12:00,5164.3297127618389,3277.4600333333328,10152.962849651834,10292.980369568408
2025-06-15,12:00-16:00,3934.0330158683755,1212.7045333333331,10152.962849651834,10292.980369568408
2025-06-15,16:00-20:00,0,4487.9241523809524,10152.962849651834,10292.980369568408
2025-06-15,20:00-24:00,8218.9884970513176,2625.7741976190487,10152.962849651834,10292.980369568408
2025-06-16,00:00-04:00,576.7980050062979,10.88871666666671,10292.980369568408,10227.207695994102
2025-06-16,04:00-08:00,977.89942503485577,3854.3370498734716,10292.980369568408,10227.207695994102
2025-06-16,08:00-12:00,5815.6012704767709,3330.8535999999995,10292.980369568408,10227.207695994102
2025-06-16,12:00-16:00,3927.232925731344,1498.6035833333331,10292.980369568408,10227.207695994102
2025-06-16,16:00-20:00,0,4677.2447809523801,10292.980369568408,10227.207695994102
2025-06-16,20:00-24:00,8247.0704235325411,2518.3953357142846,10292.980369568408,10227.207695994102
2025-06-17,00:00-04:00,722.27182687897675,74.324516666666568,10227.207695994102,9896.4887465147331
2025-06-17,04:00-08:00,1091.5964840975885,3518.0559649285733,10227.207695994102,9896.4887465147331
2025-06-17,08:00-12:00,5195.1168071735119,2623.0833095238095,10227.207695994102,9896.4887465147331
2025-06-17,12:00-16:00,4008.4717930322522,2193.1632333333328,10227.207695994102,9896.4887465147331
2025-06-17,16:00-20:00,0,4763.97675952381,10227.207695994102,9896.4887465147331
2025-06-17,20:00-24:00,8215.8184426295393,2703.9963071428588,10227.207695994102,9896.4887465147331
2025-06-18,00:00-04:00,1003.9013927614047,0,9896.4887465147331,10070.163902943304
2025-06-18,04:00-08:00,953.9755452380947,3248.6017196904768,9896.4887465147331,10070.163902943304
2025-06-18,08:00-12:00,5642.4630880952373,2298.2555000000002,9896.4887465147331,10070.163902943304
2025-06-18,12:00-16:00,1194.4380017930619,763.75285476190447,9896.4887465147331,10070.163902943304
2025-06-18,16:00-20:00,0,4641.337066666666,9896.4887465147331,10070.163902943304
2025-06-18,20:00-24:00,8202.465759296203,2659.5126857142845,9896.4887465147331,10070.163902943304
2025-06-19,00:00-04:00,822.71558109180137,9.5471333333332495,10070.163902943304,7255.4522491101416
2025-06-19,04:00-08:00,1321.9029259847121,3790.5014458809533,10070.163902943304,7255.4522491101416
2025-06-19,08:00-12:00,6038.2036714285714,2859.5689666666667,10070.163902943304,7255.4522491101416
2025-06-19,12:00-16:00,1688.6392616989986,679.41373333333354,10070.163902943304,7255.4522491101416
2025-06-19,16:00-20:00,56.456770546736621,4939.7675079523797,10070.163902943304,7255.4522491101416
2025-06-19,20:00-24:00,4815.5712020483252,2196.6681256504921,10070.163902943304,7255.4522491101416
2025-06-20,00:00-04:00,833.96743483108503,115.00893648395873,7255.4522491101416,7257.8607508626201
2025-06-20,04:00-08:00,357.75702248074441,2787.5375864414518,7255.4522491101416,7257.8607508626201
2025-06-20,08:00-12:00,6330.0527016095084,0,7255.4522491101416,7257.8607508626201
2025-06-20,12:00-16:00,0,0,7255.4522491101416,7257.8607508626201
2025-06-20,16:00-20:00,46.688921825494113,4192.1160630450358,7255.4522491101416,7257.8607508626201
2025-06-20,20:00-24:00,4109.1473326628284,2362.0366273141476,7255.4522491101416,7257.8607508626201
2025-06-21,00:00-04:00,528.78605583645708,113.24983784509004,7257.8607508626201,10504.999367978131
2025-06-21,04:00-08:00,310.92242362321883,3659.4268795199632,7257.8607508626201,10504.999367978131
2025-06-21,08:00-12:00,7753.6273743535294,0,7257.8607508626201,10504.999367978131
2025-06-21,12:00-16:00,0,0,7257.8607508626201,10504.999367978131
2025-06-21,16:00-20:00,0,4548.4303619280927,7257.8607508626201,10504.999367978131
2025-06-21,20:00-24:00,8333.4284412480956,2467.1472443025491,7257.8607508626201,10504.999367978131
2025-06-22,00:00-04:00,421.05041418067759,75.550266666666744,10504.999367978131,9848.1486423726528
2025-06-22,04:00-08:00,865.28134426807719,3252.0766571428567,10504.999367978131,9848.1486423726528
2025-06-22,08:00-12:00,5189.1769361552015,1652.0345499999996,10504.999367978131,9848.1486423726528
2025-06-22,12:00-16:00,1977.4434567901233,1601.7291999999998,10504.999367978131,9848.1486423726528
2025-06-22,16:00-20:00,0,4905.3353928571432,10504.999367978131,9848.1486423726528
2025-06-22,20:00-24:00,8201.7683827656147,2594.7632190476174,10504.999367978131,9848.1486423726528
2025-06-23,00:00-04:00,1079.9438953061062,79.511666666666542,9848.1486423726528,9972.5334487675518
2025-06-23,04:00-08:00,734.71549238682746,3496.2735214285713,9848.1486423726528,9972.5334487675518
2025-06-23,08:00-12:00,6246.8527150205764,2303.366383333333,9848.1486423726528,9972.5334487675518
2025-06-23,12:00-16:00,2188.1843087595535,1566.4362999999998,9848.1486423726528,9972.5334487675518
2025-06-23,16:00-20:00,0,4675.4574047619044,9848.1486423726528,9972.5334487675518
2025-06-23,20:00-24:00,8079.4739965729977,2613.6364285714299,9848.1486423726528,9972.5334487675518
2025-06-24,00:00-04:00,919.40727914716456,0,9972.5334487675518,10178.334619153595
2025-06-24,04:00-08:00,34.708856731334826,4173.5668071904784,9972.5334487675518,10178.334619153595
2025-06-24,08:00-12:00,4292.1890324403239,4494.5473667619044,9972.5334487675518,10178.334619153595
2025-06-24,12:00-16:00,7812.0163574523795,1339.3373952380953,9972.5334487675518,10178.334619153595
2025-06-24,16:00-20:00,215.96423385803672,4644.3931357142856,9972.5334487675518,10178.334619153595
2025-06-24,20:00-24:00,8209.1502970019355,2564.5174476190464,9972.5334487675518,10178.334619153595
2025-06-25,00:00-04:00,712.75456079894821,42.737351485381623,10178.334619153595,10037.880649832798
2025-06-25,04:00-08:00,406.95258289241838,3708.7762357142856,10178.334619153595,10037.880649832798
2025-06-25,08:00-12:00,4222.4926714285721,3345.3520142857142,10178.334619153595,10037.880649832798
2025-06-25,12:00-16:00,5745.6613917695413,1324.8031333333333,10178.334619153595,10037.880649832798
2025-06-25,16:00-20:00,0,4709.7720809523807,10178.334619153595,10037.880649832798
2025-06-25,20:00-24:00,8230.3924151581341,2642.7531904761886,10178.334619153595,10037.880649832798
2025-06-26,00:00-04:00,846.79927796355923,4.3529459548421983,10037.880649832798,5863.4967292353786
2025-06-26,04:00-08:00,691.91103188139846,3803.7538505279263,10037.880649832798,5863.4967292353786
2025-06-26,08:00-12:00,5473.0390323071433,3463.0811590251319,10037.880649832798,5863.4967292353786
2025-06-26,12:00-16:00,3451.5312190775189,518.16188393761422,10037.880649832798,5863.4967292353786
2025-06-26,16:00-20:00,70.814587279657843,4796.9795715892851,10037.880649832798,5863.4967292353786
2025-06-26,20:00-24:00,3095.6660167266414,2210.7226613439789,10037.880649832798,5863.4967292353786
2025-06-27,00:00-04:00,752.97371283446466,30.041217754068271,5863.4967292353786,6325.4725192921251
2025-06-27,04:00-08:00,251.0945143647528,2508.5322732428376,5863.4967292353786,6325.4725192921251
2025-06-27,08:00-12:00,7614.9767538934548,0,5863.4967292353786,6325.4725192921251
2025-06-27,12:00-16:00,0,0,5863.4967292353786,6325.4725192921251
2025-06-27,16:00-20:00,0,4601.9340638859112,5863.4967292353786,6325.4725192921251
2025-06-27,20:00-24:00,3613.2116217540233,2351.8420823719343,5863.4967292353786,6325.4725192921251
2025-06-28,00:00-04:00,793.11378122017436,126.74470915454111,6325.4725192921251,10278.267970022116
2025-06-28,04:00-08:00,154.73778391692235,2917.0248609363043,6325.4725192921251,10278.267970022116
2025-06-28,08:00-12:00,7781.5858456381256,0,6325.4725192921251,10278.267970022116
2025-06-28,12:00-16:00,0,0,6325.4725192921251,10278.267970022116
2025-06-28,16:00-20:00,2.0668200558268128,4676.9369691314241,6325.4725192921251,10278.267970022116
2025-06-28,20:00-24:00,8081.9387996881742,2340.6664098413166,6325.4725192921251,10278.267970022116
2025-06-29,00:00-04:00,600.10979032952343,43.214638438965721,10278.267970022116,10723.043034045841
2025-06-29,04:00-08:00,1047.9032435335762,3052.5831210670744,10278.267970022116,10723.043034045841
2025-06-29,08:00-12:00,5904.1091153551533,3086.915010038103,10278.267970022116,10723.043034045841
2025-06-29,12:00-16:00,1019.0535013359799,290.38068042469473,10278.267970022116,10723.043034045841
2025-06-29,16:00-20:00,69.267798636410262,4699.8044488553514,10278.267970022116,10723.043034045841
2025-06-29,20:00-24:00,8771.2930911072835,2530.3111411957839,10278.267970022116,10723.043034045841
2025-06-30,00:00-04:00,97.972441648375849,10.096408376442469,10723.043034045841,10485.208188578092
2025-06-30,04:00-08:00,898.43530865736477,3258.2361999645054,10723.043034045841,10485.208188578092
2025-06-30,08:00-12:00,5591.8856657951037,3161.4535218693427,10723.043034045841,10485.208188578092
2025-06-30,12:00-16:00,2048.605431120407,496.84066668018329,10723.043034045841,10485.208188578092
2025-06-30,16:00-20:00,0,4684.7025654774488,10723.043034045841,10485.208188578092
2025-06-30,20:00-24:00,8357.5876829198405,2368.256087967341,10723.043034045841,10485.208188578092
2025-07-01,00:00-04:00,186.10395260471557,1061.8877240345732,10485.208188578092,7808.4572752225495
2025-07-01,04:00-08:00,1320.307153816085,3345.9374388579949,10485.208188578092,7808.4572752225495
2025-07-01,08:00-12:00,5472.010157020758,3360.45286950025,10485.208188578092,7808.4572752225495
2025-07-01,12:00-16:00,3583.8214225662559,503.82591299379777,10485.208188578092,7808.4572752225495
2025-07-01,16:00-20:00,47.479665303272732,5882.165575867044,10485.208188578092,7808.4572752225495
2025-07-01,20:00-24:00,7342.7303058028319,2796.2929530286024,10485.208188578092,7808.4572752225495
2025-07-02,00:00-04:00,2103.4042026626066,436.92167885253423,7808.4572752225495,7386.6969982473684
2025-07-02,04:00-08:00,1633.562166875249,3758.6136080447982,7808.4572752225495,7386.6969982473684
2025-07-02,08:00-12:00,6201.0278222537672,1960.9420924916099,7808.4572752225495,7386.6969982473684
2025-07-02,12:00-16:00,1095.1987988524543,88.020490733050167,7808.4572752225495,7386.6969982473684
2025-07-02,16:00-20:00,28.789126880701271,6336.9703481113811,7808.4572752225495,7386.6969982473684
2025-07-02,20:00-24:00,6943.873307184962,2382.8589250591735,7808.4572752225495,7386.6969982473684
2025-07-03,00:00-04:00,2030.0177208213936,251.67525282404918,7386.6969982473684,1341.4269411604075
2025-07-03,04:00-08:00,1001.748610282667,3831.7432670934613,7386.6969982473684,1341.4269411604075
2025-07-03,08:00-12:00,4843.7718720129524,3119.9743544234038,7386.6969982473684,1341.4269411604075
2025-07-03,12:00-16:00,6110.2494070742205,1053.1223883366165,7386.6969982473684,1341.4269411604075
2025-07-03,16:00-20:00,8.5491888933448763,6643.8507604103961,7386.6969982473684,1341.4269411604075
2025-07-03,20:00-24:00,632.70858783265362,2388.2837916932949,7386.6969982473684,1341.4269411604075
2025-07-04,00:00-04:00,667.3764921154841,667.85920565790855,1341.4269411604075,1383.4297785247938
2025-07-04,04:00-08:00,770.42283095948449,622.21293831527771,1341.4269411604075,1383.4297785247938
2025-07-04,08:00-12:00,7618.1274567313412,0,1341.4269411604075,1383.4297785247938
2025-07-04,12:00-16:00,3046.2805003527264,85.511104463843964,1341.4269411604075,1383.4297785247938
2025-07-04,16:00-20:00,22.703985109652578,7262.5103408652667,1341.4269411604075,1383.4297785247938
2025-07-04,20:00-24:00,701.50722314743371,1713.5028326868141,1341.4269411604075,1383.4297785247938
2025-07-05,00:00-04:00,668.78875186617336,706.80568968391526,1383.4297785247938,6669.2587124472984
2025-07-05,04:00-08:00,795.32367322110599,627.46312785042278,1383.4297785247938,6669.2587124472984
2025-07-05,08:00-12:00,5857.6580134045053,0,1383.4297785247938,6669.2587124472984
2025-07-05,12:00-16:00,4788.3308168934327,98.680205447563907,1383.4297785247938,6669.2587124472984
2025-07-05,16:00-20:00,0,7504.4789262310296,1383.4297785247938,6669.2587124472984
2025-07-05,20:00-24:00,6139.7944034810134,1087.7414939384566,1383.4297785247938,6669.2587124472984
2025-07-06,00:00-04:00,826.92106373353261,36.006901931953053,6669.2587124472984,6772.2066648055161
2025-07-06,04:00-08:00,999.75931119174038,4744.5476327962569,6669.2587124472984,6772.2066648055161
2025-07-06,08:00-12:00,4711.9342174672638,1633.7859931944131,6669.2587124472984,6772.2066648055161
2025-07-06,12:00-16:00,3174.6458116562098,1605.6097139004564,6669.2587124472984,6772.2066648055161
2025-07-06,16:00-20:00,29.278352842307186,4793.8389924612402,6669.2587124472984,6772.2066648055161
2025-07-06,20:00-24:00,6205.3853960446631,11.376172471213422,6669.2587124472984,6772.2066648055161
2025-07-07,00:00-04:00,676.9655858581433,210.50519878183195,6772.2066648055161,5791.5412135479037
2025-07-07,04:00-08:00,883.97972008060901,4524.6623217254892,6772.2066648055161,5791.5412135479037
2025-07-07,08:00-12:00,4307.014049881418,1548.1371937353233,6772.2066648055161,5791.5412135479037
2025-07-07,12:00-16:00,3972.9680064379809,172.04286834939518,6772.2066648055161,5791.5412135479037
2025-07-07,16:00-20:00,196.69617757235363,5944.3724031120419,6772.2066648055161,5791.5412135479037
2025-07-07,20:00-24:00,5116.4055921072186,757.64251729732814,6772.2066648055161,5791.5412135479037
2025-07-08,00:00-04:00,4180.6222060499695,0,5791.5412135479037,9104.8200766059708
2025-07-08,04:00-08:00,1478.7779137215975,4346.8353339676623,5791.5412135479037,9104.8200766059708
2025-07-08,08:00-12:00,5768.1069706045,2489.7644608298365,5791.5412135479037,9104.8200766059708
2025-07-08,12:00-16:00,3369.1548923525716,641.08350340581489,5791.5412135479037,9104.8200766059708
2025-07-08,16:00-20:00,17.38061440599683,4636.1139529417414,5791.5412135479037,9104.8200766059708
2025-07-08,20:00-24:00,6586.98719434953,2239.0859032048638,5791.5412135479037,9104.8200766059708
2025-07-09,00:00-04:00,1902.9932253915183,15.762581512502379,9104.8200766059708,10800
2025-07-09,04:00-08:00,244.65979273649779,4332.6928768737234,9104.8200766059708,10800
2025-07-09,08:00-12:00,5878.0697487473972,1736.4111326932443,9104.8200766059708,10800
2025-07-09,12:00-16:00,2186.2828536721413,661.19603050942283,9104.8200766059708,10800
2025-07-09,16:00-20:00,12.679456845540294,4417.4173230370488,9104.8200766059708,10800
2025-07-09,20:00-24:00,8225.8723816269776,2255.8096661256932,9104.8200766059708,10800
2025-07-10,00:00-04:00,41.109053497942412,33.298333333333176,10800,5312.0003891967017
2025-07-10,04:00-08:00,92.229845267489907,4359.0823318333341,10800,5312.0003891967017
2025-07-10,08:00-12:00,6327.1533119047617,2219.6753833333328,10800,5312.0003891967017
2025-07-10,12:00-16:00,2421.7149891240447,615.66381666666666,10800,5312.0003891967017
2025-07-10,16:00-20:00,40.903744855966373,4819.2616976190475,10800,5312.0003891967017
2025-07-10,20:00-24:00,2800.5254349447559,2388.3635544091749,10800,5312.0003891967017
2025-07-11,00:00-04:00,2070.934560357141,37.349999999999909,5312.0003891967017,6184.8703705442185
2025-07-11,04:00-08:00,762.4176047619045,2725.5685734436993,5312.0003891967017,6184.8703705442185
2025-07-11,08:00-12:00,6675.4357647163506,0,5312.0003891967017,6184.8703705442185
2025-07-11,12:00-16:00,0,0,5312.0003891967017,6184.8703705442185
2025-07-11,16:00-20:00,0,4718.4854160714285,5312.0003891967017,6184.8703705442185
2025-07-11,20:00-24:00,3517.9654197992772,2284.6832404761908,5312.0003891967017,6184.8703705442185
2025-07-12,00:00-04:00,1443.3852847599785,2.7954676517638291,6184.8703705442185,10800
2025-07-12,04:00-08:00,908.78172469611536,2933.9972764644417,6184.8703705442185,10800
2025-07-12,08:00-12:00,6320.655521458667,0,6184.8703705442185,10800
2025-07-12,12:00-16:00,125.88868221620942,36.546672009683341,6184.8703705442185,10800
2025-07-12,16:00-20:00,54.558899218940901,4637.5325381664325,6184.8703705442185,10800
2025-07-12,20:00-24:00,8635.3862086755835,2401.3229992281335,6184.8703705442185,10800
2025-07-13,00:00-04:00,0,0,10800,10800
2025-07-13,04:00-08:00,23.041775952255335,4836.7902716585977,10800,10800
2025-07-13,08:00-12:00,6593.1979423555777,1802.9161693370988,10800,10800
2025-07-13,12:00-16:00,1977.9523633462081,321.58914514407502,10800,10800
2025-07-13,16:00-20:00,0,4569.0961106860786,10800,10800
2025-07-13,20:00-24:00,8280.3278645536466,2137.9694596023764,10800,10800
2025-07-14,00:00-04:00,0,0,10800,10704.195628017776
2025-07-14,04:00-08:00,287.77238020881788,4216.1356374360284,10800,10704.195628017776
2025-07-14,08:00-12:00,5847.545232634805,1563.5915279977962,10800,10704.195628017776
2025-07-14,12:00-16:00,1079.5408457064202,64.308185991710829,10800,10704.195628017776
2025-07-14,16:00-20:00,51.485537437741485,4595.5345356437383,10800,10704.195628017776
2025-07-14,20:00-24:00,8375.7372773972493,2316.7398791566075,10800,10704.195628017776
2025-07-15,00:00-04:00,178.19509759381776,58.114094266990264,10704.195628017776,10800
2025-07-15,04:00-08:00,340.36776251993331,4494.8396629996059,10704.195628017776,10800
2025-07-15,08:00-12:00,5876.4996614488655,1092.8373022858605,10704.195628017776,10800
2025-07-15,12:00-16:00,1085.3758400012689,327.14007853028966,10704.195628017776,10800
2025-07-15,16:00-20:00,8.791209481462122,4511.8465418139094,10704.195628017776,10800
2025-07-15,20:00-24:00,8151.317927975304,2097.8418595260719,10704.195628017776,10800
2025-07-16,00:00-04:00,0,0,10800,10678.681204269555
2025-07-16,04:00-08:00,0,5279.0714642857129,10800,10678.681204269555
2025-07-16,08:00-12:00,6447.4341571428577,1197.0075166666668,10800,10678.681204269555
2025-07-16,12:00-16:00,1932.3373713697843,311.53595714285711,10800,10678.681204269555
2025-07-16,16:00-20:00,32.857660199883362,4643.7458642857137,10800,10678.681204269555
2025-07-16,20:00-24:00,8588.4026955714271,2448.6619400464469,10800,10678.681204269555
2025-07-17,00:00-04:00,146.42211871284127,74.038021428572051,10678.681204269555,5700.3357144149722
2025-07-17,04:00-08:00,118.16017821869414,5328.2620285714274,10678.681204269555,5700.3357144149722
2025-07-17,08:00-12:00,6057.3824523809517,2404.8862857142858,10678.681204269555,5700.3357144149722
2025-07-17,12:00-16:00,4259.5537920928818,654.65676666666661,10678.681204269555,5700.3357144149722
2025-07-17,16:00-20:00,57.428233392121761,4464.9417142857137,10678.681204269555,5700.3357144149722
2025-07-17,20:00-24:00,2776.7145558515958,2420.4118020282226,10678.681204269555,5700.3357144149722
2025-07-18,00:00-04:00,1616.5379047619047,0,5700.3357144149722,5330.6023247203329
2025-07-18,04:00-08:00,784.85931428571416,2295.4686843544287,5700.3357144149722,5330.6023247203329
2025-07-18,08:00-12:00,4350.764292857144,0,5700.3357144149722,5330.6023247203329
2025-07-18,12:00-16:00,1748.04409473839,133.0684404761902,5700.3357144149722,5330.6023247203329
2025-07-18,16:00-20:00,176.13447089946888,4506.7334684523812,5700.3357144149722,5330.6023247203329
2025-07-18,20:00-24:00,2725.0464241454615,2632.6125238095237,5700.3357144149722,5330.6023247203329
2025-07-19,00:00-04:00,1421.375066666667,16.874999999999886,5330.6023247203329,10364.062117048377
2025-07-19,04:00-08:00,543.83977139917681,1820.2373812483011,5330.6023247203329,10364.062117048377
2025-07-19,08:00-12:00,5208.7193348030596,0,5330.6023247203329,10364.062117048377
2025-07-19,12:00-16:00,1171.2143320693694,0,5330.6023247203329,10364.062117048377
2025-07-19,16:00-20:00,21.899764844210676,4675.651569047619,5330.6023247203329,10364.062117048377
2025-07-19,20:00-24:00,8384.3910941924896,2525.7881214285717,5330.6023247203329,10364.062117048377
2025-07-20,00:00-04:00,484.37542550180115,0,10364.062117048377,10800
2025-07-20,04:00-08:00,0,5396.7976143555561,10364.062117048377,10800
2025-07-20,08:00-12:00,4897.4158981533164,1575.9181665409476,10364.062117048377,10800
2025-07-20,12:00-16:00,4087.1148818393981,304.75415089759224,10364.062117048377,10800
2025-07-20,16:00-20:00,0,4197.7145582268822,10364.062117048377,10800
2025-07-20,20:00-24:00,8064.6506603819926,2334.6524766825319,10364.062117048377,10800
2025-07-21,00:00-04:00,0,0,10800,10800
2025-07-21,04:00-08:00,50.584732779503668,5169.6256426779946,10800,10800
2025-07-21,08:00-12:00,6042.2240264564707,1936.8048257320472,10800,10800
2025-07-21,12:00-16:00,3094.4183961672634,335.22352746658424,10800,10800
2025-07-21,16:00-20:00,0,4336.0637679784077,10800,10800
2025-07-21,20:00-24:00,8131.5255795853482,2250.4719514857275,10800,10800
2025-07-22,00:00-04:00,0,0,10800,10800
2025-07-22,04:00-08:00,35.457335636364192,5088.4962871603111,10800,10800
2025-07-22,08:00-12:00,5662.2992581450762,1452.5123071689018,10800,10800
2025-07-22,12:00-16:00,3375.3436129342481,808.20257311049124,10800,10800
2025-07-22,16:00-20:00,0,4397.894567793478,10800,10800
2025-07-22,20:00-24:00,8302.3999578884686,2327.0493980961828,10800,10800
2025-07-23,00:00-04:00,1.1634156378608067,0.94236666666677138,10800,10665.408502179615
2025-07-23,04:00-08:00,9.9476976190476307,5669.7270952380959,10800,10665.408502179615
2025-07-23,08:00-12:00,5262.8805095238095,2012.1121666666666,10800,10665.408502179615
2025-07-23,12:00-16:00,5301.050511258084,883.00249999999971,10800,10665.408502179615
2025-07-23,16:00-20:00,0,4734.0143547619045,10800,10665.408502179615
2025-07-23,20:00-24:00,8456.2740003333311,2236.699933546442,10800,10665.408502179615
2025-07-24,00:00-04:00,149.54610868931789,0,10665.408502179615,5684.5312470359158
2025-07-24,04:00-08:00,210.72637883597798,4945.1458404761925,10665.408502179615,5684.5312470359158
2025-07-24,08:00-12:00,5973.7907840893367,1142.4290833333332,10665.408502179615,5684.5312470359158
2025-07-24,12:00-16:00,2804.7607206725665,1225.7297452380951,10665.408502179615,5684.5312470359158
2025-07-24,16:00-20:00,39.551676895945192,4694.1740225714293,10665.408502179615,5684.5312470359158
2025-07-24,20:00-24:00,2846.6186727849172,2215.5562550044124,10665.408502179615,5684.5312470359158
2025-07-25,00:00-04:00,1431.154470524818,0.63838571428573232,5684.5312470359158,5420.7521403363544
2025-07-25,04:00-08:00,617.60058809523798,2466.2706666666663,5684.5312470359158,5420.7521403363544
2025-07-25,08:00-12:00,5627.2061999999978,0,5684.5312470359158,5420.7521403363544
2025-07-25,12:00-16:00,1053.4596426745463,0,5684.5312470359158,5420.7521403363544
2025-07-25,16:00-20:00,0,4579.2624047619047,5684.5312470359158,5420.7521403363544
2025-07-25,20:00-24:00,2766.1743799151764,2502.6619166666683,5684.5312470359158,5420.7521403363544
2025-07-26,00:00-04:00,1416.4097964629329,43.519805108142464,5420.7521403363544,10723.019984354469
2025-07-26,04:00-08:00,796.8704645492345,2398.283282369975,5420.7521403363544,10723.019984354469
2025-07-26,08:00-12:00,5016.0596571428578,0,5420.7521403363544,10723.019984354469
2025-07-26,12:00-16:00,1762.1738610738639,0,5420.7521403363544,10723.019984354469
2025-07-26,16:00-20:00,0,4642.7872756215847,5420.7521403363544,10723.019984354469
2025-07-26,20:00-24:00,8759.2484829309724,2521.4860096334833,5420.7521403363544,10723.019984354469
2025-07-27,00:00-04:00,120.16260934930686,28.049699491960382,10723.019984354469,10800
2025-07-27,04:00-08:00,0,6053.2246641326992,10723.019984354469,10800
2025-07-27,08:00-12:00,6427.5450364242242,2482.9547212011285,10723.019984354469,10800
2025-07-27,12:00-16:00,5079.8904077494217,784.84332444682582,10723.019984354469,10800
2025-07-27,16:00-20:00,0,4550.7426419609455,10723.019984354469,10800
2025-07-27,20:00-24:00,8327.4903956760008,2194.5245785366155,10723.019984354469,10800
2025-07-28,00:00-04:00,0,0,10800,9619.9486393748575
2025-07-28,04:00-08:00,73.564939419088745,5361.4263034362266,10800,9619.9486393748575
2025-07-28,08:00-12:00,4566.6568043809602,2983.6370076756211,10800,9619.9486393748575
2025-07-28,12:00-16:00,3927.5595008169544,732.233696807858,10800,9619.9486393748575
2025-07-28,16:00-20:00,1035.3802955417173,4445.4342721686189,10800,9619.9486393748575
2025-07-28,20:00-24:00,8654.1079998363966,2327.7032718703476,10800,9619.9486393748575
2025-07-29,00:00-04:00,1311.1681784723796,0,9619.9486393748575,10148.124876536494
2025-07-29,04:00-08:00,116.36689181243645,4645.2281583694285,9619.9486393748575,10148.124876536494
2025-07-29,08:00-12:00,3880.7522369705562,2655.8379705535526,9619.9486393748575,10148.124876536494
2025-07-29,12:00-16:00,5555.1828331177749,679.93939070990155,9619.9486393748575,10148.124876536494
2025-07-29,16:00-20:00,300.791272213897,4581.6834822951205,9619.9486393748575,10148.124876536494
2025-07-29,20:00-24:00,7792.4159696225806,2316.8610642163262,9619.9486393748575,10148.124876536494
2025-07-30,00:00-04:00,991.25778724448503,216.23119655087919,10148.124876536494,10800
2025-07-30,04:00-08:00,181.45509019580672,4829.0777222129527,10148.124876536494,10800
2025-07-30,08:00-12:00,5635.1448737242854,2727.674656781182,10148.124876536494,10800
2025-07-30,12:00-16:00,3820.8140244682554,249.55295160042448,10148.124876536494,10800
2025-07-30,16:00-20:00,0,4260.4031583882761,10148.124876536494,10800
2025-07-30,20:00-24:00,8000.8512118439685,2220.286323205341,10148.124876536494,10800
2025-07-31,00:00-04:00,67.794627655842504,61.184683410901584,10800,4595.0965330928266
2025-07-31,04:00-08:00,303.15685555620456,4109.2662570978182,10800,4595.0965330928266
2025-07-31,08:00-12:00,5762.4999605984149,2677.3047619816452,10800,4595.0965330928266
2025-07-31,12:00-16:00,3517.7431170634864,969.71189181753459,10800,4595.0965330928266
2025-07-31,16:00-20:00,0,4808.197137509419,10800,4595.0965330928266
2025-07-31,20:00-24:00,2506.0273207592099,2806.0981125219978,10800,4595.0965330928266
2025-08-01,00:00-04:00,603.61958708104783,423.02738729390717,4595.0965330928266,2986.8218321866857
2025-08-01,04:00-08:00,237.63569409540233,1765.3357677098293,4595.0965330928266,2986.8218321866857
2025-08-01,08:00-12:00,6167.9256976190454,0,4595.0965330928266,2986.8218321866857
2025-08-01,12:00-16:00,2586.8391140689382,0,4595.0965330928266,2986.8218321866857
2025-08-01,16:00-20:00,51.403331353510779,5405.5672464023528,4595.0965330928266,2986.8218321866857
2025-08-01,20:00-24:00,1638.9161262316343,2995.4518652735951,4595.0965330928266,2986.8218321866857
2025-08-02,00:00-04:00,758.42669396173631,200.63262763399177,2986.8218321866857,8415.3394372999483
2025-08-02,04:00-08:00,1193.6075914825876,1772.6272411913424,2986.8218321866857,8415.3394372999483
2025-08-02,08:00-12:00,6325.3925357142862,0,2986.8218321866857,8415.3394372999483
2025-08-02,12:00-16:00,2865.1632111341642,20.377706299830017,2986.8218321866857,8415.3394372999483
2025-08-02,16:00-20:00,0,5379.7746875352168,2986.8218321866857,8415.3394372999483
2025-08-02,20:00-24:00,7609.2585482329141,2929.9192429634913,2986.8218321866857,8415.3394372999483
2025-08-03,00:00-04:00,2143.0277632418165,65.359513918114658,8415.3394372999483,7998.7721094418694
2025-08-03,04:00-08:00,863.08915578337417,4321.7763068095528,8415.3394372999483,7998.7721094418694
2025-08-03,08:00-12:00,6053.8666500512481,805.25636379420325,8415.3394372999483,7998.7721094418694
2025-08-03,12:00-16:00,0,0,8415.3394372999483,7998.7721094418694
2025-08-03,16:00-20:00,10.557239927122055,5679.0737729031807,8415.3394372999483,7998.7721094418694
2025-08-03,20:00-24:00,7282.9563327155847,2749.7773224397265,8415.3394372999483,7998.7721094418694
2025-08-04,00:00-04:00,2495.4009568784832,84.854757069194847,7998.7721094418694,8561.3000585423924
2025-08-04,04:00-08:00,1108.065059325575,4988.8751286749357,7998.7721094418694,8561.3000585423924
2025-08-04,08:00-12:00,6692.7389374695758,899.87024019347632,7998.7721094418694,8561.3000585423924
2025-08-04,12:00-16:00,191.08545057318528,0,7998.7721094418694,8561.3000585423924
2025-08-04,16:00-20:00,69.559096868148316,5572.3452049971402,7998.7721094418694,8561.3000585423924
2025-08-04,20:00-24:00,7443.6091953269861,2528.1510589927684,7998.7721094418694,8561.3000585423924
2025-08-05,00:00-04:00,1712.201500312226,101.06245018870447,8561.3000585423924,8413.1800989843596
2025-08-05,04:00-08:00,1123.338921849225,5177.3598133189098,8561.3000585423924,8413.1800989843596
2025-08-05,08:00-12:00,5058.4168234403169,1311.1345375689184,8561.3000585423924,8413.1800989843596
2025-08-05,12:00-16:00,2768.539415958578,32.235547475496318,8561.3000585423924,8413.1800989843596
2025-08-05,16:00-20:00,110.80536907911036,5384.1868738131507,8561.3000585423924,8413.1800989843596
2025-08-05,20:00-24:00,7092.2057071052222,2598.3900088102359,8561.3000585423924,8413.1800989843596
2025-08-06,00:00-04:00,2101.4988438822843,78.200109981459036,8413.1800989843596,7485.0635750487527
2025-08-06,04:00-08:00,705.1208721301781,4743.8081589116473,8413.1800989843596,7485.0635750487527
2025-08-06,08:00-12:00,5391.2912687465741,1197.0783162164214,8413.1800989843596,7485.0635750487527
2025-08-06,12:00-16:00,2009.3935525932384,1203.2562392961729,8413.1800989843596,7485.0635750487527
2025-08-06,16:00-20:00,297.67810383431868,5511.3556014114838,8413.1800989843596,7485.0635750487527
2025-08-06,20:00-24:00,7082.4310773170391,2347.4115577128009,8413.1800989843596,7485.0635750487527
2025-08-07,00:00-04:00,2314.6779505264599,80.242047112085402,7485.0635750487527,2629.0854047253461
2025-08-07,04:00-08:00,1131.7350417695477,5825.7545566431472,7485.0635750487527,2629.0854047253461
2025-08-07,08:00-12:00,5412.7643333333326,1111.0658000000001,7485.0635750487527,2629.0854047253461
2025-08-07,12:00-16:00,3543.6674045551667,45.799045238095005,7485.0635750487527,2629.0854047253461
2025-08-07,16:00-20:00,19.295911228687295,5522.2157136700207,7485.0635750487527,2629.0854047253461
2025-08-07,20:00-24:00,1117.4828307411881,2752.398203072772,7485.0635750487527,2629.0854047253461
2025-08-08,00:00-04:00,618.54775238095237,101.89290390046699,2629.0854047253461,2753.3050123433709
2025-08-08,04:00-08:00,1229.7729141446623,2148.9557500000001,2629.0854047253461,2753.3050123433709
2025-08-08,08:00-12:00,854.41313248088591,0,2629.0854047253461,2753.3050123433709
2025-08-08,12:00-16:00,9154.8856943856681,0,2629.0854047253461,2753.3050123433709
2025-08-08,16:00-20:00,234.04696428571407,5469.4431278809534,2629.0854047253461,2753.3050123433709
2025-08-08,20:00-24:00,1253.7053266484272,2977.6617166666665,2629.0854047253461,2753.3050123433709
2025-08-09,00:00-04:00,435.33086459667368,247.71241578948343,2753.3050123433709,7663.7062294372554
2025-08-09,04:00-08:00,957.70753809523796,2183.4359190476189,2753.3050123433709,7663.7062294372554
2025-08-09,08:00-12:00,0,0,2753.3050123433709,7663.7062294372554
2025-08-09,12:00-16:00,10549.151503145211,0,2753.3050123433709,7663.7062294372554
2025-08-09,16:00-20:00,22.660426925336449,5643.9415536493243,2753.3050123433709,7663.7062294372554
2025-08-09,20:00-24:00,7028.4951000000001,2890.158816666667,2753.3050123433709,7663.7062294372554
2025-08-10,00:00-04:00,2133.4363728474932,42.247266666669816,7663.7062294372554,8365.1314901655678
2025-08-10,04:00-08:00,1194.1549571428573,5034.3100169028558,7663.7062294372554,8365.1314901655678
2025-08-10,08:00-12:00,4816.5051595238092,1090.8280000000002,7663.7062294372554,8365.1314901655678
2025-08-10,12:00-16:00,2967.5416920611506,132.74716190476221,7663.7062294372554,8365.1314901655678
2025-08-10,16:00-20:00,202.60681548941619,5409.9181559926528,7663.7062294372554,8365.1314901655678
2025-08-10,20:00-24:00,7301.2430999999997,2737.2120224999999,7663.7062294372554,8365.1314901655678
2025-08-11,00:00-04:00,1288.5026097123869,142.17719285714259,8365.1314901655678,7949.471788253969
2025-08-11,04:00-08:00,1133.9434528020593,5631.3695432759578,8365.1314901655678,7949.471788253969
2025-08-11,08:00-12:00,4854.3861808603724,1579.7966738095238,8365.1314901655678,7949.471788253969
2025-08-11,12:00-16:00,4603.2701872345824,78.157899999999998,8365.1314901655678,7949.471788253969
2025-08-11,16:00-20:00,142.26175476190471,5773.1742842619042,8365.1314901655678,7949.471788253969
2025-08-11,20:00-24:00,7218.7515999999987,2754.721923666667,8365.1314901655678,7949.471788253969
2025-08-12,00:00-04:00,1825.7213862397191,143.90523333333306,7949.471788253969,7825.7609670370375
2025-08-12,04:00-08:00,1083.4868061765076,5253.3559992892888,7949.471788253969,7825.7609670370375
2025-08-12,08:00-12:00,2858.5963166666661,949.41016666666678,7949.471788253969,7825.7609670370375
2025-08-12,12:00-16:00,3647.7650136141015,775.66383116666793,7949.471788253969,7825.7609670370375
2025-08-12,16:00-20:00,45.806065520238462,6210.990069404761,7949.471788253969,7825.7609670370375
2025-08-12,20:00-24:00,7430.0949666666656,460.1055886904802,7949.471788253969,7825.7609670370375
2025-08-13,00:00-04:00,2011.7095447796778,63.077885938994271,7825.7609670370375,7865.1276188231295
2025-08-13,04:00-08:00,1005.462893212519,5665.2883385703526,7825.7609670370375,7865.1276188231295
2025-08-13,08:00-12:00,2742.6698180618941,1041.2793666666666,7825.7609670370375,7865.1276188231295
2025-08-13,12:00-16:00,4774.5688552057672,12.425570660274229,7825.7609670370375,7865.1276188231295
2025-08-13,16:00-20:00,418.79779646862829,5726.9670059747505,7825.7609670370375,7865.1276188231295
2025-08-13,20:00-24:00,7444.7645725525781,2357.8903646091385,7825.7609670370375,7865.1276188231295
2025-08-14,00:00-04:00,2011.6974665339681,181.94182142857142,7865.1276188231295,2370.9845455555551
2025-08-14,04:00-08:00,1323.0546333333332,6062.9747690476197,7865.1276188231295,2370.9845455555551
2025-08-14,08:00-12:00,4137.9848499999989,1705.6054142857145,7865.1276188231295,2370.9845455555551
2025-08-14,12:00-16:00,5108.1835539029908,0,7865.1276188231295,2370.9845455555551
2025-08-14,16:00-20:00,47.682954761904739,6008.435476882124,7865.1276188231295,2370.9845455555551
2025-08-14,20:00-24:00,1376.6410999999996,2330.0193767078667,7865.1276188231295,2370.9845455555551
2025-08-15,00:00-04:00,517.38364047619052,185.28621137566188,2370.9845455555551,2339.7826626280471
2025-08-15,04:00-08:00,915.57739976484436,2029.2983222195771,2370.9845455555551,2339.7826626280471
2025-08-15,08:00-12:00,59.258255085246169,0,2370.9845455555551,2339.7826626280471
2025-08-15,12:00-16:00,10607.408411581418,0,2370.9845455555551,2339.7826626280471
2025-08-15,16:00-20:00,84.960095238094908,5546.7053007142858,2370.9845455555551,2339.7826626280471
2025-08-15,20:00-24:00,1224.9275269059426,3128.4992768571428,2370.9845455555551,2339.7826626280471
2025-08-16,00:00-04:00,523.85076735030248,287.93926478697318,2339.7826626280471,8037.7537290619248
2025-08-16,04:00-08:00,1016.6437166666666,1985.6656636320135,2339.7826626280471,8037.7537290619248
2025-08-16,08:00-12:00,0,0,2339.7826626280471,8037.7537290619248
2025-08-16,12:00-16:00,10666.666666666666,0,2339.7826626280471,8037.7537290619248
2025-08-16,16:00-20:00,74.151909295416118,5830.5003817001761,2339.7826626280471,8037.7537290619248
2025-08-16,20:00-24:00,7431.68328651707,2735.2477707522071,2339.7826626280471,8037.7537290619248
2025-08-17,00:00-04:00,1826.8464332742599,218.30763333332754,8037.7537290619248,7943.9052973161006
2025-08-17,04:00-08:00,1115.4942947521683,5848.6519533936007,8037.7537290619248,7943.9052973161006
2025-08-17,08:00-12:00,5419.9477196511216,985.53868333333321,8037.7537290619248,7943.9052973161006
2025-08-17,12:00-16:00,3413.6620633156972,0,8037.7537290619248,7943.9052973161006
2025-08-17,16:00-20:00,59.3801493603791,5902.8404434450331,8037.7537290619248,7943.9052973161006
2025-08-17,20:00-24:00,7511.287433333333,2799.885530952381,8037.7537290619248,7943.9052973161006
2025-08-18,00:00-04:00,2046.0319101837526,129.66403333333312,7943.9052973161006,7895.4245850000007
2025-08-18,04:00-08:00,915.47471263962507,5780.3214778365673,7943.9052973161006,7895.4245850000007
2025-08-18,08:00-12:00,5322.6900047619047,1603.4113666666667,7943.9052973161006,7895.4245850000007
2025-08-18,12:00-16:00,4227.4393109975299,143.96340114755799,7943.9052973161006,7895.4245850000007
2025-08-18,16:00-20:00,122.77645714285717,5837.2075925728677,7943.9052973161006,7895.4245850000007
2025-08-18,20:00-24:00,7521.0397499999999,2874.9810075652886,7943.9052973161006,7895.4245850000007
2025-08-19,00:00-04:00,2025.3408714285715,167.34910000000002,7895.4245850000007,8103.4942620634883
2025-08-19,04:00-08:00,1028.0681380952365,5100.7182119047611,7895.4245850000007,8103.4942620634883
2025-08-19,08:00-12:00,4605.0614309523817,1131.4490666666663,7895.4245850000007,8103.4942620634883
2025-08-19,12:00-16:00,3671.4538125220388,295.69107650262083,7895.4245850000007,8103.4942620634883
2025-08-19,16:00-20:00,229.03523166108428,5460.6066468809522,7895.4245850000007,8103.4942620634883
2025-08-19,20:00-24:00,7329.04025,2956.202973761905,7895.4245850000007,8103.4942620634883
2025-08-20,00:00-04:00,1979.6469746913583,152.30203571428274,8103.4942620634883,7540.2417493486219
2025-08-20,04:00-08:00,1133.0179095238095,6462.0521547619046,8103.4942620634883,7540.2417493486219
2025-08-20,08:00-12:00,2537.46,2120.0492015952373,8103.4942620634883,7540.2417493486219
2025-08-20,12:00-16:00,3566.2993967959992,424.07811190476173,8103.4942620634883,7540.2417493486219
2025-08-20,16:00-20:00,453.34245343915472,4887.174386785714,8103.4942620634883,7540.2417493486219
2025-08-20,20:00-24:00,7153.4350918688369,88.064850000000206,8103.4942620634883,7540.2417493486219
2025-08-21,00:00-04:00,2496.816735644381,124.9378555849388,7540.2417493486219,2393.2041993812772
2025-08-21,04:00-08:00,924.46171428571449,5420.6912404761897,7540.2417493486219,2393.2041993812772
2025-08-21,08:00-12:00,4104.1145166666665,771.23170000000016,7540.2417493486219,2393.2041993812772
2025-08-21,12:00-16:00,3312.1238398518599,312.73273443622656,7540.2417493486219,2393.2041993812772
2025-08-21,16:00-20:00,746.24128336772731,5574.8946862142866,7540.2417493486219,2393.2041993812772
2025-08-21,20:00-24:00,1290.1972992819244,2855.7494434285709,7540.2417493486219,2393.2041993812772
2025-08-22,00:00-04:00,994.90927947442606,302.2881888774923,2393.2041993812772,2288.823913217559
2025-08-22,04:00-08:00,1093.367574661964,2211.2939523809523,2393.2041993812772,2288.823913217559
2025-08-22,08:00-12:00,231.40436190476166,0,2393.2041993812772,2288.823913217559
2025-08-22,12:00-16:00,10124.390835582668,3.3808333333333089,2393.2041993812772,2288.823913217559
2025-08-22,16:00-20:00,16.445935714285781,6311.6907790249807,2393.2041993812772,2288.823913217559
2025-08-22,20:00-24:00,1306.8411500000002,2416.8494051744542,2393.2041993812772,2288.823913217559
2025-08-23,00:00-04:00,1336.3559581842642,34.06939999999986,2288.823913217559,7555.8480790740741
2025-08-23,04:00-08:00,849.21580499522565,2109.624483333333,2288.823913217559,7555.8480790740741
2025-08-23,08:00-12:00,482.31665476190148,0,2288.823913217559,7555.8480790740741
2025-08-23,12:00-16:00,9435.5095591419777,14.918333333333369,2288.823913217559,7555.8480790740741
2025-08-23,16:00-20:00,19.960433333333413,5753.797954369591,2288.823913217559,7555.8480790740741
2025-08-23,20:00-24:00,7182.5386885364187,2985.0447298449099,2288.823913217559,7555.8480790740741
2025-08-24,00:00-04:00,2328.8610026161041,60.234900000000152,7555.8480790740741,7707.6154377777775
2025-08-24,04:00-08:00,1174.8238547619046,5924.6099413862376,7555.8480790740741,7707.6154377777775
2025-08-24,08:00-12:00,6174.4975142857138,1297.5173333333335,7555.8480790740741,7707.6154377777775
2025-08-24,12:00-16:00,3177.7423725814888,547.35974764570869,7555.8480790740741,7707.6154377777775
2025-08-24,16:00-20:00,123.232250440916,5635.2522777742533,7555.8480790740741,7707.6154377777775
2025-08-24,20:00-24:00,7241.391716666667,2777.079633222892,7555.8480790740741,7707.6154377777775
2025-08-25,00:00-04:00,2637.2206897707192,93.597033333333457,7707.6154377777775,7785.9405449999995
2025-08-25,04:00-08:00,997.55026904761905,6643.5528862857127,7707.6154377777775,7785.9405449999995
2025-08-25,08:00-12:00,3513.7371999999996,1071.3524499999999,7707.6154377777775,7785.9405449999995
2025-08-25,12:00-16:00,3918.4275658436159,1016.8981333333331,7707.6154377777775,7785.9405449999995
2025-08-25,16:00-20:00,219.75564333995908,5788.5285372803701,7707.6154377777775,7785.9405449999995
2025-08-25,20:00-24:00,7317.7117166666649,385.14486184880809,7707.6154377777775,7785.9405449999995
2025-08-26,00:00-04:00,2561.1220928571447,51.999133333333361,7785.9405449999995,8360.8781644609116
2025-08-26,04:00-08:00,980.85056437390313,6006.3854428571431,7785.9405449999995,8360.8781644609116
2025-08-26,08:00-12:00,5225.2196999999996,1429.1314,7785.9405449999995,8360.8781644609116
2025-08-26,12:00-16:00,3966.0979014109353,113.79562380952379,7785.9405449999995,8360.8781644609116
2025-08-26,16:00-20:00,98.209109523809389,5564.1385820149417,7785.9405449999995,8360.8781644609116
2025-08-26,20:00-24:00,7519.2934096193421,2801.24811047619,7785.9405449999995,8360.8781644609116
2025-08-27,00:00-04:00,1933.5636401836534,66.00816854145512,8360.8781644609116,7893.9699290031494
2025-08-27,04:00-08:00,1040.3617207327939,6302.9335278147546,8360.8781644609116,7893.9699290031494
2025-08-27,08:00-12:00,4109.7005690476199,2083.4201833333332,8360.8781644609116,7893.9699290031494
2025-08-27,12:00-16:00,6442.1467194967609,628.92540538095182,8360.8781644609116,7893.9699290031494
2025-08-27,16:00-20:00,152.04412380952397,5618.7252619047613,8360.8781644609116,7893.9699290031494
2025-08-27,20:00-24:00,7445.7850111666658,2830.3223103307146,8360.8781644609116,7893.9699290031494
2025-08-28,00:00-04:00,2105.6136868218991,64.357849999999985,7893.9699290031494,2701.9816190951656
2025-08-28,04:00-08:00,1181.7122523809521,6416.8959863095233,7893.9699290031494,2701.9816190951656
2025-08-28,08:00-12:00,1506.6686714285718,1893.1030523809522,7893.9699290031494,2701.9816190951656
2025-08-28,12:00-16:00,5840.9560851851802,187.82774999999992,7893.9699290031494,2701.9816190951656
2025-08-28,16:00-20:00,500.95547584301539,5652.602644581907,7893.9699290031494,2701.9816190951656
2025-08-28,20:00-24:00,1871.9646282127355,994.37754354140714,7893.9699290031494,2701.9816190951656
2025-08-29,00:00-04:00,1447.8957042681579,0,2701.9816190951656,3327.2279574943677
2025-08-29,04:00-08:00,995.29003659614591,3076.0973666666669,2701.9816190951656,3327.2279574943677
2025-08-29,08:00-12:00,2107.1028785714275,0,2701.9816190951656,3327.2279574943677
2025-08-29,12:00-16:00,8245.1606515284875,39.534250000000007,2701.9816190951656,3327.2279574943677
2025-08-29,16:00-20:00,161.37367079717706,5284.7908881049361,2701.9816190951656,3327.2279574943677
2025-08-29,20:00-24:00,1646.2913156429877,2865.3783391666666,2701.9816190951656,3327.2279574943677
2025-08-30,00:00-04:00,456.67337907167223,193.90765939949273,3327.2279574943677,7854.6592871164003
2025-08-30,04:00-08:00,969.47693333333314,2116.5444716792063,3327.2279574943677,7854.6592871164003
2025-08-30,08:00-12:00,2001.1469309523745,0,3327.2279574943677,7854.6592871164003
2025-08-30,12:00-16:00,7728.1928422398669,45.901666666666642,3327.2279574943677,7854.6592871164003
2025-08-30,16:00-20:00,83.28687427983462,5546.0967185952395,3327.2279574943677,7854.6592871164003
2025-08-30,20:00-24:00,7073.398666666666,2855.7235445000001,3327.2279574943677,7854.6592871164003
2025-08-31,00:00-04:00,2518.3443039976514,20.029999999999859,7854.6592871164003,8443.548712354499
2025-08-31,04:00-08:00,860.93336640211544,6217.5026621904799,7854.6592871164003,8443.548712354499
2025-08-31,08:00-12:00,4092.2087087941518,948.14801666666676,7854.6592871164003,8443.548712354499
2025-08-31,12:00-16:00,4938.0545719818674,319.12085667595454,7854.6592871164003,8443.548712354499
2025-08-31,16:00-20:00,150.91215403850697,5404.9566571428568,7854.6592871164003,8443.548712354499
2025-08-31,20:00-24:00,7649.3772166666668,2930.2038853333343,7854.6592871164003,8443.548712354499
2025-09-01,00:00-04:00,2618.279208495007,0,8443.548712354499,10800
2025-09-01,04:00-08:00,124.47540000000002,5071.5310758095275,8443.548712354499,10800
2025-09-01,08:00-12:00,4580.9630508117598,770.04399999999987,8443.548712354499,10800
2025-09-01,12:00-16:00,2506.382630434563,0,8443.548712354499,10800
2025-09-01,16:00-20:00,0,4442.982585714286,8443.548712354499,10800
2025-09-01,20:00-24:00,8222.5529639251581,2217.2853150650935,8443.548712354499,10800
2025-09-02,00:00-04:00,0,0,10800,10800
2025-09-02,04:00-08:00,136.11259259259498,6209.3638071428577,10800,10800
2025-09-02,08:00-12:00,5497.6653498917076,1530.1275166666669,10800,10800
2025-09-02,12:00-16:00,3921.1496177743738,0,10800,10800
2025-09-02,16:00-20:00,0,4549.6680714285703,10800,10800
2025-09-02,20:00-24:00,8345.6592382673898,2210.3159115680146,10800,10800
2025-09-03,00:00-04:00,51.32277777777886,41.571450000000027,10800,10800
2025-09-03,04:00-08:00,117.77896531451961,5456.2787071428575,10800,10800
2025-09-03,08:00-12:00,4999.5067274143667,545.85995000000014,10800,10800
2025-09-03,12:00-16:00,2367.1153458869749,99.530240476190471,10800,10800
2025-09-03,16:00-20:00,48.523526345927365,4385.1155666666664,10800,10800
2025-09-03,20:00-24:00,8205.8542996890101,2261.6264160814326,10800,10800
2025-09-04,00:00-04:00,0,0,10800,5992.2071046383926
2025-09-04,04:00-08:00,68.063421516753067,6078.5321761904761,10800,5992.2071046383926
2025-09-04,08:00-12:00,6010.1198261904765,980.39524999999981,10800,5992.2071046383926
2025-09-04,12:00-16:00,2678.3734924456203,91.223176190476167,10800,5992.2071046383926
2025-09-04,16:00-20:00,70.789682539682701,4462.3544976190469,10800,5992.2071046383926
2025-09-04,20:00-24:00,3091.2883494037119,2368.6026712234052,10800,5992.2071046383926
2025-09-05,00:00-04:00,1097.8704879670399,0,5992.2071046383926,5829.6875194645099
2025-09-05,04:00-08:00,274.63336002507469,2453.1682928571427,5992.2071046383926,5829.6875194645099
2025-09-05,08:00-12:00,1428.9368928571457,0,5992.2071046383926,5829.6875194645099
2025-09-05,12:00-16:00,5569.1541957959125,0,5992.2071046383926,5829.6875194645099
2025-09-05,16:00-20:00,4.3309298311901836,4456.6520198299304,5992.2071046383926,5829.6875194645099
2025-09-05,20:00-24:00,2720.0713590757941,2223.3950666666669,5992.2071046383926,5829.6875194645099
2025-09-06,00:00-04:00,1249.0066034703088,78.774330952381092,5829.6875194645099,10800
2025-09-06,04:00-08:00,253.83578571428569,2913.4566606609146,5829.6875194645099,10800
2025-09-06,08:00-12:00,1613.6327523809493,0,5829.6875194645099,10800
2025-09-06,12:00-16:00,6100.2066165767246,0,5829.6875194645099,10800
2025-09-06,16:00-20:00,0,4228.3532833333329,5829.6875194645099,10800
2025-09-06,20:00-24:00,7860.0483539094666,2138.285883333333,5829.6875194645099,10800
2025-09-07,00:00-04:00,0,0,10800,10800
2025-09-07,04:00-08:00,163.67581899536131,5945.8801559788353,10800,10800
2025-09-07,08:00-12:00,5153.4542153969178,1463.585429074074,10800,10800
2025-09-07,12:00-16:00,3830.3583422162496,0,10800,10800
2025-09-07,16:00-20:00,0,4466.6083404761903,10800,10800
2025-09-07,20:00-24:00,8099.4655010244505,2093.9587153536172,10800,10800
2025-09-08,00:00-04:00,66.901985765811673,352.3146188312129,10800,7796.8624206206305
2025-09-08,04:00-08:00,391.94081960640119,6147.5379507933631,10800,7796.8624206206305
2025-09-08,08:00-12:00,3498.7326372583307,1149.4841255029078,10800,7796.8624206206305
2025-09-08,12:00-16:00,3703.7023067589212,510.24875994509773,10800,7796.8624206206305
2025-09-08,16:00-20:00,94.266493269490525,5352.4110455198343,10800,7796.8624206206305
2025-09-08,20:00-24:00,7459.669154221152,1515.1501723219044,10800,7796.8624206206305
2025-09-09,00:00-04:00,2519.9281468758563,132.52320205291005,7796.8624206206305,8688.3135660233838
2025-09-09,04:00-08:00,962.48372976297355,5790.0936221538741,7796.8624206206305,8688.3135660233838
2025-09-09,08:00-12:00,6009.7287941409049,765.84803593190509,7796.8624206206305,8688.3135660233838
2025-09-09,12:00-16:00,2343.3812649716665,195.48408637851981,7796.8624206206305,8688.3135660233838
2025-09-09,16:00-20:00,317.27639979763342,5412.9069012393484,7796.8624206206305,8688.3135660233838
2025-09-09,20:00-24:00,7501.1151565550772,2820.5080499853029,7796.8624206206305,8688.3135660233838
2025-09-10,00:00-04:00,837.83020363865182,283.3512737140469,8688.3135660233838,7759.7908502637301
2025-09-10,04:00-08:00,1065.596038296756,6820.0225195160774,8688.3135660233838,7759.7908502637301
2025-09-10,08:00-12:00,3379.7602359299885,1177.8836721585958,8688.3135660233838,7759.7908502637301
2025-09-10,12:00-16:00,2514.9242818202165,315.06475215689284,8688.3135660233838,7759.7908502637301
2025-09-10,16:00-20:00,628.09574044587657,4968.3872569819359,8688.3135660233838,7759.7908502637301
2025-09-10,20:00-24:00,7478.2952941707463,153.60742304094686,8688.3135660233838,7759.7908502637301
2025-09-11,00:00-04:00,1960.1899997069636,124.71541666666667,7759.7908502637301,2814.8076499650283
2025-09-11,04:00-08:00,872.40032619047611,6042.9796414462089,7759.7908502637301,2814.8076499650283
2025-09-11,08:00-12:00,5229.2360215024855,1719.5280785714285,7759.7908502637301,2814.8076499650283
2025-09-11,12:00-16:00,5053.4963333987753,158.94373571428594,7759.7908502637301,2814.8076499650283
2025-09-11,16:00-20:00,250.00185609523805,5503.2426294722063,7759.7908502637301,2814.8076499650283
2025-09-11,20:00-24:00,1621.0555176403509,3040.0432225708118,7759.7908502637301,2814.8076499650283
2025-09-12,00:00-04:00,606.71403192150274,149.18472507488588,2814.8076499650283,2925.8816956152114
2025-09-12,04:00-08:00,880.38184523809537,2508.689820392915,2814.8076499650283,2925.8816956152114
2025-09-12,08:00-12:00,94.991471428572567,0,2814.8076499650283,2925.8816956152114
2025-09-12,12:00-16:00,10571.675195238095,0,2814.8076499650283,2925.8816956152114
2025-09-12,16:00-20:00,58.42029761904746,6113.5671054285749,2814.8076499650283,2925.8816956152114
2025-09-12,20:00-24:00,1653.9507906306649,2360.1599500000002,2814.8076499650283,2925.8816956152114
2025-09-13,00:00-04:00,935.47006688833108,41.666349999999966,2925.8816956152114,7658.4460273615432
2025-09-13,04:00-08:00,913.6837277905704,3004.3135142857141,2925.8816956152114,7658.4460273615432
2025-09-13,08:00-12:00,435.0349309523782,0,2925.8816956152114,7658.4460273615432
2025-09-13,12:00-16:00,10225.300580828007,21.195833333333361,2925.8816956152114,7658.4460273615432
2025-09-13,16:00-20:00,148.15795049970575,6471.4252463333323,2925.8816956152114,7658.4460273615432
2025-09-13,20:00-24:00,7292.6140427473938,2361.8028102380931,2925.8816956152114,7658.4460273615432
2025-09-14,00:00-04:00,2365.1069801482213,217.45038303900208,7658.4460273615432,7401.3958385249243
2025-09-14,04:00-08:00,902.10622188855098,5835.9284749398348,7658.4460273615432,7401.3958385249243
2025-09-14,08:00-12:00,3807.6869085876469,1988.7923895493216,7658.4460273615432,7401.3958385249243
2025-09-14,12:00-16:00,4952.5942321058319,9.2022967030114629,7658.4460273615432,7401.3958385249243
2025-09-14,16:00-20:00,308.65001228285411,5613.3510099108089,7658.4460273615432,7401.3958385249243
2025-09-14,20:00-24:00,7069.9789648071637,2285.5805048653979,7658.4460273615432,7401.3958385249243
2025-09-15,00:00-04:00,2430.5521000596073,234.72418254761499,7401.3958385249243,8016.3098159526471
2025-09-15,04:00-08:00,1060.1700222142867,6114.0230428571431,7401.3958385249243,8016.3098159526471
2025-09-15,08:00-12:00,6214.4806789382728,1482.4775833333331,7401.3958385249243,8016.3098159526471
2025-09-15,12:00-16:00,3905.2989814379685,158.5475160714285,7401.3958385249243,8016.3098159526471
2025-09-15,16:00-20:00,98.578520958259588,5775.2231214285712,7401.3958385249243,8016.3098159526471
2025-09-15,20:00-24:00,7473.7704838333339,2839.6911119047613,7401.3958385249243,8016.3098159526471
2025-09-16,00:00-04:00,1590.6579256388443,276.50132749099453,8016.3098159526471,7483.4562599999999
2025-09-16,04:00-08:00,882.34837857142895,5758.2407322528961,8016.3098159526471,7483.4562599999999
2025-09-16,08:00-12:00,3619.644525890566,1363.1868333333332,8016.3098159526471,7483.4562599999999
2025-09-16,12:00-16:00,5044.4350922104668,230.59029702380954,8016.3098159526471,7483.4562599999999
2025-09-16,16:00-20:00,638.14271025132359,5634.6287369047632,8016.3098159526471,7483.4562599999999
2025-09-16,20:00-24:00,7092.0561166666657,2498.9209202273155,8016.3098159526471,7483.4562599999999
2025-09-17,00:00-04:00,2449.1642547618976,40.92434597295312,7483.4562599999999,7806.4889632275126
2025-09-17,04:00-08:00,1012.0388833333374,5464.2462452380951,7483.4562599999999,7806.4889632275126
2025-09-17,08:00-12:00,3856.7344045267473,2342.5835333333334,7483.4562599999999,7806.4889632275126
2025-09-17,12:00-16:00,6060.4969930295156,44.46286428571424,7483.4562599999999,7806.4889632275126
2025-09-17,16:00-20:00,74.259549764843825,5540.7309071428563,7483.4562599999999,7806.4889632275126
2025-09-17,20:00-24:00,7193.0906166666664,2999.4082798095246,7483.4562599999999,7806.4889632275126
2025-09-18,00:00-04:00,1880.5444182539709,31.420566666666673,7806.4889632275126,3383.1881800658707
2025-09-18,04:00-08:00,1160.5930741916534,5430.025445485303,7806.4889632275126,3383.1881800658707
2025-09-18,08:00-12:00,4296.1699833333332,2155.261583333333,7806.4889632275126,3383.1881800658707
2025-09-18,12:00-16:00,5473.3475183533974,65.763016666666616,7806.4889632275126,3383.1881800658707
2025-09-18,16:00-20:00,41.355019341563938,5630.6406904761898,7806.4889632275126,3383.1881800658707
2025-09-18,20:00-24:00,2595.1385918427368,3180.0497725238088,7806.4889632275126,3383.1881800658707
2025-09-19,00:00-04:00,1012.2183424606128,229.11001666666687,3383.1881800658707,3572.1567064493788
2025-09-19,04:00-08:00,925.62797380952361,3296.5424412404482,3383.1881800658707,3572.1567064493788
2025-09-19,08:00-12:00,1087.0453142857168,0,3383.1881800658707,3572.1567064493788
2025-09-19,12:00-16:00,9568.6677470340619,41.218333333333398,3383.1881800658707,3572.1567064493788
2025-09-19,16:00-20:00,147.33942163433625,6598.5059668724316,3383.1881800658707,3572.1567064493788
2025-09-19,20:00-24:00,2613.4263841395823,2101.5549666666666,3383.1881800658707,3572.1567064493788
2025-09-20,00:00-04:00,273.92681390986161,179.28171204863673,3572.1567064493788,7935.9638621177201
2025-09-20,04:00-08:00,1073.0970299498713,3046.7486372821895,3572.1567064493788,7935.9638621177201
2025-09-20,08:00-12:00,1213.5444523809545,0,3572.1567064493788,7935.9638621177201
2025-09-20,12:00-16:00,9453.1222142857114,42.002500000000055,3572.1567064493788,7935.9638621177201
2025-09-20,16:00-20:00,165.50554664903021,6498.9788666666655,3572.1567064493788,7935.9638621177201
2025-09-20,20:00-24:00,7548.7592589961696,2285.2056499999999,3572.1567064493788,7935.9638621177201
2025-09-21,00:00-04:00,1783.0206374470968,186.9441644032953,7935.9638621177201,7992.5922007179943
2025-09-21,04:00-08:00,1171.5635464726643,5220.0098778095235,7935.9638621177201,7992.5922007179943
2025-09-21,08:00-12:00,5479.8460152851248,1095.1527833333332,7935.9638621177201,7992.5922007179943
2025-09-21,12:00-16:00,2778.6277015854903,2.8375500000000402,7935.9638621177201,7992.5922007179943
2025-09-21,16:00-20:00,82.264206349207015,5678.1024467935504,7935.9638621177201,7992.5922007179943
2025-09-21,20:00-24:00,7544.7253569999993,3026.426118873112,7935.9638621177201,7992.5922007179943
2025-09-22,00:00-04:00,1489.1611258630214,175.59649999999942,7992.5922007179943,7612.3790849999978
2025-09-22,04:00-08:00,1164.8497476190471,5004.6006420952381,7992.5922007179943,7612.3790849999978
2025-09-22,08:00-12:00,5696.7917013815386,1712.6139499999995,7992.5922007179943,7612.3790849999978
2025-09-22,12:00-16:00,3370.5864104644284,174.04982380952359,7992.5922007179943,7612.3790849999978
2025-09-22,16:00-20:00,113.76370476190527,5783.3634124594346,7992.5922007179943,7612.3790849999978
2025-09-22,20:00-24:00,7218.6989833333328,2925.5873312548506,7992.5922007179943,7612.3790849999978
2025-09-23,00:00-04:00,2752.0228690476247,28.208000235158124,7612.3790849999978,7974.3427799999999
2025-09-23,04:00-08:00,1059.8088642857142,5445.6215140000022,7612.3790849999978,7974.3427799999999
2025-09-23,08:00-12:00,4661.2664896809447,1896.6157166666662,7612.3790849999978,7974.3427799999999
2025-09-23,12:00-16:00,4603.0864710926835,468.1268452380952,7612.3790849999978,7974.3427799999999
2025-09-23,16:00-20:00,156.17618278571581,5665.6867302290484,7612.3790849999978,7974.3427799999999
2025-09-23,20:00-24:00,7527.0475333333325,2985.0946804141022,7612.3790849999978,7974.3427799999999
2025-09-24,00:00-04:00,1970.3133508913734,261.47531666666669,7974.3427799999999,8094.7232624338649
2025-09-24,04:00-08:00,902.95139047619068,5406.2343745833159,7974.3427799999999,8094.7232624338649
2025-09-24,08:00-12:00,5446.9783981973997,2393.5189,7974.3427799999999,8094.7232624338649
2025-09-24,12:00-16:00,4771.5100570399572,0,7974.3427799999999,8094.7232624338649
2025-09-24,16:00-20:00,15.029724955909236,5669.1582398759492,7974.3427799999999,8094.7232624338649
2025-09-24,20:00-24:00,7525.7720728333325,2873.640280142858,7974.3427799999999,8094.7232624338649
2025-09-25,00:00-04:00,1774.4413999999999,160.03182619008658,8094.7232624338649,4064.9809023395196
2025-09-25,04:00-08:00,1026.5422047619049,5179.309183774646,8094.7232624338649,4064.9809023395196
2025-09-25,08:00-12:00,5756.1345430919073,1757.6831500000001,8094.7232624338649,4064.9809023395196
2025-09-25,12:00-16:00,3340.6623826728974,141.66437380952371,8094.7232624338649,4064.9809023395196
2025-09-25,16:00-20:00,239.03928924425261,5544.203618335463,8094.7232624338649,4064.9809023395196
2025-09-25,20:00-24:00,3087.7987223104042,3175.8169910610986,8094.7232624338649,4064.9809023395196
2025-09-26,00:00-04:00,1121.1649191524402,21.713899999999796,4064.9809023395196,4310.9949770677449
2025-09-26,04:00-08:00,928.54891593180514,3481.9691373309761,4064.9809023395196,4310.9949770677449
2025-09-26,08:00-12:00,1692.0392880952379,0,4064.9809023395196,4310.9949770677449
2025-09-26,12:00-16:00,8067.1360437654603,0,4064.9809023395196,4310.9949770677449
2025-09-26,16:00-20:00,0,6201.0264499999994,4064.9809023395196,4310.9949770677449
2025-09-26,20:00-24:00,3139.5065588818534,2182.078383333333,4064.9809023395196,4310.9949770677449
2025-09-27,00:00-04:00,695.137660887641,144.18079999999998,4310.9949770677449,7513.4574358012078
2025-09-27,04:00-08:00,850.78373809523828,3825.6015285714284,4310.9949770677449,7513.4574358012078
2025-09-27,08:00-12:00,1864.5191476190444,0,4310.9949770677449,7513.4574358012078
2025-09-27,12:00-16:00,8700.5308721764159,140.6130595238094,4310.9949770677449,7513.4574358012078
2025-09-27,16:00-20:00,255.35012978571439,6516.5933780000005,4310.9949770677449,7513.4574358012078
2025-09-27,20:00-24:00,7183.8479568573084,2326.432320435953,4310.9949770677449,7513.4574358012078
2025-09-28,00:00-04:00,2555.7244316494507,73.434083333332296,7513.4574358012078,8067.1832539456427
2025-09-28,04:00-08:00,1101.7421666666696,5518.3026190476194,7513.4574358012078,8067.1832539456427
2025-09-28,08:00-12:00,4643.0295103249264,2554.9510333333333,7513.4574358012078,8067.1832539456427
2025-09-28,12:00-16:00,5013.8075007015732,256.34193809523805,7513.4574358012078,8067.1832539456427
2025-09-28,16:00-20:00,804.05552420685785,5496.7979284914054,7513.4574358012078,8067.1832539456427
2025-09-28,20:00-24:00,7209.7681499999999,2877.602261044161,7513.4574358012078,8067.1832539456427
2025-09-29,00:00-04:00,2264.8262154572185,148.44843333333336,8067.1832539456427,7835.6426471957702
2025-09-29,04:00-08:00,920.25839047619593,5240.0822976190457,8067.1832539456427,7835.6426471957702
2025-09-29,08:00-12:00,5230.516019947584,2411.2514333333334,8067.1832539456427,7835.6426471957702
2025-09-29,12:00-16:00,4450.4768873716384,170.22543095238115,8067.1832539456427,7835.6426471957702
2025-09-29,16:00-20:00,9.9010875955314575,5628.0042428571423,8067.1832539456427,7835.6426471957702
2025-09-29,20:00-24:00,7503.4213712522069,3117.6886853809547,8067.1832539456427,7835.6426471957702
2025-09-30,00:00-04:00,2049.8151565799817,86.793350000000032,7835.6426471957702,7761.077743756613
2025-09-30,04:00-08:00,896.96154712371708,5144.0768568532912,7835.6426471957702,7761.077743756613
2025-09-30,08:00-12:00,4603.6565632354923,2892.5942499999996,7835.6426471957702,7761.077743756613
2025-09-30,12:00-16:00,5349.0463787418239,684.59840238095251,7835.6426471957702,7761.077743756613
2025-09-30,16:00-20:00,617.53618843768493,5439.7011940202619,7835.6426471957702,7761.077743756613
2025-09-30,20:00-24:00,7403.3543654908863,2764.8442215244954,7835.6426471957702,7761.077743756613
2025-10-01,00:00-04:00,2584.5560013815398,19.149999999999864,7761.077743756613,9793.3202918267161
2025-10-01,04:00-08:00,1195.0446057907172,4489.2391833333331,7761.077743756613,9793.3202918267161
2025-10-01,08:00-12:00,6551.5717968841827,1124.8304333333333,7761.077743756613,9793.3202918267161
2025-10-01,12:00-16:00,77.881111111111949,63.08369999999983,7761.077743756613,9793.3202918267161
2025-10-01,16:00-20:00,0,4849.7956595238084,7761.077743756613,9793.3202918267161
2025-10-01,20:00-24:00,8035.8712753395066,2565.2718108571457,7761.077743756613,9793.3202918267161
2025-10-02,00:00-04:00,350.56088333333366,211.59678392269177,9793.3202918267161,6534.7400738168626
2025-10-02,04:00-08:00,1239.6987880952381,5039.2541095238112,9793.3202918267161,6534.7400738168626
2025-10-02,08:00-12:00,6508.181594620808,1702.946983333333,9793.3202918267161,6534.7400738168626
2025-10-02,12:00-16:00,1605.0273933775234,0,9793.3202918267161,6534.7400738168626
2025-10-02,16:00-20:00,2.014794238683761,4848.6007190476184,9793.3202918267161,6534.7400738168626
2025-10-02,20:00-24:00,4371.6567251404285,2532.8071452142867,9793.3202918267161,6534.7400738168626
2025-10-03,00:00-04:00,89.37548333333325,545.50419412565304,6534.7400738168626,6446.1653327015865
2025-10-03,04:00-08:00,52.677435596707696,3645.1254523809521,6534.7400738168626,6446.1653327015865
2025-10-03,08:00-12:00,1968.1506053497915,0,6534.7400738168626,6446.1653327015865
2025-10-03,12:00-16:00,7802.5910190182294,0,6534.7400738168626,6446.1653327015865
2025-10-03,16:00-20:00,0,5510.4599619047622,6534.7400738168626,6446.1653327015865
2025-10-03,20:00-24:00,4296.474088069368,1888.1352499999998,6534.7400738168626,6446.1653327015865
2025-10-04,00:00-04:00,247.53850621142817,204.99471666666648,6446.1653327015865,10295.195782804234
2025-10-04,04:00-08:00,52.511826190476164,4346.4225976190473,6446.1653327015865,10295.195782804234
2025-10-04,08:00-12:00,1785.8546870958264,0,6446.1653327015865,10295.195782804234
2025-10-04,12:00-16:00,8370.7227766186661,0,6446.1653327015865,10295.195782804234
2025-10-04,16:00-20:00,0,5191.8743071428553,6446.1653327015865,10295.195782804234
2025-10-04,20:00-24:00,8195.1943971193414,1900.5569499999999,6446.1653327015865,10295.195782804234
2025-10-05,00:00-04:00,168.86077440881297,370.92936666666685,10295.195782804234,10005.64455357115
2025-10-05,04:00-08:00,884.88968571428518,5551.531159452381,10295.195782804234,10005.64455357115
2025-10-05,08:00-12:00,5829.3179012933551,1585.2795666666661,10295.195782804234,10005.64455357115
2025-10-05,12:00-16:00,2946.6401426105726,0,10295.195782804234,10005.64455357115
2025-10-05,16:00-20:00,18.242798353908761,4729.9455071428565,10295.195782804234,10005.64455357115
2025-10-05,20:00-24:00,8170.4048058070912,2617.7789540135182,10295.195782804234,10005.64455357115
2025-10-06,00:00-04:00,340.15983333333349,192.3641225027493,10005.64455357115,9784.2577252129595
2025-10-06,04:00-08:00,1026.4733832782476,5516.1930261190464,10005.64455357115,9784.2577252129595
2025-10-06,08:00-12:00,5141.5775995477861,1866.9252666666671,10005.64455357115,9784.2577252129595
2025-10-06,12:00-16:00,3792.9137728214037,53.508600000000115,10005.64455357115,9784.2577252129595
2025-10-06,16:00-20:00,21.746913580247767,4942.4407833333316,10005.64455357115,9784.2577252129595
2025-10-06,20:00-24:00,8041.317519166666,2502.8094545000031,10005.64455357115,9784.2577252129595
2025-10-07,00:00-04:00,581.21628333333365,157.27693333333309,9784.2577252129595,10025.844250449738
2025-10-07,04:00-08:00,884.46357707084553,5852.6035456916607,9784.2577252129595,10025.844250449738
2025-10-07,08:00-12:00,4282.4348894136292,2540.4685333333337,9784.2577252129595,10025.844250449738
2025-10-07,12:00-16:00,5992.5365172603788,45.410466666666551,9784.2577252129595,10025.844250449738
2025-10-07,16:00-20:00,0,4865.9679499999993,9784.2577252129595,10025.844250449738
2025-10-07,20:00-24:00,8094.0359833333323,2386.9413710952367,9784.2577252129595,10025.844250449738
2025-10-08,00:00-04:00,236.72653333333346,219.99389999999983,10025.844250449738,7856.6030480872569
2025-10-08,04:00-08:00,902.65568095238064,6492.1429501715011,10025.844250449738,7856.6030480872569
2025-10-08,08:00-12:00,4409.8201611559471,1836.5570999999998,10025.844250449738,7856.6030480872569
2025-10-08,12:00-16:00,5864.9138279740637,0,10025.844250449738,7856.6030480872569
2025-10-08,16:00-20:00,6.5690867953465686,5639.0496027376321,10025.844250449738,7856.6030480872569
2025-10-08,20:00-24:00,7452.1282666666666,3051.5525102880647,10025.844250449738,7856.6030480872569
2025-10-09,00:00-04:00,2299.8433935606026,0,7856.6030480872569,4264.169938372992
2025-10-09,04:00-08:00,960.49720659523666,6053.8331024435684,7856.6030480872569,4264.169938372992
2025-10-09,08:00-12:00,4873.258857960026,2000.4414833333331,7856.6030480872569,4264.169938372992
2025-10-09,12:00-16:00,5114.296376244265,27.463783333333289,7856.6030480872569,4264.169938372992
2025-10-09,16:00-20:00,11.451161081717549,5739.3656262518298,7856.6030480872569,4264.169938372992
2025-10-09,20:00-24:00,3447.1726591038878,2944.3667235628191,7856.6030480872569,4264.169938372992
2025-10-10,00:00-04:00,723.9735911208835,78.507617166666932,4264.169938372992,4519.5448114978035
2025-10-10,04:00-08:00,972.60712256227157,4045.2978483095258,4264.169938372992,4519.5448114978035
2025-10-10,08:00-12:00,0,0,4264.169938372992,4519.5448114978035
2025-10-10,12:00-16:00,10656.570546737214,49.792916666666613,4264.169938372992,4519.5448114978035
2025-10-10,16:00-20:00,0,6338.2538594523812,4264.169938372992,4519.5448114978035
2025-10-10,20:00-24:00,3699.7393996066126,2261.1518072142862,4264.169938372992,4519.5448114978035
2025-10-11,00:00-04:00,1073.0939486297189,14.570166666666637,4519.5448114978035,7969.7640331247503
2025-10-11,04:00-08:00,1028.2002982363326,4191.062745238095,4519.5448114978035,7969.7640331247503
2025-10-11,08:00-12:00,0,0,4519.5448114978035,7969.7640331247503
2025-10-11,12:00-16:00,10069.128693327451,15.18166666666669,4519.5448114978035,7969.7640331247503
2025-10-11,16:00-20:00,42.682864285714146,6341.9066761666663,4519.5448114978035,7969.7640331247503
2025-10-11,20:00-24:00,7545.7522178752379,2336.7564439047628,4519.5448114978035,7969.7640331247503
2025-10-12,00:00-04:00,2322.0466892676168,0,7969.7640331247503,7691.4148858508606
2025-10-12,04:00-08:00,945.30726043504706,5624.7745345476187,7969.7640331247503,7691.4148858508606
2025-10-12,08:00-12:00,4509.756155873527,2088.2217499999997,7969.7640331247503,7691.4148858508606
2025-10-12,12:00-16:00,4956.5534393645667,54.058816666666637,7969.7640331247503,7691.4148858508606
2025-10-12,16:00-20:00,63.125279247502249,5701.9956166190514,7969.7640331247503,7691.4148858508606
2025-10-12,20:00-24:00,7120.5922948901416,2914.5422211666669,7969.7640331247503,7691.4148858508606
2025-10-13,00:00-04:00,2503.975402670113,15.150244885357097,7691.4148858508606,8114.7898328306846
2025-10-13,04:00-08:00,1141.4487880952383,5456.7486497619029,7691.4148858508606,8114.7898328306846
2025-10-13,08:00-12:00,5701.4437523952838,2267.0011166666663,7691.4148858508606,8114.7898328306846
2025-10-13,12:00-16:00,3837.4704280922242,150.2100857142857,7691.4148858508606,8114.7898328306846
2025-10-13,16:00-20:00,44.284555937682676,5402.727104053577,7691.4148858508606,8114.7898328306846
2025-10-13,20:00-24:00,7376.1315500000001,3016.9764731607102,7691.4148858508606,8114.7898328306846
2025-10-14,00:00-04:00,1896.9670976484415,66.879050000000007,8114.7898328306846,7594.9571942471766
2025-10-14,04:00-08:00,920.8705547619046,5717.7581478095217,8114.7898328306846,7594.9571942471766
2025-10-14,08:00-12:00,4364.6156991673997,2721.1221501904752,8114.7898328306846,7594.9571942471766
2025-10-14,12:00-16:00,5266.6161925971192,117.45935773809579,8114.7898328306846,7594.9571942471766
2025-10-14,16:00-20:00,101.78579389097752,5644.0538356666675,8114.7898328306846,7594.9571942471766
2025-10-14,20:00-24:00,7136.2902436079748,2147.164754476184,8114.7898328306846,7594.9571942471766
2025-10-15,00:00-04:00,2415.9298206777389,96.533190858312423,7594.9571942471766,7839.3676244889612
2025-10-15,04:00-08:00,1008.0697357142857,5519.6353895238153,7594.9571942471766,7839.3676244889612
2025-10-15,08:00-12:00,4039.5800189384936,2510.0903499999999,7594.9571942471766,7839.3676244889612
2025-10-15,12:00-16:00,3956.1756391964313,264.9886833333332,7594.9571942471766,7839.3676244889612
2025-10-15,16:00-20:00,239.63770049970424,5393.9555510238115,7594.9571942471766,7839.3676244889612
2025-10-15,20:00-24:00,7377.0751383210672,1414.3665712547747,7594.9571942471766,7839.3676244889612
2025-10-16,00:00-04:00,2141.2722980692874,79.435150000000021,7839.3676244889612,4746.7260835710194
2025-10-16,04:00-08:00,1041.6912047619048,5484.7244277380942,7839.3676244889612,4746.7260835710194
2025-10-16,08:00-12:00,5015.964684959481,2880.2508499999994,7839.3676244889612,4746.7260835710194
2025-10-16,12:00-16:00,4083.6607108359276,701.39595535714341,7839.3676244889612,4746.7260835710194
2025-10-16,16:00-20:00,123.12118212429175,5619.8714182195281,7839.3676244889612,4746.7260835710194
2025-10-16,20:00-24:00,3973.2147430624491,1284.628692800193,7839.3676244889612,4746.7260835710194
2025-10-17,00:00-04:00,1067.4124066730008,36.804033333333336,4746.7260835710194,4875.8722269157242
2025-10-17,04:00-08:00,970.85309523809508,4164.7915666666668,4746.7260835710194,4875.8722269157242
2025-10-17,08:00-12:00,1074.7992899713568,0,4746.7260835710194,4875.8722269157242
2025-10-17,12:00-16:00,8799.9501769892559,0,4746.7260835710194,4875.8722269157242
2025-10-17,16:00-20:00,0,6121.2230304820687,4746.7260835710194,4875.8722269157242
2025-10-17,20:00-24:00,3970.6592872847891,2426.7259879944581,4746.7260835710194,4875.8722269157242
2025-10-18,00:00-04:00,824.21737270974677,156.89659473839043,4875.8722269157242,8302.639932516433
2025-10-18,04:00-08:00,953.35844999999995,4157.9207999999999,4875.8722269157242,8302.639932516433
2025-10-18,08:00-12:00,2088.5960986184637,0,4875.8722269157242,8302.639932516433
2025-10-18,12:00-16:00,8054.2500047916583,9.9726500000000051,4875.8722269157242,8302.639932516433
2025-10-18,16:00-20:00,39.368762508819252,5880.1021742619068,4875.8722269157242,8302.639932516433
2025-10-18,20:00-24:00,7292.9564141555311,2305.7419992142836,4875.8722269157242,8302.639932516433
2025-10-19,00:00-04:00,1741.8450289499933,180.04088471487546,8302.639932516433,8110.0417974104266
2025-10-19,04:00-08:00,946.44455714285709,5480.0026333333317,8302.639932516433,8110.0417974104266
2025-10-19,08:00-12:00,5842.6748960905352,2658.0241666666661,8302.639932516433,8110.0417974104266
2025-10-19,12:00-16:00,4694.6381720532036,1030.113614285714,8302.639932516433,8110.0417974104266
2025-10-19,16:00-20:00,102.36127083333338,5544.0409023809516,8302.639932516433,8110.0417974104266
2025-10-19,20:00-24:00,7702.5880860115849,2315.8632491898861,8302.639932516433,8110.0417974104266
2025-10-20,00:00-04:00,2043.7106105307143,131.4634666666667,8110.0417974104266,7767.6809570956648
2025-10-20,04:00-08:00,1163.9649560150194,5221.3525047619032,8110.0417974104266,7767.6809570956648
2025-10-20,08:00-12:00,4887.734859435629,3464.4388551428583,8110.0417974104266,7767.6809570956648
2025-10-20,12:00-16:00,5525.7458979423845,282.30856666666671,8110.0417974104266,7767.6809570956648
2025-10-20,16:00-20:00,364.86162201646209,5367.2549023809534,8110.0417974104266,7767.6809570956648
2025-10-20,20:00-24:00,7236.1889544743062,3031.2940499999995,8110.0417974104266,7767.6809570956648
2025-10-21,00:00-04:00,2594.425440872777,66.579249999999888,7767.6809570956648,7884.3589833643437
2025-10-21,04:00-08:00,1165.4336026726126,5231.8897833333322,7767.6809570956648,7884.3589833643437
2025-10-21,08:00-12:00,4697.7659056517232,3512.9413999999992,7767.6809570956648,7884.3589833643437
2025-10-21,12:00-16:00,4629.2627691939579,689.83038333333343,7767.6809570956648,7884.3589833643437
2025-10-21,16:00-20:00,320.10656845238009,5346.8600062316264,7767.6809570956648,7884.3589833643437
2025-10-21,20:00-24:00,7432.3721214336329,1926.7757441643425,7767.6809570956648,7884.3589833643437
2025-10-22,00:00-04:00,2345.2015619259873,42.130416666666747,7884.3589833643437,7746.8133515079371
2025-10-22,04:00-08:00,1160.3250500619022,5125.2110880952378,7884.3589833643437,7746.8133515079371
2025-10-22,08:00-12:00,5144.2358329512026,3688.0581359761909,7884.3589833643437,7746.8133515079371
2025-10-22,12:00-16:00,5673.1335820987715,122.06922619047606,7884.3589833643437,7746.8133515079371
2025-10-22,16:00-20:00,25.701751175779968,5698.4158803277496,7884.3589833643437,7746.8133515079371
2025-10-22,20:00-24:00,7252.5003666666662,2944.7958187674894,7884.3589833643437,7746.8133515079371
2025-10-23,00:00-04:00,2572.2074094356267,43.056537918870958,7746.8133515079371,5381.6962027847703
2025-10-23,04:00-08:00,1806.9542589624459,4861.3927738095235,7746.8133515079371,5381.6962027847703
2025-10-23,08:00-12:00,6217.558836612965,3468.9682166666666,7746.8133515079371,5381.6962027847703
2025-10-23,12:00-16:00,3701.1494892744549,459.98918333333341,7746.8133515079371,5381.6962027847703
2025-10-23,16:00-20:00,48.848008023809939,5452.4089168391856,7746.8133515079371,5381.6962027847703
2025-10-23,20:00-24:00,4268.0787166963246,2920.7751476778326,7746.8133515079371,5381.6962027847703
2025-10-24,00:00-04:00,629.07987935803044,117.75794999999994,5381.6962027847703,5001.3747199392765
2025-10-24,04:00-08:00,932.52408708805706,4854.4410499999994,5381.6962027847703,5001.3747199392765
2025-10-24,08:00-12:00,3436.1721857142857,20.407116666666674,5381.6962027847703,5001.3747199392765
2025-10-24,12:00-16:00,7205.5298666443223,47.267704761904575,5381.6962027847703,5001.3747199392765
2025-10-24,16:00-20:00,26.558067633808918,6268.0969451349993,5381.6962027847703,5001.3747199392765
2025-10-24,20:00-24:00,4263.8819498333323,2394.2528573775649,5381.6962027847703,5001.3747199392765
2025-10-25,00:00-04:00,1088.225925678581,91.911645217223963,5001.3747199392765,7891.6444368565681
2025-10-25,04:00-08:00,1029.504092642856,4482.2064333333328,5001.3747199392765,7891.6444368565681
2025-10-25,08:00-12:00,3342.0596285714264,0,5001.3747199392765,7891.6444368565681
2025-10-25,12:00-16:00,6636.1837744803888,4.8576407071256824,5001.3747199392765,7891.6444368565681
2025-10-25,16:00-20:00,114.76519347259051,6378.2169934420253,5001.3747199392765,7891.6444368565681
2025-10-25,20:00-24:00,7498.7464516513301,2406.2474459374412,5001.3747199392765,7891.6444368565681
2025-10-26,00:00-04:00,2213.1342812704797,84.798000000000002,7891.6444368565681,8340.2139132515513
2025-10-26,04:00-08:00,1908.471407877717,4276.0039085631588,7891.6444368565681,8340.2139132515513
2025-10-26,08:00-12:00,5855.1250812645894,3071.0337333333327,7891.6444368565681,8340.2139132515513
2025-10-26,12:00-16:00,2997.1040016764073,459.45051666666654,7891.6444368565681,8340.2139132515513
2025-10-26,16:00-20:00,43.644219047619117,5384.6030111666669,7891.6444368565681,8340.2139132515513
2025-10-26,20:00-24:00,7472.7632653514829,2917.4945292702068,7891.6444368565681,8340.2139132515513
2025-10-27,00:00-04:00,1807.5959590855819,98.113650000000234,8340.2139132515513,8024.2086559814143
2025-10-27,04:00-08:00,1820.4727666666661,4399.3904982789245,8340.2139132515513,8024.2086559814143
2025-10-27,08:00-12:00,6399.2780953178863,2923.017233333333,8340.2139132515513,8024.2086559814143
2025-10-27,12:00-16:00,2679.5793225749658,776.20206576977853,8340.2139132515513,8024.2086559814143
2025-10-27,16:00-20:00,48.749228571428489,5527.6141673540287,8340.2139132515513,8024.2086559814143
2025-10-27,20:00-24:00,7439.2336949861374,2917.9434612412115,8340.2139132515513,8024.2086559814143
2025-10-28,00:00-04:00,1862.7219782746245,11.103866666666704,8024.2086559814143,8184.2068121957655
2025-10-28,04:00-08:00,1948.6332491919425,4535.7574147551077,8024.2086559814143,8184.2068121957655
2025-10-28,08:00-12:00,6047.2931085477421,3554.1060666666667,8024.2086559814143,8184.2068121957655
2025-10-28,12:00-16:00,3869.3999820244526,520.53957990623007,8024.2086559814143,8184.2068121957655
2025-10-28,16:00-20:00,88.739059376838227,5549.8504642857151,8024.2086559814143,8184.2068121957655
2025-10-28,20:00-24:00,7482.1388977366241,2936.7745500000001,8024.2086559814143,8184.2068121957655
2025-10-29,00:00-04:00,2179.8478225146146,42.482716666666647,8184.2068121957655,7861.7098498148143
2025-10-29,04:00-08:00,1816.819507644117,4510.2731137312985,8184.2068121957655,7861.7098498148143
2025-10-29,08:00-12:00,4012.1435504031301,4541.3643666666667,8184.2068121957655,7861.7098498148143
2025-10-29,12:00-16:00,4938.94896424128,863.85853333333353,8184.2068121957655,7861.7098498148143
2025-10-29,16:00-20:00,255.27680880398987,5510.0678904761926,8184.2068121957655,7861.7098498148143
2025-10-29,20:00-24:00,7413.1516644032909,1521.3131828571381,8184.2068121957655,7861.7098498148143
2025-10-30,00:00-04:00,2438.2323777189895,62.47906666666654,7861.7098498148143,5794.5988561750128
2025-10-30,04:00-08:00,1755.2580736919431,4549.6846376632666,7861.7098498148143,5794.5988561750128
2025-10-30,08:00-12:00,6041.1649612439505,3225.4918023809523,7861.7098498148143,5794.5988561750128
2025-10-30,12:00-16:00,3425.229165794764,582.38986666666642,7861.7098498148143,5794.5988561750128
2025-10-30,16:00-20:00,118.09208229668855,5534.8502776126961,7861.7098498148143,5794.5988561750128
2025-10-30,20:00-24:00,4873.1676430922962,3012.9311293948731,7861.7098498148143,5794.5988561750128
2025-10-31,00:00-04:00,722.19970219236916,69.015568136386321,5794.5988561750128,5827.417456221252
2025-10-31,04:00-08:00,972.98658333333321,5073.1997261904762,5794.5988561750128,5827.417456221252
2025-10-31,08:00-12:00,2998.9848505618243,46.735616666666601,5794.5988561750128,5827.417456221252
2025-10-31,12:00-16:00,7298.9342900221036,44.791102380952282,5794.5988561750128,5827.417456221252
2025-10-31,16:00-20:00,150.54940392854996,6134.0175171048249,5794.5988561750128,5827.417456221252
2025-10-31,20:00-24:00,4787.8646114834719,2317.2344771116141,5794.5988561750128,5827.417456221252
2025-11-01,00:00-04:00,615.80601351724385,186.54391666666697,5827.417456221252,8519.5490002849165
2025-11-01,04:00-08:00,989.01810714285716,4991.9676976190467,5827.417456221252,8519.5490002849165
2025-11-01,08:00-12:00,4104.5066052630809,18.272566666666609,5827.417456221252,8519.5490002849165
2025-11-01,12:00-16:00,6264.2451669291577,37.549247619047648,5827.417456221252,8519.5490002849165
2025-11-01,16:00-20:00,160.84054877571862,5836.2560284900064,5827.417456221252,8519.5490002849165
2025-11-01,20:00-24:00,7442.3646860082299,2363.6848666666665,5827.417456221252,8519.5490002849165
2025-11-02,00:00-04:00,1603.0799277284505,59.074367025990455,8519.5490002849165,7866.5606964227336
2025-11-02,04:00-08:00,1759.3593309523808,4351.7634239016079,8519.5490002849165,7866.5606964227336
2025-11-02,08:00-12:00,5937.3882214285713,4167.2029000000002,8519.5490002849165,7866.5606964227336
2025-11-02,12:00-16:00,4972.3153890319654,929.98913333333314,8519.5490002849165,7866.5606964227336
2025-11-02,16:00-20:00,41.832392710170502,5704.7688147266344,8519.5490002849165,7866.5606964227336
2025-11-02,20:00-24:00,7458.8775145002328,3010.9015833333333,8519.5490002849165,7866.5606964227336
2025-11-03,00:00-04:00,2197.9295032584823,68.047208396018618,7866.5606964227336,8191.5650983534661
2025-11-03,04:00-08:00,1895.6422619047617,3738.5352123095245,7866.5606964227336,8191.5650983534661
2025-11-03,08:00-12:00,5175.7186642857141,3963.8820333333329,7866.5606964227336,8191.5650983534661
2025-11-03,12:00-16:00,4348.7153655202792,620.02486666666664,7866.5606964227336,8191.5650983534661
2025-11-03,16:00-20:00,22.169364785416594,5456.4721137380911,7866.5606964227336,8191.5650983534661
2025-11-03,20:00-24:00,7353.8962552839821,2865.73245,7866.5606964227336,8191.5650983534661
2025-11-04,00:00-04:00,2093.4314107730952,57.496783333333497,8191.5650983534661,7739.4851837022106
2025-11-04,04:00-08:00,1844.9807469940692,3998.4273028377365,8191.5650983534661,7739.4851837022106
2025-11-04,08:00-12:00,5744.275876190477,3735.7086166666668,8191.5650983534661,7739.4851837022106
2025-11-04,12:00-16:00,3577.9318396879753,601.87798333333308,8191.5650983534661,7739.4851837022106
2025-11-04,16:00-20:00,0,5775.2739212228098,8191.5650983534661,7739.4851837022106
2025-11-04,20:00-24:00,7329.8006816830439,2916.327965608466,8191.5650983534661,7739.4851837022106
2025-11-05,00:00-04:00,2146.7975347753222,66.247133333333181,7739.4851837022106,8310.3215855177714
2025-11-05,04:00-08:00,1988.5312249373737,3872.5006010087955,7739.4851837022106,8310.3215855177714
2025-11-05,08:00-12:00,5839.8593928571427,4274.9791666666661,7739.4851837022106,8310.3215855177714
2025-11-05,12:00-16:00,4570.411311669598,830.51568857142968,7739.4851837022106,8310.3215855177714
2025-11-05,16:00-20:00,98.298954879482466,5435.0429142857129,7739.4851837022106,8310.3215855177714
2025-11-05,20:00-24:00,7398.5396452842924,2861.3365666666664,7739.4851837022106,8310.3215855177714
2025-11-06,00:00-04:00,1726.9222976703218,134.16646122181248,8310.3215855177714,5998.6891762098021
2025-11-06,04:00-08:00,1690.973338095238,4068.216908370237,8310.3215855177714,5998.6891762098021
2025-11-06,08:00-12:00,5344.3737690476191,4965.4015223440474,8310.3215855177714,5998.6891762098021
2025-11-06,12:00-16:00,5904.0679850527649,496.47459999999978,8310.3215855177714,5998.6891762098021
2025-11-06,16:00-20:00,82.601173589207505,5487.828983333332,8310.3215855177714,5998.6891762098021
2025-11-06,20:00-24:00,5098.6956272567204,3004.9643875843622,8310.3215855177714,5998.6891762098021
2025-11-07,00:00-04:00,620.50947164225124,82.807500000000118,5998.6891762098021,6000.9939272553202
2025-11-07,04:00-08:00,1048.5612929097661,5530.2798642857142,5998.6891762098021,6000.9939272553202
2025-11-07,08:00-12:00,5240.4727055129333,75.660863590242613,5998.6891762098021,6000.9939272553202
2025-11-07,12:00-16:00,5448.3922944870646,0,5998.6891762098021,6000.9939272553202
2025-11-07,16:00-20:00,0,6104.2432230584873,5998.6891762098021,6000.9939272553202
2025-11-07,20:00-24:00,5077.6276431130973,2327.7406333333333,5998.6891762098021,6000.9939272553202
2025-11-08,00:00-04:00,920.44309102730222,116.27290000000011,6000.9939272553202,8187.4133429419826
2025-11-08,04:00-08:00,968.51103245150148,5227.6239500000001,6000.9939272553202,8187.4133429419826
2025-11-08,08:00-12:00,4763.6325671930208,49.758766666666659,6000.9939272553202,8187.4133429419826
2025-11-08,12:00-16:00,5338.4763736946934,0,6000.9939272553202,8187.4133429419826
2025-11-08,16:00-20:00,49.642951726383103,6080.1756984821441,6000.9939272553202,8187.4133429419826
2025-11-08,20:00-24:00,7455.4161311500739,2350.2501499999998,6000.9939272553202,8187.4133429419826
2025-11-09,00:00-04:00,2079.160637560055,86.766224514991677,8187.4133429419826,8175.3379365953106
2025-11-09,04:00-08:00,1841.9440214470769,2625.8690173809528,8187.4133429419826,8175.3379365953106
2025-11-09,08:00-12:00,5573.6989890219666,4545.3632333333335,8187.4133429419826,8175.3379365953106
2025-11-09,12:00-16:00,3886.1308144310792,1315.0023857142855,8187.4133429419826,8175.3379365953106
2025-11-09,16:00-20:00,142.73719150000034,5342.19978095238,8187.4133429419826,8175.3379365953106
2025-11-09,20:00-24:00,7344.2758333333331,2998.7046885238105,8187.4133429419826,8175.3379365953106
2025-11-10,00:00-04:00,2128.317695846481,63.396546296295242,8175.3379365953106,7853.640809999999
2025-11-10,04:00-08:00,1729.7109833333334,2736.6761241904742,8175.3379365953106,7853.640809999999
2025-11-10,08:00-12:00,5127.5757174309219,5193.4969333333338,8175.3379365953106,7853.640809999999
2025-11-10,12:00-16:00,4656.734523809524,1247.2776380952375,8175.3379365953106,7853.640809999999
2025-11-10,16:00-20:00,50.071776190478431,5721.3930370714306,8175.3379365953106,7853.640809999999
2025-11-10,20:00-24:00,7495.8642266666666,2489.7898228037066,8175.3379365953106,7853.640809999999
2025-11-11,00:00-04:00,2330.4369520746036,104.60903302698307,7853.640809999999,8228.4275177513246
2025-11-11,04:00-08:00,1803.5081394179906,2661.5267626190457,7853.640809999999,8228.4275177513246
2025-11-11,08:00-12:00,5801.8096680611561,4966.8996333333325,7853.640809999999,8228.4275177513246
2025-11-11,12:00-16:00,4001.1753638775535,959.1983523809522,7853.640809999999,8228.4275177513246
2025-11-11,16:00-20:00,119.78726010587761,5325.1871378286178,7853.640809999999,8228.4275177513246
2025-11-11,20:00-24:00,7380.3321433333322,3009.2811605999996,7853.640809999999,8228.4275177513246
2025-11-12,00:00-04:00,1968.8393985302314,22.754816666666784,8228.4275177513246,8075.3538236444429
2025-11-12,04:00-08:00,1907.4063637272588,2223.106567523811,8228.4275177513246,8075.3538236444429
2025-11-12,08:00-12:00,5671.8800725161718,5221.9529666666667,8228.4275177513246,8075.3538236444429
2025-11-12,12:00-16:00,3899.1888790711328,1110.0953333333334,8228.4275177513246,8075.3538236444429
2025-11-12,16:00-20:00,83.76139850088272,5573.8480517857142,8228.4275177513246,8075.3538236444429
2025-11-12,20:00-24:00,7439.3204766666659,2972.0298258200019,8228.4275177513246,8075.3538236444429
2025-11-13,00:00-04:00,2039.0928090961042,86.374316666666687,8075.3538236444429,7189.4089952584973
2025-11-13,04:00-08:00,2000.2907027569217,2457.1265366190469,8075.3538236444429,7189.4089952584973
2025-11-13,08:00-12:00,5610.4696595238092,4163.8605666666672,8075.3538236444429,7189.4089952584973
2025-11-13,12:00-16:00,3535.3160430887756,1524.9399166666662,8075.3538236444429,7189.4089952584973
2025-11-13,16:00-20:00,98.41724750499435,5683.9045773333319,8075.3538236444429,7189.4089952584973
2025-11-13,20:00-24:00,6539.1117912043264,2937.5300166666666,8075.3538236444429,7189.4089952584973
2025-11-14,00:00-04:00,482.09634324599631,77.992580984806978,7189.4089952584973,6921.0066436979741
2025-11-14,04:00-08:00,889.63905476190462,5448.9706380952375,7189.4089952584973,6921.0066436979741
2025-11-14,08:00-12:00,4274.0006761992609,132.81046666666657,7189.4089952584973,6921.0066436979741
2025-11-14,12:00-16:00,5353.4066295139019,34.950650000000024,7189.4089952584973,6921.0066436979741
2025-11-14,16:00-20:00,158.88571666666667,6124.8025883359514,7189.4089952584973,6921.0066436979741
2025-11-14,20:00-24:00,6206.1419425894519,2487.0131863333331,7189.4089952584973,6921.0066436979741
2025-11-15,00:00-04:00,467.82257969478707,140.30078333333347,6921.0066436979741,8069.6018194444514
2025-11-15,04:00-08:00,876.98789999999997,5727.2091,6921.0066436979741,8069.6018194444514
2025-11-15,08:00-12:00,5829.1404977529501,291.41733333333332,6921.0066436979741,8069.6018194444514
2025-11-15,12:00-16:00,4739.6554884022553,26.481109171075673,6921.0066436979741,8069.6018194444514
2025-11-15,16:00-20:00,85.446410705031894,6057.0823778703671,6921.0066436979741,8069.6018194444514
2025-11-15,20:00-24:00,7405.4991499999996,2441.46077962963,6921.0066436979741,8069.6018194444514
2025-11-16,00:00-04:00,2119.8848121692995,39.596550000000093,8069.6018194444514,8039.6482112979293
2025-11-16,04:00-08:00,1937.2400023809523,2391.7887498095201,8069.6018194444514,8039.6482112979293
2025-11-16,08:00-12:00,5239.3105197236855,5949.8525857142849,8069.6018194444514,8039.6482112979293
2025-11-16,12:00-16:00,5655.2216797472156,1275.2074809523813,8069.6018194444514,8039.6482112979293
2025-11-16,16:00-20:00,130.13430517342761,5529.2478416831782,8069.6018194444514,8039.6482112979293
2025-11-16,20:00-24:00,7384.0803477366253,3038.6210893867806,8069.6018194444514,8039.6482112979293
2025-11-17,00:00-04:00,2033.0220574643795,116.24483333333342,8039.6482112979293,8479.9045860317474
2025-11-17,04:00-08:00,2069.9413212522113,2154.0139129047652,8039.6482112979293,8479.9045860317474
2025-11-17,08:00-12:00,5819.2757071428568,5611.2369999999992,8039.6482112979293,8479.9045860317474
2025-11-17,12:00-16:00,4081.6819286672262,977.36366569665006,8039.6482112979293,8479.9045860317474
2025-11-17,16:00-20:00,117.22081691151813,5345.5563802697598,8039.6482112979293,8479.9045860317474
2025-11-17,20:00-24:00,7519.8683596904739,2928.571725349284,8039.6482112979293,8479.9045860317474
2025-11-18,00:00-04:00,1381.2907147266324,53.958216666666544,8479.9045860317474,8245.7571879013212
2025-11-18,04:00-08:00,2146.058251436787,2272.037672174527,8479.9045860317474,8245.7571879013212
2025-11-18,08:00-12:00,5306.3162603210039,5066.4778690476178,8479.9045860317474,8245.7571879013212
2025-11-18,12:00-16:00,5032.5956954108178,1817.0081619047621,8479.9045860317474,8245.7571879013212
2025-11-18,16:00-20:00,163.08176506331301,5343.8452238095233,8479.9045860317474,8245.7571879013212
2025-11-18,20:00-24:00,7331.4737763571429,2959.6668499999996,8479.9045860317474,8245.7571879013212
2025-11-19,00:00-04:00,1363.6674328081053,120.52263333333337,8245.7571879013212,7587.9707850000013
2025-11-19,04:00-08:00,2137.219769523761,2435.1471484525327,8245.7571879013212,7587.9707850000013
2025-11-19,08:00-12:00,5281.0512809523807,6272.3851523809517,8245.7571879013212,7587.9707850000013
2025-11-19,12:00-16:00,6188.7896484807716,1409.2077191651956,8245.7571879013212,7587.9707850000013
2025-11-19,16:00-20:00,287.63408892857183,5441.5301291005308,8245.7571879013212,7587.9707850000013
2025-11-19,20:00-24:00,7130.544121810698,3048.2291176071212,8245.7571879013212,7587.9707850000013
2025-11-20,00:00-04:00,2537.095219614388,58.035266666666644,7587.9707850000013,7150.031361529459
2025-11-20,04:00-08:00,1936.8670864996627,2375.2549166666668,7587.9707850000013,7150.031361529459
2025-11-20,08:00-12:00,5804.6992071428576,5078.2322166666663,7587.9707850000013,7150.031361529459
2025-11-20,12:00-16:00,5121.1586295737452,2071.5056221928285,7587.9707850000013,7150.031361529459
2025-11-20,16:00-20:00,75.72639523809508,5380.0395299761931,7587.9707850000013,7150.031361529459
2025-11-20,20:00-24:00,6285.7793290656564,3057.7518813333327,7587.9707850000013,7150.031361529459
2025-11-21,00:00-04:00,462.40892295405882,276.32773333333341,7150.031361529459,7696.0430653205412
2025-11-21,04:00-08:00,932.6284683360941,5858.436354761905,7150.031361529459,7696.0430653205412
2025-11-21,08:00-12:00,6371.8082908583183,267.88211666666666,7150.031361529459,7696.0430653205412
2025-11-21,12:00-16:00,4247.8693129775247,70.911523809524112,7150.031361529459,7696.0430653205412
2025-11-21,16:00-20:00,42.487992768960559,5832.3026834224002,7150.031361529459,7696.0430653205412
2025-11-21,20:00-24:00,6621.9765537582971,2332.8644833333333,7150.031361529459,7696.0430653205412
2025-11-22,00:00-04:00,423.41571081210515,213.66770000000008,7696.0430653205412,7797.9238779831467
2025-11-22,04:00-08:00,868.9970960251361,5936.5668666666661,7696.0430653205412,7797.9238779831467
2025-11-22,08:00-12:00,5744.6608428571399,406.13419999999996,7696.0430653205412,7797.9238779831467
2025-11-22,12:00-16:00,4535.8740437472288,24.157623809523859,7696.0430653205412,7797.9238779831467
2025-11-22,16:00-20:00,65.228138624337589,6069.6747393386195,7696.0430653205412,7797.9238779831467
2025-11-22,20:00-24:00,7073.1702500000001,2414.2964652622641,7696.0430653205412,7797.9238779831467
2025-11-23,00:00-04:00,2201.7091058571482,67.058599999999956,7797.9238779831467,8035.2113150778932
2025-11-23,04:00-08:00,1816.3943978331499,2193.0753378302988,7797.9238779831467,8035.2113150778932
2025-11-23,08:00-12:00,5464.18943077738,6673.6773761904769,7797.9238779831467,8035.2113150778932
2025-11-23,12:00-16:00,6245.56530483595,1103.88535,7797.9238779831467,8035.2113150778932
2025-11-23,16:00-20:00,21.167450411522132,5372.5749245000015,7797.9238779831467,8035.2113150778932
2025-11-23,20:00-24:00,7250.8858311565109,3006.0980499999996,7797.9238779831467,8035.2113150778932
2025-11-24,00:00-04:00,1907.6333895959929,21.163589928574311,8035.2113150778932,7550.890244558751
2025-11-24,04:00-08:00,1966.9821999999997,2191.747107880949,8035.2113150778932,7550.890244558751
2025-11-24,08:00-12:00,6085.6268476190471,5032.3193404761914,8035.2113150778932,7550.890244558751
2025-11-24,12:00-16:00,4062.6231770723043,1686.8553023809532,8035.2113150778932,7550.890244558751
2025-11-24,16:00-20:00,84.153265726042207,5500.8942866114121,8035.2113150778932,7550.890244558751
2025-11-24,20:00-24:00,6976.2107666666652,3080.3253500000001,8035.2113150778932,7550.890244558751
2025-11-25,00:00-04:00,2504.257345728372,82.961906595239611,7550.890244558751,7762.6616958707491
2025-11-25,04:00-08:00,1934.9150619047621,2135.2562992380954,7550.890244558751,7762.6616958707491
2025-11-25,08:00-12:00,5366.7789131761256,6235.8349190476183,7550.890244558751,7762.6616958707491
2025-11-25,12:00-16:00,6056.4973705687344,1470.3315352380939,7550.890244558751,7762.6616958707491
2025-11-25,16:00-20:00,27.88253968253942,5510.4220809523786,7550.890244558751,7762.6616958707491
2025-11-25,20:00-24:00,7210.9252058763723,3086.6166666666668,7550.890244558751,7762.6616958707491
2025-11-26,00:00-04:00,2590.3563297178093,53.269316666666896,7762.6616958707491,8251.4631251367318
2025-11-26,04:00-08:00,1884.7712600848281,2105.1186968571415,7762.6616958707491,8251.4631251367318
2025-11-26,08:00-12:00,5485.6849240840738,6278.1498999999994,7762.6616958707491,8251.4631251367318
2025-11-26,12:00-16:00,6098.7552210952308,1859.7663471428566,7762.6616958707491,8251.4631251367318
2025-11-26,16:00-20:00,111.86982363315687,5354.6055595238067,7762.6616958707491,8251.4631251367318
2025-11-26,20:00-24:00,7329.6323877180639,2945.0355500000001,7762.6616958707491,8251.4631251367318
2025-11-27,00:00-04:00,1965.9461772081427,48.70708333333323,8251.4631251367318,8052.0494679987996
2025-11-27,04:00-08:00,1849.4887130867314,2056.5717829523801,8251.4631251367318,8052.0494679987996
2025-11-27,08:00-12:00,5607.1777999999995,5412.6939642857142,8251.4631251367318,8052.0494679987996
2025-11-27,12:00-16:00,4914.6977845385027,1848.5555809523812,8251.4631251367318,8052.0494679987996
2025-11-27,16:00-20:00,140.85542692533704,5382.3913035017576,8251.4631251367318,8052.0494679987996
2025-11-27,20:00-24:00,7270.0458969261772,3046.6041333333333,8251.4631251367318,8052.0494679987996
2025-11-28,00:00-04:00,506.19954999999959,91.636199999999803,8052.0494679987996,7732.8215006529244
2025-11-28,04:00-08:00,900.68146666666644,6196.7874883179666,8052.0494679987996,7732.8215006529244
2025-11-28,08:00-12:00,5413.2804999999998,487.24363333333309,8052.0494679987996,7732.8215006529244
2025-11-28,12:00-16:00,4634.8492020112208,119.93418865373262,8052.0494679987996,7732.8215006529244
2025-11-28,16:00-20:00,54.040120954100018,6191.9512173095245,8052.0494679987996,7732.8215006529244
2025-11-28,20:00-24:00,7231.4023663391272,2379.5195398333335,8052.0494679987996,7732.8215006529244
2025-11-29,00:00-04:00,745.60378387182323,64.179349999999886,7732.8215006529244,7622.1485796081288
2025-11-29,04:00-08:00,1040.2369276428567,6113.3732547619038,7732.8215006529244,7622.1485796081288
2025-11-29,08:00-12:00,4275.4014333333334,493.28879999999992,7732.8215006529244,7622.1485796081288
2025-11-29,12:00-16:00,3940.6140666666661,300.58041858246975,7732.8215006529244,7622.1485796081288
2025-11-29,16:00-20:00,243.11112124458236,5816.6840166666661,7732.8215006529244,7622.1485796081288
2025-11-29,20:00-24:00,7208.1190254905123,1448.4997391115949,7732.8215006529244,7622.1485796081288
2025-11-30,00:00-04:00,2709.9386177781498,142.53473333333329,7622.1485796081288,7499.1207749999994
2025-11-30,04:00-08:00,1973.5791567019398,1912.5165034047595,7622.1485796081288,7499.1207749999994
2025-11-30,08:00-12:00,5226.529982308457,6840.2756571428563,7622.1485796081288,7499.1207749999994
2025-11-30,12:00-16:00,5493.1519020812948,2390.716806404761,7622.1485796081288,7499.1207749999994
2025-11-30,16:00-20:00,224.39263333333372,5506.162890858317,7622.1485796081288,7499.1207749999994
2025-11-30,20:00-24:00,7159.0384866186196,1775.6893638489532,7622.1485796081288,7499.1207749999994
2025-12-01,00:00-04:00,1996.2954119047681,413.2426689594439,7499.1207749999994,7546.0911385185191
2025-12-01,04:00-08:00,1429.6025428571425,2599.1131026190478,7499.1207749999994,7546.0911385185191
2025-12-01,08:00-12:00,5517.2576547619046,5431.8302692786547,7499.1207749999994,7546.0911385185191
2025-12-01,12:00-16:00,5961.5870598277934,2867.3864416381289,7499.1207749999994,7546.0911385185191
2025-12-01,16:00-20:00,154.97922048794885,5576.5066563198143,7499.1207749999994,7546.0911385185191
2025-12-01,20:00-24:00,7191.8288889919568,1093.4036648717688,7499.1207749999994,7546.0911385185191
2025-12-02,00:00-04:00,1832.6532919781489,352.0132296324706,7546.0911385185191,7533.1213049999997
2025-12-02,04:00-08:00,1431.6073619047615,2620.1223188571439,7546.0911385185191,7533.1213049999997
2025-12-02,08:00-12:00,4800.8862666666664,5383.3976058222042,7546.0911385185191,7533.1213049999997
2025-12-02,12:00-16:00,5822.1616767445785,2681.8371566666656,7546.0911385185191,7533.1213049999997
2025-12-02,16:00-20:00,89.539515343917287,5887.3415868902403,7546.0911385185191,7533.1213049999997
2025-12-02,20:00-24:00,7036.801449999999,108.01709803477706,7546.0911385185191,7533.1213049999997
2025-12-03,00:00-04:00,1899.2380662890314,334.45077805030155,7533.1213049999997,7599.7903783263482
2025-12-03,04:00-08:00,1396.6654544725664,2405.2036063912365,7533.1213049999997,7599.7903783263482
2025-12-03,08:00-12:00,5211.7270042211985,5629.8366418753521,7533.1213049999997,7599.7903783263482
2025-12-03,12:00-16:00,6275.1601972339104,2859.5320715078997,7533.1213049999997,7599.7903783263482
2025-12-03,16:00-20:00,143.87618590780255,5506.1442075000314,7533.1213049999997,7599.7903783263482
2025-12-03,20:00-24:00,7120.1863082908167,1062.7816339778708,7533.1213049999997,7599.7903783263482
2025-12-04,00:00-04:00,1800.4651342700881,328.71316048358938,7599.7903783263482,7613.9487743554264
2025-12-04,04:00-08:00,1523.8092197406597,2278.8358769619626,7599.7903783263482,7613.9487743554264
2025-12-04,08:00-12:00,5622.0382325063847,5844.9245297968673,7599.7903783263482,7613.9487743554264
2025-12-04,12:00-16:00,7358.7915641328609,2222.0880367121654,7599.7903783263482,7613.9487743554264
2025-12-04,16:00-20:00,64.370153755635897,5733.5634883338407,7599.7903783263482,7613.9487743554264
2025-12-04,20:00-24:00,7135.4166562461305,2618.0940294133302,7599.7903783263482,7613.9487743554264
2025-12-05,00:00-04:00,2445.3153891395,220.67557395925382,7613.9487743554264,7846.0776339455051
2025-12-05,04:00-08:00,795.73046463254946,7352.3297407296377,7613.9487743554264,7846.0776339455051
2025-12-05,08:00-12:00,4608.52260543998,824.79572378635032,7613.9487743554264,7846.0776339455051
2025-12-05,12:00-16:00,5043.9281149804192,104.69142078252865,7613.9487743554264,7846.0776339455051
2025-12-05,16:00-20:00,168.43574525902818,6182.4709232853893,7613.9487743554264,7846.0776339455051
2025-12-05,20:00-24:00,7389.6772176756313,1671.9243688987265,7613.9487743554264,7846.0776339455051
2025-12-06,00:00-04:00,1565.832278745956,515.0974442055732,7846.0776339455051,8129.8527103028773
2025-12-06,04:00-08:00,799.20397533015989,7315.1848207859202,7846.0776339455051,8129.8527103028773
2025-12-06,08:00-12:00,2472.8386487898647,66.866971361111638,7846.0776339455051,8129.8527103028773
2025-12-06,12:00-16:00,6125.2304042794403,19.67500667037217,7846.0776339455051,8129.8527103028773
2025-12-06,16:00-20:00,102.39704182925215,6221.1731664777035,7846.0776339455051,8129.8527103028773
2025-12-06,20:00-24:00,7724.7923960986809,826.74376528709968,7846.0776339455051,8129.8527103028773
2025-12-07,00:00-04:00,1571.7362504571154,654.88823333333335,8129.8527103028773,8091.1482558476637
2025-12-07,04:00-08:00,1526.7435809523809,2465.3253399803016,8129.8527103028773,8091.1482558476637
2025-12-07,08:00-12:00,5480.028390094536,5626.4225294006446,8129.8527103028773,8091.1482558476637
2025-12-07,12:00-16:00,7316.7947190476179,2537.6515199588512,8129.8527103028773,8091.1482558476637
2025-12-07,16:00-20:00,148.04660714285728,5733.404376807498,8129.8527103028773,8091.1482558476637
2025-12-07,20:00-24:00,7704.4421978554283,2252.8533234245092,8129.8527103028773,8091.1482558476637
2025-12-08,00:00-04:00,2245.7440760544641,271.70473333333371,8091.1482558476637,8780.4760014382118
2025-12-08,04:00-08:00,2610.5316690476193,1938.531456357141,8091.1482558476637,8780.4760014382118
2025-12-08,08:00-12:00,5995.1571142857138,5270.6986404916715,8091.1482558476637,8780.4760014382118
2025-12-08,12:00-16:00,4627.4021081785922,2618.9549238095242,8091.1482558476637,8780.4760014382118
2025-12-08,16:00-20:00,49.429679012347648,5377.6468047619046,8091.1482558476637,8780.4760014382118
2025-12-08,20:00-24:00,8034.2007811394569,2987.6654666666673,8091.1482558476637,8780.4760014382118
2025-12-09,00:00-04:00,2285.1099984019843,33.367500000000064,8780.4760014382118,8503.442901395425
2025-12-09,04:00-08:00,897.70978201565333,1486.0277210517279,8780.4760014382118,8503.442901395425
2025-12-09,08:00-12:00,6489.5301992027216,6042.4137831312928,8780.4760014382118,8503.442901395425
2025-12-09,12:00-16:00,5093.931916949964,2581.3077333333331,8780.4760014382118,8503.442901395425
2025-12-09,16:00-20:00,3.192092886537365,5433.7572571428564,8780.4760014382118,8503.442901395425
2025-12-09,20:00-24:00,7798.9509653061232,2952.8800087373183,8780.4760014382118,8503.442901395425
2025-12-10,00:00-04:00,2551.7301095606367,0,8503.442901395425,8374.5555617657956
2025-12-10,04:00-08:00,989.20729965233897,1491.7940436707759,8503.442901395425,8374.5555617657956
2025-12-10,08:00-12:00,6049.8837769646507,5676.5441065648847,8503.442901395425,8374.5555617657956
2025-12-10,12:00-16:00,4896.2856755845914,2506.186804761905,8503.442901395425,8374.5555617657956
2025-12-10,16:00-20:00,78.617762962963951,5593.6805928571457,8503.442901395425,8374.5555617657956
2025-12-10,20:00-24:00,7657.4525986394565,2848.5666087373147,8503.442901395425,8374.5555617657956
2025-12-11,00:00-04:00,2694.9382647046746,0,8374.5555617657956,8597.8325433925875
2025-12-11,04:00-08:00,948.34869882930934,1487.4780412898353,8374.5555617657956,8597.8325433925875
2025-12-11,08:00-12:00,6217.7405319053241,5797.602861071995,8374.5555617657956,8597.8325433925875
2025-12-11,12:00-16:00,4273.9265746503443,1981.3319000000001,8374.5555617657956,8597.8325433925875
2025-12-11,16:00-20:00,29.49382716049513,5291.2470476190483,8374.5555617657956,8597.8325433925875
2025-12-11,20:00-24:00,7775.2062191428522,3012.5107008333334,8374.5555617657956,8597.8325433925875
2025-12-12,00:00-04:00,2452.5049834848605,4.5783256760701079,8597.8325433925875,8355.1788098610978
2025-12-12,04:00-08:00,243.08032380952386,4888.115966904762,8597.8325433925875,8355.1788098610978
2025-12-12,08:00-12:00,5602.1781409171135,1598.6587999999997,8597.8325433925875,8355.1788098610978
2025-12-12,12:00-16:00,2163.105445032324,0,8597.8325433925875,8355.1788098610978
2025-12-12,16:00-20:00,33.609514991183197,5892.3866071428565,8597.8325433925875,8355.1788098610978
2025-12-12,20:00-24:00,7627.4254471707645,2513.3907833333333,8597.8325433925875,8355.1788098610978
2025-12-13,00:00-04:00,2716.4679890432253,0,8355.1788098610978,8554.2367753325816
2025-12-13,04:00-08:00,201.59534047619036,5001.3753359523789,8355.1788098610978,8554.2367753325816
2025-12-13,08:00-12:00,6126.409721751912,1675.5021666666667,8355.1788098610978,8554.2367753325816
2025-12-13,12:00-16:00,2006.2168134332685,73.842216666666744,8355.1788098610978,8554.2367753325816
2025-12-13,16:00-20:00,50.223755614343773,5921.7192333333332,8355.1788098610978,8554.2367753325816
2025-12-13,20:00-24:00,7877.9818768539581,2521.3142311666666,8355.1788098610978,8554.2367753325816
2025-12-14,00:00-04:00,2495.292471852686,0,8554.2367753325816,8576.4399589880086
2025-12-14,04:00-08:00,934.47255244482335,1387.2761008136417,8554.2367753325816,8576.4399589880086
2025-12-14,08:00-12:00,5879.3521202281718,6221.4440613267216,8554.2367753325816,8576.4399589880086
2025-12-14,12:00-16:00,5561.7813916978239,2415.5207500000001,8554.2367753325816,8576.4399589880086
2025-12-14,16:00-20:00,61.808023551506885,5252.5136148148149,8554.2367753325816,8576.4399589880086
2025-12-14,20:00-24:00,7761.6178653061233,3085.6653920706522,8554.2367753325816,8576.4399589880086
2025-12-15,00:00-04:00,2470.6222677911032,0,8576.4399589880086,8415.0511882879346
2025-12-15,04:00-08:00,927.26386931725369,1480.0703412898333,8576.4399589880086,8415.0511882879346
2025-12-15,08:00-12:00,5684.0902728078481,6314.198230952381,8576.4399589880086,8415.0511882879346
2025-12-15,12:00-16:00,5825.6130252521143,2279.6748333333335,8576.4399589880086,8415.0511882879346
2025-12-15,16:00-20:00,3.9866666666665651,5398.5724785714292,8576.4399589880086,8415.0511882879346
2025-12-15,20:00-24:00,7681.4242415237695,2973.0642876036823,8576.4399589880086,8415.0511882879346
2025-12-16,00:00-04:00,2649.9431241245211,0,8415.0511882879346,8510.5048048610352
2025-12-16,04:00-08:00,916.22512345679115,1433.5754452380952,8415.0511882879346,8510.5048048610352
2025-12-16,08:00-12:00,5765.4568222516191,6365.535861904762,8415.0511882879346,8510.5048048610352
2025-12-16,12:00-16:00,5599.9799561140471,2149.0348333333332,8415.0511882879346,8510.5048048610352
2025-12-16,16:00-20:00,7.9783333333334667,5259.3793309523808,8415.0511882879346,8510.5048048610352
2025-12-16,20:00-24:00,7686.2643660713402,3033.502931190475,8415.0511882879346,8510.5048048610352
2025-12-17,00:00-04:00,2547.7374596194277,3.1216666666667834,8510.5048048610352,8484.1141887112226
2025-12-17,04:00-08:00,909.38275526668849,1416.0226508136388,8510.5048048610352,8484.1141887112226
2025-12-17,08:00-12:00,6352.9411994047614,5972.4152047619045,8510.5048048610352,8484.1141887112226
2025-12-17,12:00-16:00,4587.921216820986,2210.2607333333335,8510.5048048610352,8484.1141887112226
2025-12-17,16:00-20:00,17.94552510287987,5393.8240928571431,8510.5048048610352,8484.1141887112226
2025-12-17,20:00-24:00,7894.4168415237791,3099.4866542703526,8510.5048048610352,8484.1141887112226
2025-12-18,00:00-04:00,2514.040843810551,27.175716666666744,8484.1141887112226,8449.9386478835968
2025-12-18,04:00-08:00,965.98932863846812,1411.4000642857141,8484.1141887112226,8449.9386478835968
2025-12-18,08:00-12:00,6062.9700984780229,6320.843883333333,8484.1141887112226,8449.9386478835968
2025-12-18,12:00-16:00,5406.0110802403797,2264.9823000000006,8484.1141887112226,8449.9386478835968
2025-12-18,16:00-20:00,42.866287477953293,5300.6973214285699,8484.1141887112226,8449.9386478835968
2025-12-18,20:00-24:00,7584.687916666664,2992.6768008333333,8484.1141887112226,8449.9386478835968
2025-12-19,00:00-04:00,2617.1833953556752,4.8633333333333439,8449.9386478835968,7977.770309074077
2025-12-19,04:00-08:00,346.35657380952364,4728.8660402592432,8449.9386478835968,7977.770309074077
2025-12-19,08:00-12:00,6413.0657833333325,1621.1751166666663,8449.9386478835968,7977.770309074077
2025-12-19,12:00-16:00,1117.7987213664978,30.50791666666661,8449.9386478835968,7977.770309074077
2025-12-19,16:00-20:00,0,6040.5294333333331,8449.9386478835968,7977.770309074077
2025-12-19,20:00-24:00,7496.7362666666686,2571.8336644999999,8449.9386478835968,7977.770309074077
2025-12-20,00:00-04:00,3135.8107676954724,0,7977.770309074077,8292.4433667081121
2025-12-20,04:00-08:00,368.67902380952404,4519.931019857142,7977.770309074077,8292.4433667081121
2025-12-20,08:00-12:00,6350.1749018518531,2062.8946166666669,7977.770309074077,8292.4433667081121
2025-12-20,12:00-16:00,1490.2230330099901,66.526699999999892,7977.770309074077,8292.4433667081121
2025-12-20,16:00-20:00,1.2856407995301804,6057.0253635358595,7977.770309074077,8292.4433667081121
2025-12-20,20:00-24:00,7637.2519617599273,2386.9910645,7977.770309074077,8292.4433667081121
2025-12-21,00:00-04:00,2793.081485550661,5.5950333333332765,8292.4433667081121,8506.4257717913879
2025-12-21,04:00-08:00,934.63540857187809,1518.2780142765555,8292.4433667081121,8506.4257717913879
2025-12-21,08:00-12:00,5913.4838694410555,5893.9894023901097,8292.4433667081121,8506.4257717913879
2025-12-21,12:00-16:00,5043.7039730158667,2220.1094166666667,8292.4433667081121,8506.4257717913879
2025-12-21,16:00-20:00,19.347736625513789,5535.5635976190479,8292.4433667081121,8506.4257717913879
2025-12-21,20:00-24:00,7854.2584034013607,2906.2741811904762,8292.4433667081121,8506.4257717913879
2025-12-22,00:00-04:00,2496.2241061902714,0,8506.4257717913879,8118.3270698866218
2025-12-22,04:00-08:00,972.04499583503468,1431.11194106227,8506.4257717913879,8118.3270698866218
2025-12-22,08:00-12:00,6325.7392044091703,6059.9084345991032,8506.4257717913879,8118.3270698866218
2025-12-22,12:00-16:00,4992.3900240788435,2421.7454666666663,8506.4257717913879,8118.3270698866218
2025-12-22,16:00-20:00,6.9320987654317987,5530.5677952380938,8506.4257717913879,8118.3270698866218
2025-12-22,20:00-24:00,7713.7627319727908,3136.7006547619048,8506.4257717913879,8118.3270698866218
2025-12-23,00:00-04:00,2979.6365890148636,0,8118.3270698866218,8567.8210985548176
2025-12-23,04:00-08:00,911.79790123457065,1399.8581452380952,8118.3270698866218,8567.8210985548176
2025-12-23,08:00-12:00,6446.7182166666662,5700.5405482142887,8118.3270698866218,8567.8210985548176
2025-12-23,12:00-16:00,4351.6853554967702,2384.8644999999997,8118.3270698866218,8567.8210985548176
2025-12-23,16:00-20:00,40.605402175190903,5367.2776071428589,8118.3270698866218,8567.8210985548176
2025-12-23,20:00-24:00,7809.7427367346936,3000.4653966748156,8118.3270698866218,8567.8210985548176
2025-12-24,00:00-04:00,2480.1987793835287,0,8567.8210985548176,8336.7577315441686
2025-12-24,04:00-08:00,905.20716337059616,1479.0260166158964,8567.8210985548176,8336.7577315441686
2025-12-24,08:00-12:00,6169.1276204805963,5956.8661857142852,8567.8210985548176,8336.7577315441686
2025-12-24,12:00-16:00,5079.3397075617286,2408.5841357142854,8567.8210985548176,8336.7577315441686
2025-12-24,16:00-20:00,109.54337652381298,5610.5178413386247,8567.8210985548176,8336.7577315441686
2025-12-24,20:00-24:00,7748.105285692287,2971.0956166666665,8567.8210985548176,8336.7577315441686
2025-12-25,00:00-04:00,2736.9358538398142,0,8336.7577315441686,8162.2318207401549
2025-12-25,04:00-08:00,1014.1055480267499,1527.382755806429,8336.7577315441686,8162.2318207401549
2025-12-25,08:00-12:00,6169.9244693938217,5577.8211686406639,8336.7577315441686,8162.2318207401549
2025-12-25,12:00-16:00,4297.0156506211079,2202.50515,8336.7577315441686,8162.2318207401549
2025-12-25,16:00-20:00,19.747605967077813,5614.3059545952383,8336.7577315441686,8162.2318207401549
2025-12-25,20:00-24:00,7715.2310896231038,3016.9560668333334,8336.7577315441686,8162.2318207401549
2025-12-26,00:00-04:00,2930.8535325109374,0,8162.2318207401549,8865.5042970383092
2025-12-26,04:00-08:00,267.10019130952435,4775.7495166666668,8162.2318207401549,8865.5042970383092
2025-12-26,08:00-12:00,6654.7987056437378,1738.8788666666669,8162.2318207401549,8865.5042970383092
2025-12-26,12:00-16:00,1363.1994775323335,196.3013,8162.2318207401549,8865.5042970383092
2025-12-26,16:00-20:00,0,5810.3037785714278,8162.2318207401549,8865.5042970383092
2025-12-26,20:00-24:00,7776.7661383905897,2229.9229261904757,8162.2318207401549,8865.5042970383092
2025-12-27,00:00-04:00,2149.4396699574318,0,8865.5042970383092,8514.0521413795559
2025-12-27,04:00-08:00,227.0351103571445,4584.4497166666661,8865.5042970383092,8514.0521413795559
2025-12-27,08:00-12:00,6085.20016904762,1699.5235666666663,8865.5042970383092,8514.0521413795559
2025-12-27,12:00-16:00,1498.7573396428552,42.930738095237992,8865.5042970383092,8514.0521413795559
2025-12-27,16:00-20:00,6.778821428571689,5979.8523918095216,8865.5042970383092,8514.0521413795559
2025-12-27,20:00-24:00,7859.1178876880376,2448.8770153333335,8865.5042970383092,8514.0521413795559
2025-12-28,00:00-04:00,2539.9420651338296,0,8514.0521413795559,8578.7832228873776
2025-12-28,04:00-08:00,698.37321287478221,1304.4564690952379,8514.0521413795559,8578.7832228873776
2025-12-28,08:00-12:00,6374.583604761905,5994.1647190476178,8514.0521413795559,8578.7832228873776
2025-12-28,12:00-16:00,4077.2125710170458,1733.0160166666665,8514.0521413795559,8578.7832228873776
2025-12-28,16:00-20:00,26.889273809523843,5274.1404507642528,8514.0521413795559,8578.7832228873776
2025-12-28,20:00-24:00,7779.412155500966,3048.0588063786013,8514.0521413795559,8578.7832228873776
2025-12-29,00:00-04:00,2468.0186412362477,0,8578.7832228873776,8463.4960053718023
2025-12-29,04:00-08:00,696.07747507348392,1241.0519214761907,8578.7832228873776,8463.4960053718023
2025-12-29,08:00-12:00,6459.341642880041,5554.7183119047604,8578.7832228873776,8463.4960053718023
2025-12-29,12:00-16:00,4127.5799658579272,2343.459024506325,8578.7832228873776,8463.4960053718023
2025-12-29,16:00-20:00,108.38425925925955,5390.8063952380962,8578.7832228873776,8463.4960053718023
2025-12-29,20:00-24:00,7670.9600618181739,3013.3161,8578.7832228873776,8463.4960053718023
2025-12-30,00:00-04:00,2596.1155495868834,0,8463.4960053718023,8145.1025782316337
2025-12-30,04:00-08:00,743.21641302175453,1345.7013659761915,8463.4960053718023,8145.1025782316337
2025-12-30,08:00-12:00,6025.9700571428557,6545.1932692619048,8463.4960053718023,8145.1025782316337
2025-12-30,12:00-16:00,5175.298532186951,1784.1382166666665,8463.4960053718023,8145.1025782316337
2025-12-30,16:00-20:00,0.32666666666659694,5473.1943845238093,8463.4960053718023,8145.1025782316337
2025-12-30,20:00-24:00,7536.8845544431388,3021.3543841666665,8463.4960053718023,8145.1025782316337
2025-12-31,00:00-04:00,2677.5071697475601,91.648955847771319,8145.1025782316337,8388.8938951805321
2025-12-31,04:00-08:00,1455.1211925711573,1607.5239999013461,8145.1025782316337,8388.8938951805321
2025-12-31,08:00-12:00,5815.4717103646472,7355.037520756393,8145.1025782316337,8388.8938951805321
2025-12-31,12:00-16:00,6924.4189912322354,2223.1222856745994,8145.1025782316337,8388.8938951805321
2025-12-31,16:00-20:00,0,5165.501994323613,8145.1025782316337,8388.8938951805321
2025-12-31,20:00-24:00,7437.1604910894275,3028.5934977963457,8145.1025782316337,8388.8938951805321
