requirement_id,section,source_line,source_text,implementation_symbols,code_locations,acceptance,status
Q3-L0001,3.1,1,# 第三问：基于联合历史误差场景与非对称调整结算的四时点随机经济滚动优化模型,rolling.run_day;optimization.solve;analysis.run_experiments,src/q3/rolling.py:92;src/q3/optimization.py:135;src/q3/analysis.py:136,四节点真实回放和分层实验入口,implemented; bounded-tests-only; full-numerical-evaluation-not-run
Q3-L0003,3.1,3,## 3.1 问题分析与模型定位,rolling.run_day;optimization.solve;analysis.run_experiments,src/q3/rolling.py:92;src/q3/optimization.py:135;src/q3/analysis.py:136,四节点真实回放和分层实验入口,implemented; bounded-tests-only; full-numerical-evaluation-not-run
Q3-L0005,3.1,5,问题三在问题二的基础上新增了两类关键信息与决策机制：,rolling.run_day;optimization.solve;analysis.run_experiments,src/q3/rolling.py:92;src/q3/optimization.py:135;src/q3/analysis.py:136,四节点真实回放和分层实验入口,implemented; bounded-tests-only; full-numerical-evaluation-not-run
Q3-L0007,3.1,7,"1. 每天 \(0{:}00,6{:}00,12{:}00,18{:}00\) 均可获得未来 24 h 整点光伏发电功率预报；",rolling.run_day;optimization.solve;analysis.run_experiments,src/q3/rolling.py:92;src/q3/optimization.py:135;src/q3/analysis.py:136,四节点真实回放和分层实验入口,implemented; bounded-tests-only; full-numerical-evaluation-not-run
Q3-L0008,3.1,8,"2. \(0{:}00\) 根据当时预报制定全天计划购电策略，\(6{:}00,12{:}00,18{:}00\) 可依据新预报调整尚未执行时段的购电策略；",rolling.run_day;optimization.solve;analysis.run_experiments,src/q3/rolling.py:92;src/q3/optimization.py:135;src/q3/analysis.py:136,四节点真实回放和分层实验入口,implemented; bounded-tests-only; full-numerical-evaluation-not-run
Q3-L0009,3.1,9,3. 若调整购电量高于 \(0{:}00\) 原计划购电量，超出部分按交易时刻电价的 \(1.5\) 倍结算；若调整购电量低于原计划购电量，则取消部分按交易时刻电价的 \(0.5\) 倍支付违约费用；,rolling.run_day;optimization.solve;analysis.run_experiments,src/q3/rolling.py:92;src/q3/optimization.py:135;src/q3/analysis.py:136,四节点真实回放和分层实验入口,implemented; bounded-tests-only; full-numerical-evaluation-not-run
Q3-L0010,3.1,10,4. 若实际运行中供电仍不足，则延续问题二的紧急购电机制，以交易时刻电价的 \(5\) 倍补足缺口。,rolling.run_day;optimization.solve;analysis.run_experiments,src/q3/rolling.py:92;src/q3/optimization.py:135;src/q3/analysis.py:136,四节点真实回放和分层实验入口,implemented; bounded-tests-only; full-numerical-evaluation-not-run
Q3-L0012,3.1,12,因此，本问的核心不再只是“如何在不确定负荷和光伏下制定全天计划”，而变为,rolling.run_day;optimization.solve;analysis.run_experiments,src/q3/rolling.py:92;src/q3/optimization.py:135;src/q3/analysis.py:136,四节点真实回放和分层实验入口,implemented; bounded-tests-only; full-numerical-evaluation-not-run
Q3-L0014,3.1,14,\[,rolling.run_day;optimization.solve;analysis.run_experiments,src/q3/rolling.py:92;src/q3/optimization.py:135;src/q3/analysis.py:136,四节点真实回放和分层实验入口,implemented; bounded-tests-only; full-numerical-evaluation-not-run
Q3-L0015,3.1,15,\boxed{,rolling.run_day;optimization.solve;analysis.run_experiments,src/q3/rolling.py:92;src/q3/optimization.py:135;src/q3/analysis.py:136,四节点真实回放和分层实验入口,implemented; bounded-tests-only; full-numerical-evaluation-not-run
Q3-L0016,3.1,16,\text{在四个固定信息更新节点上，如何利用新光伏预报修正未来购电与储能策略},rolling.run_day;optimization.solve;analysis.run_experiments,src/q3/rolling.py:92;src/q3/optimization.py:135;src/q3/analysis.py:136,四节点真实回放和分层实验入口,implemented; bounded-tests-only; full-numerical-evaluation-not-run
Q3-L0017,3.1,17,},rolling.run_day;optimization.solve;analysis.run_experiments,src/q3/rolling.py:92;src/q3/optimization.py:135;src/q3/analysis.py:136,四节点真实回放和分层实验入口,implemented; bounded-tests-only; full-numerical-evaluation-not-run
Q3-L0018,3.1,18,\],rolling.run_day;optimization.solve;analysis.run_experiments,src/q3/rolling.py:92;src/q3/optimization.py:135;src/q3/analysis.py:136,四节点真实回放和分层实验入口,implemented; bounded-tests-only; full-numerical-evaluation-not-run
Q3-L0020,3.1,20,并同时权衡,rolling.run_day;optimization.solve;analysis.run_experiments,src/q3/rolling.py:92;src/q3/optimization.py:135;src/q3/analysis.py:136,四节点真实回放和分层实验入口,implemented; bounded-tests-only; full-numerical-evaluation-not-run
Q3-L0022,3.1,22,\[,rolling.run_day;optimization.solve;analysis.run_experiments,src/q3/rolling.py:92;src/q3/optimization.py:135;src/q3/analysis.py:136,四节点真实回放和分层实验入口,implemented; bounded-tests-only; full-numerical-evaluation-not-run
Q3-L0023,3.1,23,\boxed{,rolling.run_day;optimization.solve;analysis.run_experiments,src/q3/rolling.py:92;src/q3/optimization.py:135;src/q3/analysis.py:136,四节点真实回放和分层实验入口,implemented; bounded-tests-only; full-numerical-evaluation-not-run
Q3-L0024,3.1,24,\text{正常购电成本},rolling.run_day;optimization.solve;analysis.run_experiments,src/q3/rolling.py:92;src/q3/optimization.py:135;src/q3/analysis.py:136,四节点真实回放和分层实验入口,implemented; bounded-tests-only; full-numerical-evaluation-not-run
Q3-L0025,3.1,25,+,rolling.run_day;optimization.solve;analysis.run_experiments,src/q3/rolling.py:92;src/q3/optimization.py:135;src/q3/analysis.py:136,四节点真实回放和分层实验入口,implemented; bounded-tests-only; full-numerical-evaluation-not-run
Q3-L0026,3.1,26,\text{调整成本},rolling.run_day;optimization.solve;analysis.run_experiments,src/q3/rolling.py:92;src/q3/optimization.py:135;src/q3/analysis.py:136,四节点真实回放和分层实验入口,implemented; bounded-tests-only; full-numerical-evaluation-not-run
Q3-L0027,3.1,27,+,rolling.run_day;optimization.solve;analysis.run_experiments,src/q3/rolling.py:92;src/q3/optimization.py:135;src/q3/analysis.py:136,四节点真实回放和分层实验入口,implemented; bounded-tests-only; full-numerical-evaluation-not-run
Q3-L0028,3.1,28,\text{紧急购电成本}.,rolling.run_day;optimization.solve;analysis.run_experiments,src/q3/rolling.py:92;src/q3/optimization.py:135;src/q3/analysis.py:136,四节点真实回放和分层实验入口,implemented; bounded-tests-only; full-numerical-evaluation-not-run
Q3-L0029,3.1,29,},rolling.run_day;optimization.solve;analysis.run_experiments,src/q3/rolling.py:92;src/q3/optimization.py:135;src/q3/analysis.py:136,四节点真实回放和分层实验入口,implemented; bounded-tests-only; full-numerical-evaluation-not-run
Q3-L0030,3.1,30,\],rolling.run_day;optimization.solve;analysis.run_experiments,src/q3/rolling.py:92;src/q3/optimization.py:135;src/q3/analysis.py:136,四节点真实回放和分层实验入口,implemented; bounded-tests-only; full-numerical-evaluation-not-run
Q3-L0032,3.1,32,从数学结构上看，本问同时具有：,rolling.run_day;optimization.solve;analysis.run_experiments,src/q3/rolling.py:92;src/q3/optimization.py:135;src/q3/analysis.py:136,四节点真实回放和分层实验入口,implemented; bounded-tests-only; full-numerical-evaluation-not-run
Q3-L0034,3.1,34,- 随机性：未来负荷与光伏均存在预测误差；,rolling.run_day;optimization.solve;analysis.run_experiments,src/q3/rolling.py:92;src/q3/optimization.py:135;src/q3/analysis.py:136,四节点真实回放和分层实验入口,implemented; bounded-tests-only; full-numerical-evaluation-not-run
Q3-L0035,3.1,35,- 动态信息更新：光伏预报在 \(0/6/12/18\) 点更新；,rolling.run_day;optimization.solve;analysis.run_experiments,src/q3/rolling.py:92;src/q3/optimization.py:135;src/q3/analysis.py:136,四节点真实回放和分层实验入口,implemented; bounded-tests-only; full-numerical-evaluation-not-run
Q3-L0036,3.1,36,- 跨时段状态耦合：储能 SOC 将各时段联系起来；,rolling.run_day;optimization.solve;analysis.run_experiments,src/q3/rolling.py:92;src/q3/optimization.py:135;src/q3/analysis.py:136,四节点真实回放和分层实验入口,implemented; bounded-tests-only; full-numerical-evaluation-not-run
Q3-L0037,3.1,37,- 非对称经济损失：\(0.5/1.5/5\) 倍价格形成不同方向的边际调整代价；,rolling.run_day;optimization.solve;analysis.run_experiments,src/q3/rolling.py:92;src/q3/optimization.py:135;src/q3/analysis.py:136,四节点真实回放和分层实验入口,implemented; bounded-tests-only; full-numerical-evaluation-not-run
Q3-L0038,3.1,38,- 滚动决策：每次只执行当前信息节点至下一信息节点之间的策略，之后基于新信息重新规划。,rolling.run_day;optimization.solve;analysis.run_experiments,src/q3/rolling.py:92;src/q3/optimization.py:135;src/q3/analysis.py:136,四节点真实回放和分层实验入口,implemented; bounded-tests-only; full-numerical-evaluation-not-run
Q3-L0040,3.1,40,结合题目给定的四时点信息更新机制、历史预测误差轨迹以及全年滚动求解规模，本文采用,rolling.run_day;optimization.solve;analysis.run_experiments,src/q3/rolling.py:92;src/q3/optimization.py:135;src/q3/analysis.py:136,四节点真实回放和分层实验入口,implemented; bounded-tests-only; full-numerical-evaluation-not-run
Q3-L0042,3.1,42,\[,rolling.run_day;optimization.solve;analysis.run_experiments,src/q3/rolling.py:92;src/q3/optimization.py:135;src/q3/analysis.py:136,四节点真实回放和分层实验入口,implemented; bounded-tests-only; full-numerical-evaluation-not-run
Q3-L0043,3.1,43,\boxed{,rolling.run_day;optimization.solve;analysis.run_experiments,src/q3/rolling.py:92;src/q3/optimization.py:135;src/q3/analysis.py:136,四节点真实回放和分层实验入口,implemented; bounded-tests-only; full-numerical-evaluation-not-run
Q3-L0044,3.1,44,\textbf{基于联合历史误差场景与非对称调整结算的四时点随机经济滚动优化模型},rolling.run_day;optimization.solve;analysis.run_experiments,src/q3/rolling.py:92;src/q3/optimization.py:135;src/q3/analysis.py:136,四节点真实回放和分层实验入口,implemented; bounded-tests-only; full-numerical-evaluation-not-run
Q3-L0045,3.1,45,},rolling.run_day;optimization.solve;analysis.run_experiments,src/q3/rolling.py:92;src/q3/optimization.py:135;src/q3/analysis.py:136,四节点真实回放和分层实验入口,implemented; bounded-tests-only; full-numerical-evaluation-not-run
Q3-L0046,3.1,46,\],rolling.run_day;optimization.solve;analysis.run_experiments,src/q3/rolling.py:92;src/q3/optimization.py:135;src/q3/analysis.py:136,四节点真实回放和分层实验入口,implemented; bounded-tests-only; full-numerical-evaluation-not-run
Q3-L0048,3.1,48,其本质可归为,rolling.run_day;optimization.solve;analysis.run_experiments,src/q3/rolling.py:92;src/q3/optimization.py:135;src/q3/analysis.py:136,四节点真实回放和分层实验入口,implemented; bounded-tests-only; full-numerical-evaluation-not-run
Q3-L0050,3.1,50,\[,rolling.run_day;optimization.solve;analysis.run_experiments,src/q3/rolling.py:92;src/q3/optimization.py:135;src/q3/analysis.py:136,四节点真实回放和分层实验入口,implemented; bounded-tests-only; full-numerical-evaluation-not-run
Q3-L0051,3.1,51,\boxed{,rolling.run_day;optimization.solve;analysis.run_experiments,src/q3/rolling.py:92;src/q3/optimization.py:135;src/q3/analysis.py:136,四节点真实回放和分层实验入口,implemented; bounded-tests-only; full-numerical-evaluation-not-run
Q3-L0052,3.1,52,\textbf{Scenario-Based Stochastic Economic MPC},rolling.run_day;optimization.solve;analysis.run_experiments,src/q3/rolling.py:92;src/q3/optimization.py:135;src/q3/analysis.py:136,四节点真实回放和分层实验入口,implemented; bounded-tests-only; full-numerical-evaluation-not-run
Q3-L0053,3.1,53,},rolling.run_day;optimization.solve;analysis.run_experiments,src/q3/rolling.py:92;src/q3/optimization.py:135;src/q3/analysis.py:136,四节点真实回放和分层实验入口,implemented; bounded-tests-only; full-numerical-evaluation-not-run
Q3-L0054,3.1,54,\],rolling.run_day;optimization.solve;analysis.run_experiments,src/q3/rolling.py:92;src/q3/optimization.py:135;src/q3/analysis.py:136,四节点真实回放和分层实验入口,implemented; bounded-tests-only; full-numerical-evaluation-not-run
Q3-L0056,3.1,56,即基于场景的随机经济模型预测控制（随机滚动时域优化）。需要强调的是，本文并不把该滚动模型等同于完整四阶段场景树随机规划：在每个信息节点，仅基于当前可获得的信息优化未来 24 h，并实际执行至下一信息节点；新预报到达后再重新优化尚未执行区间。因此，该方法属于**多阶段随机控制的滚动时域近似**，而非完整场景树意义下的全局最优多阶段策略。,rolling.run_day;optimization.solve;analysis.run_experiments,src/q3/rolling.py:92;src/q3/optimization.py:135;src/q3/analysis.py:136,四节点真实回放和分层实验入口,implemented; bounded-tests-only; full-numerical-evaluation-not-run
Q3-L0058,3.1,58,本文也不把“使用 SMPC”本身作为创新点，而将重点放在以下题目驱动结构的统一建模：,rolling.run_day;optimization.solve;analysis.run_experiments,src/q3/rolling.py:92;src/q3/optimization.py:135;src/q3/analysis.py:136,四节点真实回放和分层实验入口,implemented; bounded-tests-only; full-numerical-evaluation-not-run
Q3-L0060,3.1,60,\[,rolling.run_day;optimization.solve;analysis.run_experiments,src/q3/rolling.py:92;src/q3/optimization.py:135;src/q3/analysis.py:136,四节点真实回放和分层实验入口,implemented; bounded-tests-only; full-numerical-evaluation-not-run
Q3-L0061,3.1,61,\boxed{,rolling.run_day;optimization.solve;analysis.run_experiments,src/q3/rolling.py:92;src/q3/optimization.py:135;src/q3/analysis.py:136,四节点真实回放和分层实验入口,implemented; bounded-tests-only; full-numerical-evaluation-not-run
Q3-L0062,3.1,62,\text{四时点预测更新},rolling.run_day;optimization.solve;analysis.run_experiments,src/q3/rolling.py:92;src/q3/optimization.py:135;src/q3/analysis.py:136,四节点真实回放和分层实验入口,implemented; bounded-tests-only; full-numerical-evaluation-not-run
Q3-L0063,3.1,63,+,rolling.run_day;optimization.solve;analysis.run_experiments,src/q3/rolling.py:92;src/q3/optimization.py:135;src/q3/analysis.py:136,四节点真实回放和分层实验入口,implemented; bounded-tests-only; full-numerical-evaluation-not-run
Q3-L0064,3.1,64,\text{非对称调整结算},rolling.run_day;optimization.solve;analysis.run_experiments,src/q3/rolling.py:92;src/q3/optimization.py:135;src/q3/analysis.py:136,四节点真实回放和分层实验入口,implemented; bounded-tests-only; full-numerical-evaluation-not-run
Q3-L0065,3.1,65,+,rolling.run_day;optimization.solve;analysis.run_experiments,src/q3/rolling.py:92;src/q3/optimization.py:135;src/q3/analysis.py:136,四节点真实回放和分层实验入口,implemented; bounded-tests-only; full-numerical-evaluation-not-run
Q3-L0066,3.1,66,\text{联合历史误差场景},rolling.run_day;optimization.solve;analysis.run_experiments,src/q3/rolling.py:92;src/q3/optimization.py:135;src/q3/analysis.py:136,四节点真实回放和分层实验入口,implemented; bounded-tests-only; full-numerical-evaluation-not-run
Q3-L0067,3.1,67,+,rolling.run_day;optimization.solve;analysis.run_experiments,src/q3/rolling.py:92;src/q3/optimization.py:135;src/q3/analysis.py:136,四节点真实回放和分层实验入口,implemented; bounded-tests-only; full-numerical-evaluation-not-run
Q3-L0068,3.1,68,\text{参数化因果储能反馈},rolling.run_day;optimization.solve;analysis.run_experiments,src/q3/rolling.py:92;src/q3/optimization.py:135;src/q3/analysis.py:136,四节点真实回放和分层实验入口,implemented; bounded-tests-only; full-numerical-evaluation-not-run
Q3-L0069,3.1,69,+,rolling.run_day;optimization.solve;analysis.run_experiments,src/q3/rolling.py:92;src/q3/optimization.py:135;src/q3/analysis.py:136,四节点真实回放和分层实验入口,implemented; bounded-tests-only; full-numerical-evaluation-not-run
Q3-L0070,3.1,70,\text{预报经济信息价值},rolling.run_day;optimization.solve;analysis.run_experiments,src/q3/rolling.py:92;src/q3/optimization.py:135;src/q3/analysis.py:136,四节点真实回放和分层实验入口,implemented; bounded-tests-only; full-numerical-evaluation-not-run
Q3-L0071,3.1,71,},rolling.run_day;optimization.solve;analysis.run_experiments,src/q3/rolling.py:92;src/q3/optimization.py:135;src/q3/analysis.py:136,四节点真实回放和分层实验入口,implemented; bounded-tests-only; full-numerical-evaluation-not-run
Q3-L0072,3.1,72,\],rolling.run_day;optimization.solve;analysis.run_experiments,src/q3/rolling.py:92;src/q3/optimization.py:135;src/q3/analysis.py:136,四节点真实回放和分层实验入口,implemented; bounded-tests-only; full-numerical-evaluation-not-run
Q3-L0074,3.1,74,其中，完整多阶段 recourse 由 6 h 信息节点上的闭环重规划近似实现，以避免显式构造预测修正场景树所导致的场景爆炸。为保证滚动模型与题目真实结算机制在时间上保持一致，本文进一步区分**当前 6 h 承诺执行区间**与**下一信息节点之后的前瞻代理区间**：只有前者在当前节点计入真实调整结算，后者仅用于估计继续价值。对 \(0{:}00\) 原计划未显式预见未来全部 forecast-revision recourse 的近似误差，则在少量代表日上用缩减四阶段随机规划进行 benchmark 验证。,rolling.run_day;optimization.solve;analysis.run_experiments,src/q3/rolling.py:92;src/q3/optimization.py:135;src/q3/analysis.py:136,四节点真实回放和分层实验入口,implemented; bounded-tests-only; full-numerical-evaluation-not-run
Q3-L0076,3.1,76,---,rolling.run_day;optimization.solve;analysis.run_experiments,src/q3/rolling.py:92;src/q3/optimization.py:135;src/q3/analysis.py:136,四节点真实回放和分层实验入口,implemented; bounded-tests-only; full-numerical-evaluation-not-run
Q3-L0078,3.2,78,## 3.2 主模型与验证基准的层级设置,optimization.solve;multistage.solve_tree;analysis.run_experiments,src/q3/optimization.py:135;src/q3/multistage.py:61;src/q3/analysis.py:136,test_actual_small_multistage_solve,implemented; bounded-tests-only; full-numerical-evaluation-not-run
Q3-L0080,3.2,80,为避免把“主求解器”“强基准”和“理论上更完整的多阶段模型”混为一谈，本文将第三问的模型层级明确区分如下。,optimization.solve;multistage.solve_tree;analysis.run_experiments,src/q3/optimization.py:135;src/q3/multistage.py:61;src/q3/analysis.py:136,test_actual_small_multistage_solve,implemented; bounded-tests-only; full-numerical-evaluation-not-run
Q3-L0082,3.2,82,### 3.2.1 完整多阶段随机规划：代表日验证基准,optimization.solve;multistage.solve_tree;analysis.run_experiments,src/q3/optimization.py:135;src/q3/multistage.py:61;src/q3/analysis.py:136,test_actual_small_multistage_solve,implemented; bounded-tests-only; full-numerical-evaluation-not-run
Q3-L0084,3.2,84,理论上可将,optimization.solve;multistage.solve_tree;analysis.run_experiments,src/q3/optimization.py:135;src/q3/multistage.py:61;src/q3/analysis.py:136,test_actual_small_multistage_solve,implemented; bounded-tests-only; full-numerical-evaluation-not-run
Q3-L0086,3.2,86,\[,optimization.solve;multistage.solve_tree;analysis.run_experiments,src/q3/optimization.py:135;src/q3/multistage.py:61;src/q3/analysis.py:136,test_actual_small_multistage_solve,implemented; bounded-tests-only; full-numerical-evaluation-not-run
Q3-L0087,3.2,87,0{:}00\rightarrow6{:}00\rightarrow12{:}00\rightarrow18{:}00,optimization.solve;multistage.solve_tree;analysis.run_experiments,src/q3/optimization.py:135;src/q3/multistage.py:61;src/q3/analysis.py:136,test_actual_small_multistage_solve,implemented; bounded-tests-only; full-numerical-evaluation-not-run
Q3-L0088,3.2,88,\],optimization.solve;multistage.solve_tree;analysis.run_experiments,src/q3/optimization.py:135;src/q3/multistage.py:61;src/q3/analysis.py:136,test_actual_small_multistage_solve,implemented; bounded-tests-only; full-numerical-evaluation-not-run
Q3-L0090,3.2,90,建立为四阶段随机规划，使 \(0{:}00\) 原计划 \(g^0\) 显式考虑后续三次 forecast revision 与 adjustment recourse，因此在动态一致性上比滚动 MPC 更完整。,optimization.solve;multistage.solve_tree;analysis.run_experiments,src/q3/optimization.py:135;src/q3/multistage.py:61;src/q3/analysis.py:136,test_actual_small_multistage_solve,implemented; bounded-tests-only; full-numerical-evaluation-not-run
Q3-L0092,3.2,92,但附件 3 的预测向量是连续数值对象，不同历史日期在 \(6{:}00\)、\(12{:}00\)、\(18{:}00\) 几乎不可能自然出现完全相同的预测历史。若直接把每条历史轨迹视为独立分支，会导致场景树在早期阶段过度分叉，并产生接近 perfect-information 的乐观偏差。因此本文不以“预测向量完全相同”定义树节点，而在少量代表日上构造**阶段条件聚类的缩减四阶段场景树**：先对 \(6{:}00\) 预报修正向量聚类，再在每个父节点内部对 \(12{:}00\) 修正向量做条件聚类，最后在各 \(12{:}00\) 父节点内部对 \(18{:}00\) 修正向量继续聚类。,optimization.solve;multistage.solve_tree;analysis.run_experiments,src/q3/optimization.py:135;src/q3/multistage.py:61;src/q3/analysis.py:136,test_actual_small_multistage_solve,implemented; bounded-tests-only; full-numerical-evaluation-not-run
Q3-L0094,3.2,94,基准树采用小规模分支结构，例如,optimization.solve;multistage.solve_tree;analysis.run_experiments,src/q3/optimization.py:135;src/q3/multistage.py:61;src/q3/analysis.py:136,test_actual_small_multistage_solve,implemented; bounded-tests-only; full-numerical-evaluation-not-run
Q3-L0096,3.2,96,\[,optimization.solve;multistage.solve_tree;analysis.run_experiments,src/q3/optimization.py:135;src/q3/multistage.py:61;src/q3/analysis.py:136,test_actual_small_multistage_solve,implemented; bounded-tests-only; full-numerical-evaluation-not-run
Q3-L0097,3.2,97,\boxed{2\times2\times2},optimization.solve;multistage.solve_tree;analysis.run_experiments,src/q3/optimization.py:135;src/q3/multistage.py:61;src/q3/analysis.py:136,test_actual_small_multistage_solve,implemented; bounded-tests-only; full-numerical-evaluation-not-run
Q3-L0098,3.2,98,\],optimization.solve;multistage.solve_tree;analysis.run_experiments,src/q3/optimization.py:135;src/q3/multistage.py:61;src/q3/analysis.py:136,test_actual_small_multistage_solve,implemented; bounded-tests-only; full-numerical-evaluation-not-run
Q3-L0100,3.2,100,；若某父节点可用历史样本过少，则自动退化为单分支，而不强行拆分。处于同一树节点的所有 descendant scenarios 共享该阶段决策，由节点结构直接实现非前瞻约束。,optimization.solve;multistage.solve_tree;analysis.run_experiments,src/q3/optimization.py:135;src/q3/multistage.py:61;src/q3/analysis.py:136,test_actual_small_multistage_solve,implemented; bounded-tests-only; full-numerical-evaluation-not-run
Q3-L0102,3.2,102,该多阶段模型记为 \(M_2\)，仅用于**事后诊断滚动近似误差**，不用于全年正式求解，也不使用 2--12 月 benchmark 结果反向重新选择或修改正式主模型 \(M_1\)。因此正式模型在进入样本外评价前已经冻结，\(M_2\) 只回答“滚动近似在常规和高风险日期上损失了多少经济性能”，避免测试集反向选模型。,optimization.solve;multistage.solve_tree;analysis.run_experiments,src/q3/optimization.py:135;src/q3/multistage.py:61;src/q3/analysis.py:136,test_actual_small_multistage_solve,implemented; bounded-tests-only; full-numerical-evaluation-not-run
Q3-L0104,3.2,104,---,optimization.solve;multistage.solve_tree;analysis.run_experiments,src/q3/optimization.py:135;src/q3/multistage.py:61;src/q3/analysis.py:136,test_actual_small_multistage_solve,implemented; bounded-tests-only; full-numerical-evaluation-not-run
Q3-L0106,3.2,106,### 3.2.2 确定性四时点滚动优化：强基准模型,optimization.solve;multistage.solve_tree;analysis.run_experiments,src/q3/optimization.py:135;src/q3/multistage.py:61;src/q3/analysis.py:136,test_actual_small_multistage_solve,implemented; bounded-tests-only; full-numerical-evaluation-not-run
Q3-L0108,3.2,108,若直接把附件 3 最新光伏预报以及问题二给出的负荷点预测作为未来确定输入，可建立确定性四时点滚动优化。该模型保留与主模型相同的 \(0/6/12/18\) 信息节点、committed block、调整结算和储能约束，但不构造历史误差场景。,optimization.solve;multistage.solve_tree;analysis.run_experiments,src/q3/optimization.py:135;src/q3/multistage.py:61;src/q3/analysis.py:136,test_actual_small_multistage_solve,implemented; bounded-tests-only; full-numerical-evaluation-not-run
Q3-L0110,3.2,110,本文将其作为强基准 \(M_0\)，用来回答：在相同滚动机制下，引入联合历史误差场景是否能够进一步降低样本外真实成本与紧急购电风险。,optimization.solve;multistage.solve_tree;analysis.run_experiments,src/q3/optimization.py:135;src/q3/multistage.py:61;src/q3/analysis.py:136,test_actual_small_multistage_solve,implemented; bounded-tests-only; full-numerical-evaluation-not-run
Q3-L0112,3.2,112,---,optimization.solve;multistage.solve_tree;analysis.run_experiments,src/q3/optimization.py:135;src/q3/multistage.py:61;src/q3/analysis.py:136,test_actual_small_multistage_solve,implemented; bounded-tests-only; full-numerical-evaluation-not-run
Q3-L0114,3.3,114,# 3.3 信息边界与基本建模假设,data.Inputs;terminal.TerminalValues;rolling.run_period,src/q3/data.py:15;src/q3/terminal.py:11;src/q3/rolling.py:187,test_future_poison_not_used_by_node;test_cold_start_no_future_or_soc_reset;test_terminal_causal_and_delta_stability,implemented; bounded-tests-only; full-numerical-evaluation-not-run
Q3-L0116,3.3,116,## 3.3.1 负荷信息边界,data.Inputs;terminal.TerminalValues;rolling.run_period,src/q3/data.py:15;src/q3/terminal.py:11;src/q3/rolling.py:187,test_future_poison_not_used_by_node;test_cold_start_no_future_or_soc_reset;test_terminal_causal_and_delta_stability,implemented; bounded-tests-only; full-numerical-evaluation-not-run
Q3-L0118,3.3,118,附件 2 中未来真实负荷仅用于事后真实回放和评价，不能在历史某日的规划时直接作为未来输入。,data.Inputs;terminal.TerminalValues;rolling.run_period,src/q3/data.py:15;src/q3/terminal.py:11;src/q3/rolling.py:187,test_future_poison_not_used_by_node;test_cold_start_no_future_or_soc_reset;test_terminal_causal_and_delta_stability,implemented; bounded-tests-only; full-numerical-evaluation-not-run
Q3-L0120,3.3,120,第三问的负荷预测**完全继承问题二最终确定的因果预测模块**，不在第三问中重新选择或重新调参预测模型。在第 \(d\) 天 \(0{:}00\)，预测器只能利用当时之前已经实现的数据，并生成至少未来 48 h 的负荷预测：,data.Inputs;terminal.TerminalValues;rolling.run_period,src/q3/data.py:15;src/q3/terminal.py:11;src/q3/rolling.py:187,test_future_poison_not_used_by_node;test_cold_start_no_future_or_soc_reset;test_terminal_causal_and_delta_stability,implemented; bounded-tests-only; full-numerical-evaluation-not-run
Q3-L0122,3.3,122,\[,data.Inputs;terminal.TerminalValues;rolling.run_period,src/q3/data.py:15;src/q3/terminal.py:11;src/q3/rolling.py:187,test_future_poison_not_used_by_node;test_cold_start_no_future_or_soc_reset;test_terminal_causal_and_delta_stability,implemented; bounded-tests-only; full-numerical-evaluation-not-run
Q3-L0123,3.3,123,\boxed{,data.Inputs;terminal.TerminalValues;rolling.run_period,src/q3/data.py:15;src/q3/terminal.py:11;src/q3/rolling.py:187,test_future_poison_not_used_by_node;test_cold_start_no_future_or_soc_reset;test_terminal_causal_and_delta_stability,implemented; bounded-tests-only; full-numerical-evaluation-not-run
Q3-L0124,3.3,124,"\widehat L_{d,\tau}^{\,0},",data.Inputs;terminal.TerminalValues;rolling.run_period,src/q3/data.py:15;src/q3/terminal.py:11;src/q3/rolling.py:187,test_future_poison_not_used_by_node;test_cold_start_no_future_or_soc_reset;test_terminal_causal_and_delta_stability,implemented; bounded-tests-only; full-numerical-evaluation-not-run
Q3-L0125,3.3,125,\qquad,data.Inputs;terminal.TerminalValues;rolling.run_period,src/q3/data.py:15;src/q3/terminal.py:11;src/q3/rolling.py:187,test_future_poison_not_used_by_node;test_cold_start_no_future_or_soc_reset;test_terminal_causal_and_delta_stability,implemented; bounded-tests-only; full-numerical-evaluation-not-run
Q3-L0126,3.3,126,"\tau\in[d{:}00,(d+2){:}00].",data.Inputs;terminal.TerminalValues;rolling.run_period,src/q3/data.py:15;src/q3/terminal.py:11;src/q3/rolling.py:187,test_future_poison_not_used_by_node;test_cold_start_no_future_or_soc_reset;test_terminal_causal_and_delta_stability,implemented; bounded-tests-only; full-numerical-evaluation-not-run
Q3-L0127,3.3,127,},data.Inputs;terminal.TerminalValues;rolling.run_period,src/q3/data.py:15;src/q3/terminal.py:11;src/q3/rolling.py:187,test_future_poison_not_used_by_node;test_cold_start_no_future_or_soc_reset;test_terminal_causal_and_delta_stability,implemented; bounded-tests-only; full-numerical-evaluation-not-run
Q3-L0128,3.3,128,\],data.Inputs;terminal.TerminalValues;rolling.run_period,src/q3/data.py:15;src/q3/terminal.py:11;src/q3/rolling.py:187,test_future_poison_not_used_by_node;test_cold_start_no_future_or_soc_reset;test_terminal_causal_and_delta_stability,implemented; bounded-tests-only; full-numerical-evaluation-not-run
Q3-L0130,3.3,130,之所以要求至少 48 h，是因为 \(18{:}00\) 节点的 24 h 滚动窗口一直延伸到次日 \(18{:}00\)。因此任何节点都不得以附件 2 中尚未发生的真实负荷替代未来负荷预测。,data.Inputs;terminal.TerminalValues;rolling.run_period,src/q3/data.py:15;src/q3/terminal.py:11;src/q3/rolling.py:187,test_future_poison_not_used_by_node;test_cold_start_no_future_or_soc_reset;test_terminal_causal_and_delta_stability,implemented; bounded-tests-only; full-numerical-evaluation-not-run
Q3-L0132,3.3,132,"为了单独识别“新光伏预报”的经济价值，在当天 \(6{:}00,12{:}00,18{:}00\) 不重新训练或更新负荷预测，而保持当天 \(0{:}00\) 已生成的负荷预测不变。因此四个更新节点真正新增的信息只有：",data.Inputs;terminal.TerminalValues;rolling.run_period,src/q3/data.py:15;src/q3/terminal.py:11;src/q3/rolling.py:187,test_future_poison_not_used_by_node;test_cold_start_no_future_or_soc_reset;test_terminal_causal_and_delta_stability,implemented; bounded-tests-only; full-numerical-evaluation-not-run
Q3-L0134,3.3,134,\[,data.Inputs;terminal.TerminalValues;rolling.run_period,src/q3/data.py:15;src/q3/terminal.py:11;src/q3/rolling.py:187,test_future_poison_not_used_by_node;test_cold_start_no_future_or_soc_reset;test_terminal_causal_and_delta_stability,implemented; bounded-tests-only; full-numerical-evaluation-not-run
Q3-L0135,3.3,135,\boxed{,data.Inputs;terminal.TerminalValues;rolling.run_period,src/q3/data.py:15;src/q3/terminal.py:11;src/q3/rolling.py:187,test_future_poison_not_used_by_node;test_cold_start_no_future_or_soc_reset;test_terminal_causal_and_delta_stability,implemented; bounded-tests-only; full-numerical-evaluation-not-run
Q3-L0136,3.3,136,\text{最新光伏预报},data.Inputs;terminal.TerminalValues;rolling.run_period,src/q3/data.py:15;src/q3/terminal.py:11;src/q3/rolling.py:187,test_future_poison_not_used_by_node;test_cold_start_no_future_or_soc_reset;test_terminal_causal_and_delta_stability,implemented; bounded-tests-only; full-numerical-evaluation-not-run
Q3-L0137,3.3,137,+,data.Inputs;terminal.TerminalValues;rolling.run_period,src/q3/data.py:15;src/q3/terminal.py:11;src/q3/rolling.py:187,test_future_poison_not_used_by_node;test_cold_start_no_future_or_soc_reset;test_terminal_causal_and_delta_stability,implemented; bounded-tests-only; full-numerical-evaluation-not-run
Q3-L0138,3.3,138,\text{当前实际 SOC},data.Inputs;terminal.TerminalValues;rolling.run_period,src/q3/data.py:15;src/q3/terminal.py:11;src/q3/rolling.py:187,test_future_poison_not_used_by_node;test_cold_start_no_future_or_soc_reset;test_terminal_causal_and_delta_stability,implemented; bounded-tests-only; full-numerical-evaluation-not-run
Q3-L0139,3.3,139,+,data.Inputs;terminal.TerminalValues;rolling.run_period,src/q3/data.py:15;src/q3/terminal.py:11;src/q3/rolling.py:187,test_future_poison_not_used_by_node;test_cold_start_no_future_or_soc_reset;test_terminal_causal_and_delta_stability,implemented; bounded-tests-only; full-numerical-evaluation-not-run
Q3-L0140,3.3,140,\text{已经实现的历史状态}.,data.Inputs;terminal.TerminalValues;rolling.run_period,src/q3/data.py:15;src/q3/terminal.py:11;src/q3/rolling.py:187,test_future_poison_not_used_by_node;test_cold_start_no_future_or_soc_reset;test_terminal_causal_and_delta_stability,implemented; bounded-tests-only; full-numerical-evaluation-not-run
Q3-L0141,3.3,141,},data.Inputs;terminal.TerminalValues;rolling.run_period,src/q3/data.py:15;src/q3/terminal.py:11;src/q3/rolling.py:187,test_future_poison_not_used_by_node;test_cold_start_no_future_or_soc_reset;test_terminal_causal_and_delta_stability,implemented; bounded-tests-only; full-numerical-evaluation-not-run
Q3-L0142,3.3,142,\],data.Inputs;terminal.TerminalValues;rolling.run_period,src/q3/data.py:15;src/q3/terminal.py:11;src/q3/rolling.py:187,test_future_poison_not_used_by_node;test_cold_start_no_future_or_soc_reset;test_terminal_causal_and_delta_stability,implemented; bounded-tests-only; full-numerical-evaluation-not-run
Q3-L0144,3.3,144,历史负荷预测误差则采用 rolling-origin / walk-forward 的样本外残差构造，保证“用于造场景的误差”本身也不含未来信息。,data.Inputs;terminal.TerminalValues;rolling.run_period,src/q3/data.py:15;src/q3/terminal.py:11;src/q3/rolling.py:187,test_future_poison_not_used_by_node;test_cold_start_no_future_or_soc_reset;test_terminal_causal_and_delta_stability,implemented; bounded-tests-only; full-numerical-evaluation-not-run
Q3-L0146,3.3,146,---,data.Inputs;terminal.TerminalValues;rolling.run_period,src/q3/data.py:15;src/q3/terminal.py:11;src/q3/rolling.py:187,test_future_poison_not_used_by_node;test_cold_start_no_future_or_soc_reset;test_terminal_causal_and_delta_stability,implemented; bounded-tests-only; full-numerical-evaluation-not-run
Q3-L0148,3.3,148,## 3.3.2 四个统一重规划节点,data.Inputs;terminal.TerminalValues;rolling.run_period,src/q3/data.py:15;src/q3/terminal.py:11;src/q3/rolling.py:187,test_future_poison_not_used_by_node;test_cold_start_no_future_or_soc_reset;test_terminal_causal_and_delta_stability,implemented; bounded-tests-only; full-numerical-evaluation-not-run
Q3-L0150,3.3,150,本文将,data.Inputs;terminal.TerminalValues;rolling.run_period,src/q3/data.py:15;src/q3/terminal.py:11;src/q3/rolling.py:187,test_future_poison_not_used_by_node;test_cold_start_no_future_or_soc_reset;test_terminal_causal_and_delta_stability,implemented; bounded-tests-only; full-numerical-evaluation-not-run
Q3-L0152,3.3,152,\[,data.Inputs;terminal.TerminalValues;rolling.run_period,src/q3/data.py:15;src/q3/terminal.py:11;src/q3/rolling.py:187,test_future_poison_not_used_by_node;test_cold_start_no_future_or_soc_reset;test_terminal_causal_and_delta_stability,implemented; bounded-tests-only; full-numerical-evaluation-not-run
Q3-L0153,3.3,153,"\mathcal K=\{0,6,12,18\}",data.Inputs;terminal.TerminalValues;rolling.run_period,src/q3/data.py:15;src/q3/terminal.py:11;src/q3/rolling.py:187,test_future_poison_not_used_by_node;test_cold_start_no_future_or_soc_reset;test_terminal_causal_and_delta_stability,implemented; bounded-tests-only; full-numerical-evaluation-not-run
Q3-L0154,3.3,154,\],data.Inputs;terminal.TerminalValues;rolling.run_period,src/q3/data.py:15;src/q3/terminal.py:11;src/q3/rolling.py:187,test_future_poison_not_used_by_node;test_cold_start_no_future_or_soc_reset;test_terminal_causal_and_delta_stability,implemented; bounded-tests-only; full-numerical-evaluation-not-run
Q3-L0156,3.3,156,定义为购电策略与储能反馈参数的统一重规划节点。,data.Inputs;terminal.TerminalValues;rolling.run_period,src/q3/data.py:15;src/q3/terminal.py:11;src/q3/rolling.py:187,test_future_poison_not_used_by_node;test_cold_start_no_future_or_soc_reset;test_terminal_causal_and_delta_stability,implemented; bounded-tests-only; full-numerical-evaluation-not-run
Q3-L0158,3.3,158,在节点 \(k\in\mathcal K\)：,data.Inputs;terminal.TerminalValues;rolling.run_period,src/q3/data.py:15;src/q3/terminal.py:11;src/q3/rolling.py:187,test_future_poison_not_used_by_node;test_cold_start_no_future_or_soc_reset;test_terminal_causal_and_delta_stability,implemented; bounded-tests-only; full-numerical-evaluation-not-run
Q3-L0160,3.3,160,1. 读取当前真实 SOC；,data.Inputs;terminal.TerminalValues;rolling.run_period,src/q3/data.py:15;src/q3/terminal.py:11;src/q3/rolling.py:187,test_future_poison_not_used_by_node;test_cold_start_no_future_or_soc_reset;test_terminal_causal_and_delta_stability,implemented; bounded-tests-only; full-numerical-evaluation-not-run
Q3-L0161,3.3,161,2. 使用当天 \(0{:}00\) 已生成且保持不变的负荷预测；,data.Inputs;terminal.TerminalValues;rolling.run_period,src/q3/data.py:15;src/q3/terminal.py:11;src/q3/rolling.py:187,test_future_poison_not_used_by_node;test_cold_start_no_future_or_soc_reset;test_terminal_causal_and_delta_stability,implemented; bounded-tests-only; full-numerical-evaluation-not-run
Q3-L0162,3.3,162,3. 使用附件 3 在时刻 \(k\) 发布的最新未来 24 h 光伏预报；,data.Inputs;terminal.TerminalValues;rolling.run_period,src/q3/data.py:15;src/q3/terminal.py:11;src/q3/rolling.py:187,test_future_poison_not_used_by_node;test_cold_start_no_future_or_soc_reset;test_terminal_causal_and_delta_stability,implemented; bounded-tests-only; full-numerical-evaluation-not-run
Q3-L0163,3.3,163,4. 构造与当前发布时间、预测提前量及当前预测量级相匹配的联合随机场景；,data.Inputs;terminal.TerminalValues;rolling.run_period,src/q3/data.py:15;src/q3/terminal.py:11;src/q3/rolling.py:187,test_future_poison_not_used_by_node;test_cold_start_no_future_or_soc_reset;test_terminal_causal_and_delta_stability,implemented; bounded-tests-only; full-numerical-evaluation-not-run
Q3-L0164,3.3,164,5. 重新优化未来 24 h 的购电策略与储能反馈参数。,data.Inputs;terminal.TerminalValues;rolling.run_period,src/q3/data.py:15;src/q3/terminal.py:11;src/q3/rolling.py:187,test_future_poison_not_used_by_node;test_cold_start_no_future_or_soc_reset;test_terminal_causal_and_delta_stability,implemented; bounded-tests-only; full-numerical-evaluation-not-run
Q3-L0166,3.3,166,节点之间不重新调用完整优化器，而由最近一次节点已经冻结的参数化反馈策略执行。由于附件 2 只给出 10 min 聚合实际数据，本文将节点间执行理解为**区间内因果实时反馈在 10 min 尺度上的聚合表示**，而不声称系统在每个 10 min 区间起点已经知道该区间完整平均净负荷。,data.Inputs;terminal.TerminalValues;rolling.run_period,src/q3/data.py:15;src/q3/terminal.py:11;src/q3/rolling.py:187,test_future_poison_not_used_by_node;test_cold_start_no_future_or_soc_reset;test_terminal_causal_and_delta_stability,implemented; bounded-tests-only; full-numerical-evaluation-not-run
Q3-L0168,3.3,168,因此本问采用两层时间尺度：,data.Inputs;terminal.TerminalValues;rolling.run_period,src/q3/data.py:15;src/q3/terminal.py:11;src/q3/rolling.py:187,test_future_poison_not_used_by_node;test_cold_start_no_future_or_soc_reset;test_terminal_causal_and_delta_stability,implemented; bounded-tests-only; full-numerical-evaluation-not-run
Q3-L0170,3.3,170,\[,data.Inputs;terminal.TerminalValues;rolling.run_period,src/q3/data.py:15;src/q3/terminal.py:11;src/q3/rolling.py:187,test_future_poison_not_used_by_node;test_cold_start_no_future_or_soc_reset;test_terminal_causal_and_delta_stability,implemented; bounded-tests-only; full-numerical-evaluation-not-run
Q3-L0171,3.3,171,\boxed{,data.Inputs;terminal.TerminalValues;rolling.run_period,src/q3/data.py:15;src/q3/terminal.py:11;src/q3/rolling.py:187,test_future_poison_not_used_by_node;test_cold_start_no_future_or_soc_reset;test_terminal_causal_and_delta_stability,implemented; bounded-tests-only; full-numerical-evaluation-not-run
Q3-L0172,3.3,172,\text{6 h 信息节点滚动重规划},data.Inputs;terminal.TerminalValues;rolling.run_period,src/q3/data.py:15;src/q3/terminal.py:11;src/q3/rolling.py:187,test_future_poison_not_used_by_node;test_cold_start_no_future_or_soc_reset;test_terminal_causal_and_delta_stability,implemented; bounded-tests-only; full-numerical-evaluation-not-run
Q3-L0173,3.3,173,+,data.Inputs;terminal.TerminalValues;rolling.run_period,src/q3/data.py:15;src/q3/terminal.py:11;src/q3/rolling.py:187,test_future_poison_not_used_by_node;test_cold_start_no_future_or_soc_reset;test_terminal_causal_and_delta_stability,implemented; bounded-tests-only; full-numerical-evaluation-not-run
Q3-L0174,3.3,174,\text{区间内实时反馈的 10 min 聚合执行},data.Inputs;terminal.TerminalValues;rolling.run_period,src/q3/data.py:15;src/q3/terminal.py:11;src/q3/rolling.py:187,test_future_poison_not_used_by_node;test_cold_start_no_future_or_soc_reset;test_terminal_causal_and_delta_stability,implemented; bounded-tests-only; full-numerical-evaluation-not-run
Q3-L0175,3.3,175,},data.Inputs;terminal.TerminalValues;rolling.run_period,src/q3/data.py:15;src/q3/terminal.py:11;src/q3/rolling.py:187,test_future_poison_not_used_by_node;test_cold_start_no_future_or_soc_reset;test_terminal_causal_and_delta_stability,implemented; bounded-tests-only; full-numerical-evaluation-not-run
Q3-L0176,3.3,176,\],data.Inputs;terminal.TerminalValues;rolling.run_period,src/q3/data.py:15;src/q3/terminal.py:11;src/q3/rolling.py:187,test_future_poison_not_used_by_node;test_cold_start_no_future_or_soc_reset;test_terminal_causal_and_delta_stability,implemented; bounded-tests-only; full-numerical-evaluation-not-run
Q3-L0178,3.3,178,其具体因果解释见第 3.20 节。,data.Inputs;terminal.TerminalValues;rolling.run_period,src/q3/data.py:15;src/q3/terminal.py:11;src/q3/rolling.py:187,test_future_poison_not_used_by_node;test_cold_start_no_future_or_soc_reset;test_terminal_causal_and_delta_stability,implemented; bounded-tests-only; full-numerical-evaluation-not-run
Q3-L0180,3.3,180,---,data.Inputs;terminal.TerminalValues;rolling.run_period,src/q3/data.py:15;src/q3/terminal.py:11;src/q3/rolling.py:187,test_future_poison_not_used_by_node;test_cold_start_no_future_or_soc_reset;test_terminal_causal_and_delta_stability,implemented; bounded-tests-only; full-numerical-evaluation-not-run
Q3-L0182,3.3,182,## 3.3.3 储能采用参数化因果反馈，避免“场景内上帝视角”,data.Inputs;terminal.TerminalValues;rolling.run_period,src/q3/data.py:15;src/q3/terminal.py:11;src/q3/rolling.py:187,test_future_poison_not_used_by_node;test_cold_start_no_future_or_soc_reset;test_terminal_causal_and_delta_stability,implemented; bounded-tests-only; full-numerical-evaluation-not-run
Q3-L0184,3.3,184,"若随机场景 \(s\) 一旦生成，就允许未来全部 \(c_{t,s},r_{t,s}\) 根据该场景完整未来轨迹自由优化，则相当于当前时刻提前知道未来整条真实路径，违反非前瞻性。因此本文不采用“完整场景揭示后的自由 recourse”。",data.Inputs;terminal.TerminalValues;rolling.run_period,src/q3/data.py:15;src/q3/terminal.py:11;src/q3/rolling.py:187,test_future_poison_not_used_by_node;test_cold_start_no_future_or_soc_reset;test_terminal_causal_and_delta_stability,implemented; bounded-tests-only; full-numerical-evaluation-not-run
Q3-L0186,3.3,186,对每个滚动节点 \(k\)，优化器只预先确定未来各 10 min 时隙的充、放电响应上限,data.Inputs;terminal.TerminalValues;rolling.run_period,src/q3/data.py:15;src/q3/terminal.py:11;src/q3/rolling.py:187,test_future_poison_not_used_by_node;test_cold_start_no_future_or_soc_reset;test_terminal_causal_and_delta_stability,implemented; bounded-tests-only; full-numerical-evaluation-not-run
Q3-L0188,3.3,188,\[,data.Inputs;terminal.TerminalValues;rolling.run_period,src/q3/data.py:15;src/q3/terminal.py:11;src/q3/rolling.py:187,test_future_poison_not_used_by_node;test_cold_start_no_future_or_soc_reset;test_terminal_causal_and_delta_stability,implemented; bounded-tests-only; full-numerical-evaluation-not-run
Q3-L0189,3.3,189,"\bar c_t^{(k)},\qquad \bar r_t^{(k)}.",data.Inputs;terminal.TerminalValues;rolling.run_period,src/q3/data.py:15;src/q3/terminal.py:11;src/q3/rolling.py:187,test_future_poison_not_used_by_node;test_cold_start_no_future_or_soc_reset;test_terminal_causal_and_delta_stability,implemented; bounded-tests-only; full-numerical-evaluation-not-run
Q3-L0190,3.3,190,\],data.Inputs;terminal.TerminalValues;rolling.run_period,src/q3/data.py:15;src/q3/terminal.py:11;src/q3/rolling.py:187,test_future_poison_not_used_by_node;test_cold_start_no_future_or_soc_reset;test_terminal_causal_and_delta_stability,implemented; bounded-tests-only; full-numerical-evaluation-not-run
Q3-L0192,3.3,192,真实运行时，区间内部的反馈动作只能依赖**截至当前控制时刻已经观测到的负荷、光伏、储能状态以及节点 \(k\) 已冻结的反馈参数**，不能读取任何未来时刻的信息。附件 2 的 10 min 数据仅用于对该实时反馈过程做离散聚合回放；因此后文以 \(n_t\) 写出的 10 min 反馈式应理解为可执行实时反馈在该时隙上的聚合近似，而不是“在时隙起点预知整段 \(n_t\) 后再决定同一时隙动作”。,data.Inputs;terminal.TerminalValues;rolling.run_period,src/q3/data.py:15;src/q3/terminal.py:11;src/q3/rolling.py:187,test_future_poison_not_used_by_node;test_cold_start_no_future_or_soc_reset;test_terminal_causal_and_delta_stability,implemented; bounded-tests-only; full-numerical-evaluation-not-run
Q3-L0194,3.3,194,与问题二相比，第三问保留同一种参数化因果反馈结构，但允许反馈参数在,data.Inputs;terminal.TerminalValues;rolling.run_period,src/q3/data.py:15;src/q3/terminal.py:11;src/q3/rolling.py:187,test_future_poison_not_used_by_node;test_cold_start_no_future_or_soc_reset;test_terminal_causal_and_delta_stability,implemented; bounded-tests-only; full-numerical-evaluation-not-run
Q3-L0196,3.3,196,\[,data.Inputs;terminal.TerminalValues;rolling.run_period,src/q3/data.py:15;src/q3/terminal.py:11;src/q3/rolling.py:187,test_future_poison_not_used_by_node;test_cold_start_no_future_or_soc_reset;test_terminal_causal_and_delta_stability,implemented; bounded-tests-only; full-numerical-evaluation-not-run
Q3-L0197,3.3,197,\boxed{,data.Inputs;terminal.TerminalValues;rolling.run_period,src/q3/data.py:15;src/q3/terminal.py:11;src/q3/rolling.py:187,test_future_poison_not_used_by_node;test_cold_start_no_future_or_soc_reset;test_terminal_causal_and_delta_stability,implemented; bounded-tests-only; full-numerical-evaluation-not-run
Q3-L0198,3.3,198,"0{:}00,",data.Inputs;terminal.TerminalValues;rolling.run_period,src/q3/data.py:15;src/q3/terminal.py:11;src/q3/rolling.py:187,test_future_poison_not_used_by_node;test_cold_start_no_future_or_soc_reset;test_terminal_causal_and_delta_stability,implemented; bounded-tests-only; full-numerical-evaluation-not-run
Q3-L0199,3.3,199,"6{:}00,",data.Inputs;terminal.TerminalValues;rolling.run_period,src/q3/data.py:15;src/q3/terminal.py:11;src/q3/rolling.py:187,test_future_poison_not_used_by_node;test_cold_start_no_future_or_soc_reset;test_terminal_causal_and_delta_stability,implemented; bounded-tests-only; full-numerical-evaluation-not-run
Q3-L0200,3.3,200,"12{:}00,",data.Inputs;terminal.TerminalValues;rolling.run_period,src/q3/data.py:15;src/q3/terminal.py:11;src/q3/rolling.py:187,test_future_poison_not_used_by_node;test_cold_start_no_future_or_soc_reset;test_terminal_causal_and_delta_stability,implemented; bounded-tests-only; full-numerical-evaluation-not-run
Q3-L0201,3.3,201,18{:}00,data.Inputs;terminal.TerminalValues;rolling.run_period,src/q3/data.py:15;src/q3/terminal.py:11;src/q3/rolling.py:187,test_future_poison_not_used_by_node;test_cold_start_no_future_or_soc_reset;test_terminal_causal_and_delta_stability,implemented; bounded-tests-only; full-numerical-evaluation-not-run
Q3-L0202,3.3,202,},data.Inputs;terminal.TerminalValues;rolling.run_period,src/q3/data.py:15;src/q3/terminal.py:11;src/q3/rolling.py:187,test_future_poison_not_used_by_node;test_cold_start_no_future_or_soc_reset;test_terminal_causal_and_delta_stability,implemented; bounded-tests-only; full-numerical-evaluation-not-run
Q3-L0203,3.3,203,\],data.Inputs;terminal.TerminalValues;rolling.run_period,src/q3/data.py:15;src/q3/terminal.py:11;src/q3/rolling.py:187,test_future_poison_not_used_by_node;test_cold_start_no_future_or_soc_reset;test_terminal_causal_and_delta_stability,implemented; bounded-tests-only; full-numerical-evaluation-not-run
Q3-L0205,3.3,205,四个信息节点重新优化，而不是在 \(0{:}00\) 后冻结全天。,data.Inputs;terminal.TerminalValues;rolling.run_period,src/q3/data.py:15;src/q3/terminal.py:11;src/q3/rolling.py:187,test_future_poison_not_used_by_node;test_cold_start_no_future_or_soc_reset;test_terminal_causal_and_delta_stability,implemented; bounded-tests-only; full-numerical-evaluation-not-run
Q3-L0207,3.3,207,该反馈规则属于一类受限 policy class：它保证决策不使用未来信息，但不遍历全部可能的状态反馈函数。因此本文称其为**可优化的参数化因果饱和反馈策略**，不声称其等价于一般多阶段随机控制问题中的全局最优反馈策略。,data.Inputs;terminal.TerminalValues;rolling.run_period,src/q3/data.py:15;src/q3/terminal.py:11;src/q3/rolling.py:187,test_future_poison_not_used_by_node;test_cold_start_no_future_or_soc_reset;test_terminal_causal_and_delta_stability,implemented; bounded-tests-only; full-numerical-evaluation-not-run
Q3-L0209,3.3,209,---,data.Inputs;terminal.TerminalValues;rolling.run_period,src/q3/data.py:15;src/q3/terminal.py:11;src/q3/rolling.py:187,test_future_poison_not_used_by_node;test_cold_start_no_future_or_soc_reset;test_terminal_causal_and_delta_stability,implemented; bounded-tests-only; full-numerical-evaluation-not-run
Q3-L0211,3.3,211,## 3.3.4 不强制每天首尾 SOC 相等，并修正有限时域终端效应,data.Inputs;terminal.TerminalValues;rolling.run_period,src/q3/data.py:15;src/q3/terminal.py:11;src/q3/rolling.py:187,test_future_poison_not_used_by_node;test_cold_start_no_future_or_soc_reset;test_terminal_causal_and_delta_stability,implemented; bounded-tests-only; full-numerical-evaluation-not-run
Q3-L0213,3.3,213,问题三不额外施加,data.Inputs;terminal.TerminalValues;rolling.run_period,src/q3/data.py:15;src/q3/terminal.py:11;src/q3/rolling.py:187,test_future_poison_not_used_by_node;test_cold_start_no_future_or_soc_reset;test_terminal_causal_and_delta_stability,implemented; bounded-tests-only; full-numerical-evaluation-not-run
Q3-L0215,3.3,215,\[,data.Inputs;terminal.TerminalValues;rolling.run_period,src/q3/data.py:15;src/q3/terminal.py:11;src/q3/rolling.py:187,test_future_poison_not_used_by_node;test_cold_start_no_future_or_soc_reset;test_terminal_causal_and_delta_stability,implemented; bounded-tests-only; full-numerical-evaluation-not-run
Q3-L0216,3.3,216,"E_{d,24}=E_{d,0}.",data.Inputs;terminal.TerminalValues;rolling.run_period,src/q3/data.py:15;src/q3/terminal.py:11;src/q3/rolling.py:187,test_future_poison_not_used_by_node;test_cold_start_no_future_or_soc_reset;test_terminal_causal_and_delta_stability,implemented; bounded-tests-only; full-numerical-evaluation-not-run
Q3-L0217,3.3,217,\],data.Inputs;terminal.TerminalValues;rolling.run_period,src/q3/data.py:15;src/q3/terminal.py:11;src/q3/rolling.py:187,test_future_poison_not_used_by_node;test_cold_start_no_future_or_soc_reset;test_terminal_causal_and_delta_stability,implemented; bounded-tests-only; full-numerical-evaluation-not-run
Q3-L0219,3.3,219,真实 SOC 连续跨日递推：,data.Inputs;terminal.TerminalValues;rolling.run_period,src/q3/data.py:15;src/q3/terminal.py:11;src/q3/rolling.py:187,test_future_poison_not_used_by_node;test_cold_start_no_future_or_soc_reset;test_terminal_causal_and_delta_stability,implemented; bounded-tests-only; full-numerical-evaluation-not-run
Q3-L0221,3.3,221,\[,data.Inputs;terminal.TerminalValues;rolling.run_period,src/q3/data.py:15;src/q3/terminal.py:11;src/q3/rolling.py:187,test_future_poison_not_used_by_node;test_cold_start_no_future_or_soc_reset;test_terminal_causal_and_delta_stability,implemented; bounded-tests-only; full-numerical-evaluation-not-run
Q3-L0222,3.3,222,\boxed{,data.Inputs;terminal.TerminalValues;rolling.run_period,src/q3/data.py:15;src/q3/terminal.py:11;src/q3/rolling.py:187,test_future_poison_not_used_by_node;test_cold_start_no_future_or_soc_reset;test_terminal_causal_and_delta_stability,implemented; bounded-tests-only; full-numerical-evaluation-not-run
Q3-L0223,3.3,223,"E_{d+1,0}^{\mathrm{real}}",data.Inputs;terminal.TerminalValues;rolling.run_period,src/q3/data.py:15;src/q3/terminal.py:11;src/q3/rolling.py:187,test_future_poison_not_used_by_node;test_cold_start_no_future_or_soc_reset;test_terminal_causal_and_delta_stability,implemented; bounded-tests-only; full-numerical-evaluation-not-run
Q3-L0224,3.3,224,=,data.Inputs;terminal.TerminalValues;rolling.run_period,src/q3/data.py:15;src/q3/terminal.py:11;src/q3/rolling.py:187,test_future_poison_not_used_by_node;test_cold_start_no_future_or_soc_reset;test_terminal_causal_and_delta_stability,implemented; bounded-tests-only; full-numerical-evaluation-not-run
Q3-L0225,3.3,225,"E_{d,24}^{\mathrm{real}}.",data.Inputs;terminal.TerminalValues;rolling.run_period,src/q3/data.py:15;src/q3/terminal.py:11;src/q3/rolling.py:187,test_future_poison_not_used_by_node;test_cold_start_no_future_or_soc_reset;test_terminal_causal_and_delta_stability,implemented; bounded-tests-only; full-numerical-evaluation-not-run
Q3-L0226,3.3,226,},data.Inputs;terminal.TerminalValues;rolling.run_period,src/q3/data.py:15;src/q3/terminal.py:11;src/q3/rolling.py:187,test_future_poison_not_used_by_node;test_cold_start_no_future_or_soc_reset;test_terminal_causal_and_delta_stability,implemented; bounded-tests-only; full-numerical-evaluation-not-run
Q3-L0227,3.3,227,\],data.Inputs;terminal.TerminalValues;rolling.run_period,src/q3/data.py:15;src/q3/terminal.py:11;src/q3/rolling.py:187,test_future_poison_not_used_by_node;test_cold_start_no_future_or_soc_reset;test_terminal_causal_and_delta_stability,implemented; bounded-tests-only; full-numerical-evaluation-not-run
Q3-L0229,3.3,229,"强制每日首尾 SOC 相等会人为限制储能在相邻日期之间转移能量，因此不符合连续运行的物理过程。本文在每个信息节点保持未来 24 h 的滚动优化窗口，使当天 \(24{:}00\) 在 \(6{:}00,12{:}00,18{:}00\) 的优化中成为窗口内部状态，由窗口后半段显式体现其跨日继续价值。",data.Inputs;terminal.TerminalValues;rolling.run_period,src/q3/data.py:15;src/q3/terminal.py:11;src/q3/rolling.py:187,test_future_poison_not_used_by_node;test_cold_start_no_future_or_soc_reset;test_terminal_causal_and_delta_stability,implemented; bounded-tests-only; full-numerical-evaluation-not-run
Q3-L0231,3.3,231,但任何有限滚动窗口仍存在终点 \(k+24\text{ h}\)。若终点剩余电量被默认为“零价值”，优化器可能在窗口末端产生过度放电。为修正这一有限时域边界效应，在目标函数中加入终端储能残值：,data.Inputs;terminal.TerminalValues;rolling.run_period,src/q3/data.py:15;src/q3/terminal.py:11;src/q3/rolling.py:187,test_future_poison_not_used_by_node;test_cold_start_no_future_or_soc_reset;test_terminal_causal_and_delta_stability,implemented; bounded-tests-only; full-numerical-evaluation-not-run
Q3-L0233,3.3,233,\[,data.Inputs;terminal.TerminalValues;rolling.run_period,src/q3/data.py:15;src/q3/terminal.py:11;src/q3/rolling.py:187,test_future_poison_not_used_by_node;test_cold_start_no_future_or_soc_reset;test_terminal_causal_and_delta_stability,implemented; bounded-tests-only; full-numerical-evaluation-not-run
Q3-L0234,3.3,234,\boxed{,data.Inputs;terminal.TerminalValues;rolling.run_period,src/q3/data.py:15;src/q3/terminal.py:11;src/q3/rolling.py:187,test_future_poison_not_used_by_node;test_cold_start_no_future_or_soc_reset;test_terminal_causal_and_delta_stability,implemented; bounded-tests-only; full-numerical-evaluation-not-run
Q3-L0235,3.3,235,V_k^{\mathrm{term}},data.Inputs;terminal.TerminalValues;rolling.run_period,src/q3/data.py:15;src/q3/terminal.py:11;src/q3/rolling.py:187,test_future_poison_not_used_by_node;test_cold_start_no_future_or_soc_reset;test_terminal_causal_and_delta_stability,implemented; bounded-tests-only; full-numerical-evaluation-not-run
Q3-L0236,3.3,236,=,data.Inputs;terminal.TerminalValues;rolling.run_period,src/q3/data.py:15;src/q3/terminal.py:11;src/q3/rolling.py:187,test_future_poison_not_used_by_node;test_cold_start_no_future_or_soc_reset;test_terminal_causal_and_delta_stability,implemented; bounded-tests-only; full-numerical-evaluation-not-run
Q3-L0237,3.3,237,"\lambda_{E,k}",data.Inputs;terminal.TerminalValues;rolling.run_period,src/q3/data.py:15;src/q3/terminal.py:11;src/q3/rolling.py:187,test_future_poison_not_used_by_node;test_cold_start_no_future_or_soc_reset;test_terminal_causal_and_delta_stability,implemented; bounded-tests-only; full-numerical-evaluation-not-run
Q3-L0238,3.3,238,"\sum_s\pi_s E_{k+24,s}^{(k)},",data.Inputs;terminal.TerminalValues;rolling.run_period,src/q3/data.py:15;src/q3/terminal.py:11;src/q3/rolling.py:187,test_future_poison_not_used_by_node;test_cold_start_no_future_or_soc_reset;test_terminal_causal_and_delta_stability,implemented; bounded-tests-only; full-numerical-evaluation-not-run
Q3-L0239,3.3,239,\qquad,data.Inputs;terminal.TerminalValues;rolling.run_period,src/q3/data.py:15;src/q3/terminal.py:11;src/q3/rolling.py:187,test_future_poison_not_used_by_node;test_cold_start_no_future_or_soc_reset;test_terminal_causal_and_delta_stability,implemented; bounded-tests-only; full-numerical-evaluation-not-run
Q3-L0240,3.3,240,"\lambda_{E,k}>0.",data.Inputs;terminal.TerminalValues;rolling.run_period,src/q3/data.py:15;src/q3/terminal.py:11;src/q3/rolling.py:187,test_future_poison_not_used_by_node;test_cold_start_no_future_or_soc_reset;test_terminal_causal_and_delta_stability,implemented; bounded-tests-only; full-numerical-evaluation-not-run
Q3-L0241,3.3,241,},data.Inputs;terminal.TerminalValues;rolling.run_period,src/q3/data.py:15;src/q3/terminal.py:11;src/q3/rolling.py:187,test_future_poison_not_used_by_node;test_cold_start_no_future_or_soc_reset;test_terminal_causal_and_delta_stability,implemented; bounded-tests-only; full-numerical-evaluation-not-run
Q3-L0242,3.3,242,\],data.Inputs;terminal.TerminalValues;rolling.run_period,src/q3/data.py:15;src/q3/terminal.py:11;src/q3/rolling.py:187,test_future_poison_not_used_by_node;test_cold_start_no_future_or_soc_reset;test_terminal_causal_and_delta_stability,implemented; bounded-tests-only; full-numerical-evaluation-not-run
Q3-L0244,3.3,244,由于目标为费用最小化，实际以,data.Inputs;terminal.TerminalValues;rolling.run_period,src/q3/data.py:15;src/q3/terminal.py:11;src/q3/rolling.py:187,test_future_poison_not_used_by_node;test_cold_start_no_future_or_soc_reset;test_terminal_causal_and_delta_stability,implemented; bounded-tests-only; full-numerical-evaluation-not-run
Q3-L0246,3.3,246,\[,data.Inputs;terminal.TerminalValues;rolling.run_period,src/q3/data.py:15;src/q3/terminal.py:11;src/q3/rolling.py:187,test_future_poison_not_used_by_node;test_cold_start_no_future_or_soc_reset;test_terminal_causal_and_delta_stability,implemented; bounded-tests-only; full-numerical-evaluation-not-run
Q3-L0247,3.3,247,"-\lambda_{E,k}",data.Inputs;terminal.TerminalValues;rolling.run_period,src/q3/data.py:15;src/q3/terminal.py:11;src/q3/rolling.py:187,test_future_poison_not_used_by_node;test_cold_start_no_future_or_soc_reset;test_terminal_causal_and_delta_stability,implemented; bounded-tests-only; full-numerical-evaluation-not-run
Q3-L0248,3.3,248,"\sum_s\pi_s E_{k+24,s}^{(k)}",data.Inputs;terminal.TerminalValues;rolling.run_period,src/q3/data.py:15;src/q3/terminal.py:11;src/q3/rolling.py:187,test_future_poison_not_used_by_node;test_cold_start_no_future_or_soc_reset;test_terminal_causal_and_delta_stability,implemented; bounded-tests-only; full-numerical-evaluation-not-run
Q3-L0249,3.3,249,\],data.Inputs;terminal.TerminalValues;rolling.run_period,src/q3/data.py:15;src/q3/terminal.py:11;src/q3/rolling.py:187,test_future_poison_not_used_by_node;test_cold_start_no_future_or_soc_reset;test_terminal_causal_and_delta_stability,implemented; bounded-tests-only; full-numerical-evaluation-not-run
Q3-L0251,3.3,251,"进入目标函数。这里 \(\lambda_{E,k}\) 的单位为元/kWh，表示滚动窗口终点额外保留 1 kWh 储能电量的近似后续经济价值。",data.Inputs;terminal.TerminalValues;rolling.run_period,src/q3/data.py:15;src/q3/terminal.py:11;src/q3/rolling.py:187,test_future_poison_not_used_by_node;test_cold_start_no_future_or_soc_reset;test_terminal_causal_and_delta_stability,implemented; bounded-tests-only; full-numerical-evaluation-not-run
Q3-L0253,3.3,253,"为避免把 \(\lambda_{E,k}\) 作为人为超参数，本文采用**历史有限差分边际价值标定**。对当前日期之前已经完整实现的历史样本 \(j\)，在相同终端时刻和相同后续信息口径下分别求解初始储电量为 \(E\) 与 \(E+\delta\) 的辅助继续价值问题，记最优后续运行成本为",data.Inputs;terminal.TerminalValues;rolling.run_period,src/q3/data.py:15;src/q3/terminal.py:11;src/q3/rolling.py:187,test_future_poison_not_used_by_node;test_cold_start_no_future_or_soc_reset;test_terminal_causal_and_delta_stability,implemented; bounded-tests-only; full-numerical-evaluation-not-run
Q3-L0255,3.3,255,\[,data.Inputs;terminal.TerminalValues;rolling.run_period,src/q3/data.py:15;src/q3/terminal.py:11;src/q3/rolling.py:187,test_future_poison_not_used_by_node;test_cold_start_no_future_or_soc_reset;test_terminal_causal_and_delta_stability,implemented; bounded-tests-only; full-numerical-evaluation-not-run
Q3-L0256,3.3,256,"J_{j,k}^{\mathrm{cont}}(E),",data.Inputs;terminal.TerminalValues;rolling.run_period,src/q3/data.py:15;src/q3/terminal.py:11;src/q3/rolling.py:187,test_future_poison_not_used_by_node;test_cold_start_no_future_or_soc_reset;test_terminal_causal_and_delta_stability,implemented; bounded-tests-only; full-numerical-evaluation-not-run
Q3-L0257,3.3,257,\qquad,data.Inputs;terminal.TerminalValues;rolling.run_period,src/q3/data.py:15;src/q3/terminal.py:11;src/q3/rolling.py:187,test_future_poison_not_used_by_node;test_cold_start_no_future_or_soc_reset;test_terminal_causal_and_delta_stability,implemented; bounded-tests-only; full-numerical-evaluation-not-run
Q3-L0258,3.3,258,"J_{j,k}^{\mathrm{cont}}(E+\delta).",data.Inputs;terminal.TerminalValues;rolling.run_period,src/q3/data.py:15;src/q3/terminal.py:11;src/q3/rolling.py:187,test_future_poison_not_used_by_node;test_cold_start_no_future_or_soc_reset;test_terminal_causal_and_delta_stability,implemented; bounded-tests-only; full-numerical-evaluation-not-run
Q3-L0259,3.3,259,\],data.Inputs;terminal.TerminalValues;rolling.run_period,src/q3/data.py:15;src/q3/terminal.py:11;src/q3/rolling.py:187,test_future_poison_not_used_by_node;test_cold_start_no_future_or_soc_reset;test_terminal_causal_and_delta_stability,implemented; bounded-tests-only; full-numerical-evaluation-not-run
Q3-L0261,3.3,261,定义历史边际储能价值：,data.Inputs;terminal.TerminalValues;rolling.run_period,src/q3/data.py:15;src/q3/terminal.py:11;src/q3/rolling.py:187,test_future_poison_not_used_by_node;test_cold_start_no_future_or_soc_reset;test_terminal_causal_and_delta_stability,implemented; bounded-tests-only; full-numerical-evaluation-not-run
Q3-L0263,3.3,263,\[,data.Inputs;terminal.TerminalValues;rolling.run_period,src/q3/data.py:15;src/q3/terminal.py:11;src/q3/rolling.py:187,test_future_poison_not_used_by_node;test_cold_start_no_future_or_soc_reset;test_terminal_causal_and_delta_stability,implemented; bounded-tests-only; full-numerical-evaluation-not-run
Q3-L0264,3.3,264,\boxed{,data.Inputs;terminal.TerminalValues;rolling.run_period,src/q3/data.py:15;src/q3/terminal.py:11;src/q3/rolling.py:187,test_future_poison_not_used_by_node;test_cold_start_no_future_or_soc_reset;test_terminal_causal_and_delta_stability,implemented; bounded-tests-only; full-numerical-evaluation-not-run
Q3-L0265,3.3,265,"\lambda_{E,j,k}^{\mathrm{FD}}",data.Inputs;terminal.TerminalValues;rolling.run_period,src/q3/data.py:15;src/q3/terminal.py:11;src/q3/rolling.py:187,test_future_poison_not_used_by_node;test_cold_start_no_future_or_soc_reset;test_terminal_causal_and_delta_stability,implemented; bounded-tests-only; full-numerical-evaluation-not-run
Q3-L0266,3.3,266,=,data.Inputs;terminal.TerminalValues;rolling.run_period,src/q3/data.py:15;src/q3/terminal.py:11;src/q3/rolling.py:187,test_future_poison_not_used_by_node;test_cold_start_no_future_or_soc_reset;test_terminal_causal_and_delta_stability,implemented; bounded-tests-only; full-numerical-evaluation-not-run
Q3-L0267,3.3,267,\frac{,data.Inputs;terminal.TerminalValues;rolling.run_period,src/q3/data.py:15;src/q3/terminal.py:11;src/q3/rolling.py:187,test_future_poison_not_used_by_node;test_cold_start_no_future_or_soc_reset;test_terminal_causal_and_delta_stability,implemented; bounded-tests-only; full-numerical-evaluation-not-run
Q3-L0268,3.3,268,"J_{j,k}^{\mathrm{cont}}(E)",data.Inputs;terminal.TerminalValues;rolling.run_period,src/q3/data.py:15;src/q3/terminal.py:11;src/q3/rolling.py:187,test_future_poison_not_used_by_node;test_cold_start_no_future_or_soc_reset;test_terminal_causal_and_delta_stability,implemented; bounded-tests-only; full-numerical-evaluation-not-run
Q3-L0269,3.3,269,-,data.Inputs;terminal.TerminalValues;rolling.run_period,src/q3/data.py:15;src/q3/terminal.py:11;src/q3/rolling.py:187,test_future_poison_not_used_by_node;test_cold_start_no_future_or_soc_reset;test_terminal_causal_and_delta_stability,implemented; bounded-tests-only; full-numerical-evaluation-not-run
Q3-L0270,3.3,270,"J_{j,k}^{\mathrm{cont}}(E+\delta)",data.Inputs;terminal.TerminalValues;rolling.run_period,src/q3/data.py:15;src/q3/terminal.py:11;src/q3/rolling.py:187,test_future_poison_not_used_by_node;test_cold_start_no_future_or_soc_reset;test_terminal_causal_and_delta_stability,implemented; bounded-tests-only; full-numerical-evaluation-not-run
Q3-L0271,3.3,271,}{\delta}.,data.Inputs;terminal.TerminalValues;rolling.run_period,src/q3/data.py:15;src/q3/terminal.py:11;src/q3/rolling.py:187,test_future_poison_not_used_by_node;test_cold_start_no_future_or_soc_reset;test_terminal_causal_and_delta_stability,implemented; bounded-tests-only; full-numerical-evaluation-not-run
Q3-L0272,3.3,272,},data.Inputs;terminal.TerminalValues;rolling.run_period,src/q3/data.py:15;src/q3/terminal.py:11;src/q3/rolling.py:187,test_future_poison_not_used_by_node;test_cold_start_no_future_or_soc_reset;test_terminal_causal_and_delta_stability,implemented; bounded-tests-only; full-numerical-evaluation-not-run
Q3-L0273,3.3,273,\],data.Inputs;terminal.TerminalValues;rolling.run_period,src/q3/data.py:15;src/q3/terminal.py:11;src/q3/rolling.py:187,test_future_poison_not_used_by_node;test_cold_start_no_future_or_soc_reset;test_terminal_causal_and_delta_stability,implemented; bounded-tests-only; full-numerical-evaluation-not-run
Q3-L0275,3.3,275,"其中 \(\delta>0\) 为固定的小扰动量。当前节点 \(k\) 的 \(\lambda_{E,k}\) 只由当前日期以前的历史 \(\lambda_{E,j,k}^{\mathrm{FD}}\) 取滚动中位数得到，以降低极端日影响；实现中可取 \(\delta=100\,\mathrm{kWh}\)，并检查小范围扰动下标定结果是否稳定。",data.Inputs;terminal.TerminalValues;rolling.run_period,src/q3/data.py:15;src/q3/terminal.py:11;src/q3/rolling.py:187,test_future_poison_not_used_by_node;test_cold_start_no_future_or_soc_reset;test_terminal_causal_and_delta_stability,implemented; bounded-tests-only; full-numerical-evaluation-not-run
Q3-L0277,3.3,277,最后比较,data.Inputs;terminal.TerminalValues;rolling.run_period,src/q3/data.py:15;src/q3/terminal.py:11;src/q3/rolling.py:187,test_future_poison_not_used_by_node;test_cold_start_no_future_or_soc_reset;test_terminal_causal_and_delta_stability,implemented; bounded-tests-only; full-numerical-evaluation-not-run
Q3-L0279,3.3,279,\[,data.Inputs;terminal.TerminalValues;rolling.run_period,src/q3/data.py:15;src/q3/terminal.py:11;src/q3/rolling.py:187,test_future_poison_not_used_by_node;test_cold_start_no_future_or_soc_reset;test_terminal_causal_and_delta_stability,implemented; bounded-tests-only; full-numerical-evaluation-not-run
Q3-L0280,3.3,280,"0.8\lambda_{E,k},",data.Inputs;terminal.TerminalValues;rolling.run_period,src/q3/data.py:15;src/q3/terminal.py:11;src/q3/rolling.py:187,test_future_poison_not_used_by_node;test_cold_start_no_future_or_soc_reset;test_terminal_causal_and_delta_stability,implemented; bounded-tests-only; full-numerical-evaluation-not-run
Q3-L0281,3.3,281,\qquad,data.Inputs;terminal.TerminalValues;rolling.run_period,src/q3/data.py:15;src/q3/terminal.py:11;src/q3/rolling.py:187,test_future_poison_not_used_by_node;test_cold_start_no_future_or_soc_reset;test_terminal_causal_and_delta_stability,implemented; bounded-tests-only; full-numerical-evaluation-not-run
Q3-L0282,3.3,282,"\lambda_{E,k},",data.Inputs;terminal.TerminalValues;rolling.run_period,src/q3/data.py:15;src/q3/terminal.py:11;src/q3/rolling.py:187,test_future_poison_not_used_by_node;test_cold_start_no_future_or_soc_reset;test_terminal_causal_and_delta_stability,implemented; bounded-tests-only; full-numerical-evaluation-not-run
Q3-L0283,3.3,283,\qquad,data.Inputs;terminal.TerminalValues;rolling.run_period,src/q3/data.py:15;src/q3/terminal.py:11;src/q3/rolling.py:187,test_future_poison_not_used_by_node;test_cold_start_no_future_or_soc_reset;test_terminal_causal_and_delta_stability,implemented; bounded-tests-only; full-numerical-evaluation-not-run
Q3-L0284,3.3,284,"1.2\lambda_{E,k}",data.Inputs;terminal.TerminalValues;rolling.run_period,src/q3/data.py:15;src/q3/terminal.py:11;src/q3/rolling.py:187,test_future_poison_not_used_by_node;test_cold_start_no_future_or_soc_reset;test_terminal_causal_and_delta_stability,implemented; bounded-tests-only; full-numerical-evaluation-not-run
Q3-L0285,3.3,285,\],data.Inputs;terminal.TerminalValues;rolling.run_period,src/q3/data.py:15;src/q3/terminal.py:11;src/q3/rolling.py:187,test_future_poison_not_used_by_node;test_cold_start_no_future_or_soc_reset;test_terminal_causal_and_delta_stability,implemented; bounded-tests-only; full-numerical-evaluation-not-run
Q3-L0287,3.3,287,下的全年真实成本、紧急购电量和信息价值排序。这样既不强制 \(E_{k+24}=E_k\)，又避免将窗口末端储能错误地视为零价值，同时保证参数来源可复现。,data.Inputs;terminal.TerminalValues;rolling.run_period,src/q3/data.py:15;src/q3/terminal.py:11;src/q3/rolling.py:187,test_future_poison_not_used_by_node;test_cold_start_no_future_or_soc_reset;test_terminal_causal_and_delta_stability,implemented; bounded-tests-only; full-numerical-evaluation-not-run
Q3-L0289,3.3,289,---,data.Inputs;terminal.TerminalValues;rolling.run_period,src/q3/data.py:15;src/q3/terminal.py:11;src/q3/rolling.py:187,test_future_poison_not_used_by_node;test_cold_start_no_future_or_soc_reset;test_terminal_causal_and_delta_stability,implemented; bounded-tests-only; full-numerical-evaluation-not-run
Q3-L0291,3.3,291,## 3.3.5 状态初始化、冷启动与正式评价区间,data.Inputs;terminal.TerminalValues;rolling.run_period,src/q3/data.py:15;src/q3/terminal.py:11;src/q3/rolling.py:187,test_future_poison_not_used_by_node;test_cold_start_no_future_or_soc_reset;test_terminal_causal_and_delta_stability,implemented; bounded-tests-only; full-numerical-evaluation-not-run
Q3-L0293,3.3,293,题目给出的唯一储能初始状态为,data.Inputs;terminal.TerminalValues;rolling.run_period,src/q3/data.py:15;src/q3/terminal.py:11;src/q3/rolling.py:187,test_future_poison_not_used_by_node;test_cold_start_no_future_or_soc_reset;test_terminal_causal_and_delta_stability,implemented; bounded-tests-only; full-numerical-evaluation-not-run
Q3-L0295,3.3,295,\[,data.Inputs;terminal.TerminalValues;rolling.run_period,src/q3/data.py:15;src/q3/terminal.py:11;src/q3/rolling.py:187,test_future_poison_not_used_by_node;test_cold_start_no_future_or_soc_reset;test_terminal_causal_and_delta_stability,implemented; bounded-tests-only; full-numerical-evaluation-not-run
Q3-L0296,3.3,296,\boxed{,data.Inputs;terminal.TerminalValues;rolling.run_period,src/q3/data.py:15;src/q3/terminal.py:11;src/q3/rolling.py:187,test_future_poison_not_used_by_node;test_cold_start_no_future_or_soc_reset;test_terminal_causal_and_delta_stability,implemented; bounded-tests-only; full-numerical-evaluation-not-run
Q3-L0297,3.3,297,"E_{2025/1/1,0}^{\mathrm{real}}=6000\ \mathrm{kWh}.",data.Inputs;terminal.TerminalValues;rolling.run_period,src/q3/data.py:15;src/q3/terminal.py:11;src/q3/rolling.py:187,test_future_poison_not_used_by_node;test_cold_start_no_future_or_soc_reset;test_terminal_causal_and_delta_stability,implemented; bounded-tests-only; full-numerical-evaluation-not-run
Q3-L0298,3.3,298,},data.Inputs;terminal.TerminalValues;rolling.run_period,src/q3/data.py:15;src/q3/terminal.py:11;src/q3/rolling.py:187,test_future_poison_not_used_by_node;test_cold_start_no_future_or_soc_reset;test_terminal_causal_and_delta_stability,implemented; bounded-tests-only; full-numerical-evaluation-not-run
Q3-L0299,3.3,299,\],data.Inputs;terminal.TerminalValues;rolling.run_period,src/q3/data.py:15;src/q3/terminal.py:11;src/q3/rolling.py:187,test_future_poison_not_used_by_node;test_cold_start_no_future_or_soc_reset;test_terminal_causal_and_delta_stability,implemented; bounded-tests-only; full-numerical-evaluation-not-run
Q3-L0301,3.3,301,附件 2 与附件 3 均从 2025 年 1 月 1 日开始提供数据，而 `result3.xlsx` 的正式输出区间从 2025 年 2 月 1 日开始。因此，本文将 2025 年 1 月定义为**因果预热期（burn-in period）**，其作用有二：,data.Inputs;terminal.TerminalValues;rolling.run_period,src/q3/data.py:15;src/q3/terminal.py:11;src/q3/rolling.py:187,test_future_poison_not_used_by_node;test_cold_start_no_future_or_soc_reset;test_terminal_causal_and_delta_stability,implemented; bounded-tests-only; full-numerical-evaluation-not-run
Q3-L0303,3.3,303,"1. 从题目给定的 \(6000\,\mathrm{kWh}\) 初态出发连续推进真实 SOC，使 2 月 1 日的初始状态由 1 月真实运行自然产生；",data.Inputs;terminal.TerminalValues;rolling.run_period,src/q3/data.py:15;src/q3/terminal.py:11;src/q3/rolling.py:187,test_future_poison_not_used_by_node;test_cold_start_no_future_or_soc_reset;test_terminal_causal_and_delta_stability,implemented; bounded-tests-only; full-numerical-evaluation-not-run
Q3-L0304,3.3,304,2. 逐日积累负荷预测残差和四时点光伏预报误差，为 2 月 1 日以后构造因果经验场景库。,data.Inputs;terminal.TerminalValues;rolling.run_period,src/q3/data.py:15;src/q3/terminal.py:11;src/q3/rolling.py:187,test_future_poison_not_used_by_node;test_cold_start_no_future_or_soc_reset;test_terminal_causal_and_delta_stability,implemented; bounded-tests-only; full-numerical-evaluation-not-run
Q3-L0306,3.3,306,因此有,data.Inputs;terminal.TerminalValues;rolling.run_period,src/q3/data.py:15;src/q3/terminal.py:11;src/q3/rolling.py:187,test_future_poison_not_used_by_node;test_cold_start_no_future_or_soc_reset;test_terminal_causal_and_delta_stability,implemented; bounded-tests-only; full-numerical-evaluation-not-run
Q3-L0308,3.3,308,\[,data.Inputs;terminal.TerminalValues;rolling.run_period,src/q3/data.py:15;src/q3/terminal.py:11;src/q3/rolling.py:187,test_future_poison_not_used_by_node;test_cold_start_no_future_or_soc_reset;test_terminal_causal_and_delta_stability,implemented; bounded-tests-only; full-numerical-evaluation-not-run
Q3-L0309,3.3,309,\boxed{,data.Inputs;terminal.TerminalValues;rolling.run_period,src/q3/data.py:15;src/q3/terminal.py:11;src/q3/rolling.py:187,test_future_poison_not_used_by_node;test_cold_start_no_future_or_soc_reset;test_terminal_causal_and_delta_stability,implemented; bounded-tests-only; full-numerical-evaluation-not-run
Q3-L0310,3.3,310,"E_{2025/2/1,0}^{\mathrm{real}}",data.Inputs;terminal.TerminalValues;rolling.run_period,src/q3/data.py:15;src/q3/terminal.py:11;src/q3/rolling.py:187,test_future_poison_not_used_by_node;test_cold_start_no_future_or_soc_reset;test_terminal_causal_and_delta_stability,implemented; bounded-tests-only; full-numerical-evaluation-not-run
Q3-L0311,3.3,311,=,data.Inputs;terminal.TerminalValues;rolling.run_period,src/q3/data.py:15;src/q3/terminal.py:11;src/q3/rolling.py:187,test_future_poison_not_used_by_node;test_cold_start_no_future_or_soc_reset;test_terminal_causal_and_delta_stability,implemented; bounded-tests-only; full-numerical-evaluation-not-run
Q3-L0312,3.3,312,"E_{2025/1/31,24}^{\mathrm{real}}.",data.Inputs;terminal.TerminalValues;rolling.run_period,src/q3/data.py:15;src/q3/terminal.py:11;src/q3/rolling.py:187,test_future_poison_not_used_by_node;test_cold_start_no_future_or_soc_reset;test_terminal_causal_and_delta_stability,implemented; bounded-tests-only; full-numerical-evaluation-not-run
Q3-L0313,3.3,313,},data.Inputs;terminal.TerminalValues;rolling.run_period,src/q3/data.py:15;src/q3/terminal.py:11;src/q3/rolling.py:187,test_future_poison_not_used_by_node;test_cold_start_no_future_or_soc_reset;test_terminal_causal_and_delta_stability,implemented; bounded-tests-only; full-numerical-evaluation-not-run
Q3-L0314,3.3,314,\],data.Inputs;terminal.TerminalValues;rolling.run_period,src/q3/data.py:15;src/q3/terminal.py:11;src/q3/rolling.py:187,test_future_poison_not_used_by_node;test_cold_start_no_future_or_soc_reset;test_terminal_causal_and_delta_stability,implemented; bounded-tests-only; full-numerical-evaluation-not-run
Q3-L0316,3.3,316,需要强调的是，“1 月作为预热期”是基于题目给出的初始状态、数据起点与正式输出起点所采用的建模处理，而不是题面额外规定。预热期同样遵守严格信息边界：第 \(d\) 天的决策只能使用 \(d\) 日之前已经实现的数据以及当时已经发布的预报。,data.Inputs;terminal.TerminalValues;rolling.run_period,src/q3/data.py:15;src/q3/terminal.py:11;src/q3/rolling.py:187,test_future_poison_not_used_by_node;test_cold_start_no_future_or_soc_reset;test_terminal_causal_and_delta_stability,implemented; bounded-tests-only; full-numerical-evaluation-not-run
Q3-L0318,3.3,318,对 1 月初历史样本不足的冷启动阶段，负荷预测沿用问题二既定的 cold-start 规则；若联合误差轨迹数量尚不足以支撑正式随机场景模型，则使用当时全部已完成轨迹，极端情况下退化为确定性滚动基准 \(M_0\)。随着历史轨迹逐步积累，再自然过渡到正式场景随机模型。任何情况下都不调用 2 月及以后的未来真实数据来初始化 1 月策略。,data.Inputs;terminal.TerminalValues;rolling.run_period,src/q3/data.py:15;src/q3/terminal.py:11;src/q3/rolling.py:187,test_future_poison_not_used_by_node;test_cold_start_no_future_or_soc_reset;test_terminal_causal_and_delta_stability,implemented; bounded-tests-only; full-numerical-evaluation-not-run
Q3-L0320,3.3,320,自 2025 年 2 月 1 日起进入正式样本外滚动评价与 `result3.xlsx` 输出阶段。,data.Inputs;terminal.TerminalValues;rolling.run_period,src/q3/data.py:15;src/q3/terminal.py:11;src/q3/rolling.py:187,test_future_poison_not_used_by_node;test_cold_start_no_future_or_soc_reset;test_terminal_causal_and_delta_stability,implemented; bounded-tests-only; full-numerical-evaluation-not-run
Q3-L0322,3.3,322,---,data.Inputs;terminal.TerminalValues;rolling.run_period,src/q3/data.py:15;src/q3/terminal.py:11;src/q3/rolling.py:187,test_future_poison_not_used_by_node;test_cold_start_no_future_or_soc_reset;test_terminal_causal_and_delta_stability,implemented; bounded-tests-only; full-numerical-evaluation-not-run
Q3-L0324,3.4,324,# 3.4 时间离散化与单位统一,config.Config;physics.replay,src/q3/config.py:16;src/q3/physics.py:22,test_energy_balance_saturation,implemented; bounded-tests-only; full-numerical-evaluation-not-run
Q3-L0326,3.4,326,与前两问一致，以 10 min 为一个调度时段：,config.Config;physics.replay,src/q3/config.py:16;src/q3/physics.py:22,test_energy_balance_saturation,implemented; bounded-tests-only; full-numerical-evaluation-not-run
Q3-L0328,3.4,328,\[,config.Config;physics.replay,src/q3/config.py:16;src/q3/physics.py:22,test_energy_balance_saturation,implemented; bounded-tests-only; full-numerical-evaluation-not-run
Q3-L0329,3.4,329,\Delta t=\frac{10}{60}=\frac16\text{ h}.,config.Config;physics.replay,src/q3/config.py:16;src/q3/physics.py:22,test_energy_balance_saturation,implemented; bounded-tests-only; full-numerical-evaluation-not-run
Q3-L0330,3.4,330,\],config.Config;physics.replay,src/q3/config.py:16;src/q3/physics.py:22,test_energy_balance_saturation,implemented; bounded-tests-only; full-numerical-evaluation-not-run
Q3-L0332,3.4,332,所有负荷与光伏功率数据在进入调度模型前均转换为电量：,config.Config;physics.replay,src/q3/config.py:16;src/q3/physics.py:22,test_energy_balance_saturation,implemented; bounded-tests-only; full-numerical-evaluation-not-run
Q3-L0334,3.4,334,\[,config.Config;physics.replay,src/q3/config.py:16;src/q3/physics.py:22,test_energy_balance_saturation,implemented; bounded-tests-only; full-numerical-evaluation-not-run
Q3-L0335,3.4,335,"L_t^{E}=P_t^L\Delta t,",config.Config;physics.replay,src/q3/config.py:16;src/q3/physics.py:22,test_energy_balance_saturation,implemented; bounded-tests-only; full-numerical-evaluation-not-run
Q3-L0336,3.4,336,\qquad,config.Config;physics.replay,src/q3/config.py:16;src/q3/physics.py:22,test_energy_balance_saturation,implemented; bounded-tests-only; full-numerical-evaluation-not-run
Q3-L0337,3.4,337,"P_t^{PV,E}=P_t^{PV}\Delta t.",config.Config;physics.replay,src/q3/config.py:16;src/q3/physics.py:22,test_energy_balance_saturation,implemented; bounded-tests-only; full-numerical-evaluation-not-run
Q3-L0338,3.4,338,\],config.Config;physics.replay,src/q3/config.py:16;src/q3/physics.py:22,test_energy_balance_saturation,implemented; bounded-tests-only; full-numerical-evaluation-not-run
Q3-L0340,3.4,340,储能最大单时段充、放电量为：,config.Config;physics.replay,src/q3/config.py:16;src/q3/physics.py:22,test_energy_balance_saturation,implemented; bounded-tests-only; full-numerical-evaluation-not-run
Q3-L0342,3.4,342,\[,config.Config;physics.replay,src/q3/config.py:16;src/q3/physics.py:22,test_energy_balance_saturation,implemented; bounded-tests-only; full-numerical-evaluation-not-run
Q3-L0343,3.4,343,\boxed{,config.Config;physics.replay,src/q3/config.py:16;src/q3/physics.py:22,test_energy_balance_saturation,implemented; bounded-tests-only; full-numerical-evaluation-not-run
Q3-L0344,3.4,344,Q_{\max},config.Config;physics.replay,src/q3/config.py:16;src/q3/physics.py:22,test_energy_balance_saturation,implemented; bounded-tests-only; full-numerical-evaluation-not-run
Q3-L0345,3.4,345,=,config.Config;physics.replay,src/q3/config.py:16;src/q3/physics.py:22,test_energy_balance_saturation,implemented; bounded-tests-only; full-numerical-evaluation-not-run
Q3-L0346,3.4,346,5000\times\frac16,config.Config;physics.replay,src/q3/config.py:16;src/q3/physics.py:22,test_energy_balance_saturation,implemented; bounded-tests-only; full-numerical-evaluation-not-run
Q3-L0347,3.4,347,=,config.Config;physics.replay,src/q3/config.py:16;src/q3/physics.py:22,test_energy_balance_saturation,implemented; bounded-tests-only; full-numerical-evaluation-not-run
Q3-L0348,3.4,348,\frac{5000}{6},config.Config;physics.replay,src/q3/config.py:16;src/q3/physics.py:22,test_energy_balance_saturation,implemented; bounded-tests-only; full-numerical-evaluation-not-run
Q3-L0349,3.4,349,\approx833.3333\text{ kWh}.,config.Config;physics.replay,src/q3/config.py:16;src/q3/physics.py:22,test_energy_balance_saturation,implemented; bounded-tests-only; full-numerical-evaluation-not-run
Q3-L0350,3.4,350,},config.Config;physics.replay,src/q3/config.py:16;src/q3/physics.py:22,test_energy_balance_saturation,implemented; bounded-tests-only; full-numerical-evaluation-not-run
Q3-L0351,3.4,351,\],config.Config;physics.replay,src/q3/config.py:16;src/q3/physics.py:22,test_energy_balance_saturation,implemented; bounded-tests-only; full-numerical-evaluation-not-run
Q3-L0353,3.4,353,储能状态满足：,config.Config;physics.replay,src/q3/config.py:16;src/q3/physics.py:22,test_energy_balance_saturation,implemented; bounded-tests-only; full-numerical-evaluation-not-run
Q3-L0355,3.4,355,\[,config.Config;physics.replay,src/q3/config.py:16;src/q3/physics.py:22,test_energy_balance_saturation,implemented; bounded-tests-only; full-numerical-evaluation-not-run
Q3-L0356,3.4,356,1200\le E_t\le10800.,config.Config;physics.replay,src/q3/config.py:16;src/q3/physics.py:22,test_energy_balance_saturation,implemented; bounded-tests-only; full-numerical-evaluation-not-run
Q3-L0357,3.4,357,\],config.Config;physics.replay,src/q3/config.py:16;src/q3/physics.py:22,test_energy_balance_saturation,implemented; bounded-tests-only; full-numerical-evaluation-not-run
Q3-L0359,3.4,359,主模型继续采用与问题一、问题二一致的效率口径：,config.Config;physics.replay,src/q3/config.py:16;src/q3/physics.py:22,test_energy_balance_saturation,implemented; bounded-tests-only; full-numerical-evaluation-not-run
Q3-L0361,3.4,361,\[,config.Config;physics.replay,src/q3/config.py:16;src/q3/physics.py:22,test_energy_balance_saturation,implemented; bounded-tests-only; full-numerical-evaluation-not-run
Q3-L0362,3.4,362,\boxed{,config.Config;physics.replay,src/q3/config.py:16;src/q3/physics.py:22,test_energy_balance_saturation,implemented; bounded-tests-only; full-numerical-evaluation-not-run
Q3-L0363,3.4,363,\eta_c=\eta_d=0.9.,config.Config;physics.replay,src/q3/config.py:16;src/q3/physics.py:22,test_energy_balance_saturation,implemented; bounded-tests-only; full-numerical-evaluation-not-run
Q3-L0364,3.4,364,},config.Config;physics.replay,src/q3/config.py:16;src/q3/physics.py:22,test_energy_balance_saturation,implemented; bounded-tests-only; full-numerical-evaluation-not-run
Q3-L0365,3.4,365,\],config.Config;physics.replay,src/q3/config.py:16;src/q3/physics.py:22,test_energy_balance_saturation,implemented; bounded-tests-only; full-numerical-evaluation-not-run
Q3-L0367,3.4,367,---,config.Config;physics.replay,src/q3/config.py:16;src/q3/physics.py:22,test_energy_balance_saturation,implemented; bounded-tests-only; full-numerical-evaluation-not-run
Q3-L0369,3.5,369,# 3.5 附件 3 光伏预报的时间重构,data.read_inputs,src/q3/data.py:74,test_origin_alignment_and_nodes,implemented; bounded-tests-only; full-numerical-evaluation-not-run
Q3-L0371,3.5,371,附件 3 在每天,data.read_inputs,src/q3/data.py:74,test_origin_alignment_and_nodes,implemented; bounded-tests-only; full-numerical-evaluation-not-run
Q3-L0373,3.5,373,\[,data.read_inputs,src/q3/data.py:74,test_origin_alignment_and_nodes,implemented; bounded-tests-only; full-numerical-evaluation-not-run
Q3-L0374,3.5,374,"0{:}00,\ 6{:}00,\ 12{:}00,\ 18{:}00",data.read_inputs,src/q3/data.py:74,test_origin_alignment_and_nodes,implemented; bounded-tests-only; full-numerical-evaluation-not-run
Q3-L0375,3.5,375,\],data.read_inputs,src/q3/data.py:74,test_origin_alignment_and_nodes,implemented; bounded-tests-only; full-numerical-evaluation-not-run
Q3-L0377,3.5,377,分别给出未来 24 h 整点光伏预测。,data.read_inputs,src/q3/data.py:74,test_origin_alignment_and_nodes,implemented; bounded-tests-only; full-numerical-evaluation-not-run
Q3-L0379,3.5,379,设：,data.read_inputs,src/q3/data.py:74,test_origin_alignment_and_nodes,implemented; bounded-tests-only; full-numerical-evaluation-not-run
Q3-L0381,3.5,381,- \(T^{\mathrm{issue}}\)：预报发布时间；,data.read_inputs,src/q3/data.py:74,test_origin_alignment_and_nodes,implemented; bounded-tests-only; full-numerical-evaluation-not-run
Q3-L0382,3.5,382,"- \(h=1,\ldots,24\)：预测提前小时数；",data.read_inputs,src/q3/data.py:74,test_origin_alignment_and_nodes,implemented; bounded-tests-only; full-numerical-evaluation-not-run
Q3-L0383,3.5,383,- \(T^{\mathrm{target}}\)：实际预测目标时间。,data.read_inputs,src/q3/data.py:74,test_origin_alignment_and_nodes,implemented; bounded-tests-only; full-numerical-evaluation-not-run
Q3-L0385,3.5,385,则必须首先建立：,data.read_inputs,src/q3/data.py:74,test_origin_alignment_and_nodes,implemented; bounded-tests-only; full-numerical-evaluation-not-run
Q3-L0387,3.5,387,\[,data.read_inputs,src/q3/data.py:74,test_origin_alignment_and_nodes,implemented; bounded-tests-only; full-numerical-evaluation-not-run
Q3-L0388,3.5,388,\boxed{,data.read_inputs,src/q3/data.py:74,test_origin_alignment_and_nodes,implemented; bounded-tests-only; full-numerical-evaluation-not-run
Q3-L0389,3.5,389,T^{\mathrm{target}},data.read_inputs,src/q3/data.py:74,test_origin_alignment_and_nodes,implemented; bounded-tests-only; full-numerical-evaluation-not-run
Q3-L0390,3.5,390,=,data.read_inputs,src/q3/data.py:74,test_origin_alignment_and_nodes,implemented; bounded-tests-only; full-numerical-evaluation-not-run
Q3-L0391,3.5,391,T^{\mathrm{issue}}+h.,data.read_inputs,src/q3/data.py:74,test_origin_alignment_and_nodes,implemented; bounded-tests-only; full-numerical-evaluation-not-run
Q3-L0392,3.5,392,},data.read_inputs,src/q3/data.py:74,test_origin_alignment_and_nodes,implemented; bounded-tests-only; full-numerical-evaluation-not-run
Q3-L0393,3.5,393,\],data.read_inputs,src/q3/data.py:74,test_origin_alignment_and_nodes,implemented; bounded-tests-only; full-numerical-evaluation-not-run
Q3-L0395,3.5,395,例如：,data.read_inputs,src/q3/data.py:74,test_origin_alignment_and_nodes,implemented; bounded-tests-only; full-numerical-evaluation-not-run
Q3-L0397,3.5,397,| 发布时间 | 提前量 | 对应目标时刻 |,data.read_inputs,src/q3/data.py:74,test_origin_alignment_and_nodes,implemented; bounded-tests-only; full-numerical-evaluation-not-run
Q3-L0398,3.5,398,|---|---:|---|,data.read_inputs,src/q3/data.py:74,test_origin_alignment_and_nodes,implemented; bounded-tests-only; full-numerical-evaluation-not-run
Q3-L0399,3.5,399,| 0:00 | 13 h | 当天 13:00 |,data.read_inputs,src/q3/data.py:74,test_origin_alignment_and_nodes,implemented; bounded-tests-only; full-numerical-evaluation-not-run
Q3-L0400,3.5,400,| 6:00 | 7 h | 当天 13:00 |,data.read_inputs,src/q3/data.py:74,test_origin_alignment_and_nodes,implemented; bounded-tests-only; full-numerical-evaluation-not-run
Q3-L0401,3.5,401,| 12:00 | 1 h | 当天 13:00 |,data.read_inputs,src/q3/data.py:74,test_origin_alignment_and_nodes,implemented; bounded-tests-only; full-numerical-evaluation-not-run
Q3-L0403,3.5,403,只有完成该映射后，才能公平比较针对同一目标时刻的不同发布时间预报，并计算对应预测误差。,data.read_inputs,src/q3/data.py:74,test_origin_alignment_and_nodes,implemented; bounded-tests-only; full-numerical-evaluation-not-run
Q3-L0405,3.5,405,---,data.read_inputs,src/q3/data.py:74,test_origin_alignment_and_nodes,implemented; bounded-tests-only; full-numerical-evaluation-not-run
Q3-L0407,3.6,407,# 3.6 小时预报到 10 min 调度尺度的转换,data.Inputs,src/q3/data.py:15,test_origin_alignment_and_nodes;test_pchip_preserves_hourly_knots,implemented; bounded-tests-only; full-numerical-evaluation-not-run
Q3-L0409,3.6,409,附件 3 给出整点预测，而调度分辨率为 10 min，因此采用分段线性插值。,data.Inputs,src/q3/data.py:15,test_origin_alignment_and_nodes;test_pchip_preserves_hourly_knots,implemented; bounded-tests-only; full-numerical-evaluation-not-run
Q3-L0411,3.6,411,设相邻整点预测为：,data.Inputs,src/q3/data.py:15,test_origin_alignment_and_nodes;test_pchip_preserves_hourly_knots,implemented; bounded-tests-only; full-numerical-evaluation-not-run
Q3-L0413,3.6,413,\[,data.Inputs,src/q3/data.py:15,test_origin_alignment_and_nodes;test_pchip_preserves_hourly_knots,implemented; bounded-tests-only; full-numerical-evaluation-not-run
Q3-L0414,3.6,414,"\widehat P_h,",data.Inputs,src/q3/data.py:15,test_origin_alignment_and_nodes;test_pchip_preserves_hourly_knots,implemented; bounded-tests-only; full-numerical-evaluation-not-run
Q3-L0415,3.6,415,\qquad,data.Inputs,src/q3/data.py:15,test_origin_alignment_and_nodes;test_pchip_preserves_hourly_knots,implemented; bounded-tests-only; full-numerical-evaluation-not-run
Q3-L0416,3.6,416,"\widehat P_{h+1},",data.Inputs,src/q3/data.py:15,test_origin_alignment_and_nodes;test_pchip_preserves_hourly_knots,implemented; bounded-tests-only; full-numerical-evaluation-not-run
Q3-L0417,3.6,417,\],data.Inputs,src/q3/data.py:15,test_origin_alignment_and_nodes;test_pchip_preserves_hourly_knots,implemented; bounded-tests-only; full-numerical-evaluation-not-run
Q3-L0419,3.6,419,则中间第 \(m\) 个 10 min 点：,data.Inputs,src/q3/data.py:15,test_origin_alignment_and_nodes;test_pchip_preserves_hourly_knots,implemented; bounded-tests-only; full-numerical-evaluation-not-run
Q3-L0421,3.6,421,\[,data.Inputs,src/q3/data.py:15,test_origin_alignment_and_nodes;test_pchip_preserves_hourly_knots,implemented; bounded-tests-only; full-numerical-evaluation-not-run
Q3-L0422,3.6,422,\boxed{,data.Inputs,src/q3/data.py:15,test_origin_alignment_and_nodes;test_pchip_preserves_hourly_knots,implemented; bounded-tests-only; full-numerical-evaluation-not-run
Q3-L0423,3.6,423,\widehat P_{h+m/6},data.Inputs,src/q3/data.py:15,test_origin_alignment_and_nodes;test_pchip_preserves_hourly_knots,implemented; bounded-tests-only; full-numerical-evaluation-not-run
Q3-L0424,3.6,424,=,data.Inputs,src/q3/data.py:15,test_origin_alignment_and_nodes;test_pchip_preserves_hourly_knots,implemented; bounded-tests-only; full-numerical-evaluation-not-run
Q3-L0425,3.6,425,\left(1-\frac m6\right)\widehat P_h,data.Inputs,src/q3/data.py:15,test_origin_alignment_and_nodes;test_pchip_preserves_hourly_knots,implemented; bounded-tests-only; full-numerical-evaluation-not-run
Q3-L0426,3.6,426,+,data.Inputs,src/q3/data.py:15,test_origin_alignment_and_nodes;test_pchip_preserves_hourly_knots,implemented; bounded-tests-only; full-numerical-evaluation-not-run
Q3-L0427,3.6,427,"\frac m6\widehat P_{h+1},",data.Inputs,src/q3/data.py:15,test_origin_alignment_and_nodes;test_pchip_preserves_hourly_knots,implemented; bounded-tests-only; full-numerical-evaluation-not-run
Q3-L0428,3.6,428,\qquad,data.Inputs,src/q3/data.py:15,test_origin_alignment_and_nodes;test_pchip_preserves_hourly_knots,implemented; bounded-tests-only; full-numerical-evaluation-not-run
Q3-L0429,3.6,429,"m=1,\ldots,5.",data.Inputs,src/q3/data.py:15,test_origin_alignment_and_nodes;test_pchip_preserves_hourly_knots,implemented; bounded-tests-only; full-numerical-evaluation-not-run
Q3-L0430,3.6,430,},data.Inputs,src/q3/data.py:15,test_origin_alignment_and_nodes;test_pchip_preserves_hourly_knots,implemented; bounded-tests-only; full-numerical-evaluation-not-run
Q3-L0431,3.6,431,\],data.Inputs,src/q3/data.py:15,test_origin_alignment_and_nodes;test_pchip_preserves_hourly_knots,implemented; bounded-tests-only; full-numerical-evaluation-not-run
Q3-L0433,3.6,433,对于发布时间 \(k\) 到第一个未来整点之间，例如 \(6{:}00\sim7{:}00\)，使用在 \(6{:}00\) 已经观测到的实际光伏功率作为左端点：,data.Inputs,src/q3/data.py:15,test_origin_alignment_and_nodes;test_pchip_preserves_hourly_knots,implemented; bounded-tests-only; full-numerical-evaluation-not-run
Q3-L0435,3.6,435,\[,data.Inputs,src/q3/data.py:15,test_origin_alignment_and_nodes;test_pchip_preserves_hourly_knots,implemented; bounded-tests-only; full-numerical-evaluation-not-run
Q3-L0436,3.6,436,"P_{6{:}00}^{PV,\mathrm{obs}}",data.Inputs,src/q3/data.py:15,test_origin_alignment_and_nodes;test_pchip_preserves_hourly_knots,implemented; bounded-tests-only; full-numerical-evaluation-not-run
Q3-L0437,3.6,437,\],data.Inputs,src/q3/data.py:15,test_origin_alignment_and_nodes;test_pchip_preserves_hourly_knots,implemented; bounded-tests-only; full-numerical-evaluation-not-run
Q3-L0439,3.6,439,与,data.Inputs,src/q3/data.py:15,test_origin_alignment_and_nodes;test_pchip_preserves_hourly_knots,implemented; bounded-tests-only; full-numerical-evaluation-not-run
Q3-L0441,3.6,441,\[,data.Inputs,src/q3/data.py:15,test_origin_alignment_and_nodes;test_pchip_preserves_hourly_knots,implemented; bounded-tests-only; full-numerical-evaluation-not-run
Q3-L0442,3.6,442,\widehat P_{7{:}00|6{:}00}^{PV},data.Inputs,src/q3/data.py:15,test_origin_alignment_and_nodes;test_pchip_preserves_hourly_knots,implemented; bounded-tests-only; full-numerical-evaluation-not-run
Q3-L0443,3.6,443,\],data.Inputs,src/q3/data.py:15,test_origin_alignment_and_nodes;test_pchip_preserves_hourly_knots,implemented; bounded-tests-only; full-numerical-evaluation-not-run
Q3-L0445,3.6,445,进行线性连接。,data.Inputs,src/q3/data.py:15,test_origin_alignment_and_nodes;test_pchip_preserves_hourly_knots,implemented; bounded-tests-only; full-numerical-evaluation-not-run
Q3-L0447,3.6,447,这样做不使用未来信息，因为节点 \(k\) 时刻的当前光伏已经实现。,data.Inputs,src/q3/data.py:15,test_origin_alignment_and_nodes;test_pchip_preserves_hourly_knots,implemented; bounded-tests-only; full-numerical-evaluation-not-run
Q3-L0449,3.6,449,插值后统一转换为 10 min 电量：,data.Inputs,src/q3/data.py:15,test_origin_alignment_and_nodes;test_pchip_preserves_hourly_knots,implemented; bounded-tests-only; full-numerical-evaluation-not-run
Q3-L0451,3.6,451,\[,data.Inputs,src/q3/data.py:15,test_origin_alignment_and_nodes;test_pchip_preserves_hourly_knots,implemented; bounded-tests-only; full-numerical-evaluation-not-run
Q3-L0452,3.6,452,\boxed{,data.Inputs,src/q3/data.py:15,test_origin_alignment_and_nodes;test_pchip_preserves_hourly_knots,implemented; bounded-tests-only; full-numerical-evaluation-not-run
Q3-L0453,3.6,453,\widehat S_t^{(k)},data.Inputs,src/q3/data.py:15,test_origin_alignment_and_nodes;test_pchip_preserves_hourly_knots,implemented; bounded-tests-only; full-numerical-evaluation-not-run
Q3-L0454,3.6,454,=,data.Inputs,src/q3/data.py:15,test_origin_alignment_and_nodes;test_pchip_preserves_hourly_knots,implemented; bounded-tests-only; full-numerical-evaluation-not-run
Q3-L0455,3.6,455,"\widehat P_t^{PV,(k)}\Delta t.",data.Inputs,src/q3/data.py:15,test_origin_alignment_and_nodes;test_pchip_preserves_hourly_knots,implemented; bounded-tests-only; full-numerical-evaluation-not-run
Q3-L0456,3.6,456,},data.Inputs,src/q3/data.py:15,test_origin_alignment_and_nodes;test_pchip_preserves_hourly_knots,implemented; bounded-tests-only; full-numerical-evaluation-not-run
Q3-L0457,3.6,457,\],data.Inputs,src/q3/data.py:15,test_origin_alignment_and_nodes;test_pchip_preserves_hourly_knots,implemented; bounded-tests-only; full-numerical-evaluation-not-run
Q3-L0459,3.6,459,为检验结论是否依赖插值形式，可在敏感性分析中用 PCHIP 作为对照，但不改变主模型。,data.Inputs,src/q3/data.py:15,test_origin_alignment_and_nodes;test_pchip_preserves_hourly_knots,implemented; bounded-tests-only; full-numerical-evaluation-not-run
Q3-L0461,3.6,461,---,data.Inputs,src/q3/data.py:15,test_origin_alignment_and_nodes;test_pchip_preserves_hourly_knots,implemented; bounded-tests-only; full-numerical-evaluation-not-run
Q3-L0463,3.7,463,# 3.7 历史预测误差库的构造,data.Inputs;data.read_inputs,src/q3/data.py:15;src/q3/data.py:74,test_48h_predictor_identity_frozen;test_completed_trajectory_horizon,implemented; bounded-tests-only; full-numerical-evaluation-not-run
Q3-L0465,3.7,465,## 3.7.1 光伏预测误差,data.Inputs;data.read_inputs,src/q3/data.py:15;src/q3/data.py:74,test_48h_predictor_identity_frozen;test_completed_trajectory_horizon,implemented; bounded-tests-only; full-numerical-evaluation-not-run
Q3-L0467,3.7,467,"对历史日期 \(j\)、发布时间 \(k\in\{0,6,12,18\}\) 和目标时段 \(t\)，定义：",data.Inputs;data.read_inputs,src/q3/data.py:15;src/q3/data.py:74,test_48h_predictor_identity_frozen;test_completed_trajectory_horizon,implemented; bounded-tests-only; full-numerical-evaluation-not-run
Q3-L0469,3.7,469,\[,data.Inputs;data.read_inputs,src/q3/data.py:15;src/q3/data.py:74,test_48h_predictor_identity_frozen;test_completed_trajectory_horizon,implemented; bounded-tests-only; full-numerical-evaluation-not-run
Q3-L0470,3.7,470,\boxed{,data.Inputs;data.read_inputs,src/q3/data.py:15;src/q3/data.py:74,test_48h_predictor_identity_frozen;test_completed_trajectory_horizon,implemented; bounded-tests-only; full-numerical-evaluation-not-run
Q3-L0471,3.7,471,"e_{j,k,t}^{PV}",data.Inputs;data.read_inputs,src/q3/data.py:15;src/q3/data.py:74,test_48h_predictor_identity_frozen;test_completed_trajectory_horizon,implemented; bounded-tests-only; full-numerical-evaluation-not-run
Q3-L0472,3.7,472,=,data.Inputs;data.read_inputs,src/q3/data.py:15;src/q3/data.py:74,test_48h_predictor_identity_frozen;test_completed_trajectory_horizon,implemented; bounded-tests-only; full-numerical-evaluation-not-run
Q3-L0473,3.7,473,"P_{j,t}^{PV,\mathrm{real}}",data.Inputs;data.read_inputs,src/q3/data.py:15;src/q3/data.py:74,test_48h_predictor_identity_frozen;test_completed_trajectory_horizon,implemented; bounded-tests-only; full-numerical-evaluation-not-run
Q3-L0474,3.7,474,-,data.Inputs;data.read_inputs,src/q3/data.py:15;src/q3/data.py:74,test_48h_predictor_identity_frozen;test_completed_trajectory_horizon,implemented; bounded-tests-only; full-numerical-evaluation-not-run
Q3-L0475,3.7,475,"\widehat P_{j,t|k}^{PV}.",data.Inputs;data.read_inputs,src/q3/data.py:15;src/q3/data.py:74,test_48h_predictor_identity_frozen;test_completed_trajectory_horizon,implemented; bounded-tests-only; full-numerical-evaluation-not-run
Q3-L0476,3.7,476,},data.Inputs;data.read_inputs,src/q3/data.py:15;src/q3/data.py:74,test_48h_predictor_identity_frozen;test_completed_trajectory_horizon,implemented; bounded-tests-only; full-numerical-evaluation-not-run
Q3-L0477,3.7,477,\],data.Inputs;data.read_inputs,src/q3/data.py:15;src/q3/data.py:74,test_48h_predictor_identity_frozen;test_completed_trajectory_horizon,implemented; bounded-tests-only; full-numerical-evaluation-not-run
Q3-L0479,3.7,479,误差库不能把所有误差无条件混合，而必须至少按：,data.Inputs;data.read_inputs,src/q3/data.py:15;src/q3/data.py:74,test_48h_predictor_identity_frozen;test_completed_trajectory_horizon,implemented; bounded-tests-only; full-numerical-evaluation-not-run
Q3-L0481,3.7,481,\[,data.Inputs;data.read_inputs,src/q3/data.py:15;src/q3/data.py:74,test_48h_predictor_identity_frozen;test_completed_trajectory_horizon,implemented; bounded-tests-only; full-numerical-evaluation-not-run
Q3-L0482,3.7,482,\boxed{,data.Inputs;data.read_inputs,src/q3/data.py:15;src/q3/data.py:74,test_48h_predictor_identity_frozen;test_completed_trajectory_horizon,implemented; bounded-tests-only; full-numerical-evaluation-not-run
Q3-L0483,3.7,483,\text{发布时间 }k,data.Inputs;data.read_inputs,src/q3/data.py:15;src/q3/data.py:74,test_48h_predictor_identity_frozen;test_completed_trajectory_horizon,implemented; bounded-tests-only; full-numerical-evaluation-not-run
Q3-L0484,3.7,484,},data.Inputs;data.read_inputs,src/q3/data.py:15;src/q3/data.py:74,test_48h_predictor_identity_frozen;test_completed_trajectory_horizon,implemented; bounded-tests-only; full-numerical-evaluation-not-run
Q3-L0485,3.7,485,\],data.Inputs;data.read_inputs,src/q3/data.py:15;src/q3/data.py:74,test_48h_predictor_identity_frozen;test_completed_trajectory_horizon,implemented; bounded-tests-only; full-numerical-evaluation-not-run
Q3-L0487,3.7,487,和,data.Inputs;data.read_inputs,src/q3/data.py:15;src/q3/data.py:74,test_48h_predictor_identity_frozen;test_completed_trajectory_horizon,implemented; bounded-tests-only; full-numerical-evaluation-not-run
Q3-L0489,3.7,489,\[,data.Inputs;data.read_inputs,src/q3/data.py:15;src/q3/data.py:74,test_48h_predictor_identity_frozen;test_completed_trajectory_horizon,implemented; bounded-tests-only; full-numerical-evaluation-not-run
Q3-L0490,3.7,490,\boxed{,data.Inputs;data.read_inputs,src/q3/data.py:15;src/q3/data.py:74,test_48h_predictor_identity_frozen;test_completed_trajectory_horizon,implemented; bounded-tests-only; full-numerical-evaluation-not-run
Q3-L0491,3.7,491,\text{预测提前量 horizon},data.Inputs;data.read_inputs,src/q3/data.py:15;src/q3/data.py:74,test_48h_predictor_identity_frozen;test_completed_trajectory_horizon,implemented; bounded-tests-only; full-numerical-evaluation-not-run
Q3-L0492,3.7,492,},data.Inputs;data.read_inputs,src/q3/data.py:15;src/q3/data.py:74,test_48h_predictor_identity_frozen;test_completed_trajectory_horizon,implemented; bounded-tests-only; full-numerical-evaluation-not-run
Q3-L0493,3.7,493,\],data.Inputs;data.read_inputs,src/q3/data.py:15;src/q3/data.py:74,test_48h_predictor_identity_frozen;test_completed_trajectory_horizon,implemented; bounded-tests-only; full-numerical-evaluation-not-run
Q3-L0495,3.7,495,进行匹配。,data.Inputs;data.read_inputs,src/q3/data.py:15;src/q3/data.py:74,test_48h_predictor_identity_frozen;test_completed_trajectory_horizon,implemented; bounded-tests-only; full-numerical-evaluation-not-run
Q3-L0497,3.7,497,原因是不同发布时间、不同提前量的预测误差尺度不同。,data.Inputs;data.read_inputs,src/q3/data.py:15;src/q3/data.py:74,test_48h_predictor_identity_frozen;test_completed_trajectory_horizon,implemented; bounded-tests-only; full-numerical-evaluation-not-run
Q3-L0499,3.7,499,---,data.Inputs;data.read_inputs,src/q3/data.py:15;src/q3/data.py:74,test_48h_predictor_identity_frozen;test_completed_trajectory_horizon,implemented; bounded-tests-only; full-numerical-evaluation-not-run
Q3-L0501,3.7,501,## 3.7.2 负荷预测误差,data.Inputs;data.read_inputs,src/q3/data.py:15;src/q3/data.py:74,test_48h_predictor_identity_frozen;test_completed_trajectory_horizon,implemented; bounded-tests-only; full-numerical-evaluation-not-run
Q3-L0503,3.7,503,第三问继承问题二实际采用的负荷预测流程。为避免历史误差库隐含未来信息，负荷预测误差必须采用 **rolling-origin / walk-forward 的样本外残差**：对历史日期 \(j\)，生成 \(\widehat L_j\) 时只能使用日期 \(j\) 之前已经实现的数据，不允许用全年样本训练后再回算历史拟合残差。,data.Inputs;data.read_inputs,src/q3/data.py:15;src/q3/data.py:74,test_48h_predictor_identity_frozen;test_completed_trajectory_horizon,implemented; bounded-tests-only; full-numerical-evaluation-not-run
Q3-L0505,3.7,505,"对历史预测起点 \(j,0{:}00\)，定义：",data.Inputs;data.read_inputs,src/q3/data.py:15;src/q3/data.py:74,test_48h_predictor_identity_frozen;test_completed_trajectory_horizon,implemented; bounded-tests-only; full-numerical-evaluation-not-run
Q3-L0507,3.7,507,\[,data.Inputs;data.read_inputs,src/q3/data.py:15;src/q3/data.py:74,test_48h_predictor_identity_frozen;test_completed_trajectory_horizon,implemented; bounded-tests-only; full-numerical-evaluation-not-run
Q3-L0508,3.7,508,\boxed{,data.Inputs;data.read_inputs,src/q3/data.py:15;src/q3/data.py:74,test_48h_predictor_identity_frozen;test_completed_trajectory_horizon,implemented; bounded-tests-only; full-numerical-evaluation-not-run
Q3-L0509,3.7,509,"e_{j,t}^{L}",data.Inputs;data.read_inputs,src/q3/data.py:15;src/q3/data.py:74,test_48h_predictor_identity_frozen;test_completed_trajectory_horizon,implemented; bounded-tests-only; full-numerical-evaluation-not-run
Q3-L0510,3.7,510,=,data.Inputs;data.read_inputs,src/q3/data.py:15;src/q3/data.py:74,test_48h_predictor_identity_frozen;test_completed_trajectory_horizon,implemented; bounded-tests-only; full-numerical-evaluation-not-run
Q3-L0511,3.7,511,"L_{j,t}^{\mathrm{real}}",data.Inputs;data.read_inputs,src/q3/data.py:15;src/q3/data.py:74,test_48h_predictor_identity_frozen;test_completed_trajectory_horizon,implemented; bounded-tests-only; full-numerical-evaluation-not-run
Q3-L0512,3.7,512,-,data.Inputs;data.read_inputs,src/q3/data.py:15;src/q3/data.py:74,test_48h_predictor_identity_frozen;test_completed_trajectory_horizon,implemented; bounded-tests-only; full-numerical-evaluation-not-run
Q3-L0513,3.7,513,"\widehat L_{j,t}^{\,0}.",data.Inputs;data.read_inputs,src/q3/data.py:15;src/q3/data.py:74,test_48h_predictor_identity_frozen;test_completed_trajectory_horizon,implemented; bounded-tests-only; full-numerical-evaluation-not-run
Q3-L0514,3.7,514,},data.Inputs;data.read_inputs,src/q3/data.py:15;src/q3/data.py:74,test_48h_predictor_identity_frozen;test_completed_trajectory_horizon,implemented; bounded-tests-only; full-numerical-evaluation-not-run
Q3-L0515,3.7,515,\],data.Inputs;data.read_inputs,src/q3/data.py:15;src/q3/data.py:74,test_48h_predictor_identity_frozen;test_completed_trajectory_horizon,implemented; bounded-tests-only; full-numerical-evaluation-not-run
Q3-L0517,3.7,517,若第三问在节点 \(k\) 对未来 24 h 进行优化，则负荷误差必须匹配“当天 \(0{:}00\) 预测该目标时刻时的预测提前量”，不能把 1 h、24 h、36 h 的负荷预测误差混为同一分布。,data.Inputs;data.read_inputs,src/q3/data.py:15;src/q3/data.py:74,test_48h_predictor_identity_frozen;test_completed_trajectory_horizon,implemented; bounded-tests-only; full-numerical-evaluation-not-run
Q3-L0519,3.7,519,附件 3 的光伏预报为题目直接给出的历史业务预报，其误差可直接由“实际光伏减官方预报”得到，不涉及本文重新训练预测模型，因此无需额外构造训练内/训练外划分；只需保证在第 \(d\) 天决策时，场景库仅使用 \(j<d\) 的历史已实现误差。,data.Inputs;data.read_inputs,src/q3/data.py:15;src/q3/data.py:74,test_48h_predictor_identity_frozen;test_completed_trajectory_horizon,implemented; bounded-tests-only; full-numerical-evaluation-not-run
Q3-L0521,3.7,521,---,data.Inputs;data.read_inputs,src/q3/data.py:15;src/q3/data.py:74,test_48h_predictor_identity_frozen;test_completed_trajectory_horizon,implemented; bounded-tests-only; full-numerical-evaluation-not-run
Q3-L0523,3.7,523,## 3.7.3 联合误差轨迹,data.Inputs;data.read_inputs,src/q3/data.py:15;src/q3/data.py:74,test_48h_predictor_identity_frozen;test_completed_trajectory_horizon,implemented; bounded-tests-only; full-numerical-evaluation-not-run
Q3-L0525,3.7,525,储能和购电真正受到净负荷,data.Inputs;data.read_inputs,src/q3/data.py:15;src/q3/data.py:74,test_48h_predictor_identity_frozen;test_completed_trajectory_horizon,implemented; bounded-tests-only; full-numerical-evaluation-not-run
Q3-L0527,3.7,527,\[,data.Inputs;data.read_inputs,src/q3/data.py:15;src/q3/data.py:74,test_48h_predictor_identity_frozen;test_completed_trajectory_horizon,implemented; bounded-tests-only; full-numerical-evaluation-not-run
Q3-L0528,3.7,528,N_t=L_t-P_t^{PV},data.Inputs;data.read_inputs,src/q3/data.py:15;src/q3/data.py:74,test_48h_predictor_identity_frozen;test_completed_trajectory_horizon,implemented; bounded-tests-only; full-numerical-evaluation-not-run
Q3-L0529,3.7,529,\],data.Inputs;data.read_inputs,src/q3/data.py:15;src/q3/data.py:74,test_48h_predictor_identity_frozen;test_completed_trajectory_horizon,implemented; bounded-tests-only; full-numerical-evaluation-not-run
Q3-L0531,3.7,531,驱动。,data.Inputs;data.read_inputs,src/q3/data.py:15;src/q3/data.py:74,test_48h_predictor_identity_frozen;test_completed_trajectory_horizon,implemented; bounded-tests-only; full-numerical-evaluation-not-run
Q3-L0533,3.7,533,因此，本文不独立抽取负荷误差和光伏误差，而从同一个历史日期 \(j\) 读取：,data.Inputs;data.read_inputs,src/q3/data.py:15;src/q3/data.py:74,test_48h_predictor_identity_frozen;test_completed_trajectory_horizon,implemented; bounded-tests-only; full-numerical-evaluation-not-run
Q3-L0535,3.7,535,\[,data.Inputs;data.read_inputs,src/q3/data.py:15;src/q3/data.py:74,test_48h_predictor_identity_frozen;test_completed_trajectory_horizon,implemented; bounded-tests-only; full-numerical-evaluation-not-run
Q3-L0536,3.7,536,\boxed{,data.Inputs;data.read_inputs,src/q3/data.py:15;src/q3/data.py:74,test_48h_predictor_identity_frozen;test_completed_trajectory_horizon,implemented; bounded-tests-only; full-numerical-evaluation-not-run
Q3-L0537,3.7,537,\left(,data.Inputs;data.read_inputs,src/q3/data.py:15;src/q3/data.py:74,test_48h_predictor_identity_frozen;test_completed_trajectory_horizon,implemented; bounded-tests-only; full-numerical-evaluation-not-run
Q3-L0538,3.7,538,"\boldsymbol e_j^L,",data.Inputs;data.read_inputs,src/q3/data.py:15;src/q3/data.py:74,test_48h_predictor_identity_frozen;test_completed_trajectory_horizon,implemented; bounded-tests-only; full-numerical-evaluation-not-run
Q3-L0539,3.7,539,"\boldsymbol e_{j,k}^{PV}",data.Inputs;data.read_inputs,src/q3/data.py:15;src/q3/data.py:74,test_48h_predictor_identity_frozen;test_completed_trajectory_horizon,implemented; bounded-tests-only; full-numerical-evaluation-not-run
Q3-L0540,3.7,540,\right),data.Inputs;data.read_inputs,src/q3/data.py:15;src/q3/data.py:74,test_48h_predictor_identity_frozen;test_completed_trajectory_horizon,implemented; bounded-tests-only; full-numerical-evaluation-not-run
Q3-L0541,3.7,541,},data.Inputs;data.read_inputs,src/q3/data.py:15;src/q3/data.py:74,test_48h_predictor_identity_frozen;test_completed_trajectory_horizon,implemented; bounded-tests-only; full-numerical-evaluation-not-run
Q3-L0542,3.7,542,\],data.Inputs;data.read_inputs,src/q3/data.py:15;src/q3/data.py:74,test_48h_predictor_identity_frozen;test_completed_trajectory_horizon,implemented; bounded-tests-only; full-numerical-evaluation-not-run
Q3-L0544,3.7,544,形成联合误差轨迹。,data.Inputs;data.read_inputs,src/q3/data.py:15;src/q3/data.py:74,test_48h_predictor_identity_frozen;test_completed_trajectory_horizon,implemented; bounded-tests-only; full-numerical-evaluation-not-run
Q3-L0546,3.7,546,这样可以同时保留：,data.Inputs;data.read_inputs,src/q3/data.py:15;src/q3/data.py:74,test_48h_predictor_identity_frozen;test_completed_trajectory_horizon,implemented; bounded-tests-only; full-numerical-evaluation-not-run
Q3-L0548,3.7,548,- 日内时间相关性；,data.Inputs;data.read_inputs,src/q3/data.py:15;src/q3/data.py:74,test_48h_predictor_identity_frozen;test_completed_trajectory_horizon,implemented; bounded-tests-only; full-numerical-evaluation-not-run
Q3-L0549,3.7,549,- 连续天气造成的光伏误差持续性；,data.Inputs;data.read_inputs,src/q3/data.py:15;src/q3/data.py:74,test_48h_predictor_identity_frozen;test_completed_trajectory_horizon,implemented; bounded-tests-only; full-numerical-evaluation-not-run
Q3-L0550,3.7,550,- 负荷—光伏之间可能存在的联合关系；,data.Inputs;data.read_inputs,src/q3/data.py:15;src/q3/data.py:74,test_48h_predictor_identity_frozen;test_completed_trajectory_horizon,implemented; bounded-tests-only; full-numerical-evaluation-not-run
Q3-L0551,3.7,551,- 不同预测提前量下的误差尺度。,data.Inputs;data.read_inputs,src/q3/data.py:15;src/q3/data.py:74,test_48h_predictor_identity_frozen;test_completed_trajectory_horizon,implemented; bounded-tests-only; full-numerical-evaluation-not-run
Q3-L0553,3.7,553,---,data.Inputs;data.read_inputs,src/q3/data.py:15;src/q3/data.py:74,test_48h_predictor_identity_frozen;test_completed_trajectory_horizon,implemented; bounded-tests-only; full-numerical-evaluation-not-run
Q3-L0555,3.8,555,# 3.8 四时点联合随机场景构造,scenarios.construct;scenarios.pool_indices;scenarios.reduce_errors;scenarios.medoids,src/q3/scenarios.py:91;src/q3/scenarios.py:39;src/q3/scenarios.py:61;src/q3/scenarios.py:9,test_recent_then_expand_and_condition;test_reduction_probability_tail_original_support;test_no_artificial_samples,implemented; bounded-tests-only; full-numerical-evaluation-not-run
Q3-L0557,3.8,557,设当前为第 \(d\) 天节点 \(k\)。,scenarios.construct;scenarios.pool_indices;scenarios.reduce_errors;scenarios.medoids,src/q3/scenarios.py:91;src/q3/scenarios.py:39;src/q3/scenarios.py:61;src/q3/scenarios.py:9,test_recent_then_expand_and_condition;test_reduction_probability_tail_original_support;test_no_artificial_samples,implemented; bounded-tests-only; full-numerical-evaluation-not-run
Q3-L0559,3.8,559,已知：,scenarios.construct;scenarios.pool_indices;scenarios.reduce_errors;scenarios.medoids,src/q3/scenarios.py:91;src/q3/scenarios.py:39;src/q3/scenarios.py:61;src/q3/scenarios.py:9,test_recent_then_expand_and_condition;test_reduction_probability_tail_original_support;test_no_artificial_samples,implemented; bounded-tests-only; full-numerical-evaluation-not-run
Q3-L0561,3.8,561,\[,scenarios.construct;scenarios.pool_indices;scenarios.reduce_errors;scenarios.medoids,src/q3/scenarios.py:91;src/q3/scenarios.py:39;src/q3/scenarios.py:61;src/q3/scenarios.py:9,test_recent_then_expand_and_condition;test_reduction_probability_tail_original_support;test_no_artificial_samples,implemented; bounded-tests-only; full-numerical-evaluation-not-run
Q3-L0562,3.8,562,"\widehat L_{d,t}^{\,0}",scenarios.construct;scenarios.pool_indices;scenarios.reduce_errors;scenarios.medoids,src/q3/scenarios.py:91;src/q3/scenarios.py:39;src/q3/scenarios.py:61;src/q3/scenarios.py:9,test_recent_then_expand_and_condition;test_reduction_probability_tail_original_support;test_no_artificial_samples,implemented; bounded-tests-only; full-numerical-evaluation-not-run
Q3-L0563,3.8,563,\],scenarios.construct;scenarios.pool_indices;scenarios.reduce_errors;scenarios.medoids,src/q3/scenarios.py:91;src/q3/scenarios.py:39;src/q3/scenarios.py:61;src/q3/scenarios.py:9,test_recent_then_expand_and_condition;test_reduction_probability_tail_original_support;test_no_artificial_samples,implemented; bounded-tests-only; full-numerical-evaluation-not-run
Q3-L0565,3.8,565,以及最新光伏预报：,scenarios.construct;scenarios.pool_indices;scenarios.reduce_errors;scenarios.medoids,src/q3/scenarios.py:91;src/q3/scenarios.py:39;src/q3/scenarios.py:61;src/q3/scenarios.py:9,test_recent_then_expand_and_condition;test_reduction_probability_tail_original_support;test_no_artificial_samples,implemented; bounded-tests-only; full-numerical-evaluation-not-run
Q3-L0567,3.8,567,\[,scenarios.construct;scenarios.pool_indices;scenarios.reduce_errors;scenarios.medoids,src/q3/scenarios.py:91;src/q3/scenarios.py:39;src/q3/scenarios.py:61;src/q3/scenarios.py:9,test_recent_then_expand_and_condition;test_reduction_probability_tail_original_support;test_no_artificial_samples,implemented; bounded-tests-only; full-numerical-evaluation-not-run
Q3-L0568,3.8,568,"\widehat P_{d,t|k}^{PV}.",scenarios.construct;scenarios.pool_indices;scenarios.reduce_errors;scenarios.medoids,src/q3/scenarios.py:91;src/q3/scenarios.py:39;src/q3/scenarios.py:61;src/q3/scenarios.py:9,test_recent_then_expand_and_condition;test_reduction_probability_tail_original_support;test_no_artificial_samples,implemented; bounded-tests-only; full-numerical-evaluation-not-run
Q3-L0569,3.8,569,\],scenarios.construct;scenarios.pool_indices;scenarios.reduce_errors;scenarios.medoids,src/q3/scenarios.py:91;src/q3/scenarios.py:39;src/q3/scenarios.py:61;src/q3/scenarios.py:9,test_recent_then_expand_and_condition;test_reduction_probability_tail_original_support;test_no_artificial_samples,implemented; bounded-tests-only; full-numerical-evaluation-not-run
Q3-L0571,3.8,571,从当前时点之前已经完全实现的历史日期 \(j<d\) 中提取与当前 predictor、forecast-origin 和 horizon 一致的联合误差轨迹。,scenarios.construct;scenarios.pool_indices;scenarios.reduce_errors;scenarios.medoids,src/q3/scenarios.py:91;src/q3/scenarios.py:39;src/q3/scenarios.py:61;src/q3/scenarios.py:9,test_recent_then_expand_and_condition;test_reduction_probability_tail_original_support;test_no_artificial_samples,implemented; bounded-tests-only; full-numerical-evaluation-not-run
Q3-L0573,3.8,573,对场景 \(s\)：,scenarios.construct;scenarios.pool_indices;scenarios.reduce_errors;scenarios.medoids,src/q3/scenarios.py:91;src/q3/scenarios.py:39;src/q3/scenarios.py:61;src/q3/scenarios.py:9,test_recent_then_expand_and_condition;test_reduction_probability_tail_original_support;test_no_artificial_samples,implemented; bounded-tests-only; full-numerical-evaluation-not-run
Q3-L0575,3.8,575,\[,scenarios.construct;scenarios.pool_indices;scenarios.reduce_errors;scenarios.medoids,src/q3/scenarios.py:91;src/q3/scenarios.py:39;src/q3/scenarios.py:61;src/q3/scenarios.py:9,test_recent_then_expand_and_condition;test_reduction_probability_tail_original_support;test_no_artificial_samples,implemented; bounded-tests-only; full-numerical-evaluation-not-run
Q3-L0576,3.8,576,\boxed{,scenarios.construct;scenarios.pool_indices;scenarios.reduce_errors;scenarios.medoids,src/q3/scenarios.py:91;src/q3/scenarios.py:39;src/q3/scenarios.py:61;src/q3/scenarios.py:9,test_recent_then_expand_and_condition;test_reduction_probability_tail_original_support;test_no_artificial_samples,implemented; bounded-tests-only; full-numerical-evaluation-not-run
Q3-L0577,3.8,577,"L_{t,s}^{(k)}",scenarios.construct;scenarios.pool_indices;scenarios.reduce_errors;scenarios.medoids,src/q3/scenarios.py:91;src/q3/scenarios.py:39;src/q3/scenarios.py:61;src/q3/scenarios.py:9,test_recent_then_expand_and_condition;test_reduction_probability_tail_original_support;test_no_artificial_samples,implemented; bounded-tests-only; full-numerical-evaluation-not-run
Q3-L0578,3.8,578,=,scenarios.construct;scenarios.pool_indices;scenarios.reduce_errors;scenarios.medoids,src/q3/scenarios.py:91;src/q3/scenarios.py:39;src/q3/scenarios.py:61;src/q3/scenarios.py:9,test_recent_then_expand_and_condition;test_reduction_probability_tail_original_support;test_no_artificial_samples,implemented; bounded-tests-only; full-numerical-evaluation-not-run
Q3-L0579,3.8,579,\max\left\{,scenarios.construct;scenarios.pool_indices;scenarios.reduce_errors;scenarios.medoids,src/q3/scenarios.py:91;src/q3/scenarios.py:39;src/q3/scenarios.py:61;src/q3/scenarios.py:9,test_recent_then_expand_and_condition;test_reduction_probability_tail_original_support;test_no_artificial_samples,implemented; bounded-tests-only; full-numerical-evaluation-not-run
Q3-L0580,3.8,580,"0,\,",scenarios.construct;scenarios.pool_indices;scenarios.reduce_errors;scenarios.medoids,src/q3/scenarios.py:91;src/q3/scenarios.py:39;src/q3/scenarios.py:61;src/q3/scenarios.py:9,test_recent_then_expand_and_condition;test_reduction_probability_tail_original_support;test_no_artificial_samples,implemented; bounded-tests-only; full-numerical-evaluation-not-run
Q3-L0581,3.8,581,"\widehat L_{d,t}^{\,0}",scenarios.construct;scenarios.pool_indices;scenarios.reduce_errors;scenarios.medoids,src/q3/scenarios.py:91;src/q3/scenarios.py:39;src/q3/scenarios.py:61;src/q3/scenarios.py:9,test_recent_then_expand_and_condition;test_reduction_probability_tail_original_support;test_no_artificial_samples,implemented; bounded-tests-only; full-numerical-evaluation-not-run
Q3-L0582,3.8,582,+,scenarios.construct;scenarios.pool_indices;scenarios.reduce_errors;scenarios.medoids,src/q3/scenarios.py:91;src/q3/scenarios.py:39;src/q3/scenarios.py:61;src/q3/scenarios.py:9,test_recent_then_expand_and_condition;test_reduction_probability_tail_original_support;test_no_artificial_samples,implemented; bounded-tests-only; full-numerical-evaluation-not-run
Q3-L0583,3.8,583,"e_{j,t}^{L}",scenarios.construct;scenarios.pool_indices;scenarios.reduce_errors;scenarios.medoids,src/q3/scenarios.py:91;src/q3/scenarios.py:39;src/q3/scenarios.py:61;src/q3/scenarios.py:9,test_recent_then_expand_and_condition;test_reduction_probability_tail_original_support;test_no_artificial_samples,implemented; bounded-tests-only; full-numerical-evaluation-not-run
Q3-L0584,3.8,584,"\right\},",scenarios.construct;scenarios.pool_indices;scenarios.reduce_errors;scenarios.medoids,src/q3/scenarios.py:91;src/q3/scenarios.py:39;src/q3/scenarios.py:61;src/q3/scenarios.py:9,test_recent_then_expand_and_condition;test_reduction_probability_tail_original_support;test_no_artificial_samples,implemented; bounded-tests-only; full-numerical-evaluation-not-run
Q3-L0585,3.8,585,},scenarios.construct;scenarios.pool_indices;scenarios.reduce_errors;scenarios.medoids,src/q3/scenarios.py:91;src/q3/scenarios.py:39;src/q3/scenarios.py:61;src/q3/scenarios.py:9,test_recent_then_expand_and_condition;test_reduction_probability_tail_original_support;test_no_artificial_samples,implemented; bounded-tests-only; full-numerical-evaluation-not-run
Q3-L0586,3.8,586,\],scenarios.construct;scenarios.pool_indices;scenarios.reduce_errors;scenarios.medoids,src/q3/scenarios.py:91;src/q3/scenarios.py:39;src/q3/scenarios.py:61;src/q3/scenarios.py:9,test_recent_then_expand_and_condition;test_reduction_probability_tail_original_support;test_no_artificial_samples,implemented; bounded-tests-only; full-numerical-evaluation-not-run
Q3-L0588,3.8,588,\[,scenarios.construct;scenarios.pool_indices;scenarios.reduce_errors;scenarios.medoids,src/q3/scenarios.py:91;src/q3/scenarios.py:39;src/q3/scenarios.py:61;src/q3/scenarios.py:9,test_recent_then_expand_and_condition;test_reduction_probability_tail_original_support;test_no_artificial_samples,implemented; bounded-tests-only; full-numerical-evaluation-not-run
Q3-L0589,3.8,589,\boxed{,scenarios.construct;scenarios.pool_indices;scenarios.reduce_errors;scenarios.medoids,src/q3/scenarios.py:91;src/q3/scenarios.py:39;src/q3/scenarios.py:61;src/q3/scenarios.py:9,test_recent_then_expand_and_condition;test_reduction_probability_tail_original_support;test_no_artificial_samples,implemented; bounded-tests-only; full-numerical-evaluation-not-run
Q3-L0590,3.8,590,"P_{t,s}^{PV,(k)}",scenarios.construct;scenarios.pool_indices;scenarios.reduce_errors;scenarios.medoids,src/q3/scenarios.py:91;src/q3/scenarios.py:39;src/q3/scenarios.py:61;src/q3/scenarios.py:9,test_recent_then_expand_and_condition;test_reduction_probability_tail_original_support;test_no_artificial_samples,implemented; bounded-tests-only; full-numerical-evaluation-not-run
Q3-L0591,3.8,591,=,scenarios.construct;scenarios.pool_indices;scenarios.reduce_errors;scenarios.medoids,src/q3/scenarios.py:91;src/q3/scenarios.py:39;src/q3/scenarios.py:61;src/q3/scenarios.py:9,test_recent_then_expand_and_condition;test_reduction_probability_tail_original_support;test_no_artificial_samples,implemented; bounded-tests-only; full-numerical-evaluation-not-run
Q3-L0592,3.8,592,\max\left\{,scenarios.construct;scenarios.pool_indices;scenarios.reduce_errors;scenarios.medoids,src/q3/scenarios.py:91;src/q3/scenarios.py:39;src/q3/scenarios.py:61;src/q3/scenarios.py:9,test_recent_then_expand_and_condition;test_reduction_probability_tail_original_support;test_no_artificial_samples,implemented; bounded-tests-only; full-numerical-evaluation-not-run
Q3-L0593,3.8,593,"0,\,",scenarios.construct;scenarios.pool_indices;scenarios.reduce_errors;scenarios.medoids,src/q3/scenarios.py:91;src/q3/scenarios.py:39;src/q3/scenarios.py:61;src/q3/scenarios.py:9,test_recent_then_expand_and_condition;test_reduction_probability_tail_original_support;test_no_artificial_samples,implemented; bounded-tests-only; full-numerical-evaluation-not-run
Q3-L0594,3.8,594,"\widehat P_{d,t|k}^{PV}",scenarios.construct;scenarios.pool_indices;scenarios.reduce_errors;scenarios.medoids,src/q3/scenarios.py:91;src/q3/scenarios.py:39;src/q3/scenarios.py:61;src/q3/scenarios.py:9,test_recent_then_expand_and_condition;test_reduction_probability_tail_original_support;test_no_artificial_samples,implemented; bounded-tests-only; full-numerical-evaluation-not-run
Q3-L0595,3.8,595,+,scenarios.construct;scenarios.pool_indices;scenarios.reduce_errors;scenarios.medoids,src/q3/scenarios.py:91;src/q3/scenarios.py:39;src/q3/scenarios.py:61;src/q3/scenarios.py:9,test_recent_then_expand_and_condition;test_reduction_probability_tail_original_support;test_no_artificial_samples,implemented; bounded-tests-only; full-numerical-evaluation-not-run
Q3-L0596,3.8,596,"e_{j,k,t}^{PV}",scenarios.construct;scenarios.pool_indices;scenarios.reduce_errors;scenarios.medoids,src/q3/scenarios.py:91;src/q3/scenarios.py:39;src/q3/scenarios.py:61;src/q3/scenarios.py:9,test_recent_then_expand_and_condition;test_reduction_probability_tail_original_support;test_no_artificial_samples,implemented; bounded-tests-only; full-numerical-evaluation-not-run
Q3-L0597,3.8,597,\right\}.,scenarios.construct;scenarios.pool_indices;scenarios.reduce_errors;scenarios.medoids,src/q3/scenarios.py:91;src/q3/scenarios.py:39;src/q3/scenarios.py:61;src/q3/scenarios.py:9,test_recent_then_expand_and_condition;test_reduction_probability_tail_original_support;test_no_artificial_samples,implemented; bounded-tests-only; full-numerical-evaluation-not-run
Q3-L0598,3.8,598,},scenarios.construct;scenarios.pool_indices;scenarios.reduce_errors;scenarios.medoids,src/q3/scenarios.py:91;src/q3/scenarios.py:39;src/q3/scenarios.py:61;src/q3/scenarios.py:9,test_recent_then_expand_and_condition;test_reduction_probability_tail_original_support;test_no_artificial_samples,implemented; bounded-tests-only; full-numerical-evaluation-not-run
Q3-L0599,3.8,599,\],scenarios.construct;scenarios.pool_indices;scenarios.reduce_errors;scenarios.medoids,src/q3/scenarios.py:91;src/q3/scenarios.py:39;src/q3/scenarios.py:61;src/q3/scenarios.py:9,test_recent_then_expand_and_condition;test_reduction_probability_tail_original_support;test_no_artificial_samples,implemented; bounded-tests-only; full-numerical-evaluation-not-run
Q3-L0601,3.8,601,定义场景净负荷电量：,scenarios.construct;scenarios.pool_indices;scenarios.reduce_errors;scenarios.medoids,src/q3/scenarios.py:91;src/q3/scenarios.py:39;src/q3/scenarios.py:61;src/q3/scenarios.py:9,test_recent_then_expand_and_condition;test_reduction_probability_tail_original_support;test_no_artificial_samples,implemented; bounded-tests-only; full-numerical-evaluation-not-run
Q3-L0603,3.8,603,\[,scenarios.construct;scenarios.pool_indices;scenarios.reduce_errors;scenarios.medoids,src/q3/scenarios.py:91;src/q3/scenarios.py:39;src/q3/scenarios.py:61;src/q3/scenarios.py:9,test_recent_then_expand_and_condition;test_reduction_probability_tail_original_support;test_no_artificial_samples,implemented; bounded-tests-only; full-numerical-evaluation-not-run
Q3-L0604,3.8,604,\boxed{,scenarios.construct;scenarios.pool_indices;scenarios.reduce_errors;scenarios.medoids,src/q3/scenarios.py:91;src/q3/scenarios.py:39;src/q3/scenarios.py:61;src/q3/scenarios.py:9,test_recent_then_expand_and_condition;test_reduction_probability_tail_original_support;test_no_artificial_samples,implemented; bounded-tests-only; full-numerical-evaluation-not-run
Q3-L0605,3.8,605,"n_{t,s}^{(k)}",scenarios.construct;scenarios.pool_indices;scenarios.reduce_errors;scenarios.medoids,src/q3/scenarios.py:91;src/q3/scenarios.py:39;src/q3/scenarios.py:61;src/q3/scenarios.py:9,test_recent_then_expand_and_condition;test_reduction_probability_tail_original_support;test_no_artificial_samples,implemented; bounded-tests-only; full-numerical-evaluation-not-run
Q3-L0606,3.8,606,=,scenarios.construct;scenarios.pool_indices;scenarios.reduce_errors;scenarios.medoids,src/q3/scenarios.py:91;src/q3/scenarios.py:39;src/q3/scenarios.py:61;src/q3/scenarios.py:9,test_recent_then_expand_and_condition;test_reduction_probability_tail_original_support;test_no_artificial_samples,implemented; bounded-tests-only; full-numerical-evaluation-not-run
Q3-L0607,3.8,607,\Delta t,scenarios.construct;scenarios.pool_indices;scenarios.reduce_errors;scenarios.medoids,src/q3/scenarios.py:91;src/q3/scenarios.py:39;src/q3/scenarios.py:61;src/q3/scenarios.py:9,test_recent_then_expand_and_condition;test_reduction_probability_tail_original_support;test_no_artificial_samples,implemented; bounded-tests-only; full-numerical-evaluation-not-run
Q3-L0608,3.8,608,\left(,scenarios.construct;scenarios.pool_indices;scenarios.reduce_errors;scenarios.medoids,src/q3/scenarios.py:91;src/q3/scenarios.py:39;src/q3/scenarios.py:61;src/q3/scenarios.py:9,test_recent_then_expand_and_condition;test_reduction_probability_tail_original_support;test_no_artificial_samples,implemented; bounded-tests-only; full-numerical-evaluation-not-run
Q3-L0609,3.8,609,"L_{t,s}^{(k)}",scenarios.construct;scenarios.pool_indices;scenarios.reduce_errors;scenarios.medoids,src/q3/scenarios.py:91;src/q3/scenarios.py:39;src/q3/scenarios.py:61;src/q3/scenarios.py:9,test_recent_then_expand_and_condition;test_reduction_probability_tail_original_support;test_no_artificial_samples,implemented; bounded-tests-only; full-numerical-evaluation-not-run
Q3-L0610,3.8,610,-,scenarios.construct;scenarios.pool_indices;scenarios.reduce_errors;scenarios.medoids,src/q3/scenarios.py:91;src/q3/scenarios.py:39;src/q3/scenarios.py:61;src/q3/scenarios.py:9,test_recent_then_expand_and_condition;test_reduction_probability_tail_original_support;test_no_artificial_samples,implemented; bounded-tests-only; full-numerical-evaluation-not-run
Q3-L0611,3.8,611,"P_{t,s}^{PV,(k)}",scenarios.construct;scenarios.pool_indices;scenarios.reduce_errors;scenarios.medoids,src/q3/scenarios.py:91;src/q3/scenarios.py:39;src/q3/scenarios.py:61;src/q3/scenarios.py:9,test_recent_then_expand_and_condition;test_reduction_probability_tail_original_support;test_no_artificial_samples,implemented; bounded-tests-only; full-numerical-evaluation-not-run
Q3-L0612,3.8,612,\right).,scenarios.construct;scenarios.pool_indices;scenarios.reduce_errors;scenarios.medoids,src/q3/scenarios.py:91;src/q3/scenarios.py:39;src/q3/scenarios.py:61;src/q3/scenarios.py:9,test_recent_then_expand_and_condition;test_reduction_probability_tail_original_support;test_no_artificial_samples,implemented; bounded-tests-only; full-numerical-evaluation-not-run
Q3-L0613,3.8,613,},scenarios.construct;scenarios.pool_indices;scenarios.reduce_errors;scenarios.medoids,src/q3/scenarios.py:91;src/q3/scenarios.py:39;src/q3/scenarios.py:61;src/q3/scenarios.py:9,test_recent_then_expand_and_condition;test_reduction_probability_tail_original_support;test_no_artificial_samples,implemented; bounded-tests-only; full-numerical-evaluation-not-run
Q3-L0614,3.8,614,\],scenarios.construct;scenarios.pool_indices;scenarios.reduce_errors;scenarios.medoids,src/q3/scenarios.py:91;src/q3/scenarios.py:39;src/q3/scenarios.py:61;src/q3/scenarios.py:9,test_recent_then_expand_and_condition;test_reduction_probability_tail_original_support;test_no_artificial_samples,implemented; bounded-tests-only; full-numerical-evaluation-not-run
Q3-L0616,3.8,616,这里只使用在当前节点已经可以获得的历史误差块。任何包含当前节点之后尚未实现真实信息的误差轨迹都不能进入场景库。,scenarios.construct;scenarios.pool_indices;scenarios.reduce_errors;scenarios.medoids,src/q3/scenarios.py:91;src/q3/scenarios.py:39;src/q3/scenarios.py:61;src/q3/scenarios.py:9,test_recent_then_expand_and_condition;test_reduction_probability_tail_original_support;test_no_artificial_samples,implemented; bounded-tests-only; full-numerical-evaluation-not-run
Q3-L0618,3.8,618,---,scenarios.construct;scenarios.pool_indices;scenarios.reduce_errors;scenarios.medoids,src/q3/scenarios.py:91;src/q3/scenarios.py:39;src/q3/scenarios.py:61;src/q3/scenarios.py:9,test_recent_then_expand_and_condition;test_reduction_probability_tail_original_support;test_no_artificial_samples,implemented; bounded-tests-only; full-numerical-evaluation-not-run
Q3-L0620,3.8,620,## 3.8.1 因果条件历史池、预测量级匹配与尾部保持场景缩减,scenarios.construct;scenarios.pool_indices;scenarios.reduce_errors;scenarios.medoids,src/q3/scenarios.py:91;src/q3/scenarios.py:39;src/q3/scenarios.py:61;src/q3/scenarios.py:9,test_recent_then_expand_and_condition;test_reduction_probability_tail_original_support;test_no_artificial_samples,implemented; bounded-tests-only; full-numerical-evaluation-not-run
Q3-L0622,3.8,622,历史误差至少具有两类异质性：一是 forecast-origin × horizon 对误差尺度有直接影响；二是光伏预测误差的绝对波动可能随季节和预测功率量级变化。为避免无条件混合全年误差，同时又避免利用 2--12 月真实结果事后挑选“最优窗口”，本文采用预先固定的**近期优先、样本不足再扩展**规则。,scenarios.construct;scenarios.pool_indices;scenarios.reduce_errors;scenarios.medoids,src/q3/scenarios.py:91;src/q3/scenarios.py:39;src/q3/scenarios.py:61;src/q3/scenarios.py:9,test_recent_then_expand_and_condition;test_reduction_probability_tail_original_support;test_no_artificial_samples,implemented; bounded-tests-only; full-numerical-evaluation-not-run
Q3-L0624,3.8,624,对第 \(d\) 天节点 \(k\)，定义最近 \(W\) 日中已经完整实现的候选历史轨迹池：,scenarios.construct;scenarios.pool_indices;scenarios.reduce_errors;scenarios.medoids,src/q3/scenarios.py:91;src/q3/scenarios.py:39;src/q3/scenarios.py:61;src/q3/scenarios.py:9,test_recent_then_expand_and_condition;test_reduction_probability_tail_original_support;test_no_artificial_samples,implemented; bounded-tests-only; full-numerical-evaluation-not-run
Q3-L0626,3.8,626,\[,scenarios.construct;scenarios.pool_indices;scenarios.reduce_errors;scenarios.medoids,src/q3/scenarios.py:91;src/q3/scenarios.py:39;src/q3/scenarios.py:61;src/q3/scenarios.py:9,test_recent_then_expand_and_condition;test_reduction_probability_tail_original_support;test_no_artificial_samples,implemented; bounded-tests-only; full-numerical-evaluation-not-run
Q3-L0627,3.8,627,\boxed{,scenarios.construct;scenarios.pool_indices;scenarios.reduce_errors;scenarios.medoids,src/q3/scenarios.py:91;src/q3/scenarios.py:39;src/q3/scenarios.py:61;src/q3/scenarios.py:9,test_recent_then_expand_and_condition;test_reduction_probability_tail_original_support;test_no_artificial_samples,implemented; bounded-tests-only; full-numerical-evaluation-not-run
Q3-L0628,3.8,628,"\mathcal J_{d,k}(W)",scenarios.construct;scenarios.pool_indices;scenarios.reduce_errors;scenarios.medoids,src/q3/scenarios.py:91;src/q3/scenarios.py:39;src/q3/scenarios.py:61;src/q3/scenarios.py:9,test_recent_then_expand_and_condition;test_reduction_probability_tail_original_support;test_no_artificial_samples,implemented; bounded-tests-only; full-numerical-evaluation-not-run
Q3-L0629,3.8,629,=,scenarios.construct;scenarios.pool_indices;scenarios.reduce_errors;scenarios.medoids,src/q3/scenarios.py:91;src/q3/scenarios.py:39;src/q3/scenarios.py:61;src/q3/scenarios.py:9,test_recent_then_expand_and_condition;test_reduction_probability_tail_original_support;test_no_artificial_samples,implemented; bounded-tests-only; full-numerical-evaluation-not-run
Q3-L0630,3.8,630,\left\{,scenarios.construct;scenarios.pool_indices;scenarios.reduce_errors;scenarios.medoids,src/q3/scenarios.py:91;src/q3/scenarios.py:39;src/q3/scenarios.py:61;src/q3/scenarios.py:9,test_recent_then_expand_and_condition;test_reduction_probability_tail_original_support;test_no_artificial_samples,implemented; bounded-tests-only; full-numerical-evaluation-not-run
Q3-L0631,3.8,631, j<d:,scenarios.construct;scenarios.pool_indices;scenarios.reduce_errors;scenarios.medoids,src/q3/scenarios.py:91;src/q3/scenarios.py:39;src/q3/scenarios.py:61;src/q3/scenarios.py:9,test_recent_then_expand_and_condition;test_reduction_probability_tail_original_support;test_no_artificial_samples,implemented; bounded-tests-only; full-numerical-evaluation-not-run
Q3-L0632,3.8,632," d-j\le W,",scenarios.construct;scenarios.pool_indices;scenarios.reduce_errors;scenarios.medoids,src/q3/scenarios.py:91;src/q3/scenarios.py:39;src/q3/scenarios.py:61;src/q3/scenarios.py:9,test_recent_then_expand_and_condition;test_reduction_probability_tail_original_support;test_no_artificial_samples,implemented; bounded-tests-only; full-numerical-evaluation-not-run
Q3-L0633,3.8,633, \text{且节点 }k\text{ 所需联合误差轨迹已经完整实现},scenarios.construct;scenarios.pool_indices;scenarios.reduce_errors;scenarios.medoids,src/q3/scenarios.py:91;src/q3/scenarios.py:39;src/q3/scenarios.py:61;src/q3/scenarios.py:9,test_recent_then_expand_and_condition;test_reduction_probability_tail_original_support;test_no_artificial_samples,implemented; bounded-tests-only; full-numerical-evaluation-not-run
Q3-L0634,3.8,634,\right\}.,scenarios.construct;scenarios.pool_indices;scenarios.reduce_errors;scenarios.medoids,src/q3/scenarios.py:91;src/q3/scenarios.py:39;src/q3/scenarios.py:61;src/q3/scenarios.py:9,test_recent_then_expand_and_condition;test_reduction_probability_tail_original_support;test_no_artificial_samples,implemented; bounded-tests-only; full-numerical-evaluation-not-run
Q3-L0635,3.8,635,},scenarios.construct;scenarios.pool_indices;scenarios.reduce_errors;scenarios.medoids,src/q3/scenarios.py:91;src/q3/scenarios.py:39;src/q3/scenarios.py:61;src/q3/scenarios.py:9,test_recent_then_expand_and_condition;test_reduction_probability_tail_original_support;test_no_artificial_samples,implemented; bounded-tests-only; full-numerical-evaluation-not-run
Q3-L0636,3.8,636,\],scenarios.construct;scenarios.pool_indices;scenarios.reduce_errors;scenarios.medoids,src/q3/scenarios.py:91;src/q3/scenarios.py:39;src/q3/scenarios.py:61;src/q3/scenarios.py:9,test_recent_then_expand_and_condition;test_reduction_probability_tail_original_support;test_no_artificial_samples,implemented; bounded-tests-only; full-numerical-evaluation-not-run
Q3-L0638,3.8,638,固定候选窗口序列,scenarios.construct;scenarios.pool_indices;scenarios.reduce_errors;scenarios.medoids,src/q3/scenarios.py:91;src/q3/scenarios.py:39;src/q3/scenarios.py:61;src/q3/scenarios.py:9,test_recent_then_expand_and_condition;test_reduction_probability_tail_original_support;test_no_artificial_samples,implemented; bounded-tests-only; full-numerical-evaluation-not-run
Q3-L0640,3.8,640,\[,scenarios.construct;scenarios.pool_indices;scenarios.reduce_errors;scenarios.medoids,src/q3/scenarios.py:91;src/q3/scenarios.py:39;src/q3/scenarios.py:61;src/q3/scenarios.py:9,test_recent_then_expand_and_condition;test_reduction_probability_tail_original_support;test_no_artificial_samples,implemented; bounded-tests-only; full-numerical-evaluation-not-run
Q3-L0641,3.8,641,\boxed{,scenarios.construct;scenarios.pool_indices;scenarios.reduce_errors;scenarios.medoids,src/q3/scenarios.py:91;src/q3/scenarios.py:39;src/q3/scenarios.py:61;src/q3/scenarios.py:9,test_recent_then_expand_and_condition;test_reduction_probability_tail_original_support;test_no_artificial_samples,implemented; bounded-tests-only; full-numerical-evaluation-not-run
Q3-L0642,3.8,642,"W\in\{28,56,84,\infty\},",scenarios.construct;scenarios.pool_indices;scenarios.reduce_errors;scenarios.medoids,src/q3/scenarios.py:91;src/q3/scenarios.py:39;src/q3/scenarios.py:61;src/q3/scenarios.py:9,test_recent_then_expand_and_condition;test_reduction_probability_tail_original_support;test_no_artificial_samples,implemented; bounded-tests-only; full-numerical-evaluation-not-run
Q3-L0643,3.8,643,},scenarios.construct;scenarios.pool_indices;scenarios.reduce_errors;scenarios.medoids,src/q3/scenarios.py:91;src/q3/scenarios.py:39;src/q3/scenarios.py:61;src/q3/scenarios.py:9,test_recent_then_expand_and_condition;test_reduction_probability_tail_original_support;test_no_artificial_samples,implemented; bounded-tests-only; full-numerical-evaluation-not-run
Q3-L0644,3.8,644,\],scenarios.construct;scenarios.pool_indices;scenarios.reduce_errors;scenarios.medoids,src/q3/scenarios.py:91;src/q3/scenarios.py:39;src/q3/scenarios.py:61;src/q3/scenarios.py:9,test_recent_then_expand_and_condition;test_reduction_probability_tail_original_support;test_no_artificial_samples,implemented; bounded-tests-only; full-numerical-evaluation-not-run
Q3-L0646,3.8,646,并选择第一个能够提供不少于正式场景规模 \(S^\star\) 条完整轨迹的窗口：,scenarios.construct;scenarios.pool_indices;scenarios.reduce_errors;scenarios.medoids,src/q3/scenarios.py:91;src/q3/scenarios.py:39;src/q3/scenarios.py:61;src/q3/scenarios.py:9,test_recent_then_expand_and_condition;test_reduction_probability_tail_original_support;test_no_artificial_samples,implemented; bounded-tests-only; full-numerical-evaluation-not-run
Q3-L0648,3.8,648,\[,scenarios.construct;scenarios.pool_indices;scenarios.reduce_errors;scenarios.medoids,src/q3/scenarios.py:91;src/q3/scenarios.py:39;src/q3/scenarios.py:61;src/q3/scenarios.py:9,test_recent_then_expand_and_condition;test_reduction_probability_tail_original_support;test_no_artificial_samples,implemented; bounded-tests-only; full-numerical-evaluation-not-run
Q3-L0649,3.8,649,\boxed{,scenarios.construct;scenarios.pool_indices;scenarios.reduce_errors;scenarios.medoids,src/q3/scenarios.py:91;src/q3/scenarios.py:39;src/q3/scenarios.py:61;src/q3/scenarios.py:9,test_recent_then_expand_and_condition;test_reduction_probability_tail_original_support;test_no_artificial_samples,implemented; bounded-tests-only; full-numerical-evaluation-not-run
Q3-L0650,3.8,650,"W_{d,k}",scenarios.construct;scenarios.pool_indices;scenarios.reduce_errors;scenarios.medoids,src/q3/scenarios.py:91;src/q3/scenarios.py:39;src/q3/scenarios.py:61;src/q3/scenarios.py:9,test_recent_then_expand_and_condition;test_reduction_probability_tail_original_support;test_no_artificial_samples,implemented; bounded-tests-only; full-numerical-evaluation-not-run
Q3-L0651,3.8,651,=,scenarios.construct;scenarios.pool_indices;scenarios.reduce_errors;scenarios.medoids,src/q3/scenarios.py:91;src/q3/scenarios.py:39;src/q3/scenarios.py:61;src/q3/scenarios.py:9,test_recent_then_expand_and_condition;test_reduction_probability_tail_original_support;test_no_artificial_samples,implemented; bounded-tests-only; full-numerical-evaluation-not-run
Q3-L0652,3.8,652,\min\left\{,scenarios.construct;scenarios.pool_indices;scenarios.reduce_errors;scenarios.medoids,src/q3/scenarios.py:91;src/q3/scenarios.py:39;src/q3/scenarios.py:61;src/q3/scenarios.py:9,test_recent_then_expand_and_condition;test_reduction_probability_tail_original_support;test_no_artificial_samples,implemented; bounded-tests-only; full-numerical-evaluation-not-run
Q3-L0653,3.8,653,"W\in\{28,56,84,\infty\}:",scenarios.construct;scenarios.pool_indices;scenarios.reduce_errors;scenarios.medoids,src/q3/scenarios.py:91;src/q3/scenarios.py:39;src/q3/scenarios.py:61;src/q3/scenarios.py:9,test_recent_then_expand_and_condition;test_reduction_probability_tail_original_support;test_no_artificial_samples,implemented; bounded-tests-only; full-numerical-evaluation-not-run
Q3-L0654,3.8,654,"|\mathcal J_{d,k}(W)|\ge S^\star",scenarios.construct;scenarios.pool_indices;scenarios.reduce_errors;scenarios.medoids,src/q3/scenarios.py:91;src/q3/scenarios.py:39;src/q3/scenarios.py:61;src/q3/scenarios.py:9,test_recent_then_expand_and_condition;test_reduction_probability_tail_original_support;test_no_artificial_samples,implemented; bounded-tests-only; full-numerical-evaluation-not-run
Q3-L0655,3.8,655,\right\}.,scenarios.construct;scenarios.pool_indices;scenarios.reduce_errors;scenarios.medoids,src/q3/scenarios.py:91;src/q3/scenarios.py:39;src/q3/scenarios.py:61;src/q3/scenarios.py:9,test_recent_then_expand_and_condition;test_reduction_probability_tail_original_support;test_no_artificial_samples,implemented; bounded-tests-only; full-numerical-evaluation-not-run
Q3-L0656,3.8,656,},scenarios.construct;scenarios.pool_indices;scenarios.reduce_errors;scenarios.medoids,src/q3/scenarios.py:91;src/q3/scenarios.py:39;src/q3/scenarios.py:61;src/q3/scenarios.py:9,test_recent_then_expand_and_condition;test_reduction_probability_tail_original_support;test_no_artificial_samples,implemented; bounded-tests-only; full-numerical-evaluation-not-run
Q3-L0657,3.8,657,\],scenarios.construct;scenarios.pool_indices;scenarios.reduce_errors;scenarios.medoids,src/q3/scenarios.py:91;src/q3/scenarios.py:39;src/q3/scenarios.py:61;src/q3/scenarios.py:9,test_recent_then_expand_and_condition;test_reduction_probability_tail_original_support;test_no_artificial_samples,implemented; bounded-tests-only; full-numerical-evaluation-not-run
Q3-L0659,3.8,659,若截至当前时刻全部历史样本仍不足 \(S^\star\)，则直接使用全部已完成轨迹，不通过重复抽样人为增加样本量。该规则只依赖当前以前已经实现的数据，因此不会产生未来泄漏。,scenarios.construct;scenarios.pool_indices;scenarios.reduce_errors;scenarios.medoids,src/q3/scenarios.py:91;src/q3/scenarios.py:39;src/q3/scenarios.py:61;src/q3/scenarios.py:9,test_recent_then_expand_and_condition;test_reduction_probability_tail_original_support;test_no_artificial_samples,implemented; bounded-tests-only; full-numerical-evaluation-not-run
Q3-L0661,3.8,661,为进一步处理预测量级异方差，同时保留完整历史轨迹，本文不采用“先标准化后又直接恢复任意量级原始误差”的混合做法，而对历史日的**预测光伏规模**做条件匹配。定义节点 \(k\) 的 24 h 预测光伏总能量,scenarios.construct;scenarios.pool_indices;scenarios.reduce_errors;scenarios.medoids,src/q3/scenarios.py:91;src/q3/scenarios.py:39;src/q3/scenarios.py:61;src/q3/scenarios.py:9,test_recent_then_expand_and_condition;test_reduction_probability_tail_original_support;test_no_artificial_samples,implemented; bounded-tests-only; full-numerical-evaluation-not-run
Q3-L0663,3.8,663,\[,scenarios.construct;scenarios.pool_indices;scenarios.reduce_errors;scenarios.medoids,src/q3/scenarios.py:91;src/q3/scenarios.py:39;src/q3/scenarios.py:61;src/q3/scenarios.py:9,test_recent_then_expand_and_condition;test_reduction_probability_tail_original_support;test_no_artificial_samples,implemented; bounded-tests-only; full-numerical-evaluation-not-run
Q3-L0664,3.8,664,\boxed{,scenarios.construct;scenarios.pool_indices;scenarios.reduce_errors;scenarios.medoids,src/q3/scenarios.py:91;src/q3/scenarios.py:39;src/q3/scenarios.py:61;src/q3/scenarios.py:9,test_recent_then_expand_and_condition;test_reduction_probability_tail_original_support;test_no_artificial_samples,implemented; bounded-tests-only; full-numerical-evaluation-not-run
Q3-L0665,3.8,665,"Z_{j,k}",scenarios.construct;scenarios.pool_indices;scenarios.reduce_errors;scenarios.medoids,src/q3/scenarios.py:91;src/q3/scenarios.py:39;src/q3/scenarios.py:61;src/q3/scenarios.py:9,test_recent_then_expand_and_condition;test_reduction_probability_tail_original_support;test_no_artificial_samples,implemented; bounded-tests-only; full-numerical-evaluation-not-run
Q3-L0666,3.8,666,=,scenarios.construct;scenarios.pool_indices;scenarios.reduce_errors;scenarios.medoids,src/q3/scenarios.py:91;src/q3/scenarios.py:39;src/q3/scenarios.py:61;src/q3/scenarios.py:9,test_recent_then_expand_and_condition;test_reduction_probability_tail_original_support;test_no_artificial_samples,implemented; bounded-tests-only; full-numerical-evaluation-not-run
Q3-L0667,3.8,667,"\sum_{t\in\mathcal H_{j,k}}",scenarios.construct;scenarios.pool_indices;scenarios.reduce_errors;scenarios.medoids,src/q3/scenarios.py:91;src/q3/scenarios.py:39;src/q3/scenarios.py:61;src/q3/scenarios.py:9,test_recent_then_expand_and_condition;test_reduction_probability_tail_original_support;test_no_artificial_samples,implemented; bounded-tests-only; full-numerical-evaluation-not-run
Q3-L0668,3.8,668,"\widehat P_{j,t|k}^{PV}\Delta t.",scenarios.construct;scenarios.pool_indices;scenarios.reduce_errors;scenarios.medoids,src/q3/scenarios.py:91;src/q3/scenarios.py:39;src/q3/scenarios.py:61;src/q3/scenarios.py:9,test_recent_then_expand_and_condition;test_reduction_probability_tail_original_support;test_no_artificial_samples,implemented; bounded-tests-only; full-numerical-evaluation-not-run
Q3-L0669,3.8,669,},scenarios.construct;scenarios.pool_indices;scenarios.reduce_errors;scenarios.medoids,src/q3/scenarios.py:91;src/q3/scenarios.py:39;src/q3/scenarios.py:61;src/q3/scenarios.py:9,test_recent_then_expand_and_condition;test_reduction_probability_tail_original_support;test_no_artificial_samples,implemented; bounded-tests-only; full-numerical-evaluation-not-run
Q3-L0670,3.8,670,\],scenarios.construct;scenarios.pool_indices;scenarios.reduce_errors;scenarios.medoids,src/q3/scenarios.py:91;src/q3/scenarios.py:39;src/q3/scenarios.py:61;src/q3/scenarios.py:9,test_recent_then_expand_and_condition;test_reduction_probability_tail_original_support;test_no_artificial_samples,implemented; bounded-tests-only; full-numerical-evaluation-not-run
Q3-L0672,3.8,672,"在当前因果历史池内，仅使用当时以前的数据把 \(Z_{j,k}\) 划分为低、中、高三个分位区间；当前日 \(Z_{d,k}\) 落入哪个区间，就优先从对应区间抽取历史联合误差轨迹。若同区间可用样本少于 \(S^\star\)，再依次并入相邻区间，直到样本量满足要求。这样最终进入优化器的仍是历史日期的原始联合 \((e^L,e^{PV})\) 轨迹，但这些轨迹与当前预测光伏规模更加接近，从而避免把明显不同量级下的绝对误差直接混用。",scenarios.construct;scenarios.pool_indices;scenarios.reduce_errors;scenarios.medoids,src/q3/scenarios.py:91;src/q3/scenarios.py:39;src/q3/scenarios.py:61;src/q3/scenarios.py:9,test_recent_then_expand_and_condition;test_reduction_probability_tail_original_support;test_no_artificial_samples,implemented; bounded-tests-only; full-numerical-evaluation-not-run
Q3-L0674,3.8,674,"设经过上述因果窗口与预测量级匹配后的完整轨迹数为 \(M_{d,k}\)。正式基准场景规模预先固定为",scenarios.construct;scenarios.pool_indices;scenarios.reduce_errors;scenarios.medoids,src/q3/scenarios.py:91;src/q3/scenarios.py:39;src/q3/scenarios.py:61;src/q3/scenarios.py:9,test_recent_then_expand_and_condition;test_reduction_probability_tail_original_support;test_no_artificial_samples,implemented; bounded-tests-only; full-numerical-evaluation-not-run
Q3-L0676,3.8,676,\[,scenarios.construct;scenarios.pool_indices;scenarios.reduce_errors;scenarios.medoids,src/q3/scenarios.py:91;src/q3/scenarios.py:39;src/q3/scenarios.py:61;src/q3/scenarios.py:9,test_recent_then_expand_and_condition;test_reduction_probability_tail_original_support;test_no_artificial_samples,implemented; bounded-tests-only; full-numerical-evaluation-not-run
Q3-L0677,3.8,677,"\boxed{S^\star=20,}",scenarios.construct;scenarios.pool_indices;scenarios.reduce_errors;scenarios.medoids,src/q3/scenarios.py:91;src/q3/scenarios.py:39;src/q3/scenarios.py:61;src/q3/scenarios.py:9,test_recent_then_expand_and_condition;test_reduction_probability_tail_original_support;test_no_artificial_samples,implemented; bounded-tests-only; full-numerical-evaluation-not-run
Q3-L0678,3.8,678,\],scenarios.construct;scenarios.pool_indices;scenarios.reduce_errors;scenarios.medoids,src/q3/scenarios.py:91;src/q3/scenarios.py:39;src/q3/scenarios.py:61;src/q3/scenarios.py:9,test_recent_then_expand_and_condition;test_reduction_probability_tail_original_support;test_no_artificial_samples,implemented; bounded-tests-only; full-numerical-evaluation-not-run
Q3-L0680,3.8,680,"而不在仅 31 天的 1 月预热期内同时搜索多个超参数；\(S=10,20,30\) 仅用于第 3.25 节事后敏感性分析。",scenarios.construct;scenarios.pool_indices;scenarios.reduce_errors;scenarios.medoids,src/q3/scenarios.py:91;src/q3/scenarios.py:39;src/q3/scenarios.py:61;src/q3/scenarios.py:9,test_recent_then_expand_and_condition;test_reduction_probability_tail_original_support;test_no_artificial_samples,implemented; bounded-tests-only; full-numerical-evaluation-not-run
Q3-L0682,3.8,682,由于购电与储能直接受净负荷驱动，定义净负荷预测误差,scenarios.construct;scenarios.pool_indices;scenarios.reduce_errors;scenarios.medoids,src/q3/scenarios.py:91;src/q3/scenarios.py:39;src/q3/scenarios.py:61;src/q3/scenarios.py:9,test_recent_then_expand_and_condition;test_reduction_probability_tail_original_support;test_no_artificial_samples,implemented; bounded-tests-only; full-numerical-evaluation-not-run
Q3-L0684,3.8,684,\[,scenarios.construct;scenarios.pool_indices;scenarios.reduce_errors;scenarios.medoids,src/q3/scenarios.py:91;src/q3/scenarios.py:39;src/q3/scenarios.py:61;src/q3/scenarios.py:9,test_recent_then_expand_and_condition;test_reduction_probability_tail_original_support;test_no_artificial_samples,implemented; bounded-tests-only; full-numerical-evaluation-not-run
Q3-L0685,3.8,685,\boxed{,scenarios.construct;scenarios.pool_indices;scenarios.reduce_errors;scenarios.medoids,src/q3/scenarios.py:91;src/q3/scenarios.py:39;src/q3/scenarios.py:61;src/q3/scenarios.py:9,test_recent_then_expand_and_condition;test_reduction_probability_tail_original_support;test_no_artificial_samples,implemented; bounded-tests-only; full-numerical-evaluation-not-run
Q3-L0686,3.8,686,"e_{j,k,t}^{N}",scenarios.construct;scenarios.pool_indices;scenarios.reduce_errors;scenarios.medoids,src/q3/scenarios.py:91;src/q3/scenarios.py:39;src/q3/scenarios.py:61;src/q3/scenarios.py:9,test_recent_then_expand_and_condition;test_reduction_probability_tail_original_support;test_no_artificial_samples,implemented; bounded-tests-only; full-numerical-evaluation-not-run
Q3-L0687,3.8,687,=,scenarios.construct;scenarios.pool_indices;scenarios.reduce_errors;scenarios.medoids,src/q3/scenarios.py:91;src/q3/scenarios.py:39;src/q3/scenarios.py:61;src/q3/scenarios.py:9,test_recent_then_expand_and_condition;test_reduction_probability_tail_original_support;test_no_artificial_samples,implemented; bounded-tests-only; full-numerical-evaluation-not-run
Q3-L0688,3.8,688,"e_{j,t}^{L}",scenarios.construct;scenarios.pool_indices;scenarios.reduce_errors;scenarios.medoids,src/q3/scenarios.py:91;src/q3/scenarios.py:39;src/q3/scenarios.py:61;src/q3/scenarios.py:9,test_recent_then_expand_and_condition;test_reduction_probability_tail_original_support;test_no_artificial_samples,implemented; bounded-tests-only; full-numerical-evaluation-not-run
Q3-L0689,3.8,689,-,scenarios.construct;scenarios.pool_indices;scenarios.reduce_errors;scenarios.medoids,src/q3/scenarios.py:91;src/q3/scenarios.py:39;src/q3/scenarios.py:61;src/q3/scenarios.py:9,test_recent_then_expand_and_condition;test_reduction_probability_tail_original_support;test_no_artificial_samples,implemented; bounded-tests-only; full-numerical-evaluation-not-run
Q3-L0690,3.8,690,"e_{j,k,t}^{PV}.",scenarios.construct;scenarios.pool_indices;scenarios.reduce_errors;scenarios.medoids,src/q3/scenarios.py:91;src/q3/scenarios.py:39;src/q3/scenarios.py:61;src/q3/scenarios.py:9,test_recent_then_expand_and_condition;test_reduction_probability_tail_original_support;test_no_artificial_samples,implemented; bounded-tests-only; full-numerical-evaluation-not-run
Q3-L0691,3.8,691,},scenarios.construct;scenarios.pool_indices;scenarios.reduce_errors;scenarios.medoids,src/q3/scenarios.py:91;src/q3/scenarios.py:39;src/q3/scenarios.py:61;src/q3/scenarios.py:9,test_recent_then_expand_and_condition;test_reduction_probability_tail_original_support;test_no_artificial_samples,implemented; bounded-tests-only; full-numerical-evaluation-not-run
Q3-L0692,3.8,692,\],scenarios.construct;scenarios.pool_indices;scenarios.reduce_errors;scenarios.medoids,src/q3/scenarios.py:91;src/q3/scenarios.py:39;src/q3/scenarios.py:61;src/q3/scenarios.py:9,test_recent_then_expand_and_condition;test_reduction_probability_tail_original_support;test_no_artificial_samples,implemented; bounded-tests-only; full-numerical-evaluation-not-run
Q3-L0694,3.8,694,对每一“发布时间 \(k\) × 预测提前量 \(h\)”使用当前时刻以前的历史样本标准化：,scenarios.construct;scenarios.pool_indices;scenarios.reduce_errors;scenarios.medoids,src/q3/scenarios.py:91;src/q3/scenarios.py:39;src/q3/scenarios.py:61;src/q3/scenarios.py:9,test_recent_then_expand_and_condition;test_reduction_probability_tail_original_support;test_no_artificial_samples,implemented; bounded-tests-only; full-numerical-evaluation-not-run
Q3-L0696,3.8,696,\[,scenarios.construct;scenarios.pool_indices;scenarios.reduce_errors;scenarios.medoids,src/q3/scenarios.py:91;src/q3/scenarios.py:39;src/q3/scenarios.py:61;src/q3/scenarios.py:9,test_recent_then_expand_and_condition;test_reduction_probability_tail_original_support;test_no_artificial_samples,implemented; bounded-tests-only; full-numerical-evaluation-not-run
Q3-L0697,3.8,697,\boxed{,scenarios.construct;scenarios.pool_indices;scenarios.reduce_errors;scenarios.medoids,src/q3/scenarios.py:91;src/q3/scenarios.py:39;src/q3/scenarios.py:61;src/q3/scenarios.py:9,test_recent_then_expand_and_condition;test_reduction_probability_tail_original_support;test_no_artificial_samples,implemented; bounded-tests-only; full-numerical-evaluation-not-run
Q3-L0698,3.8,698,"\widetilde e_{j,k,h}^{N}",scenarios.construct;scenarios.pool_indices;scenarios.reduce_errors;scenarios.medoids,src/q3/scenarios.py:91;src/q3/scenarios.py:39;src/q3/scenarios.py:61;src/q3/scenarios.py:9,test_recent_then_expand_and_condition;test_reduction_probability_tail_original_support;test_no_artificial_samples,implemented; bounded-tests-only; full-numerical-evaluation-not-run
Q3-L0699,3.8,699,=,scenarios.construct;scenarios.pool_indices;scenarios.reduce_errors;scenarios.medoids,src/q3/scenarios.py:91;src/q3/scenarios.py:39;src/q3/scenarios.py:61;src/q3/scenarios.py:9,test_recent_then_expand_and_condition;test_reduction_probability_tail_original_support;test_no_artificial_samples,implemented; bounded-tests-only; full-numerical-evaluation-not-run
Q3-L0700,3.8,700,\frac{,scenarios.construct;scenarios.pool_indices;scenarios.reduce_errors;scenarios.medoids,src/q3/scenarios.py:91;src/q3/scenarios.py:39;src/q3/scenarios.py:61;src/q3/scenarios.py:9,test_recent_then_expand_and_condition;test_reduction_probability_tail_original_support;test_no_artificial_samples,implemented; bounded-tests-only; full-numerical-evaluation-not-run
Q3-L0701,3.8,701,"e_{j,k,h}^{N}-\mu_{k,h}^{N}",scenarios.construct;scenarios.pool_indices;scenarios.reduce_errors;scenarios.medoids,src/q3/scenarios.py:91;src/q3/scenarios.py:39;src/q3/scenarios.py:61;src/q3/scenarios.py:9,test_recent_then_expand_and_condition;test_reduction_probability_tail_original_support;test_no_artificial_samples,implemented; bounded-tests-only; full-numerical-evaluation-not-run
Q3-L0702,3.8,702,}{,scenarios.construct;scenarios.pool_indices;scenarios.reduce_errors;scenarios.medoids,src/q3/scenarios.py:91;src/q3/scenarios.py:39;src/q3/scenarios.py:61;src/q3/scenarios.py:9,test_recent_then_expand_and_condition;test_reduction_probability_tail_original_support;test_no_artificial_samples,implemented; bounded-tests-only; full-numerical-evaluation-not-run
Q3-L0703,3.8,703,"\sigma_{k,h}^{N}+\varepsilon",scenarios.construct;scenarios.pool_indices;scenarios.reduce_errors;scenarios.medoids,src/q3/scenarios.py:91;src/q3/scenarios.py:39;src/q3/scenarios.py:61;src/q3/scenarios.py:9,test_recent_then_expand_and_condition;test_reduction_probability_tail_original_support;test_no_artificial_samples,implemented; bounded-tests-only; full-numerical-evaluation-not-run
Q3-L0704,3.8,704,"},",scenarios.construct;scenarios.pool_indices;scenarios.reduce_errors;scenarios.medoids,src/q3/scenarios.py:91;src/q3/scenarios.py:39;src/q3/scenarios.py:61;src/q3/scenarios.py:9,test_recent_then_expand_and_condition;test_reduction_probability_tail_original_support;test_no_artificial_samples,implemented; bounded-tests-only; full-numerical-evaluation-not-run
Q3-L0705,3.8,705,},scenarios.construct;scenarios.pool_indices;scenarios.reduce_errors;scenarios.medoids,src/q3/scenarios.py:91;src/q3/scenarios.py:39;src/q3/scenarios.py:61;src/q3/scenarios.py:9,test_recent_then_expand_and_condition;test_reduction_probability_tail_original_support;test_no_artificial_samples,implemented; bounded-tests-only; full-numerical-evaluation-not-run
Q3-L0706,3.8,706,\],scenarios.construct;scenarios.pool_indices;scenarios.reduce_errors;scenarios.medoids,src/q3/scenarios.py:91;src/q3/scenarios.py:39;src/q3/scenarios.py:61;src/q3/scenarios.py:9,test_recent_then_expand_and_condition;test_reduction_probability_tail_original_support;test_no_artificial_samples,implemented; bounded-tests-only; full-numerical-evaluation-not-run
Q3-L0708,3.8,708,"其中 \(\varepsilon>0\) 用于防止零方差导致数值不稳定。该标准化仅用于比较不同 horizon 下的轨迹形状和计算聚类距离，不改变最终进入优化器的误差量纲。轨迹 \(i,j\) 间距离定义为",scenarios.construct;scenarios.pool_indices;scenarios.reduce_errors;scenarios.medoids,src/q3/scenarios.py:91;src/q3/scenarios.py:39;src/q3/scenarios.py:61;src/q3/scenarios.py:9,test_recent_then_expand_and_condition;test_reduction_probability_tail_original_support;test_no_artificial_samples,implemented; bounded-tests-only; full-numerical-evaluation-not-run
Q3-L0710,3.8,710,\[,scenarios.construct;scenarios.pool_indices;scenarios.reduce_errors;scenarios.medoids,src/q3/scenarios.py:91;src/q3/scenarios.py:39;src/q3/scenarios.py:61;src/q3/scenarios.py:9,test_recent_then_expand_and_condition;test_reduction_probability_tail_original_support;test_no_artificial_samples,implemented; bounded-tests-only; full-numerical-evaluation-not-run
Q3-L0711,3.8,711,\boxed{,scenarios.construct;scenarios.pool_indices;scenarios.reduce_errors;scenarios.medoids,src/q3/scenarios.py:91;src/q3/scenarios.py:39;src/q3/scenarios.py:61;src/q3/scenarios.py:9,test_recent_then_expand_and_condition;test_reduction_probability_tail_original_support;test_no_artificial_samples,implemented; bounded-tests-only; full-numerical-evaluation-not-run
Q3-L0712,3.8,712,"d(i,j)",scenarios.construct;scenarios.pool_indices;scenarios.reduce_errors;scenarios.medoids,src/q3/scenarios.py:91;src/q3/scenarios.py:39;src/q3/scenarios.py:61;src/q3/scenarios.py:9,test_recent_then_expand_and_condition;test_reduction_probability_tail_original_support;test_no_artificial_samples,implemented; bounded-tests-only; full-numerical-evaluation-not-run
Q3-L0713,3.8,713,=,scenarios.construct;scenarios.pool_indices;scenarios.reduce_errors;scenarios.medoids,src/q3/scenarios.py:91;src/q3/scenarios.py:39;src/q3/scenarios.py:61;src/q3/scenarios.py:9,test_recent_then_expand_and_condition;test_reduction_probability_tail_original_support;test_no_artificial_samples,implemented; bounded-tests-only; full-numerical-evaluation-not-run
Q3-L0714,3.8,714,\sqrt{,scenarios.construct;scenarios.pool_indices;scenarios.reduce_errors;scenarios.medoids,src/q3/scenarios.py:91;src/q3/scenarios.py:39;src/q3/scenarios.py:61;src/q3/scenarios.py:9,test_recent_then_expand_and_condition;test_reduction_probability_tail_original_support;test_no_artificial_samples,implemented; bounded-tests-only; full-numerical-evaluation-not-run
Q3-L0715,3.8,715,\sum_{h\in\mathcal H_k},scenarios.construct;scenarios.pool_indices;scenarios.reduce_errors;scenarios.medoids,src/q3/scenarios.py:91;src/q3/scenarios.py:39;src/q3/scenarios.py:61;src/q3/scenarios.py:9,test_recent_then_expand_and_condition;test_reduction_probability_tail_original_support;test_no_artificial_samples,implemented; bounded-tests-only; full-numerical-evaluation-not-run
Q3-L0716,3.8,716,\left(,scenarios.construct;scenarios.pool_indices;scenarios.reduce_errors;scenarios.medoids,src/q3/scenarios.py:91;src/q3/scenarios.py:39;src/q3/scenarios.py:61;src/q3/scenarios.py:9,test_recent_then_expand_and_condition;test_reduction_probability_tail_original_support;test_no_artificial_samples,implemented; bounded-tests-only; full-numerical-evaluation-not-run
Q3-L0717,3.8,717,"\widetilde e_{i,k,h}^{N}",scenarios.construct;scenarios.pool_indices;scenarios.reduce_errors;scenarios.medoids,src/q3/scenarios.py:91;src/q3/scenarios.py:39;src/q3/scenarios.py:61;src/q3/scenarios.py:9,test_recent_then_expand_and_condition;test_reduction_probability_tail_original_support;test_no_artificial_samples,implemented; bounded-tests-only; full-numerical-evaluation-not-run
Q3-L0718,3.8,718,-,scenarios.construct;scenarios.pool_indices;scenarios.reduce_errors;scenarios.medoids,src/q3/scenarios.py:91;src/q3/scenarios.py:39;src/q3/scenarios.py:61;src/q3/scenarios.py:9,test_recent_then_expand_and_condition;test_reduction_probability_tail_original_support;test_no_artificial_samples,implemented; bounded-tests-only; full-numerical-evaluation-not-run
Q3-L0719,3.8,719,"\widetilde e_{j,k,h}^{N}",scenarios.construct;scenarios.pool_indices;scenarios.reduce_errors;scenarios.medoids,src/q3/scenarios.py:91;src/q3/scenarios.py:39;src/q3/scenarios.py:61;src/q3/scenarios.py:9,test_recent_then_expand_and_condition;test_reduction_probability_tail_original_support;test_no_artificial_samples,implemented; bounded-tests-only; full-numerical-evaluation-not-run
Q3-L0720,3.8,720,\right)^2,scenarios.construct;scenarios.pool_indices;scenarios.reduce_errors;scenarios.medoids,src/q3/scenarios.py:91;src/q3/scenarios.py:39;src/q3/scenarios.py:61;src/q3/scenarios.py:9,test_recent_then_expand_and_condition;test_reduction_probability_tail_original_support;test_no_artificial_samples,implemented; bounded-tests-only; full-numerical-evaluation-not-run
Q3-L0721,3.8,721,}.,scenarios.construct;scenarios.pool_indices;scenarios.reduce_errors;scenarios.medoids,src/q3/scenarios.py:91;src/q3/scenarios.py:39;src/q3/scenarios.py:61;src/q3/scenarios.py:9,test_recent_then_expand_and_condition;test_reduction_probability_tail_original_support;test_no_artificial_samples,implemented; bounded-tests-only; full-numerical-evaluation-not-run
Q3-L0722,3.8,722,},scenarios.construct;scenarios.pool_indices;scenarios.reduce_errors;scenarios.medoids,src/q3/scenarios.py:91;src/q3/scenarios.py:39;src/q3/scenarios.py:61;src/q3/scenarios.py:9,test_recent_then_expand_and_condition;test_reduction_probability_tail_original_support;test_no_artificial_samples,implemented; bounded-tests-only; full-numerical-evaluation-not-run
Q3-L0723,3.8,723,\],scenarios.construct;scenarios.pool_indices;scenarios.reduce_errors;scenarios.medoids,src/q3/scenarios.py:91;src/q3/scenarios.py:39;src/q3/scenarios.py:61;src/q3/scenarios.py:9,test_recent_then_expand_and_condition;test_reduction_probability_tail_original_support;test_no_artificial_samples,implemented; bounded-tests-only; full-numerical-evaluation-not-run
Q3-L0725,3.8,725,考虑到紧急购电价格达到 \(5p_t\)，普通 \(k\)-medoids 可能在最小化平均距离时删除少量高损失正向净负荷误差轨迹。因此定义经济风险分数,scenarios.construct;scenarios.pool_indices;scenarios.reduce_errors;scenarios.medoids,src/q3/scenarios.py:91;src/q3/scenarios.py:39;src/q3/scenarios.py:61;src/q3/scenarios.py:9,test_recent_then_expand_and_condition;test_reduction_probability_tail_original_support;test_no_artificial_samples,implemented; bounded-tests-only; full-numerical-evaluation-not-run
Q3-L0727,3.8,727,\[,scenarios.construct;scenarios.pool_indices;scenarios.reduce_errors;scenarios.medoids,src/q3/scenarios.py:91;src/q3/scenarios.py:39;src/q3/scenarios.py:61;src/q3/scenarios.py:9,test_recent_then_expand_and_condition;test_reduction_probability_tail_original_support;test_no_artificial_samples,implemented; bounded-tests-only; full-numerical-evaluation-not-run
Q3-L0728,3.8,728,\boxed{,scenarios.construct;scenarios.pool_indices;scenarios.reduce_errors;scenarios.medoids,src/q3/scenarios.py:91;src/q3/scenarios.py:39;src/q3/scenarios.py:61;src/q3/scenarios.py:9,test_recent_then_expand_and_condition;test_reduction_probability_tail_original_support;test_no_artificial_samples,implemented; bounded-tests-only; full-numerical-evaluation-not-run
Q3-L0729,3.8,729,"R_{j,k}",scenarios.construct;scenarios.pool_indices;scenarios.reduce_errors;scenarios.medoids,src/q3/scenarios.py:91;src/q3/scenarios.py:39;src/q3/scenarios.py:61;src/q3/scenarios.py:9,test_recent_then_expand_and_condition;test_reduction_probability_tail_original_support;test_no_artificial_samples,implemented; bounded-tests-only; full-numerical-evaluation-not-run
Q3-L0730,3.8,730,=,scenarios.construct;scenarios.pool_indices;scenarios.reduce_errors;scenarios.medoids,src/q3/scenarios.py:91;src/q3/scenarios.py:39;src/q3/scenarios.py:61;src/q3/scenarios.py:9,test_recent_then_expand_and_condition;test_reduction_probability_tail_original_support;test_no_artificial_samples,implemented; bounded-tests-only; full-numerical-evaluation-not-run
Q3-L0731,3.8,731,\sum_{t\in\mathcal H_k},scenarios.construct;scenarios.pool_indices;scenarios.reduce_errors;scenarios.medoids,src/q3/scenarios.py:91;src/q3/scenarios.py:39;src/q3/scenarios.py:61;src/q3/scenarios.py:9,test_recent_then_expand_and_condition;test_reduction_probability_tail_original_support;test_no_artificial_samples,implemented; bounded-tests-only; full-numerical-evaluation-not-run
Q3-L0732,3.8,732,"p_t[e_{j,k,t}^{N}]_+\Delta t.",scenarios.construct;scenarios.pool_indices;scenarios.reduce_errors;scenarios.medoids,src/q3/scenarios.py:91;src/q3/scenarios.py:39;src/q3/scenarios.py:61;src/q3/scenarios.py:9,test_recent_then_expand_and_condition;test_reduction_probability_tail_original_support;test_no_artificial_samples,implemented; bounded-tests-only; full-numerical-evaluation-not-run
Q3-L0733,3.8,733,},scenarios.construct;scenarios.pool_indices;scenarios.reduce_errors;scenarios.medoids,src/q3/scenarios.py:91;src/q3/scenarios.py:39;src/q3/scenarios.py:61;src/q3/scenarios.py:9,test_recent_then_expand_and_condition;test_reduction_probability_tail_original_support;test_no_artificial_samples,implemented; bounded-tests-only; full-numerical-evaluation-not-run
Q3-L0734,3.8,734,\],scenarios.construct;scenarios.pool_indices;scenarios.reduce_errors;scenarios.medoids,src/q3/scenarios.py:91;src/q3/scenarios.py:39;src/q3/scenarios.py:61;src/q3/scenarios.py:9,test_recent_then_expand_and_condition;test_reduction_probability_tail_original_support;test_no_artificial_samples,implemented; bounded-tests-only; full-numerical-evaluation-not-run
Q3-L0736,3.8,736,基准尾部保留名额预先固定为,scenarios.construct;scenarios.pool_indices;scenarios.reduce_errors;scenarios.medoids,src/q3/scenarios.py:91;src/q3/scenarios.py:39;src/q3/scenarios.py:61;src/q3/scenarios.py:9,test_recent_then_expand_and_condition;test_reduction_probability_tail_original_support;test_no_artificial_samples,implemented; bounded-tests-only; full-numerical-evaluation-not-run
Q3-L0738,3.8,738,\[,scenarios.construct;scenarios.pool_indices;scenarios.reduce_errors;scenarios.medoids,src/q3/scenarios.py:91;src/q3/scenarios.py:39;src/q3/scenarios.py:61;src/q3/scenarios.py:9,test_recent_then_expand_and_condition;test_reduction_probability_tail_original_support;test_no_artificial_samples,implemented; bounded-tests-only; full-numerical-evaluation-not-run
Q3-L0739,3.8,739,"\boxed{S_{\mathrm{tail}}=2,}",scenarios.construct;scenarios.pool_indices;scenarios.reduce_errors;scenarios.medoids,src/q3/scenarios.py:91;src/q3/scenarios.py:39;src/q3/scenarios.py:61;src/q3/scenarios.py:9,test_recent_then_expand_and_condition;test_reduction_probability_tail_original_support;test_no_artificial_samples,implemented; bounded-tests-only; full-numerical-evaluation-not-run
Q3-L0740,3.8,740,\],scenarios.construct;scenarios.pool_indices;scenarios.reduce_errors;scenarios.medoids,src/q3/scenarios.py:91;src/q3/scenarios.py:39;src/q3/scenarios.py:61;src/q3/scenarios.py:9,test_recent_then_expand_and_condition;test_reduction_probability_tail_original_support;test_no_artificial_samples,implemented; bounded-tests-only; full-numerical-evaluation-not-run
Q3-L0742,3.8,742,"即场景缩减时优先保留风险分数最高的两条真实轨迹，再对其余轨迹执行 \(k\)-medoids，选取 \(S^\star-S_{\mathrm{tail}}\) 个中心场景。\(S_{\mathrm{tail}}\in\{0,2,4\}\) 仅作为事后稳健性检查，不用于重新挑选正式模型。",scenarios.construct;scenarios.pool_indices;scenarios.reduce_errors;scenarios.medoids,src/q3/scenarios.py:91;src/q3/scenarios.py:39;src/q3/scenarios.py:61;src/q3/scenarios.py:9,test_recent_then_expand_and_condition;test_reduction_probability_tail_original_support;test_no_artificial_samples,implemented; bounded-tests-only; full-numerical-evaluation-not-run
Q3-L0744,3.8,744,尾部轨迹和普通 medoid 的权重统一按其所代表的历史轨迹概率质量确定：,scenarios.construct;scenarios.pool_indices;scenarios.reduce_errors;scenarios.medoids,src/q3/scenarios.py:91;src/q3/scenarios.py:39;src/q3/scenarios.py:61;src/q3/scenarios.py:9,test_recent_then_expand_and_condition;test_reduction_probability_tail_original_support;test_no_artificial_samples,implemented; bounded-tests-only; full-numerical-evaluation-not-run
Q3-L0746,3.8,746,\[,scenarios.construct;scenarios.pool_indices;scenarios.reduce_errors;scenarios.medoids,src/q3/scenarios.py:91;src/q3/scenarios.py:39;src/q3/scenarios.py:61;src/q3/scenarios.py:9,test_recent_then_expand_and_condition;test_reduction_probability_tail_original_support;test_no_artificial_samples,implemented; bounded-tests-only; full-numerical-evaluation-not-run
Q3-L0747,3.8,747,\boxed{,scenarios.construct;scenarios.pool_indices;scenarios.reduce_errors;scenarios.medoids,src/q3/scenarios.py:91;src/q3/scenarios.py:39;src/q3/scenarios.py:61;src/q3/scenarios.py:9,test_recent_then_expand_and_condition;test_reduction_probability_tail_original_support;test_no_artificial_samples,implemented; bounded-tests-only; full-numerical-evaluation-not-run
Q3-L0748,3.8,748,"\pi_s=\frac{m_s}{M_{d,k}},",scenarios.construct;scenarios.pool_indices;scenarios.reduce_errors;scenarios.medoids,src/q3/scenarios.py:91;src/q3/scenarios.py:39;src/q3/scenarios.py:61;src/q3/scenarios.py:9,test_recent_then_expand_and_condition;test_reduction_probability_tail_original_support;test_no_artificial_samples,implemented; bounded-tests-only; full-numerical-evaluation-not-run
Q3-L0749,3.8,749,\qquad,scenarios.construct;scenarios.pool_indices;scenarios.reduce_errors;scenarios.medoids,src/q3/scenarios.py:91;src/q3/scenarios.py:39;src/q3/scenarios.py:61;src/q3/scenarios.py:9,test_recent_then_expand_and_condition;test_reduction_probability_tail_original_support;test_no_artificial_samples,implemented; bounded-tests-only; full-numerical-evaluation-not-run
Q3-L0750,3.8,750,\sum_s\pi_s=1.,scenarios.construct;scenarios.pool_indices;scenarios.reduce_errors;scenarios.medoids,src/q3/scenarios.py:91;src/q3/scenarios.py:39;src/q3/scenarios.py:61;src/q3/scenarios.py:9,test_recent_then_expand_and_condition;test_reduction_probability_tail_original_support;test_no_artificial_samples,implemented; bounded-tests-only; full-numerical-evaluation-not-run
Q3-L0751,3.8,751,},scenarios.construct;scenarios.pool_indices;scenarios.reduce_errors;scenarios.medoids,src/q3/scenarios.py:91;src/q3/scenarios.py:39;src/q3/scenarios.py:61;src/q3/scenarios.py:9,test_recent_then_expand_and_condition;test_reduction_probability_tail_original_support;test_no_artificial_samples,implemented; bounded-tests-only; full-numerical-evaluation-not-run
Q3-L0752,3.8,752,\],scenarios.construct;scenarios.pool_indices;scenarios.reduce_errors;scenarios.medoids,src/q3/scenarios.py:91;src/q3/scenarios.py:39;src/q3/scenarios.py:61;src/q3/scenarios.py:9,test_recent_then_expand_and_condition;test_reduction_probability_tail_original_support;test_no_artificial_samples,implemented; bounded-tests-only; full-numerical-evaluation-not-run
Q3-L0754,3.8,754,"需要强调：场景缩减只保证**总概率质量仍为 1**，并通过保留 medoid 与尾部轨迹对原经验分布做有限支持近似；它并不意味着缩减后的经验分布与原始样本分布完全相同。被选中后，优化器仍使用相应历史日期的原始联合 \((e^L,e^{PV})\) 轨迹生成负荷与光伏场景，从而保留日内相关性、负荷—光伏联合关系及物理量纲。",scenarios.construct;scenarios.pool_indices;scenarios.reduce_errors;scenarios.medoids,src/q3/scenarios.py:91;src/q3/scenarios.py:39;src/q3/scenarios.py:61;src/q3/scenarios.py:9,test_recent_then_expand_and_condition;test_reduction_probability_tail_original_support;test_no_artificial_samples,implemented; bounded-tests-only; full-numerical-evaluation-not-run
Q3-L0756,3.8,756,---,scenarios.construct;scenarios.pool_indices;scenarios.reduce_errors;scenarios.medoids,src/q3/scenarios.py:91;src/q3/scenarios.py:39;src/q3/scenarios.py:61;src/q3/scenarios.py:9,test_recent_then_expand_and_condition;test_reduction_probability_tail_original_support;test_no_artificial_samples,implemented; bounded-tests-only; full-numerical-evaluation-not-run
Q3-L0758,3.9,758,# 3.9 调整购电结算口径,physics.adjustment;rolling.run_day,src/q3/physics.py:17;src/q3/rolling.py:92,test_settlement_cancellation_and_repeated_proxy,implemented; bounded-tests-only; full-numerical-evaluation-not-run
Q3-L0760,3.9,760,## 3.9.1 主模型结算假设,physics.adjustment;rolling.run_day,src/q3/physics.py:17;src/q3/rolling.py:92,test_settlement_cancellation_and_repeated_proxy,implemented; bounded-tests-only; full-numerical-evaluation-not-run
Q3-L0762,3.9,762,"题面没有完全说明同一未来时段若在 \(6{:}00,12{:}00,18{:}00\) 多次被修改时，调整费用是否逐次重复结算。",physics.adjustment;rolling.run_day,src/q3/physics.py:17;src/q3/rolling.py:92,test_settlement_cancellation_and_repeated_proxy,implemented; bounded-tests-only; full-numerical-evaluation-not-run
Q3-L0764,3.9,764,为避免同一时段因多次信息更新被重复收费，本文采用如下统一结算假设：,physics.adjustment;rolling.run_day,src/q3/physics.py:17;src/q3/rolling.py:92,test_settlement_cancellation_and_repeated_proxy,implemented; bounded-tests-only; full-numerical-evaluation-not-run
Q3-L0766,3.9,766,> 对每一个实际交付时段，以 \(0{:}00\) 制定的原计划购电量为唯一基准；在该时段真正执行前最后一次有效调整形成“最终生效购电量”，并只针对该最终生效量与 \(0{:}00\) 原计划之间的差额结算一次。,physics.adjustment;rolling.run_day,src/q3/physics.py:17;src/q3/rolling.py:92,test_settlement_cancellation_and_repeated_proxy,implemented; bounded-tests-only; full-numerical-evaluation-not-run
Q3-L0768,3.9,768,设：,physics.adjustment;rolling.run_day,src/q3/physics.py:17;src/q3/rolling.py:92,test_settlement_cancellation_and_repeated_proxy,implemented; bounded-tests-only; full-numerical-evaluation-not-run
Q3-L0770,3.9,770,\[,physics.adjustment;rolling.run_day,src/q3/physics.py:17;src/q3/rolling.py:92,test_settlement_cancellation_and_repeated_proxy,implemented; bounded-tests-only; full-numerical-evaluation-not-run
Q3-L0771,3.9,771,g_t^0,physics.adjustment;rolling.run_day,src/q3/physics.py:17;src/q3/rolling.py:92,test_settlement_cancellation_and_repeated_proxy,implemented; bounded-tests-only; full-numerical-evaluation-not-run
Q3-L0772,3.9,772,\],physics.adjustment;rolling.run_day,src/q3/physics.py:17;src/q3/rolling.py:92,test_settlement_cancellation_and_repeated_proxy,implemented; bounded-tests-only; full-numerical-evaluation-not-run
Q3-L0774,3.9,774,为 \(0{:}00\) 原计划购电量，,physics.adjustment;rolling.run_day,src/q3/physics.py:17;src/q3/rolling.py:92,test_settlement_cancellation_and_repeated_proxy,implemented; bounded-tests-only; full-numerical-evaluation-not-run
Q3-L0776,3.9,776,\[,physics.adjustment;rolling.run_day,src/q3/physics.py:17;src/q3/rolling.py:92,test_settlement_cancellation_and_repeated_proxy,implemented; bounded-tests-only; full-numerical-evaluation-not-run
Q3-L0777,3.9,777,g_t^{\mathrm{eff}},physics.adjustment;rolling.run_day,src/q3/physics.py:17;src/q3/rolling.py:92,test_settlement_cancellation_and_repeated_proxy,implemented; bounded-tests-only; full-numerical-evaluation-not-run
Q3-L0778,3.9,778,\],physics.adjustment;rolling.run_day,src/q3/physics.py:17;src/q3/rolling.py:92,test_settlement_cancellation_and_repeated_proxy,implemented; bounded-tests-only; full-numerical-evaluation-not-run
Q3-L0780,3.9,780,为实际交付前最终生效购电量。,physics.adjustment;rolling.run_day,src/q3/physics.py:17;src/q3/rolling.py:92,test_settlement_cancellation_and_repeated_proxy,implemented; bounded-tests-only; full-numerical-evaluation-not-run
Q3-L0782,3.9,782,定义：,physics.adjustment;rolling.run_day,src/q3/physics.py:17;src/q3/rolling.py:92,test_settlement_cancellation_and_repeated_proxy,implemented; bounded-tests-only; full-numerical-evaluation-not-run
Q3-L0784,3.9,784,\[,physics.adjustment;rolling.run_day,src/q3/physics.py:17;src/q3/rolling.py:92,test_settlement_cancellation_and_repeated_proxy,implemented; bounded-tests-only; full-numerical-evaluation-not-run
Q3-L0785,3.9,785,\Delta_t^+,physics.adjustment;rolling.run_day,src/q3/physics.py:17;src/q3/rolling.py:92,test_settlement_cancellation_and_repeated_proxy,implemented; bounded-tests-only; full-numerical-evaluation-not-run
Q3-L0786,3.9,786,=,physics.adjustment;rolling.run_day,src/q3/physics.py:17;src/q3/rolling.py:92,test_settlement_cancellation_and_repeated_proxy,implemented; bounded-tests-only; full-numerical-evaluation-not-run
Q3-L0787,3.9,787,"(g_t^{\mathrm{eff}}-g_t^0)_+,",physics.adjustment;rolling.run_day,src/q3/physics.py:17;src/q3/rolling.py:92,test_settlement_cancellation_and_repeated_proxy,implemented; bounded-tests-only; full-numerical-evaluation-not-run
Q3-L0788,3.9,788,\],physics.adjustment;rolling.run_day,src/q3/physics.py:17;src/q3/rolling.py:92,test_settlement_cancellation_and_repeated_proxy,implemented; bounded-tests-only; full-numerical-evaluation-not-run
Q3-L0790,3.9,790,\[,physics.adjustment;rolling.run_day,src/q3/physics.py:17;src/q3/rolling.py:92,test_settlement_cancellation_and_repeated_proxy,implemented; bounded-tests-only; full-numerical-evaluation-not-run
Q3-L0791,3.9,791,\Delta_t^-,physics.adjustment;rolling.run_day,src/q3/physics.py:17;src/q3/rolling.py:92,test_settlement_cancellation_and_repeated_proxy,implemented; bounded-tests-only; full-numerical-evaluation-not-run
Q3-L0792,3.9,792,=,physics.adjustment;rolling.run_day,src/q3/physics.py:17;src/q3/rolling.py:92,test_settlement_cancellation_and_repeated_proxy,implemented; bounded-tests-only; full-numerical-evaluation-not-run
Q3-L0793,3.9,793,(g_t^0-g_t^{\mathrm{eff}})_+.,physics.adjustment;rolling.run_day,src/q3/physics.py:17;src/q3/rolling.py:92,test_settlement_cancellation_and_repeated_proxy,implemented; bounded-tests-only; full-numerical-evaluation-not-run
Q3-L0794,3.9,794,\],physics.adjustment;rolling.run_day,src/q3/physics.py:17;src/q3/rolling.py:92,test_settlement_cancellation_and_repeated_proxy,implemented; bounded-tests-only; full-numerical-evaluation-not-run
Q3-L0796,3.9,796,当增加购电时，新增部分按 \(1.5p_t\) 结算。,physics.adjustment;rolling.run_day,src/q3/physics.py:17;src/q3/rolling.py:92,test_settlement_cancellation_and_repeated_proxy,implemented; bounded-tests-only; full-numerical-evaluation-not-run
Q3-L0798,3.9,798,当减少购电时，取消部分不再支付原来的完整 \(p_t\)，而只支付 \(0.5p_t\) 的违约费用。,physics.adjustment;rolling.run_day,src/q3/physics.py:17;src/q3/rolling.py:92,test_settlement_cancellation_and_repeated_proxy,implemented; bounded-tests-only; full-numerical-evaluation-not-run
Q3-L0800,3.9,800,因此计划与调整相关的实际净费用为：,physics.adjustment;rolling.run_day,src/q3/physics.py:17;src/q3/rolling.py:92,test_settlement_cancellation_and_repeated_proxy,implemented; bounded-tests-only; full-numerical-evaluation-not-run
Q3-L0802,3.9,802,\[,physics.adjustment;rolling.run_day,src/q3/physics.py:17;src/q3/rolling.py:92,test_settlement_cancellation_and_repeated_proxy,implemented; bounded-tests-only; full-numerical-evaluation-not-run
Q3-L0803,3.9,803,\boxed{,physics.adjustment;rolling.run_day,src/q3/physics.py:17;src/q3/rolling.py:92,test_settlement_cancellation_and_repeated_proxy,implemented; bounded-tests-only; full-numerical-evaluation-not-run
Q3-L0804,3.9,804,C_t^{\mathrm{sch}},physics.adjustment;rolling.run_day,src/q3/physics.py:17;src/q3/rolling.py:92,test_settlement_cancellation_and_repeated_proxy,implemented; bounded-tests-only; full-numerical-evaluation-not-run
Q3-L0805,3.9,805,=,physics.adjustment;rolling.run_day,src/q3/physics.py:17;src/q3/rolling.py:92,test_settlement_cancellation_and_repeated_proxy,implemented; bounded-tests-only; full-numerical-evaluation-not-run
Q3-L0806,3.9,806,p_tg_t^0,physics.adjustment;rolling.run_day,src/q3/physics.py:17;src/q3/rolling.py:92,test_settlement_cancellation_and_repeated_proxy,implemented; bounded-tests-only; full-numerical-evaluation-not-run
Q3-L0807,3.9,807,+,physics.adjustment;rolling.run_day,src/q3/physics.py:17;src/q3/rolling.py:92,test_settlement_cancellation_and_repeated_proxy,implemented; bounded-tests-only; full-numerical-evaluation-not-run
Q3-L0808,3.9,808,1.5p_t\Delta_t^+,physics.adjustment;rolling.run_day,src/q3/physics.py:17;src/q3/rolling.py:92,test_settlement_cancellation_and_repeated_proxy,implemented; bounded-tests-only; full-numerical-evaluation-not-run
Q3-L0809,3.9,809,-,physics.adjustment;rolling.run_day,src/q3/physics.py:17;src/q3/rolling.py:92,test_settlement_cancellation_and_repeated_proxy,implemented; bounded-tests-only; full-numerical-evaluation-not-run
Q3-L0810,3.9,810,0.5p_t\Delta_t^-.,physics.adjustment;rolling.run_day,src/q3/physics.py:17;src/q3/rolling.py:92,test_settlement_cancellation_and_repeated_proxy,implemented; bounded-tests-only; full-numerical-evaluation-not-run
Q3-L0811,3.9,811,},physics.adjustment;rolling.run_day,src/q3/physics.py:17;src/q3/rolling.py:92,test_settlement_cancellation_and_repeated_proxy,implemented; bounded-tests-only; full-numerical-evaluation-not-run
Q3-L0812,3.9,812,\],physics.adjustment;rolling.run_day,src/q3/physics.py:17;src/q3/rolling.py:92,test_settlement_cancellation_and_repeated_proxy,implemented; bounded-tests-only; full-numerical-evaluation-not-run
Q3-L0814,3.9,814,该式等价于：,physics.adjustment;rolling.run_day,src/q3/physics.py:17;src/q3/rolling.py:92,test_settlement_cancellation_and_repeated_proxy,implemented; bounded-tests-only; full-numerical-evaluation-not-run
Q3-L0816,3.9,816,- 未调整部分按正常电价支付；,physics.adjustment;rolling.run_day,src/q3/physics.py:17;src/q3/rolling.py:92,test_settlement_cancellation_and_repeated_proxy,implemented; bounded-tests-only; full-numerical-evaluation-not-run
Q3-L0817,3.9,817,- 增购部分按 \(1.5p_t\) 支付；,physics.adjustment;rolling.run_day,src/q3/physics.py:17;src/q3/rolling.py:92,test_settlement_cancellation_and_repeated_proxy,implemented; bounded-tests-only; full-numerical-evaluation-not-run
Q3-L0818,3.9,818,- 取消部分相对于原计划节省 \(p_t\)，但需支付 \(0.5p_t\) 违约费，因此相对于原计划净减少 \(0.5p_t\)。,physics.adjustment;rolling.run_day,src/q3/physics.py:17;src/q3/rolling.py:92,test_settlement_cancellation_and_repeated_proxy,implemented; bounded-tests-only; full-numerical-evaluation-not-run
Q3-L0820,3.9,820,若官方进一步明确要求“每次调整均相对上一版计划逐次收费”，只需替换本节的结算递推，四时点滚动随机优化框架本身不变。,physics.adjustment;rolling.run_day,src/q3/physics.py:17;src/q3/rolling.py:92,test_settlement_cancellation_and_repeated_proxy,implemented; bounded-tests-only; full-numerical-evaluation-not-run
Q3-L0822,3.9,822,---,physics.adjustment;rolling.run_day,src/q3/physics.py:17;src/q3/rolling.py:92,test_settlement_cancellation_and_repeated_proxy,implemented; bounded-tests-only; full-numerical-evaluation-not-run
Q3-L0824,3.10,824,# 3.10 非对称价格结构产生的内生调整死区,physics.no_storage_decision,src/q3/physics.py:65,test_no_storage_deadband；只作退化解释，不施加于完整模型,implemented; bounded-tests-only; full-numerical-evaluation-not-run
Q3-L0826,3.10,826,问题二中，若计划不足只能以 \(5p_t\) 紧急补购，则“买多 1 kWh”与“买少 1 kWh”的典型边际损失可退化为约 \(1{:}4\)，从而得到 \(0.8\) 临界分位数。问题三允许在后续预报节点按 \(0.5/1.5\) 倍规则修正购电量，因此未来不足不再必然直接转化为 \(5p_t\) 紧急购电，原有统一 \(1{:}4\) 风险比不能直接沿用。真实完整模型中的边际风险取决于交付时刻前尚有多少次信息更新、预测质量、储能状态及后续紧急购电概率，通常不存在一个全天统一的固定风险比。,physics.no_storage_decision,src/q3/physics.py:65,test_no_storage_deadband；只作退化解释，不施加于完整模型,implemented; bounded-tests-only; full-numerical-evaluation-not-run
Q3-L0828,3.10,828,为解释非对称价格本身如何诱导“调或不调”的结构，下面仅考虑单时段、无储能的退化模型。该结构只用于经济机制解释，不作为完整储能模型的硬规则。,physics.no_storage_decision,src/q3/physics.py:65,test_no_storage_deadband；只作退化解释，不施加于完整模型,implemented; bounded-tests-only; full-numerical-evaluation-not-run
Q3-L0830,3.10,830,## 3.10.1 单时段无储能退化模型,physics.no_storage_decision,src/q3/physics.py:65,test_no_storage_deadband；只作退化解释，不施加于完整模型,implemented; bounded-tests-only; full-numerical-evaluation-not-run
Q3-L0832,3.10,832,设某时段未来真实外部需求为随机变量：,physics.no_storage_decision,src/q3/physics.py:65,test_no_storage_deadband；只作退化解释，不施加于完整模型,implemented; bounded-tests-only; full-numerical-evaluation-not-run
Q3-L0834,3.10,834,\[,physics.no_storage_decision,src/q3/physics.py:65,test_no_storage_deadband；只作退化解释，不施加于完整模型,implemented; bounded-tests-only; full-numerical-evaluation-not-run
Q3-L0835,3.10,835,D_t.,physics.no_storage_decision,src/q3/physics.py:65,test_no_storage_deadband；只作退化解释，不施加于完整模型,implemented; bounded-tests-only; full-numerical-evaluation-not-run
Q3-L0836,3.10,836,\],physics.no_storage_decision,src/q3/physics.py:65,test_no_storage_deadband；只作退化解释，不施加于完整模型,implemented; bounded-tests-only; full-numerical-evaluation-not-run
Q3-L0838,3.10,838,\(0{:}00\) 原计划购电量为：,physics.no_storage_decision,src/q3/physics.py:65,test_no_storage_deadband；只作退化解释，不施加于完整模型,implemented; bounded-tests-only; full-numerical-evaluation-not-run
Q3-L0840,3.10,840,\[,physics.no_storage_decision,src/q3/physics.py:65,test_no_storage_deadband；只作退化解释，不施加于完整模型,implemented; bounded-tests-only; full-numerical-evaluation-not-run
Q3-L0841,3.10,841,q_t^0.,physics.no_storage_decision,src/q3/physics.py:65,test_no_storage_deadband；只作退化解释，不施加于完整模型,implemented; bounded-tests-only; full-numerical-evaluation-not-run
Q3-L0842,3.10,842,\],physics.no_storage_decision,src/q3/physics.py:65,test_no_storage_deadband；只作退化解释，不施加于完整模型,implemented; bounded-tests-only; full-numerical-evaluation-not-run
Q3-L0844,3.10,844,新预报到来后考虑把最终有效购电调整为 \(q\)。,physics.no_storage_decision,src/q3/physics.py:65,test_no_storage_deadband；只作退化解释，不施加于完整模型,implemented; bounded-tests-only; full-numerical-evaluation-not-run
Q3-L0846,3.10,846,在上述净结算假设下：,physics.no_storage_decision,src/q3/physics.py:65,test_no_storage_deadband；只作退化解释，不施加于完整模型,implemented; bounded-tests-only; full-numerical-evaluation-not-run
Q3-L0848,3.10,848,\[,physics.no_storage_decision,src/q3/physics.py:65,test_no_storage_deadband；只作退化解释，不施加于完整模型,implemented; bounded-tests-only; full-numerical-evaluation-not-run
Q3-L0849,3.10,849,\boxed{,physics.no_storage_decision,src/q3/physics.py:65,test_no_storage_deadband；只作退化解释，不施加于完整模型,implemented; bounded-tests-only; full-numerical-evaluation-not-run
Q3-L0850,3.10,850,J(q),physics.no_storage_decision,src/q3/physics.py:65,test_no_storage_deadband；只作退化解释，不施加于完整模型,implemented; bounded-tests-only; full-numerical-evaluation-not-run
Q3-L0851,3.10,851,=,physics.no_storage_decision,src/q3/physics.py:65,test_no_storage_deadband；只作退化解释，不施加于完整模型,implemented; bounded-tests-only; full-numerical-evaluation-not-run
Q3-L0852,3.10,852,p_tq_t^0,physics.no_storage_decision,src/q3/physics.py:65,test_no_storage_deadband；只作退化解释，不施加于完整模型,implemented; bounded-tests-only; full-numerical-evaluation-not-run
Q3-L0853,3.10,853,+,physics.no_storage_decision,src/q3/physics.py:65,test_no_storage_deadband；只作退化解释，不施加于完整模型,implemented; bounded-tests-only; full-numerical-evaluation-not-run
Q3-L0854,3.10,854,1.5p_t(q-q_t^0)_+,physics.no_storage_decision,src/q3/physics.py:65,test_no_storage_deadband；只作退化解释，不施加于完整模型,implemented; bounded-tests-only; full-numerical-evaluation-not-run
Q3-L0855,3.10,855,-,physics.no_storage_decision,src/q3/physics.py:65,test_no_storage_deadband；只作退化解释，不施加于完整模型,implemented; bounded-tests-only; full-numerical-evaluation-not-run
Q3-L0856,3.10,856,0.5p_t(q_t^0-q)_+,physics.no_storage_decision,src/q3/physics.py:65,test_no_storage_deadband；只作退化解释，不施加于完整模型,implemented; bounded-tests-only; full-numerical-evaluation-not-run
Q3-L0857,3.10,857,+,physics.no_storage_decision,src/q3/physics.py:65,test_no_storage_deadband；只作退化解释，不施加于完整模型,implemented; bounded-tests-only; full-numerical-evaluation-not-run
Q3-L0858,3.10,858,5p_t\mathbb E[(D_t-q)_+].,physics.no_storage_decision,src/q3/physics.py:65,test_no_storage_deadband；只作退化解释，不施加于完整模型,implemented; bounded-tests-only; full-numerical-evaluation-not-run
Q3-L0859,3.10,859,},physics.no_storage_decision,src/q3/physics.py:65,test_no_storage_deadband；只作退化解释，不施加于完整模型,implemented; bounded-tests-only; full-numerical-evaluation-not-run
Q3-L0860,3.10,860,\],physics.no_storage_decision,src/q3/physics.py:65,test_no_storage_deadband；只作退化解释，不施加于完整模型,implemented; bounded-tests-only; full-numerical-evaluation-not-run
Q3-L0862,3.10,862,---,physics.no_storage_decision,src/q3/physics.py:65,test_no_storage_deadband；只作退化解释，不施加于完整模型,implemented; bounded-tests-only; full-numerical-evaluation-not-run
Q3-L0864,3.10,864,## 3.10.2 向上调整临界分位数,physics.no_storage_decision,src/q3/physics.py:65,test_no_storage_deadband；只作退化解释，不施加于完整模型,implemented; bounded-tests-only; full-numerical-evaluation-not-run
Q3-L0866,3.10,866,当：,physics.no_storage_decision,src/q3/physics.py:65,test_no_storage_deadband；只作退化解释，不施加于完整模型,implemented; bounded-tests-only; full-numerical-evaluation-not-run
Q3-L0868,3.10,868,\[,physics.no_storage_decision,src/q3/physics.py:65,test_no_storage_deadband；只作退化解释，不施加于完整模型,implemented; bounded-tests-only; full-numerical-evaluation-not-run
Q3-L0869,3.10,869,q>q_t^0,physics.no_storage_decision,src/q3/physics.py:65,test_no_storage_deadband；只作退化解释，不施加于完整模型,implemented; bounded-tests-only; full-numerical-evaluation-not-run
Q3-L0870,3.10,870,\],physics.no_storage_decision,src/q3/physics.py:65,test_no_storage_deadband；只作退化解释，不施加于完整模型,implemented; bounded-tests-only; full-numerical-evaluation-not-run
Q3-L0872,3.10,872,时，边际增购成本为：,physics.no_storage_decision,src/q3/physics.py:65,test_no_storage_deadband；只作退化解释，不施加于完整模型,implemented; bounded-tests-only; full-numerical-evaluation-not-run
Q3-L0874,3.10,874,\[,physics.no_storage_decision,src/q3/physics.py:65,test_no_storage_deadband；只作退化解释，不施加于完整模型,implemented; bounded-tests-only; full-numerical-evaluation-not-run
Q3-L0875,3.10,875,1.5p_t.,physics.no_storage_decision,src/q3/physics.py:65,test_no_storage_deadband；只作退化解释，不施加于完整模型,implemented; bounded-tests-only; full-numerical-evaluation-not-run
Q3-L0876,3.10,876,\],physics.no_storage_decision,src/q3/physics.py:65,test_no_storage_deadband；只作退化解释，不施加于完整模型,implemented; bounded-tests-only; full-numerical-evaluation-not-run
Q3-L0878,3.10,878,增加 1 kWh 可以减少未来 5 倍紧急购电的边际期望损失：,physics.no_storage_decision,src/q3/physics.py:65,test_no_storage_deadband；只作退化解释，不施加于完整模型,implemented; bounded-tests-only; full-numerical-evaluation-not-run
Q3-L0880,3.10,880,\[,physics.no_storage_decision,src/q3/physics.py:65,test_no_storage_deadband；只作退化解释，不施加于完整模型,implemented; bounded-tests-only; full-numerical-evaluation-not-run
Q3-L0881,3.10,881,5p_tP(D_t>q).,physics.no_storage_decision,src/q3/physics.py:65,test_no_storage_deadband；只作退化解释，不施加于完整模型,implemented; bounded-tests-only; full-numerical-evaluation-not-run
Q3-L0882,3.10,882,\],physics.no_storage_decision,src/q3/physics.py:65,test_no_storage_deadband；只作退化解释，不施加于完整模型,implemented; bounded-tests-only; full-numerical-evaluation-not-run
Q3-L0884,3.10,884,临界条件：,physics.no_storage_decision,src/q3/physics.py:65,test_no_storage_deadband；只作退化解释，不施加于完整模型,implemented; bounded-tests-only; full-numerical-evaluation-not-run
Q3-L0886,3.10,886,\[,physics.no_storage_decision,src/q3/physics.py:65,test_no_storage_deadband；只作退化解释，不施加于完整模型,implemented; bounded-tests-only; full-numerical-evaluation-not-run
Q3-L0887,3.10,887,1.5p_t,physics.no_storage_decision,src/q3/physics.py:65,test_no_storage_deadband；只作退化解释，不施加于完整模型,implemented; bounded-tests-only; full-numerical-evaluation-not-run
Q3-L0888,3.10,888,=,physics.no_storage_decision,src/q3/physics.py:65,test_no_storage_deadband；只作退化解释，不施加于完整模型,implemented; bounded-tests-only; full-numerical-evaluation-not-run
Q3-L0889,3.10,889,5p_tP(D_t>q).,physics.no_storage_decision,src/q3/physics.py:65,test_no_storage_deadband；只作退化解释，不施加于完整模型,implemented; bounded-tests-only; full-numerical-evaluation-not-run
Q3-L0890,3.10,890,\],physics.no_storage_decision,src/q3/physics.py:65,test_no_storage_deadband；只作退化解释，不施加于完整模型,implemented; bounded-tests-only; full-numerical-evaluation-not-run
Q3-L0892,3.10,892,因此：,physics.no_storage_decision,src/q3/physics.py:65,test_no_storage_deadband；只作退化解释，不施加于完整模型,implemented; bounded-tests-only; full-numerical-evaluation-not-run
Q3-L0894,3.10,894,\[,physics.no_storage_decision,src/q3/physics.py:65,test_no_storage_deadband；只作退化解释，不施加于完整模型,implemented; bounded-tests-only; full-numerical-evaluation-not-run
Q3-L0895,3.10,895,"P(D_t>q)=0.3,",physics.no_storage_decision,src/q3/physics.py:65,test_no_storage_deadband；只作退化解释，不施加于完整模型,implemented; bounded-tests-only; full-numerical-evaluation-not-run
Q3-L0896,3.10,896,\],physics.no_storage_decision,src/q3/physics.py:65,test_no_storage_deadband；只作退化解释，不施加于完整模型,implemented; bounded-tests-only; full-numerical-evaluation-not-run
Q3-L0898,3.10,898,即：,physics.no_storage_decision,src/q3/physics.py:65,test_no_storage_deadband；只作退化解释，不施加于完整模型,implemented; bounded-tests-only; full-numerical-evaluation-not-run
Q3-L0900,3.10,900,\[,physics.no_storage_decision,src/q3/physics.py:65,test_no_storage_deadband；只作退化解释，不施加于完整模型,implemented; bounded-tests-only; full-numerical-evaluation-not-run
Q3-L0901,3.10,901,\boxed{,physics.no_storage_decision,src/q3/physics.py:65,test_no_storage_deadband；只作退化解释，不施加于完整模型,implemented; bounded-tests-only; full-numerical-evaluation-not-run
Q3-L0902,3.10,902,F_D(q)=0.7.,physics.no_storage_decision,src/q3/physics.py:65,test_no_storage_deadband；只作退化解释，不施加于完整模型,implemented; bounded-tests-only; full-numerical-evaluation-not-run
Q3-L0903,3.10,903,},physics.no_storage_decision,src/q3/physics.py:65,test_no_storage_deadband；只作退化解释，不施加于完整模型,implemented; bounded-tests-only; full-numerical-evaluation-not-run
Q3-L0904,3.10,904,\],physics.no_storage_decision,src/q3/physics.py:65,test_no_storage_deadband；只作退化解释，不施加于完整模型,implemented; bounded-tests-only; full-numerical-evaluation-not-run
Q3-L0906,3.10,906,于是：,physics.no_storage_decision,src/q3/physics.py:65,test_no_storage_deadband；只作退化解释，不施加于完整模型,implemented; bounded-tests-only; full-numerical-evaluation-not-run
Q3-L0908,3.10,908,\[,physics.no_storage_decision,src/q3/physics.py:65,test_no_storage_deadband；只作退化解释，不施加于完整模型,implemented; bounded-tests-only; full-numerical-evaluation-not-run
Q3-L0909,3.10,909,\boxed{,physics.no_storage_decision,src/q3/physics.py:65,test_no_storage_deadband；只作退化解释，不施加于完整模型,implemented; bounded-tests-only; full-numerical-evaluation-not-run
Q3-L0910,3.10,910,q_t^0<Q_{0.7}(D_t),physics.no_storage_decision,src/q3/physics.py:65,test_no_storage_deadband；只作退化解释，不施加于完整模型,implemented; bounded-tests-only; full-numerical-evaluation-not-run
Q3-L0911,3.10,911,\Rightarrow,physics.no_storage_decision,src/q3/physics.py:65,test_no_storage_deadband；只作退化解释，不施加于完整模型,implemented; bounded-tests-only; full-numerical-evaluation-not-run
Q3-L0912,3.10,912,\text{具有向上调整动机}.,physics.no_storage_decision,src/q3/physics.py:65,test_no_storage_deadband；只作退化解释，不施加于完整模型,implemented; bounded-tests-only; full-numerical-evaluation-not-run
Q3-L0913,3.10,913,},physics.no_storage_decision,src/q3/physics.py:65,test_no_storage_deadband；只作退化解释，不施加于完整模型,implemented; bounded-tests-only; full-numerical-evaluation-not-run
Q3-L0914,3.10,914,\],physics.no_storage_decision,src/q3/physics.py:65,test_no_storage_deadband；只作退化解释，不施加于完整模型,implemented; bounded-tests-only; full-numerical-evaluation-not-run
Q3-L0916,3.10,916,---,physics.no_storage_decision,src/q3/physics.py:65,test_no_storage_deadband；只作退化解释，不施加于完整模型,implemented; bounded-tests-only; full-numerical-evaluation-not-run
Q3-L0918,3.10,918,## 3.10.3 向下调整临界分位数,physics.no_storage_decision,src/q3/physics.py:65,test_no_storage_deadband；只作退化解释，不施加于完整模型,implemented; bounded-tests-only; full-numerical-evaluation-not-run
Q3-L0920,3.10,920,当：,physics.no_storage_decision,src/q3/physics.py:65,test_no_storage_deadband；只作退化解释，不施加于完整模型,implemented; bounded-tests-only; full-numerical-evaluation-not-run
Q3-L0922,3.10,922,\[,physics.no_storage_decision,src/q3/physics.py:65,test_no_storage_deadband；只作退化解释，不施加于完整模型,implemented; bounded-tests-only; full-numerical-evaluation-not-run
Q3-L0923,3.10,923,q<q_t^0,physics.no_storage_decision,src/q3/physics.py:65,test_no_storage_deadband；只作退化解释，不施加于完整模型,implemented; bounded-tests-only; full-numerical-evaluation-not-run
Q3-L0924,3.10,924,\],physics.no_storage_decision,src/q3/physics.py:65,test_no_storage_deadband；只作退化解释，不施加于完整模型,implemented; bounded-tests-only; full-numerical-evaluation-not-run
Q3-L0926,3.10,926,时，保留 1 kWh 相对于取消 1 kWh 的净边际成本为：,physics.no_storage_decision,src/q3/physics.py:65,test_no_storage_deadband；只作退化解释，不施加于完整模型,implemented; bounded-tests-only; full-numerical-evaluation-not-run
Q3-L0928,3.10,928,\[,physics.no_storage_decision,src/q3/physics.py:65,test_no_storage_deadband；只作退化解释，不施加于完整模型,implemented; bounded-tests-only; full-numerical-evaluation-not-run
Q3-L0929,3.10,929,0.5p_t.,physics.no_storage_decision,src/q3/physics.py:65,test_no_storage_deadband；只作退化解释，不施加于完整模型,implemented; bounded-tests-only; full-numerical-evaluation-not-run
Q3-L0930,3.10,930,\],physics.no_storage_decision,src/q3/physics.py:65,test_no_storage_deadband；只作退化解释，不施加于完整模型,implemented; bounded-tests-only; full-numerical-evaluation-not-run
Q3-L0932,3.10,932,临界条件：,physics.no_storage_decision,src/q3/physics.py:65,test_no_storage_deadband；只作退化解释，不施加于完整模型,implemented; bounded-tests-only; full-numerical-evaluation-not-run
Q3-L0934,3.10,934,\[,physics.no_storage_decision,src/q3/physics.py:65,test_no_storage_deadband；只作退化解释，不施加于完整模型,implemented; bounded-tests-only; full-numerical-evaluation-not-run
Q3-L0935,3.10,935,0.5p_t,physics.no_storage_decision,src/q3/physics.py:65,test_no_storage_deadband；只作退化解释，不施加于完整模型,implemented; bounded-tests-only; full-numerical-evaluation-not-run
Q3-L0936,3.10,936,=,physics.no_storage_decision,src/q3/physics.py:65,test_no_storage_deadband；只作退化解释，不施加于完整模型,implemented; bounded-tests-only; full-numerical-evaluation-not-run
Q3-L0937,3.10,937,5p_tP(D_t>q).,physics.no_storage_decision,src/q3/physics.py:65,test_no_storage_deadband；只作退化解释，不施加于完整模型,implemented; bounded-tests-only; full-numerical-evaluation-not-run
Q3-L0938,3.10,938,\],physics.no_storage_decision,src/q3/physics.py:65,test_no_storage_deadband；只作退化解释，不施加于完整模型,implemented; bounded-tests-only; full-numerical-evaluation-not-run
Q3-L0940,3.10,940,因此：,physics.no_storage_decision,src/q3/physics.py:65,test_no_storage_deadband；只作退化解释，不施加于完整模型,implemented; bounded-tests-only; full-numerical-evaluation-not-run
Q3-L0942,3.10,942,\[,physics.no_storage_decision,src/q3/physics.py:65,test_no_storage_deadband；只作退化解释，不施加于完整模型,implemented; bounded-tests-only; full-numerical-evaluation-not-run
Q3-L0943,3.10,943,"P(D_t>q)=0.1,",physics.no_storage_decision,src/q3/physics.py:65,test_no_storage_deadband；只作退化解释，不施加于完整模型,implemented; bounded-tests-only; full-numerical-evaluation-not-run
Q3-L0944,3.10,944,\],physics.no_storage_decision,src/q3/physics.py:65,test_no_storage_deadband；只作退化解释，不施加于完整模型,implemented; bounded-tests-only; full-numerical-evaluation-not-run
Q3-L0946,3.10,946,即：,physics.no_storage_decision,src/q3/physics.py:65,test_no_storage_deadband；只作退化解释，不施加于完整模型,implemented; bounded-tests-only; full-numerical-evaluation-not-run
Q3-L0948,3.10,948,\[,physics.no_storage_decision,src/q3/physics.py:65,test_no_storage_deadband；只作退化解释，不施加于完整模型,implemented; bounded-tests-only; full-numerical-evaluation-not-run
Q3-L0949,3.10,949,\boxed{,physics.no_storage_decision,src/q3/physics.py:65,test_no_storage_deadband；只作退化解释，不施加于完整模型,implemented; bounded-tests-only; full-numerical-evaluation-not-run
Q3-L0950,3.10,950,F_D(q)=0.9.,physics.no_storage_decision,src/q3/physics.py:65,test_no_storage_deadband；只作退化解释，不施加于完整模型,implemented; bounded-tests-only; full-numerical-evaluation-not-run
Q3-L0951,3.10,951,},physics.no_storage_decision,src/q3/physics.py:65,test_no_storage_deadband；只作退化解释，不施加于完整模型,implemented; bounded-tests-only; full-numerical-evaluation-not-run
Q3-L0952,3.10,952,\],physics.no_storage_decision,src/q3/physics.py:65,test_no_storage_deadband；只作退化解释，不施加于完整模型,implemented; bounded-tests-only; full-numerical-evaluation-not-run
Q3-L0954,3.10,954,于是：,physics.no_storage_decision,src/q3/physics.py:65,test_no_storage_deadband；只作退化解释，不施加于完整模型,implemented; bounded-tests-only; full-numerical-evaluation-not-run
Q3-L0956,3.10,956,\[,physics.no_storage_decision,src/q3/physics.py:65,test_no_storage_deadband；只作退化解释，不施加于完整模型,implemented; bounded-tests-only; full-numerical-evaluation-not-run
Q3-L0957,3.10,957,\boxed{,physics.no_storage_decision,src/q3/physics.py:65,test_no_storage_deadband；只作退化解释，不施加于完整模型,implemented; bounded-tests-only; full-numerical-evaluation-not-run
Q3-L0958,3.10,958,q_t^0>Q_{0.9}(D_t),physics.no_storage_decision,src/q3/physics.py:65,test_no_storage_deadband；只作退化解释，不施加于完整模型,implemented; bounded-tests-only; full-numerical-evaluation-not-run
Q3-L0959,3.10,959,\Rightarrow,physics.no_storage_decision,src/q3/physics.py:65,test_no_storage_deadband；只作退化解释，不施加于完整模型,implemented; bounded-tests-only; full-numerical-evaluation-not-run
Q3-L0960,3.10,960,\text{具有向下调整动机}.,physics.no_storage_decision,src/q3/physics.py:65,test_no_storage_deadband；只作退化解释，不施加于完整模型,implemented; bounded-tests-only; full-numerical-evaluation-not-run
Q3-L0961,3.10,961,},physics.no_storage_decision,src/q3/physics.py:65,test_no_storage_deadband；只作退化解释，不施加于完整模型,implemented; bounded-tests-only; full-numerical-evaluation-not-run
Q3-L0962,3.10,962,\],physics.no_storage_decision,src/q3/physics.py:65,test_no_storage_deadband；只作退化解释，不施加于完整模型,implemented; bounded-tests-only; full-numerical-evaluation-not-run
Q3-L0964,3.10,964,因此得到：,physics.no_storage_decision,src/q3/physics.py:65,test_no_storage_deadband；只作退化解释，不施加于完整模型,implemented; bounded-tests-only; full-numerical-evaluation-not-run
Q3-L0966,3.10,966,\[,physics.no_storage_decision,src/q3/physics.py:65,test_no_storage_deadband；只作退化解释，不施加于完整模型,implemented; bounded-tests-only; full-numerical-evaluation-not-run
Q3-L0967,3.10,967,\boxed{,physics.no_storage_decision,src/q3/physics.py:65,test_no_storage_deadband；只作退化解释，不施加于完整模型,implemented; bounded-tests-only; full-numerical-evaluation-not-run
Q3-L0968,3.10,968,Q_{0.7}(D_t),physics.no_storage_decision,src/q3/physics.py:65,test_no_storage_deadband；只作退化解释，不施加于完整模型,implemented; bounded-tests-only; full-numerical-evaluation-not-run
Q3-L0969,3.10,969,\le,physics.no_storage_decision,src/q3/physics.py:65,test_no_storage_deadband；只作退化解释，不施加于完整模型,implemented; bounded-tests-only; full-numerical-evaluation-not-run
Q3-L0970,3.10,970,q_t^0,physics.no_storage_decision,src/q3/physics.py:65,test_no_storage_deadband；只作退化解释，不施加于完整模型,implemented; bounded-tests-only; full-numerical-evaluation-not-run
Q3-L0971,3.10,971,\le,physics.no_storage_decision,src/q3/physics.py:65,test_no_storage_deadband；只作退化解释，不施加于完整模型,implemented; bounded-tests-only; full-numerical-evaluation-not-run
Q3-L0972,3.10,972,Q_{0.9}(D_t),physics.no_storage_decision,src/q3/physics.py:65,test_no_storage_deadband；只作退化解释，不施加于完整模型,implemented; bounded-tests-only; full-numerical-evaluation-not-run
Q3-L0973,3.10,973,},physics.no_storage_decision,src/q3/physics.py:65,test_no_storage_deadband；只作退化解释，不施加于完整模型,implemented; bounded-tests-only; full-numerical-evaluation-not-run
Q3-L0974,3.10,974,\],physics.no_storage_decision,src/q3/physics.py:65,test_no_storage_deadband；只作退化解释，不施加于完整模型,implemented; bounded-tests-only; full-numerical-evaluation-not-run
Q3-L0976,3.10,976,对应一个内生的：,physics.no_storage_decision,src/q3/physics.py:65,test_no_storage_deadband；只作退化解释，不施加于完整模型,implemented; bounded-tests-only; full-numerical-evaluation-not-run
Q3-L0978,3.10,978,\[,physics.no_storage_decision,src/q3/physics.py:65,test_no_storage_deadband；只作退化解释，不施加于完整模型,implemented; bounded-tests-only; full-numerical-evaluation-not-run
Q3-L0979,3.10,979,\boxed{,physics.no_storage_decision,src/q3/physics.py:65,test_no_storage_deadband；只作退化解释，不施加于完整模型,implemented; bounded-tests-only; full-numerical-evaluation-not-run
Q3-L0980,3.10,980,\textbf{“不调整死区”}.,physics.no_storage_decision,src/q3/physics.py:65,test_no_storage_deadband；只作退化解释，不施加于完整模型,implemented; bounded-tests-only; full-numerical-evaluation-not-run
Q3-L0981,3.10,981,},physics.no_storage_decision,src/q3/physics.py:65,test_no_storage_deadband；只作退化解释，不施加于完整模型,implemented; bounded-tests-only; full-numerical-evaluation-not-run
Q3-L0982,3.10,982,\],physics.no_storage_decision,src/q3/physics.py:65,test_no_storage_deadband；只作退化解释，不施加于完整模型,implemented; bounded-tests-only; full-numerical-evaluation-not-run
Q3-L0984,3.10,984,需要强调：,physics.no_storage_decision,src/q3/physics.py:65,test_no_storage_deadband；只作退化解释，不施加于完整模型,implemented; bounded-tests-only; full-numerical-evaluation-not-run
Q3-L0986,3.10,986,\[,physics.no_storage_decision,src/q3/physics.py:65,test_no_storage_deadband；只作退化解释，不施加于完整模型,implemented; bounded-tests-only; full-numerical-evaluation-not-run
Q3-L0987,3.10,987,\boxed{,physics.no_storage_decision,src/q3/physics.py:65,test_no_storage_deadband；只作退化解释，不施加于完整模型,implemented; bounded-tests-only; full-numerical-evaluation-not-run
Q3-L0988,3.10,988,Q_{0.7}\text{—}Q_{0.9},physics.no_storage_decision,src/q3/physics.py:65,test_no_storage_deadband；只作退化解释，不施加于完整模型,implemented; bounded-tests-only; full-numerical-evaluation-not-run
Q3-L0989,3.10,989,},physics.no_storage_decision,src/q3/physics.py:65,test_no_storage_deadband；只作退化解释，不施加于完整模型,implemented; bounded-tests-only; full-numerical-evaluation-not-run
Q3-L0990,3.10,990,\],physics.no_storage_decision,src/q3/physics.py:65,test_no_storage_deadband；只作退化解释，不施加于完整模型,implemented; bounded-tests-only; full-numerical-evaluation-not-run
Q3-L0992,3.10,992,是无储能、单时段退化模型的结构解释。,physics.no_storage_decision,src/q3/physics.py:65,test_no_storage_deadband；只作退化解释，不施加于完整模型,implemented; bounded-tests-only; full-numerical-evaluation-not-run
Q3-L0994,3.10,994,在完整储能问题中，SOC、未来电价、后续光伏、后续负荷、充放电效率与功率上限会产生跨时段耦合，因此最终的上调、保持或下调仍由完整滚动随机优化模型统一决定。,physics.no_storage_decision,src/q3/physics.py:65,test_no_storage_deadband；只作退化解释，不施加于完整模型,implemented; bounded-tests-only; full-numerical-evaluation-not-run
Q3-L0996,3.10,996,---,physics.no_storage_decision,src/q3/physics.py:65,test_no_storage_deadband；只作退化解释，不施加于完整模型,implemented; bounded-tests-only; full-numerical-evaluation-not-run
Q3-L0998,3.11,998,# 3.11 四时点滚动时域与承诺执行块,rolling.run_day,src/q3/rolling.py:92,test_real_day_rollout_and_template,implemented; bounded-tests-only; full-numerical-evaluation-not-run
Q3-L1000,3.11,1000,设当前第 \(d\) 天的信息更新时间为,rolling.run_day,src/q3/rolling.py:92,test_real_day_rollout_and_template,implemented; bounded-tests-only; full-numerical-evaluation-not-run
Q3-L1002,3.11,1002,\[,rolling.run_day,src/q3/rolling.py:92,test_real_day_rollout_and_template,implemented; bounded-tests-only; full-numerical-evaluation-not-run
Q3-L1003,3.11,1003,"k\in\{0,6,12,18\}.",rolling.run_day,src/q3/rolling.py:92,test_real_day_rollout_and_template,implemented; bounded-tests-only; full-numerical-evaluation-not-run
Q3-L1004,3.11,1004,\],rolling.run_day,src/q3/rolling.py:92,test_real_day_rollout_and_template,implemented; bounded-tests-only; full-numerical-evaluation-not-run
Q3-L1006,3.11,1006,每个节点均保持未来 24 h 滚动优化窗口：,rolling.run_day,src/q3/rolling.py:92,test_real_day_rollout_and_template,implemented; bounded-tests-only; full-numerical-evaluation-not-run
Q3-L1008,3.11,1008,\[,rolling.run_day,src/q3/rolling.py:92,test_real_day_rollout_and_template,implemented; bounded-tests-only; full-numerical-evaluation-not-run
Q3-L1009,3.11,1009,\boxed{,rolling.run_day,src/q3/rolling.py:92,test_real_day_rollout_and_template,implemented; bounded-tests-only; full-numerical-evaluation-not-run
Q3-L1010,3.11,1010,"\mathcal H_{d,k}=[k,k+24\text{ h}).",rolling.run_day,src/q3/rolling.py:92,test_real_day_rollout_and_template,implemented; bounded-tests-only; full-numerical-evaluation-not-run
Q3-L1011,3.11,1011,},rolling.run_day,src/q3/rolling.py:92,test_real_day_rollout_and_template,implemented; bounded-tests-only; full-numerical-evaluation-not-run
Q3-L1012,3.11,1012,\],rolling.run_day,src/q3/rolling.py:92,test_real_day_rollout_and_template,implemented; bounded-tests-only; full-numerical-evaluation-not-run
Q3-L1014,3.11,1014,例如 \(18{:}00\) 节点优化至次日 \(18{:}00\)。,rolling.run_day,src/q3/rolling.py:92,test_real_day_rollout_and_template,implemented; bounded-tests-only; full-numerical-evaluation-not-run
Q3-L1016,3.11,1016,"对于 \(k\in\{6,12,18\}\)，为了使滚动目标与“最终生效量相对 \(0{:}00\) 原计划单次结算”的口径保持一致，将窗口进一步拆成三部分。",rolling.run_day,src/q3/rolling.py:92,test_real_day_rollout_and_template,implemented; bounded-tests-only; full-numerical-evaluation-not-run
Q3-L1018,3.11,1018,### （1）本节点承诺执行区间,rolling.run_day,src/q3/rolling.py:92,test_real_day_rollout_and_template,implemented; bounded-tests-only; full-numerical-evaluation-not-run
Q3-L1020,3.11,1020,\[,rolling.run_day,src/q3/rolling.py:92,test_real_day_rollout_and_template,implemented; bounded-tests-only; full-numerical-evaluation-not-run
Q3-L1021,3.11,1021,\boxed{,rolling.run_day,src/q3/rolling.py:92,test_real_day_rollout_and_template,implemented; bounded-tests-only; full-numerical-evaluation-not-run
Q3-L1022,3.11,1022,"\mathcal B_{d,k}",rolling.run_day,src/q3/rolling.py:92,test_real_day_rollout_and_template,implemented; bounded-tests-only; full-numerical-evaluation-not-run
Q3-L1023,3.11,1023,=,rolling.run_day,src/q3/rolling.py:92,test_real_day_rollout_and_template,implemented; bounded-tests-only; full-numerical-evaluation-not-run
Q3-L1024,3.11,1024,"[k,\min\{k+6\text{ h},24{:}00\}).",rolling.run_day,src/q3/rolling.py:92,test_real_day_rollout_and_template,implemented; bounded-tests-only; full-numerical-evaluation-not-run
Q3-L1025,3.11,1025,},rolling.run_day,src/q3/rolling.py:92,test_real_day_rollout_and_template,implemented; bounded-tests-only; full-numerical-evaluation-not-run
Q3-L1026,3.11,1026,\],rolling.run_day,src/q3/rolling.py:92,test_real_day_rollout_and_template,implemented; bounded-tests-only; full-numerical-evaluation-not-run
Q3-L1028,3.11,1028,因此,rolling.run_day,src/q3/rolling.py:92,test_real_day_rollout_and_template,implemented; bounded-tests-only; full-numerical-evaluation-not-run
Q3-L1030,3.11,1030,\[,rolling.run_day,src/q3/rolling.py:92,test_real_day_rollout_and_template,implemented; bounded-tests-only; full-numerical-evaluation-not-run
Q3-L1031,3.11,1031,"\mathcal B_{d,6}=[6,12),\qquad",rolling.run_day,src/q3/rolling.py:92,test_real_day_rollout_and_template,implemented; bounded-tests-only; full-numerical-evaluation-not-run
Q3-L1032,3.11,1032,"\mathcal B_{d,12}=[12,18),\qquad",rolling.run_day,src/q3/rolling.py:92,test_real_day_rollout_and_template,implemented; bounded-tests-only; full-numerical-evaluation-not-run
Q3-L1033,3.11,1033,"\mathcal B_{d,18}=[18,24).",rolling.run_day,src/q3/rolling.py:92,test_real_day_rollout_and_template,implemented; bounded-tests-only; full-numerical-evaluation-not-run
Q3-L1034,3.11,1034,\],rolling.run_day,src/q3/rolling.py:92,test_real_day_rollout_and_template,implemented; bounded-tests-only; full-numerical-evaluation-not-run
Q3-L1036,3.11,1036,这一部分在下一次新预报到达前必然实际执行，所以当前节点对它形成的购电调整是真正的 committed decision，并按题目调整规则计入真实结算成本。,rolling.run_day,src/q3/rolling.py:92,test_real_day_rollout_and_template,implemented; bounded-tests-only; full-numerical-evaluation-not-run
Q3-L1038,3.11,1038,### （2）当天后续前瞻代理区间,rolling.run_day,src/q3/rolling.py:92,test_real_day_rollout_and_template,implemented; bounded-tests-only; full-numerical-evaluation-not-run
Q3-L1040,3.11,1040,定义,rolling.run_day,src/q3/rolling.py:92,test_real_day_rollout_and_template,implemented; bounded-tests-only; full-numerical-evaluation-not-run
Q3-L1042,3.11,1042,\[,rolling.run_day,src/q3/rolling.py:92,test_real_day_rollout_and_template,implemented; bounded-tests-only; full-numerical-evaluation-not-run
Q3-L1043,3.11,1043,\boxed{,rolling.run_day,src/q3/rolling.py:92,test_real_day_rollout_and_template,implemented; bounded-tests-only; full-numerical-evaluation-not-run
Q3-L1044,3.11,1044,"\mathcal P_{d,k}",rolling.run_day,src/q3/rolling.py:92,test_real_day_rollout_and_template,implemented; bounded-tests-only; full-numerical-evaluation-not-run
Q3-L1045,3.11,1045,=,rolling.run_day,src/q3/rolling.py:92,test_real_day_rollout_and_template,implemented; bounded-tests-only; full-numerical-evaluation-not-run
Q3-L1046,3.11,1046,"[\min\{k+6\text{ h},24{:}00\},24{:}00).",rolling.run_day,src/q3/rolling.py:92,test_real_day_rollout_and_template,implemented; bounded-tests-only; full-numerical-evaluation-not-run
Q3-L1047,3.11,1047,},rolling.run_day,src/q3/rolling.py:92,test_real_day_rollout_and_template,implemented; bounded-tests-only; full-numerical-evaluation-not-run
Q3-L1048,3.11,1048,\],rolling.run_day,src/q3/rolling.py:92,test_real_day_rollout_and_template,implemented; bounded-tests-only; full-numerical-evaluation-not-run
Q3-L1050,3.11,1050,"例如在 \(6{:}00\) 节点，\([12,24)\) 中的计划会在 \(12{:}00\) 或 \(18{:}00\) 获得新预报后再次优化，因此当前节点对这些时段形成的量并不是最终实际结算量，而是**look-ahead proxy**。它们用于评估当前储能动作对后续成本的影响，但不能在当前节点被当作已发生的调整重复收费。",rolling.run_day,src/q3/rolling.py:92,test_real_day_rollout_and_template,implemented; bounded-tests-only; full-numerical-evaluation-not-run
Q3-L1052,3.11,1052,### （3）跨日继续价值区间,rolling.run_day,src/q3/rolling.py:92,test_real_day_rollout_and_template,implemented; bounded-tests-only; full-numerical-evaluation-not-run
Q3-L1054,3.11,1054,\[,rolling.run_day,src/q3/rolling.py:92,test_real_day_rollout_and_template,implemented; bounded-tests-only; full-numerical-evaluation-not-run
Q3-L1055,3.11,1055,\boxed{,rolling.run_day,src/q3/rolling.py:92,test_real_day_rollout_and_template,implemented; bounded-tests-only; full-numerical-evaluation-not-run
Q3-L1056,3.11,1056,"\mathcal C_{d,k}",rolling.run_day,src/q3/rolling.py:92,test_real_day_rollout_and_template,implemented; bounded-tests-only; full-numerical-evaluation-not-run
Q3-L1057,3.11,1057,=,rolling.run_day,src/q3/rolling.py:92,test_real_day_rollout_and_template,implemented; bounded-tests-only; full-numerical-evaluation-not-run
Q3-L1058,3.11,1058,"[24{:}00,k+24\text{ h}).",rolling.run_day,src/q3/rolling.py:92,test_real_day_rollout_and_template,implemented; bounded-tests-only; full-numerical-evaluation-not-run
Q3-L1059,3.11,1059,},rolling.run_day,src/q3/rolling.py:92,test_real_day_rollout_and_template,implemented; bounded-tests-only; full-numerical-evaluation-not-run
Q3-L1060,3.11,1060,\],rolling.run_day,src/q3/rolling.py:92,test_real_day_rollout_and_template,implemented; bounded-tests-only; full-numerical-evaluation-not-run
Q3-L1062,3.11,1062,这一部分属于次日，在次日 \(0{:}00\) 会重新生成正式计划，因此仅作为跨日继续价值代理，不属于当天 \(g^0\) 的调整结算范围。,rolling.run_day,src/q3/rolling.py:92,test_real_day_rollout_and_template,implemented; bounded-tests-only; full-numerical-evaluation-not-run
Q3-L1064,3.11,1064,由此,rolling.run_day,src/q3/rolling.py:92,test_real_day_rollout_and_template,implemented; bounded-tests-only; full-numerical-evaluation-not-run
Q3-L1066,3.11,1066,\[,rolling.run_day,src/q3/rolling.py:92,test_real_day_rollout_and_template,implemented; bounded-tests-only; full-numerical-evaluation-not-run
Q3-L1067,3.11,1067,\boxed{,rolling.run_day,src/q3/rolling.py:92,test_real_day_rollout_and_template,implemented; bounded-tests-only; full-numerical-evaluation-not-run
Q3-L1068,3.11,1068,"\mathcal H_{d,k}",rolling.run_day,src/q3/rolling.py:92,test_real_day_rollout_and_template,implemented; bounded-tests-only; full-numerical-evaluation-not-run
Q3-L1069,3.11,1069,=,rolling.run_day,src/q3/rolling.py:92,test_real_day_rollout_and_template,implemented; bounded-tests-only; full-numerical-evaluation-not-run
Q3-L1070,3.11,1070,"\mathcal B_{d,k}",rolling.run_day,src/q3/rolling.py:92,test_real_day_rollout_and_template,implemented; bounded-tests-only; full-numerical-evaluation-not-run
Q3-L1071,3.11,1071,\cup,rolling.run_day,src/q3/rolling.py:92,test_real_day_rollout_and_template,implemented; bounded-tests-only; full-numerical-evaluation-not-run
Q3-L1072,3.11,1072,"\mathcal P_{d,k}",rolling.run_day,src/q3/rolling.py:92,test_real_day_rollout_and_template,implemented; bounded-tests-only; full-numerical-evaluation-not-run
Q3-L1073,3.11,1073,\cup,rolling.run_day,src/q3/rolling.py:92,test_real_day_rollout_and_template,implemented; bounded-tests-only; full-numerical-evaluation-not-run
Q3-L1074,3.11,1074,"\mathcal C_{d,k},",rolling.run_day,src/q3/rolling.py:92,test_real_day_rollout_and_template,implemented; bounded-tests-only; full-numerical-evaluation-not-run
Q3-L1075,3.11,1075,},rolling.run_day,src/q3/rolling.py:92,test_real_day_rollout_and_template,implemented; bounded-tests-only; full-numerical-evaluation-not-run
Q3-L1076,3.11,1076,\],rolling.run_day,src/q3/rolling.py:92,test_real_day_rollout_and_template,implemented; bounded-tests-only; full-numerical-evaluation-not-run
Q3-L1078,3.11,1078,且三者互不重叠。,rolling.run_day,src/q3/rolling.py:92,test_real_day_rollout_and_template,implemented; bounded-tests-only; full-numerical-evaluation-not-run
Q3-L1080,3.11,1080,"这里 \(\mathcal C_{d,k}\) 解决的是“当天 \(24{:}00\) 后仍有运行价值”，终端残值解决的是“整个 24 h 窗口末端 \(k+24\text{ h}\) 后仍有价值”，二者作用位置不同、不能相互替代。",rolling.run_day,src/q3/rolling.py:92,test_real_day_rollout_and_template,implemented; bounded-tests-only; full-numerical-evaluation-not-run
Q3-L1082,3.11,1082,---,rolling.run_day,src/q3/rolling.py:92,test_real_day_rollout_and_template,implemented; bounded-tests-only; full-numerical-evaluation-not-run
Q3-L1084,3.12,1084,# 3.12 四个信息节点的实际执行逻辑,rolling.run_day,src/q3/rolling.py:92,test_real_day_rollout_and_template,implemented; bounded-tests-only; full-numerical-evaluation-not-run
Q3-L1086,3.12,1086,## 3.12.1 \(0{:}00\),rolling.run_day,src/q3/rolling.py:92,test_real_day_rollout_and_template,implemented; bounded-tests-only; full-numerical-evaluation-not-run
Q3-L1088,3.12,1088,读取当前真实储电量,rolling.run_day,src/q3/rolling.py:92,test_real_day_rollout_and_template,implemented; bounded-tests-only; full-numerical-evaluation-not-run
Q3-L1090,3.12,1090,\[,rolling.run_day,src/q3/rolling.py:92,test_real_day_rollout_and_template,implemented; bounded-tests-only; full-numerical-evaluation-not-run
Q3-L1091,3.12,1091,"E_{d,0}^{\mathrm{real}},",rolling.run_day,src/q3/rolling.py:92,test_real_day_rollout_and_template,implemented; bounded-tests-only; full-numerical-evaluation-not-run
Q3-L1092,3.12,1092,\],rolling.run_day,src/q3/rolling.py:92,test_real_day_rollout_and_template,implemented; bounded-tests-only; full-numerical-evaluation-not-run
Q3-L1094,3.12,1094,调用问题二最终确定的因果负荷预测器生成至少未来 48 h 的,rolling.run_day,src/q3/rolling.py:92,test_real_day_rollout_and_template,implemented; bounded-tests-only; full-numerical-evaluation-not-run
Q3-L1096,3.12,1096,\[,rolling.run_day,src/q3/rolling.py:92,test_real_day_rollout_and_template,implemented; bounded-tests-only; full-numerical-evaluation-not-run
Q3-L1097,3.12,1097,"\widehat L_{d,t}^{\,0},",rolling.run_day,src/q3/rolling.py:92,test_real_day_rollout_and_template,implemented; bounded-tests-only; full-numerical-evaluation-not-run
Q3-L1098,3.12,1098,\],rolling.run_day,src/q3/rolling.py:92,test_real_day_rollout_and_template,implemented; bounded-tests-only; full-numerical-evaluation-not-run
Q3-L1100,3.12,1100,并读取附件 3 在 \(0{:}00\) 发布的未来 24 h 光伏预测,rolling.run_day,src/q3/rolling.py:92,test_real_day_rollout_and_template,implemented; bounded-tests-only; full-numerical-evaluation-not-run
Q3-L1102,3.12,1102,\[,rolling.run_day,src/q3/rolling.py:92,test_real_day_rollout_and_template,implemented; bounded-tests-only; full-numerical-evaluation-not-run
Q3-L1103,3.12,1103,"\widehat P_{d,t|0}^{PV}.",rolling.run_day,src/q3/rolling.py:92,test_real_day_rollout_and_template,implemented; bounded-tests-only; full-numerical-evaluation-not-run
Q3-L1104,3.12,1104,\],rolling.run_day,src/q3/rolling.py:92,test_real_day_rollout_and_template,implemented; bounded-tests-only; full-numerical-evaluation-not-run
Q3-L1106,3.12,1106,构造联合历史误差场景并求解未来 24 h，得到题目要求的全天计划原始购电量：,rolling.run_day,src/q3/rolling.py:92,test_real_day_rollout_and_template,implemented; bounded-tests-only; full-numerical-evaluation-not-run
Q3-L1108,3.12,1108,\[,rolling.run_day,src/q3/rolling.py:92,test_real_day_rollout_and_template,implemented; bounded-tests-only; full-numerical-evaluation-not-run
Q3-L1109,3.12,1109,\boxed{,rolling.run_day,src/q3/rolling.py:92,test_real_day_rollout_and_template,implemented; bounded-tests-only; full-numerical-evaluation-not-run
Q3-L1110,3.12,1110,"g_{d,t}^{0},\qquad t=1,\ldots,144,",rolling.run_day,src/q3/rolling.py:92,test_real_day_rollout_and_template,implemented; bounded-tests-only; full-numerical-evaluation-not-run
Q3-L1111,3.12,1111,},rolling.run_day,src/q3/rolling.py:92,test_real_day_rollout_and_template,implemented; bounded-tests-only; full-numerical-evaluation-not-run
Q3-L1112,3.12,1112,\],rolling.run_day,src/q3/rolling.py:92,test_real_day_rollout_and_template,implemented; bounded-tests-only; full-numerical-evaluation-not-run
Q3-L1114,3.12,1114,以及 \(0{:}00\) 节点的储能反馈参数。\(g^0\) 不仅是全天计划，也是后续调整结算的唯一基准。真正执行的首段为,rolling.run_day,src/q3/rolling.py:92,test_real_day_rollout_and_template,implemented; bounded-tests-only; full-numerical-evaluation-not-run
Q3-L1116,3.12,1116,\[,rolling.run_day,src/q3/rolling.py:92,test_real_day_rollout_and_template,implemented; bounded-tests-only; full-numerical-evaluation-not-run
Q3-L1117,3.12,1117,0{:}00\sim6{:}00.,rolling.run_day,src/q3/rolling.py:92,test_real_day_rollout_and_template,implemented; bounded-tests-only; full-numerical-evaluation-not-run
Q3-L1118,3.12,1118,\],rolling.run_day,src/q3/rolling.py:92,test_real_day_rollout_and_template,implemented; bounded-tests-only; full-numerical-evaluation-not-run
Q3-L1120,3.12,1120,## 3.12.2 \(6{:}00\),rolling.run_day,src/q3/rolling.py:92,test_real_day_rollout_and_template,implemented; bounded-tests-only; full-numerical-evaluation-not-run
Q3-L1122,3.12,1122,读取,rolling.run_day,src/q3/rolling.py:92,test_real_day_rollout_and_template,implemented; bounded-tests-only; full-numerical-evaluation-not-run
Q3-L1124,3.12,1124,\[,rolling.run_day,src/q3/rolling.py:92,test_real_day_rollout_and_template,implemented; bounded-tests-only; full-numerical-evaluation-not-run
Q3-L1125,3.12,1125,"E_{d,6}^{\mathrm{real}},",rolling.run_day,src/q3/rolling.py:92,test_real_day_rollout_and_template,implemented; bounded-tests-only; full-numerical-evaluation-not-run
Q3-L1126,3.12,1126,\],rolling.run_day,src/q3/rolling.py:92,test_real_day_rollout_and_template,implemented; bounded-tests-only; full-numerical-evaluation-not-run
Q3-L1128,3.12,1128,保持 \(0{:}00\) 负荷预测不变，更新,rolling.run_day,src/q3/rolling.py:92,test_real_day_rollout_and_template,implemented; bounded-tests-only; full-numerical-evaluation-not-run
Q3-L1130,3.12,1130,\[,rolling.run_day,src/q3/rolling.py:92,test_real_day_rollout_and_template,implemented; bounded-tests-only; full-numerical-evaluation-not-run
Q3-L1131,3.12,1131,"\widehat P_{d,t|6}^{PV},",rolling.run_day,src/q3/rolling.py:92,test_real_day_rollout_and_template,implemented; bounded-tests-only; full-numerical-evaluation-not-run
Q3-L1132,3.12,1132,\],rolling.run_day,src/q3/rolling.py:92,test_real_day_rollout_and_template,implemented; bounded-tests-only; full-numerical-evaluation-not-run
Q3-L1134,3.12,1134,并重新构造与 \(6{:}00\) 发布时间及 horizon 匹配的联合随机场景。优化窗口为,rolling.run_day,src/q3/rolling.py:92,test_real_day_rollout_and_template,implemented; bounded-tests-only; full-numerical-evaluation-not-run
Q3-L1136,3.12,1136,\[,rolling.run_day,src/q3/rolling.py:92,test_real_day_rollout_and_template,implemented; bounded-tests-only; full-numerical-evaluation-not-run
Q3-L1137,3.12,1137,\boxed{6{:}00\rightarrow\text{次日 }6{:}00.},rolling.run_day,src/q3/rolling.py:92,test_real_day_rollout_and_template,implemented; bounded-tests-only; full-numerical-evaluation-not-run
Q3-L1138,3.12,1138,\],rolling.run_day,src/q3/rolling.py:92,test_real_day_rollout_and_template,implemented; bounded-tests-only; full-numerical-evaluation-not-run
Q3-L1140,3.12,1140,其中：,rolling.run_day,src/q3/rolling.py:92,test_real_day_rollout_and_template,implemented; bounded-tests-only; full-numerical-evaluation-not-run
Q3-L1142,3.12,1142,"- \([6,12)\) 为当前 committed block，决定真正生效的调整购电量；",rolling.run_day,src/q3/rolling.py:92,test_real_day_rollout_and_template,implemented; bounded-tests-only; full-numerical-evaluation-not-run
Q3-L1143,3.12,1143,"- \([12,24)\) 为当天后续 look-ahead proxy；",rolling.run_day,src/q3/rolling.py:92,test_real_day_rollout_and_template,implemented; bounded-tests-only; full-numerical-evaluation-not-run
Q3-L1144,3.12,1144,"- \([24,\text{次日 }6)\) 为跨日 continuation proxy。",rolling.run_day,src/q3/rolling.py:92,test_real_day_rollout_and_template,implemented; bounded-tests-only; full-numerical-evaluation-not-run
Q3-L1146,3.12,1146,真正执行：,rolling.run_day,src/q3/rolling.py:92,test_real_day_rollout_and_template,implemented; bounded-tests-only; full-numerical-evaluation-not-run
Q3-L1148,3.12,1148,\[,rolling.run_day,src/q3/rolling.py:92,test_real_day_rollout_and_template,implemented; bounded-tests-only; full-numerical-evaluation-not-run
Q3-L1149,3.12,1149,6{:}00\sim12{:}00.,rolling.run_day,src/q3/rolling.py:92,test_real_day_rollout_and_template,implemented; bounded-tests-only; full-numerical-evaluation-not-run
Q3-L1150,3.12,1150,\],rolling.run_day,src/q3/rolling.py:92,test_real_day_rollout_and_template,implemented; bounded-tests-only; full-numerical-evaluation-not-run
Q3-L1152,3.12,1152,## 3.12.3 \(12{:}00\),rolling.run_day,src/q3/rolling.py:92,test_real_day_rollout_and_template,implemented; bounded-tests-only; full-numerical-evaluation-not-run
Q3-L1154,3.12,1154,同理优化,rolling.run_day,src/q3/rolling.py:92,test_real_day_rollout_and_template,implemented; bounded-tests-only; full-numerical-evaluation-not-run
Q3-L1156,3.12,1156,\[,rolling.run_day,src/q3/rolling.py:92,test_real_day_rollout_and_template,implemented; bounded-tests-only; full-numerical-evaluation-not-run
Q3-L1157,3.12,1157,"\boxed{12{:}00\rightarrow\text{次日 }12{:}00,}",rolling.run_day,src/q3/rolling.py:92,test_real_day_rollout_and_template,implemented; bounded-tests-only; full-numerical-evaluation-not-run
Q3-L1158,3.12,1158,\],rolling.run_day,src/q3/rolling.py:92,test_real_day_rollout_and_template,implemented; bounded-tests-only; full-numerical-evaluation-not-run
Q3-L1160,3.12,1160,"其中 \([12,18)\) 为 committed block，\([18,24)\) 为当天后续 proxy，次日 \([0,12)\) 为跨日 continuation。过去已经执行的动作全部冻结。",rolling.run_day,src/q3/rolling.py:92,test_real_day_rollout_and_template,implemented; bounded-tests-only; full-numerical-evaluation-not-run
Q3-L1162,3.12,1162,## 3.12.4 \(18{:}00\),rolling.run_day,src/q3/rolling.py:92,test_real_day_rollout_and_template,implemented; bounded-tests-only; full-numerical-evaluation-not-run
Q3-L1164,3.12,1164,优化,rolling.run_day,src/q3/rolling.py:92,test_real_day_rollout_and_template,implemented; bounded-tests-only; full-numerical-evaluation-not-run
Q3-L1166,3.12,1166,\[,rolling.run_day,src/q3/rolling.py:92,test_real_day_rollout_and_template,implemented; bounded-tests-only; full-numerical-evaluation-not-run
Q3-L1167,3.12,1167,\boxed{18{:}00\rightarrow\text{次日 }18{:}00.},rolling.run_day,src/q3/rolling.py:92,test_real_day_rollout_and_template,implemented; bounded-tests-only; full-numerical-evaluation-not-run
Q3-L1168,3.12,1168,\],rolling.run_day,src/q3/rolling.py:92,test_real_day_rollout_and_template,implemented; bounded-tests-only; full-numerical-evaluation-not-run
Q3-L1170,3.12,1170,"当天 \([18,24)\) 全部属于 committed block；次日 \([0,18)\) 仅用于估计跨日继续价值。当天真正执行",rolling.run_day,src/q3/rolling.py:92,test_real_day_rollout_and_template,implemented; bounded-tests-only; full-numerical-evaluation-not-run
Q3-L1172,3.12,1172,\[,rolling.run_day,src/q3/rolling.py:92,test_real_day_rollout_and_template,implemented; bounded-tests-only; full-numerical-evaluation-not-run
Q3-L1173,3.12,1173,18{:}00\sim24{:}00.,rolling.run_day,src/q3/rolling.py:92,test_real_day_rollout_and_template,implemented; bounded-tests-only; full-numerical-evaluation-not-run
Q3-L1174,3.12,1174,\],rolling.run_day,src/q3/rolling.py:92,test_real_day_rollout_and_template,implemented; bounded-tests-only; full-numerical-evaluation-not-run
Q3-L1176,3.12,1176,---,rolling.run_day,src/q3/rolling.py:92,test_real_day_rollout_and_template,implemented; bounded-tests-only; full-numerical-evaluation-not-run
Q3-L1178,3.13,1178,# 3.13 决策变量与策略参数,optimization.solve;physics.Policy,src/q3/optimization.py:135;src/q3/physics.py:8,test_exact_milp_matches_fixed_min,implemented; bounded-tests-only; full-numerical-evaluation-not-run
Q3-L1180,3.13,1180,## 3.13.1 \(0{:}00\) 原计划,optimization.solve;physics.Policy,src/q3/optimization.py:135;src/q3/physics.py:8,test_exact_milp_matches_fixed_min,implemented; bounded-tests-only; full-numerical-evaluation-not-run
Q3-L1182,3.13,1182,对当天所有 144 个 10 min 时段：,optimization.solve;physics.Policy,src/q3/optimization.py:135;src/q3/physics.py:8,test_exact_milp_matches_fixed_min,implemented; bounded-tests-only; full-numerical-evaluation-not-run
Q3-L1184,3.13,1184,\[,optimization.solve;physics.Policy,src/q3/optimization.py:135;src/q3/physics.py:8,test_exact_milp_matches_fixed_min,implemented; bounded-tests-only; full-numerical-evaluation-not-run
Q3-L1185,3.13,1185,"g_{d,t}^{0}\ge0",optimization.solve;physics.Policy,src/q3/optimization.py:135;src/q3/physics.py:8,test_exact_milp_matches_fixed_min,implemented; bounded-tests-only; full-numerical-evaluation-not-run
Q3-L1186,3.13,1186,\],optimization.solve;physics.Policy,src/q3/optimization.py:135;src/q3/physics.py:8,test_exact_milp_matches_fixed_min,implemented; bounded-tests-only; full-numerical-evaluation-not-run
Q3-L1188,3.13,1188,表示当天 \(0{:}00\) 制定的原计划购电量，同时也是后续 adjustment settlement 的 reference point。,optimization.solve;physics.Policy,src/q3/optimization.py:135;src/q3/physics.py:8,test_exact_milp_matches_fixed_min,implemented; bounded-tests-only; full-numerical-evaluation-not-run
Q3-L1190,3.13,1190,为保证计划购电变量具有显式有限域，定义安全上界：,optimization.solve;physics.Policy,src/q3/optimization.py:135;src/q3/physics.py:8,test_exact_milp_matches_fixed_min,implemented; bounded-tests-only; full-numerical-evaluation-not-run
Q3-L1192,3.13,1192,\[,optimization.solve;physics.Policy,src/q3/optimization.py:135;src/q3/physics.py:8,test_exact_milp_matches_fixed_min,implemented; bounded-tests-only; full-numerical-evaluation-not-run
Q3-L1193,3.13,1193,\boxed{,optimization.solve;physics.Policy,src/q3/optimization.py:135;src/q3/physics.py:8,test_exact_milp_matches_fixed_min,implemented; bounded-tests-only; full-numerical-evaluation-not-run
Q3-L1194,3.13,1194,"0\le g_{d,t}^{0}\le \bar G_{d,t},",optimization.solve;physics.Policy,src/q3/optimization.py:135;src/q3/physics.py:8,test_exact_milp_matches_fixed_min,implemented; bounded-tests-only; full-numerical-evaluation-not-run
Q3-L1195,3.13,1195,},optimization.solve;physics.Policy,src/q3/optimization.py:135;src/q3/physics.py:8,test_exact_milp_matches_fixed_min,implemented; bounded-tests-only; full-numerical-evaluation-not-run
Q3-L1196,3.13,1196,\],optimization.solve;physics.Policy,src/q3/optimization.py:135;src/q3/physics.py:8,test_exact_milp_matches_fixed_min,implemented; bounded-tests-only; full-numerical-evaluation-not-run
Q3-L1198,3.13,1198,其中,optimization.solve;physics.Policy,src/q3/optimization.py:135;src/q3/physics.py:8,test_exact_milp_matches_fixed_min,implemented; bounded-tests-only; full-numerical-evaluation-not-run
Q3-L1200,3.13,1200,\[,optimization.solve;physics.Policy,src/q3/optimization.py:135;src/q3/physics.py:8,test_exact_milp_matches_fixed_min,implemented; bounded-tests-only; full-numerical-evaluation-not-run
Q3-L1201,3.13,1201,\boxed{,optimization.solve;physics.Policy,src/q3/optimization.py:135;src/q3/physics.py:8,test_exact_milp_matches_fixed_min,implemented; bounded-tests-only; full-numerical-evaluation-not-run
Q3-L1202,3.13,1202,"\bar G_{d,t}",optimization.solve;physics.Policy,src/q3/optimization.py:135;src/q3/physics.py:8,test_exact_milp_matches_fixed_min,implemented; bounded-tests-only; full-numerical-evaluation-not-run
Q3-L1203,3.13,1203,=,optimization.solve;physics.Policy,src/q3/optimization.py:135;src/q3/physics.py:8,test_exact_milp_matches_fixed_min,implemented; bounded-tests-only; full-numerical-evaluation-not-run
Q3-L1204,3.13,1204,"\max_s L_{d,t,s}^{E}",optimization.solve;physics.Policy,src/q3/optimization.py:135;src/q3/physics.py:8,test_exact_milp_matches_fixed_min,implemented; bounded-tests-only; full-numerical-evaluation-not-run
Q3-L1205,3.13,1205,+Q_{\max}.,optimization.solve;physics.Policy,src/q3/optimization.py:135;src/q3/physics.py:8,test_exact_milp_matches_fixed_min,implemented; bounded-tests-only; full-numerical-evaluation-not-run
Q3-L1206,3.13,1206,},optimization.solve;physics.Policy,src/q3/optimization.py:135;src/q3/physics.py:8,test_exact_milp_matches_fixed_min,implemented; bounded-tests-only; full-numerical-evaluation-not-run
Q3-L1207,3.13,1207,\],optimization.solve;physics.Policy,src/q3/optimization.py:135;src/q3/physics.py:8,test_exact_milp_matches_fixed_min,implemented; bounded-tests-only; full-numerical-evaluation-not-run
Q3-L1209,3.13,1209,由于电价为正且不考虑售电，单时段计划购电超过“最大场景负荷电量 + 最大充电量”只会形成无经济价值的剩余电量，因此该上界是安全的。,optimization.solve;physics.Policy,src/q3/optimization.py:135;src/q3/physics.py:8,test_exact_milp_matches_fixed_min,implemented; bounded-tests-only; full-numerical-evaluation-not-run
Q3-L1211,3.13,1211,同时确定 \(0{:}00\) 节点的储能反馈参数：,optimization.solve;physics.Policy,src/q3/optimization.py:135;src/q3/physics.py:8,test_exact_milp_matches_fixed_min,implemented; bounded-tests-only; full-numerical-evaluation-not-run
Q3-L1213,3.13,1213,\[,optimization.solve;physics.Policy,src/q3/optimization.py:135;src/q3/physics.py:8,test_exact_milp_matches_fixed_min,implemented; bounded-tests-only; full-numerical-evaluation-not-run
Q3-L1214,3.13,1214,"0\le\bar c_{d,t}^{(0)}\le Q_{\max},",optimization.solve;physics.Policy,src/q3/optimization.py:135;src/q3/physics.py:8,test_exact_milp_matches_fixed_min,implemented; bounded-tests-only; full-numerical-evaluation-not-run
Q3-L1215,3.13,1215,\qquad,optimization.solve;physics.Policy,src/q3/optimization.py:135;src/q3/physics.py:8,test_exact_milp_matches_fixed_min,implemented; bounded-tests-only; full-numerical-evaluation-not-run
Q3-L1216,3.13,1216,"0\le\bar r_{d,t}^{(0)}\le Q_{\max}.",optimization.solve;physics.Policy,src/q3/optimization.py:135;src/q3/physics.py:8,test_exact_milp_matches_fixed_min,implemented; bounded-tests-only; full-numerical-evaluation-not-run
Q3-L1217,3.13,1217,\],optimization.solve;physics.Policy,src/q3/optimization.py:135;src/q3/physics.py:8,test_exact_milp_matches_fixed_min,implemented; bounded-tests-only; full-numerical-evaluation-not-run
Q3-L1219,3.13,1219,## 3.13.2 后续信息节点,optimization.solve;physics.Policy,src/q3/optimization.py:135;src/q3/physics.py:8,test_exact_milp_matches_fixed_min,implemented; bounded-tests-only; full-numerical-evaluation-not-run
Q3-L1221,3.13,1221,"在 \(k\in\{6,12,18\}\) 时，对 committed block 决定实际即将执行的调整购电量：",optimization.solve;physics.Policy,src/q3/optimization.py:135;src/q3/physics.py:8,test_exact_milp_matches_fixed_min,implemented; bounded-tests-only; full-numerical-evaluation-not-run
Q3-L1223,3.13,1223,\[,optimization.solve;physics.Policy,src/q3/optimization.py:135;src/q3/physics.py:8,test_exact_milp_matches_fixed_min,implemented; bounded-tests-only; full-numerical-evaluation-not-run
Q3-L1224,3.13,1224,\boxed{,optimization.solve;physics.Policy,src/q3/optimization.py:135;src/q3/physics.py:8,test_exact_milp_matches_fixed_min,implemented; bounded-tests-only; full-numerical-evaluation-not-run
Q3-L1225,3.13,1225,"g_{d,t}^{(k)}\ge0,",optimization.solve;physics.Policy,src/q3/optimization.py:135;src/q3/physics.py:8,test_exact_milp_matches_fixed_min,implemented; bounded-tests-only; full-numerical-evaluation-not-run
Q3-L1226,3.13,1226,\qquad,optimization.solve;physics.Policy,src/q3/optimization.py:135;src/q3/physics.py:8,test_exact_milp_matches_fixed_min,implemented; bounded-tests-only; full-numerical-evaluation-not-run
Q3-L1227,3.13,1227,"t\in\mathcal B_{d,k}.",optimization.solve;physics.Policy,src/q3/optimization.py:135;src/q3/physics.py:8,test_exact_milp_matches_fixed_min,implemented; bounded-tests-only; full-numerical-evaluation-not-run
Q3-L1228,3.13,1228,},optimization.solve;physics.Policy,src/q3/optimization.py:135;src/q3/physics.py:8,test_exact_milp_matches_fixed_min,implemented; bounded-tests-only; full-numerical-evaluation-not-run
Q3-L1229,3.13,1229,\],optimization.solve;physics.Policy,src/q3/optimization.py:135;src/q3/physics.py:8,test_exact_milp_matches_fixed_min,implemented; bounded-tests-only; full-numerical-evaluation-not-run
Q3-L1231,3.13,1231,对下一信息节点之后的前瞻区间定义代理购电量：,optimization.solve;physics.Policy,src/q3/optimization.py:135;src/q3/physics.py:8,test_exact_milp_matches_fixed_min,implemented; bounded-tests-only; full-numerical-evaluation-not-run
Q3-L1233,3.13,1233,\[,optimization.solve;physics.Policy,src/q3/optimization.py:135;src/q3/physics.py:8,test_exact_milp_matches_fixed_min,implemented; bounded-tests-only; full-numerical-evaluation-not-run
Q3-L1234,3.13,1234,\boxed{,optimization.solve;physics.Policy,src/q3/optimization.py:135;src/q3/physics.py:8,test_exact_milp_matches_fixed_min,implemented; bounded-tests-only; full-numerical-evaluation-not-run
Q3-L1235,3.13,1235,"\widetilde g_{d,t}^{(k)}\ge0,",optimization.solve;physics.Policy,src/q3/optimization.py:135;src/q3/physics.py:8,test_exact_milp_matches_fixed_min,implemented; bounded-tests-only; full-numerical-evaluation-not-run
Q3-L1236,3.13,1236,\qquad,optimization.solve;physics.Policy,src/q3/optimization.py:135;src/q3/physics.py:8,test_exact_milp_matches_fixed_min,implemented; bounded-tests-only; full-numerical-evaluation-not-run
Q3-L1237,3.13,1237,"t\in\mathcal P_{d,k}\cup\mathcal C_{d,k}.",optimization.solve;physics.Policy,src/q3/optimization.py:135;src/q3/physics.py:8,test_exact_milp_matches_fixed_min,implemented; bounded-tests-only; full-numerical-evaluation-not-run
Q3-L1238,3.13,1238,},optimization.solve;physics.Policy,src/q3/optimization.py:135;src/q3/physics.py:8,test_exact_milp_matches_fixed_min,implemented; bounded-tests-only; full-numerical-evaluation-not-run
Q3-L1239,3.13,1239,\],optimization.solve;physics.Policy,src/q3/optimization.py:135;src/q3/physics.py:8,test_exact_milp_matches_fixed_min,implemented; bounded-tests-only; full-numerical-evaluation-not-run
Q3-L1241,3.13,1241,二者均满足相应的安全购电上界 \(\bar G_t\)。其中 \(\widetilde g\) 不会在当前节点被直接计入真实最终结算，它仅用于估计后续调整、紧急购电和储能继续价值。,optimization.solve;physics.Policy,src/q3/optimization.py:135;src/q3/physics.py:8,test_exact_milp_matches_fixed_min,implemented; bounded-tests-only; full-numerical-evaluation-not-run
Q3-L1243,3.13,1243,同时重新优化整个未来 24 h 的储能反馈参数：,optimization.solve;physics.Policy,src/q3/optimization.py:135;src/q3/physics.py:8,test_exact_milp_matches_fixed_min,implemented; bounded-tests-only; full-numerical-evaluation-not-run
Q3-L1245,3.13,1245,\[,optimization.solve;physics.Policy,src/q3/optimization.py:135;src/q3/physics.py:8,test_exact_milp_matches_fixed_min,implemented; bounded-tests-only; full-numerical-evaluation-not-run
Q3-L1246,3.13,1246,"0\le\bar c_t^{(k)}\le Q_{\max},",optimization.solve;physics.Policy,src/q3/optimization.py:135;src/q3/physics.py:8,test_exact_milp_matches_fixed_min,implemented; bounded-tests-only; full-numerical-evaluation-not-run
Q3-L1247,3.13,1247,\qquad,optimization.solve;physics.Policy,src/q3/optimization.py:135;src/q3/physics.py:8,test_exact_milp_matches_fixed_min,implemented; bounded-tests-only; full-numerical-evaluation-not-run
Q3-L1248,3.13,1248,0\le\bar r_t^{(k)}\le Q_{\max}.,optimization.solve;physics.Policy,src/q3/optimization.py:135;src/q3/physics.py:8,test_exact_milp_matches_fixed_min,implemented; bounded-tests-only; full-numerical-evaluation-not-run
Q3-L1249,3.13,1249,\],optimization.solve;physics.Policy,src/q3/optimization.py:135;src/q3/physics.py:8,test_exact_milp_matches_fixed_min,implemented; bounded-tests-only; full-numerical-evaluation-not-run
Q3-L1251,3.13,1251,为统一后续公式，定义节点 \(k\) 在场景评估中使用的计划购电量：,optimization.solve;physics.Policy,src/q3/optimization.py:135;src/q3/physics.py:8,test_exact_milp_matches_fixed_min,implemented; bounded-tests-only; full-numerical-evaluation-not-run
Q3-L1253,3.13,1253,\[,optimization.solve;physics.Policy,src/q3/optimization.py:135;src/q3/physics.py:8,test_exact_milp_matches_fixed_min,implemented; bounded-tests-only; full-numerical-evaluation-not-run
Q3-L1254,3.13,1254,\boxed{,optimization.solve;physics.Policy,src/q3/optimization.py:135;src/q3/physics.py:8,test_exact_milp_matches_fixed_min,implemented; bounded-tests-only; full-numerical-evaluation-not-run
Q3-L1255,3.13,1255,\gamma_t^{(k)},optimization.solve;physics.Policy,src/q3/optimization.py:135;src/q3/physics.py:8,test_exact_milp_matches_fixed_min,implemented; bounded-tests-only; full-numerical-evaluation-not-run
Q3-L1256,3.13,1256,=,optimization.solve;physics.Policy,src/q3/optimization.py:135;src/q3/physics.py:8,test_exact_milp_matches_fixed_min,implemented; bounded-tests-only; full-numerical-evaluation-not-run
Q3-L1257,3.13,1257,\begin{cases},optimization.solve;physics.Policy,src/q3/optimization.py:135;src/q3/physics.py:8,test_exact_milp_matches_fixed_min,implemented; bounded-tests-only; full-numerical-evaluation-not-run
Q3-L1258,3.13,1258,"g_t^{(k)},&t\in\mathcal B_{d,k},\\",optimization.solve;physics.Policy,src/q3/optimization.py:135;src/q3/physics.py:8,test_exact_milp_matches_fixed_min,implemented; bounded-tests-only; full-numerical-evaluation-not-run
Q3-L1259,3.13,1259,"\widetilde g_t^{(k)},&t\in\mathcal P_{d,k}\cup\mathcal C_{d,k}.",optimization.solve;physics.Policy,src/q3/optimization.py:135;src/q3/physics.py:8,test_exact_milp_matches_fixed_min,implemented; bounded-tests-only; full-numerical-evaluation-not-run
Q3-L1260,3.13,1260,\end{cases},optimization.solve;physics.Policy,src/q3/optimization.py:135;src/q3/physics.py:8,test_exact_milp_matches_fixed_min,implemented; bounded-tests-only; full-numerical-evaluation-not-run
Q3-L1261,3.13,1261,},optimization.solve;physics.Policy,src/q3/optimization.py:135;src/q3/physics.py:8,test_exact_milp_matches_fixed_min,implemented; bounded-tests-only; full-numerical-evaluation-not-run
Q3-L1262,3.13,1262,\],optimization.solve;physics.Policy,src/q3/optimization.py:135;src/q3/physics.py:8,test_exact_milp_matches_fixed_min,implemented; bounded-tests-only; full-numerical-evaluation-not-run
Q3-L1264,3.13,1264,在 \(0{:}00\) 节点取 \(\gamma_t^{(0)}=g_t^0\)。,optimization.solve;physics.Policy,src/q3/optimization.py:135;src/q3/physics.py:8,test_exact_milp_matches_fixed_min,implemented; bounded-tests-only; full-numerical-evaluation-not-run
Q3-L1266,3.13,1266,---,optimization.solve;physics.Policy,src/q3/optimization.py:135;src/q3/physics.py:8,test_exact_milp_matches_fixed_min,implemented; bounded-tests-only; full-numerical-evaluation-not-run
Q3-L1268,3.14,1268,# 3.14 参数化因果储能反馈映射,optimization.add_path;physics.replay,src/q3/optimization.py:73;src/q3/physics.py:22,test_exact_milp_matches_fixed_min,implemented; bounded-tests-only; full-numerical-evaluation-not-run
Q3-L1270,3.14,1270,对当前节点 \(k\) 的随机场景 \(s\)，优化器首先确定各时隙的储能响应上限,optimization.add_path;physics.replay,src/q3/optimization.py:73;src/q3/physics.py:22,test_exact_milp_matches_fixed_min,implemented; bounded-tests-only; full-numerical-evaluation-not-run
Q3-L1272,3.14,1272,\[,optimization.add_path;physics.replay,src/q3/optimization.py:73;src/q3/physics.py:22,test_exact_milp_matches_fixed_min,implemented; bounded-tests-only; full-numerical-evaluation-not-run
Q3-L1273,3.14,1273,"\bar c_t^{(k)},\qquad \bar r_t^{(k)}.",optimization.add_path;physics.replay,src/q3/optimization.py:73;src/q3/physics.py:22,test_exact_milp_matches_fixed_min,implemented; bounded-tests-only; full-numerical-evaluation-not-run
Q3-L1274,3.14,1274,\],optimization.add_path;physics.replay,src/q3/optimization.py:73;src/q3/physics.py:22,test_exact_milp_matches_fixed_min,implemented; bounded-tests-only; full-numerical-evaluation-not-run
Q3-L1276,3.14,1276,"真实物理执行层面，设第 \(t\) 个 10 min 区间为 \(I_t=(\tau_{t-1},\tau_t]\)。在任一控制时刻 \(\tau\in I_t\)，储能控制器只允许读取截至 \(\tau\) 已经观测到的负荷、光伏和 SOC，并在节点 \(k\) 冻结的响应上限内实施充放电。因此瞬时反馈不依赖 \(\tau\) 之后的信息，因果性由执行层保证。",optimization.add_path;physics.replay,src/q3/optimization.py:73;src/q3/physics.py:22,test_exact_milp_matches_fixed_min,implemented; bounded-tests-only; full-numerical-evaluation-not-run
Q3-L1278,3.14,1278,由于附件 2 和正式调度输出均只有 10 min 分辨率，随机优化层不显式模拟亚 10 min 控制轨迹，而用 10 min 聚合量近似这一实时反馈过程。定义场景净缺口,optimization.add_path;physics.replay,src/q3/optimization.py:73;src/q3/physics.py:22,test_exact_milp_matches_fixed_min,implemented; bounded-tests-only; full-numerical-evaluation-not-run
Q3-L1280,3.14,1280,\[,optimization.add_path;physics.replay,src/q3/optimization.py:73;src/q3/physics.py:22,test_exact_milp_matches_fixed_min,implemented; bounded-tests-only; full-numerical-evaluation-not-run
Q3-L1281,3.14,1281,\boxed{,optimization.add_path;physics.replay,src/q3/optimization.py:73;src/q3/physics.py:22,test_exact_milp_matches_fixed_min,implemented; bounded-tests-only; full-numerical-evaluation-not-run
Q3-L1282,3.14,1282,"x_{t,s}^{(k)}",optimization.add_path;physics.replay,src/q3/optimization.py:73;src/q3/physics.py:22,test_exact_milp_matches_fixed_min,implemented; bounded-tests-only; full-numerical-evaluation-not-run
Q3-L1283,3.14,1283,=,optimization.add_path;physics.replay,src/q3/optimization.py:73;src/q3/physics.py:22,test_exact_milp_matches_fixed_min,implemented; bounded-tests-only; full-numerical-evaluation-not-run
Q3-L1284,3.14,1284,"n_{t,s}^{(k)}",optimization.add_path;physics.replay,src/q3/optimization.py:73;src/q3/physics.py:22,test_exact_milp_matches_fixed_min,implemented; bounded-tests-only; full-numerical-evaluation-not-run
Q3-L1285,3.14,1285,-,optimization.add_path;physics.replay,src/q3/optimization.py:73;src/q3/physics.py:22,test_exact_milp_matches_fixed_min,implemented; bounded-tests-only; full-numerical-evaluation-not-run
Q3-L1286,3.14,1286,\gamma_t^{(k)}.,optimization.add_path;physics.replay,src/q3/optimization.py:73;src/q3/physics.py:22,test_exact_milp_matches_fixed_min,implemented; bounded-tests-only; full-numerical-evaluation-not-run
Q3-L1287,3.14,1287,},optimization.add_path;physics.replay,src/q3/optimization.py:73;src/q3/physics.py:22,test_exact_milp_matches_fixed_min,implemented; bounded-tests-only; full-numerical-evaluation-not-run
Q3-L1288,3.14,1288,\],optimization.add_path;physics.replay,src/q3/optimization.py:73;src/q3/physics.py:22,test_exact_milp_matches_fixed_min,implemented; bounded-tests-only; full-numerical-evaluation-not-run
Q3-L1290,3.14,1290,"若 \(x_{t,s}^{(k)}>0\)，以 10 min 聚合尺度近似为不充电，并在响应上限和 SOC 安全边界内优先放电：",optimization.add_path;physics.replay,src/q3/optimization.py:73;src/q3/physics.py:22,test_exact_milp_matches_fixed_min,implemented; bounded-tests-only; full-numerical-evaluation-not-run
Q3-L1292,3.14,1292,\[,optimization.add_path;physics.replay,src/q3/optimization.py:73;src/q3/physics.py:22,test_exact_milp_matches_fixed_min,implemented; bounded-tests-only; full-numerical-evaluation-not-run
Q3-L1293,3.14,1293,"\boxed{c_{t,s}^{(k)}=0,}",optimization.add_path;physics.replay,src/q3/optimization.py:73;src/q3/physics.py:22,test_exact_milp_matches_fixed_min,implemented; bounded-tests-only; full-numerical-evaluation-not-run
Q3-L1294,3.14,1294,\],optimization.add_path;physics.replay,src/q3/optimization.py:73;src/q3/physics.py:22,test_exact_milp_matches_fixed_min,implemented; bounded-tests-only; full-numerical-evaluation-not-run
Q3-L1296,3.14,1296,\[,optimization.add_path;physics.replay,src/q3/optimization.py:73;src/q3/physics.py:22,test_exact_milp_matches_fixed_min,implemented; bounded-tests-only; full-numerical-evaluation-not-run
Q3-L1297,3.14,1297,\boxed{,optimization.add_path;physics.replay,src/q3/optimization.py:73;src/q3/physics.py:22,test_exact_milp_matches_fixed_min,implemented; bounded-tests-only; full-numerical-evaluation-not-run
Q3-L1298,3.14,1298,"r_{t,s}^{(k)}",optimization.add_path;physics.replay,src/q3/optimization.py:73;src/q3/physics.py:22,test_exact_milp_matches_fixed_min,implemented; bounded-tests-only; full-numerical-evaluation-not-run
Q3-L1299,3.14,1299,=,optimization.add_path;physics.replay,src/q3/optimization.py:73;src/q3/physics.py:22,test_exact_milp_matches_fixed_min,implemented; bounded-tests-only; full-numerical-evaluation-not-run
Q3-L1300,3.14,1300,\min\left\{,optimization.add_path;physics.replay,src/q3/optimization.py:73;src/q3/physics.py:22,test_exact_milp_matches_fixed_min,implemented; bounded-tests-only; full-numerical-evaluation-not-run
Q3-L1301,3.14,1301,"\bar r_t^{(k)},",optimization.add_path;physics.replay,src/q3/optimization.py:73;src/q3/physics.py:22,test_exact_milp_matches_fixed_min,implemented; bounded-tests-only; full-numerical-evaluation-not-run
Q3-L1302,3.14,1302,"[x_{t,s}^{(k)}]_+,",optimization.add_path;physics.replay,src/q3/optimization.py:73;src/q3/physics.py:22,test_exact_milp_matches_fixed_min,implemented; bounded-tests-only; full-numerical-evaluation-not-run
Q3-L1303,3.14,1303,"\eta_d(E_{t-1,s}^{(k)}-E_{\min})",optimization.add_path;physics.replay,src/q3/optimization.py:73;src/q3/physics.py:22,test_exact_milp_matches_fixed_min,implemented; bounded-tests-only; full-numerical-evaluation-not-run
Q3-L1304,3.14,1304,\right\}.,optimization.add_path;physics.replay,src/q3/optimization.py:73;src/q3/physics.py:22,test_exact_milp_matches_fixed_min,implemented; bounded-tests-only; full-numerical-evaluation-not-run
Q3-L1305,3.14,1305,},optimization.add_path;physics.replay,src/q3/optimization.py:73;src/q3/physics.py:22,test_exact_milp_matches_fixed_min,implemented; bounded-tests-only; full-numerical-evaluation-not-run
Q3-L1306,3.14,1306,\],optimization.add_path;physics.replay,src/q3/optimization.py:73;src/q3/physics.py:22,test_exact_milp_matches_fixed_min,implemented; bounded-tests-only; full-numerical-evaluation-not-run
Q3-L1308,3.14,1308,剩余缺口由紧急购电补足：,optimization.add_path;physics.replay,src/q3/optimization.py:73;src/q3/physics.py:22,test_exact_milp_matches_fixed_min,implemented; bounded-tests-only; full-numerical-evaluation-not-run
Q3-L1310,3.14,1310,\[,optimization.add_path;physics.replay,src/q3/optimization.py:73;src/q3/physics.py:22,test_exact_milp_matches_fixed_min,implemented; bounded-tests-only; full-numerical-evaluation-not-run
Q3-L1311,3.14,1311,\boxed{,optimization.add_path;physics.replay,src/q3/optimization.py:73;src/q3/physics.py:22,test_exact_milp_matches_fixed_min,implemented; bounded-tests-only; full-numerical-evaluation-not-run
Q3-L1312,3.14,1312,"q_{t,s}^{\mathrm{em},(k)}",optimization.add_path;physics.replay,src/q3/optimization.py:73;src/q3/physics.py:22,test_exact_milp_matches_fixed_min,implemented; bounded-tests-only; full-numerical-evaluation-not-run
Q3-L1313,3.14,1313,=,optimization.add_path;physics.replay,src/q3/optimization.py:73;src/q3/physics.py:22,test_exact_milp_matches_fixed_min,implemented; bounded-tests-only; full-numerical-evaluation-not-run
Q3-L1314,3.14,1314,"[x_{t,s}^{(k)}-r_{t,s}^{(k)}]_+.",optimization.add_path;physics.replay,src/q3/optimization.py:73;src/q3/physics.py:22,test_exact_milp_matches_fixed_min,implemented; bounded-tests-only; full-numerical-evaluation-not-run
Q3-L1315,3.14,1315,},optimization.add_path;physics.replay,src/q3/optimization.py:73;src/q3/physics.py:22,test_exact_milp_matches_fixed_min,implemented; bounded-tests-only; full-numerical-evaluation-not-run
Q3-L1316,3.14,1316,\],optimization.add_path;physics.replay,src/q3/optimization.py:73;src/q3/physics.py:22,test_exact_milp_matches_fixed_min,implemented; bounded-tests-only; full-numerical-evaluation-not-run
Q3-L1318,3.14,1318,"若 \(x_{t,s}^{(k)}<0\)，则以聚合尺度近似为不放电，并利用剩余电量充电：",optimization.add_path;physics.replay,src/q3/optimization.py:73;src/q3/physics.py:22,test_exact_milp_matches_fixed_min,implemented; bounded-tests-only; full-numerical-evaluation-not-run
Q3-L1320,3.14,1320,\[,optimization.add_path;physics.replay,src/q3/optimization.py:73;src/q3/physics.py:22,test_exact_milp_matches_fixed_min,implemented; bounded-tests-only; full-numerical-evaluation-not-run
Q3-L1321,3.14,1321,"\boxed{r_{t,s}^{(k)}=0,}",optimization.add_path;physics.replay,src/q3/optimization.py:73;src/q3/physics.py:22,test_exact_milp_matches_fixed_min,implemented; bounded-tests-only; full-numerical-evaluation-not-run
Q3-L1322,3.14,1322,\],optimization.add_path;physics.replay,src/q3/optimization.py:73;src/q3/physics.py:22,test_exact_milp_matches_fixed_min,implemented; bounded-tests-only; full-numerical-evaluation-not-run
Q3-L1324,3.14,1324,\[,optimization.add_path;physics.replay,src/q3/optimization.py:73;src/q3/physics.py:22,test_exact_milp_matches_fixed_min,implemented; bounded-tests-only; full-numerical-evaluation-not-run
Q3-L1325,3.14,1325,\boxed{,optimization.add_path;physics.replay,src/q3/optimization.py:73;src/q3/physics.py:22,test_exact_milp_matches_fixed_min,implemented; bounded-tests-only; full-numerical-evaluation-not-run
Q3-L1326,3.14,1326,"c_{t,s}^{(k)}",optimization.add_path;physics.replay,src/q3/optimization.py:73;src/q3/physics.py:22,test_exact_milp_matches_fixed_min,implemented; bounded-tests-only; full-numerical-evaluation-not-run
Q3-L1327,3.14,1327,=,optimization.add_path;physics.replay,src/q3/optimization.py:73;src/q3/physics.py:22,test_exact_milp_matches_fixed_min,implemented; bounded-tests-only; full-numerical-evaluation-not-run
Q3-L1328,3.14,1328,\min\left\{,optimization.add_path;physics.replay,src/q3/optimization.py:73;src/q3/physics.py:22,test_exact_milp_matches_fixed_min,implemented; bounded-tests-only; full-numerical-evaluation-not-run
Q3-L1329,3.14,1329,"\bar c_t^{(k)},",optimization.add_path;physics.replay,src/q3/optimization.py:73;src/q3/physics.py:22,test_exact_milp_matches_fixed_min,implemented; bounded-tests-only; full-numerical-evaluation-not-run
Q3-L1330,3.14,1330,"[-x_{t,s}^{(k)}]_+,",optimization.add_path;physics.replay,src/q3/optimization.py:73;src/q3/physics.py:22,test_exact_milp_matches_fixed_min,implemented; bounded-tests-only; full-numerical-evaluation-not-run
Q3-L1331,3.14,1331,"\frac{E_{\max}-E_{t-1,s}^{(k)}}{\eta_c}",optimization.add_path;physics.replay,src/q3/optimization.py:73;src/q3/physics.py:22,test_exact_milp_matches_fixed_min,implemented; bounded-tests-only; full-numerical-evaluation-not-run
Q3-L1332,3.14,1332,\right\}.,optimization.add_path;physics.replay,src/q3/optimization.py:73;src/q3/physics.py:22,test_exact_milp_matches_fixed_min,implemented; bounded-tests-only; full-numerical-evaluation-not-run
Q3-L1333,3.14,1333,},optimization.add_path;physics.replay,src/q3/optimization.py:73;src/q3/physics.py:22,test_exact_milp_matches_fixed_min,implemented; bounded-tests-only; full-numerical-evaluation-not-run
Q3-L1334,3.14,1334,\],optimization.add_path;physics.replay,src/q3/optimization.py:73;src/q3/physics.py:22,test_exact_milp_matches_fixed_min,implemented; bounded-tests-only; full-numerical-evaluation-not-run
Q3-L1336,3.14,1336,未被负荷或储能吸收的剩余电量定义为,optimization.add_path;physics.replay,src/q3/optimization.py:73;src/q3/physics.py:22,test_exact_milp_matches_fixed_min,implemented; bounded-tests-only; full-numerical-evaluation-not-run
Q3-L1338,3.14,1338,\[,optimization.add_path;physics.replay,src/q3/optimization.py:73;src/q3/physics.py:22,test_exact_milp_matches_fixed_min,implemented; bounded-tests-only; full-numerical-evaluation-not-run
Q3-L1339,3.14,1339,\boxed{,optimization.add_path;physics.replay,src/q3/optimization.py:73;src/q3/physics.py:22,test_exact_milp_matches_fixed_min,implemented; bounded-tests-only; full-numerical-evaluation-not-run
Q3-L1340,3.14,1340,"u_{t,s}^{(k)}",optimization.add_path;physics.replay,src/q3/optimization.py:73;src/q3/physics.py:22,test_exact_milp_matches_fixed_min,implemented; bounded-tests-only; full-numerical-evaluation-not-run
Q3-L1341,3.14,1341,=,optimization.add_path;physics.replay,src/q3/optimization.py:73;src/q3/physics.py:22,test_exact_milp_matches_fixed_min,implemented; bounded-tests-only; full-numerical-evaluation-not-run
Q3-L1342,3.14,1342,\left[,optimization.add_path;physics.replay,src/q3/optimization.py:73;src/q3/physics.py:22,test_exact_milp_matches_fixed_min,implemented; bounded-tests-only; full-numerical-evaluation-not-run
Q3-L1343,3.14,1343,\gamma_t^{(k)},optimization.add_path;physics.replay,src/q3/optimization.py:73;src/q3/physics.py:22,test_exact_milp_matches_fixed_min,implemented; bounded-tests-only; full-numerical-evaluation-not-run
Q3-L1344,3.14,1344,"+r_{t,s}^{(k)}",optimization.add_path;physics.replay,src/q3/optimization.py:73;src/q3/physics.py:22,test_exact_milp_matches_fixed_min,implemented; bounded-tests-only; full-numerical-evaluation-not-run
Q3-L1345,3.14,1345,"-n_{t,s}^{(k)}",optimization.add_path;physics.replay,src/q3/optimization.py:73;src/q3/physics.py:22,test_exact_milp_matches_fixed_min,implemented; bounded-tests-only; full-numerical-evaluation-not-run
Q3-L1346,3.14,1346,"-c_{t,s}^{(k)}",optimization.add_path;physics.replay,src/q3/optimization.py:73;src/q3/physics.py:22,test_exact_milp_matches_fixed_min,implemented; bounded-tests-only; full-numerical-evaluation-not-run
Q3-L1347,3.14,1347,\right]_+.,optimization.add_path;physics.replay,src/q3/optimization.py:73;src/q3/physics.py:22,test_exact_milp_matches_fixed_min,implemented; bounded-tests-only; full-numerical-evaluation-not-run
Q3-L1348,3.14,1348,},optimization.add_path;physics.replay,src/q3/optimization.py:73;src/q3/physics.py:22,test_exact_milp_matches_fixed_min,implemented; bounded-tests-only; full-numerical-evaluation-not-run
Q3-L1349,3.14,1349,\],optimization.add_path;physics.replay,src/q3/optimization.py:73;src/q3/physics.py:22,test_exact_milp_matches_fixed_min,implemented; bounded-tests-only; full-numerical-evaluation-not-run
Q3-L1351,3.14,1351,"这里 \(u_{t,s}^{(k)}\) 表示**未利用剩余电量（spill energy）**，不强行解释为纯弃光，因为计划购电偏多时 spill 中也可能包含已经购入但未被负荷或储能吸收的外网电量。",optimization.add_path;physics.replay,src/q3/optimization.py:73;src/q3/physics.py:22,test_exact_milp_matches_fixed_min,implemented; bounded-tests-only; full-numerical-evaluation-not-run
Q3-L1353,3.14,1353,"需要特别说明：上述 10 min \(\min\{\cdot\}\) 关系是区间内实时因果反馈的**离散聚合近似**，而不是假定区间起点提前知道整个 \(n_{t,s}^{(k)}\)。因此模型的非前瞻性表述应限定为：节点参数在事前冻结，区间内控制只使用当时及过去已观测状态，场景的未来值不能直接进入当前控制；附件数据无法进一步验证亚 10 min 动态。第 3.20 节通过严格滞后一时隙的离散反馈作为保守对照，检验这一聚合近似是否实质影响经济结论。",optimization.add_path;physics.replay,src/q3/optimization.py:73;src/q3/physics.py:22,test_exact_milp_matches_fixed_min,implemented; bounded-tests-only; full-numerical-evaluation-not-run
Q3-L1355,3.14,1355,---,optimization.add_path;physics.replay,src/q3/optimization.py:73;src/q3/physics.py:22,test_exact_milp_matches_fixed_min,implemented; bounded-tests-only; full-numerical-evaluation-not-run
Q3-L1357,3.15,1357,# 3.15 场景能量平衡与 SOC 约束,optimization.add_path;physics.validate;rolling.validate_frame,src/q3/optimization.py:73;src/q3/physics.py:51;src/q3/rolling.py:156,test_energy_balance_saturation,implemented; bounded-tests-only; full-numerical-evaluation-not-run
Q3-L1359,3.15,1359,对每个场景—时段：,optimization.add_path;physics.validate;rolling.validate_frame,src/q3/optimization.py:73;src/q3/physics.py:51;src/q3/rolling.py:156,test_energy_balance_saturation,implemented; bounded-tests-only; full-numerical-evaluation-not-run
Q3-L1361,3.15,1361,\[,optimization.add_path;physics.validate;rolling.validate_frame,src/q3/optimization.py:73;src/q3/physics.py:51;src/q3/rolling.py:156,test_energy_balance_saturation,implemented; bounded-tests-only; full-numerical-evaluation-not-run
Q3-L1362,3.15,1362,\boxed{,optimization.add_path;physics.validate;rolling.validate_frame,src/q3/optimization.py:73;src/q3/physics.py:51;src/q3/rolling.py:156,test_energy_balance_saturation,implemented; bounded-tests-only; full-numerical-evaluation-not-run
Q3-L1363,3.15,1363,\gamma_t^{(k)},optimization.add_path;physics.validate;rolling.validate_frame,src/q3/optimization.py:73;src/q3/physics.py:51;src/q3/rolling.py:156,test_energy_balance_saturation,implemented; bounded-tests-only; full-numerical-evaluation-not-run
Q3-L1364,3.15,1364,+,optimization.add_path;physics.validate;rolling.validate_frame,src/q3/optimization.py:73;src/q3/physics.py:51;src/q3/rolling.py:156,test_energy_balance_saturation,implemented; bounded-tests-only; full-numerical-evaluation-not-run
Q3-L1365,3.15,1365,"P_{t,s}^{PV,(k)}\Delta t",optimization.add_path;physics.validate;rolling.validate_frame,src/q3/optimization.py:73;src/q3/physics.py:51;src/q3/rolling.py:156,test_energy_balance_saturation,implemented; bounded-tests-only; full-numerical-evaluation-not-run
Q3-L1366,3.15,1366,+,optimization.add_path;physics.validate;rolling.validate_frame,src/q3/optimization.py:73;src/q3/physics.py:51;src/q3/rolling.py:156,test_energy_balance_saturation,implemented; bounded-tests-only; full-numerical-evaluation-not-run
Q3-L1367,3.15,1367,"r_{t,s}^{(k)}",optimization.add_path;physics.validate;rolling.validate_frame,src/q3/optimization.py:73;src/q3/physics.py:51;src/q3/rolling.py:156,test_energy_balance_saturation,implemented; bounded-tests-only; full-numerical-evaluation-not-run
Q3-L1368,3.15,1368,+,optimization.add_path;physics.validate;rolling.validate_frame,src/q3/optimization.py:73;src/q3/physics.py:51;src/q3/rolling.py:156,test_energy_balance_saturation,implemented; bounded-tests-only; full-numerical-evaluation-not-run
Q3-L1369,3.15,1369,"q_{t,s}^{\mathrm{em},(k)}",optimization.add_path;physics.validate;rolling.validate_frame,src/q3/optimization.py:73;src/q3/physics.py:51;src/q3/rolling.py:156,test_energy_balance_saturation,implemented; bounded-tests-only; full-numerical-evaluation-not-run
Q3-L1370,3.15,1370,=,optimization.add_path;physics.validate;rolling.validate_frame,src/q3/optimization.py:73;src/q3/physics.py:51;src/q3/rolling.py:156,test_energy_balance_saturation,implemented; bounded-tests-only; full-numerical-evaluation-not-run
Q3-L1371,3.15,1371,"L_{t,s}^{(k)}\Delta t",optimization.add_path;physics.validate;rolling.validate_frame,src/q3/optimization.py:73;src/q3/physics.py:51;src/q3/rolling.py:156,test_energy_balance_saturation,implemented; bounded-tests-only; full-numerical-evaluation-not-run
Q3-L1372,3.15,1372,+,optimization.add_path;physics.validate;rolling.validate_frame,src/q3/optimization.py:73;src/q3/physics.py:51;src/q3/rolling.py:156,test_energy_balance_saturation,implemented; bounded-tests-only; full-numerical-evaluation-not-run
Q3-L1373,3.15,1373,"c_{t,s}^{(k)}",optimization.add_path;physics.validate;rolling.validate_frame,src/q3/optimization.py:73;src/q3/physics.py:51;src/q3/rolling.py:156,test_energy_balance_saturation,implemented; bounded-tests-only; full-numerical-evaluation-not-run
Q3-L1374,3.15,1374,+,optimization.add_path;physics.validate;rolling.validate_frame,src/q3/optimization.py:73;src/q3/physics.py:51;src/q3/rolling.py:156,test_energy_balance_saturation,implemented; bounded-tests-only; full-numerical-evaluation-not-run
Q3-L1375,3.15,1375,"u_{t,s}^{(k)}.",optimization.add_path;physics.validate;rolling.validate_frame,src/q3/optimization.py:73;src/q3/physics.py:51;src/q3/rolling.py:156,test_energy_balance_saturation,implemented; bounded-tests-only; full-numerical-evaluation-not-run
Q3-L1376,3.15,1376,},optimization.add_path;physics.validate;rolling.validate_frame,src/q3/optimization.py:73;src/q3/physics.py:51;src/q3/rolling.py:156,test_energy_balance_saturation,implemented; bounded-tests-only; full-numerical-evaluation-not-run
Q3-L1377,3.15,1377,\],optimization.add_path;physics.validate;rolling.validate_frame,src/q3/optimization.py:73;src/q3/physics.py:51;src/q3/rolling.py:156,test_energy_balance_saturation,implemented; bounded-tests-only; full-numerical-evaluation-not-run
Q3-L1379,3.15,1379,储能状态递推：,optimization.add_path;physics.validate;rolling.validate_frame,src/q3/optimization.py:73;src/q3/physics.py:51;src/q3/rolling.py:156,test_energy_balance_saturation,implemented; bounded-tests-only; full-numerical-evaluation-not-run
Q3-L1381,3.15,1381,\[,optimization.add_path;physics.validate;rolling.validate_frame,src/q3/optimization.py:73;src/q3/physics.py:51;src/q3/rolling.py:156,test_energy_balance_saturation,implemented; bounded-tests-only; full-numerical-evaluation-not-run
Q3-L1382,3.15,1382,\boxed{,optimization.add_path;physics.validate;rolling.validate_frame,src/q3/optimization.py:73;src/q3/physics.py:51;src/q3/rolling.py:156,test_energy_balance_saturation,implemented; bounded-tests-only; full-numerical-evaluation-not-run
Q3-L1383,3.15,1383,"E_{t,s}^{(k)}",optimization.add_path;physics.validate;rolling.validate_frame,src/q3/optimization.py:73;src/q3/physics.py:51;src/q3/rolling.py:156,test_energy_balance_saturation,implemented; bounded-tests-only; full-numerical-evaluation-not-run
Q3-L1384,3.15,1384,=,optimization.add_path;physics.validate;rolling.validate_frame,src/q3/optimization.py:73;src/q3/physics.py:51;src/q3/rolling.py:156,test_energy_balance_saturation,implemented; bounded-tests-only; full-numerical-evaluation-not-run
Q3-L1385,3.15,1385,"E_{t-1,s}^{(k)}",optimization.add_path;physics.validate;rolling.validate_frame,src/q3/optimization.py:73;src/q3/physics.py:51;src/q3/rolling.py:156,test_energy_balance_saturation,implemented; bounded-tests-only; full-numerical-evaluation-not-run
Q3-L1386,3.15,1386,+,optimization.add_path;physics.validate;rolling.validate_frame,src/q3/optimization.py:73;src/q3/physics.py:51;src/q3/rolling.py:156,test_energy_balance_saturation,implemented; bounded-tests-only; full-numerical-evaluation-not-run
Q3-L1387,3.15,1387,"\eta_c c_{t,s}^{(k)}",optimization.add_path;physics.validate;rolling.validate_frame,src/q3/optimization.py:73;src/q3/physics.py:51;src/q3/rolling.py:156,test_energy_balance_saturation,implemented; bounded-tests-only; full-numerical-evaluation-not-run
Q3-L1388,3.15,1388,-,optimization.add_path;physics.validate;rolling.validate_frame,src/q3/optimization.py:73;src/q3/physics.py:51;src/q3/rolling.py:156,test_energy_balance_saturation,implemented; bounded-tests-only; full-numerical-evaluation-not-run
Q3-L1389,3.15,1389,"\frac{r_{t,s}^{(k)}}{\eta_d}.",optimization.add_path;physics.validate;rolling.validate_frame,src/q3/optimization.py:73;src/q3/physics.py:51;src/q3/rolling.py:156,test_energy_balance_saturation,implemented; bounded-tests-only; full-numerical-evaluation-not-run
Q3-L1390,3.15,1390,},optimization.add_path;physics.validate;rolling.validate_frame,src/q3/optimization.py:73;src/q3/physics.py:51;src/q3/rolling.py:156,test_energy_balance_saturation,implemented; bounded-tests-only; full-numerical-evaluation-not-run
Q3-L1391,3.15,1391,\],optimization.add_path;physics.validate;rolling.validate_frame,src/q3/optimization.py:73;src/q3/physics.py:51;src/q3/rolling.py:156,test_energy_balance_saturation,implemented; bounded-tests-only; full-numerical-evaluation-not-run
Q3-L1393,3.15,1393,并满足：,optimization.add_path;physics.validate;rolling.validate_frame,src/q3/optimization.py:73;src/q3/physics.py:51;src/q3/rolling.py:156,test_energy_balance_saturation,implemented; bounded-tests-only; full-numerical-evaluation-not-run
Q3-L1395,3.15,1395,\[,optimization.add_path;physics.validate;rolling.validate_frame,src/q3/optimization.py:73;src/q3/physics.py:51;src/q3/rolling.py:156,test_energy_balance_saturation,implemented; bounded-tests-only; full-numerical-evaluation-not-run
Q3-L1396,3.15,1396,"\boxed{1200\le E_{t,s}^{(k)}\le10800.}",optimization.add_path;physics.validate;rolling.validate_frame,src/q3/optimization.py:73;src/q3/physics.py:51;src/q3/rolling.py:156,test_energy_balance_saturation,implemented; bounded-tests-only; full-numerical-evaluation-not-run
Q3-L1397,3.15,1397,\],optimization.add_path;physics.validate;rolling.validate_frame,src/q3/optimization.py:73;src/q3/physics.py:51;src/q3/rolling.py:156,test_energy_balance_saturation,implemented; bounded-tests-only; full-numerical-evaluation-not-run
Q3-L1399,3.15,1399,节点 \(k\) 的初始 SOC 取已经真实实现的状态：,optimization.add_path;physics.validate;rolling.validate_frame,src/q3/optimization.py:73;src/q3/physics.py:51;src/q3/rolling.py:156,test_energy_balance_saturation,implemented; bounded-tests-only; full-numerical-evaluation-not-run
Q3-L1401,3.15,1401,\[,optimization.add_path;physics.validate;rolling.validate_frame,src/q3/optimization.py:73;src/q3/physics.py:51;src/q3/rolling.py:156,test_energy_balance_saturation,implemented; bounded-tests-only; full-numerical-evaluation-not-run
Q3-L1402,3.15,1402,\boxed{,optimization.add_path;physics.validate;rolling.validate_frame,src/q3/optimization.py:73;src/q3/physics.py:51;src/q3/rolling.py:156,test_energy_balance_saturation,implemented; bounded-tests-only; full-numerical-evaluation-not-run
Q3-L1403,3.15,1403,"E_{k,s}^{(k)}",optimization.add_path;physics.validate;rolling.validate_frame,src/q3/optimization.py:73;src/q3/physics.py:51;src/q3/rolling.py:156,test_energy_balance_saturation,implemented; bounded-tests-only; full-numerical-evaluation-not-run
Q3-L1404,3.15,1404,=,optimization.add_path;physics.validate;rolling.validate_frame,src/q3/optimization.py:73;src/q3/physics.py:51;src/q3/rolling.py:156,test_energy_balance_saturation,implemented; bounded-tests-only; full-numerical-evaluation-not-run
Q3-L1405,3.15,1405,"E_{d,k}^{\mathrm{real}},",optimization.add_path;physics.validate;rolling.validate_frame,src/q3/optimization.py:73;src/q3/physics.py:51;src/q3/rolling.py:156,test_energy_balance_saturation,implemented; bounded-tests-only; full-numerical-evaluation-not-run
Q3-L1406,3.15,1406,\qquad\forall s.,optimization.add_path;physics.validate;rolling.validate_frame,src/q3/optimization.py:73;src/q3/physics.py:51;src/q3/rolling.py:156,test_energy_balance_saturation,implemented; bounded-tests-only; full-numerical-evaluation-not-run
Q3-L1407,3.15,1407,},optimization.add_path;physics.validate;rolling.validate_frame,src/q3/optimization.py:73;src/q3/physics.py:51;src/q3/rolling.py:156,test_energy_balance_saturation,implemented; bounded-tests-only; full-numerical-evaluation-not-run
Q3-L1408,3.15,1408,\],optimization.add_path;physics.validate;rolling.validate_frame,src/q3/optimization.py:73;src/q3/physics.py:51;src/q3/rolling.py:156,test_energy_balance_saturation,implemented; bounded-tests-only; full-numerical-evaluation-not-run
Q3-L1410,3.15,1410,因此所有场景共享同一当前状态，而未来路径才随场景分化。,optimization.add_path;physics.validate;rolling.validate_frame,src/q3/optimization.py:73;src/q3/physics.py:51;src/q3/rolling.py:156,test_energy_balance_saturation,implemented; bounded-tests-only; full-numerical-evaluation-not-run
Q3-L1412,3.15,1412,---,optimization.add_path;physics.validate;rolling.validate_frame,src/q3/optimization.py:73;src/q3/physics.py:51;src/q3/rolling.py:156,test_energy_balance_saturation,implemented; bounded-tests-only; full-numerical-evaluation-not-run
Q3-L1414,3.16,1414,# 3.16 \(0{:}00\) 主问题与多阶段近似边界,optimization.solve;optimization.objective,src/q3/optimization.py:135;src/q3/optimization.py:27,test_solution_objective_uses_residual_not_real_cost,implemented; bounded-tests-only; full-numerical-evaluation-not-run
Q3-L1416,3.16,1416,"在 \(0{:}00\)，未来整日尚未执行。此时形成的 \(g_{d,t}^{0}\) 是题目要求输出的原始全天计划，也是后续调整结算的唯一基准。",optimization.solve;optimization.objective,src/q3/optimization.py:135;src/q3/optimization.py:27,test_solution_objective_uses_residual_not_real_cost,implemented; bounded-tests-only; full-numerical-evaluation-not-run
Q3-L1418,3.16,1418,第一阶段全天计划购电成本：,optimization.solve;optimization.objective,src/q3/optimization.py:135;src/q3/optimization.py:27,test_solution_objective_uses_residual_not_real_cost,implemented; bounded-tests-only; full-numerical-evaluation-not-run
Q3-L1420,3.16,1420,\[,optimization.solve;optimization.objective,src/q3/optimization.py:135;src/q3/optimization.py:27,test_solution_objective_uses_residual_not_real_cost,implemented; bounded-tests-only; full-numerical-evaluation-not-run
Q3-L1421,3.16,1421,C_d^{\mathrm{plan}},optimization.solve;optimization.objective,src/q3/optimization.py:135;src/q3/optimization.py:27,test_solution_objective_uses_residual_not_real_cost,implemented; bounded-tests-only; full-numerical-evaluation-not-run
Q3-L1422,3.16,1422,=,optimization.solve;optimization.objective,src/q3/optimization.py:135;src/q3/optimization.py:27,test_solution_objective_uses_residual_not_real_cost,implemented; bounded-tests-only; full-numerical-evaluation-not-run
Q3-L1423,3.16,1423,"\sum_{t=1}^{144}p_tg_{d,t}^{0}.",optimization.solve;optimization.objective,src/q3/optimization.py:135;src/q3/optimization.py:27,test_solution_objective_uses_residual_not_real_cost,implemented; bounded-tests-only; full-numerical-evaluation-not-run
Q3-L1424,3.16,1424,\],optimization.solve;optimization.objective,src/q3/optimization.py:135;src/q3/optimization.py:27,test_solution_objective_uses_residual_not_real_cost,implemented; bounded-tests-only; full-numerical-evaluation-not-run
Q3-L1426,3.16,1426,场景 \(s\) 的紧急购电成本：,optimization.solve;optimization.objective,src/q3/optimization.py:135;src/q3/optimization.py:27,test_solution_objective_uses_residual_not_real_cost,implemented; bounded-tests-only; full-numerical-evaluation-not-run
Q3-L1428,3.16,1428,\[,optimization.solve;optimization.objective,src/q3/optimization.py:135;src/q3/optimization.py:27,test_solution_objective_uses_residual_not_real_cost,implemented; bounded-tests-only; full-numerical-evaluation-not-run
Q3-L1429,3.16,1429,"C_{d,s}^{\mathrm{em},0}",optimization.solve;optimization.objective,src/q3/optimization.py:135;src/q3/optimization.py:27,test_solution_objective_uses_residual_not_real_cost,implemented; bounded-tests-only; full-numerical-evaluation-not-run
Q3-L1430,3.16,1430,=,optimization.solve;optimization.objective,src/q3/optimization.py:135;src/q3/optimization.py:27,test_solution_objective_uses_residual_not_real_cost,implemented; bounded-tests-only; full-numerical-evaluation-not-run
Q3-L1431,3.16,1431,"\sum_{t=1}^{144}5p_tq_{d,t,s}^{\mathrm{em},(0)}.",optimization.solve;optimization.objective,src/q3/optimization.py:135;src/q3/optimization.py:27,test_solution_objective_uses_residual_not_real_cost,implemented; bounded-tests-only; full-numerical-evaluation-not-run
Q3-L1432,3.16,1432,\],optimization.solve;optimization.objective,src/q3/optimization.py:135;src/q3/optimization.py:27,test_solution_objective_uses_residual_not_real_cost,implemented; bounded-tests-only; full-numerical-evaluation-not-run
Q3-L1434,3.16,1434,考虑有限时域终端残值后，\(0{:}00\) 的风险中性主问题为：,optimization.solve;optimization.objective,src/q3/optimization.py:135;src/q3/optimization.py:27,test_solution_objective_uses_residual_not_real_cost,implemented; bounded-tests-only; full-numerical-evaluation-not-run
Q3-L1436,3.16,1436,\[,optimization.solve;optimization.objective,src/q3/optimization.py:135;src/q3/optimization.py:27,test_solution_objective_uses_residual_not_real_cost,implemented; bounded-tests-only; full-numerical-evaluation-not-run
Q3-L1437,3.16,1437,\boxed{,optimization.solve;optimization.objective,src/q3/optimization.py:135;src/q3/optimization.py:27,test_solution_objective_uses_residual_not_real_cost,implemented; bounded-tests-only; full-numerical-evaluation-not-run
Q3-L1438,3.16,1438,\min,optimization.solve;optimization.objective,src/q3/optimization.py:135;src/q3/optimization.py:27,test_solution_objective_uses_residual_not_real_cost,implemented; bounded-tests-only; full-numerical-evaluation-not-run
Q3-L1439,3.16,1439,\left[,optimization.solve;optimization.objective,src/q3/optimization.py:135;src/q3/optimization.py:27,test_solution_objective_uses_residual_not_real_cost,implemented; bounded-tests-only; full-numerical-evaluation-not-run
Q3-L1440,3.16,1440,"\sum_{t=1}^{144}p_tg_{d,t}^{0}",optimization.solve;optimization.objective,src/q3/optimization.py:135;src/q3/optimization.py:27,test_solution_objective_uses_residual_not_real_cost,implemented; bounded-tests-only; full-numerical-evaluation-not-run
Q3-L1441,3.16,1441,+,optimization.solve;optimization.objective,src/q3/optimization.py:135;src/q3/optimization.py:27,test_solution_objective_uses_residual_not_real_cost,implemented; bounded-tests-only; full-numerical-evaluation-not-run
Q3-L1442,3.16,1442,"\sum_s\pi_s\sum_{t=1}^{144}5p_tq_{d,t,s}^{\mathrm{em},(0)}",optimization.solve;optimization.objective,src/q3/optimization.py:135;src/q3/optimization.py:27,test_solution_objective_uses_residual_not_real_cost,implemented; bounded-tests-only; full-numerical-evaluation-not-run
Q3-L1443,3.16,1443,-,optimization.solve;optimization.objective,src/q3/optimization.py:135;src/q3/optimization.py:27,test_solution_objective_uses_residual_not_real_cost,implemented; bounded-tests-only; full-numerical-evaluation-not-run
Q3-L1444,3.16,1444,"\lambda_{E,0}\sum_s\pi_sE_{d,24,s}^{(0)}",optimization.solve;optimization.objective,src/q3/optimization.py:135;src/q3/optimization.py:27,test_solution_objective_uses_residual_not_real_cost,implemented; bounded-tests-only; full-numerical-evaluation-not-run
Q3-L1445,3.16,1445,\right].,optimization.solve;optimization.objective,src/q3/optimization.py:135;src/q3/optimization.py:27,test_solution_objective_uses_residual_not_real_cost,implemented; bounded-tests-only; full-numerical-evaluation-not-run
Q3-L1446,3.16,1446,},optimization.solve;optimization.objective,src/q3/optimization.py:135;src/q3/optimization.py:27,test_solution_objective_uses_residual_not_real_cost,implemented; bounded-tests-only; full-numerical-evaluation-not-run
Q3-L1447,3.16,1447,\],optimization.solve;optimization.objective,src/q3/optimization.py:135;src/q3/optimization.py:27,test_solution_objective_uses_residual_not_real_cost,implemented; bounded-tests-only; full-numerical-evaluation-not-run
Q3-L1449,3.16,1449,约束包括：,optimization.solve;optimization.objective,src/q3/optimization.py:135;src/q3/optimization.py:27,test_solution_objective_uses_residual_not_real_cost,implemented; bounded-tests-only; full-numerical-evaluation-not-run
Q3-L1451,3.16,1451,- 参数化因果储能反馈的 10 min 聚合近似；,optimization.solve;optimization.objective,src/q3/optimization.py:135;src/q3/optimization.py:27,test_solution_objective_uses_residual_not_real_cost,implemented; bounded-tests-only; full-numerical-evaluation-not-run
Q3-L1452,3.16,1452,- 场景能量平衡；,optimization.solve;optimization.objective,src/q3/optimization.py:135;src/q3/optimization.py:27,test_solution_objective_uses_residual_not_real_cost,implemented; bounded-tests-only; full-numerical-evaluation-not-run
Q3-L1453,3.16,1453,- SOC 状态方程与安全区间；,optimization.solve;optimization.objective,src/q3/optimization.py:135;src/q3/optimization.py:27,test_solution_objective_uses_residual_not_real_cost,implemented; bounded-tests-only; full-numerical-evaluation-not-run
Q3-L1454,3.16,1454,- 充放电功率限制；,optimization.solve;optimization.objective,src/q3/optimization.py:135;src/q3/optimization.py:27,test_solution_objective_uses_residual_not_real_cost,implemented; bounded-tests-only; full-numerical-evaluation-not-run
Q3-L1455,3.16,1455,- 当前真实初始 SOC；,optimization.solve;optimization.objective,src/q3/optimization.py:135;src/q3/optimization.py:27,test_solution_objective_uses_residual_not_real_cost,implemented; bounded-tests-only; full-numerical-evaluation-not-run
Q3-L1456,3.16,1456,- 计划购电上界；,optimization.solve;optimization.objective,src/q3/optimization.py:135;src/q3/optimization.py:27,test_solution_objective_uses_residual_not_real_cost,implemented; bounded-tests-only; full-numerical-evaluation-not-run
Q3-L1457,3.16,1457,- 分段线性关系的 MILP 确定性等价约束。,optimization.solve;optimization.objective,src/q3/optimization.py:135;src/q3/optimization.py:27,test_solution_objective_uses_residual_not_real_cost,implemented; bounded-tests-only; full-numerical-evaluation-not-run
Q3-L1459,3.16,1459,需要明确指出：\(g^0\) 后续会成为 \(6/12/18\) 调整费用的 reference point，但上述全年主模型没有在 \(0{:}00\) 显式构造未来三次 forecast-revision 的完整 recourse tree。因此 \(g^0\) 是**当前信息下的滚动时域随机最优基准计划**，不是完整四阶段随机规划意义下的 first-stage 全局最优解。,optimization.solve;optimization.objective,src/q3/optimization.py:135;src/q3/optimization.py:27,test_solution_objective_uses_residual_not_real_cost,implemented; bounded-tests-only; full-numerical-evaluation-not-run
Q3-L1461,3.16,1461,本文不在正式评价期内根据 \(M_2\) 结果反向修改这一主模型。\(M_1\) 在 2 月 1 日前冻结；第 3.23 节的 \(M_2\) 仅作为 ex-post multistage benchmark，用于量化“未显式预见未来 adjustment recourse”所造成的近似误差。即使个别高风险日期上 \(M_2\) 明显更优，也只将其解释为滚动近似的性能损失，而不据此重新选择正式模型，从而保持 2--12 月样本外评价的统计边界。,optimization.solve;optimization.objective,src/q3/optimization.py:135;src/q3/optimization.py:27,test_solution_objective_uses_residual_not_real_cost,implemented; bounded-tests-only; full-numerical-evaluation-not-run
Q3-L1463,3.16,1463,---,optimization.solve;optimization.objective,src/q3/optimization.py:135;src/q3/optimization.py:27,test_solution_objective_uses_residual_not_real_cost,implemented; bounded-tests-only; full-numerical-evaluation-not-run
Q3-L1465,3.17,1465,# 3.17 \(6/12/18\) 更新节点的动态一致滚动目标,optimization.scheduled_cost;optimization.add_path;optimization.solve,src/q3/optimization.py:54;src/q3/optimization.py:73;src/q3/optimization.py:135,test_exact_milp_matches_fixed_min;test_settlement_cancellation_and_repeated_proxy,implemented; bounded-tests-only; full-numerical-evaluation-not-run
Q3-L1467,3.17,1467,"设当前为节点 \(k\in\{6,12,18\}\)。",optimization.scheduled_cost;optimization.add_path;optimization.solve,src/q3/optimization.py:54;src/q3/optimization.py:73;src/q3/optimization.py:135,test_exact_milp_matches_fixed_min;test_settlement_cancellation_and_repeated_proxy,implemented; bounded-tests-only; full-numerical-evaluation-not-run
Q3-L1469,3.17,1469,## 3.17.1 committed block 的真实调整成本,optimization.scheduled_cost;optimization.add_path;optimization.solve,src/q3/optimization.py:54;src/q3/optimization.py:73;src/q3/optimization.py:135,test_exact_milp_matches_fixed_min;test_settlement_cancellation_and_repeated_proxy,implemented; bounded-tests-only; full-numerical-evaluation-not-run
Q3-L1471,3.17,1471,只有,optimization.scheduled_cost;optimization.add_path;optimization.solve,src/q3/optimization.py:54;src/q3/optimization.py:73;src/q3/optimization.py:135,test_exact_milp_matches_fixed_min;test_settlement_cancellation_and_repeated_proxy,implemented; bounded-tests-only; full-numerical-evaluation-not-run
Q3-L1473,3.17,1473,\[,optimization.scheduled_cost;optimization.add_path;optimization.solve,src/q3/optimization.py:54;src/q3/optimization.py:73;src/q3/optimization.py:135,test_exact_milp_matches_fixed_min;test_settlement_cancellation_and_repeated_proxy,implemented; bounded-tests-only; full-numerical-evaluation-not-run
Q3-L1474,3.17,1474,"t\in\mathcal B_{d,k}",optimization.scheduled_cost;optimization.add_path;optimization.solve,src/q3/optimization.py:54;src/q3/optimization.py:73;src/q3/optimization.py:135,test_exact_milp_matches_fixed_min;test_settlement_cancellation_and_repeated_proxy,implemented; bounded-tests-only; full-numerical-evaluation-not-run
Q3-L1475,3.17,1475,\],optimization.scheduled_cost;optimization.add_path;optimization.solve,src/q3/optimization.py:54;src/q3/optimization.py:73;src/q3/optimization.py:135,test_exact_milp_matches_fixed_min;test_settlement_cancellation_and_repeated_proxy,implemented; bounded-tests-only; full-numerical-evaluation-not-run
Q3-L1477,3.17,1477,的购电决策会在下一信息节点到来前真正执行。由于全天计划购电费用 \(p_tg_t^0\) 已在 \(0{:}00\) 形成并属于 sunk cost，当前节点真正与决策有关的增量调整成本为：,optimization.scheduled_cost;optimization.add_path;optimization.solve,src/q3/optimization.py:54;src/q3/optimization.py:73;src/q3/optimization.py:135,test_exact_milp_matches_fixed_min;test_settlement_cancellation_and_repeated_proxy,implemented; bounded-tests-only; full-numerical-evaluation-not-run
Q3-L1479,3.17,1479,\[,optimization.scheduled_cost;optimization.add_path;optimization.solve,src/q3/optimization.py:54;src/q3/optimization.py:73;src/q3/optimization.py:135,test_exact_milp_matches_fixed_min;test_settlement_cancellation_and_repeated_proxy,implemented; bounded-tests-only; full-numerical-evaluation-not-run
Q3-L1480,3.17,1480,\boxed{,optimization.scheduled_cost;optimization.add_path;optimization.solve,src/q3/optimization.py:54;src/q3/optimization.py:73;src/q3/optimization.py:135,test_exact_milp_matches_fixed_min;test_settlement_cancellation_and_repeated_proxy,implemented; bounded-tests-only; full-numerical-evaluation-not-run
Q3-L1481,3.17,1481,"A_t^{\mathrm{adj},(k)}",optimization.scheduled_cost;optimization.add_path;optimization.solve,src/q3/optimization.py:54;src/q3/optimization.py:73;src/q3/optimization.py:135,test_exact_milp_matches_fixed_min;test_settlement_cancellation_and_repeated_proxy,implemented; bounded-tests-only; full-numerical-evaluation-not-run
Q3-L1482,3.17,1482,=,optimization.scheduled_cost;optimization.add_path;optimization.solve,src/q3/optimization.py:54;src/q3/optimization.py:73;src/q3/optimization.py:135,test_exact_milp_matches_fixed_min;test_settlement_cancellation_and_repeated_proxy,implemented; bounded-tests-only; full-numerical-evaluation-not-run
Q3-L1483,3.17,1483,"1.5p_t(g_{d,t}^{(k)}-g_{d,t}^{0})_+",optimization.scheduled_cost;optimization.add_path;optimization.solve,src/q3/optimization.py:54;src/q3/optimization.py:73;src/q3/optimization.py:135,test_exact_milp_matches_fixed_min;test_settlement_cancellation_and_repeated_proxy,implemented; bounded-tests-only; full-numerical-evaluation-not-run
Q3-L1484,3.17,1484,-,optimization.scheduled_cost;optimization.add_path;optimization.solve,src/q3/optimization.py:54;src/q3/optimization.py:73;src/q3/optimization.py:135,test_exact_milp_matches_fixed_min;test_settlement_cancellation_and_repeated_proxy,implemented; bounded-tests-only; full-numerical-evaluation-not-run
Q3-L1485,3.17,1485,"0.5p_t(g_{d,t}^{0}-g_{d,t}^{(k)})_+.",optimization.scheduled_cost;optimization.add_path;optimization.solve,src/q3/optimization.py:54;src/q3/optimization.py:73;src/q3/optimization.py:135,test_exact_milp_matches_fixed_min;test_settlement_cancellation_and_repeated_proxy,implemented; bounded-tests-only; full-numerical-evaluation-not-run
Q3-L1486,3.17,1486,},optimization.scheduled_cost;optimization.add_path;optimization.solve,src/q3/optimization.py:54;src/q3/optimization.py:73;src/q3/optimization.py:135,test_exact_milp_matches_fixed_min;test_settlement_cancellation_and_repeated_proxy,implemented; bounded-tests-only; full-numerical-evaluation-not-run
Q3-L1487,3.17,1487,\],optimization.scheduled_cost;optimization.add_path;optimization.solve,src/q3/optimization.py:54;src/q3/optimization.py:73;src/q3/optimization.py:135,test_exact_milp_matches_fixed_min;test_settlement_cancellation_and_repeated_proxy,implemented; bounded-tests-only; full-numerical-evaluation-not-run
Q3-L1489,3.17,1489,最终真实费用仍按第 3.21 节统一写成“全天计划购电费用 + 调整相关净费用 + 紧急购电费用”，这里只在滚动节点目标中省去与当前决策无关的常数 \(p_tg_t^0\)。,optimization.scheduled_cost;optimization.add_path;optimization.solve,src/q3/optimization.py:54;src/q3/optimization.py:73;src/q3/optimization.py:135,test_exact_milp_matches_fixed_min;test_settlement_cancellation_and_repeated_proxy,implemented; bounded-tests-only; full-numerical-evaluation-not-run
Q3-L1491,3.17,1491,## 3.17.2 当天后续 proxy 的 surrogate continuation cost,optimization.scheduled_cost;optimization.add_path;optimization.solve,src/q3/optimization.py:54;src/q3/optimization.py:73;src/q3/optimization.py:135,test_exact_milp_matches_fixed_min;test_settlement_cancellation_and_repeated_proxy,implemented; bounded-tests-only; full-numerical-evaluation-not-run
Q3-L1493,3.17,1493,对,optimization.scheduled_cost;optimization.add_path;optimization.solve,src/q3/optimization.py:54;src/q3/optimization.py:73;src/q3/optimization.py:135,test_exact_milp_matches_fixed_min;test_settlement_cancellation_and_repeated_proxy,implemented; bounded-tests-only; full-numerical-evaluation-not-run
Q3-L1495,3.17,1495,\[,optimization.scheduled_cost;optimization.add_path;optimization.solve,src/q3/optimization.py:54;src/q3/optimization.py:73;src/q3/optimization.py:135,test_exact_milp_matches_fixed_min;test_settlement_cancellation_and_repeated_proxy,implemented; bounded-tests-only; full-numerical-evaluation-not-run
Q3-L1496,3.17,1496,"t\in\mathcal P_{d,k},",optimization.scheduled_cost;optimization.add_path;optimization.solve,src/q3/optimization.py:54;src/q3/optimization.py:73;src/q3/optimization.py:135,test_exact_milp_matches_fixed_min;test_settlement_cancellation_and_repeated_proxy,implemented; bounded-tests-only; full-numerical-evaluation-not-run
Q3-L1497,3.17,1497,\],optimization.scheduled_cost;optimization.add_path;optimization.solve,src/q3/optimization.py:54;src/q3/optimization.py:73;src/q3/optimization.py:135,test_exact_milp_matches_fixed_min;test_settlement_cancellation_and_repeated_proxy,implemented; bounded-tests-only; full-numerical-evaluation-not-run
Q3-L1499,3.17,1499,当前节点生成的 \(\widetilde g_t^{(k)}\) 会在后续新预报到达后再次优化，因此不能把它当作当前已经发生的真实 adjustment 收费。但未来最终生效量仍将相对当天 \(g_t^0\) 结算，因此为避免 look-ahead 完全忽略未来调整代价，定义代理增量继续成本：,optimization.scheduled_cost;optimization.add_path;optimization.solve,src/q3/optimization.py:54;src/q3/optimization.py:73;src/q3/optimization.py:135,test_exact_milp_matches_fixed_min;test_settlement_cancellation_and_repeated_proxy,implemented; bounded-tests-only; full-numerical-evaluation-not-run
Q3-L1501,3.17,1501,\[,optimization.scheduled_cost;optimization.add_path;optimization.solve,src/q3/optimization.py:54;src/q3/optimization.py:73;src/q3/optimization.py:135,test_exact_milp_matches_fixed_min;test_settlement_cancellation_and_repeated_proxy,implemented; bounded-tests-only; full-numerical-evaluation-not-run
Q3-L1502,3.17,1502,\boxed{,optimization.scheduled_cost;optimization.add_path;optimization.solve,src/q3/optimization.py:54;src/q3/optimization.py:73;src/q3/optimization.py:135,test_exact_milp_matches_fixed_min;test_settlement_cancellation_and_repeated_proxy,implemented; bounded-tests-only; full-numerical-evaluation-not-run
Q3-L1503,3.17,1503,"\widetilde A_t^{\mathrm{sur},(k)}",optimization.scheduled_cost;optimization.add_path;optimization.solve,src/q3/optimization.py:54;src/q3/optimization.py:73;src/q3/optimization.py:135,test_exact_milp_matches_fixed_min;test_settlement_cancellation_and_repeated_proxy,implemented; bounded-tests-only; full-numerical-evaluation-not-run
Q3-L1504,3.17,1504,=,optimization.scheduled_cost;optimization.add_path;optimization.solve,src/q3/optimization.py:54;src/q3/optimization.py:73;src/q3/optimization.py:135,test_exact_milp_matches_fixed_min;test_settlement_cancellation_and_repeated_proxy,implemented; bounded-tests-only; full-numerical-evaluation-not-run
Q3-L1505,3.17,1505,1.5p_t(\widetilde g_t^{(k)}-g_t^0)_+,optimization.scheduled_cost;optimization.add_path;optimization.solve,src/q3/optimization.py:54;src/q3/optimization.py:73;src/q3/optimization.py:135,test_exact_milp_matches_fixed_min;test_settlement_cancellation_and_repeated_proxy,implemented; bounded-tests-only; full-numerical-evaluation-not-run
Q3-L1506,3.17,1506,-,optimization.scheduled_cost;optimization.add_path;optimization.solve,src/q3/optimization.py:54;src/q3/optimization.py:73;src/q3/optimization.py:135,test_exact_milp_matches_fixed_min;test_settlement_cancellation_and_repeated_proxy,implemented; bounded-tests-only; full-numerical-evaluation-not-run
Q3-L1507,3.17,1507,0.5p_t(g_t^0-\widetilde g_t^{(k)})_+.,optimization.scheduled_cost;optimization.add_path;optimization.solve,src/q3/optimization.py:54;src/q3/optimization.py:73;src/q3/optimization.py:135,test_exact_milp_matches_fixed_min;test_settlement_cancellation_and_repeated_proxy,implemented; bounded-tests-only; full-numerical-evaluation-not-run
Q3-L1508,3.17,1508,},optimization.scheduled_cost;optimization.add_path;optimization.solve,src/q3/optimization.py:54;src/q3/optimization.py:73;src/q3/optimization.py:135,test_exact_milp_matches_fixed_min;test_settlement_cancellation_and_repeated_proxy,implemented; bounded-tests-only; full-numerical-evaluation-not-run
Q3-L1509,3.17,1509,\],optimization.scheduled_cost;optimization.add_path;optimization.solve,src/q3/optimization.py:54;src/q3/optimization.py:73;src/q3/optimization.py:135,test_exact_milp_matches_fixed_min;test_settlement_cancellation_and_repeated_proxy,implemented; bounded-tests-only; full-numerical-evaluation-not-run
Q3-L1511,3.17,1511,该项只是 MPC 的 **surrogate continuation cost**，用于估计后续经济代价；它绝不直接进入题目要求报告的真实调整费用。,optimization.scheduled_cost;optimization.add_path;optimization.solve,src/q3/optimization.py:54;src/q3/optimization.py:73;src/q3/optimization.py:135,test_exact_milp_matches_fixed_min;test_settlement_cancellation_and_repeated_proxy,implemented; bounded-tests-only; full-numerical-evaluation-not-run
Q3-L1513,3.17,1513,## 3.17.3 跨日 continuation proxy,optimization.scheduled_cost;optimization.add_path;optimization.solve,src/q3/optimization.py:54;src/q3/optimization.py:73;src/q3/optimization.py:135,test_exact_milp_matches_fixed_min;test_settlement_cancellation_and_repeated_proxy,implemented; bounded-tests-only; full-numerical-evaluation-not-run
Q3-L1515,3.17,1515,对,optimization.scheduled_cost;optimization.add_path;optimization.solve,src/q3/optimization.py:54;src/q3/optimization.py:73;src/q3/optimization.py:135,test_exact_milp_matches_fixed_min;test_settlement_cancellation_and_repeated_proxy,implemented; bounded-tests-only; full-numerical-evaluation-not-run
Q3-L1517,3.17,1517,\[,optimization.scheduled_cost;optimization.add_path;optimization.solve,src/q3/optimization.py:54;src/q3/optimization.py:73;src/q3/optimization.py:135,test_exact_milp_matches_fixed_min;test_settlement_cancellation_and_repeated_proxy,implemented; bounded-tests-only; full-numerical-evaluation-not-run
Q3-L1518,3.17,1518,"t\in\mathcal C_{d,k},",optimization.scheduled_cost;optimization.add_path;optimization.solve,src/q3/optimization.py:54;src/q3/optimization.py:73;src/q3/optimization.py:135,test_exact_milp_matches_fixed_min;test_settlement_cancellation_and_repeated_proxy,implemented; bounded-tests-only; full-numerical-evaluation-not-run
Q3-L1519,3.17,1519,\],optimization.scheduled_cost;optimization.add_path;optimization.solve,src/q3/optimization.py:54;src/q3/optimization.py:73;src/q3/optimization.py:135,test_exact_milp_matches_fixed_min;test_settlement_cancellation_and_repeated_proxy,implemented; bounded-tests-only; full-numerical-evaluation-not-run
Q3-L1521,3.17,1521,该时段属于次日，次日 \(0{:}00\) 会形成新的正式计划，因此不再相对当天 \(g^0\) 计算调整罚金，而采用正常购电成本代理：,optimization.scheduled_cost;optimization.add_path;optimization.solve,src/q3/optimization.py:54;src/q3/optimization.py:73;src/q3/optimization.py:135,test_exact_milp_matches_fixed_min;test_settlement_cancellation_and_repeated_proxy,implemented; bounded-tests-only; full-numerical-evaluation-not-run
Q3-L1523,3.17,1523,\[,optimization.scheduled_cost;optimization.add_path;optimization.solve,src/q3/optimization.py:54;src/q3/optimization.py:73;src/q3/optimization.py:135,test_exact_milp_matches_fixed_min;test_settlement_cancellation_and_repeated_proxy,implemented; bounded-tests-only; full-numerical-evaluation-not-run
Q3-L1524,3.17,1524,\boxed{p_t\widetilde g_t^{(k)}.},optimization.scheduled_cost;optimization.add_path;optimization.solve,src/q3/optimization.py:54;src/q3/optimization.py:73;src/q3/optimization.py:135,test_exact_milp_matches_fixed_min;test_settlement_cancellation_and_repeated_proxy,implemented; bounded-tests-only; full-numerical-evaluation-not-run
Q3-L1525,3.17,1525,\],optimization.scheduled_cost;optimization.add_path;optimization.solve,src/q3/optimization.py:54;src/q3/optimization.py:73;src/q3/optimization.py:135,test_exact_milp_matches_fixed_min;test_settlement_cancellation_and_repeated_proxy,implemented; bounded-tests-only; full-numerical-evaluation-not-run
Q3-L1527,3.17,1527,## 3.17.4 完整滚动目标,optimization.scheduled_cost;optimization.add_path;optimization.solve,src/q3/optimization.py:54;src/q3/optimization.py:73;src/q3/optimization.py:135,test_exact_milp_matches_fixed_min;test_settlement_cancellation_and_repeated_proxy,implemented; bounded-tests-only; full-numerical-evaluation-not-run
Q3-L1529,3.17,1529,于是节点 \(k\) 的风险中性滚动目标写为：,optimization.scheduled_cost;optimization.add_path;optimization.solve,src/q3/optimization.py:54;src/q3/optimization.py:73;src/q3/optimization.py:135,test_exact_milp_matches_fixed_min;test_settlement_cancellation_and_repeated_proxy,implemented; bounded-tests-only; full-numerical-evaluation-not-run
Q3-L1531,3.17,1531,\[,optimization.scheduled_cost;optimization.add_path;optimization.solve,src/q3/optimization.py:54;src/q3/optimization.py:73;src/q3/optimization.py:135,test_exact_milp_matches_fixed_min;test_settlement_cancellation_and_repeated_proxy,implemented; bounded-tests-only; full-numerical-evaluation-not-run
Q3-L1532,3.17,1532,\boxed{,optimization.scheduled_cost;optimization.add_path;optimization.solve,src/q3/optimization.py:54;src/q3/optimization.py:73;src/q3/optimization.py:135,test_exact_milp_matches_fixed_min;test_settlement_cancellation_and_repeated_proxy,implemented; bounded-tests-only; full-numerical-evaluation-not-run
Q3-L1533,3.17,1533,\begin{aligned},optimization.scheduled_cost;optimization.add_path;optimization.solve,src/q3/optimization.py:54;src/q3/optimization.py:73;src/q3/optimization.py:135,test_exact_milp_matches_fixed_min;test_settlement_cancellation_and_repeated_proxy,implemented; bounded-tests-only; full-numerical-evaluation-not-run
Q3-L1534,3.17,1534,\min\quad,optimization.scheduled_cost;optimization.add_path;optimization.solve,src/q3/optimization.py:54;src/q3/optimization.py:73;src/q3/optimization.py:135,test_exact_milp_matches_fixed_min;test_settlement_cancellation_and_repeated_proxy,implemented; bounded-tests-only; full-numerical-evaluation-not-run
Q3-L1535,3.17,1535,"&\sum_{t\in\mathcal B_{d,k}}A_t^{\mathrm{adj},(k)}",optimization.scheduled_cost;optimization.add_path;optimization.solve,src/q3/optimization.py:54;src/q3/optimization.py:73;src/q3/optimization.py:135,test_exact_milp_matches_fixed_min;test_settlement_cancellation_and_repeated_proxy,implemented; bounded-tests-only; full-numerical-evaluation-not-run
Q3-L1536,3.17,1536,"+\sum_{t\in\mathcal P_{d,k}}\widetilde A_t^{\mathrm{sur},(k)}",optimization.scheduled_cost;optimization.add_path;optimization.solve,src/q3/optimization.py:54;src/q3/optimization.py:73;src/q3/optimization.py:135,test_exact_milp_matches_fixed_min;test_settlement_cancellation_and_repeated_proxy,implemented; bounded-tests-only; full-numerical-evaluation-not-run
Q3-L1537,3.17,1537,"+\sum_{t\in\mathcal C_{d,k}}p_t\widetilde g_t^{(k)}",optimization.scheduled_cost;optimization.add_path;optimization.solve,src/q3/optimization.py:54;src/q3/optimization.py:73;src/q3/optimization.py:135,test_exact_milp_matches_fixed_min;test_settlement_cancellation_and_repeated_proxy,implemented; bounded-tests-only; full-numerical-evaluation-not-run
Q3-L1538,3.17,1538,\\,optimization.scheduled_cost;optimization.add_path;optimization.solve,src/q3/optimization.py:54;src/q3/optimization.py:73;src/q3/optimization.py:135,test_exact_milp_matches_fixed_min;test_settlement_cancellation_and_repeated_proxy,implemented; bounded-tests-only; full-numerical-evaluation-not-run
Q3-L1539,3.17,1539,"&+\sum_s\pi_s\sum_{t\in\mathcal H_{d,k}}5p_tq_{t,s}^{\mathrm{em},(k)}",optimization.scheduled_cost;optimization.add_path;optimization.solve,src/q3/optimization.py:54;src/q3/optimization.py:73;src/q3/optimization.py:135,test_exact_milp_matches_fixed_min;test_settlement_cancellation_and_repeated_proxy,implemented; bounded-tests-only; full-numerical-evaluation-not-run
Q3-L1540,3.17,1540,"-\lambda_{E,k}\sum_s\pi_sE_{k+24,s}^{(k)}.",optimization.scheduled_cost;optimization.add_path;optimization.solve,src/q3/optimization.py:54;src/q3/optimization.py:73;src/q3/optimization.py:135,test_exact_milp_matches_fixed_min;test_settlement_cancellation_and_repeated_proxy,implemented; bounded-tests-only; full-numerical-evaluation-not-run
Q3-L1541,3.17,1541,\end{aligned},optimization.scheduled_cost;optimization.add_path;optimization.solve,src/q3/optimization.py:54;src/q3/optimization.py:73;src/q3/optimization.py:135,test_exact_milp_matches_fixed_min;test_settlement_cancellation_and_repeated_proxy,implemented; bounded-tests-only; full-numerical-evaluation-not-run
Q3-L1542,3.17,1542,},optimization.scheduled_cost;optimization.add_path;optimization.solve,src/q3/optimization.py:54;src/q3/optimization.py:73;src/q3/optimization.py:135,test_exact_milp_matches_fixed_min;test_settlement_cancellation_and_repeated_proxy,implemented; bounded-tests-only; full-numerical-evaluation-not-run
Q3-L1543,3.17,1543,\],optimization.scheduled_cost;optimization.add_path;optimization.solve,src/q3/optimization.py:54;src/q3/optimization.py:73;src/q3/optimization.py:135,test_exact_milp_matches_fixed_min;test_settlement_cancellation_and_repeated_proxy,implemented; bounded-tests-only; full-numerical-evaluation-not-run
Q3-L1545,3.17,1545,该目标同时满足三点：,optimization.scheduled_cost;optimization.add_path;optimization.solve,src/q3/optimization.py:54;src/q3/optimization.py:73;src/q3/optimization.py:135,test_exact_milp_matches_fixed_min;test_settlement_cancellation_and_repeated_proxy,implemented; bounded-tests-only; full-numerical-evaluation-not-run
Q3-L1547,3.17,1547,1. 当前 6 h committed block 与最终真实结算完全一致；,optimization.scheduled_cost;optimization.add_path;optimization.solve,src/q3/optimization.py:54;src/q3/optimization.py:73;src/q3/optimization.py:135,test_exact_milp_matches_fixed_min;test_settlement_cancellation_and_repeated_proxy,implemented; bounded-tests-only; full-numerical-evaluation-not-run
Q3-L1548,3.17,1548,2. 下一信息节点之后的临时计划只承担 surrogate continuation cost，不再被误当作已经发生的实际 adjustment；,optimization.scheduled_cost;optimization.add_path;optimization.solve,src/q3/optimization.py:54;src/q3/optimization.py:73;src/q3/optimization.py:135,test_exact_milp_matches_fixed_min;test_settlement_cancellation_and_repeated_proxy,implemented; bounded-tests-only; full-numerical-evaluation-not-run
Q3-L1549,3.17,1549,3. 24 h 末端通过 terminal value 避免过度放电。,optimization.scheduled_cost;optimization.add_path;optimization.solve,src/q3/optimization.py:54;src/q3/optimization.py:73;src/q3/optimization.py:135,test_exact_milp_matches_fixed_min;test_settlement_cancellation_and_repeated_proxy,implemented; bounded-tests-only; full-numerical-evaluation-not-run
Q3-L1551,3.17,1551,## 3.17.5 分段线性反馈的 MILP 确定性等价与显式 Big-\(M\),optimization.scheduled_cost;optimization.add_path;optimization.solve,src/q3/optimization.py:54;src/q3/optimization.py:73;src/q3/optimization.py:135,test_exact_milp_matches_fixed_min;test_settlement_cancellation_and_repeated_proxy,implemented; bounded-tests-only; full-numerical-evaluation-not-run
Q3-L1553,3.17,1553,上述反馈映射中含有 \((\cdot)_+\) 与 \(\min\{\cdot\}\) 运算，均为分段线性关系。为保证求解模型与数学定义一致，引入辅助变量与 0--1 指示变量，将有限场景滚动子问题精确转化为 MILP。,optimization.scheduled_cost;optimization.add_path;optimization.solve,src/q3/optimization.py:54;src/q3/optimization.py:73;src/q3/optimization.py:135,test_exact_milp_matches_fixed_min;test_settlement_cancellation_and_repeated_proxy,implemented; bounded-tests-only; full-numerical-evaluation-not-run
Q3-L1555,3.17,1555,定义,optimization.scheduled_cost;optimization.add_path;optimization.solve,src/q3/optimization.py:54;src/q3/optimization.py:73;src/q3/optimization.py:135,test_exact_milp_matches_fixed_min;test_settlement_cancellation_and_repeated_proxy,implemented; bounded-tests-only; full-numerical-evaluation-not-run
Q3-L1557,3.17,1557,\[,optimization.scheduled_cost;optimization.add_path;optimization.solve,src/q3/optimization.py:54;src/q3/optimization.py:73;src/q3/optimization.py:135,test_exact_milp_matches_fixed_min;test_settlement_cancellation_and_repeated_proxy,implemented; bounded-tests-only; full-numerical-evaluation-not-run
Q3-L1558,3.17,1558,"z_{t,s}^{+}=[x_{t,s}]_+,",optimization.scheduled_cost;optimization.add_path;optimization.solve,src/q3/optimization.py:54;src/q3/optimization.py:73;src/q3/optimization.py:135,test_exact_milp_matches_fixed_min;test_settlement_cancellation_and_repeated_proxy,implemented; bounded-tests-only; full-numerical-evaluation-not-run
Q3-L1559,3.17,1559,\qquad,optimization.scheduled_cost;optimization.add_path;optimization.solve,src/q3/optimization.py:54;src/q3/optimization.py:73;src/q3/optimization.py:135,test_exact_milp_matches_fixed_min;test_settlement_cancellation_and_repeated_proxy,implemented; bounded-tests-only; full-numerical-evaluation-not-run
Q3-L1560,3.17,1560,"z_{t,s}^{-}=[-x_{t,s}]_+,",optimization.scheduled_cost;optimization.add_path;optimization.solve,src/q3/optimization.py:54;src/q3/optimization.py:73;src/q3/optimization.py:135,test_exact_milp_matches_fixed_min;test_settlement_cancellation_and_repeated_proxy,implemented; bounded-tests-only; full-numerical-evaluation-not-run
Q3-L1561,3.17,1561,\],optimization.scheduled_cost;optimization.add_path;optimization.solve,src/q3/optimization.py:54;src/q3/optimization.py:73;src/q3/optimization.py:135,test_exact_milp_matches_fixed_min;test_settlement_cancellation_and_repeated_proxy,implemented; bounded-tests-only; full-numerical-evaluation-not-run
Q3-L1563,3.17,1563,满足,optimization.scheduled_cost;optimization.add_path;optimization.solve,src/q3/optimization.py:54;src/q3/optimization.py:73;src/q3/optimization.py:135,test_exact_milp_matches_fixed_min;test_settlement_cancellation_and_repeated_proxy,implemented; bounded-tests-only; full-numerical-evaluation-not-run
Q3-L1565,3.17,1565,\[,optimization.scheduled_cost;optimization.add_path;optimization.solve,src/q3/optimization.py:54;src/q3/optimization.py:73;src/q3/optimization.py:135,test_exact_milp_matches_fixed_min;test_settlement_cancellation_and_repeated_proxy,implemented; bounded-tests-only; full-numerical-evaluation-not-run
Q3-L1566,3.17,1566,"x_{t,s}=z_{t,s}^{+}-z_{t,s}^{-},",optimization.scheduled_cost;optimization.add_path;optimization.solve,src/q3/optimization.py:54;src/q3/optimization.py:73;src/q3/optimization.py:135,test_exact_milp_matches_fixed_min;test_settlement_cancellation_and_repeated_proxy,implemented; bounded-tests-only; full-numerical-evaluation-not-run
Q3-L1567,3.17,1567,\qquad,optimization.scheduled_cost;optimization.add_path;optimization.solve,src/q3/optimization.py:54;src/q3/optimization.py:73;src/q3/optimization.py:135,test_exact_milp_matches_fixed_min;test_settlement_cancellation_and_repeated_proxy,implemented; bounded-tests-only; full-numerical-evaluation-not-run
Q3-L1568,3.17,1568,"z_{t,s}^{+},z_{t,s}^{-}\ge0.",optimization.scheduled_cost;optimization.add_path;optimization.solve,src/q3/optimization.py:54;src/q3/optimization.py:73;src/q3/optimization.py:135,test_exact_milp_matches_fixed_min;test_settlement_cancellation_and_repeated_proxy,implemented; bounded-tests-only; full-numerical-evaluation-not-run
Q3-L1569,3.17,1569,\],optimization.scheduled_cost;optimization.add_path;optimization.solve,src/q3/optimization.py:54;src/q3/optimization.py:73;src/q3/optimization.py:135,test_exact_milp_matches_fixed_min;test_settlement_cancellation_and_repeated_proxy,implemented; bounded-tests-only; full-numerical-evaluation-not-run
Q3-L1571,3.17,1571,前文已给出,optimization.scheduled_cost;optimization.add_path;optimization.solve,src/q3/optimization.py:54;src/q3/optimization.py:73;src/q3/optimization.py:135,test_exact_milp_matches_fixed_min;test_settlement_cancellation_and_repeated_proxy,implemented; bounded-tests-only; full-numerical-evaluation-not-run
Q3-L1573,3.17,1573,\[,optimization.scheduled_cost;optimization.add_path;optimization.solve,src/q3/optimization.py:54;src/q3/optimization.py:73;src/q3/optimization.py:135,test_exact_milp_matches_fixed_min;test_settlement_cancellation_and_repeated_proxy,implemented; bounded-tests-only; full-numerical-evaluation-not-run
Q3-L1574,3.17,1574,"0\le\gamma_t^{(k)}\le\bar G_t,",optimization.scheduled_cost;optimization.add_path;optimization.solve,src/q3/optimization.py:54;src/q3/optimization.py:73;src/q3/optimization.py:135,test_exact_milp_matches_fixed_min;test_settlement_cancellation_and_repeated_proxy,implemented; bounded-tests-only; full-numerical-evaluation-not-run
Q3-L1575,3.17,1575,\qquad,optimization.scheduled_cost;optimization.add_path;optimization.solve,src/q3/optimization.py:54;src/q3/optimization.py:73;src/q3/optimization.py:135,test_exact_milp_matches_fixed_min;test_settlement_cancellation_and_repeated_proxy,implemented; bounded-tests-only; full-numerical-evaluation-not-run
Q3-L1576,3.17,1576,"\bar G_t=\max_sL_{t,s}^{E}+Q_{\max}.",optimization.scheduled_cost;optimization.add_path;optimization.solve,src/q3/optimization.py:54;src/q3/optimization.py:73;src/q3/optimization.py:135,test_exact_milp_matches_fixed_min;test_settlement_cancellation_and_repeated_proxy,implemented; bounded-tests-only; full-numerical-evaluation-not-run
Q3-L1577,3.17,1577,\],optimization.scheduled_cost;optimization.add_path;optimization.solve,src/q3/optimization.py:54;src/q3/optimization.py:73;src/q3/optimization.py:135,test_exact_milp_matches_fixed_min;test_settlement_cancellation_and_repeated_proxy,implemented; bounded-tests-only; full-numerical-evaluation-not-run
Q3-L1579,3.17,1579,因此对给定场景,optimization.scheduled_cost;optimization.add_path;optimization.solve,src/q3/optimization.py:54;src/q3/optimization.py:73;src/q3/optimization.py:135,test_exact_milp_matches_fixed_min;test_settlement_cancellation_and_repeated_proxy,implemented; bounded-tests-only; full-numerical-evaluation-not-run
Q3-L1581,3.17,1581,\[,optimization.scheduled_cost;optimization.add_path;optimization.solve,src/q3/optimization.py:54;src/q3/optimization.py:73;src/q3/optimization.py:135,test_exact_milp_matches_fixed_min;test_settlement_cancellation_and_repeated_proxy,implemented; bounded-tests-only; full-numerical-evaluation-not-run
Q3-L1582,3.17,1582,"x_{t,s}=n_{t,s}-\gamma_t^{(k)}",optimization.scheduled_cost;optimization.add_path;optimization.solve,src/q3/optimization.py:54;src/q3/optimization.py:73;src/q3/optimization.py:135,test_exact_milp_matches_fixed_min;test_settlement_cancellation_and_repeated_proxy,implemented; bounded-tests-only; full-numerical-evaluation-not-run
Q3-L1583,3.17,1583,\],optimization.scheduled_cost;optimization.add_path;optimization.solve,src/q3/optimization.py:54;src/q3/optimization.py:73;src/q3/optimization.py:135,test_exact_milp_matches_fixed_min;test_settlement_cancellation_and_repeated_proxy,implemented; bounded-tests-only; full-numerical-evaluation-not-run
Q3-L1585,3.17,1585,具有显式有限范围,optimization.scheduled_cost;optimization.add_path;optimization.solve,src/q3/optimization.py:54;src/q3/optimization.py:73;src/q3/optimization.py:135,test_exact_milp_matches_fixed_min;test_settlement_cancellation_and_repeated_proxy,implemented; bounded-tests-only; full-numerical-evaluation-not-run
Q3-L1587,3.17,1587,\[,optimization.scheduled_cost;optimization.add_path;optimization.solve,src/q3/optimization.py:54;src/q3/optimization.py:73;src/q3/optimization.py:135,test_exact_milp_matches_fixed_min;test_settlement_cancellation_and_repeated_proxy,implemented; bounded-tests-only; full-numerical-evaluation-not-run
Q3-L1588,3.17,1588,"n_{t,s}-\bar G_t\le x_{t,s}\le n_{t,s}.",optimization.scheduled_cost;optimization.add_path;optimization.solve,src/q3/optimization.py:54;src/q3/optimization.py:73;src/q3/optimization.py:135,test_exact_milp_matches_fixed_min;test_settlement_cancellation_and_repeated_proxy,implemented; bounded-tests-only; full-numerical-evaluation-not-run
Q3-L1589,3.17,1589,\],optimization.scheduled_cost;optimization.add_path;optimization.solve,src/q3/optimization.py:54;src/q3/optimization.py:73;src/q3/optimization.py:135,test_exact_milp_matches_fixed_min;test_settlement_cancellation_and_repeated_proxy,implemented; bounded-tests-only; full-numerical-evaluation-not-run
Q3-L1591,3.17,1591,可定义安全且场景相关的,optimization.scheduled_cost;optimization.add_path;optimization.solve,src/q3/optimization.py:54;src/q3/optimization.py:73;src/q3/optimization.py:135,test_exact_milp_matches_fixed_min;test_settlement_cancellation_and_repeated_proxy,implemented; bounded-tests-only; full-numerical-evaluation-not-run
Q3-L1593,3.17,1593,\[,optimization.scheduled_cost;optimization.add_path;optimization.solve,src/q3/optimization.py:54;src/q3/optimization.py:73;src/q3/optimization.py:135,test_exact_milp_matches_fixed_min;test_settlement_cancellation_and_repeated_proxy,implemented; bounded-tests-only; full-numerical-evaluation-not-run
Q3-L1594,3.17,1594,\boxed{,optimization.scheduled_cost;optimization.add_path;optimization.solve,src/q3/optimization.py:54;src/q3/optimization.py:73;src/q3/optimization.py:135,test_exact_milp_matches_fixed_min;test_settlement_cancellation_and_repeated_proxy,implemented; bounded-tests-only; full-numerical-evaluation-not-run
Q3-L1595,3.17,1595,"M_{t,s}",optimization.scheduled_cost;optimization.add_path;optimization.solve,src/q3/optimization.py:54;src/q3/optimization.py:73;src/q3/optimization.py:135,test_exact_milp_matches_fixed_min;test_settlement_cancellation_and_repeated_proxy,implemented; bounded-tests-only; full-numerical-evaluation-not-run
Q3-L1596,3.17,1596,=,optimization.scheduled_cost;optimization.add_path;optimization.solve,src/q3/optimization.py:54;src/q3/optimization.py:73;src/q3/optimization.py:135,test_exact_milp_matches_fixed_min;test_settlement_cancellation_and_repeated_proxy,implemented; bounded-tests-only; full-numerical-evaluation-not-run
Q3-L1597,3.17,1597,\max\left\{,optimization.scheduled_cost;optimization.add_path;optimization.solve,src/q3/optimization.py:54;src/q3/optimization.py:73;src/q3/optimization.py:135,test_exact_milp_matches_fixed_min;test_settlement_cancellation_and_repeated_proxy,implemented; bounded-tests-only; full-numerical-evaluation-not-run
Q3-L1598,3.17,1598,"|n_{t,s}|,",optimization.scheduled_cost;optimization.add_path;optimization.solve,src/q3/optimization.py:54;src/q3/optimization.py:73;src/q3/optimization.py:135,test_exact_milp_matches_fixed_min;test_settlement_cancellation_and_repeated_proxy,implemented; bounded-tests-only; full-numerical-evaluation-not-run
Q3-L1599,3.17,1599,"|n_{t,s}-\bar G_t|",optimization.scheduled_cost;optimization.add_path;optimization.solve,src/q3/optimization.py:54;src/q3/optimization.py:73;src/q3/optimization.py:135,test_exact_milp_matches_fixed_min;test_settlement_cancellation_and_repeated_proxy,implemented; bounded-tests-only; full-numerical-evaluation-not-run
Q3-L1600,3.17,1600,\right\}.,optimization.scheduled_cost;optimization.add_path;optimization.solve,src/q3/optimization.py:54;src/q3/optimization.py:73;src/q3/optimization.py:135,test_exact_milp_matches_fixed_min;test_settlement_cancellation_and_repeated_proxy,implemented; bounded-tests-only; full-numerical-evaluation-not-run
Q3-L1601,3.17,1601,},optimization.scheduled_cost;optimization.add_path;optimization.solve,src/q3/optimization.py:54;src/q3/optimization.py:73;src/q3/optimization.py:135,test_exact_milp_matches_fixed_min;test_settlement_cancellation_and_repeated_proxy,implemented; bounded-tests-only; full-numerical-evaluation-not-run
Q3-L1602,3.17,1602,\],optimization.scheduled_cost;optimization.add_path;optimization.solve,src/q3/optimization.py:54;src/q3/optimization.py:73;src/q3/optimization.py:135,test_exact_milp_matches_fixed_min;test_settlement_cancellation_and_repeated_proxy,implemented; bounded-tests-only; full-numerical-evaluation-not-run
Q3-L1604,3.17,1604,"引入 \(b_{t,s}\in\{0,1\}\)：",optimization.scheduled_cost;optimization.add_path;optimization.solve,src/q3/optimization.py:54;src/q3/optimization.py:73;src/q3/optimization.py:135,test_exact_milp_matches_fixed_min;test_settlement_cancellation_and_repeated_proxy,implemented; bounded-tests-only; full-numerical-evaluation-not-run
Q3-L1606,3.17,1606,\[,optimization.scheduled_cost;optimization.add_path;optimization.solve,src/q3/optimization.py:54;src/q3/optimization.py:73;src/q3/optimization.py:135,test_exact_milp_matches_fixed_min;test_settlement_cancellation_and_repeated_proxy,implemented; bounded-tests-only; full-numerical-evaluation-not-run
Q3-L1607,3.17,1607,"0\le z_{t,s}^{+}\le M_{t,s}b_{t,s},",optimization.scheduled_cost;optimization.add_path;optimization.solve,src/q3/optimization.py:54;src/q3/optimization.py:73;src/q3/optimization.py:135,test_exact_milp_matches_fixed_min;test_settlement_cancellation_and_repeated_proxy,implemented; bounded-tests-only; full-numerical-evaluation-not-run
Q3-L1608,3.17,1608,\],optimization.scheduled_cost;optimization.add_path;optimization.solve,src/q3/optimization.py:54;src/q3/optimization.py:73;src/q3/optimization.py:135,test_exact_milp_matches_fixed_min;test_settlement_cancellation_and_repeated_proxy,implemented; bounded-tests-only; full-numerical-evaluation-not-run
Q3-L1610,3.17,1610,\[,optimization.scheduled_cost;optimization.add_path;optimization.solve,src/q3/optimization.py:54;src/q3/optimization.py:73;src/q3/optimization.py:135,test_exact_milp_matches_fixed_min;test_settlement_cancellation_and_repeated_proxy,implemented; bounded-tests-only; full-numerical-evaluation-not-run
Q3-L1611,3.17,1611,"0\le z_{t,s}^{-}\le M_{t,s}(1-b_{t,s}),",optimization.scheduled_cost;optimization.add_path;optimization.solve,src/q3/optimization.py:54;src/q3/optimization.py:73;src/q3/optimization.py:135,test_exact_milp_matches_fixed_min;test_settlement_cancellation_and_repeated_proxy,implemented; bounded-tests-only; full-numerical-evaluation-not-run
Q3-L1612,3.17,1612,\],optimization.scheduled_cost;optimization.add_path;optimization.solve,src/q3/optimization.py:54;src/q3/optimization.py:73;src/q3/optimization.py:135,test_exact_milp_matches_fixed_min;test_settlement_cancellation_and_repeated_proxy,implemented; bounded-tests-only; full-numerical-evaluation-not-run
Q3-L1614,3.17,1614,从而保证同一时段仅有一种净缺口方向。,optimization.scheduled_cost;optimization.add_path;optimization.solve,src/q3/optimization.py:54;src/q3/optimization.py:73;src/q3/optimization.py:135,test_exact_milp_matches_fixed_min;test_settlement_cancellation_and_repeated_proxy,implemented; bounded-tests-only; full-numerical-evaluation-not-run
Q3-L1616,3.17,1616,放电量满足,optimization.scheduled_cost;optimization.add_path;optimization.solve,src/q3/optimization.py:54;src/q3/optimization.py:73;src/q3/optimization.py:135,test_exact_milp_matches_fixed_min;test_settlement_cancellation_and_repeated_proxy,implemented; bounded-tests-only; full-numerical-evaluation-not-run
Q3-L1618,3.17,1618,\[,optimization.scheduled_cost;optimization.add_path;optimization.solve,src/q3/optimization.py:54;src/q3/optimization.py:73;src/q3/optimization.py:135,test_exact_milp_matches_fixed_min;test_settlement_cancellation_and_repeated_proxy,implemented; bounded-tests-only; full-numerical-evaluation-not-run
Q3-L1619,3.17,1619,"r_{t,s}",optimization.scheduled_cost;optimization.add_path;optimization.solve,src/q3/optimization.py:54;src/q3/optimization.py:73;src/q3/optimization.py:135,test_exact_milp_matches_fixed_min;test_settlement_cancellation_and_repeated_proxy,implemented; bounded-tests-only; full-numerical-evaluation-not-run
Q3-L1620,3.17,1620,=,optimization.scheduled_cost;optimization.add_path;optimization.solve,src/q3/optimization.py:54;src/q3/optimization.py:73;src/q3/optimization.py:135,test_exact_milp_matches_fixed_min;test_settlement_cancellation_and_repeated_proxy,implemented; bounded-tests-only; full-numerical-evaluation-not-run
Q3-L1621,3.17,1621,\min\left\{,optimization.scheduled_cost;optimization.add_path;optimization.solve,src/q3/optimization.py:54;src/q3/optimization.py:73;src/q3/optimization.py:135,test_exact_milp_matches_fixed_min;test_settlement_cancellation_and_repeated_proxy,implemented; bounded-tests-only; full-numerical-evaluation-not-run
Q3-L1622,3.17,1622,"\bar r_t,",optimization.scheduled_cost;optimization.add_path;optimization.solve,src/q3/optimization.py:54;src/q3/optimization.py:73;src/q3/optimization.py:135,test_exact_milp_matches_fixed_min;test_settlement_cancellation_and_repeated_proxy,implemented; bounded-tests-only; full-numerical-evaluation-not-run
Q3-L1623,3.17,1623,"z_{t,s}^{+},",optimization.scheduled_cost;optimization.add_path;optimization.solve,src/q3/optimization.py:54;src/q3/optimization.py:73;src/q3/optimization.py:135,test_exact_milp_matches_fixed_min;test_settlement_cancellation_and_repeated_proxy,implemented; bounded-tests-only; full-numerical-evaluation-not-run
Q3-L1624,3.17,1624,"\eta_d(E_{t-1,s}-E_{\min})",optimization.scheduled_cost;optimization.add_path;optimization.solve,src/q3/optimization.py:54;src/q3/optimization.py:73;src/q3/optimization.py:135,test_exact_milp_matches_fixed_min;test_settlement_cancellation_and_repeated_proxy,implemented; bounded-tests-only; full-numerical-evaluation-not-run
Q3-L1625,3.17,1625,"\right\},",optimization.scheduled_cost;optimization.add_path;optimization.solve,src/q3/optimization.py:54;src/q3/optimization.py:73;src/q3/optimization.py:135,test_exact_milp_matches_fixed_min;test_settlement_cancellation_and_repeated_proxy,implemented; bounded-tests-only; full-numerical-evaluation-not-run
Q3-L1626,3.17,1626,\],optimization.scheduled_cost;optimization.add_path;optimization.solve,src/q3/optimization.py:54;src/q3/optimization.py:73;src/q3/optimization.py:135,test_exact_milp_matches_fixed_min;test_settlement_cancellation_and_repeated_proxy,implemented; bounded-tests-only; full-numerical-evaluation-not-run
Q3-L1628,3.17,1628,充电量满足,optimization.scheduled_cost;optimization.add_path;optimization.solve,src/q3/optimization.py:54;src/q3/optimization.py:73;src/q3/optimization.py:135,test_exact_milp_matches_fixed_min;test_settlement_cancellation_and_repeated_proxy,implemented; bounded-tests-only; full-numerical-evaluation-not-run
Q3-L1630,3.17,1630,\[,optimization.scheduled_cost;optimization.add_path;optimization.solve,src/q3/optimization.py:54;src/q3/optimization.py:73;src/q3/optimization.py:135,test_exact_milp_matches_fixed_min;test_settlement_cancellation_and_repeated_proxy,implemented; bounded-tests-only; full-numerical-evaluation-not-run
Q3-L1631,3.17,1631,"c_{t,s}",optimization.scheduled_cost;optimization.add_path;optimization.solve,src/q3/optimization.py:54;src/q3/optimization.py:73;src/q3/optimization.py:135,test_exact_milp_matches_fixed_min;test_settlement_cancellation_and_repeated_proxy,implemented; bounded-tests-only; full-numerical-evaluation-not-run
Q3-L1632,3.17,1632,=,optimization.scheduled_cost;optimization.add_path;optimization.solve,src/q3/optimization.py:54;src/q3/optimization.py:73;src/q3/optimization.py:135,test_exact_milp_matches_fixed_min;test_settlement_cancellation_and_repeated_proxy,implemented; bounded-tests-only; full-numerical-evaluation-not-run
Q3-L1633,3.17,1633,\min\left\{,optimization.scheduled_cost;optimization.add_path;optimization.solve,src/q3/optimization.py:54;src/q3/optimization.py:73;src/q3/optimization.py:135,test_exact_milp_matches_fixed_min;test_settlement_cancellation_and_repeated_proxy,implemented; bounded-tests-only; full-numerical-evaluation-not-run
Q3-L1634,3.17,1634,"\bar c_t,",optimization.scheduled_cost;optimization.add_path;optimization.solve,src/q3/optimization.py:54;src/q3/optimization.py:73;src/q3/optimization.py:135,test_exact_milp_matches_fixed_min;test_settlement_cancellation_and_repeated_proxy,implemented; bounded-tests-only; full-numerical-evaluation-not-run
Q3-L1635,3.17,1635,"z_{t,s}^{-},",optimization.scheduled_cost;optimization.add_path;optimization.solve,src/q3/optimization.py:54;src/q3/optimization.py:73;src/q3/optimization.py:135,test_exact_milp_matches_fixed_min;test_settlement_cancellation_and_repeated_proxy,implemented; bounded-tests-only; full-numerical-evaluation-not-run
Q3-L1636,3.17,1636,"\frac{E_{\max}-E_{t-1,s}}{\eta_c}",optimization.scheduled_cost;optimization.add_path;optimization.solve,src/q3/optimization.py:54;src/q3/optimization.py:73;src/q3/optimization.py:135,test_exact_milp_matches_fixed_min;test_settlement_cancellation_and_repeated_proxy,implemented; bounded-tests-only; full-numerical-evaluation-not-run
Q3-L1637,3.17,1637,\right\}.,optimization.scheduled_cost;optimization.add_path;optimization.solve,src/q3/optimization.py:54;src/q3/optimization.py:73;src/q3/optimization.py:135,test_exact_milp_matches_fixed_min;test_settlement_cancellation_and_repeated_proxy,implemented; bounded-tests-only; full-numerical-evaluation-not-run
Q3-L1638,3.17,1638,\],optimization.scheduled_cost;optimization.add_path;optimization.solve,src/q3/optimization.py:54;src/q3/optimization.py:73;src/q3/optimization.py:135,test_exact_milp_matches_fixed_min;test_settlement_cancellation_and_repeated_proxy,implemented; bounded-tests-only; full-numerical-evaluation-not-run
Q3-L1640,3.17,1640,对这些有限候选上界优先使用求解器原生 indicator/general constraints；若使用 Big-\(M\)，则采用上述变量域推导得到的局部上界，不使用过大的统一常数。,optimization.scheduled_cost;optimization.add_path;optimization.solve,src/q3/optimization.py:54;src/q3/optimization.py:73;src/q3/optimization.py:135,test_exact_milp_matches_fixed_min;test_settlement_cancellation_and_repeated_proxy,implemented; bounded-tests-only; full-numerical-evaluation-not-run
Q3-L1642,3.17,1642,紧急购电与未利用剩余电量分别为,optimization.scheduled_cost;optimization.add_path;optimization.solve,src/q3/optimization.py:54;src/q3/optimization.py:73;src/q3/optimization.py:135,test_exact_milp_matches_fixed_min;test_settlement_cancellation_and_repeated_proxy,implemented; bounded-tests-only; full-numerical-evaluation-not-run
Q3-L1644,3.17,1644,\[,optimization.scheduled_cost;optimization.add_path;optimization.solve,src/q3/optimization.py:54;src/q3/optimization.py:73;src/q3/optimization.py:135,test_exact_milp_matches_fixed_min;test_settlement_cancellation_and_repeated_proxy,implemented; bounded-tests-only; full-numerical-evaluation-not-run
Q3-L1645,3.17,1645,"\boxed{q_{t,s}^{\mathrm{em}}=z_{t,s}^{+}-r_{t,s},}",optimization.scheduled_cost;optimization.add_path;optimization.solve,src/q3/optimization.py:54;src/q3/optimization.py:73;src/q3/optimization.py:135,test_exact_milp_matches_fixed_min;test_settlement_cancellation_and_repeated_proxy,implemented; bounded-tests-only; full-numerical-evaluation-not-run
Q3-L1646,3.17,1646,\],optimization.scheduled_cost;optimization.add_path;optimization.solve,src/q3/optimization.py:54;src/q3/optimization.py:73;src/q3/optimization.py:135,test_exact_milp_matches_fixed_min;test_settlement_cancellation_and_repeated_proxy,implemented; bounded-tests-only; full-numerical-evaluation-not-run
Q3-L1648,3.17,1648,\[,optimization.scheduled_cost;optimization.add_path;optimization.solve,src/q3/optimization.py:54;src/q3/optimization.py:73;src/q3/optimization.py:135,test_exact_milp_matches_fixed_min;test_settlement_cancellation_and_repeated_proxy,implemented; bounded-tests-only; full-numerical-evaluation-not-run
Q3-L1649,3.17,1649,"\boxed{u_{t,s}=z_{t,s}^{-}-c_{t,s}.}",optimization.scheduled_cost;optimization.add_path;optimization.solve,src/q3/optimization.py:54;src/q3/optimization.py:73;src/q3/optimization.py:135,test_exact_milp_matches_fixed_min;test_settlement_cancellation_and_repeated_proxy,implemented; bounded-tests-only; full-numerical-evaluation-not-run
Q3-L1650,3.17,1650,\],optimization.scheduled_cost;optimization.add_path;optimization.solve,src/q3/optimization.py:54;src/q3/optimization.py:73;src/q3/optimization.py:135,test_exact_milp_matches_fixed_min;test_settlement_cancellation_and_repeated_proxy,implemented; bounded-tests-only; full-numerical-evaluation-not-run
Q3-L1652,3.17,1652,因此，每个节点在给定有限场景集后均形成有限场景确定性等价 MILP，可由成熟整数规划求解器获得全局最优解。这里的“全局最优”仅指**给定场景集和参数化反馈策略类下的 MILP 子问题**，不扩大为完整四阶段随机控制问题的全局最优。,optimization.scheduled_cost;optimization.add_path;optimization.solve,src/q3/optimization.py:54;src/q3/optimization.py:73;src/q3/optimization.py:135,test_exact_milp_matches_fixed_min;test_settlement_cancellation_and_repeated_proxy,implemented; bounded-tests-only; full-numerical-evaluation-not-run
Q3-L1654,3.17,1654,---,optimization.scheduled_cost;optimization.add_path;optimization.solve,src/q3/optimization.py:54;src/q3/optimization.py:73;src/q3/optimization.py:135,test_exact_milp_matches_fixed_min;test_settlement_cancellation_and_repeated_proxy,implemented; bounded-tests-only; full-numerical-evaluation-not-run
Q3-L1656,3.18,1656,# 3.18 实际执行与最终生效购电量,rolling.run_day,src/q3/rolling.py:92,test_real_day_rollout_and_template,implemented; bounded-tests-only; full-numerical-evaluation-not-run
Q3-L1658,3.18,1658,"实际运行中，每个后续节点只把当前 committed block 的购电决策锁定为最终执行量；\(\mathcal P_{d,k}\) 和 \(\mathcal C_{d,k}\) 内的 \(\widetilde g\) 均为前瞻代理，不直接进入真实结算。",rolling.run_day,src/q3/rolling.py:92,test_real_day_rollout_and_template,implemented; bounded-tests-only; full-numerical-evaluation-not-run
Q3-L1660,3.18,1660,因此当天最终生效购电量为：,rolling.run_day,src/q3/rolling.py:92,test_real_day_rollout_and_template,implemented; bounded-tests-only; full-numerical-evaluation-not-run
Q3-L1662,3.18,1662,\[,rolling.run_day,src/q3/rolling.py:92,test_real_day_rollout_and_template,implemented; bounded-tests-only; full-numerical-evaluation-not-run
Q3-L1663,3.18,1663,\boxed{,rolling.run_day,src/q3/rolling.py:92,test_real_day_rollout_and_template,implemented; bounded-tests-only; full-numerical-evaluation-not-run
Q3-L1664,3.18,1664,"g_{d,t}^{\mathrm{eff}}",rolling.run_day,src/q3/rolling.py:92,test_real_day_rollout_and_template,implemented; bounded-tests-only; full-numerical-evaluation-not-run
Q3-L1665,3.18,1665,=,rolling.run_day,src/q3/rolling.py:92,test_real_day_rollout_and_template,implemented; bounded-tests-only; full-numerical-evaluation-not-run
Q3-L1666,3.18,1666,\begin{cases},rolling.run_day,src/q3/rolling.py:92,test_real_day_rollout_and_template,implemented; bounded-tests-only; full-numerical-evaluation-not-run
Q3-L1667,3.18,1667,"g_{d,t}^{0},&0{:}00\le t<6{:}00,\\",rolling.run_day,src/q3/rolling.py:92,test_real_day_rollout_and_template,implemented; bounded-tests-only; full-numerical-evaluation-not-run
Q3-L1668,3.18,1668,"g_{d,t}^{(6)},&6{:}00\le t<12{:}00,\\",rolling.run_day,src/q3/rolling.py:92,test_real_day_rollout_and_template,implemented; bounded-tests-only; full-numerical-evaluation-not-run
Q3-L1669,3.18,1669,"g_{d,t}^{(12)},&12{:}00\le t<18{:}00,\\",rolling.run_day,src/q3/rolling.py:92,test_real_day_rollout_and_template,implemented; bounded-tests-only; full-numerical-evaluation-not-run
Q3-L1670,3.18,1670,"g_{d,t}^{(18)},&18{:}00\le t<24{:}00.",rolling.run_day,src/q3/rolling.py:92,test_real_day_rollout_and_template,implemented; bounded-tests-only; full-numerical-evaluation-not-run
Q3-L1671,3.18,1671,\end{cases},rolling.run_day,src/q3/rolling.py:92,test_real_day_rollout_and_template,implemented; bounded-tests-only; full-numerical-evaluation-not-run
Q3-L1672,3.18,1672,},rolling.run_day,src/q3/rolling.py:92,test_real_day_rollout_and_template,implemented; bounded-tests-only; full-numerical-evaluation-not-run
Q3-L1673,3.18,1673,\],rolling.run_day,src/q3/rolling.py:92,test_real_day_rollout_and_template,implemented; bounded-tests-only; full-numerical-evaluation-not-run
Q3-L1675,3.18,1675,例如 \(15{:}00\) 时段在 \(6{:}00\) 节点会有一个前瞻代理量 \(\widetilde g_{15{:}00}^{(6)}\)，但它并未在 \(6{:}00\) 被按真实 adjustment cost 结算。到 \(12{:}00\) 后，模型重新计算并锁定 \(g_{15{:}00}^{(12)}\)，后者才是该时段真正生效并相对 \(g_{15{:}00}^{0}\) 单次结算的购电量。,rolling.run_day,src/q3/rolling.py:92,test_real_day_rollout_and_template,implemented; bounded-tests-only; full-numerical-evaluation-not-run
Q3-L1677,3.18,1677,这种定义与本文采用的“最终生效量相对 \(0{:}00\) 原计划单次结算”口径完全一致，也消除了旧版本中“临时计划在优化目标中被收费、最终结算却不收费”的时间不一致。,rolling.run_day,src/q3/rolling.py:92,test_real_day_rollout_and_template,implemented; bounded-tests-only; full-numerical-evaluation-not-run
Q3-L1679,3.18,1679,---,rolling.run_day,src/q3/rolling.py:92,test_real_day_rollout_and_template,implemented; bounded-tests-only; full-numerical-evaluation-not-run
Q3-L1681,3.19,1681,# 3.19 附件 2 真实逐 10 min 回放,physics.replay;rolling.frame_for,src/q3/physics.py:22;src/q3/rolling.py:28,test_energy_balance_saturation;test_real_day_rollout_and_template,implemented; bounded-tests-only; full-numerical-evaluation-not-run
Q3-L1683,3.19,1683,随机场景只用于规划，最终结果必须使用附件 2 的真实负荷与真实光伏逐 10 min 回放：,physics.replay;rolling.frame_for,src/q3/physics.py:22;src/q3/rolling.py:28,test_energy_balance_saturation;test_real_day_rollout_and_template,implemented; bounded-tests-only; full-numerical-evaluation-not-run
Q3-L1685,3.19,1685,\[,physics.replay;rolling.frame_for,src/q3/physics.py:22;src/q3/rolling.py:28,test_energy_balance_saturation;test_real_day_rollout_and_template,implemented; bounded-tests-only; full-numerical-evaluation-not-run
Q3-L1686,3.19,1686,"L_{d,t}^{\mathrm{real}},",physics.replay;rolling.frame_for,src/q3/physics.py:22;src/q3/rolling.py:28,test_energy_balance_saturation;test_real_day_rollout_and_template,implemented; bounded-tests-only; full-numerical-evaluation-not-run
Q3-L1687,3.19,1687,\qquad,physics.replay;rolling.frame_for,src/q3/physics.py:22;src/q3/rolling.py:28,test_energy_balance_saturation;test_real_day_rollout_and_template,implemented; bounded-tests-only; full-numerical-evaluation-not-run
Q3-L1688,3.19,1688,"P_{d,t}^{PV,\mathrm{real}}.",physics.replay;rolling.frame_for,src/q3/physics.py:22;src/q3/rolling.py:28,test_energy_balance_saturation;test_real_day_rollout_and_template,implemented; bounded-tests-only; full-numerical-evaluation-not-run
Q3-L1689,3.19,1689,\],physics.replay;rolling.frame_for,src/q3/physics.py:22;src/q3/rolling.py:28,test_energy_balance_saturation;test_real_day_rollout_and_template,implemented; bounded-tests-only; full-numerical-evaluation-not-run
Q3-L1691,3.19,1691,定义真实净负荷电量：,physics.replay;rolling.frame_for,src/q3/physics.py:22;src/q3/rolling.py:28,test_energy_balance_saturation;test_real_day_rollout_and_template,implemented; bounded-tests-only; full-numerical-evaluation-not-run
Q3-L1693,3.19,1693,\[,physics.replay;rolling.frame_for,src/q3/physics.py:22;src/q3/rolling.py:28,test_energy_balance_saturation;test_real_day_rollout_and_template,implemented; bounded-tests-only; full-numerical-evaluation-not-run
Q3-L1694,3.19,1694,\boxed{,physics.replay;rolling.frame_for,src/q3/physics.py:22;src/q3/rolling.py:28,test_energy_balance_saturation;test_real_day_rollout_and_template,implemented; bounded-tests-only; full-numerical-evaluation-not-run
Q3-L1695,3.19,1695,"n_{d,t}^{\mathrm{real}}",physics.replay;rolling.frame_for,src/q3/physics.py:22;src/q3/rolling.py:28,test_energy_balance_saturation;test_real_day_rollout_and_template,implemented; bounded-tests-only; full-numerical-evaluation-not-run
Q3-L1696,3.19,1696,=,physics.replay;rolling.frame_for,src/q3/physics.py:22;src/q3/rolling.py:28,test_energy_balance_saturation;test_real_day_rollout_and_template,implemented; bounded-tests-only; full-numerical-evaluation-not-run
Q3-L1697,3.19,1697,\Delta t\left(,physics.replay;rolling.frame_for,src/q3/physics.py:22;src/q3/rolling.py:28,test_energy_balance_saturation;test_real_day_rollout_and_template,implemented; bounded-tests-only; full-numerical-evaluation-not-run
Q3-L1698,3.19,1698,"L_{d,t}^{\mathrm{real}}",physics.replay;rolling.frame_for,src/q3/physics.py:22;src/q3/rolling.py:28,test_energy_balance_saturation;test_real_day_rollout_and_template,implemented; bounded-tests-only; full-numerical-evaluation-not-run
Q3-L1699,3.19,1699,-,physics.replay;rolling.frame_for,src/q3/physics.py:22;src/q3/rolling.py:28,test_energy_balance_saturation;test_real_day_rollout_and_template,implemented; bounded-tests-only; full-numerical-evaluation-not-run
Q3-L1700,3.19,1700,"P_{d,t}^{PV,\mathrm{real}}",physics.replay;rolling.frame_for,src/q3/physics.py:22;src/q3/rolling.py:28,test_energy_balance_saturation;test_real_day_rollout_and_template,implemented; bounded-tests-only; full-numerical-evaluation-not-run
Q3-L1701,3.19,1701,\right).,physics.replay;rolling.frame_for,src/q3/physics.py:22;src/q3/rolling.py:28,test_energy_balance_saturation;test_real_day_rollout_and_template,implemented; bounded-tests-only; full-numerical-evaluation-not-run
Q3-L1702,3.19,1702,},physics.replay;rolling.frame_for,src/q3/physics.py:22;src/q3/rolling.py:28,test_energy_balance_saturation;test_real_day_rollout_and_template,implemented; bounded-tests-only; full-numerical-evaluation-not-run
Q3-L1703,3.19,1703,\],physics.replay;rolling.frame_for,src/q3/physics.py:22;src/q3/rolling.py:28,test_energy_balance_saturation;test_real_day_rollout_and_template,implemented; bounded-tests-only; full-numerical-evaluation-not-run
Q3-L1705,3.19,1705,设当前时段最近一次信息节点为 \(k(t)\)，则,physics.replay;rolling.frame_for,src/q3/physics.py:22;src/q3/rolling.py:28,test_energy_balance_saturation;test_real_day_rollout_and_template,implemented; bounded-tests-only; full-numerical-evaluation-not-run
Q3-L1707,3.19,1707,\[,physics.replay;rolling.frame_for,src/q3/physics.py:22;src/q3/rolling.py:28,test_energy_balance_saturation;test_real_day_rollout_and_template,implemented; bounded-tests-only; full-numerical-evaluation-not-run
Q3-L1708,3.19,1708,"x_{d,t}^{\mathrm{real}}",physics.replay;rolling.frame_for,src/q3/physics.py:22;src/q3/rolling.py:28,test_energy_balance_saturation;test_real_day_rollout_and_template,implemented; bounded-tests-only; full-numerical-evaluation-not-run
Q3-L1709,3.19,1709,=,physics.replay;rolling.frame_for,src/q3/physics.py:22;src/q3/rolling.py:28,test_energy_balance_saturation;test_real_day_rollout_and_template,implemented; bounded-tests-only; full-numerical-evaluation-not-run
Q3-L1710,3.19,1710,"n_{d,t}^{\mathrm{real}}",physics.replay;rolling.frame_for,src/q3/physics.py:22;src/q3/rolling.py:28,test_energy_balance_saturation;test_real_day_rollout_and_template,implemented; bounded-tests-only; full-numerical-evaluation-not-run
Q3-L1711,3.19,1711,-,physics.replay;rolling.frame_for,src/q3/physics.py:22;src/q3/rolling.py:28,test_energy_balance_saturation;test_real_day_rollout_and_template,implemented; bounded-tests-only; full-numerical-evaluation-not-run
Q3-L1712,3.19,1712,"g_{d,t}^{\mathrm{eff}}.",physics.replay;rolling.frame_for,src/q3/physics.py:22;src/q3/rolling.py:28,test_energy_balance_saturation;test_real_day_rollout_and_template,implemented; bounded-tests-only; full-numerical-evaluation-not-run
Q3-L1713,3.19,1713,\],physics.replay;rolling.frame_for,src/q3/physics.py:22;src/q3/rolling.py:28,test_energy_balance_saturation;test_real_day_rollout_and_template,implemented; bounded-tests-only; full-numerical-evaluation-not-run
Q3-L1715,3.19,1715,实际充放电按最近节点已冻结的反馈参数执行：,physics.replay;rolling.frame_for,src/q3/physics.py:22;src/q3/rolling.py:28,test_energy_balance_saturation;test_real_day_rollout_and_template,implemented; bounded-tests-only; full-numerical-evaluation-not-run
Q3-L1717,3.19,1717,\[,physics.replay;rolling.frame_for,src/q3/physics.py:22;src/q3/rolling.py:28,test_energy_balance_saturation;test_real_day_rollout_and_template,implemented; bounded-tests-only; full-numerical-evaluation-not-run
Q3-L1718,3.19,1718,\boxed{,physics.replay;rolling.frame_for,src/q3/physics.py:22;src/q3/rolling.py:28,test_energy_balance_saturation;test_real_day_rollout_and_template,implemented; bounded-tests-only; full-numerical-evaluation-not-run
Q3-L1719,3.19,1719,"r_{d,t}^{\mathrm{real}}",physics.replay;rolling.frame_for,src/q3/physics.py:22;src/q3/rolling.py:28,test_energy_balance_saturation;test_real_day_rollout_and_template,implemented; bounded-tests-only; full-numerical-evaluation-not-run
Q3-L1720,3.19,1720,=,physics.replay;rolling.frame_for,src/q3/physics.py:22;src/q3/rolling.py:28,test_energy_balance_saturation;test_real_day_rollout_and_template,implemented; bounded-tests-only; full-numerical-evaluation-not-run
Q3-L1721,3.19,1721,\min\left\{,physics.replay;rolling.frame_for,src/q3/physics.py:22;src/q3/rolling.py:28,test_energy_balance_saturation;test_real_day_rollout_and_template,implemented; bounded-tests-only; full-numerical-evaluation-not-run
Q3-L1722,3.19,1722,"\bar r_{d,t}^{(k(t))},",physics.replay;rolling.frame_for,src/q3/physics.py:22;src/q3/rolling.py:28,test_energy_balance_saturation;test_real_day_rollout_and_template,implemented; bounded-tests-only; full-numerical-evaluation-not-run
Q3-L1723,3.19,1723,"[x_{d,t}^{\mathrm{real}}]_+,",physics.replay;rolling.frame_for,src/q3/physics.py:22;src/q3/rolling.py:28,test_energy_balance_saturation;test_real_day_rollout_and_template,implemented; bounded-tests-only; full-numerical-evaluation-not-run
Q3-L1724,3.19,1724,"\eta_d(E_{d,t-1}^{\mathrm{real}}-E_{\min})",physics.replay;rolling.frame_for,src/q3/physics.py:22;src/q3/rolling.py:28,test_energy_balance_saturation;test_real_day_rollout_and_template,implemented; bounded-tests-only; full-numerical-evaluation-not-run
Q3-L1725,3.19,1725,"\right\},",physics.replay;rolling.frame_for,src/q3/physics.py:22;src/q3/rolling.py:28,test_energy_balance_saturation;test_real_day_rollout_and_template,implemented; bounded-tests-only; full-numerical-evaluation-not-run
Q3-L1726,3.19,1726,},physics.replay;rolling.frame_for,src/q3/physics.py:22;src/q3/rolling.py:28,test_energy_balance_saturation;test_real_day_rollout_and_template,implemented; bounded-tests-only; full-numerical-evaluation-not-run
Q3-L1727,3.19,1727,\],physics.replay;rolling.frame_for,src/q3/physics.py:22;src/q3/rolling.py:28,test_energy_balance_saturation;test_real_day_rollout_and_template,implemented; bounded-tests-only; full-numerical-evaluation-not-run
Q3-L1729,3.19,1729,\[,physics.replay;rolling.frame_for,src/q3/physics.py:22;src/q3/rolling.py:28,test_energy_balance_saturation;test_real_day_rollout_and_template,implemented; bounded-tests-only; full-numerical-evaluation-not-run
Q3-L1730,3.19,1730,\boxed{,physics.replay;rolling.frame_for,src/q3/physics.py:22;src/q3/rolling.py:28,test_energy_balance_saturation;test_real_day_rollout_and_template,implemented; bounded-tests-only; full-numerical-evaluation-not-run
Q3-L1731,3.19,1731,"c_{d,t}^{\mathrm{real}}",physics.replay;rolling.frame_for,src/q3/physics.py:22;src/q3/rolling.py:28,test_energy_balance_saturation;test_real_day_rollout_and_template,implemented; bounded-tests-only; full-numerical-evaluation-not-run
Q3-L1732,3.19,1732,=,physics.replay;rolling.frame_for,src/q3/physics.py:22;src/q3/rolling.py:28,test_energy_balance_saturation;test_real_day_rollout_and_template,implemented; bounded-tests-only; full-numerical-evaluation-not-run
Q3-L1733,3.19,1733,\min\left\{,physics.replay;rolling.frame_for,src/q3/physics.py:22;src/q3/rolling.py:28,test_energy_balance_saturation;test_real_day_rollout_and_template,implemented; bounded-tests-only; full-numerical-evaluation-not-run
Q3-L1734,3.19,1734,"\bar c_{d,t}^{(k(t))},",physics.replay;rolling.frame_for,src/q3/physics.py:22;src/q3/rolling.py:28,test_energy_balance_saturation;test_real_day_rollout_and_template,implemented; bounded-tests-only; full-numerical-evaluation-not-run
Q3-L1735,3.19,1735,"[-x_{d,t}^{\mathrm{real}}]_+,",physics.replay;rolling.frame_for,src/q3/physics.py:22;src/q3/rolling.py:28,test_energy_balance_saturation;test_real_day_rollout_and_template,implemented; bounded-tests-only; full-numerical-evaluation-not-run
Q3-L1736,3.19,1736,"\frac{E_{\max}-E_{d,t-1}^{\mathrm{real}}}{\eta_c}",physics.replay;rolling.frame_for,src/q3/physics.py:22;src/q3/rolling.py:28,test_energy_balance_saturation;test_real_day_rollout_and_template,implemented; bounded-tests-only; full-numerical-evaluation-not-run
Q3-L1737,3.19,1737,\right\}.,physics.replay;rolling.frame_for,src/q3/physics.py:22;src/q3/rolling.py:28,test_energy_balance_saturation;test_real_day_rollout_and_template,implemented; bounded-tests-only; full-numerical-evaluation-not-run
Q3-L1738,3.19,1738,},physics.replay;rolling.frame_for,src/q3/physics.py:22;src/q3/rolling.py:28,test_energy_balance_saturation;test_real_day_rollout_and_template,implemented; bounded-tests-only; full-numerical-evaluation-not-run
Q3-L1739,3.19,1739,\],physics.replay;rolling.frame_for,src/q3/physics.py:22;src/q3/rolling.py:28,test_energy_balance_saturation;test_real_day_rollout_and_template,implemented; bounded-tests-only; full-numerical-evaluation-not-run
Q3-L1741,3.19,1741,真实紧急购电：,physics.replay;rolling.frame_for,src/q3/physics.py:22;src/q3/rolling.py:28,test_energy_balance_saturation;test_real_day_rollout_and_template,implemented; bounded-tests-only; full-numerical-evaluation-not-run
Q3-L1743,3.19,1743,\[,physics.replay;rolling.frame_for,src/q3/physics.py:22;src/q3/rolling.py:28,test_energy_balance_saturation;test_real_day_rollout_and_template,implemented; bounded-tests-only; full-numerical-evaluation-not-run
Q3-L1744,3.19,1744,\boxed{,physics.replay;rolling.frame_for,src/q3/physics.py:22;src/q3/rolling.py:28,test_energy_balance_saturation;test_real_day_rollout_and_template,implemented; bounded-tests-only; full-numerical-evaluation-not-run
Q3-L1745,3.19,1745,"q_{d,t}^{\mathrm{em,real}}",physics.replay;rolling.frame_for,src/q3/physics.py:22;src/q3/rolling.py:28,test_energy_balance_saturation;test_real_day_rollout_and_template,implemented; bounded-tests-only; full-numerical-evaluation-not-run
Q3-L1746,3.19,1746,=,physics.replay;rolling.frame_for,src/q3/physics.py:22;src/q3/rolling.py:28,test_energy_balance_saturation;test_real_day_rollout_and_template,implemented; bounded-tests-only; full-numerical-evaluation-not-run
Q3-L1747,3.19,1747,\left[,physics.replay;rolling.frame_for,src/q3/physics.py:22;src/q3/rolling.py:28,test_energy_balance_saturation;test_real_day_rollout_and_template,implemented; bounded-tests-only; full-numerical-evaluation-not-run
Q3-L1748,3.19,1748,"n_{d,t}^{\mathrm{real}}",physics.replay;rolling.frame_for,src/q3/physics.py:22;src/q3/rolling.py:28,test_energy_balance_saturation;test_real_day_rollout_and_template,implemented; bounded-tests-only; full-numerical-evaluation-not-run
Q3-L1749,3.19,1749,-,physics.replay;rolling.frame_for,src/q3/physics.py:22;src/q3/rolling.py:28,test_energy_balance_saturation;test_real_day_rollout_and_template,implemented; bounded-tests-only; full-numerical-evaluation-not-run
Q3-L1750,3.19,1750,"g_{d,t}^{\mathrm{eff}}",physics.replay;rolling.frame_for,src/q3/physics.py:22;src/q3/rolling.py:28,test_energy_balance_saturation;test_real_day_rollout_and_template,implemented; bounded-tests-only; full-numerical-evaluation-not-run
Q3-L1751,3.19,1751,-,physics.replay;rolling.frame_for,src/q3/physics.py:22;src/q3/rolling.py:28,test_energy_balance_saturation;test_real_day_rollout_and_template,implemented; bounded-tests-only; full-numerical-evaluation-not-run
Q3-L1752,3.19,1752,"r_{d,t}^{\mathrm{real}}",physics.replay;rolling.frame_for,src/q3/physics.py:22;src/q3/rolling.py:28,test_energy_balance_saturation;test_real_day_rollout_and_template,implemented; bounded-tests-only; full-numerical-evaluation-not-run
Q3-L1753,3.19,1753,\right]_+.,physics.replay;rolling.frame_for,src/q3/physics.py:22;src/q3/rolling.py:28,test_energy_balance_saturation;test_real_day_rollout_and_template,implemented; bounded-tests-only; full-numerical-evaluation-not-run
Q3-L1754,3.19,1754,},physics.replay;rolling.frame_for,src/q3/physics.py:22;src/q3/rolling.py:28,test_energy_balance_saturation;test_real_day_rollout_and_template,implemented; bounded-tests-only; full-numerical-evaluation-not-run
Q3-L1755,3.19,1755,\],physics.replay;rolling.frame_for,src/q3/physics.py:22;src/q3/rolling.py:28,test_energy_balance_saturation;test_real_day_rollout_and_template,implemented; bounded-tests-only; full-numerical-evaluation-not-run
Q3-L1757,3.19,1757,真实未利用剩余电量：,physics.replay;rolling.frame_for,src/q3/physics.py:22;src/q3/rolling.py:28,test_energy_balance_saturation;test_real_day_rollout_and_template,implemented; bounded-tests-only; full-numerical-evaluation-not-run
Q3-L1759,3.19,1759,\[,physics.replay;rolling.frame_for,src/q3/physics.py:22;src/q3/rolling.py:28,test_energy_balance_saturation;test_real_day_rollout_and_template,implemented; bounded-tests-only; full-numerical-evaluation-not-run
Q3-L1760,3.19,1760,\boxed{,physics.replay;rolling.frame_for,src/q3/physics.py:22;src/q3/rolling.py:28,test_energy_balance_saturation;test_real_day_rollout_and_template,implemented; bounded-tests-only; full-numerical-evaluation-not-run
Q3-L1761,3.19,1761,"u_{d,t}^{\mathrm{real}}",physics.replay;rolling.frame_for,src/q3/physics.py:22;src/q3/rolling.py:28,test_energy_balance_saturation;test_real_day_rollout_and_template,implemented; bounded-tests-only; full-numerical-evaluation-not-run
Q3-L1762,3.19,1762,=,physics.replay;rolling.frame_for,src/q3/physics.py:22;src/q3/rolling.py:28,test_energy_balance_saturation;test_real_day_rollout_and_template,implemented; bounded-tests-only; full-numerical-evaluation-not-run
Q3-L1763,3.19,1763,\left[,physics.replay;rolling.frame_for,src/q3/physics.py:22;src/q3/rolling.py:28,test_energy_balance_saturation;test_real_day_rollout_and_template,implemented; bounded-tests-only; full-numerical-evaluation-not-run
Q3-L1764,3.19,1764,"g_{d,t}^{\mathrm{eff}}",physics.replay;rolling.frame_for,src/q3/physics.py:22;src/q3/rolling.py:28,test_energy_balance_saturation;test_real_day_rollout_and_template,implemented; bounded-tests-only; full-numerical-evaluation-not-run
Q3-L1765,3.19,1765,"+r_{d,t}^{\mathrm{real}}",physics.replay;rolling.frame_for,src/q3/physics.py:22;src/q3/rolling.py:28,test_energy_balance_saturation;test_real_day_rollout_and_template,implemented; bounded-tests-only; full-numerical-evaluation-not-run
Q3-L1766,3.19,1766,"-n_{d,t}^{\mathrm{real}}",physics.replay;rolling.frame_for,src/q3/physics.py:22;src/q3/rolling.py:28,test_energy_balance_saturation;test_real_day_rollout_and_template,implemented; bounded-tests-only; full-numerical-evaluation-not-run
Q3-L1767,3.19,1767,"-c_{d,t}^{\mathrm{real}}",physics.replay;rolling.frame_for,src/q3/physics.py:22;src/q3/rolling.py:28,test_energy_balance_saturation;test_real_day_rollout_and_template,implemented; bounded-tests-only; full-numerical-evaluation-not-run
Q3-L1768,3.19,1768,\right]_+.,physics.replay;rolling.frame_for,src/q3/physics.py:22;src/q3/rolling.py:28,test_energy_balance_saturation;test_real_day_rollout_and_template,implemented; bounded-tests-only; full-numerical-evaluation-not-run
Q3-L1769,3.19,1769,},physics.replay;rolling.frame_for,src/q3/physics.py:22;src/q3/rolling.py:28,test_energy_balance_saturation;test_real_day_rollout_and_template,implemented; bounded-tests-only; full-numerical-evaluation-not-run
Q3-L1770,3.19,1770,\],physics.replay;rolling.frame_for,src/q3/physics.py:22;src/q3/rolling.py:28,test_energy_balance_saturation;test_real_day_rollout_and_template,implemented; bounded-tests-only; full-numerical-evaluation-not-run
Q3-L1772,3.19,1772,"同样，\(u_{d,t}^{\mathrm{real}}\) 是 spill energy，不强行解释为纯弃光。",physics.replay;rolling.frame_for,src/q3/physics.py:22;src/q3/rolling.py:28,test_energy_balance_saturation;test_real_day_rollout_and_template,implemented; bounded-tests-only; full-numerical-evaluation-not-run
Q3-L1774,3.19,1774,真实 SOC：,physics.replay;rolling.frame_for,src/q3/physics.py:22;src/q3/rolling.py:28,test_energy_balance_saturation;test_real_day_rollout_and_template,implemented; bounded-tests-only; full-numerical-evaluation-not-run
Q3-L1776,3.19,1776,\[,physics.replay;rolling.frame_for,src/q3/physics.py:22;src/q3/rolling.py:28,test_energy_balance_saturation;test_real_day_rollout_and_template,implemented; bounded-tests-only; full-numerical-evaluation-not-run
Q3-L1777,3.19,1777,\boxed{,physics.replay;rolling.frame_for,src/q3/physics.py:22;src/q3/rolling.py:28,test_energy_balance_saturation;test_real_day_rollout_and_template,implemented; bounded-tests-only; full-numerical-evaluation-not-run
Q3-L1778,3.19,1778,"E_{d,t}^{\mathrm{real}}",physics.replay;rolling.frame_for,src/q3/physics.py:22;src/q3/rolling.py:28,test_energy_balance_saturation;test_real_day_rollout_and_template,implemented; bounded-tests-only; full-numerical-evaluation-not-run
Q3-L1779,3.19,1779,=,physics.replay;rolling.frame_for,src/q3/physics.py:22;src/q3/rolling.py:28,test_energy_balance_saturation;test_real_day_rollout_and_template,implemented; bounded-tests-only; full-numerical-evaluation-not-run
Q3-L1780,3.19,1780,"E_{d,t-1}^{\mathrm{real}}",physics.replay;rolling.frame_for,src/q3/physics.py:22;src/q3/rolling.py:28,test_energy_balance_saturation;test_real_day_rollout_and_template,implemented; bounded-tests-only; full-numerical-evaluation-not-run
Q3-L1781,3.19,1781,"+0.9c_{d,t}^{\mathrm{real}}",physics.replay;rolling.frame_for,src/q3/physics.py:22;src/q3/rolling.py:28,test_energy_balance_saturation;test_real_day_rollout_and_template,implemented; bounded-tests-only; full-numerical-evaluation-not-run
Q3-L1782,3.19,1782,"-\frac{r_{d,t}^{\mathrm{real}}}{0.9}.",physics.replay;rolling.frame_for,src/q3/physics.py:22;src/q3/rolling.py:28,test_energy_balance_saturation;test_real_day_rollout_and_template,implemented; bounded-tests-only; full-numerical-evaluation-not-run
Q3-L1783,3.19,1783,},physics.replay;rolling.frame_for,src/q3/physics.py:22;src/q3/rolling.py:28,test_energy_balance_saturation;test_real_day_rollout_and_template,implemented; bounded-tests-only; full-numerical-evaluation-not-run
Q3-L1784,3.19,1784,\],physics.replay;rolling.frame_for,src/q3/physics.py:22;src/q3/rolling.py:28,test_energy_balance_saturation;test_real_day_rollout_and_template,implemented; bounded-tests-only; full-numerical-evaluation-not-run
Q3-L1786,3.19,1786,当天 \(24{:}00\) 的真实 SOC 直接传递到下一天：,physics.replay;rolling.frame_for,src/q3/physics.py:22;src/q3/rolling.py:28,test_energy_balance_saturation;test_real_day_rollout_and_template,implemented; bounded-tests-only; full-numerical-evaluation-not-run
Q3-L1788,3.19,1788,\[,physics.replay;rolling.frame_for,src/q3/physics.py:22;src/q3/rolling.py:28,test_energy_balance_saturation;test_real_day_rollout_and_template,implemented; bounded-tests-only; full-numerical-evaluation-not-run
Q3-L1789,3.19,1789,\boxed{,physics.replay;rolling.frame_for,src/q3/physics.py:22;src/q3/rolling.py:28,test_energy_balance_saturation;test_real_day_rollout_and_template,implemented; bounded-tests-only; full-numerical-evaluation-not-run
Q3-L1790,3.19,1790,"E_{d+1,0}^{\mathrm{real}}",physics.replay;rolling.frame_for,src/q3/physics.py:22;src/q3/rolling.py:28,test_energy_balance_saturation;test_real_day_rollout_and_template,implemented; bounded-tests-only; full-numerical-evaluation-not-run
Q3-L1791,3.19,1791,=,physics.replay;rolling.frame_for,src/q3/physics.py:22;src/q3/rolling.py:28,test_energy_balance_saturation;test_real_day_rollout_and_template,implemented; bounded-tests-only; full-numerical-evaluation-not-run
Q3-L1792,3.19,1792,"E_{d,144}^{\mathrm{real}}.",physics.replay;rolling.frame_for,src/q3/physics.py:22;src/q3/rolling.py:28,test_energy_balance_saturation;test_real_day_rollout_and_template,implemented; bounded-tests-only; full-numerical-evaluation-not-run
Q3-L1793,3.19,1793,},physics.replay;rolling.frame_for,src/q3/physics.py:22;src/q3/rolling.py:28,test_energy_balance_saturation;test_real_day_rollout_and_template,implemented; bounded-tests-only; full-numerical-evaluation-not-run
Q3-L1794,3.19,1794,\],physics.replay;rolling.frame_for,src/q3/physics.py:22;src/q3/rolling.py:28,test_energy_balance_saturation;test_real_day_rollout_and_template,implemented; bounded-tests-only; full-numerical-evaluation-not-run
Q3-L1796,3.19,1796,---,physics.replay;rolling.frame_for,src/q3/physics.py:22;src/q3/rolling.py:28,test_energy_balance_saturation;test_real_day_rollout_and_template,implemented; bounded-tests-only; full-numerical-evaluation-not-run
Q3-L1798,3.20,1798,# 3.20 区间内因果实时反馈的 10 min 聚合近似,physics.replay;optimization.add_path,src/q3/physics.py:22;src/q3/optimization.py:73,test_lag_does_not_observe_current;test_exact_milp_matches_fixed_min,implemented; bounded-tests-only; full-numerical-evaluation-not-run
Q3-L1800,3.20,1800,附件 2 只提供 10 min 粒度的实际负荷和实际光伏，而真实储能控制器可以在 10 min 区间内部以更高频率读取当前功率与 SOC。为避免把“区间末统计得到的完整平均净负荷”错误地解释为区间起点已知信息，本文明确区分**物理执行层**和**数据回放层**。,physics.replay;optimization.add_path,src/q3/physics.py:22;src/q3/optimization.py:73,test_lag_does_not_observe_current;test_exact_milp_matches_fixed_min,implemented; bounded-tests-only; full-numerical-evaluation-not-run
Q3-L1802,3.20,1802,设第 \(t\) 个时隙为,physics.replay;optimization.add_path,src/q3/physics.py:22;src/q3/optimization.py:73,test_lag_does_not_observe_current;test_exact_milp_matches_fixed_min,implemented; bounded-tests-only; full-numerical-evaluation-not-run
Q3-L1804,3.20,1804,\[,physics.replay;optimization.add_path,src/q3/physics.py:22;src/q3/optimization.py:73,test_lag_does_not_observe_current;test_exact_milp_matches_fixed_min,implemented; bounded-tests-only; full-numerical-evaluation-not-run
Q3-L1805,3.20,1805,\boxed{,physics.replay;optimization.add_path,src/q3/physics.py:22;src/q3/optimization.py:73,test_lag_does_not_observe_current;test_exact_milp_matches_fixed_min,implemented; bounded-tests-only; full-numerical-evaluation-not-run
Q3-L1806,3.20,1806,"I_t=(\tau_{t-1},\tau_t],",physics.replay;optimization.add_path,src/q3/physics.py:22;src/q3/optimization.py:73,test_lag_does_not_observe_current;test_exact_milp_matches_fixed_min,implemented; bounded-tests-only; full-numerical-evaluation-not-run
Q3-L1807,3.20,1807,\qquad,physics.replay;optimization.add_path,src/q3/physics.py:22;src/q3/optimization.py:73,test_lag_does_not_observe_current;test_exact_milp_matches_fixed_min,implemented; bounded-tests-only; full-numerical-evaluation-not-run
Q3-L1808,3.20,1808,\tau_t-\tau_{t-1}=10\text{ min}.,physics.replay;optimization.add_path,src/q3/physics.py:22;src/q3/optimization.py:73,test_lag_does_not_observe_current;test_exact_milp_matches_fixed_min,implemented; bounded-tests-only; full-numerical-evaluation-not-run
Q3-L1809,3.20,1809,},physics.replay;optimization.add_path,src/q3/physics.py:22;src/q3/optimization.py:73,test_lag_does_not_observe_current;test_exact_milp_matches_fixed_min,implemented; bounded-tests-only; full-numerical-evaluation-not-run
Q3-L1810,3.20,1810,\],physics.replay;optimization.add_path,src/q3/physics.py:22;src/q3/optimization.py:73,test_lag_does_not_observe_current;test_exact_milp_matches_fixed_min,implemented; bounded-tests-only; full-numerical-evaluation-not-run
Q3-L1812,3.20,1812,在物理执行层，对任意 \(\tau\in I_t\)，定义瞬时净负荷功率,physics.replay;optimization.add_path,src/q3/physics.py:22;src/q3/optimization.py:73,test_lag_does_not_observe_current;test_exact_milp_matches_fixed_min,implemented; bounded-tests-only; full-numerical-evaluation-not-run
Q3-L1814,3.20,1814,\[,physics.replay;optimization.add_path,src/q3/physics.py:22;src/q3/optimization.py:73,test_lag_does_not_observe_current;test_exact_milp_matches_fixed_min,implemented; bounded-tests-only; full-numerical-evaluation-not-run
Q3-L1815,3.20,1815,\nu(\tau)=P^L(\tau)-P^{PV}(\tau).,physics.replay;optimization.add_path,src/q3/physics.py:22;src/q3/optimization.py:73,test_lag_does_not_observe_current;test_exact_milp_matches_fixed_min,implemented; bounded-tests-only; full-numerical-evaluation-not-run
Q3-L1816,3.20,1816,\],physics.replay;optimization.add_path,src/q3/physics.py:22;src/q3/optimization.py:73,test_lag_does_not_observe_current;test_exact_milp_matches_fixed_min,implemented; bounded-tests-only; full-numerical-evaluation-not-run
Q3-L1818,3.20,1818,"节点 \(k(t)\) 已经冻结响应上限 \(\bar c_t^{(k(t))},\bar r_t^{(k(t))}\)。区间内部控制器在时刻 \(\tau\) 只能使用信息集",physics.replay;optimization.add_path,src/q3/physics.py:22;src/q3/optimization.py:73,test_lag_does_not_observe_current;test_exact_milp_matches_fixed_min,implemented; bounded-tests-only; full-numerical-evaluation-not-run
Q3-L1820,3.20,1820,\[,physics.replay;optimization.add_path,src/q3/physics.py:22;src/q3/optimization.py:73,test_lag_does_not_observe_current;test_exact_milp_matches_fixed_min,implemented; bounded-tests-only; full-numerical-evaluation-not-run
Q3-L1821,3.20,1821,\mathcal I_\tau,physics.replay;optimization.add_path,src/q3/physics.py:22;src/q3/optimization.py:73,test_lag_does_not_observe_current;test_exact_milp_matches_fixed_min,implemented; bounded-tests-only; full-numerical-evaluation-not-run
Q3-L1822,3.20,1822,=,physics.replay;optimization.add_path,src/q3/physics.py:22;src/q3/optimization.py:73,test_lag_does_not_observe_current;test_exact_milp_matches_fixed_min,implemented; bounded-tests-only; full-numerical-evaluation-not-run
Q3-L1823,3.20,1823,"\sigma\{\nu(s),E(s):s\le\tau\},",physics.replay;optimization.add_path,src/q3/physics.py:22;src/q3/optimization.py:73,test_lag_does_not_observe_current;test_exact_milp_matches_fixed_min,implemented; bounded-tests-only; full-numerical-evaluation-not-run
Q3-L1824,3.20,1824,\],physics.replay;optimization.add_path,src/q3/physics.py:22;src/q3/optimization.py:73,test_lag_does_not_observe_current;test_exact_milp_matches_fixed_min,implemented; bounded-tests-only; full-numerical-evaluation-not-run
Q3-L1826,3.20,1826,因此瞬时充放电满足,physics.replay;optimization.add_path,src/q3/physics.py:22;src/q3/optimization.py:73,test_lag_does_not_observe_current;test_exact_milp_matches_fixed_min,implemented; bounded-tests-only; full-numerical-evaluation-not-run
Q3-L1828,3.20,1828,\[,physics.replay;optimization.add_path,src/q3/physics.py:22;src/q3/optimization.py:73,test_lag_does_not_observe_current;test_exact_milp_matches_fixed_min,implemented; bounded-tests-only; full-numerical-evaluation-not-run
Q3-L1829,3.20,1829,"(c(\tau),r(\tau))",physics.replay;optimization.add_path,src/q3/physics.py:22;src/q3/optimization.py:73,test_lag_does_not_observe_current;test_exact_milp_matches_fixed_min,implemented; bounded-tests-only; full-numerical-evaluation-not-run
Q3-L1830,3.20,1830,=,physics.replay;optimization.add_path,src/q3/physics.py:22;src/q3/optimization.py:73,test_lag_does_not_observe_current;test_exact_milp_matches_fixed_min,implemented; bounded-tests-only; full-numerical-evaluation-not-run
Q3-L1831,3.20,1831,\phi_t\!,physics.replay;optimization.add_path,src/q3/physics.py:22;src/q3/optimization.py:73,test_lag_does_not_observe_current;test_exact_milp_matches_fixed_min,implemented; bounded-tests-only; full-numerical-evaluation-not-run
Q3-L1832,3.20,1832,\left(,physics.replay;optimization.add_path,src/q3/physics.py:22;src/q3/optimization.py:73,test_lag_does_not_observe_current;test_exact_milp_matches_fixed_min,implemented; bounded-tests-only; full-numerical-evaluation-not-run
Q3-L1833,3.20,1833,\mathcal I_\tau;,physics.replay;optimization.add_path,src/q3/physics.py:22;src/q3/optimization.py:73,test_lag_does_not_observe_current;test_exact_milp_matches_fixed_min,implemented; bounded-tests-only; full-numerical-evaluation-not-run
Q3-L1834,3.20,1834,"\bar c_t^{(k(t))},",physics.replay;optimization.add_path,src/q3/physics.py:22;src/q3/optimization.py:73,test_lag_does_not_observe_current;test_exact_milp_matches_fixed_min,implemented; bounded-tests-only; full-numerical-evaluation-not-run
Q3-L1835,3.20,1835,\bar r_t^{(k(t))},physics.replay;optimization.add_path,src/q3/physics.py:22;src/q3/optimization.py:73,test_lag_does_not_observe_current;test_exact_milp_matches_fixed_min,implemented; bounded-tests-only; full-numerical-evaluation-not-run
Q3-L1836,3.20,1836,"\right),",physics.replay;optimization.add_path,src/q3/physics.py:22;src/q3/optimization.py:73,test_lag_does_not_observe_current;test_exact_milp_matches_fixed_min,implemented; bounded-tests-only; full-numerical-evaluation-not-run
Q3-L1837,3.20,1837,\],physics.replay;optimization.add_path,src/q3/physics.py:22;src/q3/optimization.py:73,test_lag_does_not_observe_current;test_exact_milp_matches_fixed_min,implemented; bounded-tests-only; full-numerical-evaluation-not-run
Q3-L1839,3.20,1839,且不得依赖 \(s>\tau\) 的未来信息。10 min 结束后，实际聚合电量为,physics.replay;optimization.add_path,src/q3/physics.py:22;src/q3/optimization.py:73,test_lag_does_not_observe_current;test_exact_milp_matches_fixed_min,implemented; bounded-tests-only; full-numerical-evaluation-not-run
Q3-L1841,3.20,1841,\[,physics.replay;optimization.add_path,src/q3/physics.py:22;src/q3/optimization.py:73,test_lag_does_not_observe_current;test_exact_milp_matches_fixed_min,implemented; bounded-tests-only; full-numerical-evaluation-not-run
Q3-L1842,3.20,1842,\boxed{,physics.replay;optimization.add_path,src/q3/physics.py:22;src/q3/optimization.py:73,test_lag_does_not_observe_current;test_exact_milp_matches_fixed_min,implemented; bounded-tests-only; full-numerical-evaluation-not-run
Q3-L1843,3.20,1843,"c_t=\int_{I_t}c(\tau)\,d\tau,",physics.replay;optimization.add_path,src/q3/physics.py:22;src/q3/optimization.py:73,test_lag_does_not_observe_current;test_exact_milp_matches_fixed_min,implemented; bounded-tests-only; full-numerical-evaluation-not-run
Q3-L1844,3.20,1844,\qquad,physics.replay;optimization.add_path,src/q3/physics.py:22;src/q3/optimization.py:73,test_lag_does_not_observe_current;test_exact_milp_matches_fixed_min,implemented; bounded-tests-only; full-numerical-evaluation-not-run
Q3-L1845,3.20,1845,"r_t=\int_{I_t}r(\tau)\,d\tau.",physics.replay;optimization.add_path,src/q3/physics.py:22;src/q3/optimization.py:73,test_lag_does_not_observe_current;test_exact_milp_matches_fixed_min,implemented; bounded-tests-only; full-numerical-evaluation-not-run
Q3-L1846,3.20,1846,},physics.replay;optimization.add_path,src/q3/physics.py:22;src/q3/optimization.py:73,test_lag_does_not_observe_current;test_exact_milp_matches_fixed_min,implemented; bounded-tests-only; full-numerical-evaluation-not-run
Q3-L1847,3.20,1847,\],physics.replay;optimization.add_path,src/q3/physics.py:22;src/q3/optimization.py:73,test_lag_does_not_observe_current;test_exact_milp_matches_fixed_min,implemented; bounded-tests-only; full-numerical-evaluation-not-run
Q3-L1849,3.20,1849,"附件 2 并未提供上述亚 10 min 轨迹，因此正式代码无法直接重建 \(c(\tau),r(\tau)\)。第 3.14 和第 3.19 节使用",physics.replay;optimization.add_path,src/q3/physics.py:22;src/q3/optimization.py:73,test_lag_does_not_observe_current;test_exact_milp_matches_fixed_min,implemented; bounded-tests-only; full-numerical-evaluation-not-run
Q3-L1851,3.20,1851,\[,physics.replay;optimization.add_path,src/q3/physics.py:22;src/q3/optimization.py:73,test_lag_does_not_observe_current;test_exact_milp_matches_fixed_min,implemented; bounded-tests-only; full-numerical-evaluation-not-run
Q3-L1852,3.20,1852,"n_{d,t}^{\mathrm{real}}",physics.replay;optimization.add_path,src/q3/physics.py:22;src/q3/optimization.py:73,test_lag_does_not_observe_current;test_exact_milp_matches_fixed_min,implemented; bounded-tests-only; full-numerical-evaluation-not-run
Q3-L1853,3.20,1853,=,physics.replay;optimization.add_path,src/q3/physics.py:22;src/q3/optimization.py:73,test_lag_does_not_observe_current;test_exact_milp_matches_fixed_min,implemented; bounded-tests-only; full-numerical-evaluation-not-run
Q3-L1854,3.20,1854,\Delta t\left(,physics.replay;optimization.add_path,src/q3/physics.py:22;src/q3/optimization.py:73,test_lag_does_not_observe_current;test_exact_milp_matches_fixed_min,implemented; bounded-tests-only; full-numerical-evaluation-not-run
Q3-L1855,3.20,1855,"L_{d,t}^{\mathrm{real}}-P_{d,t}^{PV,\mathrm{real}}",physics.replay;optimization.add_path,src/q3/physics.py:22;src/q3/optimization.py:73,test_lag_does_not_observe_current;test_exact_milp_matches_fixed_min,implemented; bounded-tests-only; full-numerical-evaluation-not-run
Q3-L1856,3.20,1856,\right),physics.replay;optimization.add_path,src/q3/physics.py:22;src/q3/optimization.py:73,test_lag_does_not_observe_current;test_exact_milp_matches_fixed_min,implemented; bounded-tests-only; full-numerical-evaluation-not-run
Q3-L1857,3.20,1857,\],physics.replay;optimization.add_path,src/q3/physics.py:22;src/q3/optimization.py:73,test_lag_does_not_observe_current;test_exact_milp_matches_fixed_min,implemented; bounded-tests-only; full-numerical-evaluation-not-run
Q3-L1859,3.20,1859,"代入饱和反馈式得到 \(c_t,r_t\)，应理解为",physics.replay;optimization.add_path,src/q3/physics.py:22;src/q3/optimization.py:73,test_lag_does_not_observe_current;test_exact_milp_matches_fixed_min,implemented; bounded-tests-only; full-numerical-evaluation-not-run
Q3-L1861,3.20,1861,\[,physics.replay;optimization.add_path,src/q3/physics.py:22;src/q3/optimization.py:73,test_lag_does_not_observe_current;test_exact_milp_matches_fixed_min,implemented; bounded-tests-only; full-numerical-evaluation-not-run
Q3-L1862,3.20,1862,\boxed{,physics.replay;optimization.add_path,src/q3/physics.py:22;src/q3/optimization.py:73,test_lag_does_not_observe_current;test_exact_milp_matches_fixed_min,implemented; bounded-tests-only; full-numerical-evaluation-not-run
Q3-L1863,3.20,1863,\text{区间内实时因果反馈},physics.replay;optimization.add_path,src/q3/physics.py:22;src/q3/optimization.py:73,test_lag_does_not_observe_current;test_exact_milp_matches_fixed_min,implemented; bounded-tests-only; full-numerical-evaluation-not-run
Q3-L1864,3.20,1864,\longrightarrow,physics.replay;optimization.add_path,src/q3/physics.py:22;src/q3/optimization.py:73,test_lag_does_not_observe_current;test_exact_milp_matches_fixed_min,implemented; bounded-tests-only; full-numerical-evaluation-not-run
Q3-L1865,3.20,1865,\text{10 min 聚合响应},physics.replay;optimization.add_path,src/q3/physics.py:22;src/q3/optimization.py:73,test_lag_does_not_observe_current;test_exact_milp_matches_fixed_min,implemented; bounded-tests-only; full-numerical-evaluation-not-run
Q3-L1866,3.20,1866,},physics.replay;optimization.add_path,src/q3/physics.py:22;src/q3/optimization.py:73,test_lag_does_not_observe_current;test_exact_milp_matches_fixed_min,implemented; bounded-tests-only; full-numerical-evaluation-not-run
Q3-L1867,3.20,1867,\],physics.replay;optimization.add_path,src/q3/physics.py:22;src/q3/optimization.py:73,test_lag_does_not_observe_current;test_exact_milp_matches_fixed_min,implemented; bounded-tests-only; full-numerical-evaluation-not-run
Q3-L1869,3.20,1869,的离散近似，而不是“\(\tau_{t-1}\) 时已经知道整个 \(I_t\) 的 \(n_t^{\mathrm{real}}\)”。这一假设与当前代码一致，但本文不声称附件 2 能够验证更细时间尺度上的真实控制轨迹。,physics.replay;optimization.add_path,src/q3/physics.py:22;src/q3/optimization.py:73,test_lag_does_not_observe_current;test_exact_milp_matches_fixed_min,implemented; bounded-tests-only; full-numerical-evaluation-not-run
Q3-L1871,3.20,1871,为检验该近似是否对主要经济结论产生实质影响，另构造一个**严格离散保守对照**：第 \(t\) 个时隙的储能动作仅使用截至 \(\tau_{t-1}\) 已经完整实现的信息，即以 \(n_{t-1}^{\mathrm{real}}\) 和 \(E_{t-1}\) 生成当前时隙反馈，当前 \(n_t^{\mathrm{real}}\) 的剩余缺口只能由紧急购电平衡。该 lag-one-slot 模型不作为主模型，只用于敏感性分析。若两种执行口径下全年成本、紧急购电量以及 \(FIV/OUV\) 排序基本稳定，则说明主结论不依赖较强的区间内快速反馈假设。,physics.replay;optimization.add_path,src/q3/physics.py:22;src/q3/optimization.py:73,test_lag_does_not_observe_current;test_exact_milp_matches_fixed_min,implemented; bounded-tests-only; full-numerical-evaluation-not-run
Q3-L1873,3.20,1873,---,physics.replay;optimization.add_path,src/q3/physics.py:22;src/q3/optimization.py:73,test_lag_does_not_observe_current;test_exact_milp_matches_fixed_min,implemented; bounded-tests-only; full-numerical-evaluation-not-run
Q3-L1875,3.21,1875,# 3.21 最终真实费用,physics.adjustment;rolling.validate_frame;export.summaries,src/q3/physics.py:17;src/q3/rolling.py:156;src/q3/export.py:39,test_settlement_cancellation_and_repeated_proxy;test_solution_objective_uses_residual_not_real_cost,implemented; bounded-tests-only; full-numerical-evaluation-not-run
Q3-L1877,3.21,1877,全天原计划购电费用：,physics.adjustment;rolling.validate_frame;export.summaries,src/q3/physics.py:17;src/q3/rolling.py:156;src/q3/export.py:39,test_settlement_cancellation_and_repeated_proxy;test_solution_objective_uses_residual_not_real_cost,implemented; bounded-tests-only; full-numerical-evaluation-not-run
Q3-L1879,3.21,1879,\[,physics.adjustment;rolling.validate_frame;export.summaries,src/q3/physics.py:17;src/q3/rolling.py:156;src/q3/export.py:39,test_settlement_cancellation_and_repeated_proxy;test_solution_objective_uses_residual_not_real_cost,implemented; bounded-tests-only; full-numerical-evaluation-not-run
Q3-L1880,3.21,1880,\boxed{,physics.adjustment;rolling.validate_frame;export.summaries,src/q3/physics.py:17;src/q3/rolling.py:156;src/q3/export.py:39,test_settlement_cancellation_and_repeated_proxy;test_solution_objective_uses_residual_not_real_cost,implemented; bounded-tests-only; full-numerical-evaluation-not-run
Q3-L1881,3.21,1881,C_d^{\mathrm{plan}},physics.adjustment;rolling.validate_frame;export.summaries,src/q3/physics.py:17;src/q3/rolling.py:156;src/q3/export.py:39,test_settlement_cancellation_and_repeated_proxy;test_solution_objective_uses_residual_not_real_cost,implemented; bounded-tests-only; full-numerical-evaluation-not-run
Q3-L1882,3.21,1882,=,physics.adjustment;rolling.validate_frame;export.summaries,src/q3/physics.py:17;src/q3/rolling.py:156;src/q3/export.py:39,test_settlement_cancellation_and_repeated_proxy;test_solution_objective_uses_residual_not_real_cost,implemented; bounded-tests-only; full-numerical-evaluation-not-run
Q3-L1883,3.21,1883,\sum_t,physics.adjustment;rolling.validate_frame;export.summaries,src/q3/physics.py:17;src/q3/rolling.py:156;src/q3/export.py:39,test_settlement_cancellation_and_repeated_proxy;test_solution_objective_uses_residual_not_real_cost,implemented; bounded-tests-only; full-numerical-evaluation-not-run
Q3-L1884,3.21,1884,"p_tg_{d,t}^{0}.",physics.adjustment;rolling.validate_frame;export.summaries,src/q3/physics.py:17;src/q3/rolling.py:156;src/q3/export.py:39,test_settlement_cancellation_and_repeated_proxy;test_solution_objective_uses_residual_not_real_cost,implemented; bounded-tests-only; full-numerical-evaluation-not-run
Q3-L1885,3.21,1885,},physics.adjustment;rolling.validate_frame;export.summaries,src/q3/physics.py:17;src/q3/rolling.py:156;src/q3/export.py:39,test_settlement_cancellation_and_repeated_proxy;test_solution_objective_uses_residual_not_real_cost,implemented; bounded-tests-only; full-numerical-evaluation-not-run
Q3-L1886,3.21,1886,\],physics.adjustment;rolling.validate_frame;export.summaries,src/q3/physics.py:17;src/q3/rolling.py:156;src/q3/export.py:39,test_settlement_cancellation_and_repeated_proxy;test_solution_objective_uses_residual_not_real_cost,implemented; bounded-tests-only; full-numerical-evaluation-not-run
Q3-L1888,3.21,1888,定义最终：,physics.adjustment;rolling.validate_frame;export.summaries,src/q3/physics.py:17;src/q3/rolling.py:156;src/q3/export.py:39,test_settlement_cancellation_and_repeated_proxy;test_solution_objective_uses_residual_not_real_cost,implemented; bounded-tests-only; full-numerical-evaluation-not-run
Q3-L1890,3.21,1890,\[,physics.adjustment;rolling.validate_frame;export.summaries,src/q3/physics.py:17;src/q3/rolling.py:156;src/q3/export.py:39,test_settlement_cancellation_and_repeated_proxy;test_solution_objective_uses_residual_not_real_cost,implemented; bounded-tests-only; full-numerical-evaluation-not-run
Q3-L1891,3.21,1891,"\Delta_{d,t}^{+}",physics.adjustment;rolling.validate_frame;export.summaries,src/q3/physics.py:17;src/q3/rolling.py:156;src/q3/export.py:39,test_settlement_cancellation_and_repeated_proxy;test_solution_objective_uses_residual_not_real_cost,implemented; bounded-tests-only; full-numerical-evaluation-not-run
Q3-L1892,3.21,1892,=,physics.adjustment;rolling.validate_frame;export.summaries,src/q3/physics.py:17;src/q3/rolling.py:156;src/q3/export.py:39,test_settlement_cancellation_and_repeated_proxy;test_solution_objective_uses_residual_not_real_cost,implemented; bounded-tests-only; full-numerical-evaluation-not-run
Q3-L1893,3.21,1893,"(g_{d,t}^{\mathrm{eff}}-g_{d,t}^{0})_+,",physics.adjustment;rolling.validate_frame;export.summaries,src/q3/physics.py:17;src/q3/rolling.py:156;src/q3/export.py:39,test_settlement_cancellation_and_repeated_proxy;test_solution_objective_uses_residual_not_real_cost,implemented; bounded-tests-only; full-numerical-evaluation-not-run
Q3-L1894,3.21,1894,\],physics.adjustment;rolling.validate_frame;export.summaries,src/q3/physics.py:17;src/q3/rolling.py:156;src/q3/export.py:39,test_settlement_cancellation_and_repeated_proxy;test_solution_objective_uses_residual_not_real_cost,implemented; bounded-tests-only; full-numerical-evaluation-not-run
Q3-L1896,3.21,1896,\[,physics.adjustment;rolling.validate_frame;export.summaries,src/q3/physics.py:17;src/q3/rolling.py:156;src/q3/export.py:39,test_settlement_cancellation_and_repeated_proxy;test_solution_objective_uses_residual_not_real_cost,implemented; bounded-tests-only; full-numerical-evaluation-not-run
Q3-L1897,3.21,1897,"\Delta_{d,t}^{-}",physics.adjustment;rolling.validate_frame;export.summaries,src/q3/physics.py:17;src/q3/rolling.py:156;src/q3/export.py:39,test_settlement_cancellation_and_repeated_proxy;test_solution_objective_uses_residual_not_real_cost,implemented; bounded-tests-only; full-numerical-evaluation-not-run
Q3-L1898,3.21,1898,=,physics.adjustment;rolling.validate_frame;export.summaries,src/q3/physics.py:17;src/q3/rolling.py:156;src/q3/export.py:39,test_settlement_cancellation_and_repeated_proxy;test_solution_objective_uses_residual_not_real_cost,implemented; bounded-tests-only; full-numerical-evaluation-not-run
Q3-L1899,3.21,1899,"(g_{d,t}^{0}-g_{d,t}^{\mathrm{eff}})_+.",physics.adjustment;rolling.validate_frame;export.summaries,src/q3/physics.py:17;src/q3/rolling.py:156;src/q3/export.py:39,test_settlement_cancellation_and_repeated_proxy;test_solution_objective_uses_residual_not_real_cost,implemented; bounded-tests-only; full-numerical-evaluation-not-run
Q3-L1900,3.21,1900,\],physics.adjustment;rolling.validate_frame;export.summaries,src/q3/physics.py:17;src/q3/rolling.py:156;src/q3/export.py:39,test_settlement_cancellation_and_repeated_proxy;test_solution_objective_uses_residual_not_real_cost,implemented; bounded-tests-only; full-numerical-evaluation-not-run
Q3-L1902,3.21,1902,调整相关净费用：,physics.adjustment;rolling.validate_frame;export.summaries,src/q3/physics.py:17;src/q3/rolling.py:156;src/q3/export.py:39,test_settlement_cancellation_and_repeated_proxy;test_solution_objective_uses_residual_not_real_cost,implemented; bounded-tests-only; full-numerical-evaluation-not-run
Q3-L1904,3.21,1904,\[,physics.adjustment;rolling.validate_frame;export.summaries,src/q3/physics.py:17;src/q3/rolling.py:156;src/q3/export.py:39,test_settlement_cancellation_and_repeated_proxy;test_solution_objective_uses_residual_not_real_cost,implemented; bounded-tests-only; full-numerical-evaluation-not-run
Q3-L1905,3.21,1905,\boxed{,physics.adjustment;rolling.validate_frame;export.summaries,src/q3/physics.py:17;src/q3/rolling.py:156;src/q3/export.py:39,test_settlement_cancellation_and_repeated_proxy;test_solution_objective_uses_residual_not_real_cost,implemented; bounded-tests-only; full-numerical-evaluation-not-run
Q3-L1906,3.21,1906,C_d^{\mathrm{adjust}},physics.adjustment;rolling.validate_frame;export.summaries,src/q3/physics.py:17;src/q3/rolling.py:156;src/q3/export.py:39,test_settlement_cancellation_and_repeated_proxy;test_solution_objective_uses_residual_not_real_cost,implemented; bounded-tests-only; full-numerical-evaluation-not-run
Q3-L1907,3.21,1907,=,physics.adjustment;rolling.validate_frame;export.summaries,src/q3/physics.py:17;src/q3/rolling.py:156;src/q3/export.py:39,test_settlement_cancellation_and_repeated_proxy;test_solution_objective_uses_residual_not_real_cost,implemented; bounded-tests-only; full-numerical-evaluation-not-run
Q3-L1908,3.21,1908,\sum_t,physics.adjustment;rolling.validate_frame;export.summaries,src/q3/physics.py:17;src/q3/rolling.py:156;src/q3/export.py:39,test_settlement_cancellation_and_repeated_proxy;test_solution_objective_uses_residual_not_real_cost,implemented; bounded-tests-only; full-numerical-evaluation-not-run
Q3-L1909,3.21,1909,\left[,physics.adjustment;rolling.validate_frame;export.summaries,src/q3/physics.py:17;src/q3/rolling.py:156;src/q3/export.py:39,test_settlement_cancellation_and_repeated_proxy;test_solution_objective_uses_residual_not_real_cost,implemented; bounded-tests-only; full-numerical-evaluation-not-run
Q3-L1910,3.21,1910,"1.5p_t\Delta_{d,t}^{+}",physics.adjustment;rolling.validate_frame;export.summaries,src/q3/physics.py:17;src/q3/rolling.py:156;src/q3/export.py:39,test_settlement_cancellation_and_repeated_proxy;test_solution_objective_uses_residual_not_real_cost,implemented; bounded-tests-only; full-numerical-evaluation-not-run
Q3-L1911,3.21,1911,-,physics.adjustment;rolling.validate_frame;export.summaries,src/q3/physics.py:17;src/q3/rolling.py:156;src/q3/export.py:39,test_settlement_cancellation_and_repeated_proxy;test_solution_objective_uses_residual_not_real_cost,implemented; bounded-tests-only; full-numerical-evaluation-not-run
Q3-L1912,3.21,1912,"0.5p_t\Delta_{d,t}^{-}",physics.adjustment;rolling.validate_frame;export.summaries,src/q3/physics.py:17;src/q3/rolling.py:156;src/q3/export.py:39,test_settlement_cancellation_and_repeated_proxy;test_solution_objective_uses_residual_not_real_cost,implemented; bounded-tests-only; full-numerical-evaluation-not-run
Q3-L1913,3.21,1913,\right].,physics.adjustment;rolling.validate_frame;export.summaries,src/q3/physics.py:17;src/q3/rolling.py:156;src/q3/export.py:39,test_settlement_cancellation_and_repeated_proxy;test_solution_objective_uses_residual_not_real_cost,implemented; bounded-tests-only; full-numerical-evaluation-not-run
Q3-L1914,3.21,1914,},physics.adjustment;rolling.validate_frame;export.summaries,src/q3/physics.py:17;src/q3/rolling.py:156;src/q3/export.py:39,test_settlement_cancellation_and_repeated_proxy;test_solution_objective_uses_residual_not_real_cost,implemented; bounded-tests-only; full-numerical-evaluation-not-run
Q3-L1915,3.21,1915,\],physics.adjustment;rolling.validate_frame;export.summaries,src/q3/physics.py:17;src/q3/rolling.py:156;src/q3/export.py:39,test_settlement_cancellation_and_repeated_proxy;test_solution_objective_uses_residual_not_real_cost,implemented; bounded-tests-only; full-numerical-evaluation-not-run
Q3-L1917,3.21,1917,紧急购电费用：,physics.adjustment;rolling.validate_frame;export.summaries,src/q3/physics.py:17;src/q3/rolling.py:156;src/q3/export.py:39,test_settlement_cancellation_and_repeated_proxy;test_solution_objective_uses_residual_not_real_cost,implemented; bounded-tests-only; full-numerical-evaluation-not-run
Q3-L1919,3.21,1919,\[,physics.adjustment;rolling.validate_frame;export.summaries,src/q3/physics.py:17;src/q3/rolling.py:156;src/q3/export.py:39,test_settlement_cancellation_and_repeated_proxy;test_solution_objective_uses_residual_not_real_cost,implemented; bounded-tests-only; full-numerical-evaluation-not-run
Q3-L1920,3.21,1920,\boxed{,physics.adjustment;rolling.validate_frame;export.summaries,src/q3/physics.py:17;src/q3/rolling.py:156;src/q3/export.py:39,test_settlement_cancellation_and_repeated_proxy;test_solution_objective_uses_residual_not_real_cost,implemented; bounded-tests-only; full-numerical-evaluation-not-run
Q3-L1921,3.21,1921,C_d^{\mathrm{em}},physics.adjustment;rolling.validate_frame;export.summaries,src/q3/physics.py:17;src/q3/rolling.py:156;src/q3/export.py:39,test_settlement_cancellation_and_repeated_proxy;test_solution_objective_uses_residual_not_real_cost,implemented; bounded-tests-only; full-numerical-evaluation-not-run
Q3-L1922,3.21,1922,=,physics.adjustment;rolling.validate_frame;export.summaries,src/q3/physics.py:17;src/q3/rolling.py:156;src/q3/export.py:39,test_settlement_cancellation_and_repeated_proxy;test_solution_objective_uses_residual_not_real_cost,implemented; bounded-tests-only; full-numerical-evaluation-not-run
Q3-L1923,3.21,1923,\sum_t,physics.adjustment;rolling.validate_frame;export.summaries,src/q3/physics.py:17;src/q3/rolling.py:156;src/q3/export.py:39,test_settlement_cancellation_and_repeated_proxy;test_solution_objective_uses_residual_not_real_cost,implemented; bounded-tests-only; full-numerical-evaluation-not-run
Q3-L1924,3.21,1924,5p_t,physics.adjustment;rolling.validate_frame;export.summaries,src/q3/physics.py:17;src/q3/rolling.py:156;src/q3/export.py:39,test_settlement_cancellation_and_repeated_proxy;test_solution_objective_uses_residual_not_real_cost,implemented; bounded-tests-only; full-numerical-evaluation-not-run
Q3-L1925,3.21,1925,"q_{d,t}^{\mathrm{em,real}}.",physics.adjustment;rolling.validate_frame;export.summaries,src/q3/physics.py:17;src/q3/rolling.py:156;src/q3/export.py:39,test_settlement_cancellation_and_repeated_proxy;test_solution_objective_uses_residual_not_real_cost,implemented; bounded-tests-only; full-numerical-evaluation-not-run
Q3-L1926,3.21,1926,},physics.adjustment;rolling.validate_frame;export.summaries,src/q3/physics.py:17;src/q3/rolling.py:156;src/q3/export.py:39,test_settlement_cancellation_and_repeated_proxy;test_solution_objective_uses_residual_not_real_cost,implemented; bounded-tests-only; full-numerical-evaluation-not-run
Q3-L1927,3.21,1927,\],physics.adjustment;rolling.validate_frame;export.summaries,src/q3/physics.py:17;src/q3/rolling.py:156;src/q3/export.py:39,test_settlement_cancellation_and_repeated_proxy;test_solution_objective_uses_residual_not_real_cost,implemented; bounded-tests-only; full-numerical-evaluation-not-run
Q3-L1929,3.21,1929,于是全天真实总费用：,physics.adjustment;rolling.validate_frame;export.summaries,src/q3/physics.py:17;src/q3/rolling.py:156;src/q3/export.py:39,test_settlement_cancellation_and_repeated_proxy;test_solution_objective_uses_residual_not_real_cost,implemented; bounded-tests-only; full-numerical-evaluation-not-run
Q3-L1931,3.21,1931,\[,physics.adjustment;rolling.validate_frame;export.summaries,src/q3/physics.py:17;src/q3/rolling.py:156;src/q3/export.py:39,test_settlement_cancellation_and_repeated_proxy;test_solution_objective_uses_residual_not_real_cost,implemented; bounded-tests-only; full-numerical-evaluation-not-run
Q3-L1932,3.21,1932,\boxed{,physics.adjustment;rolling.validate_frame;export.summaries,src/q3/physics.py:17;src/q3/rolling.py:156;src/q3/export.py:39,test_settlement_cancellation_and_repeated_proxy;test_solution_objective_uses_residual_not_real_cost,implemented; bounded-tests-only; full-numerical-evaluation-not-run
Q3-L1933,3.21,1933,C_d^{\mathrm{total}},physics.adjustment;rolling.validate_frame;export.summaries,src/q3/physics.py:17;src/q3/rolling.py:156;src/q3/export.py:39,test_settlement_cancellation_and_repeated_proxy;test_solution_objective_uses_residual_not_real_cost,implemented; bounded-tests-only; full-numerical-evaluation-not-run
Q3-L1934,3.21,1934,=,physics.adjustment;rolling.validate_frame;export.summaries,src/q3/physics.py:17;src/q3/rolling.py:156;src/q3/export.py:39,test_settlement_cancellation_and_repeated_proxy;test_solution_objective_uses_residual_not_real_cost,implemented; bounded-tests-only; full-numerical-evaluation-not-run
Q3-L1935,3.21,1935,C_d^{\mathrm{plan}},physics.adjustment;rolling.validate_frame;export.summaries,src/q3/physics.py:17;src/q3/rolling.py:156;src/q3/export.py:39,test_settlement_cancellation_and_repeated_proxy;test_solution_objective_uses_residual_not_real_cost,implemented; bounded-tests-only; full-numerical-evaluation-not-run
Q3-L1936,3.21,1936,+,physics.adjustment;rolling.validate_frame;export.summaries,src/q3/physics.py:17;src/q3/rolling.py:156;src/q3/export.py:39,test_settlement_cancellation_and_repeated_proxy;test_solution_objective_uses_residual_not_real_cost,implemented; bounded-tests-only; full-numerical-evaluation-not-run
Q3-L1937,3.21,1937,C_d^{\mathrm{adjust}},physics.adjustment;rolling.validate_frame;export.summaries,src/q3/physics.py:17;src/q3/rolling.py:156;src/q3/export.py:39,test_settlement_cancellation_and_repeated_proxy;test_solution_objective_uses_residual_not_real_cost,implemented; bounded-tests-only; full-numerical-evaluation-not-run
Q3-L1938,3.21,1938,+,physics.adjustment;rolling.validate_frame;export.summaries,src/q3/physics.py:17;src/q3/rolling.py:156;src/q3/export.py:39,test_settlement_cancellation_and_repeated_proxy;test_solution_objective_uses_residual_not_real_cost,implemented; bounded-tests-only; full-numerical-evaluation-not-run
Q3-L1939,3.21,1939,C_d^{\mathrm{em}}.,physics.adjustment;rolling.validate_frame;export.summaries,src/q3/physics.py:17;src/q3/rolling.py:156;src/q3/export.py:39,test_settlement_cancellation_and_repeated_proxy;test_solution_objective_uses_residual_not_real_cost,implemented; bounded-tests-only; full-numerical-evaluation-not-run
Q3-L1940,3.21,1940,},physics.adjustment;rolling.validate_frame;export.summaries,src/q3/physics.py:17;src/q3/rolling.py:156;src/q3/export.py:39,test_settlement_cancellation_and_repeated_proxy;test_solution_objective_uses_residual_not_real_cost,implemented; bounded-tests-only; full-numerical-evaluation-not-run
Q3-L1941,3.21,1941,\],physics.adjustment;rolling.validate_frame;export.summaries,src/q3/physics.py:17;src/q3/rolling.py:156;src/q3/export.py:39,test_settlement_cancellation_and_repeated_proxy;test_solution_objective_uses_residual_not_real_cost,implemented; bounded-tests-only; full-numerical-evaluation-not-run
Q3-L1943,3.21,1943,其中：,physics.adjustment;rolling.validate_frame;export.summaries,src/q3/physics.py:17;src/q3/rolling.py:156;src/q3/export.py:39,test_settlement_cancellation_and_repeated_proxy;test_solution_objective_uses_residual_not_real_cost,implemented; bounded-tests-only; full-numerical-evaluation-not-run
Q3-L1945,3.21,1945,\[,physics.adjustment;rolling.validate_frame;export.summaries,src/q3/physics.py:17;src/q3/rolling.py:156;src/q3/export.py:39,test_settlement_cancellation_and_repeated_proxy;test_solution_objective_uses_residual_not_real_cost,implemented; bounded-tests-only; full-numerical-evaluation-not-run
Q3-L1946,3.21,1946,C_d^{\mathrm{adjust}}<0,physics.adjustment;rolling.validate_frame;export.summaries,src/q3/physics.py:17;src/q3/rolling.py:156;src/q3/export.py:39,test_settlement_cancellation_and_repeated_proxy;test_solution_objective_uses_residual_not_real_cost,implemented; bounded-tests-only; full-numerical-evaluation-not-run
Q3-L1947,3.21,1947,\],physics.adjustment;rolling.validate_frame;export.summaries,src/q3/physics.py:17;src/q3/rolling.py:156;src/q3/export.py:39,test_settlement_cancellation_and_repeated_proxy;test_solution_objective_uses_residual_not_real_cost,implemented; bounded-tests-only; full-numerical-evaluation-not-run
Q3-L1949,3.21,1949,并不表示获得补贴，而表示相对于原全天计划购电费用，由于取消部分电量只支付 \(0.5p_t\) 违约费，产生了净费用减少。,physics.adjustment;rolling.validate_frame;export.summaries,src/q3/physics.py:17;src/q3/rolling.py:156;src/q3/export.py:39,test_settlement_cancellation_and_repeated_proxy;test_solution_objective_uses_residual_not_real_cost,implemented; bounded-tests-only; full-numerical-evaluation-not-run
Q3-L1951,3.21,1951,---,physics.adjustment;rolling.validate_frame;export.summaries,src/q3/physics.py:17;src/q3/rolling.py:156;src/q3/export.py:39,test_settlement_cancellation_and_repeated_proxy;test_solution_objective_uses_residual_not_real_cost,implemented; bounded-tests-only; full-numerical-evaluation-not-run
Q3-L1953,3.22,1953,# 3.22 是否需要引入其他时刻预报：双层经济价值识别,rolling.fiv;analysis.information_summary;analysis.paired_summary,src/q3/rolling.py:43;src/q3/analysis.py:71;src/q3/analysis.py:62,test_fiv_common_support_and_state_independence；全年FIV/OUV按用户指令未执行,implemented; bounded-tests-only; full-numerical-evaluation-not-run
Q3-L1955,3.22,1955,"题目要求分析是否有必要在 \(6{:}00,12{:}00,18{:}00\) 引入新的光伏预报并调整购电策略。为避免把“新预报本身的价值”与“重新观测 SOC、获得一次重优化机会”等因素混为一谈，本文将价值分析拆成两个层次。",rolling.fiv;analysis.information_summary;analysis.paired_summary,src/q3/rolling.py:43;src/q3/analysis.py:71;src/q3/analysis.py:62,test_fiv_common_support_and_state_independence；全年FIV/OUV按用户指令未执行,implemented; bounded-tests-only; full-numerical-evaluation-not-run
Q3-L1957,3.22,1957,## 3.22.1 新光伏预报的局部纯信息价值：stale-vs-updated 对照,rolling.fiv;analysis.information_summary;analysis.paired_summary,src/q3/rolling.py:43;src/q3/analysis.py:71;src/q3/analysis.py:62,test_fiv_common_support_and_state_independence；全年FIV/OUV按用户指令未执行,implemented; bounded-tests-only; full-numerical-evaluation-not-run
Q3-L1959,3.22,1959,对任一更新节点,rolling.fiv;analysis.information_summary;analysis.paired_summary,src/q3/rolling.py:43;src/q3/analysis.py:71;src/q3/analysis.py:62,test_fiv_common_support_and_state_independence；全年FIV/OUV按用户指令未执行,implemented; bounded-tests-only; full-numerical-evaluation-not-run
Q3-L1961,3.22,1961,\[,rolling.fiv;analysis.information_summary;analysis.paired_summary,src/q3/rolling.py:43;src/q3/analysis.py:71;src/q3/analysis.py:62,test_fiv_common_support_and_state_independence；全年FIV/OUV按用户指令未执行,implemented; bounded-tests-only; full-numerical-evaluation-not-run
Q3-L1962,3.22,1962,"k\in\{6,12,18\},",rolling.fiv;analysis.information_summary;analysis.paired_summary,src/q3/rolling.py:43;src/q3/analysis.py:71;src/q3/analysis.py:62,test_fiv_common_support_and_state_independence；全年FIV/OUV按用户指令未执行,implemented; bounded-tests-only; full-numerical-evaluation-not-run
Q3-L1963,3.22,1963,\],rolling.fiv;analysis.information_summary;analysis.paired_summary,src/q3/rolling.py:43;src/q3/analysis.py:71;src/q3/analysis.py:62,test_fiv_common_support_and_state_independence；全年FIV/OUV按用户指令未执行,implemented; bounded-tests-only; full-numerical-evaluation-not-run
Q3-L1965,3.22,1965,记上一发布时间为,rolling.fiv;analysis.information_summary;analysis.paired_summary,src/q3/rolling.py:43;src/q3/analysis.py:71;src/q3/analysis.py:62,test_fiv_common_support_and_state_independence；全年FIV/OUV按用户指令未执行,implemented; bounded-tests-only; full-numerical-evaluation-not-run
Q3-L1967,3.22,1967,\[,rolling.fiv;analysis.information_summary;analysis.paired_summary,src/q3/rolling.py:43;src/q3/analysis.py:71;src/q3/analysis.py:62,test_fiv_common_support_and_state_independence；全年FIV/OUV按用户指令未执行,implemented; bounded-tests-only; full-numerical-evaluation-not-run
Q3-L1968,3.22,1968,k^-=k-6.,rolling.fiv;analysis.information_summary;analysis.paired_summary,src/q3/rolling.py:43;src/q3/analysis.py:71;src/q3/analysis.py:62,test_fiv_common_support_and_state_independence；全年FIV/OUV按用户指令未执行,implemented; bounded-tests-only; full-numerical-evaluation-not-run
Q3-L1969,3.22,1969,\],rolling.fiv;analysis.information_summary;analysis.paired_summary,src/q3/rolling.py:43;src/q3/analysis.py:71;src/q3/analysis.py:62,test_fiv_common_support_and_state_independence；全年FIV/OUV按用户指令未执行,implemented; bounded-tests-only; full-numerical-evaluation-not-run
Q3-L1971,3.22,1971,需要注意：附件 3 每次只发布未来 24 h 预报，因此到节点 \(k\) 时，上一版 \(k^-\) 预报只剩 **18 h 的共同覆盖区间**，不能在不补造数据的情况下与最新预报做完整 24 h 对照。因此，纯预报信息价值实验不强行沿用主模型的 24 h 窗口，而在两版预报都真实存在的共同支持集上比较：,rolling.fiv;analysis.information_summary;analysis.paired_summary,src/q3/rolling.py:43;src/q3/analysis.py:71;src/q3/analysis.py:62,test_fiv_common_support_and_state_independence；全年FIV/OUV按用户指令未执行,implemented; bounded-tests-only; full-numerical-evaluation-not-run
Q3-L1973,3.22,1973,\[,rolling.fiv;analysis.information_summary;analysis.paired_summary,src/q3/rolling.py:43;src/q3/analysis.py:71;src/q3/analysis.py:62,test_fiv_common_support_and_state_independence；全年FIV/OUV按用户指令未执行,implemented; bounded-tests-only; full-numerical-evaluation-not-run
Q3-L1974,3.22,1974,\boxed{,rolling.fiv;analysis.information_summary;analysis.paired_summary,src/q3/rolling.py:43;src/q3/analysis.py:71;src/q3/analysis.py:62,test_fiv_common_support_and_state_independence；全年FIV/OUV按用户指令未执行,implemented; bounded-tests-only; full-numerical-evaluation-not-run
Q3-L1975,3.22,1975,\mathcal H_k^{\mathrm{cmp}},rolling.fiv;analysis.information_summary;analysis.paired_summary,src/q3/rolling.py:43;src/q3/analysis.py:71;src/q3/analysis.py:62,test_fiv_common_support_and_state_independence；全年FIV/OUV按用户指令未执行,implemented; bounded-tests-only; full-numerical-evaluation-not-run
Q3-L1976,3.22,1976,=,rolling.fiv;analysis.information_summary;analysis.paired_summary,src/q3/rolling.py:43;src/q3/analysis.py:71;src/q3/analysis.py:62,test_fiv_common_support_and_state_independence；全年FIV/OUV按用户指令未执行,implemented; bounded-tests-only; full-numerical-evaluation-not-run
Q3-L1977,3.22,1977,"[k,k^-+24\text{ h})",rolling.fiv;analysis.information_summary;analysis.paired_summary,src/q3/rolling.py:43;src/q3/analysis.py:71;src/q3/analysis.py:62,test_fiv_common_support_and_state_independence；全年FIV/OUV按用户指令未执行,implemented; bounded-tests-only; full-numerical-evaluation-not-run
Q3-L1978,3.22,1978,=,rolling.fiv;analysis.information_summary;analysis.paired_summary,src/q3/rolling.py:43;src/q3/analysis.py:71;src/q3/analysis.py:62,test_fiv_common_support_and_state_independence；全年FIV/OUV按用户指令未执行,implemented; bounded-tests-only; full-numerical-evaluation-not-run
Q3-L1979,3.22,1979,"[k,k+18\text{ h}).",rolling.fiv;analysis.information_summary;analysis.paired_summary,src/q3/rolling.py:43;src/q3/analysis.py:71;src/q3/analysis.py:62,test_fiv_common_support_and_state_independence；全年FIV/OUV按用户指令未执行,implemented; bounded-tests-only; full-numerical-evaluation-not-run
Q3-L1980,3.22,1980,},rolling.fiv;analysis.information_summary;analysis.paired_summary,src/q3/rolling.py:43;src/q3/analysis.py:71;src/q3/analysis.py:62,test_fiv_common_support_and_state_independence；全年FIV/OUV按用户指令未执行,implemented; bounded-tests-only; full-numerical-evaluation-not-run
Q3-L1981,3.22,1981,\],rolling.fiv;analysis.information_summary;analysis.paired_summary,src/q3/rolling.py:43;src/q3/analysis.py:71;src/q3/analysis.py:62,test_fiv_common_support_and_state_independence；全年FIV/OUV按用户指令未执行,implemented; bounded-tests-only; full-numerical-evaluation-not-run
Q3-L1983,3.22,1983,在真实运行到节点 \(k\) 后，固定以下条件完全相同：,rolling.fiv;analysis.information_summary;analysis.paired_summary,src/q3/rolling.py:43;src/q3/analysis.py:71;src/q3/analysis.py:62,test_fiv_common_support_and_state_independence；全年FIV/OUV按用户指令未执行,implemented; bounded-tests-only; full-numerical-evaluation-not-run
Q3-L1985,3.22,1985,"- 当前真实储电量 \(E_{d,k}^{\mathrm{real}}\)；",rolling.fiv;analysis.information_summary;analysis.paired_summary,src/q3/rolling.py:43;src/q3/analysis.py:71;src/q3/analysis.py:62,test_fiv_common_support_and_state_independence；全年FIV/OUV按用户指令未执行,implemented; bounded-tests-only; full-numerical-evaluation-not-run
Q3-L1986,3.22,1986,- 当天 \(0{:}00\) 已生成的负荷预测；,rolling.fiv;analysis.information_summary;analysis.paired_summary,src/q3/rolling.py:43;src/q3/analysis.py:71;src/q3/analysis.py:62,test_fiv_common_support_and_state_independence；全年FIV/OUV按用户指令未执行,implemented; bounded-tests-only; full-numerical-evaluation-not-run
Q3-L1987,3.22,1987,- 共同的 18 h 比较时域 \(\mathcal H_k^{\mathrm{cmp}}\)；,rolling.fiv;analysis.information_summary;analysis.paired_summary,src/q3/rolling.py:43;src/q3/analysis.py:71;src/q3/analysis.py:62,test_fiv_common_support_and_state_independence；全年FIV/OUV按用户指令未执行,implemented; bounded-tests-only; full-numerical-evaluation-not-run
Q3-L1988,3.22,1988,- 储能反馈形式、终端价值与结算规则；,rolling.fiv;analysis.information_summary;analysis.paired_summary,src/q3/rolling.py:43;src/q3/analysis.py:71;src/q3/analysis.py:62,test_fiv_common_support_and_state_independence；全年FIV/OUV按用户指令未执行,implemented; bounded-tests-only; full-numerical-evaluation-not-run
Q3-L1989,3.22,1989,- 当前时刻可使用的历史样本集合与场景规模；,rolling.fiv;analysis.information_summary;analysis.paired_summary,src/q3/rolling.py:43;src/q3/analysis.py:71;src/q3/analysis.py:62,test_fiv_common_support_and_state_independence；全年FIV/OUV按用户指令未执行,implemented; bounded-tests-only; full-numerical-evaluation-not-run
Q3-L1990,3.22,1990,- 求解器与其他模型参数。,rolling.fiv;analysis.information_summary;analysis.paired_summary,src/q3/rolling.py:43;src/q3/analysis.py:71;src/q3/analysis.py:62,test_fiv_common_support_and_state_independence；全年FIV/OUV按用户指令未执行,implemented; bounded-tests-only; full-numerical-evaluation-not-run
Q3-L1992,3.22,1992,仅改变所使用的光伏预报信息：,rolling.fiv;analysis.information_summary;analysis.paired_summary,src/q3/rolling.py:43;src/q3/analysis.py:71;src/q3/analysis.py:62,test_fiv_common_support_and_state_independence；全年FIV/OUV按用户指令未执行,implemented; bounded-tests-only; full-numerical-evaluation-not-run
Q3-L1994,3.22,1994,\[,rolling.fiv;analysis.information_summary;analysis.paired_summary,src/q3/rolling.py:43;src/q3/analysis.py:71;src/q3/analysis.py:62,test_fiv_common_support_and_state_independence；全年FIV/OUV按用户指令未执行,implemented; bounded-tests-only; full-numerical-evaluation-not-run
Q3-L1995,3.22,1995,\boxed{,rolling.fiv;analysis.information_summary;analysis.paired_summary,src/q3/rolling.py:43;src/q3/analysis.py:71;src/q3/analysis.py:62,test_fiv_common_support_and_state_independence；全年FIV/OUV按用户指令未执行,implemented; bounded-tests-only; full-numerical-evaluation-not-run
Q3-L1996,3.22,1996,\text{Stale: 使用上一发布时间 }k^-\text{ 对 }\mathcal H_k^{\mathrm{cmp}}\text{ 的旧预报};,rolling.fiv;analysis.information_summary;analysis.paired_summary,src/q3/rolling.py:43;src/q3/analysis.py:71;src/q3/analysis.py:62,test_fiv_common_support_and_state_independence；全年FIV/OUV按用户指令未执行,implemented; bounded-tests-only; full-numerical-evaluation-not-run
Q3-L1997,3.22,1997,},rolling.fiv;analysis.information_summary;analysis.paired_summary,src/q3/rolling.py:43;src/q3/analysis.py:71;src/q3/analysis.py:62,test_fiv_common_support_and_state_independence；全年FIV/OUV按用户指令未执行,implemented; bounded-tests-only; full-numerical-evaluation-not-run
Q3-L1998,3.22,1998,\],rolling.fiv;analysis.information_summary;analysis.paired_summary,src/q3/rolling.py:43;src/q3/analysis.py:71;src/q3/analysis.py:62,test_fiv_common_support_and_state_independence；全年FIV/OUV按用户指令未执行,implemented; bounded-tests-only; full-numerical-evaluation-not-run
Q3-L2000,3.22,2000,\[,rolling.fiv;analysis.information_summary;analysis.paired_summary,src/q3/rolling.py:43;src/q3/analysis.py:71;src/q3/analysis.py:62,test_fiv_common_support_and_state_independence；全年FIV/OUV按用户指令未执行,implemented; bounded-tests-only; full-numerical-evaluation-not-run
Q3-L2001,3.22,2001,\boxed{,rolling.fiv;analysis.information_summary;analysis.paired_summary,src/q3/rolling.py:43;src/q3/analysis.py:71;src/q3/analysis.py:62,test_fiv_common_support_and_state_independence；全年FIV/OUV按用户指令未执行,implemented; bounded-tests-only; full-numerical-evaluation-not-run
Q3-L2002,3.22,2002,\text{Updated: 使用时刻 }k\text{ 最新预报在同一 }\mathcal H_k^{\mathrm{cmp}}\text{ 上的对应部分}.,rolling.fiv;analysis.information_summary;analysis.paired_summary,src/q3/rolling.py:43;src/q3/analysis.py:71;src/q3/analysis.py:62,test_fiv_common_support_and_state_independence；全年FIV/OUV按用户指令未执行,implemented; bounded-tests-only; full-numerical-evaluation-not-run
Q3-L2003,3.22,2003,},rolling.fiv;analysis.information_summary;analysis.paired_summary,src/q3/rolling.py:43;src/q3/analysis.py:71;src/q3/analysis.py:62,test_fiv_common_support_and_state_independence；全年FIV/OUV按用户指令未执行,implemented; bounded-tests-only; full-numerical-evaluation-not-run
Q3-L2004,3.22,2004,\],rolling.fiv;analysis.information_summary;analysis.paired_summary,src/q3/rolling.py:43;src/q3/analysis.py:71;src/q3/analysis.py:62,test_fiv_common_support_and_state_independence；全年FIV/OUV按用户指令未执行,implemented; bounded-tests-only; full-numerical-evaluation-not-run
Q3-L2006,3.22,2006,二者均按各自 forecast-origin × horizon 匹配历史误差轨迹，并尽可能使用相同的历史日期索引和一致的场景规模进行配对，以降低场景选择差异带来的噪声。比较窗口末端统一使用相同口径的 terminal value，避免 18 h 有限时域人为诱导过度放电。,rolling.fiv;analysis.information_summary;analysis.paired_summary,src/q3/rolling.py:43;src/q3/analysis.py:71;src/q3/analysis.py:62,test_fiv_common_support_and_state_independence；全年FIV/OUV按用户指令未执行,implemented; bounded-tests-only; full-numerical-evaluation-not-run
Q3-L2008,3.22,2008,由于下一信息节点到来后还会再次重规划，最干净的直接信息价值仍在当前 committed block 上评价。记两种策略在附件 2 真实轨迹上的当前块实际成本分别为,rolling.fiv;analysis.information_summary;analysis.paired_summary,src/q3/rolling.py:43;src/q3/analysis.py:71;src/q3/analysis.py:62,test_fiv_common_support_and_state_independence；全年FIV/OUV按用户指令未执行,implemented; bounded-tests-only; full-numerical-evaluation-not-run
Q3-L2010,3.22,2010,\[,rolling.fiv;analysis.information_summary;analysis.paired_summary,src/q3/rolling.py:43;src/q3/analysis.py:71;src/q3/analysis.py:62,test_fiv_common_support_and_state_independence；全年FIV/OUV按用户指令未执行,implemented; bounded-tests-only; full-numerical-evaluation-not-run
Q3-L2011,3.22,2011,"C_{d,k}^{\mathrm{stale},B},",rolling.fiv;analysis.information_summary;analysis.paired_summary,src/q3/rolling.py:43;src/q3/analysis.py:71;src/q3/analysis.py:62,test_fiv_common_support_and_state_independence；全年FIV/OUV按用户指令未执行,implemented; bounded-tests-only; full-numerical-evaluation-not-run
Q3-L2012,3.22,2012,\qquad,rolling.fiv;analysis.information_summary;analysis.paired_summary,src/q3/rolling.py:43;src/q3/analysis.py:71;src/q3/analysis.py:62,test_fiv_common_support_and_state_independence；全年FIV/OUV按用户指令未执行,implemented; bounded-tests-only; full-numerical-evaluation-not-run
Q3-L2013,3.22,2013,"C_{d,k}^{\mathrm{new},B},",rolling.fiv;analysis.information_summary;analysis.paired_summary,src/q3/rolling.py:43;src/q3/analysis.py:71;src/q3/analysis.py:62,test_fiv_common_support_and_state_independence；全年FIV/OUV按用户指令未执行,implemented; bounded-tests-only; full-numerical-evaluation-not-run
Q3-L2014,3.22,2014,\],rolling.fiv;analysis.information_summary;analysis.paired_summary,src/q3/rolling.py:43;src/q3/analysis.py:71;src/q3/analysis.py:62,test_fiv_common_support_and_state_independence；全年FIV/OUV按用户指令未执行,implemented; bounded-tests-only; full-numerical-evaluation-not-run
Q3-L2016,3.22,2016,则定义节点 \(k\) 的**直接预报信息价值**：,rolling.fiv;analysis.information_summary;analysis.paired_summary,src/q3/rolling.py:43;src/q3/analysis.py:71;src/q3/analysis.py:62,test_fiv_common_support_and_state_independence；全年FIV/OUV按用户指令未执行,implemented; bounded-tests-only; full-numerical-evaluation-not-run
Q3-L2018,3.22,2018,\[,rolling.fiv;analysis.information_summary;analysis.paired_summary,src/q3/rolling.py:43;src/q3/analysis.py:71;src/q3/analysis.py:62,test_fiv_common_support_and_state_independence；全年FIV/OUV按用户指令未执行,implemented; bounded-tests-only; full-numerical-evaluation-not-run
Q3-L2019,3.22,2019,\boxed{,rolling.fiv;analysis.information_summary;analysis.paired_summary,src/q3/rolling.py:43;src/q3/analysis.py:71;src/q3/analysis.py:62,test_fiv_common_support_and_state_independence；全年FIV/OUV按用户指令未执行,implemented; bounded-tests-only; full-numerical-evaluation-not-run
Q3-L2020,3.22,2020,"FIV_{d,k}^{B}",rolling.fiv;analysis.information_summary;analysis.paired_summary,src/q3/rolling.py:43;src/q3/analysis.py:71;src/q3/analysis.py:62,test_fiv_common_support_and_state_independence；全年FIV/OUV按用户指令未执行,implemented; bounded-tests-only; full-numerical-evaluation-not-run
Q3-L2021,3.22,2021,=,rolling.fiv;analysis.information_summary;analysis.paired_summary,src/q3/rolling.py:43;src/q3/analysis.py:71;src/q3/analysis.py:62,test_fiv_common_support_and_state_independence；全年FIV/OUV按用户指令未执行,implemented; bounded-tests-only; full-numerical-evaluation-not-run
Q3-L2022,3.22,2022,"C_{d,k}^{\mathrm{stale},B}",rolling.fiv;analysis.information_summary;analysis.paired_summary,src/q3/rolling.py:43;src/q3/analysis.py:71;src/q3/analysis.py:62,test_fiv_common_support_and_state_independence；全年FIV/OUV按用户指令未执行,implemented; bounded-tests-only; full-numerical-evaluation-not-run
Q3-L2023,3.22,2023,-,rolling.fiv;analysis.information_summary;analysis.paired_summary,src/q3/rolling.py:43;src/q3/analysis.py:71;src/q3/analysis.py:62,test_fiv_common_support_and_state_independence；全年FIV/OUV按用户指令未执行,implemented; bounded-tests-only; full-numerical-evaluation-not-run
Q3-L2024,3.22,2024,"C_{d,k}^{\mathrm{new},B}.",rolling.fiv;analysis.information_summary;analysis.paired_summary,src/q3/rolling.py:43;src/q3/analysis.py:71;src/q3/analysis.py:62,test_fiv_common_support_and_state_independence；全年FIV/OUV按用户指令未执行,implemented; bounded-tests-only; full-numerical-evaluation-not-run
Q3-L2025,3.22,2025,},rolling.fiv;analysis.information_summary;analysis.paired_summary,src/q3/rolling.py:43;src/q3/analysis.py:71;src/q3/analysis.py:62,test_fiv_common_support_and_state_independence；全年FIV/OUV按用户指令未执行,implemented; bounded-tests-only; full-numerical-evaluation-not-run
Q3-L2026,3.22,2026,\],rolling.fiv;analysis.information_summary;analysis.paired_summary,src/q3/rolling.py:43;src/q3/analysis.py:71;src/q3/analysis.py:62,test_fiv_common_support_and_state_independence；全年FIV/OUV按用户指令未执行,implemented; bounded-tests-only; full-numerical-evaluation-not-run
Q3-L2028,3.22,2028,全年汇总为,rolling.fiv;analysis.information_summary;analysis.paired_summary,src/q3/rolling.py:43;src/q3/analysis.py:71;src/q3/analysis.py:62,test_fiv_common_support_and_state_independence；全年FIV/OUV按用户指令未执行,implemented; bounded-tests-only; full-numerical-evaluation-not-run
Q3-L2030,3.22,2030,\[,rolling.fiv;analysis.information_summary;analysis.paired_summary,src/q3/rolling.py:43;src/q3/analysis.py:71;src/q3/analysis.py:62,test_fiv_common_support_and_state_independence；全年FIV/OUV按用户指令未执行,implemented; bounded-tests-only; full-numerical-evaluation-not-run
Q3-L2031,3.22,2031,\boxed{,rolling.fiv;analysis.information_summary;analysis.paired_summary,src/q3/rolling.py:43;src/q3/analysis.py:71;src/q3/analysis.py:62,test_fiv_common_support_and_state_independence；全年FIV/OUV按用户指令未执行,implemented; bounded-tests-only; full-numerical-evaluation-not-run
Q3-L2032,3.22,2032,FIV_k^{B},rolling.fiv;analysis.information_summary;analysis.paired_summary,src/q3/rolling.py:43;src/q3/analysis.py:71;src/q3/analysis.py:62,test_fiv_common_support_and_state_independence；全年FIV/OUV按用户指令未执行,implemented; bounded-tests-only; full-numerical-evaluation-not-run
Q3-L2033,3.22,2033,=,rolling.fiv;analysis.information_summary;analysis.paired_summary,src/q3/rolling.py:43;src/q3/analysis.py:71;src/q3/analysis.py:62,test_fiv_common_support_and_state_independence；全年FIV/OUV按用户指令未执行,implemented; bounded-tests-only; full-numerical-evaluation-not-run
Q3-L2034,3.22,2034,"\sum_d FIV_{d,k}^{B}.",rolling.fiv;analysis.information_summary;analysis.paired_summary,src/q3/rolling.py:43;src/q3/analysis.py:71;src/q3/analysis.py:62,test_fiv_common_support_and_state_independence；全年FIV/OUV按用户指令未执行,implemented; bounded-tests-only; full-numerical-evaluation-not-run
Q3-L2035,3.22,2035,},rolling.fiv;analysis.information_summary;analysis.paired_summary,src/q3/rolling.py:43;src/q3/analysis.py:71;src/q3/analysis.py:62,test_fiv_common_support_and_state_independence；全年FIV/OUV按用户指令未执行,implemented; bounded-tests-only; full-numerical-evaluation-not-run
Q3-L2036,3.22,2036,\],rolling.fiv;analysis.information_summary;analysis.paired_summary,src/q3/rolling.py:43;src/q3/analysis.py:71;src/q3/analysis.py:62,test_fiv_common_support_and_state_independence；全年FIV/OUV按用户指令未执行,implemented; bounded-tests-only; full-numerical-evaluation-not-run
Q3-L2038,3.22,2038,若 \(FIV_k^{B}>0\)，说明在相同当前状态、相同优化机会和相同可比较预测时域下，时刻 \(k\) 的新光伏预报能够降低下一信息节点到来前的真实运行成本。,rolling.fiv;analysis.information_summary;analysis.paired_summary,src/q3/rolling.py:43;src/q3/analysis.py:71;src/q3/analysis.py:62,test_fiv_common_support_and_state_independence；全年FIV/OUV按用户指令未执行,implemented; bounded-tests-only; full-numerical-evaluation-not-run
Q3-L2040,3.22,2040,### 18:00 节点的当日直接价值与跨日继续价值分离,rolling.fiv;analysis.information_summary;analysis.paired_summary,src/q3/rolling.py:43;src/q3/analysis.py:71;src/q3/analysis.py:62,test_fiv_common_support_and_state_independence；全年FIV/OUV按用户指令未执行,implemented; bounded-tests-only; full-numerical-evaluation-not-run
Q3-L2042,3.22,2042,"附件 2 与附件 3 的原始数据表明，18:00 以后当天光伏已迅速衰减至接近 0，因此 \([18,24)\) 内新光伏预报的**当日直接价值**可能很小；但 12:00 旧预报与 18:00 新预报仍共同覆盖至次日 12:00，可以检验新预报是否通过今晚 SOC 配置影响次日上午运行。",rolling.fiv;analysis.information_summary;analysis.paired_summary,src/q3/rolling.py:43;src/q3/analysis.py:71;src/q3/analysis.py:62,test_fiv_common_support_and_state_independence；全年FIV/OUV按用户指令未执行,implemented; bounded-tests-only; full-numerical-evaluation-not-run
Q3-L2044,3.22,2044,定义,rolling.fiv;analysis.information_summary;analysis.paired_summary,src/q3/rolling.py:43;src/q3/analysis.py:71;src/q3/analysis.py:62,test_fiv_common_support_and_state_independence；全年FIV/OUV按用户指令未执行,implemented; bounded-tests-only; full-numerical-evaluation-not-run
Q3-L2046,3.22,2046,\[,rolling.fiv;analysis.information_summary;analysis.paired_summary,src/q3/rolling.py:43;src/q3/analysis.py:71;src/q3/analysis.py:62,test_fiv_common_support_and_state_independence；全年FIV/OUV按用户指令未执行,implemented; bounded-tests-only; full-numerical-evaluation-not-run
Q3-L2047,3.22,2047,\boxed{,rolling.fiv;analysis.information_summary;analysis.paired_summary,src/q3/rolling.py:43;src/q3/analysis.py:71;src/q3/analysis.py:62,test_fiv_common_support_and_state_independence；全年FIV/OUV按用户指令未执行,implemented; bounded-tests-only; full-numerical-evaluation-not-run
Q3-L2048,3.22,2048,FIV_{18}^{\mathrm{day}},rolling.fiv;analysis.information_summary;analysis.paired_summary,src/q3/rolling.py:43;src/q3/analysis.py:71;src/q3/analysis.py:62,test_fiv_common_support_and_state_independence；全年FIV/OUV按用户指令未执行,implemented; bounded-tests-only; full-numerical-evaluation-not-run
Q3-L2049,3.22,2049,=,rolling.fiv;analysis.information_summary;analysis.paired_summary,src/q3/rolling.py:43;src/q3/analysis.py:71;src/q3/analysis.py:62,test_fiv_common_support_and_state_independence；全年FIV/OUV按用户指令未执行,implemented; bounded-tests-only; full-numerical-evaluation-not-run
Q3-L2050,3.22,2050,\sum_d,rolling.fiv;analysis.information_summary;analysis.paired_summary,src/q3/rolling.py:43;src/q3/analysis.py:71;src/q3/analysis.py:62,test_fiv_common_support_and_state_independence；全年FIV/OUV按用户指令未执行,implemented; bounded-tests-only; full-numerical-evaluation-not-run
Q3-L2051,3.22,2051,\left(,rolling.fiv;analysis.information_summary;analysis.paired_summary,src/q3/rolling.py:43;src/q3/analysis.py:71;src/q3/analysis.py:62,test_fiv_common_support_and_state_independence；全年FIV/OUV按用户指令未执行,implemented; bounded-tests-only; full-numerical-evaluation-not-run
Q3-L2052,3.22,2052,"C_{d,18}^{\mathrm{stale},[18,24)}",rolling.fiv;analysis.information_summary;analysis.paired_summary,src/q3/rolling.py:43;src/q3/analysis.py:71;src/q3/analysis.py:62,test_fiv_common_support_and_state_independence；全年FIV/OUV按用户指令未执行,implemented; bounded-tests-only; full-numerical-evaluation-not-run
Q3-L2053,3.22,2053,-,rolling.fiv;analysis.information_summary;analysis.paired_summary,src/q3/rolling.py:43;src/q3/analysis.py:71;src/q3/analysis.py:62,test_fiv_common_support_and_state_independence；全年FIV/OUV按用户指令未执行,implemented; bounded-tests-only; full-numerical-evaluation-not-run
Q3-L2054,3.22,2054,"C_{d,18}^{\mathrm{new},[18,24)}",rolling.fiv;analysis.information_summary;analysis.paired_summary,src/q3/rolling.py:43;src/q3/analysis.py:71;src/q3/analysis.py:62,test_fiv_common_support_and_state_independence；全年FIV/OUV按用户指令未执行,implemented; bounded-tests-only; full-numerical-evaluation-not-run
Q3-L2055,3.22,2055,"\right),",rolling.fiv;analysis.information_summary;analysis.paired_summary,src/q3/rolling.py:43;src/q3/analysis.py:71;src/q3/analysis.py:62,test_fiv_common_support_and_state_independence；全年FIV/OUV按用户指令未执行,implemented; bounded-tests-only; full-numerical-evaluation-not-run
Q3-L2056,3.22,2056,},rolling.fiv;analysis.information_summary;analysis.paired_summary,src/q3/rolling.py:43;src/q3/analysis.py:71;src/q3/analysis.py:62,test_fiv_common_support_and_state_independence；全年FIV/OUV按用户指令未执行,implemented; bounded-tests-only; full-numerical-evaluation-not-run
Q3-L2057,3.22,2057,\],rolling.fiv;analysis.information_summary;analysis.paired_summary,src/q3/rolling.py:43;src/q3/analysis.py:71;src/q3/analysis.py:62,test_fiv_common_support_and_state_independence；全年FIV/OUV按用户指令未执行,implemented; bounded-tests-only; full-numerical-evaluation-not-run
Q3-L2059,3.22,2059,"以及共同 18 h 支持集 \([18{:}00,\text{次日 }12{:}00)\) 上的总差额",rolling.fiv;analysis.information_summary;analysis.paired_summary,src/q3/rolling.py:43;src/q3/analysis.py:71;src/q3/analysis.py:62,test_fiv_common_support_and_state_independence；全年FIV/OUV按用户指令未执行,implemented; bounded-tests-only; full-numerical-evaluation-not-run
Q3-L2061,3.22,2061,\[,rolling.fiv;analysis.information_summary;analysis.paired_summary,src/q3/rolling.py:43;src/q3/analysis.py:71;src/q3/analysis.py:62,test_fiv_common_support_and_state_independence；全年FIV/OUV按用户指令未执行,implemented; bounded-tests-only; full-numerical-evaluation-not-run
Q3-L2062,3.22,2062,\boxed{,rolling.fiv;analysis.information_summary;analysis.paired_summary,src/q3/rolling.py:43;src/q3/analysis.py:71;src/q3/analysis.py:62,test_fiv_common_support_and_state_independence；全年FIV/OUV按用户指令未执行,implemented; bounded-tests-only; full-numerical-evaluation-not-run
Q3-L2063,3.22,2063,FIV_{18}^{\mathrm{cmp}},rolling.fiv;analysis.information_summary;analysis.paired_summary,src/q3/rolling.py:43;src/q3/analysis.py:71;src/q3/analysis.py:62,test_fiv_common_support_and_state_independence；全年FIV/OUV按用户指令未执行,implemented; bounded-tests-only; full-numerical-evaluation-not-run
Q3-L2064,3.22,2064,=,rolling.fiv;analysis.information_summary;analysis.paired_summary,src/q3/rolling.py:43;src/q3/analysis.py:71;src/q3/analysis.py:62,test_fiv_common_support_and_state_independence；全年FIV/OUV按用户指令未执行,implemented; bounded-tests-only; full-numerical-evaluation-not-run
Q3-L2065,3.22,2065,\sum_d,rolling.fiv;analysis.information_summary;analysis.paired_summary,src/q3/rolling.py:43;src/q3/analysis.py:71;src/q3/analysis.py:62,test_fiv_common_support_and_state_independence；全年FIV/OUV按用户指令未执行,implemented; bounded-tests-only; full-numerical-evaluation-not-run
Q3-L2066,3.22,2066,\left(,rolling.fiv;analysis.information_summary;analysis.paired_summary,src/q3/rolling.py:43;src/q3/analysis.py:71;src/q3/analysis.py:62,test_fiv_common_support_and_state_independence；全年FIV/OUV按用户指令未执行,implemented; bounded-tests-only; full-numerical-evaluation-not-run
Q3-L2067,3.22,2067,"C_{d,18}^{\mathrm{stale},[18,\mathrm{next}\ 12)}",rolling.fiv;analysis.information_summary;analysis.paired_summary,src/q3/rolling.py:43;src/q3/analysis.py:71;src/q3/analysis.py:62,test_fiv_common_support_and_state_independence；全年FIV/OUV按用户指令未执行,implemented; bounded-tests-only; full-numerical-evaluation-not-run
Q3-L2068,3.22,2068,-,rolling.fiv;analysis.information_summary;analysis.paired_summary,src/q3/rolling.py:43;src/q3/analysis.py:71;src/q3/analysis.py:62,test_fiv_common_support_and_state_independence；全年FIV/OUV按用户指令未执行,implemented; bounded-tests-only; full-numerical-evaluation-not-run
Q3-L2069,3.22,2069,"C_{d,18}^{\mathrm{new},[18,\mathrm{next}\ 12)}",rolling.fiv;analysis.information_summary;analysis.paired_summary,src/q3/rolling.py:43;src/q3/analysis.py:71;src/q3/analysis.py:62,test_fiv_common_support_and_state_independence；全年FIV/OUV按用户指令未执行,implemented; bounded-tests-only; full-numerical-evaluation-not-run
Q3-L2070,3.22,2070,\right).,rolling.fiv;analysis.information_summary;analysis.paired_summary,src/q3/rolling.py:43;src/q3/analysis.py:71;src/q3/analysis.py:62,test_fiv_common_support_and_state_independence；全年FIV/OUV按用户指令未执行,implemented; bounded-tests-only; full-numerical-evaluation-not-run
Q3-L2071,3.22,2071,},rolling.fiv;analysis.information_summary;analysis.paired_summary,src/q3/rolling.py:43;src/q3/analysis.py:71;src/q3/analysis.py:62,test_fiv_common_support_and_state_independence；全年FIV/OUV按用户指令未执行,implemented; bounded-tests-only; full-numerical-evaluation-not-run
Q3-L2072,3.22,2072,\],rolling.fiv;analysis.information_summary;analysis.paired_summary,src/q3/rolling.py:43;src/q3/analysis.py:71;src/q3/analysis.py:62,test_fiv_common_support_and_state_independence；全年FIV/OUV按用户指令未执行,implemented; bounded-tests-only; full-numerical-evaluation-not-run
Q3-L2074,3.22,2074,由此定义跨日继续价值,rolling.fiv;analysis.information_summary;analysis.paired_summary,src/q3/rolling.py:43;src/q3/analysis.py:71;src/q3/analysis.py:62,test_fiv_common_support_and_state_independence；全年FIV/OUV按用户指令未执行,implemented; bounded-tests-only; full-numerical-evaluation-not-run
Q3-L2076,3.22,2076,\[,rolling.fiv;analysis.information_summary;analysis.paired_summary,src/q3/rolling.py:43;src/q3/analysis.py:71;src/q3/analysis.py:62,test_fiv_common_support_and_state_independence；全年FIV/OUV按用户指令未执行,implemented; bounded-tests-only; full-numerical-evaluation-not-run
Q3-L2077,3.22,2077,\boxed{,rolling.fiv;analysis.information_summary;analysis.paired_summary,src/q3/rolling.py:43;src/q3/analysis.py:71;src/q3/analysis.py:62,test_fiv_common_support_and_state_independence；全年FIV/OUV按用户指令未执行,implemented; bounded-tests-only; full-numerical-evaluation-not-run
Q3-L2078,3.22,2078,FIV_{18}^{\mathrm{cont}},rolling.fiv;analysis.information_summary;analysis.paired_summary,src/q3/rolling.py:43;src/q3/analysis.py:71;src/q3/analysis.py:62,test_fiv_common_support_and_state_independence；全年FIV/OUV按用户指令未执行,implemented; bounded-tests-only; full-numerical-evaluation-not-run
Q3-L2079,3.22,2079,=,rolling.fiv;analysis.information_summary;analysis.paired_summary,src/q3/rolling.py:43;src/q3/analysis.py:71;src/q3/analysis.py:62,test_fiv_common_support_and_state_independence；全年FIV/OUV按用户指令未执行,implemented; bounded-tests-only; full-numerical-evaluation-not-run
Q3-L2080,3.22,2080,FIV_{18}^{\mathrm{cmp}}-FIV_{18}^{\mathrm{day}}.,rolling.fiv;analysis.information_summary;analysis.paired_summary,src/q3/rolling.py:43;src/q3/analysis.py:71;src/q3/analysis.py:62,test_fiv_common_support_and_state_independence；全年FIV/OUV按用户指令未执行,implemented; bounded-tests-only; full-numerical-evaluation-not-run
Q3-L2081,3.22,2081,},rolling.fiv;analysis.information_summary;analysis.paired_summary,src/q3/rolling.py:43;src/q3/analysis.py:71;src/q3/analysis.py:62,test_fiv_common_support_and_state_independence；全年FIV/OUV按用户指令未执行,implemented; bounded-tests-only; full-numerical-evaluation-not-run
Q3-L2082,3.22,2082,\],rolling.fiv;analysis.information_summary;analysis.paired_summary,src/q3/rolling.py:43;src/q3/analysis.py:71;src/q3/analysis.py:62,test_fiv_common_support_and_state_independence；全年FIV/OUV按用户指令未执行,implemented; bounded-tests-only; full-numerical-evaluation-not-run
Q3-L2084,3.22,2084,若 \(FIV_{18}^{\mathrm{day}}\approx0\) 而 \(FIV_{18}^{\mathrm{cont}}>0\)，则说明 18:00 新预报的主要作用不是修正当晚光伏，而是通过更好的次日上午信息改善跨日储能状态配置。,rolling.fiv;analysis.information_summary;analysis.paired_summary,src/q3/rolling.py:43;src/q3/analysis.py:71;src/q3/analysis.py:62,test_fiv_common_support_and_state_independence；全年FIV/OUV按用户指令未执行,implemented; bounded-tests-only; full-numerical-evaluation-not-run
Q3-L2086,3.22,2086,## 3.22.2 增加更新节点的综合运行价值,rolling.fiv;analysis.information_summary;analysis.paired_summary,src/q3/rolling.py:43;src/q3/analysis.py:71;src/q3/analysis.py:62,test_fiv_common_support_and_state_independence；全年FIV/OUV按用户指令未执行,implemented; bounded-tests-only; full-numerical-evaluation-not-run
Q3-L2088,3.22,2088,纯信息价值实验只在两版预报的共同覆盖区间上做受控比较；真正回答“实际运行中是否值得开放该更新节点”时，仍使用主模型完整 24 h 滚动时域。保持预测器、场景构造、储能规则、结算口径和终端价值方法不变，只改变允许的信息更新时间集合：,rolling.fiv;analysis.information_summary;analysis.paired_summary,src/q3/rolling.py:43;src/q3/analysis.py:71;src/q3/analysis.py:62,test_fiv_common_support_and_state_independence；全年FIV/OUV按用户指令未执行,implemented; bounded-tests-only; full-numerical-evaluation-not-run
Q3-L2090,3.22,2090,\[,rolling.fiv;analysis.information_summary;analysis.paired_summary,src/q3/rolling.py:43;src/q3/analysis.py:71;src/q3/analysis.py:62,test_fiv_common_support_and_state_independence；全年FIV/OUV按用户指令未执行,implemented; bounded-tests-only; full-numerical-evaluation-not-run
Q3-L2091,3.22,2091,"\mathcal K_0=\{0\},\qquad",rolling.fiv;analysis.information_summary;analysis.paired_summary,src/q3/rolling.py:43;src/q3/analysis.py:71;src/q3/analysis.py:62,test_fiv_common_support_and_state_independence；全年FIV/OUV按用户指令未执行,implemented; bounded-tests-only; full-numerical-evaluation-not-run
Q3-L2092,3.22,2092,"\mathcal K_1=\{0,6\},\qquad",rolling.fiv;analysis.information_summary;analysis.paired_summary,src/q3/rolling.py:43;src/q3/analysis.py:71;src/q3/analysis.py:62,test_fiv_common_support_and_state_independence；全年FIV/OUV按用户指令未执行,implemented; bounded-tests-only; full-numerical-evaluation-not-run
Q3-L2093,3.22,2093,"\mathcal K_2=\{0,6,12\},\qquad",rolling.fiv;analysis.information_summary;analysis.paired_summary,src/q3/rolling.py:43;src/q3/analysis.py:71;src/q3/analysis.py:62,test_fiv_common_support_and_state_independence；全年FIV/OUV按用户指令未执行,implemented; bounded-tests-only; full-numerical-evaluation-not-run
Q3-L2094,3.22,2094,"\mathcal K_3=\{0,6,12,18\}.",rolling.fiv;analysis.information_summary;analysis.paired_summary,src/q3/rolling.py:43;src/q3/analysis.py:71;src/q3/analysis.py:62,test_fiv_common_support_and_state_independence；全年FIV/OUV按用户指令未执行,implemented; bounded-tests-only; full-numerical-evaluation-not-run
Q3-L2095,3.22,2095,\],rolling.fiv;analysis.information_summary;analysis.paired_summary,src/q3/rolling.py:43;src/q3/analysis.py:71;src/q3/analysis.py:62,test_fiv_common_support_and_state_independence；全年FIV/OUV按用户指令未执行,implemented; bounded-tests-only; full-numerical-evaluation-not-run
Q3-L2097,3.22,2097,分别在同一附件 2 真实轨迹上全年回放，得到,rolling.fiv;analysis.information_summary;analysis.paired_summary,src/q3/rolling.py:43;src/q3/analysis.py:71;src/q3/analysis.py:62,test_fiv_common_support_and_state_independence；全年FIV/OUV按用户指令未执行,implemented; bounded-tests-only; full-numerical-evaluation-not-run
Q3-L2099,3.22,2099,\[,rolling.fiv;analysis.information_summary;analysis.paired_summary,src/q3/rolling.py:43;src/q3/analysis.py:71;src/q3/analysis.py:62,test_fiv_common_support_and_state_independence；全年FIV/OUV按用户指令未执行,implemented; bounded-tests-only; full-numerical-evaluation-not-run
Q3-L2100,3.22,2100,"C_{\mathcal K_0},\quad",rolling.fiv;analysis.information_summary;analysis.paired_summary,src/q3/rolling.py:43;src/q3/analysis.py:71;src/q3/analysis.py:62,test_fiv_common_support_and_state_independence；全年FIV/OUV按用户指令未执行,implemented; bounded-tests-only; full-numerical-evaluation-not-run
Q3-L2101,3.22,2101,"C_{\mathcal K_1},\quad",rolling.fiv;analysis.information_summary;analysis.paired_summary,src/q3/rolling.py:43;src/q3/analysis.py:71;src/q3/analysis.py:62,test_fiv_common_support_and_state_independence；全年FIV/OUV按用户指令未执行,implemented; bounded-tests-only; full-numerical-evaluation-not-run
Q3-L2102,3.22,2102,"C_{\mathcal K_2},\quad",rolling.fiv;analysis.information_summary;analysis.paired_summary,src/q3/rolling.py:43;src/q3/analysis.py:71;src/q3/analysis.py:62,test_fiv_common_support_and_state_independence；全年FIV/OUV按用户指令未执行,implemented; bounded-tests-only; full-numerical-evaluation-not-run
Q3-L2103,3.22,2103,C_{\mathcal K_3}.,rolling.fiv;analysis.information_summary;analysis.paired_summary,src/q3/rolling.py:43;src/q3/analysis.py:71;src/q3/analysis.py:62,test_fiv_common_support_and_state_independence；全年FIV/OUV按用户指令未执行,implemented; bounded-tests-only; full-numerical-evaluation-not-run
Q3-L2104,3.22,2104,\],rolling.fiv;analysis.information_summary;analysis.paired_summary,src/q3/rolling.py:43;src/q3/analysis.py:71;src/q3/analysis.py:62,test_fiv_common_support_and_state_independence；全年FIV/OUV按用户指令未执行,implemented; bounded-tests-only; full-numerical-evaluation-not-run
Q3-L2106,3.22,2106,定义**边际综合更新价值（Operational Update Value）**：,rolling.fiv;analysis.information_summary;analysis.paired_summary,src/q3/rolling.py:43;src/q3/analysis.py:71;src/q3/analysis.py:62,test_fiv_common_support_and_state_independence；全年FIV/OUV按用户指令未执行,implemented; bounded-tests-only; full-numerical-evaluation-not-run
Q3-L2108,3.22,2108,\[,rolling.fiv;analysis.information_summary;analysis.paired_summary,src/q3/rolling.py:43;src/q3/analysis.py:71;src/q3/analysis.py:62,test_fiv_common_support_and_state_independence；全年FIV/OUV按用户指令未执行,implemented; bounded-tests-only; full-numerical-evaluation-not-run
Q3-L2109,3.22,2109,\boxed{,rolling.fiv;analysis.information_summary;analysis.paired_summary,src/q3/rolling.py:43;src/q3/analysis.py:71;src/q3/analysis.py:62,test_fiv_common_support_and_state_independence；全年FIV/OUV按用户指令未执行,implemented; bounded-tests-only; full-numerical-evaluation-not-run
Q3-L2110,3.22,2110,OUV_6,rolling.fiv;analysis.information_summary;analysis.paired_summary,src/q3/rolling.py:43;src/q3/analysis.py:71;src/q3/analysis.py:62,test_fiv_common_support_and_state_independence；全年FIV/OUV按用户指令未执行,implemented; bounded-tests-only; full-numerical-evaluation-not-run
Q3-L2111,3.22,2111,=,rolling.fiv;analysis.information_summary;analysis.paired_summary,src/q3/rolling.py:43;src/q3/analysis.py:71;src/q3/analysis.py:62,test_fiv_common_support_and_state_independence；全年FIV/OUV按用户指令未执行,implemented; bounded-tests-only; full-numerical-evaluation-not-run
Q3-L2112,3.22,2112,"C_{\mathcal K_0}-C_{\mathcal K_1},",rolling.fiv;analysis.information_summary;analysis.paired_summary,src/q3/rolling.py:43;src/q3/analysis.py:71;src/q3/analysis.py:62,test_fiv_common_support_and_state_independence；全年FIV/OUV按用户指令未执行,implemented; bounded-tests-only; full-numerical-evaluation-not-run
Q3-L2113,3.22,2113,},rolling.fiv;analysis.information_summary;analysis.paired_summary,src/q3/rolling.py:43;src/q3/analysis.py:71;src/q3/analysis.py:62,test_fiv_common_support_and_state_independence；全年FIV/OUV按用户指令未执行,implemented; bounded-tests-only; full-numerical-evaluation-not-run
Q3-L2114,3.22,2114,\],rolling.fiv;analysis.information_summary;analysis.paired_summary,src/q3/rolling.py:43;src/q3/analysis.py:71;src/q3/analysis.py:62,test_fiv_common_support_and_state_independence；全年FIV/OUV按用户指令未执行,implemented; bounded-tests-only; full-numerical-evaluation-not-run
Q3-L2116,3.22,2116,\[,rolling.fiv;analysis.information_summary;analysis.paired_summary,src/q3/rolling.py:43;src/q3/analysis.py:71;src/q3/analysis.py:62,test_fiv_common_support_and_state_independence；全年FIV/OUV按用户指令未执行,implemented; bounded-tests-only; full-numerical-evaluation-not-run
Q3-L2117,3.22,2117,\boxed{,rolling.fiv;analysis.information_summary;analysis.paired_summary,src/q3/rolling.py:43;src/q3/analysis.py:71;src/q3/analysis.py:62,test_fiv_common_support_and_state_independence；全年FIV/OUV按用户指令未执行,implemented; bounded-tests-only; full-numerical-evaluation-not-run
Q3-L2118,3.22,2118,OUV_{12},rolling.fiv;analysis.information_summary;analysis.paired_summary,src/q3/rolling.py:43;src/q3/analysis.py:71;src/q3/analysis.py:62,test_fiv_common_support_and_state_independence；全年FIV/OUV按用户指令未执行,implemented; bounded-tests-only; full-numerical-evaluation-not-run
Q3-L2119,3.22,2119,=,rolling.fiv;analysis.information_summary;analysis.paired_summary,src/q3/rolling.py:43;src/q3/analysis.py:71;src/q3/analysis.py:62,test_fiv_common_support_and_state_independence；全年FIV/OUV按用户指令未执行,implemented; bounded-tests-only; full-numerical-evaluation-not-run
Q3-L2120,3.22,2120,"C_{\mathcal K_1}-C_{\mathcal K_2},",rolling.fiv;analysis.information_summary;analysis.paired_summary,src/q3/rolling.py:43;src/q3/analysis.py:71;src/q3/analysis.py:62,test_fiv_common_support_and_state_independence；全年FIV/OUV按用户指令未执行,implemented; bounded-tests-only; full-numerical-evaluation-not-run
Q3-L2121,3.22,2121,},rolling.fiv;analysis.information_summary;analysis.paired_summary,src/q3/rolling.py:43;src/q3/analysis.py:71;src/q3/analysis.py:62,test_fiv_common_support_and_state_independence；全年FIV/OUV按用户指令未执行,implemented; bounded-tests-only; full-numerical-evaluation-not-run
Q3-L2122,3.22,2122,\],rolling.fiv;analysis.information_summary;analysis.paired_summary,src/q3/rolling.py:43;src/q3/analysis.py:71;src/q3/analysis.py:62,test_fiv_common_support_and_state_independence；全年FIV/OUV按用户指令未执行,implemented; bounded-tests-only; full-numerical-evaluation-not-run
Q3-L2124,3.22,2124,\[,rolling.fiv;analysis.information_summary;analysis.paired_summary,src/q3/rolling.py:43;src/q3/analysis.py:71;src/q3/analysis.py:62,test_fiv_common_support_and_state_independence；全年FIV/OUV按用户指令未执行,implemented; bounded-tests-only; full-numerical-evaluation-not-run
Q3-L2125,3.22,2125,\boxed{,rolling.fiv;analysis.information_summary;analysis.paired_summary,src/q3/rolling.py:43;src/q3/analysis.py:71;src/q3/analysis.py:62,test_fiv_common_support_and_state_independence；全年FIV/OUV按用户指令未执行,implemented; bounded-tests-only; full-numerical-evaluation-not-run
Q3-L2126,3.22,2126,OUV_{18},rolling.fiv;analysis.information_summary;analysis.paired_summary,src/q3/rolling.py:43;src/q3/analysis.py:71;src/q3/analysis.py:62,test_fiv_common_support_and_state_independence；全年FIV/OUV按用户指令未执行,implemented; bounded-tests-only; full-numerical-evaluation-not-run
Q3-L2127,3.22,2127,=,rolling.fiv;analysis.information_summary;analysis.paired_summary,src/q3/rolling.py:43;src/q3/analysis.py:71;src/q3/analysis.py:62,test_fiv_common_support_and_state_independence；全年FIV/OUV按用户指令未执行,implemented; bounded-tests-only; full-numerical-evaluation-not-run
Q3-L2128,3.22,2128,C_{\mathcal K_2}-C_{\mathcal K_3}.,rolling.fiv;analysis.information_summary;analysis.paired_summary,src/q3/rolling.py:43;src/q3/analysis.py:71;src/q3/analysis.py:62,test_fiv_common_support_and_state_independence；全年FIV/OUV按用户指令未执行,implemented; bounded-tests-only; full-numerical-evaluation-not-run
Q3-L2129,3.22,2129,},rolling.fiv;analysis.information_summary;analysis.paired_summary,src/q3/rolling.py:43;src/q3/analysis.py:71;src/q3/analysis.py:62,test_fiv_common_support_and_state_independence；全年FIV/OUV按用户指令未执行,implemented; bounded-tests-only; full-numerical-evaluation-not-run
Q3-L2130,3.22,2130,\],rolling.fiv;analysis.information_summary;analysis.paired_summary,src/q3/rolling.py:43;src/q3/analysis.py:71;src/q3/analysis.py:62,test_fiv_common_support_and_state_independence；全年FIV/OUV按用户指令未执行,implemented; bounded-tests-only; full-numerical-evaluation-not-run
Q3-L2132,3.22,2132,这里 \(OUV_k\) 不再称为“纯预报信息价值”，因为它同时包含,rolling.fiv;analysis.information_summary;analysis.paired_summary,src/q3/rolling.py:43;src/q3/analysis.py:71;src/q3/analysis.py:62,test_fiv_common_support_and_state_independence；全年FIV/OUV按用户指令未执行,implemented; bounded-tests-only; full-numerical-evaluation-not-run
Q3-L2134,3.22,2134,\[,rolling.fiv;analysis.information_summary;analysis.paired_summary,src/q3/rolling.py:43;src/q3/analysis.py:71;src/q3/analysis.py:62,test_fiv_common_support_and_state_independence；全年FIV/OUV按用户指令未执行,implemented; bounded-tests-only; full-numerical-evaluation-not-run
Q3-L2135,3.22,2135,\boxed{,rolling.fiv;analysis.information_summary;analysis.paired_summary,src/q3/rolling.py:43;src/q3/analysis.py:71;src/q3/analysis.py:62,test_fiv_common_support_and_state_independence；全年FIV/OUV按用户指令未执行,implemented; bounded-tests-only; full-numerical-evaluation-not-run
Q3-L2136,3.22,2136,\text{新光伏预报},rolling.fiv;analysis.information_summary;analysis.paired_summary,src/q3/rolling.py:43;src/q3/analysis.py:71;src/q3/analysis.py:62,test_fiv_common_support_and_state_independence；全年FIV/OUV按用户指令未执行,implemented; bounded-tests-only; full-numerical-evaluation-not-run
Q3-L2137,3.22,2137,+,rolling.fiv;analysis.information_summary;analysis.paired_summary,src/q3/rolling.py:43;src/q3/analysis.py:71;src/q3/analysis.py:62,test_fiv_common_support_and_state_independence；全年FIV/OUV按用户指令未执行,implemented; bounded-tests-only; full-numerical-evaluation-not-run
Q3-L2138,3.22,2138,\text{当前真实 SOC/已实现状态},rolling.fiv;analysis.information_summary;analysis.paired_summary,src/q3/rolling.py:43;src/q3/analysis.py:71;src/q3/analysis.py:62,test_fiv_common_support_and_state_independence；全年FIV/OUV按用户指令未执行,implemented; bounded-tests-only; full-numerical-evaluation-not-run
Q3-L2139,3.22,2139,+,rolling.fiv;analysis.information_summary;analysis.paired_summary,src/q3/rolling.py:43;src/q3/analysis.py:71;src/q3/analysis.py:62,test_fiv_common_support_and_state_independence；全年FIV/OUV按用户指令未执行,implemented; bounded-tests-only; full-numerical-evaluation-not-run
Q3-L2140,3.22,2140,\text{一次新的重优化机会}.,rolling.fiv;analysis.information_summary;analysis.paired_summary,src/q3/rolling.py:43;src/q3/analysis.py:71;src/q3/analysis.py:62,test_fiv_common_support_and_state_independence；全年FIV/OUV按用户指令未执行,implemented; bounded-tests-only; full-numerical-evaluation-not-run
Q3-L2141,3.22,2141,},rolling.fiv;analysis.information_summary;analysis.paired_summary,src/q3/rolling.py:43;src/q3/analysis.py:71;src/q3/analysis.py:62,test_fiv_common_support_and_state_independence；全年FIV/OUV按用户指令未执行,implemented; bounded-tests-only; full-numerical-evaluation-not-run
Q3-L2142,3.22,2142,\],rolling.fiv;analysis.information_summary;analysis.paired_summary,src/q3/rolling.py:43;src/q3/analysis.py:71;src/q3/analysis.py:62,test_fiv_common_support_and_state_independence；全年FIV/OUV按用户指令未执行,implemented; bounded-tests-only; full-numerical-evaluation-not-run
Q3-L2144,3.22,2144,为避免全年总差额被少数极端日期主导，同时计算逐日配对差：,rolling.fiv;analysis.information_summary;analysis.paired_summary,src/q3/rolling.py:43;src/q3/analysis.py:71;src/q3/analysis.py:62,test_fiv_common_support_and_state_independence；全年FIV/OUV按用户指令未执行,implemented; bounded-tests-only; full-numerical-evaluation-not-run
Q3-L2146,3.22,2146,\[,rolling.fiv;analysis.information_summary;analysis.paired_summary,src/q3/rolling.py:43;src/q3/analysis.py:71;src/q3/analysis.py:62,test_fiv_common_support_and_state_independence；全年FIV/OUV按用户指令未执行,implemented; bounded-tests-only; full-numerical-evaluation-not-run
Q3-L2147,3.22,2147,"\Delta C_{d,6}^{\mathrm{op}}",rolling.fiv;analysis.information_summary;analysis.paired_summary,src/q3/rolling.py:43;src/q3/analysis.py:71;src/q3/analysis.py:62,test_fiv_common_support_and_state_independence；全年FIV/OUV按用户指令未执行,implemented; bounded-tests-only; full-numerical-evaluation-not-run
Q3-L2148,3.22,2148,=,rolling.fiv;analysis.information_summary;analysis.paired_summary,src/q3/rolling.py:43;src/q3/analysis.py:71;src/q3/analysis.py:62,test_fiv_common_support_and_state_independence；全年FIV/OUV按用户指令未执行,implemented; bounded-tests-only; full-numerical-evaluation-not-run
Q3-L2149,3.22,2149,"C_{d,\mathcal K_0}-C_{d,\mathcal K_1},",rolling.fiv;analysis.information_summary;analysis.paired_summary,src/q3/rolling.py:43;src/q3/analysis.py:71;src/q3/analysis.py:62,test_fiv_common_support_and_state_independence；全年FIV/OUV按用户指令未执行,implemented; bounded-tests-only; full-numerical-evaluation-not-run
Q3-L2150,3.22,2150,\],rolling.fiv;analysis.information_summary;analysis.paired_summary,src/q3/rolling.py:43;src/q3/analysis.py:71;src/q3/analysis.py:62,test_fiv_common_support_and_state_independence；全年FIV/OUV按用户指令未执行,implemented; bounded-tests-only; full-numerical-evaluation-not-run
Q3-L2152,3.22,2152,\[,rolling.fiv;analysis.information_summary;analysis.paired_summary,src/q3/rolling.py:43;src/q3/analysis.py:71;src/q3/analysis.py:62,test_fiv_common_support_and_state_independence；全年FIV/OUV按用户指令未执行,implemented; bounded-tests-only; full-numerical-evaluation-not-run
Q3-L2153,3.22,2153,"\Delta C_{d,12}^{\mathrm{op}}",rolling.fiv;analysis.information_summary;analysis.paired_summary,src/q3/rolling.py:43;src/q3/analysis.py:71;src/q3/analysis.py:62,test_fiv_common_support_and_state_independence；全年FIV/OUV按用户指令未执行,implemented; bounded-tests-only; full-numerical-evaluation-not-run
Q3-L2154,3.22,2154,=,rolling.fiv;analysis.information_summary;analysis.paired_summary,src/q3/rolling.py:43;src/q3/analysis.py:71;src/q3/analysis.py:62,test_fiv_common_support_and_state_independence；全年FIV/OUV按用户指令未执行,implemented; bounded-tests-only; full-numerical-evaluation-not-run
Q3-L2155,3.22,2155,"C_{d,\mathcal K_1}-C_{d,\mathcal K_2},",rolling.fiv;analysis.information_summary;analysis.paired_summary,src/q3/rolling.py:43;src/q3/analysis.py:71;src/q3/analysis.py:62,test_fiv_common_support_and_state_independence；全年FIV/OUV按用户指令未执行,implemented; bounded-tests-only; full-numerical-evaluation-not-run
Q3-L2156,3.22,2156,\],rolling.fiv;analysis.information_summary;analysis.paired_summary,src/q3/rolling.py:43;src/q3/analysis.py:71;src/q3/analysis.py:62,test_fiv_common_support_and_state_independence；全年FIV/OUV按用户指令未执行,implemented; bounded-tests-only; full-numerical-evaluation-not-run
Q3-L2158,3.22,2158,\[,rolling.fiv;analysis.information_summary;analysis.paired_summary,src/q3/rolling.py:43;src/q3/analysis.py:71;src/q3/analysis.py:62,test_fiv_common_support_and_state_independence；全年FIV/OUV按用户指令未执行,implemented; bounded-tests-only; full-numerical-evaluation-not-run
Q3-L2159,3.22,2159,"\Delta C_{d,18}^{\mathrm{op}}",rolling.fiv;analysis.information_summary;analysis.paired_summary,src/q3/rolling.py:43;src/q3/analysis.py:71;src/q3/analysis.py:62,test_fiv_common_support_and_state_independence；全年FIV/OUV按用户指令未执行,implemented; bounded-tests-only; full-numerical-evaluation-not-run
Q3-L2160,3.22,2160,=,rolling.fiv;analysis.information_summary;analysis.paired_summary,src/q3/rolling.py:43;src/q3/analysis.py:71;src/q3/analysis.py:62,test_fiv_common_support_and_state_independence；全年FIV/OUV按用户指令未执行,implemented; bounded-tests-only; full-numerical-evaluation-not-run
Q3-L2161,3.22,2161,"C_{d,\mathcal K_2}-C_{d,\mathcal K_3}.",rolling.fiv;analysis.information_summary;analysis.paired_summary,src/q3/rolling.py:43;src/q3/analysis.py:71;src/q3/analysis.py:62,test_fiv_common_support_and_state_independence；全年FIV/OUV按用户指令未执行,implemented; bounded-tests-only; full-numerical-evaluation-not-run
Q3-L2162,3.22,2162,\],rolling.fiv;analysis.information_summary;analysis.paired_summary,src/q3/rolling.py:43;src/q3/analysis.py:71;src/q3/analysis.py:62,test_fiv_common_support_and_state_independence；全年FIV/OUV按用户指令未执行,implemented; bounded-tests-only; full-numerical-evaluation-not-run
Q3-L2164,3.22,2164,正文至少报告每个节点的,rolling.fiv;analysis.information_summary;analysis.paired_summary,src/q3/rolling.py:43;src/q3/analysis.py:71;src/q3/analysis.py:62,test_fiv_common_support_and_state_independence；全年FIV/OUV按用户指令未执行,implemented; bounded-tests-only; full-numerical-evaluation-not-run
Q3-L2166,3.22,2166,\[,rolling.fiv;analysis.information_summary;analysis.paired_summary,src/q3/rolling.py:43;src/q3/analysis.py:71;src/q3/analysis.py:62,test_fiv_common_support_and_state_independence；全年FIV/OUV按用户指令未执行,implemented; bounded-tests-only; full-numerical-evaluation-not-run
Q3-L2167,3.22,2167,\boxed{,rolling.fiv;analysis.information_summary;analysis.paired_summary,src/q3/rolling.py:43;src/q3/analysis.py:71;src/q3/analysis.py:62,test_fiv_common_support_and_state_independence；全年FIV/OUV按用户指令未执行,implemented; bounded-tests-only; full-numerical-evaluation-not-run
Q3-L2168,3.22,2168,"\text{全年总节省},\quad",rolling.fiv;analysis.information_summary;analysis.paired_summary,src/q3/rolling.py:43;src/q3/analysis.py:71;src/q3/analysis.py:62,test_fiv_common_support_and_state_independence；全年FIV/OUV按用户指令未执行,implemented; bounded-tests-only; full-numerical-evaluation-not-run
Q3-L2169,3.22,2169,"\text{日均值},\quad",rolling.fiv;analysis.information_summary;analysis.paired_summary,src/q3/rolling.py:43;src/q3/analysis.py:71;src/q3/analysis.py:62,test_fiv_common_support_and_state_independence；全年FIV/OUV按用户指令未执行,implemented; bounded-tests-only; full-numerical-evaluation-not-run
Q3-L2170,3.22,2170,"\text{中位数},\quad",rolling.fiv;analysis.information_summary;analysis.paired_summary,src/q3/rolling.py:43;src/q3/analysis.py:71;src/q3/analysis.py:62,test_fiv_common_support_and_state_independence；全年FIV/OUV按用户指令未执行,implemented; bounded-tests-only; full-numerical-evaluation-not-run
Q3-L2171,3.22,2171,"\text{四分位距},\quad",rolling.fiv;analysis.information_summary;analysis.paired_summary,src/q3/rolling.py:43;src/q3/analysis.py:71;src/q3/analysis.py:62,test_fiv_common_support_and_state_independence；全年FIV/OUV按用户指令未执行,implemented; bounded-tests-only; full-numerical-evaluation-not-run
Q3-L2172,3.22,2172,\text{正收益天数占比}.,rolling.fiv;analysis.information_summary;analysis.paired_summary,src/q3/rolling.py:43;src/q3/analysis.py:71;src/q3/analysis.py:62,test_fiv_common_support_and_state_independence；全年FIV/OUV按用户指令未执行,implemented; bounded-tests-only; full-numerical-evaluation-not-run
Q3-L2173,3.22,2173,},rolling.fiv;analysis.information_summary;analysis.paired_summary,src/q3/rolling.py:43;src/q3/analysis.py:71;src/q3/analysis.py:62,test_fiv_common_support_and_state_independence；全年FIV/OUV按用户指令未执行,implemented; bounded-tests-only; full-numerical-evaluation-not-run
Q3-L2174,3.22,2174,\],rolling.fiv;analysis.information_summary;analysis.paired_summary,src/q3/rolling.py:43;src/q3/analysis.py:71;src/q3/analysis.py:62,test_fiv_common_support_and_state_independence；全年FIV/OUV按用户指令未执行,implemented; bounded-tests-only; full-numerical-evaluation-not-run
Q3-L2176,3.22,2176,并可用按日 bootstrap 给出均值的 95\% 置信区间。,rolling.fiv;analysis.information_summary;analysis.paired_summary,src/q3/rolling.py:43;src/q3/analysis.py:71;src/q3/analysis.py:62,test_fiv_common_support_and_state_independence；全年FIV/OUV按用户指令未执行,implemented; bounded-tests-only; full-numerical-evaluation-not-run
Q3-L2178,3.22,2178,## 3.22.3 对“是否需要引入其他时刻预报”的判定,rolling.fiv;analysis.information_summary;analysis.paired_summary,src/q3/rolling.py:43;src/q3/analysis.py:71;src/q3/analysis.py:62,test_fiv_common_support_and_state_independence；全年FIV/OUV按用户指令未执行,implemented; bounded-tests-only; full-numerical-evaluation-not-run
Q3-L2180,3.22,2180,最终不只依据 MAE/RMSE，也不只依据 \(\mathcal K_0\sim\mathcal K_3\) 的总成本，而采用如下逻辑：,rolling.fiv;analysis.information_summary;analysis.paired_summary,src/q3/rolling.py:43;src/q3/analysis.py:71;src/q3/analysis.py:62,test_fiv_common_support_and_state_independence；全年FIV/OUV按用户指令未执行,implemented; bounded-tests-only; full-numerical-evaluation-not-run
Q3-L2182,3.22,2182,\[,rolling.fiv;analysis.information_summary;analysis.paired_summary,src/q3/rolling.py:43;src/q3/analysis.py:71;src/q3/analysis.py:62,test_fiv_common_support_and_state_independence；全年FIV/OUV按用户指令未执行,implemented; bounded-tests-only; full-numerical-evaluation-not-run
Q3-L2183,3.22,2183,\boxed{,rolling.fiv;analysis.information_summary;analysis.paired_summary,src/q3/rolling.py:43;src/q3/analysis.py:71;src/q3/analysis.py:62,test_fiv_common_support_and_state_independence；全年FIV/OUV按用户指令未执行,implemented; bounded-tests-only; full-numerical-evaluation-not-run
Q3-L2184,3.22,2184,\text{预测精度改善},rolling.fiv;analysis.information_summary;analysis.paired_summary,src/q3/rolling.py:43;src/q3/analysis.py:71;src/q3/analysis.py:62,test_fiv_common_support_and_state_independence；全年FIV/OUV按用户指令未执行,implemented; bounded-tests-only; full-numerical-evaluation-not-run
Q3-L2185,3.22,2185,\rightarrow,rolling.fiv;analysis.information_summary;analysis.paired_summary,src/q3/rolling.py:43;src/q3/analysis.py:71;src/q3/analysis.py:62,test_fiv_common_support_and_state_independence；全年FIV/OUV按用户指令未执行,implemented; bounded-tests-only; full-numerical-evaluation-not-run
Q3-L2186,3.22,2186,FIV_k^{B},rolling.fiv;analysis.information_summary;analysis.paired_summary,src/q3/rolling.py:43;src/q3/analysis.py:71;src/q3/analysis.py:62,test_fiv_common_support_and_state_independence；全年FIV/OUV按用户指令未执行,implemented; bounded-tests-only; full-numerical-evaluation-not-run
Q3-L2187,3.22,2187,\rightarrow,rolling.fiv;analysis.information_summary;analysis.paired_summary,src/q3/rolling.py:43;src/q3/analysis.py:71;src/q3/analysis.py:62,test_fiv_common_support_and_state_independence；全年FIV/OUV按用户指令未执行,implemented; bounded-tests-only; full-numerical-evaluation-not-run
Q3-L2188,3.22,2188,OUV_k,rolling.fiv;analysis.information_summary;analysis.paired_summary,src/q3/rolling.py:43;src/q3/analysis.py:71;src/q3/analysis.py:62,test_fiv_common_support_and_state_independence；全年FIV/OUV按用户指令未执行,implemented; bounded-tests-only; full-numerical-evaluation-not-run
Q3-L2189,3.22,2189,\rightarrow,rolling.fiv;analysis.information_summary;analysis.paired_summary,src/q3/rolling.py:43;src/q3/analysis.py:71;src/q3/analysis.py:62,test_fiv_common_support_and_state_independence；全年FIV/OUV按用户指令未执行,implemented; bounded-tests-only; full-numerical-evaluation-not-run
Q3-L2190,3.22,2190,\text{是否值得保留该更新节点}.,rolling.fiv;analysis.information_summary;analysis.paired_summary,src/q3/rolling.py:43;src/q3/analysis.py:71;src/q3/analysis.py:62,test_fiv_common_support_and_state_independence；全年FIV/OUV按用户指令未执行,implemented; bounded-tests-only; full-numerical-evaluation-not-run
Q3-L2191,3.22,2191,},rolling.fiv;analysis.information_summary;analysis.paired_summary,src/q3/rolling.py:43;src/q3/analysis.py:71;src/q3/analysis.py:62,test_fiv_common_support_and_state_independence；全年FIV/OUV按用户指令未执行,implemented; bounded-tests-only; full-numerical-evaluation-not-run
Q3-L2192,3.22,2192,\],rolling.fiv;analysis.information_summary;analysis.paired_summary,src/q3/rolling.py:43;src/q3/analysis.py:71;src/q3/analysis.py:62,test_fiv_common_support_and_state_independence；全年FIV/OUV按用户指令未执行,implemented; bounded-tests-only; full-numerical-evaluation-not-run
Q3-L2194,3.22,2194,若 \(FIV_k^{B}\) 与 \(OUV_k\) 均稳定为正，说明该时刻的新预报本身具有直接经济价值，且实际开放该更新节点也值得；若 \(FIV_k^{B}\approx0\) 但 \(OUV_k>0\)，则节省主要来自状态反馈与重新优化机会，而不能把全部收益归因于新预报；若 18:00 的当日直接价值很小但 \(FIV_{18}^{\mathrm{cont}}>0\)，则应将其解释为跨日 SOC 继续价值。,rolling.fiv;analysis.information_summary;analysis.paired_summary,src/q3/rolling.py:43;src/q3/analysis.py:71;src/q3/analysis.py:62,test_fiv_common_support_and_state_independence；全年FIV/OUV按用户指令未执行,implemented; bounded-tests-only; full-numerical-evaluation-not-run
Q3-L2196,3.22,2196,个别日期可能出现负的样本外配对差，这并不意味着“信息本身理论上具有负价值”，而反映有限历史场景与真实样本之间的分布偏差或策略失配。判断是否值得引入某时刻预报，应以全年配对统计和稳定性为依据。,rolling.fiv;analysis.information_summary;analysis.paired_summary,src/q3/rolling.py:43;src/q3/analysis.py:71;src/q3/analysis.py:62,test_fiv_common_support_and_state_independence；全年FIV/OUV按用户指令未执行,implemented; bounded-tests-only; full-numerical-evaluation-not-run
Q3-L2198,3.22,2198,---,rolling.fiv;analysis.information_summary;analysis.paired_summary,src/q3/rolling.py:43;src/q3/analysis.py:71;src/q3/analysis.py:62,test_fiv_common_support_and_state_independence；全年FIV/OUV按用户指令未执行,implemented; bounded-tests-only; full-numerical-evaluation-not-run
Q3-L2200,3.23,2200,# 3.23 模型消融与代表日多阶段 benchmark,multistage.conditional_tree;multistage.solve_tree;multistage.replay_tree;analysis.stress_dates;analysis.run_experiments,src/q3/multistage.py:14;src/q3/multistage.py:61;src/q3/multistage.py:124;src/q3/analysis.py:113;src/q3/analysis.py:136,test_tree_conditioning_and_uncertainty;test_actual_small_multistage_solve；正式stress集合未全跑,implemented; bounded-tests-only; full-numerical-evaluation-not-run
Q3-L2202,3.23,2202,为分别验证“历史随机场景是否有价值”和“滚动近似距离显式多阶段决策有多远”，设置三个层级模型。,multistage.conditional_tree;multistage.solve_tree;multistage.replay_tree;analysis.stress_dates;analysis.run_experiments,src/q3/multistage.py:14;src/q3/multistage.py:61;src/q3/multistage.py:124;src/q3/analysis.py:113;src/q3/analysis.py:136,test_tree_conditioning_and_uncertainty;test_actual_small_multistage_solve；正式stress集合未全跑,implemented; bounded-tests-only; full-numerical-evaluation-not-run
Q3-L2204,3.23,2204,### 模型 \(M_0\)：确定性四时点滚动优化,multistage.conditional_tree;multistage.solve_tree;multistage.replay_tree;analysis.stress_dates;analysis.run_experiments,src/q3/multistage.py:14;src/q3/multistage.py:61;src/q3/multistage.py:124;src/q3/analysis.py:113;src/q3/analysis.py:136,test_tree_conditioning_and_uncertainty;test_actual_small_multistage_solve；正式stress集合未全跑,implemented; bounded-tests-only; full-numerical-evaluation-not-run
Q3-L2206,3.23,2206,只使用,multistage.conditional_tree;multistage.solve_tree;multistage.replay_tree;analysis.stress_dates;analysis.run_experiments,src/q3/multistage.py:14;src/q3/multistage.py:61;src/q3/multistage.py:124;src/q3/analysis.py:113;src/q3/analysis.py:136,test_tree_conditioning_and_uncertainty;test_actual_small_multistage_solve；正式stress集合未全跑,implemented; bounded-tests-only; full-numerical-evaluation-not-run
Q3-L2208,3.23,2208,\[,multistage.conditional_tree;multistage.solve_tree;multistage.replay_tree;analysis.stress_dates;analysis.run_experiments,src/q3/multistage.py:14;src/q3/multistage.py:61;src/q3/multistage.py:124;src/q3/analysis.py:113;src/q3/analysis.py:136,test_tree_conditioning_and_uncertainty;test_actual_small_multistage_solve；正式stress集合未全跑,implemented; bounded-tests-only; full-numerical-evaluation-not-run
Q3-L2209,3.23,2209,"\widehat L_t,",multistage.conditional_tree;multistage.solve_tree;multistage.replay_tree;analysis.stress_dates;analysis.run_experiments,src/q3/multistage.py:14;src/q3/multistage.py:61;src/q3/multistage.py:124;src/q3/analysis.py:113;src/q3/analysis.py:136,test_tree_conditioning_and_uncertainty;test_actual_small_multistage_solve；正式stress集合未全跑,implemented; bounded-tests-only; full-numerical-evaluation-not-run
Q3-L2210,3.23,2210,\qquad,multistage.conditional_tree;multistage.solve_tree;multistage.replay_tree;analysis.stress_dates;analysis.run_experiments,src/q3/multistage.py:14;src/q3/multistage.py:61;src/q3/multistage.py:124;src/q3/analysis.py:113;src/q3/analysis.py:136,test_tree_conditioning_and_uncertainty;test_actual_small_multistage_solve；正式stress集合未全跑,implemented; bounded-tests-only; full-numerical-evaluation-not-run
Q3-L2211,3.23,2211,\widehat P_{t|k}^{PV},multistage.conditional_tree;multistage.solve_tree;multistage.replay_tree;analysis.stress_dates;analysis.run_experiments,src/q3/multistage.py:14;src/q3/multistage.py:61;src/q3/multistage.py:124;src/q3/analysis.py:113;src/q3/analysis.py:136,test_tree_conditioning_and_uncertainty;test_actual_small_multistage_solve；正式stress集合未全跑,implemented; bounded-tests-only; full-numerical-evaluation-not-run
Q3-L2212,3.23,2212,\],multistage.conditional_tree;multistage.solve_tree;multistage.replay_tree;analysis.stress_dates;analysis.run_experiments,src/q3/multistage.py:14;src/q3/multistage.py:61;src/q3/multistage.py:124;src/q3/analysis.py:113;src/q3/analysis.py:136,test_tree_conditioning_and_uncertainty;test_actual_small_multistage_solve；正式stress集合未全跑,implemented; bounded-tests-only; full-numerical-evaluation-not-run
Q3-L2214,3.23,2214,作为未来确定输入，不构造随机场景；其信息节点、committed block、结算口径、储能约束与真实回放方式均与主模型保持一致。,multistage.conditional_tree;multistage.solve_tree;multistage.replay_tree;analysis.stress_dates;analysis.run_experiments,src/q3/multistage.py:14;src/q3/multistage.py:61;src/q3/multistage.py:124;src/q3/analysis.py:113;src/q3/analysis.py:136,test_tree_conditioning_and_uncertainty;test_actual_small_multistage_solve；正式stress集合未全跑,implemented; bounded-tests-only; full-numerical-evaluation-not-run
Q3-L2216,3.23,2216,### 模型 \(M_1\)：本文随机四时点滚动模型,multistage.conditional_tree;multistage.solve_tree;multistage.replay_tree;analysis.stress_dates;analysis.run_experiments,src/q3/multistage.py:14;src/q3/multistage.py:61;src/q3/multistage.py:124;src/q3/analysis.py:113;src/q3/analysis.py:136,test_tree_conditioning_and_uncertainty;test_actual_small_multistage_solve；正式stress集合未全跑,implemented; bounded-tests-only; full-numerical-evaluation-not-run
Q3-L2218,3.23,2218,使用因果条件历史池中的联合负荷—光伏误差轨迹构造经验场景，在每个更新节点求解 Scenario-Based Stochastic Economic MPC，并按第 3.17 节区分 committed block、当天 look-ahead proxy 与跨日 continuation proxy。\(M_1\) 是 2--12 月正式结果所采用的冻结主模型。,multistage.conditional_tree;multistage.solve_tree;multistage.replay_tree;analysis.stress_dates;analysis.run_experiments,src/q3/multistage.py:14;src/q3/multistage.py:61;src/q3/multistage.py:124;src/q3/analysis.py:113;src/q3/analysis.py:136,test_tree_conditioning_and_uncertainty;test_actual_small_multistage_solve；正式stress集合未全跑,implemented; bounded-tests-only; full-numerical-evaluation-not-run
Q3-L2220,3.23,2220,### 模型 \(M_2\)：阶段条件聚类的缩减四阶段随机规划 benchmark,multistage.conditional_tree;multistage.solve_tree;multistage.replay_tree;analysis.stress_dates;analysis.run_experiments,src/q3/multistage.py:14;src/q3/multistage.py:61;src/q3/multistage.py:124;src/q3/analysis.py:113;src/q3/analysis.py:136,test_tree_conditioning_and_uncertainty;test_actual_small_multistage_solve；正式stress集合未全跑,implemented; bounded-tests-only; full-numerical-evaluation-not-run
Q3-L2222,3.23,2222,\(M_2\) 只在少量诊断日期上建立,multistage.conditional_tree;multistage.solve_tree;multistage.replay_tree;analysis.stress_dates;analysis.run_experiments,src/q3/multistage.py:14;src/q3/multistage.py:61;src/q3/multistage.py:124;src/q3/analysis.py:113;src/q3/analysis.py:136,test_tree_conditioning_and_uncertainty;test_actual_small_multistage_solve；正式stress集合未全跑,implemented; bounded-tests-only; full-numerical-evaluation-not-run
Q3-L2224,3.23,2224,\[,multistage.conditional_tree;multistage.solve_tree;multistage.replay_tree;analysis.stress_dates;analysis.run_experiments,src/q3/multistage.py:14;src/q3/multistage.py:61;src/q3/multistage.py:124;src/q3/analysis.py:113;src/q3/analysis.py:136,test_tree_conditioning_and_uncertainty;test_actual_small_multistage_solve；正式stress集合未全跑,implemented; bounded-tests-only; full-numerical-evaluation-not-run
Q3-L2225,3.23,2225,\boxed{,multistage.conditional_tree;multistage.solve_tree;multistage.replay_tree;analysis.stress_dates;analysis.run_experiments,src/q3/multistage.py:14;src/q3/multistage.py:61;src/q3/multistage.py:124;src/q3/analysis.py:113;src/q3/analysis.py:136,test_tree_conditioning_and_uncertainty;test_actual_small_multistage_solve；正式stress集合未全跑,implemented; bounded-tests-only; full-numerical-evaluation-not-run
Q3-L2226,3.23,2226,0{:}00,multistage.conditional_tree;multistage.solve_tree;multistage.replay_tree;analysis.stress_dates;analysis.run_experiments,src/q3/multistage.py:14;src/q3/multistage.py:61;src/q3/multistage.py:124;src/q3/analysis.py:113;src/q3/analysis.py:136,test_tree_conditioning_and_uncertainty;test_actual_small_multistage_solve；正式stress集合未全跑,implemented; bounded-tests-only; full-numerical-evaluation-not-run
Q3-L2227,3.23,2227,\rightarrow,multistage.conditional_tree;multistage.solve_tree;multistage.replay_tree;analysis.stress_dates;analysis.run_experiments,src/q3/multistage.py:14;src/q3/multistage.py:61;src/q3/multistage.py:124;src/q3/analysis.py:113;src/q3/analysis.py:136,test_tree_conditioning_and_uncertainty;test_actual_small_multistage_solve；正式stress集合未全跑,implemented; bounded-tests-only; full-numerical-evaluation-not-run
Q3-L2228,3.23,2228,6{:}00,multistage.conditional_tree;multistage.solve_tree;multistage.replay_tree;analysis.stress_dates;analysis.run_experiments,src/q3/multistage.py:14;src/q3/multistage.py:61;src/q3/multistage.py:124;src/q3/analysis.py:113;src/q3/analysis.py:136,test_tree_conditioning_and_uncertainty;test_actual_small_multistage_solve；正式stress集合未全跑,implemented; bounded-tests-only; full-numerical-evaluation-not-run
Q3-L2229,3.23,2229,\rightarrow,multistage.conditional_tree;multistage.solve_tree;multistage.replay_tree;analysis.stress_dates;analysis.run_experiments,src/q3/multistage.py:14;src/q3/multistage.py:61;src/q3/multistage.py:124;src/q3/analysis.py:113;src/q3/analysis.py:136,test_tree_conditioning_and_uncertainty;test_actual_small_multistage_solve；正式stress集合未全跑,implemented; bounded-tests-only; full-numerical-evaluation-not-run
Q3-L2230,3.23,2230,12{:}00,multistage.conditional_tree;multistage.solve_tree;multistage.replay_tree;analysis.stress_dates;analysis.run_experiments,src/q3/multistage.py:14;src/q3/multistage.py:61;src/q3/multistage.py:124;src/q3/analysis.py:113;src/q3/analysis.py:136,test_tree_conditioning_and_uncertainty;test_actual_small_multistage_solve；正式stress集合未全跑,implemented; bounded-tests-only; full-numerical-evaluation-not-run
Q3-L2231,3.23,2231,\rightarrow,multistage.conditional_tree;multistage.solve_tree;multistage.replay_tree;analysis.stress_dates;analysis.run_experiments,src/q3/multistage.py:14;src/q3/multistage.py:61;src/q3/multistage.py:124;src/q3/analysis.py:113;src/q3/analysis.py:136,test_tree_conditioning_and_uncertainty;test_actual_small_multistage_solve；正式stress集合未全跑,implemented; bounded-tests-only; full-numerical-evaluation-not-run
Q3-L2232,3.23,2232,18{:}00,multistage.conditional_tree;multistage.solve_tree;multistage.replay_tree;analysis.stress_dates;analysis.run_experiments,src/q3/multistage.py:14;src/q3/multistage.py:61;src/q3/multistage.py:124;src/q3/analysis.py:113;src/q3/analysis.py:136,test_tree_conditioning_and_uncertainty;test_actual_small_multistage_solve；正式stress集合未全跑,implemented; bounded-tests-only; full-numerical-evaluation-not-run
Q3-L2233,3.23,2233,},multistage.conditional_tree;multistage.solve_tree;multistage.replay_tree;analysis.stress_dates;analysis.run_experiments,src/q3/multistage.py:14;src/q3/multistage.py:61;src/q3/multistage.py:124;src/q3/analysis.py:113;src/q3/analysis.py:136,test_tree_conditioning_and_uncertainty;test_actual_small_multistage_solve；正式stress集合未全跑,implemented; bounded-tests-only; full-numerical-evaluation-not-run
Q3-L2234,3.23,2234,\],multistage.conditional_tree;multistage.solve_tree;multistage.replay_tree;analysis.stress_dates;analysis.run_experiments,src/q3/multistage.py:14;src/q3/multistage.py:61;src/q3/multistage.py:124;src/q3/analysis.py:113;src/q3/analysis.py:136,test_tree_conditioning_and_uncertainty;test_actual_small_multistage_solve；正式stress集合未全跑,implemented; bounded-tests-only; full-numerical-evaluation-not-run
Q3-L2236,3.23,2236,四阶段场景树。为了避免连续预测向量导致“每条历史轨迹单独成节点”的近 perfect-information 问题，树节点不按预测向量完全相等来定义，而按**阶段条件聚类**构造。,multistage.conditional_tree;multistage.solve_tree;multistage.replay_tree;analysis.stress_dates;analysis.run_experiments,src/q3/multistage.py:14;src/q3/multistage.py:61;src/q3/multistage.py:124;src/q3/analysis.py:113;src/q3/analysis.py:136,test_tree_conditioning_and_uncertainty;test_actual_small_multistage_solve；正式stress集合未全跑,implemented; bounded-tests-only; full-numerical-evaluation-not-run
Q3-L2238,3.23,2238,对每个历史日 \(j\)，记同一目标时刻在相邻发布时间之间的光伏预报修正向量为,multistage.conditional_tree;multistage.solve_tree;multistage.replay_tree;analysis.stress_dates;analysis.run_experiments,src/q3/multistage.py:14;src/q3/multistage.py:61;src/q3/multistage.py:124;src/q3/analysis.py:113;src/q3/analysis.py:136,test_tree_conditioning_and_uncertainty;test_actual_small_multistage_solve；正式stress集合未全跑,implemented; bounded-tests-only; full-numerical-evaluation-not-run
Q3-L2240,3.23,2240,\[,multistage.conditional_tree;multistage.solve_tree;multistage.replay_tree;analysis.stress_dates;analysis.run_experiments,src/q3/multistage.py:14;src/q3/multistage.py:61;src/q3/multistage.py:124;src/q3/analysis.py:113;src/q3/analysis.py:136,test_tree_conditioning_and_uncertainty;test_actual_small_multistage_solve；正式stress集合未全跑,implemented; bounded-tests-only; full-numerical-evaluation-not-run
Q3-L2241,3.23,2241,\Delta\mathbf F_j^{6},multistage.conditional_tree;multistage.solve_tree;multistage.replay_tree;analysis.stress_dates;analysis.run_experiments,src/q3/multistage.py:14;src/q3/multistage.py:61;src/q3/multistage.py:124;src/q3/analysis.py:113;src/q3/analysis.py:136,test_tree_conditioning_and_uncertainty;test_actual_small_multistage_solve；正式stress集合未全跑,implemented; bounded-tests-only; full-numerical-evaluation-not-run
Q3-L2242,3.23,2242,=,multistage.conditional_tree;multistage.solve_tree;multistage.replay_tree;analysis.stress_dates;analysis.run_experiments,src/q3/multistage.py:14;src/q3/multistage.py:61;src/q3/multistage.py:124;src/q3/analysis.py:113;src/q3/analysis.py:136,test_tree_conditioning_and_uncertainty;test_actual_small_multistage_solve；正式stress集合未全跑,implemented; bounded-tests-only; full-numerical-evaluation-not-run
Q3-L2243,3.23,2243,"\mathbf F_j^{6}-\mathbf F_j^{0},",multistage.conditional_tree;multistage.solve_tree;multistage.replay_tree;analysis.stress_dates;analysis.run_experiments,src/q3/multistage.py:14;src/q3/multistage.py:61;src/q3/multistage.py:124;src/q3/analysis.py:113;src/q3/analysis.py:136,test_tree_conditioning_and_uncertainty;test_actual_small_multistage_solve；正式stress集合未全跑,implemented; bounded-tests-only; full-numerical-evaluation-not-run
Q3-L2244,3.23,2244,\],multistage.conditional_tree;multistage.solve_tree;multistage.replay_tree;analysis.stress_dates;analysis.run_experiments,src/q3/multistage.py:14;src/q3/multistage.py:61;src/q3/multistage.py:124;src/q3/analysis.py:113;src/q3/analysis.py:136,test_tree_conditioning_and_uncertainty;test_actual_small_multistage_solve；正式stress集合未全跑,implemented; bounded-tests-only; full-numerical-evaluation-not-run
Q3-L2246,3.23,2246,\[,multistage.conditional_tree;multistage.solve_tree;multistage.replay_tree;analysis.stress_dates;analysis.run_experiments,src/q3/multistage.py:14;src/q3/multistage.py:61;src/q3/multistage.py:124;src/q3/analysis.py:113;src/q3/analysis.py:136,test_tree_conditioning_and_uncertainty;test_actual_small_multistage_solve；正式stress集合未全跑,implemented; bounded-tests-only; full-numerical-evaluation-not-run
Q3-L2247,3.23,2247,\Delta\mathbf F_j^{12},multistage.conditional_tree;multistage.solve_tree;multistage.replay_tree;analysis.stress_dates;analysis.run_experiments,src/q3/multistage.py:14;src/q3/multistage.py:61;src/q3/multistage.py:124;src/q3/analysis.py:113;src/q3/analysis.py:136,test_tree_conditioning_and_uncertainty;test_actual_small_multistage_solve；正式stress集合未全跑,implemented; bounded-tests-only; full-numerical-evaluation-not-run
Q3-L2248,3.23,2248,=,multistage.conditional_tree;multistage.solve_tree;multistage.replay_tree;analysis.stress_dates;analysis.run_experiments,src/q3/multistage.py:14;src/q3/multistage.py:61;src/q3/multistage.py:124;src/q3/analysis.py:113;src/q3/analysis.py:136,test_tree_conditioning_and_uncertainty;test_actual_small_multistage_solve；正式stress集合未全跑,implemented; bounded-tests-only; full-numerical-evaluation-not-run
Q3-L2249,3.23,2249,"\mathbf F_j^{12}-\mathbf F_j^{6},",multistage.conditional_tree;multistage.solve_tree;multistage.replay_tree;analysis.stress_dates;analysis.run_experiments,src/q3/multistage.py:14;src/q3/multistage.py:61;src/q3/multistage.py:124;src/q3/analysis.py:113;src/q3/analysis.py:136,test_tree_conditioning_and_uncertainty;test_actual_small_multistage_solve；正式stress集合未全跑,implemented; bounded-tests-only; full-numerical-evaluation-not-run
Q3-L2250,3.23,2250,\],multistage.conditional_tree;multistage.solve_tree;multistage.replay_tree;analysis.stress_dates;analysis.run_experiments,src/q3/multistage.py:14;src/q3/multistage.py:61;src/q3/multistage.py:124;src/q3/analysis.py:113;src/q3/analysis.py:136,test_tree_conditioning_and_uncertainty;test_actual_small_multistage_solve；正式stress集合未全跑,implemented; bounded-tests-only; full-numerical-evaluation-not-run
Q3-L2252,3.23,2252,\[,multistage.conditional_tree;multistage.solve_tree;multistage.replay_tree;analysis.stress_dates;analysis.run_experiments,src/q3/multistage.py:14;src/q3/multistage.py:61;src/q3/multistage.py:124;src/q3/analysis.py:113;src/q3/analysis.py:136,test_tree_conditioning_and_uncertainty;test_actual_small_multistage_solve；正式stress集合未全跑,implemented; bounded-tests-only; full-numerical-evaluation-not-run
Q3-L2253,3.23,2253,\Delta\mathbf F_j^{18},multistage.conditional_tree;multistage.solve_tree;multistage.replay_tree;analysis.stress_dates;analysis.run_experiments,src/q3/multistage.py:14;src/q3/multistage.py:61;src/q3/multistage.py:124;src/q3/analysis.py:113;src/q3/analysis.py:136,test_tree_conditioning_and_uncertainty;test_actual_small_multistage_solve；正式stress集合未全跑,implemented; bounded-tests-only; full-numerical-evaluation-not-run
Q3-L2254,3.23,2254,=,multistage.conditional_tree;multistage.solve_tree;multistage.replay_tree;analysis.stress_dates;analysis.run_experiments,src/q3/multistage.py:14;src/q3/multistage.py:61;src/q3/multistage.py:124;src/q3/analysis.py:113;src/q3/analysis.py:136,test_tree_conditioning_and_uncertainty;test_actual_small_multistage_solve；正式stress集合未全跑,implemented; bounded-tests-only; full-numerical-evaluation-not-run
Q3-L2255,3.23,2255,"\mathbf F_j^{18}-\mathbf F_j^{12},",multistage.conditional_tree;multistage.solve_tree;multistage.replay_tree;analysis.stress_dates;analysis.run_experiments,src/q3/multistage.py:14;src/q3/multistage.py:61;src/q3/multistage.py:124;src/q3/analysis.py:113;src/q3/analysis.py:136,test_tree_conditioning_and_uncertainty;test_actual_small_multistage_solve；正式stress集合未全跑,implemented; bounded-tests-only; full-numerical-evaluation-not-run
Q3-L2256,3.23,2256,\],multistage.conditional_tree;multistage.solve_tree;multistage.replay_tree;analysis.stress_dates;analysis.run_experiments,src/q3/multistage.py:14;src/q3/multistage.py:61;src/q3/multistage.py:124;src/q3/analysis.py:113;src/q3/analysis.py:136,test_tree_conditioning_and_uncertainty;test_actual_small_multistage_solve；正式stress集合未全跑,implemented; bounded-tests-only; full-numerical-evaluation-not-run
Q3-L2258,3.23,2258,其中每个差分只在两版预报共同覆盖的目标时刻上计算。,multistage.conditional_tree;multistage.solve_tree;multistage.replay_tree;analysis.stress_dates;analysis.run_experiments,src/q3/multistage.py:14;src/q3/multistage.py:61;src/q3/multistage.py:124;src/q3/analysis.py:113;src/q3/analysis.py:136,test_tree_conditioning_and_uncertainty;test_actual_small_multistage_solve；正式stress集合未全跑,implemented; bounded-tests-only; full-numerical-evaluation-not-run
Q3-L2260,3.23,2260,树按以下顺序递归构造：,multistage.conditional_tree;multistage.solve_tree;multistage.replay_tree;analysis.stress_dates;analysis.run_experiments,src/q3/multistage.py:14;src/q3/multistage.py:61;src/q3/multistage.py:124;src/q3/analysis.py:113;src/q3/analysis.py:136,test_tree_conditioning_and_uncertainty;test_actual_small_multistage_solve；正式stress集合未全跑,implemented; bounded-tests-only; full-numerical-evaluation-not-run
Q3-L2262,3.23,2262,1. 在根节点下对 \(\Delta\mathbf F^{6}\) 做 \(k\)-medoids，形成至多 2 个 \(6{:}00\) 信息节点；,multistage.conditional_tree;multistage.solve_tree;multistage.replay_tree;analysis.stress_dates;analysis.run_experiments,src/q3/multistage.py:14;src/q3/multistage.py:61;src/q3/multistage.py:124;src/q3/analysis.py:113;src/q3/analysis.py:136,test_tree_conditioning_and_uncertainty;test_actual_small_multistage_solve；正式stress集合未全跑,implemented; bounded-tests-only; full-numerical-evaluation-not-run
Q3-L2263,3.23,2263,2. 在每个 \(6{:}00\) 父节点内部，仅使用属于该父节点的历史轨迹，对 \(\Delta\mathbf F^{12}\) 再聚成至多 2 个子节点；,multistage.conditional_tree;multistage.solve_tree;multistage.replay_tree;analysis.stress_dates;analysis.run_experiments,src/q3/multistage.py:14;src/q3/multistage.py:61;src/q3/multistage.py:124;src/q3/analysis.py:113;src/q3/analysis.py:136,test_tree_conditioning_and_uncertainty;test_actual_small_multistage_solve；正式stress集合未全跑,implemented; bounded-tests-only; full-numerical-evaluation-not-run
Q3-L2264,3.23,2264,3. 在每个 \(12{:}00\) 父节点内部，对 \(\Delta\mathbf F^{18}\) 再聚成至多 2 个子节点。,multistage.conditional_tree;multistage.solve_tree;multistage.replay_tree;analysis.stress_dates;analysis.run_experiments,src/q3/multistage.py:14;src/q3/multistage.py:61;src/q3/multistage.py:124;src/q3/analysis.py:113;src/q3/analysis.py:136,test_tree_conditioning_and_uncertainty;test_actual_small_multistage_solve；正式stress集合未全跑,implemented; bounded-tests-only; full-numerical-evaluation-not-run
Q3-L2266,3.23,2266,因此基准最大树规模为,multistage.conditional_tree;multistage.solve_tree;multistage.replay_tree;analysis.stress_dates;analysis.run_experiments,src/q3/multistage.py:14;src/q3/multistage.py:61;src/q3/multistage.py:124;src/q3/analysis.py:113;src/q3/analysis.py:136,test_tree_conditioning_and_uncertainty;test_actual_small_multistage_solve；正式stress集合未全跑,implemented; bounded-tests-only; full-numerical-evaluation-not-run
Q3-L2268,3.23,2268,\[,multistage.conditional_tree;multistage.solve_tree;multistage.replay_tree;analysis.stress_dates;analysis.run_experiments,src/q3/multistage.py:14;src/q3/multistage.py:61;src/q3/multistage.py:124;src/q3/analysis.py:113;src/q3/analysis.py:136,test_tree_conditioning_and_uncertainty;test_actual_small_multistage_solve；正式stress集合未全跑,implemented; bounded-tests-only; full-numerical-evaluation-not-run
Q3-L2269,3.23,2269,\boxed{2\times2\times2.},multistage.conditional_tree;multistage.solve_tree;multistage.replay_tree;analysis.stress_dates;analysis.run_experiments,src/q3/multistage.py:14;src/q3/multistage.py:61;src/q3/multistage.py:124;src/q3/analysis.py:113;src/q3/analysis.py:136,test_tree_conditioning_and_uncertainty;test_actual_small_multistage_solve；正式stress集合未全跑,implemented; bounded-tests-only; full-numerical-evaluation-not-run
Q3-L2270,3.23,2270,\],multistage.conditional_tree;multistage.solve_tree;multistage.replay_tree;analysis.stress_dates;analysis.run_experiments,src/q3/multistage.py:14;src/q3/multistage.py:61;src/q3/multistage.py:124;src/q3/analysis.py:113;src/q3/analysis.py:136,test_tree_conditioning_and_uncertainty;test_actual_small_multistage_solve；正式stress集合未全跑,implemented; bounded-tests-only; full-numerical-evaluation-not-run
Q3-L2272,3.23,2272,若某父节点内可用历史样本不足以可靠分成两个簇，则该节点自动退化为单分支，不强行制造虚假状态。每个历史日除了预报修正轨迹外，还携带对应的最终负荷误差、光伏误差和真实实现轨迹，因此后续阶段仍然保留 final realization uncertainty，而不是在观察到某个聚类节点后直接知道完整未来。,multistage.conditional_tree;multistage.solve_tree;multistage.replay_tree;analysis.stress_dates;analysis.run_experiments,src/q3/multistage.py:14;src/q3/multistage.py:61;src/q3/multistage.py:124;src/q3/analysis.py:113;src/q3/analysis.py:136,test_tree_conditioning_and_uncertainty;test_actual_small_multistage_solve；正式stress集合未全跑,implemented; bounded-tests-only; full-numerical-evaluation-not-run
Q3-L2274,3.23,2274,对同一树节点 \(\mathcal N_k\) 下的所有 descendant scenarios 强制共享该阶段决策：,multistage.conditional_tree;multistage.solve_tree;multistage.replay_tree;analysis.stress_dates;analysis.run_experiments,src/q3/multistage.py:14;src/q3/multistage.py:61;src/q3/multistage.py:124;src/q3/analysis.py:113;src/q3/analysis.py:136,test_tree_conditioning_and_uncertainty;test_actual_small_multistage_solve；正式stress集合未全跑,implemented; bounded-tests-only; full-numerical-evaluation-not-run
Q3-L2276,3.23,2276,\[,multistage.conditional_tree;multistage.solve_tree;multistage.replay_tree;analysis.stress_dates;analysis.run_experiments,src/q3/multistage.py:14;src/q3/multistage.py:61;src/q3/multistage.py:124;src/q3/analysis.py:113;src/q3/analysis.py:136,test_tree_conditioning_and_uncertainty;test_actual_small_multistage_solve；正式stress集合未全跑,implemented; bounded-tests-only; full-numerical-evaluation-not-run
Q3-L2277,3.23,2277,\boxed{,multistage.conditional_tree;multistage.solve_tree;multistage.replay_tree;analysis.stress_dates;analysis.run_experiments,src/q3/multistage.py:14;src/q3/multistage.py:61;src/q3/multistage.py:124;src/q3/analysis.py:113;src/q3/analysis.py:136,test_tree_conditioning_and_uncertainty;test_actual_small_multistage_solve；正式stress集合未全跑,implemented; bounded-tests-only; full-numerical-evaluation-not-run
Q3-L2278,3.23,2278,"x_s^{(k)}=x_{s'}^{(k)},",multistage.conditional_tree;multistage.solve_tree;multistage.replay_tree;analysis.stress_dates;analysis.run_experiments,src/q3/multistage.py:14;src/q3/multistage.py:61;src/q3/multistage.py:124;src/q3/analysis.py:113;src/q3/analysis.py:136,test_tree_conditioning_and_uncertainty;test_actual_small_multistage_solve；正式stress集合未全跑,implemented; bounded-tests-only; full-numerical-evaluation-not-run
Q3-L2279,3.23,2279,\qquad,multistage.conditional_tree;multistage.solve_tree;multistage.replay_tree;analysis.stress_dates;analysis.run_experiments,src/q3/multistage.py:14;src/q3/multistage.py:61;src/q3/multistage.py:124;src/q3/analysis.py:113;src/q3/analysis.py:136,test_tree_conditioning_and_uncertainty;test_actual_small_multistage_solve；正式stress集合未全跑,implemented; bounded-tests-only; full-numerical-evaluation-not-run
Q3-L2280,3.23,2280,"s,s'\in\mathcal N_k.",multistage.conditional_tree;multistage.solve_tree;multistage.replay_tree;analysis.stress_dates;analysis.run_experiments,src/q3/multistage.py:14;src/q3/multistage.py:61;src/q3/multistage.py:124;src/q3/analysis.py:113;src/q3/analysis.py:136,test_tree_conditioning_and_uncertainty;test_actual_small_multistage_solve；正式stress集合未全跑,implemented; bounded-tests-only; full-numerical-evaluation-not-run
Q3-L2281,3.23,2281,},multistage.conditional_tree;multistage.solve_tree;multistage.replay_tree;analysis.stress_dates;analysis.run_experiments,src/q3/multistage.py:14;src/q3/multistage.py:61;src/q3/multistage.py:124;src/q3/analysis.py:113;src/q3/analysis.py:136,test_tree_conditioning_and_uncertainty;test_actual_small_multistage_solve；正式stress集合未全跑,implemented; bounded-tests-only; full-numerical-evaluation-not-run
Q3-L2282,3.23,2282,\],multistage.conditional_tree;multistage.solve_tree;multistage.replay_tree;analysis.stress_dates;analysis.run_experiments,src/q3/multistage.py:14;src/q3/multistage.py:61;src/q3/multistage.py:124;src/q3/analysis.py:113;src/q3/analysis.py:136,test_tree_conditioning_and_uncertainty;test_actual_small_multistage_solve；正式stress集合未全跑,implemented; bounded-tests-only; full-numerical-evaluation-not-run
Q3-L2284,3.23,2284,节点概率取其所包含历史轨迹的经验频率，子节点概率为相对于父节点的条件频率。这样 \(M_2\) 中 \(0{:}00\) 的 \(g^0\) 能显式预见“未来会获得什么类型的新预报信息以及届时可进行何种 adjustment recourse”，但不会获得某条历史轨迹完整未来的上帝视角。,multistage.conditional_tree;multistage.solve_tree;multistage.replay_tree;analysis.stress_dates;analysis.run_experiments,src/q3/multistage.py:14;src/q3/multistage.py:61;src/q3/multistage.py:124;src/q3/analysis.py:113;src/q3/analysis.py:136,test_tree_conditioning_and_uncertainty;test_actual_small_multistage_solve；正式stress集合未全跑,implemented; bounded-tests-only; full-numerical-evaluation-not-run
Q3-L2286,3.23,2286,### 诊断日期选择与比较口径,multistage.conditional_tree;multistage.solve_tree;multistage.replay_tree;analysis.stress_dates;analysis.run_experiments,src/q3/multistage.py:14;src/q3/multistage.py:61;src/q3/multistage.py:124;src/q3/analysis.py:113;src/q3/analysis.py:136,test_tree_conditioning_and_uncertainty;test_actual_small_multistage_solve；正式stress集合未全跑,implemented; bounded-tests-only; full-numerical-evaluation-not-run
Q3-L2288,3.23,2288,\(M_2\) 的日期集合定位为**覆盖常规工况与高风险工况的分层 stress-test sample**，而不是统计意义上的全年随机无偏样本。日期可根据附件可直接计算或主模型事后观测的特征覆盖：,multistage.conditional_tree;multistage.solve_tree;multistage.replay_tree;analysis.stress_dates;analysis.run_experiments,src/q3/multistage.py:14;src/q3/multistage.py:61;src/q3/multistage.py:124;src/q3/analysis.py:113;src/q3/analysis.py:136,test_tree_conditioning_and_uncertainty;test_actual_small_multistage_solve；正式stress集合未全跑,implemented; bounded-tests-only; full-numerical-evaluation-not-run
Q3-L2290,3.23,2290,- 日光伏总发电量的低、中、高水平；,multistage.conditional_tree;multistage.solve_tree;multistage.replay_tree;analysis.stress_dates;analysis.run_experiments,src/q3/multistage.py:14;src/q3/multistage.py:61;src/q3/multistage.py:124;src/q3/analysis.py:113;src/q3/analysis.py:136,test_tree_conditioning_and_uncertainty;test_actual_small_multistage_solve；正式stress集合未全跑,implemented; bounded-tests-only; full-numerical-evaluation-not-run
Q3-L2291,3.23,2291,- 光伏预报误差较大的日期；,multistage.conditional_tree;multistage.solve_tree;multistage.replay_tree;analysis.stress_dates;analysis.run_experiments,src/q3/multistage.py:14;src/q3/multistage.py:61;src/q3/multistage.py:124;src/q3/analysis.py:113;src/q3/analysis.py:136,test_tree_conditioning_and_uncertainty;test_actual_small_multistage_solve；正式stress集合未全跑,implemented; bounded-tests-only; full-numerical-evaluation-not-run
Q3-L2292,3.23,2292,- 日峰值净负荷较高的日期；,multistage.conditional_tree;multistage.solve_tree;multistage.replay_tree;analysis.stress_dates;analysis.run_experiments,src/q3/multistage.py:14;src/q3/multistage.py:61;src/q3/multistage.py:124;src/q3/analysis.py:113;src/q3/analysis.py:136,test_tree_conditioning_and_uncertainty;test_actual_small_multistage_solve；正式stress集合未全跑,implemented; bounded-tests-only; full-numerical-evaluation-not-run
Q3-L2293,3.23,2293,- 紧急购电风险较高或实际发生紧急购电的日期。,multistage.conditional_tree;multistage.solve_tree;multistage.replay_tree;analysis.stress_dates;analysis.run_experiments,src/q3/multistage.py:14;src/q3/multistage.py:61;src/q3/multistage.py:124;src/q3/analysis.py:113;src/q3/analysis.py:136,test_tree_conditioning_and_uncertainty;test_actual_small_multistage_solve；正式stress集合未全跑,implemented; bounded-tests-only; full-numerical-evaluation-not-run
Q3-L2295,3.23,2295,三个模型在可比较范围内统一信息边界、调整结算口径、储能容量与效率、初始 SOC、紧急购电机制、终端价值方法及真实回放规则。,multistage.conditional_tree;multistage.solve_tree;multistage.replay_tree;analysis.stress_dates;analysis.run_experiments,src/q3/multistage.py:14;src/q3/multistage.py:61;src/q3/multistage.py:124;src/q3/analysis.py:113;src/q3/analysis.py:136,test_tree_conditioning_and_uncertainty;test_actual_small_multistage_solve；正式stress集合未全跑,implemented; bounded-tests-only; full-numerical-evaluation-not-run
Q3-L2297,3.23,2297,全年主要比较 \(M_0\) 与 \(M_1\)：,multistage.conditional_tree;multistage.solve_tree;multistage.replay_tree;analysis.stress_dates;analysis.run_experiments,src/q3/multistage.py:14;src/q3/multistage.py:61;src/q3/multistage.py:124;src/q3/analysis.py:113;src/q3/analysis.py:136,test_tree_conditioning_and_uncertainty;test_actual_small_multistage_solve；正式stress集合未全跑,implemented; bounded-tests-only; full-numerical-evaluation-not-run
Q3-L2299,3.23,2299,\[,multistage.conditional_tree;multistage.solve_tree;multistage.replay_tree;analysis.stress_dates;analysis.run_experiments,src/q3/multistage.py:14;src/q3/multistage.py:61;src/q3/multistage.py:124;src/q3/analysis.py:113;src/q3/analysis.py:136,test_tree_conditioning_and_uncertainty;test_actual_small_multistage_solve；正式stress集合未全跑,implemented; bounded-tests-only; full-numerical-evaluation-not-run
Q3-L2300,3.23,2300,"C_{\mathrm{total}},\quad",multistage.conditional_tree;multistage.solve_tree;multistage.replay_tree;analysis.stress_dates;analysis.run_experiments,src/q3/multistage.py:14;src/q3/multistage.py:61;src/q3/multistage.py:124;src/q3/analysis.py:113;src/q3/analysis.py:136,test_tree_conditioning_and_uncertainty;test_actual_small_multistage_solve；正式stress集合未全跑,implemented; bounded-tests-only; full-numerical-evaluation-not-run
Q3-L2301,3.23,2301,"C_{\mathrm{plan}},\quad",multistage.conditional_tree;multistage.solve_tree;multistage.replay_tree;analysis.stress_dates;analysis.run_experiments,src/q3/multistage.py:14;src/q3/multistage.py:61;src/q3/multistage.py:124;src/q3/analysis.py:113;src/q3/analysis.py:136,test_tree_conditioning_and_uncertainty;test_actual_small_multistage_solve；正式stress集合未全跑,implemented; bounded-tests-only; full-numerical-evaluation-not-run
Q3-L2302,3.23,2302,"C_{\mathrm{adjust}},\quad",multistage.conditional_tree;multistage.solve_tree;multistage.replay_tree;analysis.stress_dates;analysis.run_experiments,src/q3/multistage.py:14;src/q3/multistage.py:61;src/q3/multistage.py:124;src/q3/analysis.py:113;src/q3/analysis.py:136,test_tree_conditioning_and_uncertainty;test_actual_small_multistage_solve；正式stress集合未全跑,implemented; bounded-tests-only; full-numerical-evaluation-not-run
Q3-L2303,3.23,2303,"C_{\mathrm{em}},",multistage.conditional_tree;multistage.solve_tree;multistage.replay_tree;analysis.stress_dates;analysis.run_experiments,src/q3/multistage.py:14;src/q3/multistage.py:61;src/q3/multistage.py:124;src/q3/analysis.py:113;src/q3/analysis.py:136,test_tree_conditioning_and_uncertainty;test_actual_small_multistage_solve；正式stress集合未全跑,implemented; bounded-tests-only; full-numerical-evaluation-not-run
Q3-L2304,3.23,2304,\],multistage.conditional_tree;multistage.solve_tree;multistage.replay_tree;analysis.stress_dates;analysis.run_experiments,src/q3/multistage.py:14;src/q3/multistage.py:61;src/q3/multistage.py:124;src/q3/analysis.py:113;src/q3/analysis.py:136,test_tree_conditioning_and_uncertainty;test_actual_small_multistage_solve；正式stress集合未全跑,implemented; bounded-tests-only; full-numerical-evaluation-not-run
Q3-L2306,3.23,2306,以及紧急购电量与次数、储能吞吐量和日末 SOC。,multistage.conditional_tree;multistage.solve_tree;multistage.replay_tree;analysis.stress_dates;analysis.run_experiments,src/q3/multistage.py:14;src/q3/multistage.py:61;src/q3/multistage.py:124;src/q3/analysis.py:113;src/q3/analysis.py:136,test_tree_conditioning_and_uncertainty;test_actual_small_multistage_solve；正式stress集合未全跑,implemented; bounded-tests-only; full-numerical-evaluation-not-run
Q3-L2308,3.23,2308,stress-test 日期上额外比较 \(M_1\) 与 \(M_2\)，定义滚动近似相对性能差：,multistage.conditional_tree;multistage.solve_tree;multistage.replay_tree;analysis.stress_dates;analysis.run_experiments,src/q3/multistage.py:14;src/q3/multistage.py:61;src/q3/multistage.py:124;src/q3/analysis.py:113;src/q3/analysis.py:136,test_tree_conditioning_and_uncertainty;test_actual_small_multistage_solve；正式stress集合未全跑,implemented; bounded-tests-only; full-numerical-evaluation-not-run
Q3-L2310,3.23,2310,\[,multistage.conditional_tree;multistage.solve_tree;multistage.replay_tree;analysis.stress_dates;analysis.run_experiments,src/q3/multistage.py:14;src/q3/multistage.py:61;src/q3/multistage.py:124;src/q3/analysis.py:113;src/q3/analysis.py:136,test_tree_conditioning_and_uncertainty;test_actual_small_multistage_solve；正式stress集合未全跑,implemented; bounded-tests-only; full-numerical-evaluation-not-run
Q3-L2311,3.23,2311,\boxed{,multistage.conditional_tree;multistage.solve_tree;multistage.replay_tree;analysis.stress_dates;analysis.run_experiments,src/q3/multistage.py:14;src/q3/multistage.py:61;src/q3/multistage.py:124;src/q3/analysis.py:113;src/q3/analysis.py:136,test_tree_conditioning_and_uncertainty;test_actual_small_multistage_solve；正式stress集合未全跑,implemented; bounded-tests-only; full-numerical-evaluation-not-run
Q3-L2312,3.23,2312,\varepsilon_d^{\mathrm{MPC}},multistage.conditional_tree;multistage.solve_tree;multistage.replay_tree;analysis.stress_dates;analysis.run_experiments,src/q3/multistage.py:14;src/q3/multistage.py:61;src/q3/multistage.py:124;src/q3/analysis.py:113;src/q3/analysis.py:136,test_tree_conditioning_and_uncertainty;test_actual_small_multistage_solve；正式stress集合未全跑,implemented; bounded-tests-only; full-numerical-evaluation-not-run
Q3-L2313,3.23,2313,=,multistage.conditional_tree;multistage.solve_tree;multistage.replay_tree;analysis.stress_dates;analysis.run_experiments,src/q3/multistage.py:14;src/q3/multistage.py:61;src/q3/multistage.py:124;src/q3/analysis.py:113;src/q3/analysis.py:136,test_tree_conditioning_and_uncertainty;test_actual_small_multistage_solve；正式stress集合未全跑,implemented; bounded-tests-only; full-numerical-evaluation-not-run
Q3-L2314,3.23,2314,"\frac{C_{d,M_1}^{\mathrm{real}}-C_{d,M_2}^{\mathrm{real}}}",multistage.conditional_tree;multistage.solve_tree;multistage.replay_tree;analysis.stress_dates;analysis.run_experiments,src/q3/multistage.py:14;src/q3/multistage.py:61;src/q3/multistage.py:124;src/q3/analysis.py:113;src/q3/analysis.py:136,test_tree_conditioning_and_uncertainty;test_actual_small_multistage_solve；正式stress集合未全跑,implemented; bounded-tests-only; full-numerical-evaluation-not-run
Q3-L2315,3.23,2315,"{C_{d,M_2}^{\mathrm{real}}}.",multistage.conditional_tree;multistage.solve_tree;multistage.replay_tree;analysis.stress_dates;analysis.run_experiments,src/q3/multistage.py:14;src/q3/multistage.py:61;src/q3/multistage.py:124;src/q3/analysis.py:113;src/q3/analysis.py:136,test_tree_conditioning_and_uncertainty;test_actual_small_multistage_solve；正式stress集合未全跑,implemented; bounded-tests-only; full-numerical-evaluation-not-run
Q3-L2316,3.23,2316,},multistage.conditional_tree;multistage.solve_tree;multistage.replay_tree;analysis.stress_dates;analysis.run_experiments,src/q3/multistage.py:14;src/q3/multistage.py:61;src/q3/multistage.py:124;src/q3/analysis.py:113;src/q3/analysis.py:136,test_tree_conditioning_and_uncertainty;test_actual_small_multistage_solve；正式stress集合未全跑,implemented; bounded-tests-only; full-numerical-evaluation-not-run
Q3-L2317,3.23,2317,\],multistage.conditional_tree;multistage.solve_tree;multistage.replay_tree;analysis.stress_dates;analysis.run_experiments,src/q3/multistage.py:14;src/q3/multistage.py:61;src/q3/multistage.py:124;src/q3/analysis.py:113;src/q3/analysis.py:136,test_tree_conditioning_and_uncertainty;test_actual_small_multistage_solve；正式stress集合未全跑,implemented; bounded-tests-only; full-numerical-evaluation-not-run
Q3-L2319,3.23,2319,同时报告中位数、均值、较高分位和最大绝对差，但明确这些统计量只描述该分层诊断样本，不解释为全年无偏估计。,multistage.conditional_tree;multistage.solve_tree;multistage.replay_tree;analysis.stress_dates;analysis.run_experiments,src/q3/multistage.py:14;src/q3/multistage.py:61;src/q3/multistage.py:124;src/q3/analysis.py:113;src/q3/analysis.py:136,test_tree_conditioning_and_uncertainty;test_actual_small_multistage_solve；正式stress集合未全跑,implemented; bounded-tests-only; full-numerical-evaluation-not-run
Q3-L2321,3.23,2321,\(M_2\) 必须实际求解并报告结果，但其作用仅为**ex-post benchmark**。正式 \(M_1\) 在进入 2--12 月样本外评价前已经冻结，任何 \(M_2\) 结果均不得反向用于重新选择 \(M_1\) 的结构或参数。若 \(|\varepsilon_d^{\mathrm{MPC}}|\) 在多数诊断日期上较小，可支持滚动近似的工程合理性；若在极端日期明显放大，则如实报告其适用边界，而不是看完测试期结果后切换主模型。,multistage.conditional_tree;multistage.solve_tree;multistage.replay_tree;analysis.stress_dates;analysis.run_experiments,src/q3/multistage.py:14;src/q3/multistage.py:61;src/q3/multistage.py:124;src/q3/analysis.py:113;src/q3/analysis.py:136,test_tree_conditioning_and_uncertainty;test_actual_small_multistage_solve；正式stress集合未全跑,implemented; bounded-tests-only; full-numerical-evaluation-not-run
Q3-L2323,3.23,2323,---,multistage.conditional_tree;multistage.solve_tree;multistage.replay_tree;analysis.stress_dates;analysis.run_experiments,src/q3/multistage.py:14;src/q3/multistage.py:61;src/q3/multistage.py:124;src/q3/analysis.py:113;src/q3/analysis.py:136,test_tree_conditioning_and_uncertainty;test_actual_small_multistage_solve；正式stress集合未全跑,implemented; bounded-tests-only; full-numerical-evaluation-not-run
Q3-L2325,3.24,2325,# 3.24 预测误差与新信息有效性分析,analysis.forecast_diagnostics,src/q3/analysis.py:15,diagnostics/forecast_metrics.csv、forecast_block_mae.csv及真实渲染热图,implemented; bounded-tests-only; full-numerical-evaluation-not-run
Q3-L2327,3.24,2327,本节不再额外人为划分“峰/平/谷 × 高/低净负荷”的子模型。电价 \(p_t\) 与净负荷 \(L_t-P_t^{PV}\) 已连续进入主优化器，额外离散工况主要用于解释而不会改变最优决策。第三问更直接的异质性来自**预报发布时间 \(0/6/12/18\) 本身**，因此正文重点分析不同发布时间的信息增益及其经济价值差异。,analysis.forecast_diagnostics,src/q3/analysis.py:15,diagnostics/forecast_metrics.csv、forecast_block_mae.csv及真实渲染热图,implemented; bounded-tests-only; full-numerical-evaluation-not-run
Q3-L2329,3.24,2329,## 3.24.1 发布时间 × 提前量误差,analysis.forecast_diagnostics,src/q3/analysis.py:15,diagnostics/forecast_metrics.csv、forecast_block_mae.csv及真实渲染热图,implemented; bounded-tests-only; full-numerical-evaluation-not-run
Q3-L2331,3.24,2331,计算,analysis.forecast_diagnostics,src/q3/analysis.py:15,diagnostics/forecast_metrics.csv、forecast_block_mae.csv及真实渲染热图,implemented; bounded-tests-only; full-numerical-evaluation-not-run
Q3-L2333,3.24,2333,\[,analysis.forecast_diagnostics,src/q3/analysis.py:15,diagnostics/forecast_metrics.csv、forecast_block_mae.csv及真实渲染热图,implemented; bounded-tests-only; full-numerical-evaluation-not-run
Q3-L2334,3.24,2334,"MAE_{k,h},",analysis.forecast_diagnostics,src/q3/analysis.py:15,diagnostics/forecast_metrics.csv、forecast_block_mae.csv及真实渲染热图,implemented; bounded-tests-only; full-numerical-evaluation-not-run
Q3-L2335,3.24,2335,\qquad,analysis.forecast_diagnostics,src/q3/analysis.py:15,diagnostics/forecast_metrics.csv、forecast_block_mae.csv及真实渲染热图,implemented; bounded-tests-only; full-numerical-evaluation-not-run
Q3-L2336,3.24,2336,"RMSE_{k,h},",analysis.forecast_diagnostics,src/q3/analysis.py:15,diagnostics/forecast_metrics.csv、forecast_block_mae.csv及真实渲染热图,implemented; bounded-tests-only; full-numerical-evaluation-not-run
Q3-L2337,3.24,2337,\qquad,analysis.forecast_diagnostics,src/q3/analysis.py:15,diagnostics/forecast_metrics.csv、forecast_block_mae.csv及真实渲染热图,implemented; bounded-tests-only; full-numerical-evaluation-not-run
Q3-L2338,3.24,2338,"Bias_{k,h}.",analysis.forecast_diagnostics,src/q3/analysis.py:15,diagnostics/forecast_metrics.csv、forecast_block_mae.csv及真实渲染热图,implemented; bounded-tests-only; full-numerical-evaluation-not-run
Q3-L2339,3.24,2339,\],analysis.forecast_diagnostics,src/q3/analysis.py:15,diagnostics/forecast_metrics.csv、forecast_block_mae.csv及真实渲染热图,implemented; bounded-tests-only; full-numerical-evaluation-not-run
Q3-L2341,3.24,2341,用热力图展示误差如何随发布时间 \(k\) 与预测提前量 \(h\) 变化，从统计层面验证“越接近目标时刻，新发布预报是否更准确”。,analysis.forecast_diagnostics,src/q3/analysis.py:15,diagnostics/forecast_metrics.csv、forecast_block_mae.csv及真实渲染热图,implemented; bounded-tests-only; full-numerical-evaluation-not-run
Q3-L2343,3.24,2343,## 3.24.2 同一目标时刻的新旧预报比较,analysis.forecast_diagnostics,src/q3/analysis.py:15,diagnostics/forecast_metrics.csv、forecast_block_mae.csv及真实渲染热图,implemented; bounded-tests-only; full-numerical-evaluation-not-run
Q3-L2345,3.24,2345,对同一目标时间 \(t\)，直接比较,analysis.forecast_diagnostics,src/q3/analysis.py:15,diagnostics/forecast_metrics.csv、forecast_block_mae.csv及真实渲染热图,implemented; bounded-tests-only; full-numerical-evaluation-not-run
Q3-L2347,3.24,2347,\[,analysis.forecast_diagnostics,src/q3/analysis.py:15,diagnostics/forecast_metrics.csv、forecast_block_mae.csv及真实渲染热图,implemented; bounded-tests-only; full-numerical-evaluation-not-run
Q3-L2348,3.24,2348,"\widehat P_{t|0}^{PV},",analysis.forecast_diagnostics,src/q3/analysis.py:15,diagnostics/forecast_metrics.csv、forecast_block_mae.csv及真实渲染热图,implemented; bounded-tests-only; full-numerical-evaluation-not-run
Q3-L2349,3.24,2349,\quad,analysis.forecast_diagnostics,src/q3/analysis.py:15,diagnostics/forecast_metrics.csv、forecast_block_mae.csv及真实渲染热图,implemented; bounded-tests-only; full-numerical-evaluation-not-run
Q3-L2350,3.24,2350,"\widehat P_{t|6}^{PV},",analysis.forecast_diagnostics,src/q3/analysis.py:15,diagnostics/forecast_metrics.csv、forecast_block_mae.csv及真实渲染热图,implemented; bounded-tests-only; full-numerical-evaluation-not-run
Q3-L2351,3.24,2351,\quad,analysis.forecast_diagnostics,src/q3/analysis.py:15,diagnostics/forecast_metrics.csv、forecast_block_mae.csv及真实渲染热图,implemented; bounded-tests-only; full-numerical-evaluation-not-run
Q3-L2352,3.24,2352,"\widehat P_{t|12}^{PV},",analysis.forecast_diagnostics,src/q3/analysis.py:15,diagnostics/forecast_metrics.csv、forecast_block_mae.csv及真实渲染热图,implemented; bounded-tests-only; full-numerical-evaluation-not-run
Q3-L2353,3.24,2353,\quad,analysis.forecast_diagnostics,src/q3/analysis.py:15,diagnostics/forecast_metrics.csv、forecast_block_mae.csv及真实渲染热图,implemented; bounded-tests-only; full-numerical-evaluation-not-run
Q3-L2354,3.24,2354,"\widehat P_{t|18}^{PV},",analysis.forecast_diagnostics,src/q3/analysis.py:15,diagnostics/forecast_metrics.csv、forecast_block_mae.csv及真实渲染热图,implemented; bounded-tests-only; full-numerical-evaluation-not-run
Q3-L2355,3.24,2355,\],analysis.forecast_diagnostics,src/q3/analysis.py:15,diagnostics/forecast_metrics.csv、forecast_block_mae.csv及真实渲染热图,implemented; bounded-tests-only; full-numerical-evaluation-not-run
Q3-L2357,3.24,2357,仅比较在对应发布时间已经存在的预报。,analysis.forecast_diagnostics,src/q3/analysis.py:15,diagnostics/forecast_metrics.csv、forecast_block_mae.csv及真实渲染热图,implemented; bounded-tests-only; full-numerical-evaluation-not-run
Q3-L2359,3.24,2359,对附件 2 与附件 3 做整点层面的原始数据预检，可得到下一信息节点之前 6 h 区间的平均绝对误差：,analysis.forecast_diagnostics,src/q3/analysis.py:15,diagnostics/forecast_metrics.csv、forecast_block_mae.csv及真实渲染热图,implemented; bounded-tests-only; full-numerical-evaluation-not-run
Q3-L2361,3.24,2361,\[,analysis.forecast_diagnostics,src/q3/analysis.py:15,diagnostics/forecast_metrics.csv、forecast_block_mae.csv及真实渲染热图,implemented; bounded-tests-only; full-numerical-evaluation-not-run
Q3-L2362,3.24,2362,\boxed{,analysis.forecast_diagnostics,src/q3/analysis.py:15,diagnostics/forecast_metrics.csv、forecast_block_mae.csv及真实渲染热图,implemented; bounded-tests-only; full-numerical-evaluation-not-run
Q3-L2363,3.24,2363,0{:}00\text{旧预报}\rightarrow6{:}00\text{新预报}:,analysis.forecast_diagnostics,src/q3/analysis.py:15,diagnostics/forecast_metrics.csv、forecast_block_mae.csv及真实渲染热图,implemented; bounded-tests-only; full-numerical-evaluation-not-run
Q3-L2364,3.24,2364,\quad,analysis.forecast_diagnostics,src/q3/analysis.py:15,diagnostics/forecast_metrics.csv、forecast_block_mae.csv及真实渲染热图,implemented; bounded-tests-only; full-numerical-evaluation-not-run
Q3-L2365,3.24,2365,"348.99\ \mathrm{kW}\rightarrow153.47\ \mathrm{kW},",analysis.forecast_diagnostics,src/q3/analysis.py:15,diagnostics/forecast_metrics.csv、forecast_block_mae.csv及真实渲染热图,implemented; bounded-tests-only; full-numerical-evaluation-not-run
Q3-L2366,3.24,2366,},analysis.forecast_diagnostics,src/q3/analysis.py:15,diagnostics/forecast_metrics.csv、forecast_block_mae.csv及真实渲染热图,implemented; bounded-tests-only; full-numerical-evaluation-not-run
Q3-L2367,3.24,2367,\],analysis.forecast_diagnostics,src/q3/analysis.py:15,diagnostics/forecast_metrics.csv、forecast_block_mae.csv及真实渲染热图,implemented; bounded-tests-only; full-numerical-evaluation-not-run
Q3-L2369,3.24,2369,\[,analysis.forecast_diagnostics,src/q3/analysis.py:15,diagnostics/forecast_metrics.csv、forecast_block_mae.csv及真实渲染热图,implemented; bounded-tests-only; full-numerical-evaluation-not-run
Q3-L2370,3.24,2370,\boxed{,analysis.forecast_diagnostics,src/q3/analysis.py:15,diagnostics/forecast_metrics.csv、forecast_block_mae.csv及真实渲染热图,implemented; bounded-tests-only; full-numerical-evaluation-not-run
Q3-L2371,3.24,2371,6{:}00\text{旧预报}\rightarrow12{:}00\text{新预报}:,analysis.forecast_diagnostics,src/q3/analysis.py:15,diagnostics/forecast_metrics.csv、forecast_block_mae.csv及真实渲染热图,implemented; bounded-tests-only; full-numerical-evaluation-not-run
Q3-L2372,3.24,2372,\quad,analysis.forecast_diagnostics,src/q3/analysis.py:15,diagnostics/forecast_metrics.csv、forecast_block_mae.csv及真实渲染热图,implemented; bounded-tests-only; full-numerical-evaluation-not-run
Q3-L2373,3.24,2373,"224.43\ \mathrm{kW}\rightarrow68.35\ \mathrm{kW},",analysis.forecast_diagnostics,src/q3/analysis.py:15,diagnostics/forecast_metrics.csv、forecast_block_mae.csv及真实渲染热图,implemented; bounded-tests-only; full-numerical-evaluation-not-run
Q3-L2374,3.24,2374,},analysis.forecast_diagnostics,src/q3/analysis.py:15,diagnostics/forecast_metrics.csv、forecast_block_mae.csv及真实渲染热图,implemented; bounded-tests-only; full-numerical-evaluation-not-run
Q3-L2375,3.24,2375,\],analysis.forecast_diagnostics,src/q3/analysis.py:15,diagnostics/forecast_metrics.csv、forecast_block_mae.csv及真实渲染热图,implemented; bounded-tests-only; full-numerical-evaluation-not-run
Q3-L2377,3.24,2377,而对当日 \(19{:}00\sim24{:}00\) 的整点目标，,analysis.forecast_diagnostics,src/q3/analysis.py:15,diagnostics/forecast_metrics.csv、forecast_block_mae.csv及真实渲染热图,implemented; bounded-tests-only; full-numerical-evaluation-not-run
Q3-L2379,3.24,2379,\[,analysis.forecast_diagnostics,src/q3/analysis.py:15,diagnostics/forecast_metrics.csv、forecast_block_mae.csv及真实渲染热图,implemented; bounded-tests-only; full-numerical-evaluation-not-run
Q3-L2380,3.24,2380,\boxed{,analysis.forecast_diagnostics,src/q3/analysis.py:15,diagnostics/forecast_metrics.csv、forecast_block_mae.csv及真实渲染热图,implemented; bounded-tests-only; full-numerical-evaluation-not-run
Q3-L2381,3.24,2381,12{:}00\text{旧预报}\rightarrow18{:}00\text{新预报}:,analysis.forecast_diagnostics,src/q3/analysis.py:15,diagnostics/forecast_metrics.csv、forecast_block_mae.csv及真实渲染热图,implemented; bounded-tests-only; full-numerical-evaluation-not-run
Q3-L2382,3.24,2382,\quad,analysis.forecast_diagnostics,src/q3/analysis.py:15,diagnostics/forecast_metrics.csv、forecast_block_mae.csv及真实渲染热图,implemented; bounded-tests-only; full-numerical-evaluation-not-run
Q3-L2383,3.24,2383,0.00216\ \mathrm{kW}\rightarrow0.00033\ \mathrm{kW}.,analysis.forecast_diagnostics,src/q3/analysis.py:15,diagnostics/forecast_metrics.csv、forecast_block_mae.csv及真实渲染热图,implemented; bounded-tests-only; full-numerical-evaluation-not-run
Q3-L2384,3.24,2384,},analysis.forecast_diagnostics,src/q3/analysis.py:15,diagnostics/forecast_metrics.csv、forecast_block_mae.csv及真实渲染热图,implemented; bounded-tests-only; full-numerical-evaluation-not-run
Q3-L2385,3.24,2385,\],analysis.forecast_diagnostics,src/q3/analysis.py:15,diagnostics/forecast_metrics.csv、forecast_block_mae.csv及真实渲染热图,implemented; bounded-tests-only; full-numerical-evaluation-not-run
Q3-L2387,3.24,2387,这里第三组数值极小的根本原因不是“18:00 预报异常准确”，而是附件 2 中 18:00 后当天光伏本身已基本衰减为 0。因此这组预检只说明：**18:00 新预报对当天剩余光伏的直接修正空间很小**。其是否仍具有经济价值，应结合第 3.22 节的跨日 SOC 继续价值判断。,analysis.forecast_diagnostics,src/q3/analysis.py:15,diagnostics/forecast_metrics.csv、forecast_block_mae.csv及真实渲染热图,implemented; bounded-tests-only; full-numerical-evaluation-not-run
Q3-L2389,3.24,2389,上述数值仅作为整点原始数据诊断；正式优化仍使用第 3.6 节统一得到的 10 min 预测序列，并以真实经济成本而非单纯 MAE 作为最终判据。,analysis.forecast_diagnostics,src/q3/analysis.py:15,diagnostics/forecast_metrics.csv、forecast_block_mae.csv及真实渲染热图,implemented; bounded-tests-only; full-numerical-evaluation-not-run
Q3-L2391,3.24,2391,## 3.24.3 误差自相关,analysis.forecast_diagnostics,src/q3/analysis.py:15,diagnostics/forecast_metrics.csv、forecast_block_mae.csv及真实渲染热图,implemented; bounded-tests-only; full-numerical-evaluation-not-run
Q3-L2393,3.24,2393,分析,analysis.forecast_diagnostics,src/q3/analysis.py:15,diagnostics/forecast_metrics.csv、forecast_block_mae.csv及真实渲染热图,implemented; bounded-tests-only; full-numerical-evaluation-not-run
Q3-L2395,3.24,2395,\[,analysis.forecast_diagnostics,src/q3/analysis.py:15,diagnostics/forecast_metrics.csv、forecast_block_mae.csv及真实渲染热图,implemented; bounded-tests-only; full-numerical-evaluation-not-run
Q3-L2396,3.24,2396,"Corr(e_t,e_{t+\ell}).",analysis.forecast_diagnostics,src/q3/analysis.py:15,diagnostics/forecast_metrics.csv、forecast_block_mae.csv及真实渲染热图,implemented; bounded-tests-only; full-numerical-evaluation-not-run
Q3-L2397,3.24,2397,\],analysis.forecast_diagnostics,src/q3/analysis.py:15,diagnostics/forecast_metrics.csv、forecast_block_mae.csv及真实渲染热图,implemented; bounded-tests-only; full-numerical-evaluation-not-run
Q3-L2399,3.24,2399,若误差存在明显时间相关，则进一步说明,analysis.forecast_diagnostics,src/q3/analysis.py:15,diagnostics/forecast_metrics.csv、forecast_block_mae.csv及真实渲染热图,implemented; bounded-tests-only; full-numerical-evaluation-not-run
Q3-L2401,3.24,2401,\[,analysis.forecast_diagnostics,src/q3/analysis.py:15,diagnostics/forecast_metrics.csv、forecast_block_mae.csv及真实渲染热图,implemented; bounded-tests-only; full-numerical-evaluation-not-run
Q3-L2402,3.24,2402,\boxed{,analysis.forecast_diagnostics,src/q3/analysis.py:15,diagnostics/forecast_metrics.csv、forecast_block_mae.csv及真实渲染热图,implemented; bounded-tests-only; full-numerical-evaluation-not-run
Q3-L2403,3.24,2403,\text{使用完整历史误差轨迹},analysis.forecast_diagnostics,src/q3/analysis.py:15,diagnostics/forecast_metrics.csv、forecast_block_mae.csv及真实渲染热图,implemented; bounded-tests-only; full-numerical-evaluation-not-run
Q3-L2404,3.24,2404,},analysis.forecast_diagnostics,src/q3/analysis.py:15,diagnostics/forecast_metrics.csv、forecast_block_mae.csv及真实渲染热图,implemented; bounded-tests-only; full-numerical-evaluation-not-run
Q3-L2405,3.24,2405,\],analysis.forecast_diagnostics,src/q3/analysis.py:15,diagnostics/forecast_metrics.csv、forecast_block_mae.csv及真实渲染热图,implemented; bounded-tests-only; full-numerical-evaluation-not-run
Q3-L2407,3.24,2407,优于,analysis.forecast_diagnostics,src/q3/analysis.py:15,diagnostics/forecast_metrics.csv、forecast_block_mae.csv及真实渲染热图,implemented; bounded-tests-only; full-numerical-evaluation-not-run
Q3-L2409,3.24,2409,\[,analysis.forecast_diagnostics,src/q3/analysis.py:15,diagnostics/forecast_metrics.csv、forecast_block_mae.csv及真实渲染热图,implemented; bounded-tests-only; full-numerical-evaluation-not-run
Q3-L2410,3.24,2410,\boxed{,analysis.forecast_diagnostics,src/q3/analysis.py:15,diagnostics/forecast_metrics.csv、forecast_block_mae.csv及真实渲染热图,implemented; bounded-tests-only; full-numerical-evaluation-not-run
Q3-L2411,3.24,2411,\text{逐 10 min 独立生成随机噪声}.,analysis.forecast_diagnostics,src/q3/analysis.py:15,diagnostics/forecast_metrics.csv、forecast_block_mae.csv及真实渲染热图,implemented; bounded-tests-only; full-numerical-evaluation-not-run
Q3-L2412,3.24,2412,},analysis.forecast_diagnostics,src/q3/analysis.py:15,diagnostics/forecast_metrics.csv、forecast_block_mae.csv及真实渲染热图,implemented; bounded-tests-only; full-numerical-evaluation-not-run
Q3-L2413,3.24,2413,\],analysis.forecast_diagnostics,src/q3/analysis.py:15,diagnostics/forecast_metrics.csv、forecast_block_mae.csv及真实渲染热图,implemented; bounded-tests-only; full-numerical-evaluation-not-run
Q3-L2415,3.24,2415,## 3.24.4 从预测精度到经济价值的闭环,analysis.forecast_diagnostics,src/q3/analysis.py:15,diagnostics/forecast_metrics.csv、forecast_block_mae.csv及真实渲染热图,implemented; bounded-tests-only; full-numerical-evaluation-not-run
Q3-L2417,3.24,2417,最终将统计误差指标与第 3.22 节的经济价值指标并列：,analysis.forecast_diagnostics,src/q3/analysis.py:15,diagnostics/forecast_metrics.csv、forecast_block_mae.csv及真实渲染热图,implemented; bounded-tests-only; full-numerical-evaluation-not-run
Q3-L2419,3.24,2419,\[,analysis.forecast_diagnostics,src/q3/analysis.py:15,diagnostics/forecast_metrics.csv、forecast_block_mae.csv及真实渲染热图,implemented; bounded-tests-only; full-numerical-evaluation-not-run
Q3-L2420,3.24,2420,\boxed{,analysis.forecast_diagnostics,src/q3/analysis.py:15,diagnostics/forecast_metrics.csv、forecast_block_mae.csv及真实渲染热图,implemented; bounded-tests-only; full-numerical-evaluation-not-run
Q3-L2421,3.24,2421,"(MAE,RMSE,Bias)",analysis.forecast_diagnostics,src/q3/analysis.py:15,diagnostics/forecast_metrics.csv、forecast_block_mae.csv及真实渲染热图,implemented; bounded-tests-only; full-numerical-evaluation-not-run
Q3-L2422,3.24,2422,\longrightarrow,analysis.forecast_diagnostics,src/q3/analysis.py:15,diagnostics/forecast_metrics.csv、forecast_block_mae.csv及真实渲染热图,implemented; bounded-tests-only; full-numerical-evaluation-not-run
Q3-L2423,3.24,2423,FIV_k^{B},analysis.forecast_diagnostics,src/q3/analysis.py:15,diagnostics/forecast_metrics.csv、forecast_block_mae.csv及真实渲染热图,implemented; bounded-tests-only; full-numerical-evaluation-not-run
Q3-L2424,3.24,2424,\longrightarrow,analysis.forecast_diagnostics,src/q3/analysis.py:15,diagnostics/forecast_metrics.csv、forecast_block_mae.csv及真实渲染热图,implemented; bounded-tests-only; full-numerical-evaluation-not-run
Q3-L2425,3.24,2425,OUV_k.,analysis.forecast_diagnostics,src/q3/analysis.py:15,diagnostics/forecast_metrics.csv、forecast_block_mae.csv及真实渲染热图,implemented; bounded-tests-only; full-numerical-evaluation-not-run
Q3-L2426,3.24,2426,},analysis.forecast_diagnostics,src/q3/analysis.py:15,diagnostics/forecast_metrics.csv、forecast_block_mae.csv及真实渲染热图,implemented; bounded-tests-only; full-numerical-evaluation-not-run
Q3-L2427,3.24,2427,\],analysis.forecast_diagnostics,src/q3/analysis.py:15,diagnostics/forecast_metrics.csv、forecast_block_mae.csv及真实渲染热图,implemented; bounded-tests-only; full-numerical-evaluation-not-run
Q3-L2429,3.24,2429,若某一发布时间显著降低 MAE，但 \(FIV_k^{B}\approx0\)，说明统计精度改善没有转化为直接经济收益；反之，只有当真实回放成本稳定下降时，才说明新增预报值得用于购电调整。,analysis.forecast_diagnostics,src/q3/analysis.py:15,diagnostics/forecast_metrics.csv、forecast_block_mae.csv及真实渲染热图,implemented; bounded-tests-only; full-numerical-evaluation-not-run
Q3-L2431,3.24,2431,---,analysis.forecast_diagnostics,src/q3/analysis.py:15,diagnostics/forecast_metrics.csv、forecast_block_mae.csv及真实渲染热图,implemented; bounded-tests-only; full-numerical-evaluation-not-run
Q3-L2433,3.25,2433,# 3.25 敏感性与稳健性分析,analysis.variants;analysis.run_experiments,src/q3/analysis.py:104;src/q3/analysis.py:136,所有配置入口已实现；完整事后实验按用户指令未执行,implemented; bounded-tests-only; full-numerical-evaluation-not-run
Q3-L2435,3.25,2435,为避免仅用 31 天预热期同时调节大量超参数造成 over-design，本文将“正式基准设定”和“事后敏感性”严格分开。正式模型在 2 月 1 日前冻结；2--12 月真实结果只用于样本外评价和事后稳健性报告，不反向修改主模型。,analysis.variants;analysis.run_experiments,src/q3/analysis.py:104;src/q3/analysis.py:136,所有配置入口已实现；完整事后实验按用户指令未执行,implemented; bounded-tests-only; full-numerical-evaluation-not-run
Q3-L2437,3.25,2437,## 3.25.1 场景规模,analysis.variants;analysis.run_experiments,src/q3/analysis.py:104;src/q3/analysis.py:136,所有配置入口已实现；完整事后实验按用户指令未执行,implemented; bounded-tests-only; full-numerical-evaluation-not-run
Q3-L2439,3.25,2439,正式基准预先固定,analysis.variants;analysis.run_experiments,src/q3/analysis.py:104;src/q3/analysis.py:136,所有配置入口已实现；完整事后实验按用户指令未执行,implemented; bounded-tests-only; full-numerical-evaluation-not-run
Q3-L2441,3.25,2441,\[,analysis.variants;analysis.run_experiments,src/q3/analysis.py:104;src/q3/analysis.py:136,所有配置入口已实现；完整事后实验按用户指令未执行,implemented; bounded-tests-only; full-numerical-evaluation-not-run
Q3-L2442,3.25,2442,\boxed{S^\star=20.},analysis.variants;analysis.run_experiments,src/q3/analysis.py:104;src/q3/analysis.py:136,所有配置入口已实现；完整事后实验按用户指令未执行,implemented; bounded-tests-only; full-numerical-evaluation-not-run
Q3-L2443,3.25,2443,\],analysis.variants;analysis.run_experiments,src/q3/analysis.py:104;src/q3/analysis.py:136,所有配置入口已实现；完整事后实验按用户指令未执行,implemented; bounded-tests-only; full-numerical-evaluation-not-run
Q3-L2445,3.25,2445,该值主要基于 1 月最多约 31 条完整日轨迹的可用样本量与全年 MILP 求解规模，是计算设计参数而不是从 1 月中“统计寻优”得到的最优超参数。,analysis.variants;analysis.run_experiments,src/q3/analysis.py:104;src/q3/analysis.py:136,所有配置入口已实现；完整事后实验按用户指令未执行,implemented; bounded-tests-only; full-numerical-evaluation-not-run
Q3-L2447,3.25,2447,正式评价完成后，再比较,analysis.variants;analysis.run_experiments,src/q3/analysis.py:104;src/q3/analysis.py:136,所有配置入口已实现；完整事后实验按用户指令未执行,implemented; bounded-tests-only; full-numerical-evaluation-not-run
Q3-L2449,3.25,2449,\[,analysis.variants;analysis.run_experiments,src/q3/analysis.py:104;src/q3/analysis.py:136,所有配置入口已实现；完整事后实验按用户指令未执行,implemented; bounded-tests-only; full-numerical-evaluation-not-run
Q3-L2450,3.25,2450,"\boxed{S\in\{10,20,30\}}",analysis.variants;analysis.run_experiments,src/q3/analysis.py:104;src/q3/analysis.py:136,所有配置入口已实现；完整事后实验按用户指令未执行,implemented; bounded-tests-only; full-numerical-evaluation-not-run
Q3-L2451,3.25,2451,\],analysis.variants;analysis.run_experiments,src/q3/analysis.py:104;src/q3/analysis.py:136,所有配置入口已实现；完整事后实验按用户指令未执行,implemented; bounded-tests-only; full-numerical-evaluation-not-run
Q3-L2453,3.25,2453,下的全年总成本、紧急购电量、首个 committed block 购电决策以及求解时间。该比较只用于判断结果是否对场景规模敏感，不据此重新挑选 \(S^\star\)。,analysis.variants;analysis.run_experiments,src/q3/analysis.py:104;src/q3/analysis.py:136,所有配置入口已实现；完整事后实验按用户指令未执行,implemented; bounded-tests-only; full-numerical-evaluation-not-run
Q3-L2455,3.25,2455,## 3.25.2 尾部保持名额,analysis.variants;analysis.run_experiments,src/q3/analysis.py:104;src/q3/analysis.py:136,所有配置入口已实现；完整事后实验按用户指令未执行,implemented; bounded-tests-only; full-numerical-evaluation-not-run
Q3-L2457,3.25,2457,正式基准固定,analysis.variants;analysis.run_experiments,src/q3/analysis.py:104;src/q3/analysis.py:136,所有配置入口已实现；完整事后实验按用户指令未执行,implemented; bounded-tests-only; full-numerical-evaluation-not-run
Q3-L2459,3.25,2459,\[,analysis.variants;analysis.run_experiments,src/q3/analysis.py:104;src/q3/analysis.py:136,所有配置入口已实现；完整事后实验按用户指令未执行,implemented; bounded-tests-only; full-numerical-evaluation-not-run
Q3-L2460,3.25,2460,\boxed{S_{\mathrm{tail}}=2.},analysis.variants;analysis.run_experiments,src/q3/analysis.py:104;src/q3/analysis.py:136,所有配置入口已实现；完整事后实验按用户指令未执行,implemented; bounded-tests-only; full-numerical-evaluation-not-run
Q3-L2461,3.25,2461,\],analysis.variants;analysis.run_experiments,src/q3/analysis.py:104;src/q3/analysis.py:136,所有配置入口已实现；完整事后实验按用户指令未执行,implemented; bounded-tests-only; full-numerical-evaluation-not-run
Q3-L2463,3.25,2463,事后比较,analysis.variants;analysis.run_experiments,src/q3/analysis.py:104;src/q3/analysis.py:136,所有配置入口已实现；完整事后实验按用户指令未执行,implemented; bounded-tests-only; full-numerical-evaluation-not-run
Q3-L2465,3.25,2465,\[,analysis.variants;analysis.run_experiments,src/q3/analysis.py:104;src/q3/analysis.py:136,所有配置入口已实现；完整事后实验按用户指令未执行,implemented; bounded-tests-only; full-numerical-evaluation-not-run
Q3-L2466,3.25,2466,"\boxed{S_{\mathrm{tail}}\in\{0,2,4\}}",analysis.variants;analysis.run_experiments,src/q3/analysis.py:104;src/q3/analysis.py:136,所有配置入口已实现；完整事后实验按用户指令未执行,implemented; bounded-tests-only; full-numerical-evaluation-not-run
Q3-L2467,3.25,2467,\],analysis.variants;analysis.run_experiments,src/q3/analysis.py:104;src/q3/analysis.py:136,所有配置入口已实现；完整事后实验按用户指令未执行,implemented; bounded-tests-only; full-numerical-evaluation-not-run
Q3-L2469,3.25,2469,并观察高正向净负荷误差 support 是否在场景缩减后消失、紧急购电量是否明显变化以及 \(FIV/OUV\) 排序是否稳定。若去除尾部保护只改变极端风险估计而不改变主体结论，应将其解释为风险刻画改进而不是主模型结构变化。,analysis.variants;analysis.run_experiments,src/q3/analysis.py:104;src/q3/analysis.py:136,所有配置入口已实现；完整事后实验按用户指令未执行,implemented; bounded-tests-only; full-numerical-evaluation-not-run
Q3-L2471,3.25,2471,## 3.25.3 历史窗口与预测量级条件化,analysis.variants;analysis.run_experiments,src/q3/analysis.py:104;src/q3/analysis.py:136,所有配置入口已实现；完整事后实验按用户指令未执行,implemented; bounded-tests-only; full-numerical-evaluation-not-run
Q3-L2473,3.25,2473,主模型采用第 3.8.1 节预先固定的,analysis.variants;analysis.run_experiments,src/q3/analysis.py:104;src/q3/analysis.py:136,所有配置入口已实现；完整事后实验按用户指令未执行,implemented; bounded-tests-only; full-numerical-evaluation-not-run
Q3-L2475,3.25,2475,\[,analysis.variants;analysis.run_experiments,src/q3/analysis.py:104;src/q3/analysis.py:136,所有配置入口已实现；完整事后实验按用户指令未执行,implemented; bounded-tests-only; full-numerical-evaluation-not-run
Q3-L2476,3.25,2476,28\rightarrow56\rightarrow84\rightarrow\text{all history},analysis.variants;analysis.run_experiments,src/q3/analysis.py:104;src/q3/analysis.py:136,所有配置入口已实现；完整事后实验按用户指令未执行,implemented; bounded-tests-only; full-numerical-evaluation-not-run
Q3-L2477,3.25,2477,\],analysis.variants;analysis.run_experiments,src/q3/analysis.py:104;src/q3/analysis.py:136,所有配置入口已实现；完整事后实验按用户指令未执行,implemented; bounded-tests-only; full-numerical-evaluation-not-run
Q3-L2479,3.25,2479,近期优先扩展规则，并优先匹配相近预测光伏规模的历史轨迹。作为事后对照，额外运行“全部历史无条件扩展池”。若总成本、紧急购电量和信息价值排序变化较小，则说明季节/量级异方差对最终决策影响有限；若差异明显，则说明条件历史池确有必要。该对照不用于重新选择正式窗口规则。,analysis.variants;analysis.run_experiments,src/q3/analysis.py:104;src/q3/analysis.py:136,所有配置入口已实现；完整事后实验按用户指令未执行,implemented; bounded-tests-only; full-numerical-evaluation-not-run
Q3-L2481,3.25,2481,## 3.25.4 终端储能价值系数,analysis.variants;analysis.run_experiments,src/q3/analysis.py:104;src/q3/analysis.py:136,所有配置入口已实现；完整事后实验按用户指令未执行,implemented; bounded-tests-only; full-numerical-evaluation-not-run
Q3-L2483,3.25,2483,"基于 1 月及其之前当时可得信息进行历史有限差分标定得到基准 \(\lambda_{E,k}\) 后，事后比较",analysis.variants;analysis.run_experiments,src/q3/analysis.py:104;src/q3/analysis.py:136,所有配置入口已实现；完整事后实验按用户指令未执行,implemented; bounded-tests-only; full-numerical-evaluation-not-run
Q3-L2485,3.25,2485,\[,analysis.variants;analysis.run_experiments,src/q3/analysis.py:104;src/q3/analysis.py:136,所有配置入口已实现；完整事后实验按用户指令未执行,implemented; bounded-tests-only; full-numerical-evaluation-not-run
Q3-L2486,3.25,2486,"0.8\lambda_{E,k},",analysis.variants;analysis.run_experiments,src/q3/analysis.py:104;src/q3/analysis.py:136,所有配置入口已实现；完整事后实验按用户指令未执行,implemented; bounded-tests-only; full-numerical-evaluation-not-run
Q3-L2487,3.25,2487,\qquad,analysis.variants;analysis.run_experiments,src/q3/analysis.py:104;src/q3/analysis.py:136,所有配置入口已实现；完整事后实验按用户指令未执行,implemented; bounded-tests-only; full-numerical-evaluation-not-run
Q3-L2488,3.25,2488,"\lambda_{E,k},",analysis.variants;analysis.run_experiments,src/q3/analysis.py:104;src/q3/analysis.py:136,所有配置入口已实现；完整事后实验按用户指令未执行,implemented; bounded-tests-only; full-numerical-evaluation-not-run
Q3-L2489,3.25,2489,\qquad,analysis.variants;analysis.run_experiments,src/q3/analysis.py:104;src/q3/analysis.py:136,所有配置入口已实现；完整事后实验按用户指令未执行,implemented; bounded-tests-only; full-numerical-evaluation-not-run
Q3-L2490,3.25,2490,"1.2\lambda_{E,k}.",analysis.variants;analysis.run_experiments,src/q3/analysis.py:104;src/q3/analysis.py:136,所有配置入口已实现；完整事后实验按用户指令未执行,implemented; bounded-tests-only; full-numerical-evaluation-not-run
Q3-L2491,3.25,2491,\],analysis.variants;analysis.run_experiments,src/q3/analysis.py:104;src/q3/analysis.py:136,所有配置入口已实现；完整事后实验按用户指令未执行,implemented; bounded-tests-only; full-numerical-evaluation-not-run
Q3-L2493,3.25,2493,重点比较全年总成本、紧急购电量、窗口末端 SOC 以及 \(FIV_k^{B}\)、\(OUV_k\) 的排序。若主要结论稳定，则说明 terminal value 主要用于修正有限时域边界效应，而不是依赖某个特定系数获得结果。,analysis.variants;analysis.run_experiments,src/q3/analysis.py:104;src/q3/analysis.py:136,所有配置入口已实现；完整事后实验按用户指令未执行,implemented; bounded-tests-only; full-numerical-evaluation-not-run
Q3-L2495,3.25,2495,## 3.25.5 小时到 10 min 的插值方法,analysis.variants;analysis.run_experiments,src/q3/analysis.py:104;src/q3/analysis.py:136,所有配置入口已实现；完整事后实验按用户指令未执行,implemented; bounded-tests-only; full-numerical-evaluation-not-run
Q3-L2497,3.25,2497,主模型采用第 3.6 节给出的分段线性插值，对照 PCHIP。若最终成本、紧急购电量以及信息价值排序变化很小，则说明结论不依赖插值细节。,analysis.variants;analysis.run_experiments,src/q3/analysis.py:104;src/q3/analysis.py:136,所有配置入口已实现；完整事后实验按用户指令未执行,implemented; bounded-tests-only; full-numerical-evaluation-not-run
Q3-L2499,3.25,2499,## 3.25.6 10 min 因果执行假设,analysis.variants;analysis.run_experiments,src/q3/analysis.py:104;src/q3/analysis.py:136,所有配置入口已实现；完整事后实验按用户指令未执行,implemented; bounded-tests-only; full-numerical-evaluation-not-run
Q3-L2501,3.25,2501,主模型采用“区间内实时因果反馈在 10 min 尺度上的聚合近似”。保守对照则采用严格 lag-one-slot 离散反馈：第 \(t\) 个时隙的储能动作只能使用截至上一时隙末已经完整实现的信息，当前时隙净负荷造成的剩余缺口只由紧急购电平衡。,analysis.variants;analysis.run_experiments,src/q3/analysis.py:104;src/q3/analysis.py:136,所有配置入口已实现；完整事后实验按用户指令未执行,implemented; bounded-tests-only; full-numerical-evaluation-not-run
Q3-L2503,3.25,2503,比较两种执行口径下的全年真实总成本、紧急购电量、储能吞吐量以及 \(FIV/OUV\) 排序。若核心结论稳定，则说明本文结论不依赖较强的区间内快速反馈能力；若差异较大，则需在结论中明确报告这一运行假设的影响范围。,analysis.variants;analysis.run_experiments,src/q3/analysis.py:104;src/q3/analysis.py:136,所有配置入口已实现；完整事后实验按用户指令未执行,implemented; bounded-tests-only; full-numerical-evaluation-not-run
Q3-L2505,3.25,2505,## 3.25.7 调整结算口径稳健性,analysis.variants;analysis.run_experiments,src/q3/analysis.py:104;src/q3/analysis.py:136,所有配置入口已实现；完整事后实验按用户指令未执行,implemented; bounded-tests-only; full-numerical-evaluation-not-run
Q3-L2507,3.25,2507,主模型采用“最终生效量相对 \(0{:}00\) 原计划单次结算”的解释。考虑题面没有完全明确同一交付时段被多次修改时是否逐次收费，在少量 stress-test 日期上额外建立 sequential-settlement 对照：每次调整相对上一版有效计划结算，增购差额按 \(1.5p_t\) 计价，减少差额按 \(0.5p_t\) 违约规则处理。,analysis.variants;analysis.run_experiments,src/q3/analysis.py:104;src/q3/analysis.py:136,所有配置入口已实现；完整事后实验按用户指令未执行,implemented; bounded-tests-only; full-numerical-evaluation-not-run
Q3-L2509,3.25,2509,需要强调，替代口径必须**重新求解相同优化模型**，而不是只把主模型已经生成的策略事后换一套公式重新计费，因为不同结算规则会改变最优调整行为。比较两种口径下,analysis.variants;analysis.run_experiments,src/q3/analysis.py:104;src/q3/analysis.py:136,所有配置入口已实现；完整事后实验按用户指令未执行,implemented; bounded-tests-only; full-numerical-evaluation-not-run
Q3-L2511,3.25,2511,\[,analysis.variants;analysis.run_experiments,src/q3/analysis.py:104;src/q3/analysis.py:136,所有配置入口已实现；完整事后实验按用户指令未执行,implemented; bounded-tests-only; full-numerical-evaluation-not-run
Q3-L2512,3.25,2512,"C^{\mathrm{total}},\quad",analysis.variants;analysis.run_experiments,src/q3/analysis.py:104;src/q3/analysis.py:136,所有配置入口已实现；完整事后实验按用户指令未执行,implemented; bounded-tests-only; full-numerical-evaluation-not-run
Q3-L2513,3.25,2513,"C^{\mathrm{adjust}},\quad",analysis.variants;analysis.run_experiments,src/q3/analysis.py:104;src/q3/analysis.py:136,所有配置入口已实现；完整事后实验按用户指令未执行,implemented; bounded-tests-only; full-numerical-evaluation-not-run
Q3-L2514,3.25,2514,"C^{\mathrm{em}},",analysis.variants;analysis.run_experiments,src/q3/analysis.py:104;src/q3/analysis.py:136,所有配置入口已实现；完整事后实验按用户指令未执行,implemented; bounded-tests-only; full-numerical-evaluation-not-run
Q3-L2515,3.25,2515,\],analysis.variants;analysis.run_experiments,src/q3/analysis.py:104;src/q3/analysis.py:136,所有配置入口已实现；完整事后实验按用户指令未执行,implemented; bounded-tests-only; full-numerical-evaluation-not-run
Q3-L2517,3.25,2517,以及 \(FIV_k^{B}\)、\(OUV_k\) 的符号和主要排序。若结论保持稳定，则说明“是否需要引入其他时刻预报”的判断不依赖这一题面歧义。,analysis.variants;analysis.run_experiments,src/q3/analysis.py:104;src/q3/analysis.py:136,所有配置入口已实现；完整事后实验按用户指令未执行,implemented; bounded-tests-only; full-numerical-evaluation-not-run
Q3-L2519,3.25,2519,---,analysis.variants;analysis.run_experiments,src/q3/analysis.py:104;src/q3/analysis.py:136,所有配置入口已实现；完整事后实验按用户指令未执行,implemented; bounded-tests-only; full-numerical-evaluation-not-run
Q3-L2521,3.26,2521,# 3.26 模型正确性、动态一致性与信息泄漏审计,rolling.validate_frame;physics.validate;config.Config;multistage.conditional_tree;data.Inputs,src/q3/rolling.py:156;src/q3/physics.py:51;src/q3/config.py:16;src/q3/multistage.py:14;src/q3/data.py:15,tests.txt；未来污染、冻结策略、费用、SOC、模板、树结构实际核验,implemented; bounded-tests-only; full-numerical-evaluation-not-run
Q3-L2523,3.26,2523,程序逐日检查：,rolling.validate_frame;physics.validate;config.Config;multistage.conditional_tree;data.Inputs,src/q3/rolling.py:156;src/q3/physics.py:51;src/q3/config.py:16;src/q3/multistage.py:14;src/q3/data.py:15,tests.txt；未来污染、冻结策略、费用、SOC、模板、树结构实际核验,implemented; bounded-tests-only; full-numerical-evaluation-not-run
Q3-L2525,3.26,2525,"1. 2025 年 1 月 1 日 \(0{:}00\) 的真实 SOC 初始化为 \(6000\,\mathrm{kWh}\)，1 月状态连续推进，且 \(E_{2025/2/1,0}^{\mathrm{real}}=E_{2025/1/31,24}^{\mathrm{real}}\)；",rolling.validate_frame;physics.validate;config.Config;multistage.conditional_tree;data.Inputs,src/q3/rolling.py:156;src/q3/physics.py:51;src/q3/config.py:16;src/q3/multistage.py:14;src/q3/data.py:15,tests.txt；未来污染、冻结策略、费用、SOC、模板、树结构实际核验,implemented; bounded-tests-only; full-numerical-evaluation-not-run
Q3-L2526,3.26,2526,2. 正式基准 \(S^\star=20\)、\(S_{\mathrm{tail}}=2\) 及近期优先历史窗口规则在正式评价前固定，2--12 月结果不得用于反向调参；,rolling.validate_frame;physics.validate;config.Config;multistage.conditional_tree;data.Inputs,src/q3/rolling.py:156;src/q3/physics.py:51;src/q3/config.py:16;src/q3/multistage.py:14;src/q3/data.py:15,tests.txt；未来污染、冻结策略、费用、SOC、模板、树结构实际核验,implemented; bounded-tests-only; full-numerical-evaluation-not-run
Q3-L2527,3.26,2527,3. 所有节点的场景池只使用当前时刻以前已经完整实现的历史数据，近期窗口不足时只能向更久历史扩展，不能调用未来样本；,rolling.validate_frame;physics.validate;config.Config;multistage.conditional_tree;data.Inputs,src/q3/rolling.py:156;src/q3/physics.py:51;src/q3/config.py:16;src/q3/multistage.py:14;src/q3/data.py:15,tests.txt；未来污染、冻结策略、费用、SOC、模板、树结构实际核验,implemented; bounded-tests-only; full-numerical-evaluation-not-run
Q3-L2528,3.26,2528,4. 历史负荷预测误差必须来自 rolling-origin 样本外预测，禁止全年训练后回算历史拟合残差；,rolling.validate_frame;physics.validate;config.Config;multistage.conditional_tree;data.Inputs,src/q3/rolling.py:156;src/q3/physics.py:51;src/q3/config.py:16;src/q3/multistage.py:14;src/q3/data.py:15,tests.txt；未来污染、冻结策略、费用、SOC、模板、树结构实际核验,implemented; bounded-tests-only; full-numerical-evaluation-not-run
Q3-L2529,3.26,2529,5. \(6{:}00\)、\(12{:}00\)、\(18{:}00\) 决策不能读取当前节点之后的附件 2 真实负荷或真实光伏；,rolling.validate_frame;physics.validate;config.Config;multistage.conditional_tree;data.Inputs,src/q3/rolling.py:156;src/q3/physics.py:51;src/q3/config.py:16;src/q3/multistage.py:14;src/q3/data.py:15,tests.txt；未来污染、冻结策略、费用、SOC、模板、树结构实际核验,implemented; bounded-tests-only; full-numerical-evaluation-not-run
Q3-L2530,3.26,2530,6. 已经执行的购电动作和已经实现的 SOC 在后续节点完全冻结；,rolling.validate_frame;physics.validate;config.Config;multistage.conditional_tree;data.Inputs,src/q3/rolling.py:156;src/q3/physics.py:51;src/q3/config.py:16;src/q3/multistage.py:14;src/q3/data.py:15,tests.txt；未来污染、冻结策略、费用、SOC、模板、树结构实际核验,implemented; bounded-tests-only; full-numerical-evaluation-not-run
Q3-L2531,3.26,2531,7. 节点间储能执行按第 3.20 节解释为区间内实时因果反馈的 10 min 聚合近似，控制器不得使用当前控制时刻之后的信息；严格 lag-one-slot 只作为稳健性对照；,rolling.validate_frame;physics.validate;config.Config;multistage.conditional_tree;data.Inputs,src/q3/rolling.py:156;src/q3/physics.py:51;src/q3/config.py:16;src/q3/multistage.py:14;src/q3/data.py:15,tests.txt；未来污染、冻结策略、费用、SOC、模板、树结构实际核验,implemented; bounded-tests-only; full-numerical-evaluation-not-run
Q3-L2532,3.26,2532,"8. 对 \(k\in\{6,12,18\}\)，只有 \(\mathcal B_{d,k}\) 中的购电决策计入当前节点的真实 adjustment cost；\(\mathcal P_{d,k}\) 只能使用 surrogate continuation cost，\(\mathcal C_{d,k}\) 只能作为跨日代理；",rolling.validate_frame;physics.validate;config.Config;multistage.conditional_tree;data.Inputs,src/q3/rolling.py:156;src/q3/physics.py:51;src/q3/config.py:16;src/q3/multistage.py:14;src/q3/data.py:15,tests.txt；未来污染、冻结策略、费用、SOC、模板、树结构实际核验,implemented; bounded-tests-only; full-numerical-evaluation-not-run
Q3-L2533,3.26,2533,9. 最终真实调整费用只由 \(g_t^{\mathrm{eff}}\) 与 \(g_t^0\) 重新计算，任何 look-ahead proxy cost 都不得写入实际费用；,rolling.validate_frame;physics.validate;config.Config;multistage.conditional_tree;data.Inputs,src/q3/rolling.py:156;src/q3/physics.py:51;src/q3/config.py:16;src/q3/multistage.py:14;src/q3/data.py:15,tests.txt；未来污染、冻结策略、费用、SOC、模板、树结构实际核验,implemented; bounded-tests-only; full-numerical-evaluation-not-run
Q3-L2534,3.26,2534,10. stale-vs-updated 预报价值实验必须使用完全相同的当前真实 SOC、负荷预测、优化时域、历史样本边界、求解器设置和其他策略参数，仅改变可用光伏预报信息；,rolling.validate_frame;physics.validate;config.Config;multistage.conditional_tree;data.Inputs,src/q3/rolling.py:156;src/q3/physics.py:51;src/q3/config.py:16;src/q3/multistage.py:14;src/q3/data.py:15,tests.txt；未来污染、冻结策略、费用、SOC、模板、树结构实际核验,implemented; bounded-tests-only; full-numerical-evaluation-not-run
Q3-L2535,3.26,2535,11. 每个 10 min 时段能量平衡残差满足数值容差；,rolling.validate_frame;physics.validate;config.Config;multistage.conditional_tree;data.Inputs,src/q3/rolling.py:156;src/q3/physics.py:51;src/q3/config.py:16;src/q3/multistage.py:14;src/q3/data.py:15,tests.txt；未来污染、冻结策略、费用、SOC、模板、树结构实际核验,implemented; bounded-tests-only; full-numerical-evaluation-not-run
Q3-L2536,3.26,2536,12. 全部 SOC 满足,rolling.validate_frame;physics.validate;config.Config;multistage.conditional_tree;data.Inputs,src/q3/rolling.py:156;src/q3/physics.py:51;src/q3/config.py:16;src/q3/multistage.py:14;src/q3/data.py:15,tests.txt；未来污染、冻结策略、费用、SOC、模板、树结构实际核验,implemented; bounded-tests-only; full-numerical-evaluation-not-run
Q3-L2538,3.26,2538,\[,rolling.validate_frame;physics.validate;config.Config;multistage.conditional_tree;data.Inputs,src/q3/rolling.py:156;src/q3/physics.py:51;src/q3/config.py:16;src/q3/multistage.py:14;src/q3/data.py:15,tests.txt；未来污染、冻结策略、费用、SOC、模板、树结构实际核验,implemented; bounded-tests-only; full-numerical-evaluation-not-run
Q3-L2539,3.26,2539,1200\le E_t\le10800;,rolling.validate_frame;physics.validate;config.Config;multistage.conditional_tree;data.Inputs,src/q3/rolling.py:156;src/q3/physics.py:51;src/q3/config.py:16;src/q3/multistage.py:14;src/q3/data.py:15,tests.txt；未来污染、冻结策略、费用、SOC、模板、树结构实际核验,implemented; bounded-tests-only; full-numerical-evaluation-not-run
Q3-L2540,3.26,2540,\],rolling.validate_frame;physics.validate;config.Config;multistage.conditional_tree;data.Inputs,src/q3/rolling.py:156;src/q3/physics.py:51;src/q3/config.py:16;src/q3/multistage.py:14;src/q3/data.py:15,tests.txt；未来污染、冻结策略、费用、SOC、模板、树结构实际核验,implemented; bounded-tests-only; full-numerical-evaluation-not-run
Q3-L2542,3.26,2542,13. 单时段实际充、放电量均不超过,rolling.validate_frame;physics.validate;config.Config;multistage.conditional_tree;data.Inputs,src/q3/rolling.py:156;src/q3/physics.py:51;src/q3/config.py:16;src/q3/multistage.py:14;src/q3/data.py:15,tests.txt；未来污染、冻结策略、费用、SOC、模板、树结构实际核验,implemented; bounded-tests-only; full-numerical-evaluation-not-run
Q3-L2544,3.26,2544,\[,rolling.validate_frame;physics.validate;config.Config;multistage.conditional_tree;data.Inputs,src/q3/rolling.py:156;src/q3/physics.py:51;src/q3/config.py:16;src/q3/multistage.py:14;src/q3/data.py:15,tests.txt；未来污染、冻结策略、费用、SOC、模板、树结构实际核验,implemented; bounded-tests-only; full-numerical-evaluation-not-run
Q3-L2545,3.26,2545,\frac{5000}{6}\text{ kWh};,rolling.validate_frame;physics.validate;config.Config;multistage.conditional_tree;data.Inputs,src/q3/rolling.py:156;src/q3/physics.py:51;src/q3/config.py:16;src/q3/multistage.py:14;src/q3/data.py:15,tests.txt；未来污染、冻结策略、费用、SOC、模板、树结构实际核验,implemented; bounded-tests-only; full-numerical-evaluation-not-run
Q3-L2546,3.26,2546,\],rolling.validate_frame;physics.validate;config.Config;multistage.conditional_tree;data.Inputs,src/q3/rolling.py:156;src/q3/physics.py:51;src/q3/config.py:16;src/q3/multistage.py:14;src/q3/data.py:15,tests.txt；未来污染、冻结策略、费用、SOC、模板、树结构实际核验,implemented; bounded-tests-only; full-numerical-evaluation-not-run
Q3-L2548,3.26,2548,14. 不出现实际同时充电与放电；,rolling.validate_frame;physics.validate;config.Config;multistage.conditional_tree;data.Inputs,src/q3/rolling.py:156;src/q3/physics.py:51;src/q3/config.py:16;src/q3/multistage.py:14;src/q3/data.py:15,tests.txt；未来污染、冻结策略、费用、SOC、模板、树结构实际核验,implemented; bounded-tests-only; full-numerical-evaluation-not-run
Q3-L2549,3.26,2549,15. 计划购电量与代理购电量满足显式有限上界 \(\bar G_t\)，全部 Big-\(M\) 来自变量域推导而非任意大常数；,rolling.validate_frame;physics.validate;config.Config;multistage.conditional_tree;data.Inputs,src/q3/rolling.py:156;src/q3/physics.py:51;src/q3/config.py:16;src/q3/multistage.py:14;src/q3/data.py:15,tests.txt；未来污染、冻结策略、费用、SOC、模板、树结构实际核验,implemented; bounded-tests-only; full-numerical-evaluation-not-run
Q3-L2550,3.26,2550,16. 当日真实 \(24{:}00\) SOC 与次日 \(0{:}00\) SOC 完全连续；,rolling.validate_frame;physics.validate;config.Config;multistage.conditional_tree;data.Inputs,src/q3/rolling.py:156;src/q3/physics.py:51;src/q3/config.py:16;src/q3/multistage.py:14;src/q3/data.py:15,tests.txt；未来污染、冻结策略、费用、SOC、模板、树结构实际核验,implemented; bounded-tests-only; full-numerical-evaluation-not-run
Q3-L2551,3.26,2551,17. 终端残值只进入优化目标，不计入题目要求报告的实际购电费用；,rolling.validate_frame;physics.validate;config.Config;multistage.conditional_tree;data.Inputs,src/q3/rolling.py:156;src/q3/physics.py:51;src/q3/config.py:16;src/q3/multistage.py:14;src/q3/data.py:15,tests.txt；未来污染、冻结策略、费用、SOC、模板、树结构实际核验,implemented; bounded-tests-only; full-numerical-evaluation-not-run
Q3-L2552,3.26,2552,18. \(u_t\) 仅解释为未利用剩余电量，不把含外网购电剩余的 spill 错称为纯弃光；,rolling.validate_frame;physics.validate;config.Config;multistage.conditional_tree;data.Inputs,src/q3/rolling.py:156;src/q3/physics.py:51;src/q3/config.py:16;src/q3/multistage.py:14;src/q3/data.py:15,tests.txt；未来污染、冻结策略、费用、SOC、模板、树结构实际核验,implemented; bounded-tests-only; full-numerical-evaluation-not-run
Q3-L2553,3.26,2553,19. 尾部保持与 \(k\)-medoids 后所有代表场景权重非负且和为 1；场景缩减只保持总概率质量，不宣称缩减分布与原经验分布完全相同；,rolling.validate_frame;physics.validate;config.Config;multistage.conditional_tree;data.Inputs,src/q3/rolling.py:156;src/q3/physics.py:51;src/q3/config.py:16;src/q3/multistage.py:14;src/q3/data.py:15,tests.txt；未来污染、冻结策略、费用、SOC、模板、树结构实际核验,implemented; bounded-tests-only; full-numerical-evaluation-not-run
Q3-L2554,3.26,2554,20. \(M_2\) 的树节点必须由阶段条件聚类生成，同一节点下所有 descendant scenarios 共享该阶段决策，禁止把每条连续预测轨迹直接作为独立早期节点；,rolling.validate_frame;physics.validate;config.Config;multistage.conditional_tree;data.Inputs,src/q3/rolling.py:156;src/q3/physics.py:51;src/q3/config.py:16;src/q3/multistage.py:14;src/q3/data.py:15,tests.txt；未来污染、冻结策略、费用、SOC、模板、树结构实际核验,implemented; bounded-tests-only; full-numerical-evaluation-not-run
Q3-L2555,3.26,2555,21. \(M_2\) 只作为 ex-post benchmark，其结果不得用于重新选择正式 \(M_1\) 的结构、场景规模、尾部名额、终端价值或历史窗口；,rolling.validate_frame;physics.validate;config.Config;multistage.conditional_tree;data.Inputs,src/q3/rolling.py:156;src/q3/physics.py:51;src/q3/config.py:16;src/q3/multistage.py:14;src/q3/data.py:15,tests.txt；未来污染、冻结策略、费用、SOC、模板、树结构实际核验,implemented; bounded-tests-only; full-numerical-evaluation-not-run
Q3-L2556,3.26,2556,22. sequential-settlement 敏感性必须重新求解模型，而不是只对原策略事后重新计费；,rolling.validate_frame;physics.validate;config.Config;multistage.conditional_tree;data.Inputs,src/q3/rolling.py:156;src/q3/physics.py:51;src/q3/config.py:16;src/q3/multistage.py:14;src/q3/data.py:15,tests.txt；未来污染、冻结策略、费用、SOC、模板、树结构实际核验,implemented; bounded-tests-only; full-numerical-evaluation-not-run
Q3-L2557,3.26,2557,23. 最终费用必须由最终有效购电量、真实调整量和真实紧急购电量重新计算，不能直接把某个随机场景目标值、surrogate cost 或 terminal value 当作实际成本。,rolling.validate_frame;physics.validate;config.Config;multistage.conditional_tree;data.Inputs,src/q3/rolling.py:156;src/q3/physics.py:51;src/q3/config.py:16;src/q3/multistage.py:14;src/q3/data.py:15,tests.txt；未来污染、冻结策略、费用、SOC、模板、树结构实际核验,implemented; bounded-tests-only; full-numerical-evaluation-not-run
Q3-L2559,3.26,2559,---,rolling.validate_frame;physics.validate;config.Config;multistage.conditional_tree;data.Inputs,src/q3/rolling.py:156;src/q3/physics.py:51;src/q3/config.py:16;src/q3/multistage.py:14;src/q3/data.py:15,tests.txt；未来污染、冻结策略、费用、SOC、模板、树结构实际核验,implemented; bounded-tests-only; full-numerical-evaluation-not-run
Q3-L2561,3.27,2561,# 3.27 `result3.xlsx` 输出逻辑,export.export_workbook;export.emergency_events;export.write_tables,src/q3/export.py:72;src/q3/export.py:16;src/q3/export.py:56,test_real_day_rollout_and_template；正式334天工作簿未生成,implemented; bounded-tests-only; full-numerical-evaluation-not-run
Q3-L2563,3.27,2563,## 3.27.1 计划购电量,export.export_workbook;export.emergency_events;export.write_tables,src/q3/export.py:72;src/q3/export.py:16;src/q3/export.py:56,test_real_day_rollout_and_template；正式334天工作簿未生成,implemented; bounded-tests-only; full-numerical-evaluation-not-run
Q3-L2565,3.27,2565,保存：,export.export_workbook;export.emergency_events;export.write_tables,src/q3/export.py:72;src/q3/export.py:16;src/q3/export.py:56,test_real_day_rollout_and_template；正式334天工作簿未生成,implemented; bounded-tests-only; full-numerical-evaluation-not-run
Q3-L2567,3.27,2567,\[,export.export_workbook;export.emergency_events;export.write_tables,src/q3/export.py:72;src/q3/export.py:16;src/q3/export.py:56,test_real_day_rollout_and_template；正式334天工作簿未生成,implemented; bounded-tests-only; full-numerical-evaluation-not-run
Q3-L2568,3.27,2568,\boxed{,export.export_workbook;export.emergency_events;export.write_tables,src/q3/export.py:72;src/q3/export.py:16;src/q3/export.py:56,test_real_day_rollout_and_template；正式334天工作簿未生成,implemented; bounded-tests-only; full-numerical-evaluation-not-run
Q3-L2569,3.27,2569,"g_{d,t}^{0}",export.export_workbook;export.emergency_events;export.write_tables,src/q3/export.py:72;src/q3/export.py:16;src/q3/export.py:56,test_real_day_rollout_and_template；正式334天工作簿未生成,implemented; bounded-tests-only; full-numerical-evaluation-not-run
Q3-L2570,3.27,2570,},export.export_workbook;export.emergency_events;export.write_tables,src/q3/export.py:72;src/q3/export.py:16;src/q3/export.py:56,test_real_day_rollout_and_template；正式334天工作簿未生成,implemented; bounded-tests-only; full-numerical-evaluation-not-run
Q3-L2571,3.27,2571,\],export.export_workbook;export.emergency_events;export.write_tables,src/q3/export.py:72;src/q3/export.py:16;src/q3/export.py:56,test_real_day_rollout_and_template；正式334天工作簿未生成,implemented; bounded-tests-only; full-numerical-evaluation-not-run
Q3-L2573,3.27,2573,即每天 \(0{:}00\) 根据当时预报制定的原始全天计划购电量。,export.export_workbook;export.emergency_events;export.write_tables,src/q3/export.py:72;src/q3/export.py:16;src/q3/export.py:56,test_real_day_rollout_and_template；正式334天工作簿未生成,implemented; bounded-tests-only; full-numerical-evaluation-not-run
Q3-L2575,3.27,2575,---,export.export_workbook;export.emergency_events;export.write_tables,src/q3/export.py:72;src/q3/export.py:16;src/q3/export.py:56,test_real_day_rollout_and_template；正式334天工作簿未生成,implemented; bounded-tests-only; full-numerical-evaluation-not-run
Q3-L2577,3.27,2577,## 3.27.2 调整购电量,export.export_workbook;export.emergency_events;export.write_tables,src/q3/export.py:72;src/q3/export.py:16;src/q3/export.py:56,test_real_day_rollout_and_template；正式334天工作簿未生成,implemented; bounded-tests-only; full-numerical-evaluation-not-run
Q3-L2579,3.27,2579,程序内部同时保留：,export.export_workbook;export.emergency_events;export.write_tables,src/q3/export.py:72;src/q3/export.py:16;src/q3/export.py:56,test_real_day_rollout_and_template；正式334天工作簿未生成,implemented; bounded-tests-only; full-numerical-evaluation-not-run
Q3-L2581,3.27,2581,"- \(6{:}00,12{:}00,18{:}00\) 各节点 committed block 的**调整后绝对购电量** \(g^{(k)}\)；",export.export_workbook;export.emergency_events;export.write_tables,src/q3/export.py:72;src/q3/export.py:16;src/q3/export.py:56,test_real_day_rollout_and_template；正式334天工作簿未生成,implemented; bounded-tests-only; full-numerical-evaluation-not-run
Q3-L2582,3.27,2582,- 相对 \(0{:}00\) 原计划的调整差额,export.export_workbook;export.emergency_events;export.write_tables,src/q3/export.py:72;src/q3/export.py:16;src/q3/export.py:56,test_real_day_rollout_and_template；正式334天工作簿未生成,implemented; bounded-tests-only; full-numerical-evaluation-not-run
Q3-L2584,3.27,2584,\[,export.export_workbook;export.emergency_events;export.write_tables,src/q3/export.py:72;src/q3/export.py:16;src/q3/export.py:56,test_real_day_rollout_and_template；正式334天工作簿未生成,implemented; bounded-tests-only; full-numerical-evaluation-not-run
Q3-L2585,3.27,2585,\delta g^{(k)}=g^{(k)}-g^0;,export.export_workbook;export.emergency_events;export.write_tables,src/q3/export.py:72;src/q3/export.py:16;src/q3/export.py:56,test_real_day_rollout_and_template；正式334天工作簿未生成,implemented; bounded-tests-only; full-numerical-evaluation-not-run
Q3-L2586,3.27,2586,\],export.export_workbook;export.emergency_events;export.write_tables,src/q3/export.py:72;src/q3/export.py:16;src/q3/export.py:56,test_real_day_rollout_and_template；正式334天工作簿未生成,implemented; bounded-tests-only; full-numerical-evaluation-not-run
Q3-L2588,3.27,2588,- 下一节点之后用于 look-ahead 的代理量 \(\widetilde g^{(k)}\)；,export.export_workbook;export.emergency_events;export.write_tables,src/q3/export.py:72;src/q3/export.py:16;src/q3/export.py:56,test_real_day_rollout_and_template；正式334天工作簿未生成,implemented; bounded-tests-only; full-numerical-evaluation-not-run
Q3-L2589,3.27,2589,- 当天最终生效量 \(g^{\mathrm{eff}}\)。,export.export_workbook;export.emergency_events;export.write_tables,src/q3/export.py:72;src/q3/export.py:16;src/q3/export.py:56,test_real_day_rollout_and_template；正式334天工作簿未生成,implemented; bounded-tests-only; full-numerical-evaluation-not-run
Q3-L2591,3.27,2591,在模型定义中，“调整购电量”统一指节点 \(k\) 重新制定的**调整后绝对购电量** \(g^{(k)}\)，而 \(\delta g^{(k)}\) 仅用于结算和程序核验。真实结算只使用 committed block 最终形成的 \(g^{\mathrm{eff}}\)，不得把 \(\widetilde g^{(k)}\) 当作已经发生的交易量。,export.export_workbook;export.emergency_events;export.write_tables,src/q3/export.py:72;src/q3/export.py:16;src/q3/export.py:56,test_real_day_rollout_and_template；正式334天工作簿未生成,implemented; bounded-tests-only; full-numerical-evaluation-not-run
Q3-L2593,3.27,2593,内部同时保留 \(g^{(k)}\) 和 \(\delta g^{(k)}\)，因此即使结果模板最终采用其中任一种字段口径，也无需改变优化模型与真实费用计算逻辑。,export.export_workbook;export.emergency_events;export.write_tables,src/q3/export.py:72;src/q3/export.py:16;src/q3/export.py:56,test_real_day_rollout_and_template；正式334天工作簿未生成,implemented; bounded-tests-only; full-numerical-evaluation-not-run
Q3-L2595,3.27,2595,---,export.export_workbook;export.emergency_events;export.write_tables,src/q3/export.py:72;src/q3/export.py:16;src/q3/export.py:56,test_real_day_rollout_and_template；正式334天工作簿未生成,implemented; bounded-tests-only; full-numerical-evaluation-not-run
Q3-L2597,3.27,2597,## 3.27.3 储能充放电量,export.export_workbook;export.emergency_events;export.write_tables,src/q3/export.py:72;src/q3/export.py:16;src/q3/export.py:56,test_real_day_rollout_and_template；正式334天工作簿未生成,implemented; bounded-tests-only; full-numerical-evaluation-not-run
Q3-L2599,3.27,2599,只写真实附件 2 回放得到的：,export.export_workbook;export.emergency_events;export.write_tables,src/q3/export.py:72;src/q3/export.py:16;src/q3/export.py:56,test_real_day_rollout_and_template；正式334天工作簿未生成,implemented; bounded-tests-only; full-numerical-evaluation-not-run
Q3-L2601,3.27,2601,\[,export.export_workbook;export.emergency_events;export.write_tables,src/q3/export.py:72;src/q3/export.py:16;src/q3/export.py:56,test_real_day_rollout_and_template；正式334天工作簿未生成,implemented; bounded-tests-only; full-numerical-evaluation-not-run
Q3-L2602,3.27,2602,"c_{d,t}^{\mathrm{real}},",export.export_workbook;export.emergency_events;export.write_tables,src/q3/export.py:72;src/q3/export.py:16;src/q3/export.py:56,test_real_day_rollout_and_template；正式334天工作簿未生成,implemented; bounded-tests-only; full-numerical-evaluation-not-run
Q3-L2603,3.27,2603,\qquad,export.export_workbook;export.emergency_events;export.write_tables,src/q3/export.py:72;src/q3/export.py:16;src/q3/export.py:56,test_real_day_rollout_and_template；正式334天工作簿未生成,implemented; bounded-tests-only; full-numerical-evaluation-not-run
Q3-L2604,3.27,2604,"r_{d,t}^{\mathrm{real}},",export.export_workbook;export.emergency_events;export.write_tables,src/q3/export.py:72;src/q3/export.py:16;src/q3/export.py:56,test_real_day_rollout_and_template；正式334天工作簿未生成,implemented; bounded-tests-only; full-numerical-evaluation-not-run
Q3-L2605,3.27,2605,\],export.export_workbook;export.emergency_events;export.write_tables,src/q3/export.py:72;src/q3/export.py:16;src/q3/export.py:56,test_real_day_rollout_and_template；正式334天工作簿未生成,implemented; bounded-tests-only; full-numerical-evaluation-not-run
Q3-L2607,3.27,2607,而不是随机场景平均值。,export.export_workbook;export.emergency_events;export.write_tables,src/q3/export.py:72;src/q3/export.py:16;src/q3/export.py:56,test_real_day_rollout_and_template；正式334天工作簿未生成,implemented; bounded-tests-only; full-numerical-evaluation-not-run
Q3-L2609,3.27,2609,同时写入：,export.export_workbook;export.emergency_events;export.write_tables,src/q3/export.py:72;src/q3/export.py:16;src/q3/export.py:56,test_real_day_rollout_and_template；正式334天工作簿未生成,implemented; bounded-tests-only; full-numerical-evaluation-not-run
Q3-L2611,3.27,2611,\[,export.export_workbook;export.emergency_events;export.write_tables,src/q3/export.py:72;src/q3/export.py:16;src/q3/export.py:56,test_real_day_rollout_and_template；正式334天工作簿未生成,implemented; bounded-tests-only; full-numerical-evaluation-not-run
Q3-L2612,3.27,2612,"E_{d,0}^{\mathrm{real}},",export.export_workbook;export.emergency_events;export.write_tables,src/q3/export.py:72;src/q3/export.py:16;src/q3/export.py:56,test_real_day_rollout_and_template；正式334天工作簿未生成,implemented; bounded-tests-only; full-numerical-evaluation-not-run
Q3-L2613,3.27,2613,\qquad,export.export_workbook;export.emergency_events;export.write_tables,src/q3/export.py:72;src/q3/export.py:16;src/q3/export.py:56,test_real_day_rollout_and_template；正式334天工作簿未生成,implemented; bounded-tests-only; full-numerical-evaluation-not-run
Q3-L2614,3.27,2614,"E_{d,24}^{\mathrm{real}}.",export.export_workbook;export.emergency_events;export.write_tables,src/q3/export.py:72;src/q3/export.py:16;src/q3/export.py:56,test_real_day_rollout_and_template；正式334天工作簿未生成,implemented; bounded-tests-only; full-numerical-evaluation-not-run
Q3-L2615,3.27,2615,\],export.export_workbook;export.emergency_events;export.write_tables,src/q3/export.py:72;src/q3/export.py:16;src/q3/export.py:56,test_real_day_rollout_and_template；正式334天工作簿未生成,implemented; bounded-tests-only; full-numerical-evaluation-not-run
Q3-L2617,3.27,2617,注意这里是“输出 0:00 和 24:00 SOC”，并不意味着强制二者相等。,export.export_workbook;export.emergency_events;export.write_tables,src/q3/export.py:72;src/q3/export.py:16;src/q3/export.py:56,test_real_day_rollout_and_template；正式334天工作簿未生成,implemented; bounded-tests-only; full-numerical-evaluation-not-run
Q3-L2619,3.27,2619,---,export.export_workbook;export.emergency_events;export.write_tables,src/q3/export.py:72;src/q3/export.py:16;src/q3/export.py:56,test_real_day_rollout_and_template；正式334天工作簿未生成,implemented; bounded-tests-only; full-numerical-evaluation-not-run
Q3-L2621,3.27,2621,## 3.27.4 紧急购电量,export.export_workbook;export.emergency_events;export.write_tables,src/q3/export.py:72;src/q3/export.py:16;src/q3/export.py:56,test_real_day_rollout_and_template；正式334天工作簿未生成,implemented; bounded-tests-only; full-numerical-evaluation-not-run
Q3-L2623,3.27,2623,保存真实回放得到的：,export.export_workbook;export.emergency_events;export.write_tables,src/q3/export.py:72;src/q3/export.py:16;src/q3/export.py:56,test_real_day_rollout_and_template；正式334天工作簿未生成,implemented; bounded-tests-only; full-numerical-evaluation-not-run
Q3-L2625,3.27,2625,\[,export.export_workbook;export.emergency_events;export.write_tables,src/q3/export.py:72;src/q3/export.py:16;src/q3/export.py:56,test_real_day_rollout_and_template；正式334天工作簿未生成,implemented; bounded-tests-only; full-numerical-evaluation-not-run
Q3-L2626,3.27,2626,"q_{d,t}^{\mathrm{em,real}}.",export.export_workbook;export.emergency_events;export.write_tables,src/q3/export.py:72;src/q3/export.py:16;src/q3/export.py:56,test_real_day_rollout_and_template；正式334天工作簿未生成,implemented; bounded-tests-only; full-numerical-evaluation-not-run
Q3-L2627,3.27,2627,\],export.export_workbook;export.emergency_events;export.write_tables,src/q3/export.py:72;src/q3/export.py:16;src/q3/export.py:56,test_real_day_rollout_and_template；正式334天工作簿未生成,implemented; bounded-tests-only; full-numerical-evaluation-not-run
Q3-L2629,3.27,2629,连续发生紧急购电的 10 min 时段按照模板要求合并成连续区间并汇总电量。,export.export_workbook;export.emergency_events;export.write_tables,src/q3/export.py:72;src/q3/export.py:16;src/q3/export.py:56,test_real_day_rollout_and_template；正式334天工作簿未生成,implemented; bounded-tests-only; full-numerical-evaluation-not-run
Q3-L2631,3.27,2631,---,export.export_workbook;export.emergency_events;export.write_tables,src/q3/export.py:72;src/q3/export.py:16;src/q3/export.py:56,test_real_day_rollout_and_template；正式334天工作簿未生成,implemented; bounded-tests-only; full-numerical-evaluation-not-run
Q3-L2633,3.28,2633,# 3.28 完整算法流程,rolling.run_period;run.main;analysis.run_experiments,src/q3/rolling.py:187;src/q3/run.py:103;src/q3/analysis.py:136,命令行默认benchmark；full显式隔离；test_real_day_rollout_and_template,implemented; bounded-tests-only; full-numerical-evaluation-not-run
Q3-L2635,3.28,2635,正式算法分为“1 月因果预热”和“2--12 月正式滚动评价”两部分。正式主模型结构、\(S^\star=20\)、\(S_{\mathrm{tail}}=2\) 以及历史池扩展规则均在进入样本外评价前固定；2--12 月只用于真实回放、经济价值统计和事后稳健性分析。,rolling.run_period;run.main;analysis.run_experiments,src/q3/rolling.py:187;src/q3/run.py:103;src/q3/analysis.py:136,命令行默认benchmark；full显式隔离；test_real_day_rollout_and_template,implemented; bounded-tests-only; full-numerical-evaluation-not-run
Q3-L2637,3.28,2637,### Step 0：1 月因果预热,rolling.run_period;run.main;analysis.run_experiments,src/q3/rolling.py:187;src/q3/run.py:103;src/q3/analysis.py:136,命令行默认benchmark；full显式隔离；test_real_day_rollout_and_template,implemented; bounded-tests-only; full-numerical-evaluation-not-run
Q3-L2639,3.28,2639,设置,rolling.run_period;run.main;analysis.run_experiments,src/q3/rolling.py:187;src/q3/run.py:103;src/q3/analysis.py:136,命令行默认benchmark；full显式隔离；test_real_day_rollout_and_template,implemented; bounded-tests-only; full-numerical-evaluation-not-run
Q3-L2641,3.28,2641,\[,rolling.run_period;run.main;analysis.run_experiments,src/q3/rolling.py:187;src/q3/run.py:103;src/q3/analysis.py:136,命令行默认benchmark；full显式隔离；test_real_day_rollout_and_template,implemented; bounded-tests-only; full-numerical-evaluation-not-run
Q3-L2642,3.28,2642,\boxed{,rolling.run_period;run.main;analysis.run_experiments,src/q3/rolling.py:187;src/q3/run.py:103;src/q3/analysis.py:136,命令行默认benchmark；full显式隔离；test_real_day_rollout_and_template,implemented; bounded-tests-only; full-numerical-evaluation-not-run
Q3-L2643,3.28,2643,"E_{2025/1/1,0}^{\mathrm{real}}=6000\ \mathrm{kWh}.",rolling.run_period;run.main;analysis.run_experiments,src/q3/rolling.py:187;src/q3/run.py:103;src/q3/analysis.py:136,命令行默认benchmark；full显式隔离；test_real_day_rollout_and_template,implemented; bounded-tests-only; full-numerical-evaluation-not-run
Q3-L2644,3.28,2644,},rolling.run_period;run.main;analysis.run_experiments,src/q3/rolling.py:187;src/q3/run.py:103;src/q3/analysis.py:136,命令行默认benchmark；full显式隔离；test_real_day_rollout_and_template,implemented; bounded-tests-only; full-numerical-evaluation-not-run
Q3-L2645,3.28,2645,\],rolling.run_period;run.main;analysis.run_experiments,src/q3/rolling.py:187;src/q3/run.py:103;src/q3/analysis.py:136,命令行默认benchmark；full显式隔离；test_real_day_rollout_and_template,implemented; bounded-tests-only; full-numerical-evaluation-not-run
Q3-L2647,3.28,2647,从 1 月 1 日起按与正式模型相同的信息边界逐日推进。负荷预测使用问题二既定 cold-start 规则；联合误差历史不足时使用全部已完成轨迹，极端情况下暂时退化为确定性滚动基准 \(M_0\)。,rolling.run_period;run.main;analysis.run_experiments,src/q3/rolling.py:187;src/q3/run.py:103;src/q3/analysis.py:136,命令行默认benchmark；full显式隔离；test_real_day_rollout_and_template,implemented; bounded-tests-only; full-numerical-evaluation-not-run
Q3-L2649,3.28,2649,1 月预热期完成：,rolling.run_period;run.main;analysis.run_experiments,src/q3/rolling.py:187;src/q3/run.py:103;src/q3/analysis.py:136,命令行默认benchmark；full显式隔离；test_real_day_rollout_and_template,implemented; bounded-tests-only; full-numerical-evaluation-not-run
Q3-L2651,3.28,2651,- SOC 连续推进；,rolling.run_period;run.main;analysis.run_experiments,src/q3/rolling.py:187;src/q3/run.py:103;src/q3/analysis.py:136,命令行默认benchmark；full显式隔离；test_real_day_rollout_and_template,implemented; bounded-tests-only; full-numerical-evaluation-not-run
Q3-L2652,3.28,2652,- rolling-origin 负荷残差积累；,rolling.run_period;run.main;analysis.run_experiments,src/q3/rolling.py:187;src/q3/run.py:103;src/q3/analysis.py:136,命令行默认benchmark；full显式隔离；test_real_day_rollout_and_template,implemented; bounded-tests-only; full-numerical-evaluation-not-run
Q3-L2653,3.28,2653,- 四时点光伏预报误差积累；,rolling.run_period;run.main;analysis.run_experiments,src/q3/rolling.py:187;src/q3/run.py:103;src/q3/analysis.py:136,命令行默认benchmark；full显式隔离；test_real_day_rollout_and_template,implemented; bounded-tests-only; full-numerical-evaluation-not-run
Q3-L2654,3.28,2654,- 终端储能价值所需的因果历史有限差分标定；,rolling.run_period;run.main;analysis.run_experiments,src/q3/rolling.py:187;src/q3/run.py:103;src/q3/analysis.py:136,命令行默认benchmark；full显式隔离；test_real_day_rollout_and_template,implemented; bounded-tests-only; full-numerical-evaluation-not-run
Q3-L2655,3.28,2655,- 检查正式基准 \(S^\star=20\)、\(S_{\mathrm{tail}}=2\) 在现有样本规模下可计算，但不通过 1 月反复搜索大量超参数。,rolling.run_period;run.main;analysis.run_experiments,src/q3/rolling.py:187;src/q3/run.py:103;src/q3/analysis.py:136,命令行默认benchmark；full显式隔离；test_real_day_rollout_and_template,implemented; bounded-tests-only; full-numerical-evaluation-not-run
Q3-L2657,3.28,2657,1 月 31 日结束后得到,rolling.run_period;run.main;analysis.run_experiments,src/q3/rolling.py:187;src/q3/run.py:103;src/q3/analysis.py:136,命令行默认benchmark；full显式隔离；test_real_day_rollout_and_template,implemented; bounded-tests-only; full-numerical-evaluation-not-run
Q3-L2659,3.28,2659,\[,rolling.run_period;run.main;analysis.run_experiments,src/q3/rolling.py:187;src/q3/run.py:103;src/q3/analysis.py:136,命令行默认benchmark；full显式隔离；test_real_day_rollout_and_template,implemented; bounded-tests-only; full-numerical-evaluation-not-run
Q3-L2660,3.28,2660,\boxed{,rolling.run_period;run.main;analysis.run_experiments,src/q3/rolling.py:187;src/q3/run.py:103;src/q3/analysis.py:136,命令行默认benchmark；full显式隔离；test_real_day_rollout_and_template,implemented; bounded-tests-only; full-numerical-evaluation-not-run
Q3-L2661,3.28,2661,"E_{2025/2/1,0}^{\mathrm{real}}",rolling.run_period;run.main;analysis.run_experiments,src/q3/rolling.py:187;src/q3/run.py:103;src/q3/analysis.py:136,命令行默认benchmark；full显式隔离；test_real_day_rollout_and_template,implemented; bounded-tests-only; full-numerical-evaluation-not-run
Q3-L2662,3.28,2662,=,rolling.run_period;run.main;analysis.run_experiments,src/q3/rolling.py:187;src/q3/run.py:103;src/q3/analysis.py:136,命令行默认benchmark；full显式隔离；test_real_day_rollout_and_template,implemented; bounded-tests-only; full-numerical-evaluation-not-run
Q3-L2663,3.28,2663,"E_{2025/1/31,24}^{\mathrm{real}}.",rolling.run_period;run.main;analysis.run_experiments,src/q3/rolling.py:187;src/q3/run.py:103;src/q3/analysis.py:136,命令行默认benchmark；full显式隔离；test_real_day_rollout_and_template,implemented; bounded-tests-only; full-numerical-evaluation-not-run
Q3-L2664,3.28,2664,},rolling.run_period;run.main;analysis.run_experiments,src/q3/rolling.py:187;src/q3/run.py:103;src/q3/analysis.py:136,命令行默认benchmark；full显式隔离；test_real_day_rollout_and_template,implemented; bounded-tests-only; full-numerical-evaluation-not-run
Q3-L2665,3.28,2665,\],rolling.run_period;run.main;analysis.run_experiments,src/q3/rolling.py:187;src/q3/run.py:103;src/q3/analysis.py:136,命令行默认benchmark；full显式隔离；test_real_day_rollout_and_template,implemented; bounded-tests-only; full-numerical-evaluation-not-run
Q3-L2667,3.28,2667,从 2 月 1 日起进入正式评价与 `result3.xlsx` 生成阶段。,rolling.run_period;run.main;analysis.run_experiments,src/q3/rolling.py:187;src/q3/run.py:103;src/q3/analysis.py:136,命令行默认benchmark；full显式隔离；test_real_day_rollout_and_template,implemented; bounded-tests-only; full-numerical-evaluation-not-run
Q3-L2669,3.28,2669,### Step 1：读取跨日真实状态,rolling.run_period;run.main;analysis.run_experiments,src/q3/rolling.py:187;src/q3/run.py:103;src/q3/analysis.py:136,命令行默认benchmark；full显式隔离；test_real_day_rollout_and_template,implemented; bounded-tests-only; full-numerical-evaluation-not-run
Q3-L2671,3.28,2671,\[,rolling.run_period;run.main;analysis.run_experiments,src/q3/rolling.py:187;src/q3/run.py:103;src/q3/analysis.py:136,命令行默认benchmark；full显式隔离；test_real_day_rollout_and_template,implemented; bounded-tests-only; full-numerical-evaluation-not-run
Q3-L2672,3.28,2672,"E_{d,0}^{\mathrm{real}}",rolling.run_period;run.main;analysis.run_experiments,src/q3/rolling.py:187;src/q3/run.py:103;src/q3/analysis.py:136,命令行默认benchmark；full显式隔离；test_real_day_rollout_and_template,implemented; bounded-tests-only; full-numerical-evaluation-not-run
Q3-L2673,3.28,2673,=,rolling.run_period;run.main;analysis.run_experiments,src/q3/rolling.py:187;src/q3/run.py:103;src/q3/analysis.py:136,命令行默认benchmark；full显式隔离；test_real_day_rollout_and_template,implemented; bounded-tests-only; full-numerical-evaluation-not-run
Q3-L2674,3.28,2674,"E_{d-1,24}^{\mathrm{real}}.",rolling.run_period;run.main;analysis.run_experiments,src/q3/rolling.py:187;src/q3/run.py:103;src/q3/analysis.py:136,命令行默认benchmark；full显式隔离；test_real_day_rollout_and_template,implemented; bounded-tests-only; full-numerical-evaluation-not-run
Q3-L2675,3.28,2675,\],rolling.run_period;run.main;analysis.run_experiments,src/q3/rolling.py:187;src/q3/run.py:103;src/q3/analysis.py:136,命令行默认benchmark；full显式隔离；test_real_day_rollout_and_template,implemented; bounded-tests-only; full-numerical-evaluation-not-run
Q3-L2677,3.28,2677,### Step 2：\(0{:}00\) 负荷预测,rolling.run_period;run.main;analysis.run_experiments,src/q3/rolling.py:187;src/q3/run.py:103;src/q3/analysis.py:136,命令行默认benchmark；full显式隔离；test_real_day_rollout_and_template,implemented; bounded-tests-only; full-numerical-evaluation-not-run
Q3-L2679,3.28,2679,调用问题二最终选定的因果负荷预测流程，只使用当前日期以前的信息，生成至少未来 48 h：,rolling.run_period;run.main;analysis.run_experiments,src/q3/rolling.py:187;src/q3/run.py:103;src/q3/analysis.py:136,命令行默认benchmark；full显式隔离；test_real_day_rollout_and_template,implemented; bounded-tests-only; full-numerical-evaluation-not-run
Q3-L2681,3.28,2681,\[,rolling.run_period;run.main;analysis.run_experiments,src/q3/rolling.py:187;src/q3/run.py:103;src/q3/analysis.py:136,命令行默认benchmark；full显式隔离；test_real_day_rollout_and_template,implemented; bounded-tests-only; full-numerical-evaluation-not-run
Q3-L2682,3.28,2682,"\widehat L^{\,0}.",rolling.run_period;run.main;analysis.run_experiments,src/q3/rolling.py:187;src/q3/run.py:103;src/q3/analysis.py:136,命令行默认benchmark；full显式隔离；test_real_day_rollout_and_template,implemented; bounded-tests-only; full-numerical-evaluation-not-run
Q3-L2683,3.28,2683,\],rolling.run_period;run.main;analysis.run_experiments,src/q3/rolling.py:187;src/q3/run.py:103;src/q3/analysis.py:136,命令行默认benchmark；full显式隔离；test_real_day_rollout_and_template,implemented; bounded-tests-only; full-numerical-evaluation-not-run
Q3-L2685,3.28,2685,当天 \(6/12/18\) 不重新训练或更新该负荷预测，以便单独识别新光伏预报的作用。,rolling.run_period;run.main;analysis.run_experiments,src/q3/rolling.py:187;src/q3/run.py:103;src/q3/analysis.py:136,命令行默认benchmark；full显式隔离；test_real_day_rollout_and_template,implemented; bounded-tests-only; full-numerical-evaluation-not-run
Q3-L2687,3.28,2687,### Step 3：\(0{:}00\) 光伏预报,rolling.run_period;run.main;analysis.run_experiments,src/q3/rolling.py:187;src/q3/run.py:103;src/q3/analysis.py:136,命令行默认benchmark；full显式隔离；test_real_day_rollout_and_template,implemented; bounded-tests-only; full-numerical-evaluation-not-run
Q3-L2689,3.28,2689,读取附件 3 的 \(0{:}00\) 未来 24 h 光伏预报，并按第 3.6 节插值到 10 min。,rolling.run_period;run.main;analysis.run_experiments,src/q3/rolling.py:187;src/q3/run.py:103;src/q3/analysis.py:136,命令行默认benchmark；full显式隔离；test_real_day_rollout_and_template,implemented; bounded-tests-only; full-numerical-evaluation-not-run
Q3-L2691,3.28,2691,### Step 4：构造 \(0{:}00\) 联合历史误差场景,rolling.run_period;run.main;analysis.run_experiments,src/q3/rolling.py:187;src/q3/run.py:103;src/q3/analysis.py:136,命令行默认benchmark；full显式隔离；test_real_day_rollout_and_template,implemented; bounded-tests-only; full-numerical-evaluation-not-run
Q3-L2693,3.28,2693,按第 3.8.1 节执行：先按 \(28\rightarrow56\rightarrow84\rightarrow\text{all history}\) 的因果规则确定近期历史池，再优先匹配与当前 24 h 预测光伏总能量处于相近量级的历史轨迹。若候选轨迹数超过 \(S^\star=20\)，先保留 \(S_{\mathrm{tail}}=2\) 条高风险正向净负荷误差轨迹，再对其余轨迹按标准化净负荷误差距离执行 \(k\)-medoids 缩减。,rolling.run_period;run.main;analysis.run_experiments,src/q3/rolling.py:187;src/q3/run.py:103;src/q3/analysis.py:136,命令行默认benchmark；full显式隔离；test_real_day_rollout_and_template,implemented; bounded-tests-only; full-numerical-evaluation-not-run
Q3-L2695,3.28,2695,### Step 5：求解 \(0{:}00\) 随机经济滚动模型,rolling.run_period;run.main;analysis.run_experiments,src/q3/rolling.py:187;src/q3/run.py:103;src/q3/analysis.py:136,命令行默认benchmark；full显式隔离；test_real_day_rollout_and_template,implemented; bounded-tests-only; full-numerical-evaluation-not-run
Q3-L2697,3.28,2697,得到,rolling.run_period;run.main;analysis.run_experiments,src/q3/rolling.py:187;src/q3/run.py:103;src/q3/analysis.py:136,命令行默认benchmark；full显式隔离；test_real_day_rollout_and_template,implemented; bounded-tests-only; full-numerical-evaluation-not-run
Q3-L2699,3.28,2699,\[,rolling.run_period;run.main;analysis.run_experiments,src/q3/rolling.py:187;src/q3/run.py:103;src/q3/analysis.py:136,命令行默认benchmark；full显式隔离；test_real_day_rollout_and_template,implemented; bounded-tests-only; full-numerical-evaluation-not-run
Q3-L2700,3.28,2700,"g^0,",rolling.run_period;run.main;analysis.run_experiments,src/q3/rolling.py:187;src/q3/run.py:103;src/q3/analysis.py:136,命令行默认benchmark；full显式隔离；test_real_day_rollout_and_template,implemented; bounded-tests-only; full-numerical-evaluation-not-run
Q3-L2701,3.28,2701,\qquad,rolling.run_period;run.main;analysis.run_experiments,src/q3/rolling.py:187;src/q3/run.py:103;src/q3/analysis.py:136,命令行默认benchmark；full显式隔离；test_real_day_rollout_and_template,implemented; bounded-tests-only; full-numerical-evaluation-not-run
Q3-L2702,3.28,2702,"\bar c^{(0)},",rolling.run_period;run.main;analysis.run_experiments,src/q3/rolling.py:187;src/q3/run.py:103;src/q3/analysis.py:136,命令行默认benchmark；full显式隔离；test_real_day_rollout_and_template,implemented; bounded-tests-only; full-numerical-evaluation-not-run
Q3-L2703,3.28,2703,\qquad,rolling.run_period;run.main;analysis.run_experiments,src/q3/rolling.py:187;src/q3/run.py:103;src/q3/analysis.py:136,命令行默认benchmark；full显式隔离；test_real_day_rollout_and_template,implemented; bounded-tests-only; full-numerical-evaluation-not-run
Q3-L2704,3.28,2704,"\bar r^{(0)},",rolling.run_period;run.main;analysis.run_experiments,src/q3/rolling.py:187;src/q3/run.py:103;src/q3/analysis.py:136,命令行默认benchmark；full显式隔离；test_real_day_rollout_and_template,implemented; bounded-tests-only; full-numerical-evaluation-not-run
Q3-L2705,3.28,2705,\],rolling.run_period;run.main;analysis.run_experiments,src/q3/rolling.py:187;src/q3/run.py:103;src/q3/analysis.py:136,命令行默认benchmark；full显式隔离；test_real_day_rollout_and_template,implemented; bounded-tests-only; full-numerical-evaluation-not-run
Q3-L2707,3.28,2707,"并使用因果历史有限差分标定的 \(\lambda_{E,0}\) 修正 24 h 末端效应。",rolling.run_period;run.main;analysis.run_experiments,src/q3/rolling.py:187;src/q3/run.py:103;src/q3/analysis.py:136,命令行默认benchmark；full显式隔离；test_real_day_rollout_and_template,implemented; bounded-tests-only; full-numerical-evaluation-not-run
Q3-L2709,3.28,2709,### Step 6：真实执行 \(0{:}00\sim6{:}00\),rolling.run_period;run.main;analysis.run_experiments,src/q3/rolling.py:187;src/q3/run.py:103;src/q3/analysis.py:136,命令行默认benchmark；full显式隔离；test_real_day_rollout_and_template,implemented; bounded-tests-only; full-numerical-evaluation-not-run
Q3-L2711,3.28,2711,使用附件 2 当前实际负荷、实际光伏和真实 SOC，按最近节点冻结的反馈参数逐 10 min 回放。代码中的当前 10 min 饱和反馈解释为第 3.20 节所述区间内实时因果反馈的聚合近似，并连续更新真实 SOC。,rolling.run_period;run.main;analysis.run_experiments,src/q3/rolling.py:187;src/q3/run.py:103;src/q3/analysis.py:136,命令行默认benchmark；full显式隔离；test_real_day_rollout_and_template,implemented; bounded-tests-only; full-numerical-evaluation-not-run
Q3-L2713,3.28,2713,### Step 7：\(6{:}00\) 更新,rolling.run_period;run.main;analysis.run_experiments,src/q3/rolling.py:187;src/q3/run.py:103;src/q3/analysis.py:136,命令行默认benchmark；full显式隔离；test_real_day_rollout_and_template,implemented; bounded-tests-only; full-numerical-evaluation-not-run
Q3-L2715,3.28,2715,读取,rolling.run_period;run.main;analysis.run_experiments,src/q3/rolling.py:187;src/q3/run.py:103;src/q3/analysis.py:136,命令行默认benchmark；full显式隔离；test_real_day_rollout_and_template,implemented; bounded-tests-only; full-numerical-evaluation-not-run
Q3-L2717,3.28,2717,\[,rolling.run_period;run.main;analysis.run_experiments,src/q3/rolling.py:187;src/q3/run.py:103;src/q3/analysis.py:136,命令行默认benchmark；full显式隔离；test_real_day_rollout_and_template,implemented; bounded-tests-only; full-numerical-evaluation-not-run
Q3-L2718,3.28,2718,"E_{d,6}^{\mathrm{real}},",rolling.run_period;run.main;analysis.run_experiments,src/q3/rolling.py:187;src/q3/run.py:103;src/q3/analysis.py:136,命令行默认benchmark；full显式隔离；test_real_day_rollout_and_template,implemented; bounded-tests-only; full-numerical-evaluation-not-run
Q3-L2719,3.28,2719,\qquad,rolling.run_period;run.main;analysis.run_experiments,src/q3/rolling.py:187;src/q3/run.py:103;src/q3/analysis.py:136,命令行默认benchmark；full显式隔离；test_real_day_rollout_and_template,implemented; bounded-tests-only; full-numerical-evaluation-not-run
Q3-L2720,3.28,2720,"\widehat P^{PV,6},",rolling.run_period;run.main;analysis.run_experiments,src/q3/rolling.py:187;src/q3/run.py:103;src/q3/analysis.py:136,命令行默认benchmark；full显式隔离；test_real_day_rollout_and_template,implemented; bounded-tests-only; full-numerical-evaluation-not-run
Q3-L2721,3.28,2721,\],rolling.run_period;run.main;analysis.run_experiments,src/q3/rolling.py:187;src/q3/run.py:103;src/q3/analysis.py:136,命令行默认benchmark；full显式隔离；test_real_day_rollout_and_template,implemented; bounded-tests-only; full-numerical-evaluation-not-run
Q3-L2723,3.28,2723,按照与当前 forecast-origin、horizon 和预测量级匹配的历史轨迹重新构造场景，并优化,rolling.run_period;run.main;analysis.run_experiments,src/q3/rolling.py:187;src/q3/run.py:103;src/q3/analysis.py:136,命令行默认benchmark；full显式隔离；test_real_day_rollout_and_template,implemented; bounded-tests-only; full-numerical-evaluation-not-run
Q3-L2725,3.28,2725,\[,rolling.run_period;run.main;analysis.run_experiments,src/q3/rolling.py:187;src/q3/run.py:103;src/q3/analysis.py:136,命令行默认benchmark；full显式隔离；test_real_day_rollout_and_template,implemented; bounded-tests-only; full-numerical-evaluation-not-run
Q3-L2726,3.28,2726,6{:}00\rightarrow\text{次日 }6{:}00.,rolling.run_period;run.main;analysis.run_experiments,src/q3/rolling.py:187;src/q3/run.py:103;src/q3/analysis.py:136,命令行默认benchmark；full显式隔离；test_real_day_rollout_and_template,implemented; bounded-tests-only; full-numerical-evaluation-not-run
Q3-L2727,3.28,2727,\],rolling.run_period;run.main;analysis.run_experiments,src/q3/rolling.py:187;src/q3/run.py:103;src/q3/analysis.py:136,命令行默认benchmark；full显式隔离；test_real_day_rollout_and_template,implemented; bounded-tests-only; full-numerical-evaluation-not-run
Q3-L2729,3.28,2729,"其中 \([6,12)\) 为 committed block，\([12,24)\) 为当天 look-ahead proxy，次日 \([0,6)\) 为 continuation proxy。只有 \([6,12)\) 的 adjustment cost 属于当前真实结算。",rolling.run_period;run.main;analysis.run_experiments,src/q3/rolling.py:187;src/q3/run.py:103;src/q3/analysis.py:136,命令行默认benchmark；full显式隔离；test_real_day_rollout_and_template,implemented; bounded-tests-only; full-numerical-evaluation-not-run
Q3-L2731,3.28,2731,"同时在完全相同的 \(E_{d,6}^{\mathrm{real}}\)、负荷预测和模型参数下，在旧、新两版预报共同覆盖的 \([6{:}00,\text{次日 }0{:}00)\) 18 h 时域内构造 stale-vs-updated 对照，用于计算 \(FIV_{d,6}^{B}\)。",rolling.run_period;run.main;analysis.run_experiments,src/q3/rolling.py:187;src/q3/run.py:103;src/q3/analysis.py:136,命令行默认benchmark；full显式隔离；test_real_day_rollout_and_template,implemented; bounded-tests-only; full-numerical-evaluation-not-run
Q3-L2733,3.28,2733,### Step 8：真实执行 \(6{:}00\sim12{:}00\),rolling.run_period;run.main;analysis.run_experiments,src/q3/rolling.py:187;src/q3/run.py:103;src/q3/analysis.py:136,命令行默认benchmark；full显式隔离；test_real_day_rollout_and_template,implemented; bounded-tests-only; full-numerical-evaluation-not-run
Q3-L2735,3.28,2735,只执行 updated 模型的 committed block，并更新真实 SOC；stale 分支只用于反事实信息价值评价，不改变主轨迹状态。,rolling.run_period;run.main;analysis.run_experiments,src/q3/rolling.py:187;src/q3/run.py:103;src/q3/analysis.py:136,命令行默认benchmark；full显式隔离；test_real_day_rollout_and_template,implemented; bounded-tests-only; full-numerical-evaluation-not-run
Q3-L2737,3.28,2737,### Step 9：\(12{:}00\) 更新,rolling.run_period;run.main;analysis.run_experiments,src/q3/rolling.py:187;src/q3/run.py:103;src/q3/analysis.py:136,命令行默认benchmark；full显式隔离；test_real_day_rollout_and_template,implemented; bounded-tests-only; full-numerical-evaluation-not-run
Q3-L2739,3.28,2739,读取 \(12{:}00\) 最新光伏预报并重新优化,rolling.run_period;run.main;analysis.run_experiments,src/q3/rolling.py:187;src/q3/run.py:103;src/q3/analysis.py:136,命令行默认benchmark；full显式隔离；test_real_day_rollout_and_template,implemented; bounded-tests-only; full-numerical-evaluation-not-run
Q3-L2741,3.28,2741,\[,rolling.run_period;run.main;analysis.run_experiments,src/q3/rolling.py:187;src/q3/run.py:103;src/q3/analysis.py:136,命令行默认benchmark；full显式隔离；test_real_day_rollout_and_template,implemented; bounded-tests-only; full-numerical-evaluation-not-run
Q3-L2742,3.28,2742,"12{:}00\rightarrow\text{次日 }12{:}00,",rolling.run_period;run.main;analysis.run_experiments,src/q3/rolling.py:187;src/q3/run.py:103;src/q3/analysis.py:136,命令行默认benchmark；full显式隔离；test_real_day_rollout_and_template,implemented; bounded-tests-only; full-numerical-evaluation-not-run
Q3-L2743,3.28,2743,\],rolling.run_period;run.main;analysis.run_experiments,src/q3/rolling.py:187;src/q3/run.py:103;src/q3/analysis.py:136,命令行默认benchmark；full显式隔离；test_real_day_rollout_and_template,implemented; bounded-tests-only; full-numerical-evaluation-not-run
Q3-L2745,3.28,2745,"其中 \([12,18)\) 为 committed block。以 \(6{:}00\) 旧预报与 \(12{:}00\) 新预报在共同覆盖的 \([12{:}00,\text{次日 }6{:}00)\) 18 h 时域内构造同状态对照，计算 \(FIV_{d,12}^{B}\)。",rolling.run_period;run.main;analysis.run_experiments,src/q3/rolling.py:187;src/q3/run.py:103;src/q3/analysis.py:136,命令行默认benchmark；full显式隔离；test_real_day_rollout_and_template,implemented; bounded-tests-only; full-numerical-evaluation-not-run
Q3-L2747,3.28,2747,### Step 10：\(18{:}00\) 更新,rolling.run_period;run.main;analysis.run_experiments,src/q3/rolling.py:187;src/q3/run.py:103;src/q3/analysis.py:136,命令行默认benchmark；full显式隔离；test_real_day_rollout_and_template,implemented; bounded-tests-only; full-numerical-evaluation-not-run
Q3-L2749,3.28,2749,读取 \(18{:}00\) 最新光伏预报并重新优化,rolling.run_period;run.main;analysis.run_experiments,src/q3/rolling.py:187;src/q3/run.py:103;src/q3/analysis.py:136,命令行默认benchmark；full显式隔离；test_real_day_rollout_and_template,implemented; bounded-tests-only; full-numerical-evaluation-not-run
Q3-L2751,3.28,2751,\[,rolling.run_period;run.main;analysis.run_experiments,src/q3/rolling.py:187;src/q3/run.py:103;src/q3/analysis.py:136,命令行默认benchmark；full显式隔离；test_real_day_rollout_and_template,implemented; bounded-tests-only; full-numerical-evaluation-not-run
Q3-L2752,3.28,2752,18{:}00\rightarrow\text{次日 }18{:}00.,rolling.run_period;run.main;analysis.run_experiments,src/q3/rolling.py:187;src/q3/run.py:103;src/q3/analysis.py:136,命令行默认benchmark；full显式隔离；test_real_day_rollout_and_template,implemented; bounded-tests-only; full-numerical-evaluation-not-run
Q3-L2753,3.28,2753,\],rolling.run_period;run.main;analysis.run_experiments,src/q3/rolling.py:187;src/q3/run.py:103;src/q3/analysis.py:136,命令行默认benchmark；full显式隔离；test_real_day_rollout_and_template,implemented; bounded-tests-only; full-numerical-evaluation-not-run
Q3-L2755,3.28,2755,"当天真正执行 \([18,24)\)。以 \(12{:}00\) 旧预报与 \(18{:}00\) 新预报在共同覆盖的 \([18{:}00,\text{次日 }12{:}00)\) 18 h 时域内构造同状态对照，分别记录 \([18,24)\) 的当日直接信息价值以及次日 \([0,12)\) 的跨日继续价值。",rolling.run_period;run.main;analysis.run_experiments,src/q3/rolling.py:187;src/q3/run.py:103;src/q3/analysis.py:136,命令行默认benchmark；full显式隔离；test_real_day_rollout_and_template,implemented; bounded-tests-only; full-numerical-evaluation-not-run
Q3-L2757,3.28,2757,### Step 11：跨日状态传递,rolling.run_period;run.main;analysis.run_experiments,src/q3/rolling.py:187;src/q3/run.py:103;src/q3/analysis.py:136,命令行默认benchmark；full显式隔离；test_real_day_rollout_and_template,implemented; bounded-tests-only; full-numerical-evaluation-not-run
Q3-L2759,3.28,2759,\[,rolling.run_period;run.main;analysis.run_experiments,src/q3/rolling.py:187;src/q3/run.py:103;src/q3/analysis.py:136,命令行默认benchmark；full显式隔离；test_real_day_rollout_and_template,implemented; bounded-tests-only; full-numerical-evaluation-not-run
Q3-L2760,3.28,2760,"E_{d+1,0}^{\mathrm{real}}",rolling.run_period;run.main;analysis.run_experiments,src/q3/rolling.py:187;src/q3/run.py:103;src/q3/analysis.py:136,命令行默认benchmark；full显式隔离；test_real_day_rollout_and_template,implemented; bounded-tests-only; full-numerical-evaluation-not-run
Q3-L2761,3.28,2761,=,rolling.run_period;run.main;analysis.run_experiments,src/q3/rolling.py:187;src/q3/run.py:103;src/q3/analysis.py:136,命令行默认benchmark；full显式隔离；test_real_day_rollout_and_template,implemented; bounded-tests-only; full-numerical-evaluation-not-run
Q3-L2762,3.28,2762,"E_{d,24}^{\mathrm{real}}.",rolling.run_period;run.main;analysis.run_experiments,src/q3/rolling.py:187;src/q3/run.py:103;src/q3/analysis.py:136,命令行默认benchmark；full显式隔离；test_real_day_rollout_and_template,implemented; bounded-tests-only; full-numerical-evaluation-not-run
Q3-L2763,3.28,2763,\],rolling.run_period;run.main;analysis.run_experiments,src/q3/rolling.py:187;src/q3/run.py:103;src/q3/analysis.py:136,命令行默认benchmark；full显式隔离；test_real_day_rollout_and_template,implemented; bounded-tests-only; full-numerical-evaluation-not-run
Q3-L2765,3.28,2765,### Step 12：真实费用与两层信息价值统计,rolling.run_period;run.main;analysis.run_experiments,src/q3/rolling.py:187;src/q3/run.py:103;src/q3/analysis.py:136,命令行默认benchmark；full显式隔离；test_real_day_rollout_and_template,implemented; bounded-tests-only; full-numerical-evaluation-not-run
Q3-L2767,3.28,2767,仅用最终有效量重新计算,rolling.run_period;run.main;analysis.run_experiments,src/q3/rolling.py:187;src/q3/run.py:103;src/q3/analysis.py:136,命令行默认benchmark；full显式隔离；test_real_day_rollout_and_template,implemented; bounded-tests-only; full-numerical-evaluation-not-run
Q3-L2769,3.28,2769,\[,rolling.run_period;run.main;analysis.run_experiments,src/q3/rolling.py:187;src/q3/run.py:103;src/q3/analysis.py:136,命令行默认benchmark；full显式隔离；test_real_day_rollout_and_template,implemented; bounded-tests-only; full-numerical-evaluation-not-run
Q3-L2770,3.28,2770,"C^{\mathrm{plan}},",rolling.run_period;run.main;analysis.run_experiments,src/q3/rolling.py:187;src/q3/run.py:103;src/q3/analysis.py:136,命令行默认benchmark；full显式隔离；test_real_day_rollout_and_template,implemented; bounded-tests-only; full-numerical-evaluation-not-run
Q3-L2771,3.28,2771,\quad,rolling.run_period;run.main;analysis.run_experiments,src/q3/rolling.py:187;src/q3/run.py:103;src/q3/analysis.py:136,命令行默认benchmark；full显式隔离；test_real_day_rollout_and_template,implemented; bounded-tests-only; full-numerical-evaluation-not-run
Q3-L2772,3.28,2772,"C^{\mathrm{adjust}},",rolling.run_period;run.main;analysis.run_experiments,src/q3/rolling.py:187;src/q3/run.py:103;src/q3/analysis.py:136,命令行默认benchmark；full显式隔离；test_real_day_rollout_and_template,implemented; bounded-tests-only; full-numerical-evaluation-not-run
Q3-L2773,3.28,2773,\quad,rolling.run_period;run.main;analysis.run_experiments,src/q3/rolling.py:187;src/q3/run.py:103;src/q3/analysis.py:136,命令行默认benchmark；full显式隔离；test_real_day_rollout_and_template,implemented; bounded-tests-only; full-numerical-evaluation-not-run
Q3-L2774,3.28,2774,"C^{\mathrm{em}},",rolling.run_period;run.main;analysis.run_experiments,src/q3/rolling.py:187;src/q3/run.py:103;src/q3/analysis.py:136,命令行默认benchmark；full显式隔离；test_real_day_rollout_and_template,implemented; bounded-tests-only; full-numerical-evaluation-not-run
Q3-L2775,3.28,2775,\quad,rolling.run_period;run.main;analysis.run_experiments,src/q3/rolling.py:187;src/q3/run.py:103;src/q3/analysis.py:136,命令行默认benchmark；full显式隔离；test_real_day_rollout_and_template,implemented; bounded-tests-only; full-numerical-evaluation-not-run
Q3-L2776,3.28,2776,C^{\mathrm{total}}.,rolling.run_period;run.main;analysis.run_experiments,src/q3/rolling.py:187;src/q3/run.py:103;src/q3/analysis.py:136,命令行默认benchmark；full显式隔离；test_real_day_rollout_and_template,implemented; bounded-tests-only; full-numerical-evaluation-not-run
Q3-L2777,3.28,2777,\],rolling.run_period;run.main;analysis.run_experiments,src/q3/rolling.py:187;src/q3/run.py:103;src/q3/analysis.py:136,命令行默认benchmark；full显式隔离；test_real_day_rollout_and_template,implemented; bounded-tests-only; full-numerical-evaluation-not-run
Q3-L2779,3.28,2779,同时累计,rolling.run_period;run.main;analysis.run_experiments,src/q3/rolling.py:187;src/q3/run.py:103;src/q3/analysis.py:136,命令行默认benchmark；full显式隔离；test_real_day_rollout_and_template,implemented; bounded-tests-only; full-numerical-evaluation-not-run
Q3-L2781,3.28,2781,\[,rolling.run_period;run.main;analysis.run_experiments,src/q3/rolling.py:187;src/q3/run.py:103;src/q3/analysis.py:136,命令行默认benchmark；full显式隔离；test_real_day_rollout_and_template,implemented; bounded-tests-only; full-numerical-evaluation-not-run
Q3-L2782,3.28,2782,"FIV_6^{B},\quad",rolling.run_period;run.main;analysis.run_experiments,src/q3/rolling.py:187;src/q3/run.py:103;src/q3/analysis.py:136,命令行默认benchmark；full显式隔离；test_real_day_rollout_and_template,implemented; bounded-tests-only; full-numerical-evaluation-not-run
Q3-L2783,3.28,2783,"FIV_{12}^{B},\quad",rolling.run_period;run.main;analysis.run_experiments,src/q3/rolling.py:187;src/q3/run.py:103;src/q3/analysis.py:136,命令行默认benchmark；full显式隔离；test_real_day_rollout_and_template,implemented; bounded-tests-only; full-numerical-evaluation-not-run
Q3-L2784,3.28,2784,"FIV_{18}^{\mathrm{day}},\quad",rolling.run_period;run.main;analysis.run_experiments,src/q3/rolling.py:187;src/q3/run.py:103;src/q3/analysis.py:136,命令行默认benchmark；full显式隔离；test_real_day_rollout_and_template,implemented; bounded-tests-only; full-numerical-evaluation-not-run
Q3-L2785,3.28,2785,FIV_{18}^{\mathrm{cont}}.,rolling.run_period;run.main;analysis.run_experiments,src/q3/rolling.py:187;src/q3/run.py:103;src/q3/analysis.py:136,命令行默认benchmark；full显式隔离；test_real_day_rollout_and_template,implemented; bounded-tests-only; full-numerical-evaluation-not-run
Q3-L2786,3.28,2786,\],rolling.run_period;run.main;analysis.run_experiments,src/q3/rolling.py:187;src/q3/run.py:103;src/q3/analysis.py:136,命令行默认benchmark；full显式隔离；test_real_day_rollout_and_template,implemented; bounded-tests-only; full-numerical-evaluation-not-run
Q3-L2788,3.28,2788,另外完成,rolling.run_period;run.main;analysis.run_experiments,src/q3/rolling.py:187;src/q3/run.py:103;src/q3/analysis.py:136,命令行默认benchmark；full显式隔离；test_real_day_rollout_and_template,implemented; bounded-tests-only; full-numerical-evaluation-not-run
Q3-L2790,3.28,2790,\[,rolling.run_period;run.main;analysis.run_experiments,src/q3/rolling.py:187;src/q3/run.py:103;src/q3/analysis.py:136,命令行默认benchmark；full显式隔离；test_real_day_rollout_and_template,implemented; bounded-tests-only; full-numerical-evaluation-not-run
Q3-L2791,3.28,2791,"\{0\},\quad",rolling.run_period;run.main;analysis.run_experiments,src/q3/rolling.py:187;src/q3/run.py:103;src/q3/analysis.py:136,命令行默认benchmark；full显式隔离；test_real_day_rollout_and_template,implemented; bounded-tests-only; full-numerical-evaluation-not-run
Q3-L2792,3.28,2792,"\{0,6\},\quad",rolling.run_period;run.main;analysis.run_experiments,src/q3/rolling.py:187;src/q3/run.py:103;src/q3/analysis.py:136,命令行默认benchmark；full显式隔离；test_real_day_rollout_and_template,implemented; bounded-tests-only; full-numerical-evaluation-not-run
Q3-L2793,3.28,2793,"\{0,6,12\},\quad",rolling.run_period;run.main;analysis.run_experiments,src/q3/rolling.py:187;src/q3/run.py:103;src/q3/analysis.py:136,命令行默认benchmark；full显式隔离；test_real_day_rollout_and_template,implemented; bounded-tests-only; full-numerical-evaluation-not-run
Q3-L2794,3.28,2794,"\{0,6,12,18\}",rolling.run_period;run.main;analysis.run_experiments,src/q3/rolling.py:187;src/q3/run.py:103;src/q3/analysis.py:136,命令行默认benchmark；full显式隔离；test_real_day_rollout_and_template,implemented; bounded-tests-only; full-numerical-evaluation-not-run
Q3-L2795,3.28,2795,\],rolling.run_period;run.main;analysis.run_experiments,src/q3/rolling.py:187;src/q3/run.py:103;src/q3/analysis.py:136,命令行默认benchmark；full显式隔离；test_real_day_rollout_and_template,implemented; bounded-tests-only; full-numerical-evaluation-not-run
Q3-L2797,3.28,2797,四种更新时间集合的统一真实回放，计算,rolling.run_period;run.main;analysis.run_experiments,src/q3/rolling.py:187;src/q3/run.py:103;src/q3/analysis.py:136,命令行默认benchmark；full显式隔离；test_real_day_rollout_and_template,implemented; bounded-tests-only; full-numerical-evaluation-not-run
Q3-L2799,3.28,2799,\[,rolling.run_period;run.main;analysis.run_experiments,src/q3/rolling.py:187;src/q3/run.py:103;src/q3/analysis.py:136,命令行默认benchmark；full显式隔离；test_real_day_rollout_and_template,implemented; bounded-tests-only; full-numerical-evaluation-not-run
Q3-L2800,3.28,2800,"OUV_6,\quad OUV_{12},\quad OUV_{18}",rolling.run_period;run.main;analysis.run_experiments,src/q3/rolling.py:187;src/q3/run.py:103;src/q3/analysis.py:136,命令行默认benchmark；full显式隔离；test_real_day_rollout_and_template,implemented; bounded-tests-only; full-numerical-evaluation-not-run
Q3-L2801,3.28,2801,\],rolling.run_period;run.main;analysis.run_experiments,src/q3/rolling.py:187;src/q3/run.py:103;src/q3/analysis.py:136,命令行默认benchmark；full显式隔离；test_real_day_rollout_and_template,implemented; bounded-tests-only; full-numerical-evaluation-not-run
Q3-L2803,3.28,2803,及逐日 paired cost difference。,rolling.run_period;run.main;analysis.run_experiments,src/q3/rolling.py:187;src/q3/run.py:103;src/q3/analysis.py:136,命令行默认benchmark；full显式隔离；test_real_day_rollout_and_template,implemented; bounded-tests-only; full-numerical-evaluation-not-run
Q3-L2805,3.28,2805,### Step 13：模型验证,rolling.run_period;run.main;analysis.run_experiments,src/q3/rolling.py:187;src/q3/run.py:103;src/q3/analysis.py:136,命令行默认benchmark；full显式隔离；test_real_day_rollout_and_template,implemented; bounded-tests-only; full-numerical-evaluation-not-run
Q3-L2807,3.28,2807,全年比较确定性滚动 \(M_0\) 与冻结随机滚动主模型 \(M_1\)。另选覆盖常规工况与高风险工况的分层 stress-test 日期，按第 3.23 节用阶段条件聚类构造至多 \(2\times2\times2\) 的缩减四阶段随机规划 \(M_2\)，比较 \(M_1\) 与 \(M_2\) 的真实成本差。,rolling.run_period;run.main;analysis.run_experiments,src/q3/rolling.py:187;src/q3/run.py:103;src/q3/analysis.py:136,命令行默认benchmark；full显式隔离；test_real_day_rollout_and_template,implemented; bounded-tests-only; full-numerical-evaluation-not-run
Q3-L2809,3.28,2809,\(M_2\) 只用于 ex-post 诊断，不得根据其结果反向修改 \(M_1\) 或重新挑选正式参数。,rolling.run_period;run.main;analysis.run_experiments,src/q3/rolling.py:187;src/q3/run.py:103;src/q3/analysis.py:136,命令行默认benchmark；full显式隔离；test_real_day_rollout_and_template,implemented; bounded-tests-only; full-numerical-evaluation-not-run
Q3-L2811,3.28,2811,### Step 14：事后稳健性检查,rolling.run_period;run.main;analysis.run_experiments,src/q3/rolling.py:187;src/q3/run.py:103;src/q3/analysis.py:136,命令行默认benchmark；full显式隔离；test_real_day_rollout_and_template,implemented; bounded-tests-only; full-numerical-evaluation-not-run
Q3-L2813,3.28,2813,在不重新选择基准模型的前提下，依次检查：,rolling.run_period;run.main;analysis.run_experiments,src/q3/rolling.py:187;src/q3/run.py:103;src/q3/analysis.py:136,命令行默认benchmark；full显式隔离；test_real_day_rollout_and_template,implemented; bounded-tests-only; full-numerical-evaluation-not-run
Q3-L2815,3.28,2815,"- \(S\in\{10,20,30\}\)；",rolling.run_period;run.main;analysis.run_experiments,src/q3/rolling.py:187;src/q3/run.py:103;src/q3/analysis.py:136,命令行默认benchmark；full显式隔离；test_real_day_rollout_and_template,implemented; bounded-tests-only; full-numerical-evaluation-not-run
Q3-L2816,3.28,2816,"- \(S_{\mathrm{tail}}\in\{0,2,4\}\)；",rolling.run_period;run.main;analysis.run_experiments,src/q3/rolling.py:187;src/q3/run.py:103;src/q3/analysis.py:136,命令行默认benchmark；full显式隔离；test_real_day_rollout_and_template,implemented; bounded-tests-only; full-numerical-evaluation-not-run
Q3-L2817,3.28,2817,- 近期条件历史池 vs 全部历史无条件池；,rolling.run_period;run.main;analysis.run_experiments,src/q3/rolling.py:187;src/q3/run.py:103;src/q3/analysis.py:136,命令行默认benchmark；full显式隔离；test_real_day_rollout_and_template,implemented; bounded-tests-only; full-numerical-evaluation-not-run
Q3-L2818,3.28,2818,"- \(0.8\lambda_E,\lambda_E,1.2\lambda_E\)；",rolling.run_period;run.main;analysis.run_experiments,src/q3/rolling.py:187;src/q3/run.py:103;src/q3/analysis.py:136,命令行默认benchmark；full显式隔离；test_real_day_rollout_and_template,implemented; bounded-tests-only; full-numerical-evaluation-not-run
Q3-L2819,3.28,2819,- 线性插值 vs PCHIP；,rolling.run_period;run.main;analysis.run_experiments,src/q3/rolling.py:187;src/q3/run.py:103;src/q3/analysis.py:136,命令行默认benchmark；full显式隔离；test_real_day_rollout_and_template,implemented; bounded-tests-only; full-numerical-evaluation-not-run
Q3-L2820,3.28,2820,- 当前区间聚合反馈 vs 严格 lag-one-slot 反馈；,rolling.run_period;run.main;analysis.run_experiments,src/q3/rolling.py:187;src/q3/run.py:103;src/q3/analysis.py:136,命令行默认benchmark；full显式隔离；test_real_day_rollout_and_template,implemented; bounded-tests-only; full-numerical-evaluation-not-run
Q3-L2821,3.28,2821,- 主结算口径 vs 重新求解后的 sequential settlement。,rolling.run_period;run.main;analysis.run_experiments,src/q3/rolling.py:187;src/q3/run.py:103;src/q3/analysis.py:136,命令行默认benchmark；full显式隔离；test_real_day_rollout_and_template,implemented; bounded-tests-only; full-numerical-evaluation-not-run
Q3-L2823,3.28,2823,检查全年真实总成本、紧急购电量及 \(FIV/OUV\) 排序是否稳定。,rolling.run_period;run.main;analysis.run_experiments,src/q3/rolling.py:187;src/q3/run.py:103;src/q3/analysis.py:136,命令行默认benchmark；full显式隔离；test_real_day_rollout_and_template,implemented; bounded-tests-only; full-numerical-evaluation-not-run
Q3-L2825,3.28,2825,---,rolling.run_period;run.main;analysis.run_experiments,src/q3/rolling.py:187;src/q3/run.py:103;src/q3/analysis.py:136,命令行默认benchmark；full显式隔离；test_real_day_rollout_and_template,implemented; bounded-tests-only; full-numerical-evaluation-not-run
Q3-L2827,3.29,2827,# 3.29 模型总结,run.main;analysis.run_experiments,src/q3/run.py:103;src/q3/analysis.py:136,整体结构总结，数值结论等待授权全量后按实际结果生成,implemented; bounded-tests-only; full-numerical-evaluation-not-run
Q3-L2829,3.29,2829,第三问最终形成如下逻辑链：,run.main;analysis.run_experiments,src/q3/run.py:103;src/q3/analysis.py:136,整体结构总结，数值结论等待授权全量后按实际结果生成,implemented; bounded-tests-only; full-numerical-evaluation-not-run
Q3-L2831,3.29,2831,\[,run.main;analysis.run_experiments,src/q3/run.py:103;src/q3/analysis.py:136,整体结构总结，数值结论等待授权全量后按实际结果生成,implemented; bounded-tests-only; full-numerical-evaluation-not-run
Q3-L2832,3.29,2832,\boxed{,run.main;analysis.run_experiments,src/q3/run.py:103;src/q3/analysis.py:136,整体结构总结，数值结论等待授权全量后按实际结果生成,implemented; bounded-tests-only; full-numerical-evaluation-not-run
Q3-L2833,3.29,2833,\begin{aligned},run.main;analysis.run_experiments,src/q3/run.py:103;src/q3/analysis.py:136,整体结构总结，数值结论等待授权全量后按实际结果生成,implemented; bounded-tests-only; full-numerical-evaluation-not-run
Q3-L2834,3.29,2834,&\text{2025年1月因果预热：SOC推进 + 历史误差积累},run.main;analysis.run_experiments,src/q3/run.py:103;src/q3/analysis.py:136,整体结构总结，数值结论等待授权全量后按实际结果生成,implemented; bounded-tests-only; full-numerical-evaluation-not-run
Q3-L2835,3.29,2835,\\,run.main;analysis.run_experiments,src/q3/run.py:103;src/q3/analysis.py:136,整体结构总结，数值结论等待授权全量后按实际结果生成,implemented; bounded-tests-only; full-numerical-evaluation-not-run
Q3-L2836,3.29,2836,\rightarrow\;&,run.main;analysis.run_experiments,src/q3/run.py:103;src/q3/analysis.py:136,整体结构总结，数值结论等待授权全量后按实际结果生成,implemented; bounded-tests-only; full-numerical-evaluation-not-run
Q3-L2837,3.29,2837,\text{Q2 因果负荷预测},run.main;analysis.run_experiments,src/q3/run.py:103;src/q3/analysis.py:136,整体结构总结，数值结论等待授权全量后按实际结果生成,implemented; bounded-tests-only; full-numerical-evaluation-not-run
Q3-L2838,3.29,2838,\\,run.main;analysis.run_experiments,src/q3/run.py:103;src/q3/analysis.py:136,整体结构总结，数值结论等待授权全量后按实际结果生成,implemented; bounded-tests-only; full-numerical-evaluation-not-run
Q3-L2839,3.29,2839,\rightarrow\;&,run.main;analysis.run_experiments,src/q3/run.py:103;src/q3/analysis.py:136,整体结构总结，数值结论等待授权全量后按实际结果生成,implemented; bounded-tests-only; full-numerical-evaluation-not-run
Q3-L2840,3.29,2840,\text{附件3四时点光伏预报时间对齐与10 min插值},run.main;analysis.run_experiments,src/q3/run.py:103;src/q3/analysis.py:136,整体结构总结，数值结论等待授权全量后按实际结果生成,implemented; bounded-tests-only; full-numerical-evaluation-not-run
Q3-L2841,3.29,2841,\\,run.main;analysis.run_experiments,src/q3/run.py:103;src/q3/analysis.py:136,整体结构总结，数值结论等待授权全量后按实际结果生成,implemented; bounded-tests-only; full-numerical-evaluation-not-run
Q3-L2842,3.29,2842,\rightarrow\;&,run.main;analysis.run_experiments,src/q3/run.py:103;src/q3/analysis.py:136,整体结构总结，数值结论等待授权全量后按实际结果生成,implemented; bounded-tests-only; full-numerical-evaluation-not-run
Q3-L2843,3.29,2843,\text{forecast-origin}\times\text{horizon 联合历史误差轨迹},run.main;analysis.run_experiments,src/q3/run.py:103;src/q3/analysis.py:136,整体结构总结，数值结论等待授权全量后按实际结果生成,implemented; bounded-tests-only; full-numerical-evaluation-not-run
Q3-L2844,3.29,2844,\\,run.main;analysis.run_experiments,src/q3/run.py:103;src/q3/analysis.py:136,整体结构总结，数值结论等待授权全量后按实际结果生成,implemented; bounded-tests-only; full-numerical-evaluation-not-run
Q3-L2845,3.29,2845,\rightarrow\;&,run.main;analysis.run_experiments,src/q3/run.py:103;src/q3/analysis.py:136,整体结构总结，数值结论等待授权全量后按实际结果生成,implemented; bounded-tests-only; full-numerical-evaluation-not-run
Q3-L2846,3.29,2846,\text{近期优先 + 预测量级匹配的因果历史池},run.main;analysis.run_experiments,src/q3/run.py:103;src/q3/analysis.py:136,整体结构总结，数值结论等待授权全量后按实际结果生成,implemented; bounded-tests-only; full-numerical-evaluation-not-run
Q3-L2847,3.29,2847,\\,run.main;analysis.run_experiments,src/q3/run.py:103;src/q3/analysis.py:136,整体结构总结，数值结论等待授权全量后按实际结果生成,implemented; bounded-tests-only; full-numerical-evaluation-not-run
Q3-L2848,3.29,2848,\rightarrow\;&,run.main;analysis.run_experiments,src/q3/run.py:103;src/q3/analysis.py:136,整体结构总结，数值结论等待授权全量后按实际结果生成,implemented; bounded-tests-only; full-numerical-evaluation-not-run
Q3-L2849,3.29,2849,\text{尾部保持 }k\text{-medoids 场景缩减},run.main;analysis.run_experiments,src/q3/run.py:103;src/q3/analysis.py:136,整体结构总结，数值结论等待授权全量后按实际结果生成,implemented; bounded-tests-only; full-numerical-evaluation-not-run
Q3-L2850,3.29,2850,\\,run.main;analysis.run_experiments,src/q3/run.py:103;src/q3/analysis.py:136,整体结构总结，数值结论等待授权全量后按实际结果生成,implemented; bounded-tests-only; full-numerical-evaluation-not-run
Q3-L2851,3.29,2851,\rightarrow\;&,run.main;analysis.run_experiments,src/q3/run.py:103;src/q3/analysis.py:136,整体结构总结，数值结论等待授权全量后按实际结果生成,implemented; bounded-tests-only; full-numerical-evaluation-not-run
Q3-L2852,3.29,2852,\text{Scenario-Based Stochastic Economic MPC},run.main;analysis.run_experiments,src/q3/run.py:103;src/q3/analysis.py:136,整体结构总结，数值结论等待授权全量后按实际结果生成,implemented; bounded-tests-only; full-numerical-evaluation-not-run
Q3-L2853,3.29,2853,\\,run.main;analysis.run_experiments,src/q3/run.py:103;src/q3/analysis.py:136,整体结构总结，数值结论等待授权全量后按实际结果生成,implemented; bounded-tests-only; full-numerical-evaluation-not-run
Q3-L2854,3.29,2854,\rightarrow\;&,run.main;analysis.run_experiments,src/q3/run.py:103;src/q3/analysis.py:136,整体结构总结，数值结论等待授权全量后按实际结果生成,implemented; bounded-tests-only; full-numerical-evaluation-not-run
Q3-L2855,3.29,2855,\text{6 h committed block + 24 h continuation look-ahead},run.main;analysis.run_experiments,src/q3/run.py:103;src/q3/analysis.py:136,整体结构总结，数值结论等待授权全量后按实际结果生成,implemented; bounded-tests-only; full-numerical-evaluation-not-run
Q3-L2856,3.29,2856,\\,run.main;analysis.run_experiments,src/q3/run.py:103;src/q3/analysis.py:136,整体结构总结，数值结论等待授权全量后按实际结果生成,implemented; bounded-tests-only; full-numerical-evaluation-not-run
Q3-L2857,3.29,2857,\rightarrow\;&,run.main;analysis.run_experiments,src/q3/run.py:103;src/q3/analysis.py:136,整体结构总结，数值结论等待授权全量后按实际结果生成,implemented; bounded-tests-only; full-numerical-evaluation-not-run
Q3-L2858,3.29,2858,\text{非对称 adjustment settlement + 参数化因果储能反馈},run.main;analysis.run_experiments,src/q3/run.py:103;src/q3/analysis.py:136,整体结构总结，数值结论等待授权全量后按实际结果生成,implemented; bounded-tests-only; full-numerical-evaluation-not-run
Q3-L2859,3.29,2859,\\,run.main;analysis.run_experiments,src/q3/run.py:103;src/q3/analysis.py:136,整体结构总结，数值结论等待授权全量后按实际结果生成,implemented; bounded-tests-only; full-numerical-evaluation-not-run
Q3-L2860,3.29,2860,\rightarrow\;&,run.main;analysis.run_experiments,src/q3/run.py:103;src/q3/analysis.py:136,整体结构总结，数值结论等待授权全量后按实际结果生成,implemented; bounded-tests-only; full-numerical-evaluation-not-run
Q3-L2861,3.29,2861,\text{区间内实时反馈的10 min聚合回放 + 跨日SOC连续},run.main;analysis.run_experiments,src/q3/run.py:103;src/q3/analysis.py:136,整体结构总结，数值结论等待授权全量后按实际结果生成,implemented; bounded-tests-only; full-numerical-evaluation-not-run
Q3-L2862,3.29,2862,\\,run.main;analysis.run_experiments,src/q3/run.py:103;src/q3/analysis.py:136,整体结构总结，数值结论等待授权全量后按实际结果生成,implemented; bounded-tests-only; full-numerical-evaluation-not-run
Q3-L2863,3.29,2863,\rightarrow\;&,run.main;analysis.run_experiments,src/q3/run.py:103;src/q3/analysis.py:136,整体结构总结，数值结论等待授权全量后按实际结果生成,implemented; bounded-tests-only; full-numerical-evaluation-not-run
Q3-L2864,3.29,2864,\text{纯预报信息价值 FIV + 综合更新价值 OUV},run.main;analysis.run_experiments,src/q3/run.py:103;src/q3/analysis.py:136,整体结构总结，数值结论等待授权全量后按实际结果生成,implemented; bounded-tests-only; full-numerical-evaluation-not-run
Q3-L2865,3.29,2865,\\,run.main;analysis.run_experiments,src/q3/run.py:103;src/q3/analysis.py:136,整体结构总结，数值结论等待授权全量后按实际结果生成,implemented; bounded-tests-only; full-numerical-evaluation-not-run
Q3-L2866,3.29,2866,\rightarrow\;&,run.main;analysis.run_experiments,src/q3/run.py:103;src/q3/analysis.py:136,整体结构总结，数值结论等待授权全量后按实际结果生成,implemented; bounded-tests-only; full-numerical-evaluation-not-run
Q3-L2867,3.29,2867,\text{确定性消融 + 阶段条件四阶段 }M_2\text{ benchmark},run.main;analysis.run_experiments,src/q3/run.py:103;src/q3/analysis.py:136,整体结构总结，数值结论等待授权全量后按实际结果生成,implemented; bounded-tests-only; full-numerical-evaluation-not-run
Q3-L2868,3.29,2868,\\,run.main;analysis.run_experiments,src/q3/run.py:103;src/q3/analysis.py:136,整体结构总结，数值结论等待授权全量后按实际结果生成,implemented; bounded-tests-only; full-numerical-evaluation-not-run
Q3-L2869,3.29,2869,\rightarrow\;&,run.main;analysis.run_experiments,src/q3/run.py:103;src/q3/analysis.py:136,整体结构总结，数值结论等待授权全量后按实际结果生成,implemented; bounded-tests-only; full-numerical-evaluation-not-run
Q3-L2870,3.29,2870,\text{参数、执行时序与结算口径稳健性分析}.,run.main;analysis.run_experiments,src/q3/run.py:103;src/q3/analysis.py:136,整体结构总结，数值结论等待授权全量后按实际结果生成,implemented; bounded-tests-only; full-numerical-evaluation-not-run
Q3-L2871,3.29,2871,\end{aligned},run.main;analysis.run_experiments,src/q3/run.py:103;src/q3/analysis.py:136,整体结构总结，数值结论等待授权全量后按实际结果生成,implemented; bounded-tests-only; full-numerical-evaluation-not-run
Q3-L2872,3.29,2872,},run.main;analysis.run_experiments,src/q3/run.py:103;src/q3/analysis.py:136,整体结构总结，数值结论等待授权全量后按实际结果生成,implemented; bounded-tests-only; full-numerical-evaluation-not-run
Q3-L2873,3.29,2873,\],run.main;analysis.run_experiments,src/q3/run.py:103;src/q3/analysis.py:136,整体结构总结，数值结论等待授权全量后按实际结果生成,implemented; bounded-tests-only; full-numerical-evaluation-not-run
Q3-L2875,3.29,2875,第三问最值得强调的不是某个算法名称，而是以下五个题目驱动结构。,run.main;analysis.run_experiments,src/q3/run.py:103;src/q3/analysis.py:136,整体结构总结，数值结论等待授权全量后按实际结果生成,implemented; bounded-tests-only; full-numerical-evaluation-not-run
Q3-L2877,3.29,2877,第一，**动态信息与交易结算一致**。四个 forecast update 节点采用 6 h committed block 与后续 look-ahead proxy 分离，避免把尚未真正执行的临时方案误计为已经发生的 adjustment cost；最终真实费用只由交付前最终生效购电量重新计算。,run.main;analysis.run_experiments,src/q3/run.py:103;src/q3/analysis.py:136,整体结构总结，数值结论等待授权全量后按实际结果生成,implemented; bounded-tests-only; full-numerical-evaluation-not-run
Q3-L2879,3.29,2879,第二，**不确定性场景严格遵守信息边界**。负荷残差来自 rolling-origin 样本外预测，光伏误差按 forecast-origin × horizon 匹配；场景池只使用当时以前已经完整实现的数据，并通过近期优先和预测光伏量级匹配减轻季节及尺度异方差；tail-preserving reduction 显式保留高正向净负荷误差。,run.main;analysis.run_experiments,src/q3/run.py:103;src/q3/analysis.py:136,整体结构总结，数值结论等待授权全量后按实际结果生成,implemented; bounded-tests-only; full-numerical-evaluation-not-run
Q3-L2881,3.29,2881,第三，**储能反馈与数据分辨率的关系被明确区分**。节点之间不重新优化，而由最近节点冻结的反馈参数执行；当前代码中的 10 min 饱和反馈被解释为区间内实时因果反馈的聚合近似，不再把完整 10 min 平均净负荷误写成区间起点已知量，并以严格 lag-one-slot 模型进行保守敏感性检查。,run.main;analysis.run_experiments,src/q3/run.py:103;src/q3/analysis.py:136,整体结构总结，数值结论等待授权全量后按实际结果生成,implemented; bounded-tests-only; full-numerical-evaluation-not-run
Q3-L2883,3.29,2883,第四，**滚动主模型与多阶段 benchmark 的角色清晰**。\(M_1\) 是进入 2--12 月评价前冻结的全年主模型；\(M_2\) 用阶段条件聚类构造小规模四阶段树，只作为 ex-post benchmark，不允许利用测试期结果反向重新选择主模型。这样既避免完整场景树的规模爆炸，也避免把连续预测轨迹错误地当成独立早期节点造成 perfect-information 偏差。,run.main;analysis.run_experiments,src/q3/run.py:103;src/q3/analysis.py:136,整体结构总结，数值结论等待授权全量后按实际结果生成,implemented; bounded-tests-only; full-numerical-evaluation-not-run
Q3-L2885,3.29,2885,第五，**将“新预报本身的价值”和“开放更新节点的综合价值”分离**。stale-vs-updated 对照给出 \(FIV_k\)，更新时间集合对照给出 \(OUV_k\)；18:00 节点进一步区分当日直接价值与跨日 SOC 继续价值，避免把夜间几乎为零的光伏修正与次日信息价值混为一谈。,run.main;analysis.run_experiments,src/q3/run.py:103;src/q3/analysis.py:136,整体结构总结，数值结论等待授权全量后按实际结果生成,implemented; bounded-tests-only; full-numerical-evaluation-not-run
Q3-L2887,3.29,2887,最终通过,run.main;analysis.run_experiments,src/q3/run.py:103;src/q3/analysis.py:136,整体结构总结，数值结论等待授权全量后按实际结果生成,implemented; bounded-tests-only; full-numerical-evaluation-not-run
Q3-L2889,3.29,2889,\[,run.main;analysis.run_experiments,src/q3/run.py:103;src/q3/analysis.py:136,整体结构总结，数值结论等待授权全量后按实际结果生成,implemented; bounded-tests-only; full-numerical-evaluation-not-run
Q3-L2890,3.29,2890,\boxed{,run.main;analysis.run_experiments,src/q3/run.py:103;src/q3/analysis.py:136,整体结构总结，数值结论等待授权全量后按实际结果生成,implemented; bounded-tests-only; full-numerical-evaluation-not-run
Q3-L2891,3.29,2891,\text{预测误差变化},run.main;analysis.run_experiments,src/q3/run.py:103;src/q3/analysis.py:136,整体结构总结，数值结论等待授权全量后按实际结果生成,implemented; bounded-tests-only; full-numerical-evaluation-not-run
Q3-L2892,3.29,2892,\rightarrow,run.main;analysis.run_experiments,src/q3/run.py:103;src/q3/analysis.py:136,整体结构总结，数值结论等待授权全量后按实际结果生成,implemented; bounded-tests-only; full-numerical-evaluation-not-run
Q3-L2893,3.29,2893,\text{FIV},run.main;analysis.run_experiments,src/q3/run.py:103;src/q3/analysis.py:136,整体结构总结，数值结论等待授权全量后按实际结果生成,implemented; bounded-tests-only; full-numerical-evaluation-not-run
Q3-L2894,3.29,2894,\rightarrow,run.main;analysis.run_experiments,src/q3/run.py:103;src/q3/analysis.py:136,整体结构总结，数值结论等待授权全量后按实际结果生成,implemented; bounded-tests-only; full-numerical-evaluation-not-run
Q3-L2895,3.29,2895,\text{OUV},run.main;analysis.run_experiments,src/q3/run.py:103;src/q3/analysis.py:136,整体结构总结，数值结论等待授权全量后按实际结果生成,implemented; bounded-tests-only; full-numerical-evaluation-not-run
Q3-L2896,3.29,2896,\rightarrow,run.main;analysis.run_experiments,src/q3/run.py:103;src/q3/analysis.py:136,整体结构总结，数值结论等待授权全量后按实际结果生成,implemented; bounded-tests-only; full-numerical-evaluation-not-run
Q3-L2897,3.29,2897,\text{真实购电成本与紧急购电变化},run.main;analysis.run_experiments,src/q3/run.py:103;src/q3/analysis.py:136,整体结构总结，数值结论等待授权全量后按实际结果生成,implemented; bounded-tests-only; full-numerical-evaluation-not-run
Q3-L2898,3.29,2898,},run.main;analysis.run_experiments,src/q3/run.py:103;src/q3/analysis.py:136,整体结构总结，数值结论等待授权全量后按实际结果生成,implemented; bounded-tests-only; full-numerical-evaluation-not-run
Q3-L2899,3.29,2899,\],run.main;analysis.run_experiments,src/q3/run.py:103;src/q3/analysis.py:136,整体结构总结，数值结论等待授权全量后按实际结果生成,implemented; bounded-tests-only; full-numerical-evaluation-not-run
Q3-L2901,3.29,2901,回答题目“是否需要引入其他时刻预报制定调整购电策略”，并通过 \(M_0/M_1/M_2\)、场景规模、尾部保持、历史池、终端价值、10 min 执行假设及替代结算口径的多层验证，检查核心结论是否依赖特定建模选择。,run.main;analysis.run_experiments,src/q3/run.py:103;src/q3/analysis.py:136,整体结构总结，数值结论等待授权全量后按实际结果生成,implemented; bounded-tests-only; full-numerical-evaluation-not-run
